datetime,year,month,day,hour,system:time_start,temp_c,wind_speed,pressure_kpa,solar_rad,precip,soil_moisture,ndvi,modis_et_mm
2012-01-01 00:00:00,2012,1,1,0,1325376000,12.730098828386506,3.97018600085368,99.39126351523652,0.8529423871220246,0.0,0.08,0.3148873861937578,2.2616700362918114
2012-01-01 06:00:00,2012,1,1,6,1325397600,16.775240806888803,6.874418847291285,99.71700269111071,0.07885949998978636,0.0,0.09655393354261067,0.3166127072510407,2.7113272077057284
2012-01-01 12:00:00,2012,1,1,12,1325419200,21.84967037045093,4.790624921341001,99.30066229971676,13.704884363475689,0.0,0.08,0.35599421252310387,4.775918500908746
2012-01-01 18:00:00,2012,1,1,18,1325440800,19.94675186126024,11.859508695766287,99.89934141848094,0.7829060792731615,0.0,0.08,0.3204085715045564,3.4581230046656066
2012-01-02 00:00:00,2012,1,2,0,1325462400,13.649248342143803,4.4067735166472355,99.44023757779819,0.2040618658404797,0.0,0.08,0.2587000962845117,2.150336849395523
2012-01-02 06:00:00,2012,1,2,6,1325484000,16.35881605648857,3.784995371947486,99.63301397151236,0.9604344157383742,0.0,0.08,0.34731818597859515,3.2153158235341954
2012-01-02 12:00:00,2012,1,2,12,1325505600,24.544756931226974,4.413276298452464,99.64972476651246,13.607200137195933,0.0,0.08,0.36052608124072766,4.901860111418842
2012-01-02 18:00:00,2012,1,2,18,1325527200,18.508437595678544,5.46130865917671,99.362190312211,0.577528524807294,0.0,0.08,0.26012414146149715,2.385658367812012
2012-01-03 00:00:00,2012,1,3,0,1325548800,15.43023176739106,3.71012030879956,99.79364220140192,0.6799504324221509,0.0,0.08,0.3330026544544651,3.0861272033474965
2012-01-03 06:00:00,2012,1,3,6,1325570400,19.104027800749023,4.194577431953976,99.10835525409821,0.07088458437593925,0.0,0.08,0.34779563591603885,2.8718071854565346
2012-01-03 12:00:00,2012,1,3,12,1325592000,24.030069452311395,8.496258825462846,99.08014353063642,13.150220262464233,0.0,0.08,0.3085047471728989,5.101680641524287
2012-01-03 18:00:00,2012,1,3,18,1325613600,16.625261807138045,7.044603286863232,99.52325996303544,0.11039562134607445,0.0,0.08,0.264755249249416,2.685270890229726
2012-01-04 00:00:00,2012,1,4,0,1325635200,15.633091107005557,8.777225602658799,99.73177358954395,0.4172471531264962,0.0,0.08,0.2889114232724987,2.7198856863449254
2012-01-04 06:00:00,2012,1,4,6,1325656800,18.156132276814024,7.305584780617297,99.99361264815835,0.13836555084566837,0.0,0.08,0.3204571691769696,3.14810265460795
2012-01-04 12:00:00,2012,1,4,12,1325678400,26.717774776007108,7.702232277605647,99.59072264684775,13.52470687460808,0.0,0.08,0.29829139348263073,5.27593261314712
2012-01-04 18:00:00,2012,1,4,18,1325700000,19.196908859891234,5.18223697020642,98.67710901102865,0.2901565684889214,0.0,0.08,0.35522662395542987,3.130751872384294
2012-01-05 00:00:00,2012,1,5,0,1325721600,12.390374057004212,3.765090704211667,99.48166687911716,0.4380312300684118,0.0,0.08,0.2650869346805306,2.2561058084788375
2012-01-05 06:00:00,2012,1,5,6,1325743200,17.558058710396768,4.38758981145566,99.31843002565023,0.583078637852193,0.0,0.08,0.30364056900280056,2.8832143732373945
2012-01-05 12:00:00,2012,1,5,12,1325764800,23.908437908661064,10.727422968307241,99.5677291119942,13.31247762690171,0.0,0.08746178425030895,0.27288664482611413,4.791900387740335
2012-01-05 18:00:00,2012,1,5,18,1325786400,19.87571454917415,4.42660172985362,99.10950729274724,0.29190995592477803,0.0,0.08,0.3125527994653435,2.976713531476542
2012-01-06 00:00:00,2012,1,6,0,1325808000,13.265226637218435,4.773684750110709,99.14426753992183,0.03212198572302982,0.0,0.08,0.28312347145980277,2.5692129014357414
2012-01-06 06:00:00,2012,1,6,6,1325829600,17.405102513660054,4.025989099902891,99.51607075879464,0.3402772060672701,0.0,0.08,0.3340827241088292,2.902703597309099
2012-01-06 12:00:00,2012,1,6,12,1325851200,23.408652211281982,4.14491840807482,99.59875039967704,13.466268404928257,0.0,0.08,0.33110521712012403,4.742972142826182
2012-01-06 18:00:00,2012,1,6,18,1325872800,19.13520185209558,5.53778536283619,99.13735346489163,0.8976211571386175,0.0,0.08,0.34759135379468953,3.425606260103358
2012-01-07 00:00:00,2012,1,7,0,1325894400,11.59820272501077,7.0011708577612515,100.1729224352535,0.189211569790267,0.0,0.08,0.27813422626316314,2.6448190445630626
2012-01-07 06:00:00,2012,1,7,6,1325916000,17.88766314185667,4.019989252804664,99.45351090001961,0.6778947725770869,0.0,0.08,0.308321137157628,2.6925356521124244
2012-01-07 12:00:00,2012,1,7,12,1325937600,24.855966350855002,5.740767528025135,99.72076524458525,14.035077921316502,14.665944561456879,0.20797108108892098,0.26206378137718395,5.549054554053674
2012-01-07 18:00:00,2012,1,7,18,1325959200,18.290046107327218,3.757767781186456,99.24931911160141,0.6106079268302296,0.0,0.08,0.320193152463401,3.277310937420655
2012-01-08 00:00:00,2012,1,8,0,1325980800,13.505332748199583,4.204032175934853,99.47545426294478,0.47674194059059605,0.0,0.08,0.26597026960748155,2.4801540474825208
2012-01-08 06:00:00,2012,1,8,6,1326002400,19.367168583322243,4.325145488088401,99.36689297826811,0.12328207814338488,0.0,0.08,0.2789559854033407,2.907439432938815
2012-01-08 12:00:00,2012,1,8,12,1326024000,24.47638114784879,4.011579966060793,99.70697764316763,13.927598283567363,0.0,0.08,0.3208708965601116,5.000149511983522
2012-01-08 18:00:00,2012,1,8,18,1326045600,17.484780049872374,4.052814831530364,99.45427994431044,0.5619852793722434,0.0,0.08,0.28936229289649873,2.4666876273002334
2012-01-09 00:00:00,2012,1,9,0,1326067200,12.549474791741794,4.348326449498773,99.77042656205938,0.6439296437817471,0.0,0.08,0.268442260202663,2.575271883577156
2012-01-09 06:00:00,2012,1,9,6,1326088800,17.829102399028564,4.9698217158798945,99.57447792166869,0.8652413975397237,0.0,0.08,0.2817047090508617,2.795023576393487
2012-01-09 12:00:00,2012,1,9,12,1326110400,20.638822889778424,4.150977074895306,99.15670128961263,14.150994777881348,0.0,0.08,0.3288569026606342,4.767602497259385
2012-01-09 18:00:00,2012,1,9,18,1326132000,15.202472479938598,5.722138544701015,100.00810214910473,0.5170859686466455,0.0,0.08,0.28927463294253636,2.8432433107925177
2012-01-10 00:00:00,2012,1,10,0,1326153600,12.42054029798078,6.137512898689619,99.47602881104555,0.5333377905468033,0.0,0.08,0.20782612808326084,2.1325098015475126
2012-01-10 06:00:00,2012,1,10,6,1326175200,20.284632214480016,5.146982605247489,99.51483080155961,0.25590400175145445,0.0,0.08,0.267767437824459,2.634178773180389
2012-01-10 12:00:00,2012,1,10,12,1326196800,21.649776535096986,4.739446520541579,99.1603522349445,14.097778879108679,0.0,0.08,0.304609880340646,4.615756501568702
2012-01-10 18:00:00,2012,1,10,18,1326218400,17.924020197992842,5.2224395685644005,99.42181007412981,0.43996735224969646,5.643348981214848,0.08,0.26466871139532466,2.6250769680858306
2012-01-11 00:00:00,2012,1,11,0,1326240000,14.474977284095049,3.8877823266112985,99.43623277010684,0.5555947370513844,0.0,0.08,0.28891461009704117,2.5749274599807124
2012-01-11 06:00:00,2012,1,11,6,1326261600,17.4328383846043,4.964834789859356,99.562629487334,0.5295014479312884,0.0,0.08,0.2886162725343511,2.6624022500492797
2012-01-11 12:00:00,2012,1,11,12,1326283200,27.976805029998413,7.759313943384347,99.54227654604904,13.813586465678778,0.0,0.08,0.28926800268357405,4.939917148894811
2012-01-11 18:00:00,2012,1,11,18,1326304800,19.47874746946392,5.125997173911106,100.01075744547937,0.30938304567851876,0.0,0.08,0.22412643802685223,2.4094183904892197
2012-01-12 00:00:00,2012,1,12,0,1326326400,15.448087220719422,5.151410012538838,99.51932696154994,0.3144093230819708,0.0,0.08,0.26769107788126684,2.3677716797296946
2012-01-12 06:00:00,2012,1,12,6,1326348000,18.3106237422904,4.494192362360679,99.72744957436117,0.3505812972485649,0.0,0.08,0.3355642288708396,2.8214205293667693
2012-01-12 12:00:00,2012,1,12,12,1326369600,26.585336642833013,7.447387412234903,99.80490396889236,13.602980669201251,0.0,0.08,0.2651678105646942,4.993535536024419
2012-01-12 18:00:00,2012,1,12,18,1326391200,19.99265721941737,4.096618648378095,99.94875396080266,0.9348012226540128,0.0,0.08,0.30587905034843377,2.8910789562207637
2012-01-13 00:00:00,2012,1,13,0,1326412800,16.337355090368224,4.171015891407901,99.1197039684508,0.7861710700684964,0.0,0.08,0.3047935432290687,2.6952936279730504
2012-01-13 06:00:00,2012,1,13,6,1326434400,17.65053259328724,4.841077851632106,99.81791357599901,0.5642336696648704,0.0,0.08,0.24574567822899032,2.731624969968705
2012-01-13 12:00:00,2012,1,13,12,1326456000,24.882884778101204,5.57732816157209,99.53680432595534,14.306483886638667,0.0,0.08,0.3030624174796567,4.751797032157662
2012-01-13 18:00:00,2012,1,13,18,1326477600,14.681793363000336,5.214869861152518,99.54288074692472,0.04556460945488137,0.0,0.08,0.276388538722702,2.650474123682793
2012-01-14 00:00:00,2012,1,14,0,1326499200,16.73940534458095,5.7663131277797675,99.13038553410163,0.6576132898154329,0.0,0.08,0.26789769245638817,2.7180610212941785
2012-01-14 06:00:00,2012,1,14,6,1326520800,17.592549905683537,5.806706623609433,99.66985660377568,0.9327576190754348,0.0,0.08,0.242943555070867,2.509029912096654
2012-01-14 12:00:00,2012,1,14,12,1326542400,22.962384102457367,4.352068101967179,98.60755032232059,13.492242974111655,0.0,0.08,0.2513148436567917,4.42177445130207
2012-01-14 18:00:00,2012,1,14,18,1326564000,19.797626519650624,3.884814395174838,99.37320733161698,0.3408289315030878,0.0,0.08,0.27439115279865234,3.1139977547249598
2012-01-15 00:00:00,2012,1,15,0,1326585600,11.948746733724658,5.305292453595214,99.10406864237643,0.8596917108901249,0.0,0.08,0.19603850122371008,1.9675316863720296
2012-01-15 06:00:00,2012,1,15,6,1326607200,19.615175505471132,4.240570663673875,99.86904269317994,0.4546272619877114,0.0,0.08,0.30277647506611505,2.8698818486500985
2012-01-15 12:00:00,2012,1,15,12,1326628800,25.68464981211692,4.040836564354813,99.83945585534529,14.110991309822039,0.0,0.08,0.21921121592667075,4.78176329812704
2012-01-15 18:00:00,2012,1,15,18,1326650400,20.27414837704927,4.301189878673234,99.39565294377152,0.5246411035433897,0.0,0.08,0.29206701498848925,3.0702001365514984
2012-01-16 00:00:00,2012,1,16,0,1326672000,15.346069858332129,4.323469139372978,99.17196394353073,0.6467397659673219,0.0,0.08,0.2878801679602645,2.240982371806787
2012-01-16 06:00:00,2012,1,16,6,1326693600,19.727561741503283,6.737934939168715,99.28980468764615,0.5650946778114966,0.0,0.08,0.20955023622279237,2.615502982878605
2012-01-16 12:00:00,2012,1,16,12,1326715200,25.104793586609045,6.37353609330761,99.03217255010011,14.086468746136527,0.0,0.08,0.2779695457737867,4.916849567365805
2012-01-16 18:00:00,2012,1,16,18,1326736800,16.53793276174344,3.993406556816422,99.25057580981866,0.6792564888533156,0.0,0.08,0.2642894405565437,2.799448277400012
2012-01-17 00:00:00,2012,1,17,0,1326758400,14.10786551223511,7.348571522526359,99.29567113436768,0.05095516676640477,0.0,0.08,0.2001731061740827,1.9599959784076924
2012-01-17 06:00:00,2012,1,17,6,1326780000,17.132462121661437,4.899671401071884,99.66184553093566,0.29259892691352907,0.0,0.08,0.2752838359402117,2.774512550295121
2012-01-17 12:00:00,2012,1,17,12,1326801600,22.085023331318425,4.970382010795619,99.29505245281287,13.631265028852818,0.0,0.08,0.24224844739604523,4.598222696605284
2012-01-17 18:00:00,2012,1,17,18,1326823200,20.900706214128817,6.08435078539604,99.36312827764567,0.34858189846673115,0.0,0.08,0.25130557196554215,2.9170491988549165
2012-01-18 00:00:00,2012,1,18,0,1326844800,15.86628991150798,4.160817586441019,99.26809591605532,0.6498288090315225,0.0,0.08,0.2574938766816134,2.8446156062809393
2012-01-18 06:00:00,2012,1,18,6,1326866400,19.03485798943017,5.382635433990701,99.46106774405915,0.784562947713711,0.0,0.08,0.21020759606044895,2.627283910813343
2012-01-18 12:00:00,2012,1,18,12,1326888000,24.19085295979082,5.307911954823906,99.94652739438077,14.546206786346167,0.0,0.08,0.2441946985772913,5.160885932254568
2012-01-18 18:00:00,2012,1,18,18,1326909600,18.897220209047223,4.974557458285103,99.3182966123356,0.14728508365777004,0.0,0.08,0.22535413260257245,2.5199374502456555
2012-01-19 00:00:00,2012,1,19,0,1326931200,15.46008843367613,7.778818784460071,99.24254741636814,0.5375496211067288,0.0,0.08,0.2164553122629567,2.170179027258199
2012-01-19 06:00:00,2012,1,19,6,1326952800,19.56535398091646,5.365130641908042,99.56799636370285,0.7271689624590258,0.0,0.08,0.23363498992096957,2.9957342715943587
2012-01-19 12:00:00,2012,1,19,12,1326974400,25.520710073761638,5.406966154614741,99.78395136314758,14.563042677387743,0.0,0.08,0.21826966039852266,4.714302566887871
2012-01-19 18:00:00,2012,1,19,18,1326996000,20.15130742380943,4.932740538308339,99.25873598883392,0.07944015240622604,0.0,0.08,0.24562150715936176,2.7823495247754586
2012-01-20 00:00:00,2012,1,20,0,1327017600,12.009947266269709,4.360696535147318,99.3280287181317,0.6127065659283805,0.0,0.08,0.20914283444742365,2.519471774902287
2012-01-20 06:00:00,2012,1,20,6,1327039200,17.65807403428303,4.4526945508669495,99.30120273323102,0.7728889108367402,0.0,0.08,0.20989981355202167,2.8796727731232497
2012-01-20 12:00:00,2012,1,20,12,1327060800,23.986735454926865,6.05365114368781,99.13473250749419,14.446522680561085,0.0,0.08,0.20103523823311276,4.670808916626403
2012-01-20 18:00:00,2012,1,20,18,1327082400,19.076873537096976,4.291745732587929,99.73838654585717,0.4512409345934332,0.0,0.08,0.18148539395586494,2.448671459554705
2012-01-21 00:00:00,2012,1,21,0,1327104000,14.519303872900226,5.235941583125352,99.24645015920709,0.8566081493520226,0.0,0.08,0.25661701286025296,2.704262929376686
2012-01-21 06:00:00,2012,1,21,6,1327125600,18.83078159594288,4.511034311319598,100.08655641876331,0.3936211527149034,0.0,0.08,0.22362557080869128,2.665385234867335
2012-01-21 12:00:00,2012,1,21,12,1327147200,23.093732305811997,4.238316806049364,99.2857497110855,14.518383382694335,0.0,0.08,0.2791202280057308,4.970407571819845
2012-01-21 18:00:00,2012,1,21,18,1327168800,19.08926833803981,5.322108053580745,99.37355400030845,0.5975739327886355,0.0,0.08,0.22571553926678867,2.9977033309512118
2012-01-22 00:00:00,2012,1,22,0,1327190400,11.476977073273174,4.5128713999975725,99.98524063134074,0.18774962533825112,0.0,0.08,0.16989176379863918,2.027018988042859
2012-01-22 06:00:00,2012,1,22,6,1327212000,19.351720551437353,4.4124248729193605,100.35113919904641,0.057864990208742806,0.0,0.08,0.22767064231399609,2.5297090538142117
2012-01-22 12:00:00,2012,1,22,12,1327233600,25.141552563888077,5.261264128794114,99.19142685144499,14.287536158567885,0.0,0.08,0.20686469962747103,5.057560462999584
2012-01-22 18:00:00,2012,1,22,18,1327255200,19.26535312531871,5.1574544560129905,99.59944150237247,0.9706105698475159,0.0,0.08,0.2307010044351955,2.9793696802728653
2012-01-23 00:00:00,2012,1,23,0,1327276800,12.957478121214454,7.212999648198722,99.51111994432407,0.9800079339091442,0.0,0.08,0.18079762600261887,2.216318697672612
2012-01-23 06:00:00,2012,1,23,6,1327298400,16.09867655117305,4.916272875475907,99.53814496612569,0.8205122839539954,0.0,0.08,0.1666994532269627,2.351641685639018
2012-01-23 12:00:00,2012,1,23,12,1327320000,22.672144381108982,4.425819470597466,99.97112598560086,13.901827042558926,0.0,0.08,0.2116557857160712,4.553353773683423
2012-01-23 18:00:00,2012,1,23,18,1327341600,19.036135483430204,5.603366159957409,99.82879886398275,0.17004985916832163,0.0,0.08,0.17068066820188252,3.070501620468292
2012-01-24 00:00:00,2012,1,24,0,1327363200,14.705737050964139,6.455451164389601,99.21946231218122,0.5583314857753171,0.0,0.08,0.16498498109291398,2.3234235181568836
2012-01-24 06:00:00,2012,1,24,6,1327384800,21.36444429876615,4.383020014832524,99.3428861498163,0.9206153439561516,0.0,0.08,0.19798540539354895,2.9219718445901326
2012-01-24 12:00:00,2012,1,24,12,1327406400,23.11973521112532,4.38327203028384,99.63136030362224,14.445506008579406,0.0,0.08,0.19298422420113856,4.528816767916602
2012-01-24 18:00:00,2012,1,24,18,1327428000,20.29490599784703,7.31546067875845,99.15388813566798,0.024919870762775607,0.0,0.08,0.19828036896191892,2.7159135281319267
2012-01-25 00:00:00,2012,1,25,0,1327449600,17.10793779966999,5.260008853445296,99.46229353367691,0.824908522053784,0.0,0.08,0.2051855138080094,2.377933452857919
2012-01-25 06:00:00,2012,1,25,6,1327471200,18.684947107224307,6.719420246494479,99.47028272236115,0.10324376036339311,5.173959560563314,0.08,0.1818242030057379,2.810729061197587
2012-01-25 12:00:00,2012,1,25,12,1327492800,23.6103908731811,6.667255571914046,99.46962020344415,14.328485195985312,0.0,0.08,0.16070270975393036,4.904924468507309
2012-01-25 18:00:00,2012,1,25,18,1327514400,19.437500092243287,6.179768857170317,99.83674534863009,0.8881300746052836,0.0,0.08,0.24711510872477604,3.1336756420501475
2012-01-26 00:00:00,2012,1,26,0,1327536000,13.455042492422889,5.044231460822379,99.4671816871396,0.4619540322500649,0.0,0.08,0.15656180145557108,2.2332652655780865
2012-01-26 06:00:00,2012,1,26,6,1327557600,19.705561352358668,5.110436627993886,99.8007979391523,0.9380304452614459,0.0,0.08,0.22049293946630608,2.824126883367859
2012-01-26 12:00:00,2012,1,26,12,1327579200,21.607743871360825,6.663418694564241,99.53579798707182,14.373271351631807,2.52946374206262,0.08,0.12043948332745474,4.429845754583549
2012-01-26 18:00:00,2012,1,26,18,1327600800,19.558247604118876,5.986237541334696,99.38386249750569,0.2456244757242892,0.0,0.08,0.19072122629006422,2.942213607993306
2012-01-27 00:00:00,2012,1,27,0,1327622400,14.442179453108063,5.503091923464527,99.10685505684327,0.7316182608896206,0.0,0.08,0.15253092475007288,2.586514968744603
2012-01-27 06:00:00,2012,1,27,6,1327644000,20.88526216912817,5.064987992317707,99.10126681120188,0.035409493613193455,0.0,0.08,0.16231728782284494,2.865655963095942
2012-01-27 12:00:00,2012,1,27,12,1327665600,23.506705333216207,8.073081516666397,99.22935253614823,14.0144811974142,0.0,0.08,0.17944392950016685,4.975909398476119
2012-01-27 18:00:00,2012,1,27,18,1327687200,21.24615973249665,4.806376457024736,99.49951364090612,0.07756629198953907,0.0,0.08,0.21006801393979582,2.9429956792141247
2012-01-28 00:00:00,2012,1,28,0,1327708800,13.771548491651922,4.203458574937762,99.7185184593651,0.8279481477761421,0.0,0.08,0.18611620046134036,2.385305992926692
2012-01-28 06:00:00,2012,1,28,6,1327730400,16.266778229531077,5.883054106529504,99.53192522580152,0.34688299444704385,0.0,0.08,0.1531472494584081,2.4972376089810115
2012-01-28 12:00:00,2012,1,28,12,1327752000,22.734842214070177,6.507629610692768,98.95083959940193,14.071350227537271,0.0,0.08,0.2047582416086967,4.555135020423807
2012-01-28 18:00:00,2012,1,28,18,1327773600,20.35317367169573,8.317110998689838,99.36415906450787,0.7606090453790313,0.0,0.08,0.17753207716642208,2.6992510735020874
2012-01-29 00:00:00,2012,1,29,0,1327795200,11.93163964677789,7.331983847524067,99.40877340397526,0.38015859481259895,0.0,0.08,0.23564389842393763,2.1769199734123097
2012-01-29 06:00:00,2012,1,29,6,1327816800,19.4479549304681,5.367454953836861,99.18791743770053,0.9884754664139759,0.0,0.08,0.2007688123205629,3.008788621798853
2012-01-29 12:00:00,2012,1,29,12,1327838400,28.008967169077494,7.609754757023203,99.13566512275614,14.408007560661439,0.0,0.08,0.17803926462935113,4.874234834651136
2012-01-29 18:00:00,2012,1,29,18,1327860000,18.041171627318946,4.67207684919524,99.31289132269019,0.9788813607613409,0.0,0.08,0.1776469625578377,2.7860050682011304
2012-01-30 00:00:00,2012,1,30,0,1327881600,13.823806179824691,8.639880022503025,99.58108871023369,0.9733952619560537,0.0,0.08,0.19380816869143327,2.2716116438623093
2012-01-30 06:00:00,2012,1,30,6,1327903200,19.74451404031914,6.392226394486701,99.58863645429021,0.34600992959326127,0.0,0.08,0.14855092917898916,2.6580549236872093
2012-01-30 12:00:00,2012,1,30,12,1327924800,23.609064365601203,5.346282412143175,99.22006672715477,15.070638313024881,0.0,0.08,0.19863999144865022,4.840958520109184
2012-01-30 18:00:00,2012,1,30,18,1327946400,19.522354976368046,4.5219398861734055,99.93355656728237,0.03389206546283159,0.0,0.08,0.15545811331933435,2.4825561685382675
2012-01-31 00:00:00,2012,1,31,0,1327968000,14.451106846772381,5.885278336954354,98.88163810881875,0.06700021697669245,0.0,0.08,0.1375532957583733,2.3081242411852774
2012-01-31 06:00:00,2012,1,31,6,1327989600,21.11132376679472,13.051580512904913,99.55014578528665,0.7107375289935928,0.0,0.08,0.14164052687218462,3.138940783936641
2012-01-31 12:00:00,2012,1,31,12,1328011200,23.864705683254098,6.066149639758211,99.48074265710666,14.855096059377573,0.0,0.08,0.1316603401521519,4.718322420907378
2012-01-31 18:00:00,2012,1,31,18,1328032800,19.55344850579287,4.989590117159484,98.89234814520204,0.13500224631399835,0.0,0.08,0.11424819053062296,2.282970631124339
2012-02-01 00:00:00,2012,2,1,0,1328054400,15.424235036060379,5.050035276618286,99.10218535520502,0.11824743129846471,0.0,0.08,0.15750066268225588,1.7341872417187787
2012-02-01 06:00:00,2012,2,1,6,1328076000,19.32087105781468,6.3834728104828145,99.11437731314305,0.3637663132731491,0.0,0.08,0.1273818209800089,2.8359788899558813
2012-02-01 12:00:00,2012,2,1,12,1328097600,25.543734737008812,4.763091885314562,99.6215855678768,14.446273679765506,0.0,0.08,0.1974677845765191,4.979201421603535
2012-02-01 18:00:00,2012,2,1,18,1328119200,22.255761671626807,6.892653351820561,99.05483534325418,0.3893100315402882,0.0,0.08,0.11049094759198458,2.770902621747162
2012-02-02 00:00:00,2012,2,2,0,1328140800,14.875705930010069,4.608718516978539,98.72596786473399,0.052243112479904874,0.0,0.08,0.1408305711587304,2.046922863363464
2012-02-02 06:00:00,2012,2,2,6,1328162400,21.598092104020203,5.22184461165746,99.0296894470864,0.6578693611686732,0.0,0.08,0.19154472541854634,3.031228064668924
2012-02-02 12:00:00,2012,2,2,12,1328184000,26.205188624986416,5.434724877968497,99.49750551326011,14.982689819419711,0.0,0.08,0.19793551368420245,4.977536909111452
2012-02-02 18:00:00,2012,2,2,18,1328205600,21.070896468270238,4.948741220299771,99.47577505378676,0.7011212378251458,0.0,0.08,0.1,2.4445882576328257
2012-02-03 00:00:00,2012,2,3,0,1328227200,16.423118761467364,4.500040221406688,98.89831062295711,0.6103803374011769,0.0,0.08,0.17702151382393583,2.2956501165789955
2012-02-03 06:00:00,2012,2,3,6,1328248800,19.755871261087453,4.7849913911867965,99.28168910020518,0.42569148709922155,0.0,0.08,0.11316826582676769,2.6525543959995677
2012-02-03 12:00:00,2012,2,3,12,1328270400,25.159951255322014,4.456212672512689,99.63040182925323,14.737451816026942,9.784577222552587,0.08,0.1356477631155989,4.609547780339005
2012-02-03 18:00:00,2012,2,3,18,1328292000,20.322402540721875,4.665893410075019,99.10339349337549,0.904891783248626,0.0,0.08,0.1881138841243976,2.8962088786198095
2012-02-04 00:00:00,2012,2,4,0,1328313600,14.540591048895717,4.5033263444689675,99.316829969517,0.4725194378803723,0.0,0.08,0.1375278837609662,2.266226956470801
2012-02-04 06:00:00,2012,2,4,6,1328335200,20.196926944292787,4.97027190237814,99.02789450663114,0.9426271399431093,0.0,0.08,0.15941930113113387,2.8504813552716888
2012-02-04 12:00:00,2012,2,4,12,1328356800,25.150659999780395,4.6708291588074795,99.32223792454342,14.754111534813852,0.0,0.08,0.10464746529222696,4.673958410106324
2012-02-04 18:00:00,2012,2,4,18,1328378400,20.239315715055305,5.459287406330777,99.26300368864797,0.6804076918522638,11.959939774364859,0.1325695852702159,0.1,2.6997419806848435
2012-02-05 00:00:00,2012,2,5,0,1328400000,15.25702715670735,11.283225862397337,99.68871112829943,0.14937623332454752,0.0,0.08,0.1244475164781371,2.3062214008034956
2012-02-05 06:00:00,2012,2,5,6,1328421600,21.459425415667425,5.698271990306673,99.02946309835468,0.9162102254214943,0.0,0.08,0.12276268788432292,2.927674445389544
2012-02-05 12:00:00,2012,2,5,12,1328443200,24.01425560011048,4.461960978487837,99.16839790725425,15.438364966064336,0.0,0.08,0.11503890785148227,4.734371620486204
2012-02-05 18:00:00,2012,2,5,18,1328464800,20.18826113440347,5.536663735022109,99.50233899436743,0.03332737198659652,0.0,0.08,0.12758187189638256,2.2431717752267906
2012-02-06 00:00:00,2012,2,6,0,1328486400,12.510171956187586,8.093845857972894,99.65157434774757,0.2457926146655136,0.0,0.08,0.17757743266288184,2.264508928735344
2012-02-06 06:00:00,2012,2,6,6,1328508000,20.52348878898864,4.770621343652899,99.90995387041264,0.7240037407662866,0.0,0.08,0.1,2.6225253906074655
2012-02-06 12:00:00,2012,2,6,12,1328529600,28.714956912060398,8.112363600148516,98.82162282356347,15.549028221524722,0.0,0.08,0.1,4.859314844703471
2012-02-06 18:00:00,2012,2,6,18,1328551200,21.104860080347812,6.165476010901937,99.28250699631707,0.31040082208937325,0.0,0.08,0.15850746628504597,2.8824653334147117
2012-02-07 00:00:00,2012,2,7,0,1328572800,17.23469631437764,5.608970597467579,99.80904225278533,0.5167411663999772,0.0,0.08,0.1397947914225477,2.728174351435385
2012-02-07 06:00:00,2012,2,7,6,1328594400,23.402771735261737,4.825104698787828,99.70702295066796,0.5532576268117207,7.216002107807761,0.08,0.1757606745145771,2.742341884787599
2012-02-07 12:00:00,2012,2,7,12,1328616000,27.294105550235866,5.923268101634284,99.14908953215377,14.912763983736976,0.0,0.08,0.1,5.058650393671815
2012-02-07 18:00:00,2012,2,7,18,1328637600,22.263847247779047,4.560750251346826,99.60605731850629,0.8540193451181749,0.0,0.08,0.12239852987646964,2.2958248835792237
2012-02-08 00:00:00,2012,2,8,0,1328659200,16.34099696956774,4.831077411453799,99.40906501414199,0.9651193975192826,0.0,0.08,0.1301521229452173,2.16754244784762
2012-02-08 06:00:00,2012,2,8,6,1328680800,21.706101073186357,7.970905731064004,99.43579046711237,0.7061753774740017,0.0,0.08,0.1353584122887857,3.4116382619844834
2012-02-08 12:00:00,2012,2,8,12,1328702400,26.654391513235545,4.828885106584966,99.18629592050547,14.903915786178132,0.0,0.08,0.14602583448724374,5.0180001010527135
2012-02-08 18:00:00,2012,2,8,18,1328724000,20.8266817561615,5.101661156490838,99.37642279501361,0.5675399115157295,0.0,0.08,0.1,2.5179512274892533
2012-02-09 00:00:00,2012,2,9,0,1328745600,18.24728581483135,4.782965068250161,99.3949093808335,0.6071568420647628,0.0,0.08,0.11755636922709375,2.4024580348668536
2012-02-09 06:00:00,2012,2,9,6,1328767200,21.076893548050073,5.139780470716814,99.15702284320119,0.09442835978654296,0.0,0.08,0.10933655744272912,2.6263083874587854
2012-02-09 12:00:00,2012,2,9,12,1328788800,26.295897133296446,5.0327770068629905,99.86423104181033,15.57452480107068,0.0,0.08,0.1423148794118871,4.954401375228705
2012-02-09 18:00:00,2012,2,9,18,1328810400,21.59752093324067,5.314760874983587,99.5471078033325,0.5957010423587973,0.0,0.08,0.10516978139712618,2.677672368728695
2012-02-10 00:00:00,2012,2,10,0,1328832000,16.504720833418734,4.731540173377578,99.81883697184695,0.5322201014141248,0.0,0.08,0.14572227356740072,2.483988223946767
2012-02-10 06:00:00,2012,2,10,6,1328853600,19.567690002207637,7.756648523401879,99.22420536462796,0.38252219137541077,0.0,0.08,0.1,2.7268804359733427
2012-02-10 12:00:00,2012,2,10,12,1328875200,26.484391216818658,4.881107718090815,98.98955361820892,15.775201720877298,0.0,0.08,0.14075513249258073,5.331116015885792
2012-02-10 18:00:00,2012,2,10,18,1328896800,21.302847725635246,4.773992921131715,99.30894927392511,0.013843207366907403,0.0,0.08,0.1,2.33539151232237
2012-02-11 00:00:00,2012,2,11,0,1328918400,13.88663589628,4.847186516861049,99.36603608224544,0.18286722387199084,0.0,0.08,0.13299599563686565,1.994463177404552
2012-02-11 06:00:00,2012,2,11,6,1328940000,19.910080306860245,4.9805078801526355,99.18781854511043,0.8103140155501954,0.0,0.08,0.1,2.42052651805528
2012-02-11 12:00:00,2012,2,11,12,1328961600,25.217347486093576,6.029779685858655,98.83543876276696,15.074860961925609,0.0,0.08,0.11436070938929518,4.633451640763445
2012-02-11 18:00:00,2012,2,11,18,1328983200,18.632191470408806,6.446512236215549,99.17770666541108,0.040127948098081005,0.0,0.08,0.10265175750076831,2.5497070698577398
2012-02-12 00:00:00,2012,2,12,0,1329004800,15.379823977710737,5.193375022024827,98.821059294726,0.06169696964845228,0.0,0.08,0.1,1.9153282397952307
2012-02-12 06:00:00,2012,2,12,6,1329026400,23.0199799018253,4.785225182789604,98.98054978180228,0.7421817758278871,0.0,0.08,0.1,2.536152306208197
2012-02-12 12:00:00,2012,2,12,12,1329048000,26.86669773747437,5.33762873143268,99.46980070416897,15.362464386696432,0.0,0.08,0.13039747013205422,4.842681124149335
2012-02-12 18:00:00,2012,2,12,18,1329069600,19.482518867773564,5.956241402661692,99.85246547973948,0.7474879747658355,0.0,0.08,0.1,2.2531813148487743
2012-02-13 00:00:00,2012,2,13,0,1329091200,17.38065804397955,5.040294917445406,99.62234578983416,0.597946897206465,0.0,0.08,0.11274509143851513,2.535110663696862
2012-02-13 06:00:00,2012,2,13,6,1329112800,21.500071251347144,7.779280867972575,98.931921545878,0.8978993764649079,0.0,0.08,0.1,2.650110819661337
2012-02-13 12:00:00,2012,2,13,12,1329134400,27.231207216461,4.757236372291913,99.35932933440579,16.028940695876617,0.0,0.08,0.11783792981075193,5.004229788818908
2012-02-13 18:00:00,2012,2,13,18,1329156000,20.929862186596296,4.943659968106727,99.21301705266956,0.4653216185147993,0.0,0.08,0.1,2.5781215398057284
2012-02-14 00:00:00,2012,2,14,0,1329177600,16.790580229145572,4.618564506231575,99.28786197703235,0.8946313531076122,0.0,0.08,0.1,2.292719864911528
2012-02-14 06:00:00,2012,2,14,6,1329199200,19.915112161582616,5.003660554626231,99.2374647126106,0.04709702891681622,0.0,0.08,0.1664217714401116,2.48653901637183
2012-02-14 12:00:00,2012,2,14,12,1329220800,27.434636930877517,5.153068548769231,99.32945859778278,15.130548463340446,0.0,0.08,0.12575490466323141,4.741112119360793
2012-02-14 18:00:00,2012,2,14,18,1329242400,20.66115953734524,6.806685066504024,99.60961920545869,0.4959553312805763,0.0,0.08,0.12296701811996943,2.7769157622562326
2012-02-15 00:00:00,2012,2,15,0,1329264000,15.643414793377111,4.759523005873524,99.63336405331044,0.938960801739296,0.0,0.08,0.1,1.9676333935872143
2012-02-15 06:00:00,2012,2,15,6,1329285600,21.658527013377153,7.189492721233581,99.49063288188313,0.5783986354734005,0.0,0.08,0.1,2.7673529346145953
2012-02-15 12:00:00,2012,2,15,12,1329307200,28.110401622013544,7.357385637645178,99.02375477320984,15.341310085555428,0.0,0.08,0.1366772984931319,4.928942013501328
2012-02-15 18:00:00,2012,2,15,18,1329328800,22.62665874365529,8.11535898770385,99.274844337636,0.7182417114044747,0.0,0.08,0.1,2.8866401631484777
2012-02-16 00:00:00,2012,2,16,0,1329350400,17.083024676131558,6.086064780786089,98.73929471359222,0.7346086388958253,0.0,0.08,0.1,2.437736936996227
2012-02-16 06:00:00,2012,2,16,6,1329372000,21.405917004387856,6.657203794248808,99.44964098540095,0.38505176188464396,0.0,0.08,0.1,2.2667447851741764
2012-02-16 12:00:00,2012,2,16,12,1329393600,26.56342683295172,5.1769772652218204,98.99380697970159,15.952336677541869,0.0,0.08,0.1,4.693729150300557
2012-02-16 18:00:00,2012,2,16,18,1329415200,22.920280024561674,4.938363657975511,99.12572422722997,0.8489094873030548,0.0,0.08,0.1,2.725669689351943
2012-02-17 00:00:00,2012,2,17,0,1329436800,16.480880841335257,4.739303848419907,98.94211107728847,0.06249028085975561,0.0,0.08,0.1,2.3522157392307252
2012-02-17 06:00:00,2012,2,17,6,1329458400,22.768502469528432,5.6193150608877485,99.48535336245507,0.30021236929664596,0.0,0.08,0.1,2.6286592457603914
2012-02-17 12:00:00,2012,2,17,12,1329480000,27.69524216457033,6.091152637794655,99.66474225367472,15.87146492525909,0.0,0.08,0.1,4.687529112567495
2012-02-17 18:00:00,2012,2,17,18,1329501600,21.755087653498073,7.655397872837357,98.84376881221614,0.8714086553429826,0.0,0.08,0.1,2.580779751551052
2012-02-18 00:00:00,2012,2,18,0,1329523200,17.772650231353772,7.047560254904803,99.121643386209,0.7693162872244708,0.0,0.08,0.1,2.0804333402163278
2012-02-18 06:00:00,2012,2,18,6,1329544800,24.834467219541555,5.515592767005673,99.05455681172512,0.3698651813213035,0.0,0.08,0.1,2.907064479220687
2012-02-18 12:00:00,2012,2,18,12,1329566400,28.86750938980942,7.646014100665283,99.29054568975063,15.798359629516087,0.0,0.08,0.1,4.955094613728679
2012-02-18 18:00:00,2012,2,18,18,1329588000,23.757573233550158,5.291902302633368,99.24713113473034,0.14823465287535986,0.0,0.08,0.1,3.041731456967695
2012-02-19 00:00:00,2012,2,19,0,1329609600,15.33523215435376,5.054859931978777,99.06186889399557,0.6950529493540106,0.0,0.08,0.1,2.1787560462870186
2012-02-19 06:00:00,2012,2,19,6,1329631200,21.82438341529647,4.951947589939028,98.93038970479486,0.27410539678413737,0.0,0.08,0.1,2.4503358250676803
2012-02-19 12:00:00,2012,2,19,12,1329652800,27.193594719110745,4.971563151451177,98.79333095282342,15.574056195899868,0.0,0.08,0.1,5.125600090041464
2012-02-19 18:00:00,2012,2,19,18,1329674400,20.010422501590998,7.04329840924344,98.9165405799114,0.7988201093006169,0.0,0.08,0.1,2.66725565524027
2012-02-20 00:00:00,2012,2,20,0,1329696000,16.02290059892239,7.491781788507536,99.18002291403077,0.0940530406014276,0.0,0.08,0.1,2.148446115111654
2012-02-20 06:00:00,2012,2,20,6,1329717600,21.628506950817833,5.081304134075278,99.69040557857652,0.7018446280420961,0.0,0.08,0.1,2.637071619297813
2012-02-20 12:00:00,2012,2,20,12,1329739200,29.533228206583686,5.714411341998338,98.61866335590383,15.65100186957116,0.0,0.08,0.1,5.3101088105254215
2012-02-20 18:00:00,2012,2,20,18,1329760800,24.520515544287402,9.240391907859781,99.0653792272285,0.2647419245681528,0.0,0.08,0.1,2.8163989137384546
2012-02-21 00:00:00,2012,2,21,0,1329782400,16.09437360673127,6.189961868120747,99.20971750974056,0.6414688064497468,0.0,0.08,0.1,2.175047004249131
2012-02-21 06:00:00,2012,2,21,6,1329804000,20.105031994966257,5.229566576477545,98.65292487505339,0.5816125358223071,0.0,0.08,0.1,2.5936523115937122
2012-02-21 12:00:00,2012,2,21,12,1329825600,24.942923097549627,6.019466704203531,99.07070123441036,16.12216014859348,0.0,0.08,0.1,4.618852411912536
2012-02-21 18:00:00,2012,2,21,18,1329847200,25.084012834621248,5.523751597048223,98.3957976201214,0.7753031050096014,0.0,0.08,0.1,3.066773011262691
2012-02-22 00:00:00,2012,2,22,0,1329868800,15.46278315871893,6.137954871592851,99.36658401715196,0.7492243696909774,0.0,0.08,0.1,2.156555261873111
2012-02-22 06:00:00,2012,2,22,6,1329890400,22.025547405874217,6.089586842756677,99.25341088246924,0.9602004359466568,0.0,0.08,0.1,2.804946854326538
2012-02-22 12:00:00,2012,2,22,12,1329912000,28.191921730310703,7.837697736571119,99.64201465997924,15.860551828625978,0.0,0.08,0.11145864048430218,5.101723214402737
2012-02-22 18:00:00,2012,2,22,18,1329933600,22.617836822082523,5.506614392500168,98.93312483831303,0.8302699044487614,0.0,0.08,0.1,2.6529687209993265
2012-02-23 00:00:00,2012,2,23,0,1329955200,14.573972609490458,5.923036870870474,98.79821768241793,0.19526719276509907,0.0,0.08,0.1,2.3025465919855037
2012-02-23 06:00:00,2012,2,23,6,1329976800,22.02851543408328,6.303772829689812,98.99359747052233,0.08371655794120614,0.0,0.08,0.1,2.3615369432890625
2012-02-23 12:00:00,2012,2,23,12,1329998400,26.63510343031259,5.028120955000959,98.75960028771792,15.787969396152294,0.0,0.08,0.1,4.861856268005332
2012-02-23 18:00:00,2012,2,23,18,1330020000,22.709005282187466,4.81060756657254,98.9742609804923,0.6406339287187067,0.0,0.08,0.1,2.871017163745025
2012-02-24 00:00:00,2012,2,24,0,1330041600,18.88198991508131,6.553156611418785,99.43118744225339,0.7700976040984003,0.0,0.08,0.10080926327863204,2.7040809104799184
2012-02-24 06:00:00,2012,2,24,6,1330063200,22.80560218968548,9.384906857945122,98.87862906849,0.18201629745704218,0.0,0.08,0.1,2.8994349266498043
2012-02-24 12:00:00,2012,2,24,12,1330084800,29.04135327595642,5.0322793575735805,99.01543723018143,16.701298777761217,0.0,0.08,0.1,5.099651464760888
2012-02-24 18:00:00,2012,2,24,18,1330106400,23.691849169151823,6.65366362810872,98.74453628574338,0.15827890920153181,0.0,0.08,0.1,2.690063082184491
2012-02-25 00:00:00,2012,2,25,0,1330128000,18.102955528375276,5.009703540137685,99.19397898549802,0.20612466954583542,0.0,0.08,0.1,2.4103583583700416
2012-02-25 06:00:00,2012,2,25,6,1330149600,24.506020069754676,5.912342660190127,98.90379055580222,0.3328234203577286,0.0,0.08,0.1,2.715466185458679
2012-02-25 12:00:00,2012,2,25,12,1330171200,28.562232199942176,5.670796704046585,99.24816191661837,16.933288989739808,0.0,0.08,0.1,5.227379768873264
2012-02-25 18:00:00,2012,2,25,18,1330192800,21.92451480989769,5.201767813296601,99.14462701551874,0.5887214998101723,0.0,0.08,0.10001939359562921,2.502409083596948
2012-02-26 00:00:00,2012,2,26,0,1330214400,16.252107962733376,10.456592233735705,99.01141175868754,0.3242386960002587,0.0,0.08,0.1,2.562673357739729
2012-02-26 06:00:00,2012,2,26,6,1330236000,23.36792706741292,7.659964421223274,99.22440514937746,0.4056419582149675,0.0,0.08,0.1,3.08205117821652
2012-02-26 12:00:00,2012,2,26,12,1330257600,26.60768969821058,8.617062575177027,99.59513351885326,16.731117115382553,0.0,0.08,0.1,5.577250209076307
2012-02-26 18:00:00,2012,2,26,18,1330279200,20.63863698575693,5.312604654483502,99.20048327909085,0.18160399360913046,0.0,0.08,0.10296921805891268,2.5646944200288404
2012-02-27 00:00:00,2012,2,27,0,1330300800,16.627681028405522,7.472493298161672,98.93818270158104,0.20410927430199188,0.0,0.08,0.1,2.1101492872743663
2012-02-27 06:00:00,2012,2,27,6,1330322400,22.93985825219322,4.9529435079545525,99.07729697573649,0.2828580694341929,0.0,0.08,0.1,2.487327433480315
2012-02-27 12:00:00,2012,2,27,12,1330344000,28.140626561439127,4.889524208475583,99.79808833613254,16.668072222547597,0.0,0.08,0.1,5.092881554322751
2012-02-27 18:00:00,2012,2,27,18,1330365600,25.134410153479326,5.450768441738109,99.6589582736176,0.28551844227233003,0.0,0.08,0.1,3.0658531528242317
2012-02-28 00:00:00,2012,2,28,0,1330387200,19.213466394441447,9.358641047713668,98.60921243900513,0.592148837928622,0.0,0.08,0.1,2.540551231879118
2012-02-28 06:00:00,2012,2,28,6,1330408800,21.0590289996519,5.561351898432283,98.66323682525454,0.6384335054099277,0.0,0.08,0.1,2.7303122419201955
2012-02-28 12:00:00,2012,2,28,12,1330430400,30.320885611710867,5.013520077588161,98.57722111512655,16.68798167028765,0.0,0.08,0.1,5.238157979261391
2012-02-28 18:00:00,2012,2,28,18,1330452000,22.642520932768456,5.886225988965739,98.9904033865877,0.8058339343246033,0.0,0.08,0.1,2.664195417932275
2012-02-29 00:00:00,2012,2,29,0,1330473600,14.372198544270272,8.409788105361628,98.88179186816305,0.6086908414113444,0.0,0.08,0.1,2.284453650463627
2012-02-29 06:00:00,2012,2,29,6,1330495200,23.292387751231953,7.312333969529039,99.40189911926117,0.23671376084224194,12.327595293614047,0.12495911388230496,0.1,3.29882193406053
2012-02-29 12:00:00,2012,2,29,12,1330516800,29.111130367662266,5.42559276398697,98.40350200389315,17.23412651062246,0.0,0.08,0.1,5.1896671597044985
2012-02-29 18:00:00,2012,2,29,18,1330538400,22.870833478302853,4.859094433293491,99.40452286052995,0.4938955986084488,0.0,0.08,0.1,2.577467647696543
2012-03-01 00:00:00,2012,3,1,0,1330560000,17.1476237545003,6.95247996956752,99.60086792869856,0.03324633918351594,0.0,0.08,0.1,1.795461390569564
2012-03-01 06:00:00,2012,3,1,6,1330581600,24.021412314783642,7.49449888056415,98.95838632169152,0.1858004169172558,0.0,0.08,0.1,2.7212807082622787
2012-03-01 12:00:00,2012,3,1,12,1330603200,27.283442593631552,8.7323013739793,98.28058241683735,17.016367658713964,0.0,0.08,0.1,5.340141213751279
2012-03-01 18:00:00,2012,3,1,18,1330624800,22.291781308498162,5.3654845623150695,99.51808478616712,0.11850148118565496,0.0,0.08,0.1,2.657470237912814
2012-03-02 00:00:00,2012,3,2,0,1330646400,17.742259917903446,5.11216494611986,99.12677666471689,0.4022587307049167,0.0,0.08,0.1,2.6052244661395387
2012-03-02 06:00:00,2012,3,2,6,1330668000,24.301517998379758,9.181980462653845,99.07683065094837,0.21508530892972422,0.0,0.08,0.1,2.857934665345584
2012-03-02 12:00:00,2012,3,2,12,1330689600,26.779093212093727,6.422498528497533,99.07961080016672,16.914089075161392,0.0,0.08,0.1,5.014730228630095
2012-03-02 18:00:00,2012,3,2,18,1330711200,22.444533703676708,6.541616557815257,98.821290666595,0.026555282606610452,0.0,0.08,0.1,2.7553152332683184
2012-03-03 00:00:00,2012,3,3,0,1330732800,18.64317937358906,5.2772698564300695,98.80385354053809,0.13435069972497393,0.0,0.08,0.1,2.3397585113465773
2012-03-03 06:00:00,2012,3,3,6,1330754400,20.357083364849583,5.356129690987958,98.92136399677653,0.8774582455750044,0.0,0.08,0.1,2.8263681950455286
2012-03-03 12:00:00,2012,3,3,12,1330776000,26.812540144515904,5.275891083099568,99.07195143595601,16.629371681392744,0.0,0.08,0.1,4.5783694293046215
2012-03-03 18:00:00,2012,3,3,18,1330797600,22.04689302826632,5.5755513295884604,98.83099803998392,0.36870828356240737,0.0,0.08,0.10378742245789206,3.090930739455888
2012-03-04 00:00:00,2012,3,4,0,1330819200,16.91012018971936,5.270823304601521,98.62224227068603,0.19880054076375686,0.0,0.08,0.1,2.4026615040525807
2012-03-04 06:00:00,2012,3,4,6,1330840800,25.699540643652536,4.958572346987201,98.57869824207481,0.009079601544351168,0.0,0.08,0.1,3.036758103492994
2012-03-04 12:00:00,2012,3,4,12,1330862400,26.588191679721156,5.160585712669998,99.35665536273568,16.632020345970954,0.0,0.08,0.1,5.255799086556562
2012-03-04 18:00:00,2012,3,4,18,1330884000,23.720335777920894,5.797159035357472,99.43787544455071,0.7907530962190084,0.0,0.08,0.1,2.75214384824431
2012-03-05 00:00:00,2012,3,5,0,1330905600,16.619849095779912,5.049744442890539,98.94856490427466,0.7178185842206757,0.0,0.08,0.1,2.110895566888343
2012-03-05 06:00:00,2012,3,5,6,1330927200,22.99700654800455,4.932734484459005,98.73183879957058,0.44498145918453946,0.0,0.08,0.1,3.1715752506566943
2012-03-05 12:00:00,2012,3,5,12,1330948800,29.489678415998014,7.018146000588442,98.83182849738614,17.556564749925304,0.0,0.08,0.1,5.49991634410618
2012-03-05 18:00:00,2012,3,5,18,1330970400,24.66857856010802,5.398886904077383,98.78171397666712,0.15100318964409015,0.0,0.08,0.1,2.800666257330652
2012-03-06 00:00:00,2012,3,6,0,1330992000,18.03193704237259,4.941361606790042,98.89243978709906,0.06895348247624311,0.0,0.08,0.1,2.299580284220727
2012-03-06 06:00:00,2012,3,6,6,1331013600,25.309805119486036,5.444244172842456,98.88705052762636,0.7829734150033747,0.0,0.08,0.1,3.039426551902827
2012-03-06 12:00:00,2012,3,6,12,1331035200,28.604734484527285,9.38357562791964,98.4955106926027,16.764587525020747,0.0,0.08,0.1,5.174977145123482
2012-03-06 18:00:00,2012,3,6,18,1331056800,23.247767564702986,5.41130584428153,98.65207254742947,0.14069575087299252,0.0,0.08,0.1,2.6047098387695025
2012-03-07 00:00:00,2012,3,7,0,1331078400,17.836424806760622,5.394279293880993,99.25509627510357,0.3563810162217126,0.0,0.08,0.1,2.2505809262058416
2012-03-07 06:00:00,2012,3,7,6,1331100000,27.36987373452624,5.447388167047662,98.91539642805549,0.18973568195902546,0.0,0.08,0.1,2.9736728138643413
2012-03-07 12:00:00,2012,3,7,12,1331121600,29.131741258559877,5.600242603708536,98.97947246775178,17.473114338737584,0.0,0.08,0.1,5.687133114693748
2012-03-07 18:00:00,2012,3,7,18,1331143200,21.786583383772506,5.877270400675874,98.44806415630173,0.4720005801633453,0.0,0.08,0.1,2.3631151493797806
2012-03-08 00:00:00,2012,3,8,0,1331164800,18.12672065233909,5.036821412584411,99.0120271655814,0.774658937681407,0.0,0.08,0.1,2.4008431142521975
2012-03-08 06:00:00,2012,3,8,6,1331186400,24.268011457895238,13.586780305796898,98.85400671845225,0.48086604787918064,0.0,0.08,0.1,2.897774202188677
2012-03-08 12:00:00,2012,3,8,12,1331208000,30.071466378253746,5.843931333566759,98.87717840736431,17.09850932033844,0.0,0.08,0.1,5.151824368607361
2012-03-08 18:00:00,2012,3,8,18,1331229600,23.751643672285518,5.445506833123668,99.20730735514572,0.20023421895927704,0.0,0.08,0.1,3.123955249450889
2012-03-09 00:00:00,2012,3,9,0,1331251200,18.763944106199148,7.646718087206333,98.4740114769244,0.4070223952914178,0.0,0.08,0.1,2.4208490739743187
2012-03-09 06:00:00,2012,3,9,6,1331272800,23.00549027632616,6.946933047138234,99.05713405634144,0.5479085659003801,0.0,0.08,0.1,2.794424744460736
2012-03-09 12:00:00,2012,3,9,12,1331294400,28.12617166230973,5.361800571497355,99.32881216590394,17.716004019505032,0.0,0.08,0.1,4.907083388202707
2012-03-09 18:00:00,2012,3,9,18,1331316000,27.996527712883935,6.918128293923161,98.8470632393954,0.2746621809309651,0.0,0.08,0.1,3.101565241751093
2012-03-10 00:00:00,2012,3,10,0,1331337600,19.725686668304775,5.759763244694747,98.72890412565968,0.3023241381616504,0.0,0.08,0.1,2.262385302950197
2012-03-10 06:00:00,2012,3,10,6,1331359200,27.397360293884056,5.683670309067288,98.60131649805002,0.8183966035850997,0.0,0.08,0.1,3.141362221773331
2012-03-10 12:00:00,2012,3,10,12,1331380800,31.321735318381165,5.050452220859025,98.57696131416195,17.74715150437397,0.0,0.08,0.1,5.293833644873943
2012-03-10 18:00:00,2012,3,10,18,1331402400,24.297405338743093,10.332153060176836,98.72445622024968,0.7336980785657207,0.0,0.08,0.1,2.9985300833126405
2012-03-11 00:00:00,2012,3,11,0,1331424000,20.613124872375828,6.3552551568054465,98.77280983383861,0.7902556627030707,0.0,0.08,0.1,2.57627706972917
2012-03-11 06:00:00,2012,3,11,6,1331445600,26.53223249221553,6.621939717154893,98.4657898528628,0.07485981671489128,0.0,0.08,0.1,3.153694895103488
2012-03-11 12:00:00,2012,3,11,12,1331467200,30.387560582737148,6.003615536337311,99.52428937597321,17.178415578152997,0.0,0.08,0.1,5.504789311387399
2012-03-11 18:00:00,2012,3,11,18,1331488800,24.59793344875667,7.477952065730824,98.7794342442127,0.7740171756793475,0.0,0.08,0.1,3.1101613635217067
2012-03-12 00:00:00,2012,3,12,0,1331510400,19.489467264573783,8.929898430994028,98.91608354753784,0.5443044780403477,0.0,0.08,0.1,2.856777625990215
2012-03-12 06:00:00,2012,3,12,6,1331532000,23.490958748818553,5.9350141978615705,98.8788427798115,0.5750536986490723,0.0,0.08,0.1,2.674034629154886
2012-03-12 12:00:00,2012,3,12,12,1331553600,28.681659372432694,5.113175003771527,98.46331671885154,18.14264076016943,0.0,0.08,0.1,5.319959097369944
2012-03-12 18:00:00,2012,3,12,18,1331575200,26.860771142463317,8.395850524479771,99.10025490845705,0.9566293165096277,0.0,0.08,0.1,3.403797773084806
2012-03-13 00:00:00,2012,3,13,0,1331596800,23.303107898859672,5.0849010330565525,99.24162593116908,0.8609748913715117,0.0,0.08,0.1,2.7223609014546204
2012-03-13 06:00:00,2012,3,13,6,1331618400,25.324412221587004,6.381397028083438,99.06829725318067,0.23811669728225027,0.0,0.08,0.1,2.9486536282626603
2012-03-13 12:00:00,2012,3,13,12,1331640000,30.880591083637203,8.130788637624267,99.0942701379999,17.88549344348118,0.0,0.08,0.1,5.603997000414927
2012-03-13 18:00:00,2012,3,13,18,1331661600,25.60204786690799,5.158280198110273,99.57812593886348,0.2305327656277224,0.0,0.08,0.1,2.9996703568838035
2012-03-14 00:00:00,2012,3,14,0,1331683200,21.814722881190978,5.477469805310852,99.41886566632459,0.3827076524449151,0.0,0.08,0.1,2.8989136778426907
2012-03-14 06:00:00,2012,3,14,6,1331704800,23.345262589249586,5.789250683271802,99.29687579681026,0.288248213224758,0.0,0.08,0.1,2.78429681632118
2012-03-14 12:00:00,2012,3,14,12,1331726400,29.179186723887934,5.074195744164358,98.95046829823343,17.940351757974444,0.0,0.08,0.1,5.450098313535848
2012-03-14 18:00:00,2012,3,14,18,1331748000,24.7726250692411,5.323050862699493,98.63720213237659,0.5680889156879132,0.0,0.08,0.1,2.835119423263724
2012-03-15 00:00:00,2012,3,15,0,1331769600,17.73546308385659,6.017692136691632,98.50125654053983,0.5325989326621197,6.424339822721167,0.08385522134878469,0.1,2.739057856444338
2012-03-15 06:00:00,2012,3,15,6,1331791200,24.33396809948706,5.866346100577334,98.93936501104847,0.06046943208078348,0.0,0.08,0.1,2.9500601132164923
2012-03-15 12:00:00,2012,3,15,12,1331812800,30.96824161761033,5.3432553014475275,97.9525838270687,17.892821283441716,0.0,0.08,0.1,5.279881720623301
2012-03-15 18:00:00,2012,3,15,18,1331834400,24.11858549667355,9.137399513399682,98.55731436673233,0.3276957085553874,0.0,0.08,0.1,2.903532910090649
2012-03-16 00:00:00,2012,3,16,0,1331856000,19.89553173349801,6.836082060015036,99.00242472204725,0.43483870830043236,0.0,0.08,0.1,2.4915567798528926
2012-03-16 06:00:00,2012,3,16,6,1331877600,26.32319144596063,6.174467243041493,98.33732702516532,0.4700135626066082,0.0,0.08,0.1,3.0194737123854587
2012-03-16 12:00:00,2012,3,16,12,1331899200,30.199490224941364,6.541084666375145,98.86069295182205,18.539154837237884,0.0,0.08,0.1,5.77404116746157
2012-03-16 18:00:00,2012,3,16,18,1331920800,23.8696192422678,5.24028934548572,99.01922291291102,0.18393074557085826,0.0,0.08,0.1,2.8948269324891536
2012-03-17 00:00:00,2012,3,17,0,1331942400,18.156265921505497,5.583544855101335,98.651195892274,0.9358748571659766,0.0,0.08,0.1,2.1273716830376146
2012-03-17 06:00:00,2012,3,17,6,1331964000,28.322335123348232,5.405957362152819,98.70121920062711,0.5972883907001479,0.0,0.08,0.1,3.129412803020528
2012-03-17 12:00:00,2012,3,17,12,1331985600,29.644679494244386,7.662241652425771,98.67432531878995,18.652995266602638,8.276138023039042,0.10320359424434275,0.1,5.741424888429897
2012-03-17 18:00:00,2012,3,17,18,1332007200,27.86983677833999,6.62334350139779,98.54242668897747,0.21037987478438253,0.0,0.08,0.1,3.1001614079671866
2012-03-18 00:00:00,2012,3,18,0,1332028800,21.89048951459682,5.219889241472132,98.91672199855839,0.5053398801380883,0.0,0.08,0.1,2.7848337964560685
2012-03-18 06:00:00,2012,3,18,6,1332050400,26.72932922466453,5.390532203820134,98.77020172901544,0.7187001178892346,0.0,0.08,0.1,3.0203603624563455
2012-03-18 12:00:00,2012,3,18,12,1332072000,27.43774532081116,6.648772961814121,99.21493986998111,18.32810829300928,0.0,0.08,0.1,5.272407254343227
2012-03-18 18:00:00,2012,3,18,18,1332093600,25.051900635919406,5.7711190263025,98.63993532180689,0.14885358553728972,0.0,0.08,0.1,2.7992405354597856
2012-03-19 00:00:00,2012,3,19,0,1332115200,21.696730665875904,8.008802682521935,98.85553960304061,0.29570170330507684,0.0,0.08,0.1,2.844430774050884
2012-03-19 06:00:00,2012,3,19,6,1332136800,25.171644184353898,6.247566439527232,98.62062585585451,0.34368585409449925,0.0,0.08,0.1,3.104664244279587
2012-03-19 12:00:00,2012,3,19,12,1332158400,31.067033729718705,5.237327381576556,99.23822478327206,18.514438538367607,0.0,0.08,0.1,5.397109389473225
2012-03-19 18:00:00,2012,3,19,18,1332180000,25.5260835816483,6.083918359967591,98.63287858093106,0.782032485926317,0.0,0.08,0.1,3.1659021746309444
2012-03-20 00:00:00,2012,3,20,0,1332201600,19.34667665988058,8.047200625385077,97.81255124810383,0.6533022691524305,0.0,0.08,0.1,2.6597932272778864
2012-03-20 06:00:00,2012,3,20,6,1332223200,24.622021755107077,5.474310028166778,98.72156424687331,0.3299650727922505,5.809995614830862,0.08,0.1,3.0636403462331288
2012-03-20 12:00:00,2012,3,20,12,1332244800,31.681545428376772,5.6989140180366435,98.80027535914351,18.555452537694688,0.0,0.08,0.1,5.566895097728824
2012-03-20 18:00:00,2012,3,20,18,1332266400,25.048871622376232,7.488763032973327,98.56036217746343,0.031228577255373733,0.0,0.08,0.1,2.999931398863178
2012-03-21 00:00:00,2012,3,21,0,1332288000,20.990399745580614,5.093181801006676,99.04926465361523,0.543604560245087,0.0,0.08,0.1,2.7477583021158725
2012-03-21 06:00:00,2012,3,21,6,1332309600,26.596540854862912,5.850838732989982,98.90129388571181,0.5213592463295917,0.0,0.08,0.1,2.8970102623927536
2012-03-21 12:00:00,2012,3,21,12,1332331200,32.00970034712458,5.1615460094842085,98.72973858550789,18.20115763783858,0.0,0.08,0.1,5.544270557859401
2012-03-21 18:00:00,2012,3,21,18,1332352800,26.537679015687377,5.964579022438537,99.01175133682808,0.6847814239314924,5.412678717066762,0.09847749982021134,0.1,2.8106590447825575
2012-03-22 00:00:00,2012,3,22,0,1332374400,22.598376824013602,6.915604245499342,98.29656904695565,0.8958835414763944,0.0,0.08,0.1,2.547005855723589
2012-03-22 06:00:00,2012,3,22,6,1332396000,24.48462068877836,5.69800352896765,98.21432568500346,0.5217199340650606,0.0,0.08,0.1,2.685960124204857
2012-03-22 12:00:00,2012,3,22,12,1332417600,33.83907652791533,12.78463056152161,98.62000648764851,18.63397091355425,0.0,0.08,0.1,6.07707821362615
2012-03-22 18:00:00,2012,3,22,18,1332439200,28.318666880501922,6.604335216800992,98.99796401186735,0.23043407849961872,0.0,0.08,0.1,3.117225718203818
2012-03-23 00:00:00,2012,3,23,0,1332460800,20.561221043936932,7.716510038494052,98.85716307013341,0.9193411554767154,0.0,0.08,0.1,2.966204178467791
2012-03-23 06:00:00,2012,3,23,6,1332482400,26.57270216321366,6.20071745439377,98.35919884000809,0.8468494097809712,0.0,0.08,0.1,3.3533974190822646
2012-03-23 12:00:00,2012,3,23,12,1332504000,31.38182757185278,6.113686997932206,98.21937220549097,18.66069444011987,0.0,0.08,0.1,5.472498013631664
2012-03-23 18:00:00,2012,3,23,18,1332525600,25.081095517167526,4.986313842095168,98.8229284750516,0.11078783503314206,0.0,0.08,0.1,2.8125527051547965
2012-03-24 00:00:00,2012,3,24,0,1332547200,20.70840015730559,5.209118662508672,98.75550500505673,0.9527370676705011,0.0,0.08,0.1,2.7288214950877983
2012-03-24 06:00:00,2012,3,24,6,1332568800,26.459636834796267,6.416737699516634,98.44598303158713,0.5287016540262586,0.0,0.08,0.1,2.9483821871506173
2012-03-24 12:00:00,2012,3,24,12,1332590400,30.66189622512698,7.966276436193779,98.80083218413095,18.528747653577756,0.0,0.08,0.1,5.6994471730792355
2012-03-24 18:00:00,2012,3,24,18,1332612000,26.967809084932433,6.598491577359928,98.36946753179113,0.5242001072917439,0.0,0.08,0.1,3.1771688362584976
2012-03-25 00:00:00,2012,3,25,0,1332633600,21.842415975013157,6.75065053101068,98.58624464839127,0.326563963798568,0.0,0.08,0.1,2.4988063006732117
2012-03-25 06:00:00,2012,3,25,6,1332655200,26.597384667766942,6.073941108644544,98.54861442083471,0.7660251395603414,0.0,0.08,0.1,3.528242654970735
2012-03-25 12:00:00,2012,3,25,12,1332676800,30.510506423188325,11.687997260541794,98.32134900949346,18.892570409599966,0.0,0.08,0.1,5.799494304245203
2012-03-25 18:00:00,2012,3,25,18,1332698400,29.33862379613676,7.489513307750478,98.0053340102933,0.8913201926161841,0.0,0.08,0.1,3.490602339378081
2012-03-26 00:00:00,2012,3,26,0,1332720000,23.158607110531577,7.135920211458248,98.23334269447872,0.689974859353082,0.0,0.08,0.1,2.718270351706706
2012-03-26 06:00:00,2012,3,26,6,1332741600,25.32418090498751,6.446074372642947,98.62607851314228,0.6113264340910108,0.0,0.08,0.1,3.241838967682868
2012-03-26 12:00:00,2012,3,26,12,1332763200,31.025664703378226,5.5322598878767435,99.18236901512692,19.227766828209894,0.0,0.08,0.1,5.331446611258503
2012-03-26 18:00:00,2012,3,26,18,1332784800,27.25359740143225,6.314960005896179,98.62690390884389,0.18562311374152843,0.0,0.08,0.1,3.281398547272729
2012-03-27 00:00:00,2012,3,27,0,1332806400,24.34319837763817,6.04753127960867,98.37578543704964,0.44518902993599585,0.0,0.08,0.1,2.904236246295968
2012-03-27 06:00:00,2012,3,27,6,1332828000,28.49264821289651,5.243904247536227,98.93544492664891,0.6892662099920436,0.0,0.08,0.1,3.3208022492063622
2012-03-27 12:00:00,2012,3,27,12,1332849600,30.31082105491343,5.933711154991304,98.93962328730848,18.965594819522583,0.0,0.08,0.1,5.560681297042397
2012-03-27 18:00:00,2012,3,27,18,1332871200,28.271143572962398,7.956580766433068,98.55225547574854,0.16054641788043916,0.0,0.08,0.1,3.236063508531989
2012-03-28 00:00:00,2012,3,28,0,1332892800,21.588987995384798,5.759977851450222,98.5108084021306,0.21561051846952095,0.0,0.08,0.1,2.569362095240315
2012-03-28 06:00:00,2012,3,28,6,1332914400,26.850758003290547,5.522580005170142,98.80237674883416,0.40689826692947273,0.0,0.08,0.1,2.9351020866918613
2012-03-28 12:00:00,2012,3,28,12,1332936000,30.508148535899466,5.829036017289846,98.48798914062442,19.466313342096313,0.0,0.08,0.1,5.640523377621005
2012-03-28 18:00:00,2012,3,28,18,1332957600,28.425775507871222,6.122372685852911,98.33630243943901,0.31165086864312636,0.0,0.08,0.1,2.9710152332214683
2012-03-29 00:00:00,2012,3,29,0,1332979200,21.222576876737172,5.821311761255295,98.56406252199034,0.025672779143206426,0.0,0.08,0.1,2.7194538839264206
2012-03-29 06:00:00,2012,3,29,6,1333000800,25.565989934950814,5.178503363644551,98.55740666855452,0.4617403548890394,0.0,0.08,0.1,3.0252978948387224
2012-03-29 12:00:00,2012,3,29,12,1333022400,31.282736974755522,5.115797715438841,98.16120831636877,19.157411308711914,0.0,0.10444293186847042,0.1,5.713585204674896
2012-03-29 18:00:00,2012,3,29,18,1333044000,25.26348049704233,6.528939347530377,98.63241960854693,0.78055461509616,0.0,0.08,0.1,2.931711285704279
2012-03-30 00:00:00,2012,3,30,0,1333065600,22.791540114118856,5.192069674104563,98.52895638261657,0.2726904207134957,0.0,0.08,0.1,2.5614311675608556
2012-03-30 06:00:00,2012,3,30,6,1333087200,24.873034260462052,8.111925575064014,98.54044737954105,0.21034723421431267,0.0,0.08,0.1,2.9677650017254686
2012-03-30 12:00:00,2012,3,30,12,1333108800,30.681408701737755,6.071707643715749,98.493328583227,19.609636978659335,0.0,0.08,0.1,5.2639419836188095
2012-03-30 18:00:00,2012,3,30,18,1333130400,25.621772278795664,7.162385343718391,98.35818207921646,0.9785387128721196,13.950841168684137,0.15505771262059742,0.1,3.427576404637328
2012-03-31 00:00:00,2012,3,31,0,1333152000,23.49956355984621,6.279063069624642,98.62640847542067,0.5671992009041026,0.0,0.08,0.1,2.872192612073711
2012-03-31 06:00:00,2012,3,31,6,1333173600,29.094912138496984,5.519443770822055,98.60886931859403,0.8060587415213872,0.0,0.08,0.1,3.120568045306672
2012-03-31 12:00:00,2012,3,31,12,1333195200,30.13729045749733,5.157012104179874,98.82468922899962,18.93852368372277,0.0,0.08,0.1,5.472439915142682
2012-03-31 18:00:00,2012,3,31,18,1333216800,24.61247299755056,5.535626548751826,99.16151114182149,0.45354703449270994,0.0,0.08,0.1,2.878920942909217
2012-04-01 00:00:00,2012,4,1,0,1333238400,22.43722705953328,5.386636753522627,98.32040391635914,0.4487617876552933,0.0,0.08,0.1,2.4537607293794728
2012-04-01 06:00:00,2012,4,1,6,1333260000,30.375043702271867,5.342901706761447,98.29729981153,0.031289224665826176,0.0,0.08,0.1,3.192884116459156
2012-04-01 12:00:00,2012,4,1,12,1333281600,32.22572565155912,9.216026284572795,98.77038070617941,19.632096043500763,0.0,0.08,0.1,6.29241802508916
2012-04-01 18:00:00,2012,4,1,18,1333303200,29.54916244730694,7.081610407604511,99.0165541311421,0.38643819528332535,0.0,0.08,0.1,3.6039156004295694
2012-04-02 00:00:00,2012,4,2,0,1333324800,22.823502631179725,5.856068673684338,98.61541257109815,0.5383731862060716,0.0,0.08,0.1,2.998604599479749
2012-04-02 06:00:00,2012,4,2,6,1333346400,28.730462167333517,7.458541327629858,98.77116930786059,0.14747704519568605,0.0,0.08,0.1,3.3663839952229693
2012-04-02 12:00:00,2012,4,2,12,1333368000,35.57817861118683,5.3228968941005315,98.27927000376222,19.670209480186063,0.0,0.08,0.1,6.5784576267521
2012-04-02 18:00:00,2012,4,2,18,1333389600,27.053279346572303,5.0202135463922115,98.55050167576702,0.1614151133846352,0.0,0.08,0.1,2.8923767931585442
2012-04-03 00:00:00,2012,4,3,0,1333411200,22.76015082818154,5.324488830588866,98.24069466291397,0.575482972269504,0.0,0.08,0.1,2.6417337508708933
2012-04-03 06:00:00,2012,4,3,6,1333432800,25.830314144806476,5.8801921007324935,97.9184302843104,0.70062961443085,0.0,0.08,0.1,2.9775137199727966
2012-04-03 12:00:00,2012,4,3,12,1333454400,33.96934968439763,6.382176342550862,97.62763877516943,19.85875941250399,0.0,0.08,0.1,6.1576421684258715
2012-04-03 18:00:00,2012,4,3,18,1333476000,25.70740306885721,6.339441062292486,98.87155573841606,0.3133196975890734,0.0,0.08,0.1,2.84923469029804
2012-04-04 00:00:00,2012,4,4,0,1333497600,24.278241502431147,5.441153308203391,98.49303425499903,0.4519953745983959,0.0,0.08,0.1,3.0293133853646044
2012-04-04 06:00:00,2012,4,4,6,1333519200,28.592170926961458,10.098696961295751,98.1406251986438,0.568013983202741,0.0,0.08,0.1,3.207179727489943
2012-04-04 12:00:00,2012,4,4,12,1333540800,32.22327636503598,6.632969803959454,99.23378756907925,20.07219798952812,0.0,0.08,0.1,5.946480150747912
2012-04-04 18:00:00,2012,4,4,18,1333562400,28.87239195096788,5.201732955489808,98.51068608454773,0.9372371424566125,0.0,0.08,0.1,2.8043178279808254
2012-04-05 00:00:00,2012,4,5,0,1333584000,25.74342552634511,6.912111367607725,98.10326053562693,0.9137153440378415,0.0,0.08,0.1,3.038200405946927
2012-04-05 06:00:00,2012,4,5,6,1333605600,28.126054213460865,9.076325322292925,98.44603047233554,0.8698534127418743,5.735576501603055,0.13887129530854517,0.1,3.4714029557750794
2012-04-05 12:00:00,2012,4,5,12,1333627200,29.520845321897223,5.354940029718782,98.77171264309649,19.332783228074234,1.280089638783108,0.08,0.1,5.435495758470209
2012-04-05 18:00:00,2012,4,5,18,1333648800,26.747176979031384,5.161171656135776,98.28016902451489,0.5241227111345269,0.0,0.08,0.1,3.191734982612769
2012-04-06 00:00:00,2012,4,6,0,1333670400,22.936215916105407,9.186573531188419,98.2514783694035,0.6533769844674282,0.0,0.08,0.1,3.081056028813274
2012-04-06 06:00:00,2012,4,6,6,1333692000,28.457259328086845,6.546263963503171,98.84432822191351,0.5865722654982586,0.0,0.08,0.1,3.425780117750639
2012-04-06 12:00:00,2012,4,6,12,1333713600,31.686426753340143,7.92896940721692,98.4010036327896,20.162103729328468,0.0,0.08,0.1,5.669815642592973
2012-04-06 18:00:00,2012,4,6,18,1333735200,28.19145890763264,8.819093957622938,98.24743356287846,0.919488028326527,0.0,0.08,0.1,3.413131112062729
2012-04-07 00:00:00,2012,4,7,0,1333756800,22.7911481852716,7.2529364490621315,98.11049867241144,0.003836741132405952,0.0,0.08,0.1,2.63806932584652
2012-04-07 06:00:00,2012,4,7,6,1333778400,29.01872480416899,5.8054616189182955,98.0493833146924,0.457393129887648,8.129077331550745,0.143993230050265,0.1,3.583381338920062
2012-04-07 12:00:00,2012,4,7,12,1333800000,34.46158480640756,6.3484211300033415,97.92000181352411,19.849398362733368,0.0,0.08,0.1,5.717289431199775
2012-04-07 18:00:00,2012,4,7,18,1333821600,29.6257495384436,6.808924418770251,98.40512783926852,0.01683064880658752,0.0,0.08,0.1,3.4596512915806508
2012-04-08 00:00:00,2012,4,8,0,1333843200,25.66808903822331,7.238804407183569,98.64321946651727,0.07879129842882826,0.0,0.08,0.1,2.5569760065419778
2012-04-08 06:00:00,2012,4,8,6,1333864800,28.18421303400299,5.520494207031498,98.36814005796971,0.38303378608082705,0.0,0.08,0.1,3.3347837258697384
2012-04-08 12:00:00,2012,4,8,12,1333886400,36.541754959472065,5.5041971281345035,98.21511229454381,19.965702884649346,0.0,0.08,0.1,6.262442349298624
2012-04-08 18:00:00,2012,4,8,18,1333908000,27.732059158045065,5.916535014037885,97.83345672438597,0.8810844473509811,0.0,0.08,0.1,3.039111184925837
2012-04-09 00:00:00,2012,4,9,0,1333929600,23.522001286456675,7.003844354613053,98.61612994287732,0.12318469205276439,0.0,0.08,0.1,2.8398194545734183
2012-04-09 06:00:00,2012,4,9,6,1333951200,30.761738638782926,9.71863265325182,97.95931521999073,0.7793673383462609,0.0,0.08,0.1,3.437743871813898
2012-04-09 12:00:00,2012,4,9,12,1333972800,35.05305357449434,7.11176916630616,97.91870649496965,20.529433573616434,8.375728018439732,0.11882634960788047,0.1,6.252050322463311
2012-04-09 18:00:00,2012,4,9,18,1333994400,28.059326743138026,6.4406218744356005,98.7075735440142,0.6121299593155914,0.0,0.08992823043484541,0.1,3.0482619741071217
2012-04-10 00:00:00,2012,4,10,0,1334016000,22.937883141295288,5.547168460207529,98.66901648879896,0.1555845348085061,0.0,0.08278310685349514,0.1,2.6046302346903314
2012-04-10 06:00:00,2012,4,10,6,1334037600,28.554712953140868,5.41356738510105,98.1649889763131,0.6530544889885952,0.0,0.08,0.1,3.15968712562935
2012-04-10 12:00:00,2012,4,10,12,1334059200,32.5895145107646,5.623687924296247,98.46920751706756,20.00297566131182,0.0,0.08224901199112948,0.1,5.834339125780628
2012-04-10 18:00:00,2012,4,10,18,1334080800,30.004295894570763,7.338794285704193,98.44969416503658,0.5774897260047843,0.0,0.08419058576994742,0.1,3.4175811995967704
2012-04-11 00:00:00,2012,4,11,0,1334102400,23.464613893401893,5.234110204614983,98.82492374535165,0.5748454987179391,0.0,0.08,0.1,2.4242743613454802
2012-04-11 06:00:00,2012,4,11,6,1334124000,31.841413246347095,8.773183917381903,97.95238422197642,0.08515385755814397,0.0,0.08,0.1,3.3882014541419903
2012-04-11 12:00:00,2012,4,11,12,1334145600,36.35051021653675,5.133250850072626,98.42558760914802,20.46730200181052,0.0,0.08,0.1,5.906856533016412
2012-04-11 18:00:00,2012,4,11,18,1334167200,27.39691524335404,5.17349038316397,97.99413833560644,0.009111806963126837,0.0,0.08,0.1,3.4706713896834014
2012-04-12 00:00:00,2012,4,12,0,1334188800,26.135699708581008,5.604067678452589,98.66130538537483,0.11777095897915058,0.0,0.08,0.1,2.9433696146664707
2012-04-12 06:00:00,2012,4,12,6,1334210400,29.010997316755397,6.951325356221512,98.78369709767468,0.2025602926290192,0.0,0.08,0.1,3.3145244870281556
2012-04-12 12:00:00,2012,4,12,12,1334232000,33.05335605162085,7.584885354320541,98.6567166633365,20.774939591131908,0.0,0.08794775285191997,0.1,6.388631136528997
2012-04-12 18:00:00,2012,4,12,18,1334253600,28.21316066404908,5.410791345097399,97.8851489385462,0.1884216065392773,0.0,0.09602529789267732,0.1,3.3427283382728
2012-04-13 00:00:00,2012,4,13,0,1334275200,22.20485301649472,6.410939243637471,98.04910728273676,0.15509739074538575,0.0,0.08,0.1,3.042745045537089
2012-04-13 06:00:00,2012,4,13,6,1334296800,27.143315225396886,5.518775740376154,98.26309218886341,0.5825047442552936,0.0,0.08,0.1,3.0572171847506593
2012-04-13 12:00:00,2012,4,13,12,1334318400,34.35705548946572,8.54005322834483,98.61574397203476,20.634486386978747,0.0,0.08,0.1,6.569559079182592
2012-04-13 18:00:00,2012,4,13,18,1334340000,32.27511850218787,4.995446195709809,98.71112124282934,0.6595870607749028,0.0,0.08,0.1,3.5335016360175078
2012-04-14 00:00:00,2012,4,14,0,1334361600,21.588347040077416,7.50496104923367,98.01092074208128,0.37041030487350113,0.0,0.08,0.1,2.5806340106363312
2012-04-14 06:00:00,2012,4,14,6,1334383200,30.44731125615104,6.2367726767855345,98.18642329063499,0.9002414023787997,0.0,0.08,0.1,3.256310065418419
2012-04-14 12:00:00,2012,4,14,12,1334404800,35.464685963511506,6.328761633093288,98.6287037717648,20.1543203339375,0.0,0.08,0.1,5.869817701521624
2012-04-14 18:00:00,2012,4,14,18,1334426400,30.289724125165947,5.71756213242437,98.13809397399953,0.9478165501952922,0.0,0.08,0.1,2.889316059976604
2012-04-15 00:00:00,2012,4,15,0,1334448000,23.93560790834783,5.891123603965967,97.9164132262259,0.8198891897587803,0.0,0.08,0.1,3.085832699294474
2012-04-15 06:00:00,2012,4,15,6,1334469600,28.19509869218944,8.014919938036336,98.52157552747866,0.6912123058255639,0.0,0.08,0.1,3.2591828726792698
2012-04-15 12:00:00,2012,4,15,12,1334491200,35.58109726081049,5.703853643910331,98.47015011758037,20.184437551137048,0.0,0.08,0.1,6.530524912570526
2012-04-15 18:00:00,2012,4,15,18,1334512800,28.792367417098102,6.261587483721258,98.55495428697296,0.9189170311967749,0.0,0.08,0.1,3.3022931721536946
2012-04-16 00:00:00,2012,4,16,0,1334534400,24.87415319715145,9.607308441722193,98.17781660390047,0.024368507939416917,0.0,0.08,0.1,2.917138359733651
2012-04-16 06:00:00,2012,4,16,6,1334556000,29.893616472949418,4.985261111641707,98.38294892774702,0.5086625106382123,0.0,0.08,0.1,3.2159169560105916
2012-04-16 12:00:00,2012,4,16,12,1334577600,37.52547755675208,5.225697877804338,97.93241984046387,21.040157837589973,12.908748548574549,0.2016971355540791,0.1,7.053921196892991
2012-04-16 18:00:00,2012,4,16,18,1334599200,28.565358143012766,5.695303224433312,98.03251432564856,0.20122777214236923,0.0,0.08,0.1,3.054894368154716
2012-04-17 00:00:00,2012,4,17,0,1334620800,24.75712314231464,5.228240634972807,98.34426301374272,0.18533002058883297,0.0,0.08,0.1,2.8768310298942006
2012-04-17 06:00:00,2012,4,17,6,1334642400,28.341682829900808,4.963016651914378,98.36442067557108,0.273016248763146,0.0,0.08,0.1,3.319449810605296
2012-04-17 12:00:00,2012,4,17,12,1334664000,33.41669475980128,5.45383746984368,98.4465274160184,20.48356448845398,0.0,0.10370416558627785,0.1,6.096100386147633
2012-04-17 18:00:00,2012,4,17,18,1334685600,31.08753007300455,6.528726269943237,98.04737474000407,0.3418563353057638,0.0,0.08,0.1,3.6492096318673726
2012-04-18 00:00:00,2012,4,18,0,1334707200,26.69981431342433,6.585031541659481,98.45119734423643,0.03347086650992781,0.0,0.08,0.1,2.843672899175071
2012-04-18 06:00:00,2012,4,18,6,1334728800,28.589988669719418,6.430425496103533,98.29290154758405,0.4933608784648661,0.0,0.10260232997431357,0.1,3.2740993531047504
2012-04-18 12:00:00,2012,4,18,12,1334750400,34.03619716006651,5.010161764762065,98.6083683003851,21.278321163143914,0.0,0.08989743640463486,0.1,6.023894796317007
2012-04-18 18:00:00,2012,4,18,18,1334772000,29.090560866024532,8.88634414219445,98.29800381134552,0.3488444838039016,0.0,0.09212031153982009,0.1,2.938541339642732
2012-04-19 00:00:00,2012,4,19,0,1334793600,23.929315395025142,7.568974387720457,98.63962061378383,0.020279882561071827,0.0,0.08,0.1,2.8376708671305515
2012-04-19 06:00:00,2012,4,19,6,1334815200,27.96742059755636,5.583355103892796,98.32147769051811,0.8604137276035989,0.0,0.08,0.1,3.4155939042532126
2012-04-19 12:00:00,2012,4,19,12,1334836800,35.3894277092478,14.638081852279049,98.1113503131211,20.65290270570611,0.0,0.08,0.1,6.656881469011706
2012-04-19 18:00:00,2012,4,19,18,1334858400,30.802493681709755,6.063824029464115,98.21345785480291,0.8596416792349071,0.0,0.08,0.1,3.331624053280501
2012-04-20 00:00:00,2012,4,20,0,1334880000,25.33280229861758,5.857970551630422,97.88154493023727,0.5344158650350052,0.0,0.08227678641078515,0.1,2.9165951097036062
2012-04-20 06:00:00,2012,4,20,6,1334901600,30.288395678467293,11.407653018211647,98.08654465598741,0.3877723412429833,0.0,0.08,0.1,3.442368643247761
2012-04-20 12:00:00,2012,4,20,12,1334923200,36.85806531840094,5.476582144201554,98.30607987260733,21.023869923700286,0.0,0.08,0.1,6.3999927660504925
2012-04-20 18:00:00,2012,4,20,18,1334944800,29.416336532874592,8.583417857153691,98.6427226203682,0.9117236139353868,0.0,0.08,0.1,3.4394330806091946
2012-04-21 00:00:00,2012,4,21,0,1334966400,27.012151374176238,5.273532252053697,98.07319775523595,0.5366333566846829,0.0,0.08,0.1,2.860668604845437
2012-04-21 06:00:00,2012,4,21,6,1334988000,30.395662646842336,7.548015118045033,98.60536983258837,0.9525094172670379,0.0,0.08,0.1,3.4589289667876764
2012-04-21 12:00:00,2012,4,21,12,1335009600,36.862132021171625,7.598716866476235,98.11954910078757,20.92567975927755,0.0,0.1147695390472871,0.1,6.839959426062976
2012-04-21 18:00:00,2012,4,21,18,1335031200,30.60360244518014,5.6418684828047105,98.34618629187082,0.6340664922833332,0.0,0.12342106427343397,0.1,3.5037968739168877
2012-04-22 00:00:00,2012,4,22,0,1335052800,25.218708779162558,6.125878317343459,97.29092046091843,0.19068119459737465,0.0,0.1230140402358486,0.1,3.255878641115245
2012-04-22 06:00:00,2012,4,22,6,1335074400,30.508257976708403,6.548293262910469,98.33765580664107,0.35874076069921557,4.025726950480895,0.11804545559721563,0.1,3.3499318588520786
2012-04-22 12:00:00,2012,4,22,12,1335096000,33.31534138106473,6.0391625024562785,98.9097651814247,21.341057219785817,0.0,0.08,0.1,6.0102128739738205
2012-04-22 18:00:00,2012,4,22,18,1335117600,28.568168466432397,4.911453297340858,98.5764564079724,0.9918952308551592,0.0,0.08,0.1,3.1005803602497917
2012-04-23 00:00:00,2012,4,23,0,1335139200,27.029937862108167,8.1372918916475,98.17582468682279,0.2895952874101615,0.0,0.09182272092791949,0.1,3.2760133422660807
2012-04-23 06:00:00,2012,4,23,6,1335160800,30.886433408197096,6.545541749698864,98.00229323964962,0.1128632635452611,0.0,0.08,0.1,3.6729026545679675
2012-04-23 12:00:00,2012,4,23,12,1335182400,35.27824903305596,5.421893378991193,98.31398221369157,21.34409494002239,0.0,0.10332673441085796,0.1,6.49911063643075
2012-04-23 18:00:00,2012,4,23,18,1335204000,29.92267953658093,8.144179314401935,98.14602953140276,0.3223552617684501,0.0,0.08,0.1,3.655324056675481
2012-04-24 00:00:00,2012,4,24,0,1335225600,22.97033203253347,6.212772175237574,97.89439090728118,0.990984610562856,0.0,0.08559252294273748,0.1,2.8648226795601697
2012-04-24 06:00:00,2012,4,24,6,1335247200,28.840207607835865,7.00232607494824,98.08425111036864,0.24918186703333922,0.0,0.11257678224313529,0.1,3.2329116265029954
2012-04-24 12:00:00,2012,4,24,12,1335268800,35.46051761768212,5.9688868900674645,98.19967933809579,21.31010138202702,0.0,0.08,0.1,6.47186920434811
2012-04-24 18:00:00,2012,4,24,18,1335290400,32.08678433303142,6.682954754159217,98.27185043242842,0.16102083486547936,0.0,0.08,0.1,3.393400712685152
2012-04-25 00:00:00,2012,4,25,0,1335312000,26.03801389770892,5.149782650804318,97.9377648801796,0.051973438251355586,0.0,0.08,0.1,2.9053665356091707
2012-04-25 06:00:00,2012,4,25,6,1335333600,30.6099059457026,6.897774344005371,98.03319028518588,0.8239015477621295,8.288736159756915,0.156212703227815,0.1,3.880397705863655
2012-04-25 12:00:00,2012,4,25,12,1335355200,34.03406804522028,5.585166851145071,98.54743859330026,21.121045007774562,0.0,0.10544362860586272,0.1,6.144961396508859
2012-04-25 18:00:00,2012,4,25,18,1335376800,29.25759319431139,4.96986731717892,97.93389346274483,0.4650899600847649,0.0,0.08240570820927756,0.1,3.556102527339294
2012-04-26 00:00:00,2012,4,26,0,1335398400,24.827967135339232,5.360969613022979,98.12435218449393,0.027742701310809026,0.0,0.11003021688848663,0.1008793585282817,3.241902496016053
2012-04-26 06:00:00,2012,4,26,6,1335420000,32.29363703496691,7.624344879830204,98.26971027910447,0.958253832728526,0.0,0.08156560789465479,0.1,3.8714683843004223
2012-04-26 12:00:00,2012,4,26,12,1335441600,38.670720536334855,5.7849419319986914,97.4328996791445,20.97991931613133,0.0,0.11783540941118562,0.1,6.675742470522198
2012-04-26 18:00:00,2012,4,26,18,1335463200,31.922050126813552,7.602212014090402,98.40889799663537,0.5910208197467222,0.0,0.08,0.1,3.496810764606952
2012-04-27 00:00:00,2012,4,27,0,1335484800,23.871428096319562,8.189077027389464,98.78579888288907,0.8393545390339935,0.0,0.10661807866415426,0.1,3.274284877208981
2012-04-27 06:00:00,2012,4,27,6,1335506400,32.234629193767425,7.381530969818581,97.87710603605753,0.17282512374200587,0.0,0.09836217771626925,0.1,3.546526747352815
2012-04-27 12:00:00,2012,4,27,12,1335528000,37.47350408264847,4.95115352738421,98.40862157124394,21.90654118904586,0.0,0.08869751197544344,0.1,6.491994399293738
2012-04-27 18:00:00,2012,4,27,18,1335549600,31.09291973500981,6.541238512298959,98.47805997451478,0.2227467304402624,4.2490972079598945,0.10444427322467974,0.1,3.3838216915535764
2012-04-28 00:00:00,2012,4,28,0,1335571200,25.707795222158392,6.046512730218958,97.96751057741044,0.6471511544615959,0.0,0.0869717207548997,0.1,3.123761487527968
2012-04-28 06:00:00,2012,4,28,6,1335592800,30.152323078590882,8.057969001371735,98.19212598732884,0.7806208322091596,0.0,0.09476747985344249,0.1,3.368370703001227
2012-04-28 12:00:00,2012,4,28,12,1335614400,38.64335223800706,4.996751246579163,97.98609688872605,21.116586880323005,3.848516388652723,0.14561970189677356,0.1,6.837848587459964
2012-04-28 18:00:00,2012,4,28,18,1335636000,31.314883583304603,5.686478801343859,98.4413226391603,0.08981649775949299,0.0,0.10586413993557682,0.1,3.0775164997244766
2012-04-29 00:00:00,2012,4,29,0,1335657600,27.18905792576617,4.991674297387086,98.39319423734852,0.2555892994248491,0.0,0.08379423929188679,0.1,3.352975950628358
2012-04-29 06:00:00,2012,4,29,6,1335679200,30.198759562493507,5.323121469036664,98.45087301210161,0.033918218870473416,0.0,0.10056324936200116,0.1235267101852071,3.2187896827048372
2012-04-29 12:00:00,2012,4,29,12,1335700800,34.98394532306335,8.444983544958077,98.21746510350965,21.412036858969962,0.0,0.08862179206768193,0.1,6.428707679905919
2012-04-29 18:00:00,2012,4,29,18,1335722400,31.477478507994732,9.047659465485227,97.60490115833093,0.6423865705483264,0.0,0.09042832719055446,0.1,3.821493596834673
2012-04-30 00:00:00,2012,4,30,0,1335744000,28.125379857814572,5.414727135107293,97.96364311022683,0.9714494741430846,0.0,0.08813386872960856,0.1,3.357432540623431
2012-04-30 06:00:00,2012,4,30,6,1335765600,32.80280755677463,7.724198643883401,97.45111161456052,0.9690545787396062,0.0,0.11329471096731941,0.1,3.7023505755215202
2012-04-30 12:00:00,2012,4,30,12,1335787200,37.60862826023097,6.0195955390343,97.68351366803276,21.57499293705812,0.0,0.11116025704056572,0.1,6.448264801399379
2012-04-30 18:00:00,2012,4,30,18,1335808800,33.5513073579818,6.856133409247792,98.36984473880598,0.37206044320841497,0.0,0.0959214724045656,0.11651463139915547,3.3686409957769192
2012-05-01 00:00:00,2012,5,1,0,1335830400,25.471799890948823,4.84655978265749,98.3021740932162,0.7011927149979875,0.0,0.08,0.1,2.7928374426895206
2012-05-01 06:00:00,2012,5,1,6,1335852000,33.4467201248134,6.259057377427145,97.7903442676855,0.06148197363911434,0.0,0.13296302410528388,0.1,3.5415754917341733
2012-05-01 12:00:00,2012,5,1,12,1335873600,36.728487954209484,6.147628974015788,97.87446236107098,21.748000260609366,0.0,0.1202911687804899,0.1,6.67386184209448
2012-05-01 18:00:00,2012,5,1,18,1335895200,30.973121446514607,4.869169993299595,98.27806302858643,0.47755768708991403,0.0,0.10839887635387001,0.1,3.6276881203798017
2012-05-02 00:00:00,2012,5,2,0,1335916800,24.111408843943906,5.534903480462031,98.16717981728482,0.5261540705408838,0.0,0.12983972588387344,0.1,3.1848807155720564
2012-05-02 06:00:00,2012,5,2,6,1335938400,31.742892726569906,7.960408705599381,97.81652340319829,0.3160341889086803,0.0,0.09686399478010432,0.1,3.4561067394493716
2012-05-02 12:00:00,2012,5,2,12,1335960000,38.11132704358537,7.988658747720307,97.70676551134028,21.63541610485035,0.0,0.08197633473544223,0.10195064212603921,6.7574994382057
2012-05-02 18:00:00,2012,5,2,18,1335981600,31.182061477985393,4.830373613685519,98.49325447707544,0.06672194379557544,0.0,0.1320772154821349,0.1,3.5144327183683775
2012-05-03 00:00:00,2012,5,3,0,1336003200,27.091487375790674,5.312410551223316,98.00535688077956,0.11929889370134261,0.0,0.11177468915791908,0.10031817457747755,2.7962064485533014
2012-05-03 06:00:00,2012,5,3,6,1336024800,30.879644837521155,6.895414342637375,97.98744550176022,0.6673815427964396,0.0,0.1195920932364749,0.1,3.2652704338234613
2012-05-03 12:00:00,2012,5,3,12,1336046400,37.078072699689315,7.372930349782572,98.28913068075843,21.989705097539854,0.0,0.13221411126348884,0.1,6.8481826530956305
2012-05-03 18:00:00,2012,5,3,18,1336068000,30.616771793224718,8.52291874611522,97.81772804560684,0.7251157959541452,0.0,0.12618301727148673,0.1,3.811249558546516
2012-05-04 00:00:00,2012,5,4,0,1336089600,26.780758217125058,7.88302445310112,97.61247517941153,0.9236430292150152,0.0,0.08,0.1,2.8285604311822907
2012-05-04 06:00:00,2012,5,4,6,1336111200,32.98451116119339,5.059869124835679,98.0049983213721,0.054990592937438354,0.0,0.08,0.1,3.1609508108352657
2012-05-04 12:00:00,2012,5,4,12,1336132800,36.973859922772675,5.599480954122929,97.83495960093181,21.72450996847732,0.0,0.08483344494134491,0.1,6.190387995688459
2012-05-04 18:00:00,2012,5,4,18,1336154400,31.095200454682264,6.294556451471452,97.94122559506424,0.8121427738934508,0.0,0.1405178359980931,0.1,3.924977082605254
2012-05-05 00:00:00,2012,5,5,0,1336176000,26.038014457076585,5.99658426053254,98.09491735593468,0.9122082091293849,0.0,0.08,0.1,2.9806519118630237
2012-05-05 06:00:00,2012,5,5,6,1336197600,32.10660677827288,7.553505477134746,98.33298059589211,0.3169910151260181,0.0,0.11678299042423801,0.1,4.213893072917281
2012-05-05 12:00:00,2012,5,5,12,1336219200,35.201033380080716,6.01215436249681,97.94534533533434,22.227676188086974,0.0,0.11644344346161863,0.1,6.57881913569409
2012-05-05 18:00:00,2012,5,5,18,1336240800,31.029285404408316,5.114115872228645,97.70364635164515,0.3183384867751317,0.0,0.11937568845873799,0.10783267531019146,3.3397136169503328
2012-05-06 00:00:00,2012,5,6,0,1336262400,26.05603000282654,7.383286144845066,97.9111862072287,0.5751085521824426,0.0,0.1715996246410466,0.1,3.0743014137330524
2012-05-06 06:00:00,2012,5,6,6,1336284000,31.743706147574592,5.470997444625376,97.56662457139902,0.27720419170402133,0.0,0.09945356824478079,0.1,3.513594910815052
2012-05-06 12:00:00,2012,5,6,12,1336305600,36.92214366855373,8.517122129534464,97.90718300695256,22.283453422126694,0.0,0.12815326664789592,0.1,6.932564340528218
2012-05-06 18:00:00,2012,5,6,18,1336327200,34.28175102552813,7.16230401737341,98.04343262599743,0.7178843697974551,0.0,0.08,0.1,3.520485297228631
2012-05-07 00:00:00,2012,5,7,0,1336348800,26.662429419933183,4.807382190211322,97.53818611664421,0.37513455343308866,0.0,0.14145591186385686,0.1,3.468595723669012
2012-05-07 06:00:00,2012,5,7,6,1336370400,34.34070253665048,4.963842717655934,97.582553321144,0.6015836068280154,0.0,0.14815054733859737,0.10284859673827842,3.49582832566829
2012-05-07 12:00:00,2012,5,7,12,1336392000,38.909993547068666,6.661491084613394,98.1358428513245,21.964235768889225,0.0,0.12127529434271161,0.10062630245289558,7.043917624276254
2012-05-07 18:00:00,2012,5,7,18,1336413600,32.968998198017694,7.868666261188706,98.05641387312308,0.25646046735957906,0.0,0.1364549576008284,0.1169125927642787,3.9710030293888314
2012-05-08 00:00:00,2012,5,8,0,1336435200,25.595436016467584,5.81468023936,97.80310275440755,0.9804596579919344,0.0,0.12431166677083602,0.1,2.8754315853570964
2012-05-08 06:00:00,2012,5,8,6,1336456800,33.18106371928046,6.492818803874964,97.45115139767444,0.8697957686512324,0.0,0.13108720585055955,0.1,3.9068139933530266
2012-05-08 12:00:00,2012,5,8,12,1336478400,36.55428423494359,6.621120590900916,97.54190773198283,22.0946580785291,0.0,0.12105643040267104,0.1,6.9459484776951275
2012-05-08 18:00:00,2012,5,8,18,1336500000,32.922329178604684,5.6494370889905845,97.77525776685076,0.12772658256106884,0.0,0.11827083802891708,0.1054523814249714,3.6380525732481392
2012-05-09 00:00:00,2012,5,9,0,1336521600,26.120202782875,5.580630032519985,98.09865218412975,0.7871826348571306,0.0,0.15405563605977635,0.1,3.637238678616344
2012-05-09 06:00:00,2012,5,9,6,1336543200,31.690719274617894,7.28260363268001,98.11681895828227,0.05971662054848903,0.0,0.10484635956550409,0.12598016240549453,3.1369506748103335
2012-05-09 12:00:00,2012,5,9,12,1336564800,37.726605326428896,7.656784360966546,97.81338334098112,22.599197090174123,0.0,0.09726948419349685,0.10234624964434555,6.550592746626488
2012-05-09 18:00:00,2012,5,9,18,1336586400,33.35782089729749,4.972404605172682,97.32338468320178,0.3129214571849772,0.0,0.09350998641971965,0.13595744110158364,3.4973102972752397
2012-05-10 00:00:00,2012,5,10,0,1336608000,28.709557081493568,5.486471990597346,97.84938138012183,0.4022095222931825,0.0,0.1250803547366945,0.1,3.3670466788274274
2012-05-10 06:00:00,2012,5,10,6,1336629600,31.43933439702449,10.854593749840863,98.5539865322522,0.2957503523871936,1.0648827071198637,0.11192275293745728,0.10987965749766998,3.841474611646027
2012-05-10 12:00:00,2012,5,10,12,1336651200,37.462648554843035,4.663481485595223,97.31384691702257,22.06081433490497,0.0,0.1554155613994631,0.12249811720100234,7.092370782194282
2012-05-10 18:00:00,2012,5,10,18,1336672800,33.78321508447826,7.141538438752632,97.70444038589166,0.6806867110382465,0.0,0.11728361057818201,0.11893066906146868,4.116607306231385
2012-05-11 00:00:00,2012,5,11,0,1336694400,27.49971467075244,5.200744236603649,97.68077301086323,0.23154740017127706,0.0,0.13095241545236228,0.10410715273395933,3.2569059947733905
2012-05-11 06:00:00,2012,5,11,6,1336716000,31.298767322004814,4.916903826540708,98.01009393986025,0.5893773680964506,0.0,0.13090836928494526,0.1,3.654666990174348
2012-05-11 12:00:00,2012,5,11,12,1336737600,38.098503886957154,5.348844537212377,97.57035443426349,22.730133062195108,0.0,0.10590396318904066,0.1,6.731996442748175
2012-05-11 18:00:00,2012,5,11,18,1336759200,33.21063470121702,4.844461931674794,98.41446933673502,0.7267081546258327,0.0,0.13405757493291012,0.10158757876024874,4.108003993332077
2012-05-12 00:00:00,2012,5,12,0,1336780800,26.435043953627886,5.632089501929315,97.91130404102836,0.9090134344947225,0.0,0.17287273397430475,0.1,3.1476481514439585
2012-05-12 06:00:00,2012,5,12,6,1336802400,34.72192620697567,7.210352250760819,97.91196908915599,0.9077840300365152,0.0,0.11614839940851256,0.11147077512062253,4.180443696105043
2012-05-12 12:00:00,2012,5,12,12,1336824000,36.31103681490359,4.915153498646996,98.14783993125891,21.987410347401546,0.0,0.15690743723287096,0.1,6.773835528572052
2012-05-12 18:00:00,2012,5,12,18,1336845600,30.429329043613834,4.785939987889562,98.04494695517786,0.41366284924909225,0.0,0.10303424437810789,0.1,3.0437838430628728
2012-05-13 00:00:00,2012,5,13,0,1336867200,26.80471350787046,5.569947771491406,97.69079867111378,0.9215385213994284,0.0,0.15289166080296737,0.12849903078238376,3.131668660005638
2012-05-13 06:00:00,2012,5,13,6,1336888800,33.332504544483726,5.521408811933448,97.87778257115718,0.6910441150956951,5.716218382855573,0.21849162584896467,0.1025037322977907,4.266694699608872
2012-05-13 12:00:00,2012,5,13,12,1336910400,43.10894190179863,5.051549799891691,97.27111331508175,22.850297212063218,0.0,0.10913810363211482,0.11815897850134612,7.169047405824459
2012-05-13 18:00:00,2012,5,13,18,1336932000,33.427559705444565,5.499247784289826,98.1429084798805,0.8006165784021779,0.0,0.14198768562124803,0.11748706053428583,4.155598274472189
2012-05-14 00:00:00,2012,5,14,0,1336953600,27.419746533503506,6.440017530184494,97.63354735223066,0.8581373869257413,0.0,0.10542294347690373,0.11221696657499802,3.108133000337351
2012-05-14 06:00:00,2012,5,14,6,1336975200,31.101220366109395,6.1253648268183225,97.81497654598697,0.0716369002174505,0.0,0.13333985084827968,0.1,3.4928653356199404
2012-05-14 12:00:00,2012,5,14,12,1336996800,38.717647966437816,4.653067377235258,97.89647842628126,22.600143704091604,0.0,0.11368408051029094,0.12081788752462998,6.912448705728247
2012-05-14 18:00:00,2012,5,14,18,1337018400,33.172738586702344,6.921910530770419,98.14640936889832,0.9613380850454014,0.0,0.14986404094785372,0.1,3.849761727799507
2012-05-15 00:00:00,2012,5,15,0,1337040000,27.94008901617402,7.978578525246946,97.79092475203008,0.37757026939891347,0.0,0.14549874356423087,0.1,3.2142325390166633
2012-05-15 06:00:00,2012,5,15,6,1337061600,31.323836687364896,7.115275020552409,98.19696177275615,0.5244742050843466,0.0,0.1381933092511001,0.1,3.5754664387914823
2012-05-15 12:00:00,2012,5,15,12,1337083200,37.43602406532575,7.2783320769767155,97.77544053280486,22.134094825702498,0.0,0.12426719848577769,0.10357971393218512,6.576077550861857
2012-05-15 18:00:00,2012,5,15,18,1337104800,32.65548527819551,4.673838204346758,98.23530745592616,0.8524613035016436,0.0,0.11869284167969922,0.1,3.6186695840166396
2012-05-16 00:00:00,2012,5,16,0,1337126400,28.02321940589958,5.492582417383634,97.66914170660777,0.41813859148249566,0.0,0.11248606931156097,0.1,3.3643704894521633
2012-05-16 06:00:00,2012,5,16,6,1337148000,32.6271967418717,8.940560997701645,98.03689303768162,0.21698017903845634,0.0,0.14607084600065656,0.11671983907103842,3.9286904407355348
2012-05-16 12:00:00,2012,5,16,12,1337169600,40.02042252237373,4.579965221005542,98.2508335161866,22.287776929370356,0.0,0.14638539637468306,0.13805264514154825,7.0825709325282284
2012-05-16 18:00:00,2012,5,16,18,1337191200,31.59234770318133,7.731963580483722,98.56080171905742,0.9832678138527566,0.0,0.14190769822560173,0.13781586596011045,4.297894824179893
2012-05-17 00:00:00,2012,5,17,0,1337212800,30.21200943153824,4.543369260503001,97.87347396957527,0.30252482035250194,0.0,0.1536620240551971,0.1,3.477661570354735
2012-05-17 06:00:00,2012,5,17,6,1337234400,31.122456218755747,8.809194523972206,98.46833904619035,0.6758187402629628,0.0,0.16525748792662015,0.1,3.6747778338828896
2012-05-17 12:00:00,2012,5,17,12,1337256000,36.438688720497325,4.604917654862971,97.9461692229551,22.900353597598627,0.0,0.12356555964789764,0.10387686968302412,6.827167213581077
2012-05-17 18:00:00,2012,5,17,18,1337277600,30.355700417031095,5.160126379254906,97.82967616725053,0.29652711604244536,0.0,0.15239026211220502,0.12591670467860833,3.5698899382126505
2012-05-18 00:00:00,2012,5,18,0,1337299200,26.222612102112734,6.3241998458875015,98.06269590645296,0.1365592887804028,0.0,0.16770095709774152,0.10431368089708197,3.2400655921388064
2012-05-18 06:00:00,2012,5,18,6,1337320800,29.582497159594517,5.608879578995349,97.48190827913973,0.8998534182332177,0.0,0.16900925977784376,0.16150273154933356,3.9919874516642033
2012-05-18 12:00:00,2012,5,18,12,1337342400,40.28510844003783,4.869953696016735,98.35424250080612,22.900536140341035,0.0,0.11440804142684993,0.14598374070134704,6.851574855584677
2012-05-18 18:00:00,2012,5,18,18,1337364000,32.56245048870409,6.323846018741808,98.13727364196836,0.03419677207295396,0.0,0.1638108693920943,0.12306251728290955,3.8920645219125305
2012-05-19 00:00:00,2012,5,19,0,1337385600,26.584316596767078,6.455726751169619,97.08831409999601,0.5154631693891354,7.249643599308815,0.23884653972399883,0.10572590615358583,3.6010866224584337
2012-05-19 06:00:00,2012,5,19,6,1337407200,32.62334225089933,6.197355211806542,97.55854824384834,0.48627391585431423,0.0,0.15224131741251046,0.1540731813705357,3.8326209118829837
2012-05-19 12:00:00,2012,5,19,12,1337428800,36.06362446053078,5.718938159036052,97.27895409656828,22.34976319422857,0.0,0.14053163301183416,0.13262103105297163,7.08841448726021
2012-05-19 18:00:00,2012,5,19,18,1337450400,34.17212341228748,10.813832610140288,97.30952493981992,0.7901714913456591,0.0,0.13025816753935132,0.1503846198933736,3.919720902481553
2012-05-20 00:00:00,2012,5,20,0,1337472000,26.824171445821797,8.24983058842175,97.64828936560251,0.40261473172480877,0.0,0.14986145268023962,0.14379284121627628,3.5233903770861876
2012-05-20 06:00:00,2012,5,20,6,1337493600,32.92613571760826,5.808309090016163,97.8353509652556,0.15810358987694606,0.0,0.17648592949173536,0.16199610453188523,4.314369452782985
2012-05-20 12:00:00,2012,5,20,12,1337515200,39.278078930073754,4.857360033060771,97.45434261270599,22.406581705785495,0.0,0.17531806637799424,0.14982787829679162,6.8912148003393465
2012-05-20 18:00:00,2012,5,20,18,1337536800,33.28286678190093,5.380588923453589,97.5213511148501,0.6252798334448636,0.0,0.16413648679433654,0.1406273567767773,3.799238958630653
2012-05-21 00:00:00,2012,5,21,0,1337558400,28.099859862894498,4.611576115271188,98.36347728243204,0.4016817549974888,0.0,0.16510565996193896,0.10943808624720436,3.304609683551183
2012-05-21 06:00:00,2012,5,21,6,1337580000,31.13617768717969,6.751406672485576,97.7999215004579,0.14290991779617657,0.0,0.16601520748203463,0.12555674981944095,3.9645316515635898
2012-05-21 12:00:00,2012,5,21,12,1337601600,37.60198951916468,4.746995070629652,97.9133112166805,22.86637184162712,0.0,0.1200973579159118,0.1,6.522634256409164
2012-05-21 18:00:00,2012,5,21,18,1337623200,34.22286875156185,7.21184723577342,97.61045861650697,0.17147928713378277,0.0,0.13706910707567518,0.1323361797059235,3.916439911859788
2012-05-22 00:00:00,2012,5,22,0,1337644800,29.646902228887566,5.5494415216782755,97.71560181590011,0.36868177656171774,0.0,0.1681645270311444,0.16859653897409213,3.433300198026288
2012-05-22 06:00:00,2012,5,22,6,1337666400,33.05495326937161,5.857693890845703,97.38759274461222,0.6936331822977513,0.0,0.16273797406312174,0.1741238764325604,4.139150662152212
2012-05-22 12:00:00,2012,5,22,12,1337688000,38.535618098325415,5.6509040485863835,97.54900006662808,22.40233078428817,0.0,0.16686971639956782,0.1509059332966305,7.146532503742965
2012-05-22 18:00:00,2012,5,22,18,1337709600,33.24159552785869,4.8646366631211455,97.00495381552463,0.5956088673154988,0.0,0.1439808224223234,0.16176539650319188,4.148182007814662
2012-05-23 00:00:00,2012,5,23,0,1337731200,27.1777520836211,6.5600570567178345,97.3899468589703,0.5094251144294117,0.0,0.1487389481017814,0.11394532121003434,3.4276752227815885
2012-05-23 06:00:00,2012,5,23,6,1337752800,29.035296380315284,6.631043060566323,98.12806796857795,0.711243687748127,0.0,0.16534933948708774,0.11320609289898936,3.967302555290428
2012-05-23 12:00:00,2012,5,23,12,1337774400,37.53831052722648,8.336695297779924,97.45758944061129,23.41911065798302,0.0,0.15885701485664352,0.10415711184761825,6.765593057148731
2012-05-23 18:00:00,2012,5,23,18,1337796000,34.14699100020297,4.660509024246978,97.77551579678908,0.9058925952634379,0.0,0.15725528855004384,0.1432382879449539,3.9586532123859666
2012-05-24 00:00:00,2012,5,24,0,1337817600,27.232832397922234,8.075223069540591,97.84795151962312,0.46156073907507944,0.0,0.154686267823473,0.13528492897788028,3.6884774146034776
2012-05-24 06:00:00,2012,5,24,6,1337839200,30.556653435017704,5.151390851054831,97.69703408124353,0.22852422338596023,0.0,0.1672147612701272,0.13885019440621715,3.6036637358572325
2012-05-24 12:00:00,2012,5,24,12,1337860800,36.91761320592316,5.964588513234708,97.77267949742325,22.528538315630815,0.0,0.1671668701581899,0.17886351733217357,6.8920249459013485
2012-05-24 18:00:00,2012,5,24,18,1337882400,33.86702772944428,5.6879720224357,97.39346317758019,0.9944873857441036,11.942681819014139,0.32013375036904423,0.14937798876934769,4.552195790843354
2012-05-25 00:00:00,2012,5,25,0,1337904000,26.29814792774574,5.634304661632669,98.04196172814518,0.765617016761267,0.0,0.1908012259973422,0.16768831311739435,3.702543792281365
2012-05-25 06:00:00,2012,5,25,6,1337925600,33.946674289640654,5.895323761588955,97.40866796564907,0.5534623061354127,0.0,0.17687442676065487,0.1437144545682372,4.250468006577759
2012-05-25 12:00:00,2012,5,25,12,1337947200,36.68057827549198,6.397877037730207,97.64762418901749,23.08809186010573,0.0,0.1729535630213414,0.18610599807922354,7.268145724566429
2012-05-25 18:00:00,2012,5,25,18,1337968800,35.55784434811842,6.265611430453893,97.50743271591176,0.9107564375647662,0.0,0.1421268220083424,0.13295869275156177,4.132814535099545
2012-05-26 00:00:00,2012,5,26,0,1337990400,26.828417157650467,5.323746332850662,97.4049763534593,0.16127388916512375,0.0,0.13759244372365398,0.11051813967431932,3.298430803894209
2012-05-26 06:00:00,2012,5,26,6,1338012000,35.320536686893135,4.528759190808751,97.4556469421777,0.8055102535937608,0.0,0.15410770880394195,0.1565213150956847,4.548916914205918
2012-05-26 12:00:00,2012,5,26,12,1338033600,37.06134828379451,5.227183625842646,98.05930668632837,23.42086875274974,0.0,0.18691537563236196,0.14509224913444985,6.959223311173836
2012-05-26 18:00:00,2012,5,26,18,1338055200,30.902497681205148,6.227164481498854,98.14848826013282,0.19633622078483723,0.0,0.18662011406358678,0.13122637480089067,3.7605266093882848
2012-05-27 00:00:00,2012,5,27,0,1338076800,27.09743129410074,7.986229328992653,97.75780400356518,0.6568697377225371,0.0,0.18991005394911475,0.18686732869041878,3.9582590150665635
2012-05-27 06:00:00,2012,5,27,6,1338098400,32.55672315720209,5.294137190287881,96.91603625923874,0.2936635916185779,0.0,0.174125382976006,0.18237017037948092,3.916652623659023
2012-05-27 12:00:00,2012,5,27,12,1338120000,38.962617238931486,4.9474516369340735,97.56149151548802,22.824569353123763,0.0,0.17959327764143462,0.18101534637068611,7.203954396915455
2012-05-27 18:00:00,2012,5,27,18,1338141600,34.956815003264175,5.896460536398595,97.14432984596512,0.17735502174080853,0.0,0.16302297875241822,0.16165134493942085,4.197467146354029
2012-05-28 00:00:00,2012,5,28,0,1338163200,27.318888910838922,4.544842223912937,97.45365825978169,0.8630251110961629,1.8517747576553745,0.1902555966147587,0.12120350985770695,3.7619000142469776
2012-05-28 06:00:00,2012,5,28,6,1338184800,32.708779662957,5.232048949887587,97.94860468261552,0.6064553562506624,0.0,0.14531212438158775,0.1910375521127189,4.041283514755615
2012-05-28 12:00:00,2012,5,28,12,1338206400,39.495524627808976,4.713780243378945,97.92743484246726,23.169384173734056,0.0,0.17910926662115226,0.16786605776951796,7.562475903235656
2012-05-28 18:00:00,2012,5,28,18,1338228000,32.258486635417995,4.7217681667303975,97.24972871365594,0.0016386387170325082,0.0,0.1713951571246134,0.18744514121133993,3.684324950744909
2012-05-29 00:00:00,2012,5,29,0,1338249600,29.422686091862833,5.157822923818125,97.78206172509076,0.19484647591015636,15.574861243540113,0.32788677320615717,0.19737636810588838,4.511107772518094
2012-05-29 06:00:00,2012,5,29,6,1338271200,32.375161599848994,5.390210437051026,97.78277490844786,0.6644374111692345,19.400293687890485,0.3555856310396344,0.19179866348160526,4.539107947547749
2012-05-29 12:00:00,2012,5,29,12,1338292800,38.966842334614036,7.3114718594016495,97.44677482213174,23.120867820886804,0.0,0.20438277141255945,0.17458160061039543,7.093902979892437
2012-05-29 18:00:00,2012,5,29,18,1338314400,30.950748233900008,5.262344936508253,97.59435338536218,0.2545106556392548,8.931651450324976,0.25859906088289464,0.16039827776452997,4.154936634932182
2012-05-30 00:00:00,2012,5,30,0,1338336000,29.650196606474466,6.859042384236795,97.50532067316477,0.6256012186706456,0.0,0.1589632485816,0.1694899232367022,3.917424797755429
2012-05-30 06:00:00,2012,5,30,6,1338357600,32.64544353981183,8.234722987638722,97.51228320686008,0.0649600492661283,0.0,0.1660053222419269,0.17828715714753543,4.1681126565133155
2012-05-30 12:00:00,2012,5,30,12,1338379200,38.325189061520504,6.786486860908309,97.96695009913707,22.889524702721527,0.0,0.17269005522454164,0.199520187505888,7.265247463181246
2012-05-30 18:00:00,2012,5,30,18,1338400800,34.913644401751924,5.946005060564244,97.09019412550444,0.5764071639920789,0.0,0.1588808891769206,0.2215874371362554,4.312642993376842
2012-05-31 00:00:00,2012,5,31,0,1338422400,27.503263903545445,5.886844083212664,97.88403004224861,0.7574751279660161,0.0,0.20664153687769027,0.15595582949589307,3.749727232434352
2012-05-31 06:00:00,2012,5,31,6,1338444000,35.71348016337899,8.208117743588831,97.59205308803428,0.45256940198677253,0.0,0.1577255006226036,0.17499849141200102,4.215300490482541
2012-05-31 12:00:00,2012,5,31,12,1338465600,39.50288370458851,6.319863577154236,97.89804858566829,22.891707442685053,0.0,0.16188967722481112,0.1913563560901153,6.993908645528868
2012-05-31 18:00:00,2012,5,31,18,1338487200,35.39149498237549,4.546075238324984,97.9192624638302,0.10368316471110706,36.84590576821129,0.48,0.1461717688241651,5.275236271432967
2012-06-01 00:00:00,2012,6,1,0,1338508800,29.959815832484743,5.8093767267956045,98.1202488809195,0.41506606437642424,0.0,0.16548892095746562,0.1692611679823005,3.8032019010162896
2012-06-01 06:00:00,2012,6,1,6,1338530400,33.503567006914714,4.972945189913835,97.5483326881857,0.6367372505908155,10.957856987937674,0.30582665734475306,0.22869770019642433,4.894564797020384
2012-06-01 12:00:00,2012,6,1,12,1338552000,40.07312696857577,4.377117021954136,97.74902894555504,23.272187030643842,6.463433476688096,0.22316765758509505,0.22025772369928734,7.635780362078641
2012-06-01 18:00:00,2012,6,1,18,1338573600,32.3603242257233,6.47929893781707,97.37380271807352,0.19454323880368063,10.16344238737261,0.29907130827121897,0.18842194703043488,5.176435799630635
2012-06-02 00:00:00,2012,6,2,0,1338595200,29.99130650871236,5.32304382219465,97.77175592367487,0.9059259513417606,3.369475974865039,0.24981467178810446,0.1688760655792217,4.1037451543046615
2012-06-02 06:00:00,2012,6,2,6,1338616800,34.57647411588565,4.668223522743612,97.26660958109198,0.8980631671627163,0.0,0.19267446255002113,0.19872950086131932,4.286920591468764
2012-06-02 12:00:00,2012,6,2,12,1338638400,38.00122926484084,4.423717392404614,97.57196898385361,23.15448815035644,12.306557904913687,0.30145803441278074,0.18004107047418244,7.519609823244286
2012-06-02 18:00:00,2012,6,2,18,1338660000,32.45683800563474,4.410368870191992,97.59009326632889,0.7069947122615967,0.0,0.17817413671721177,0.21838335492369534,4.186340600338096
2012-06-03 00:00:00,2012,6,3,0,1338681600,28.246801860532454,11.552554065326653,97.4371768901542,0.21597981327447124,0.0,0.2147870294769032,0.24327255369124637,4.401101033685393
2012-06-03 06:00:00,2012,6,3,6,1338703200,31.422176051156043,6.521521203413952,98.02538491119526,0.4066710413367819,9.731642688343191,0.30465795219816405,0.20675095578748712,4.945259635094238
2012-06-03 12:00:00,2012,6,3,12,1338724800,41.76274037964374,6.259815123074945,97.8438918289444,23.589449202888254,0.0,0.1920724608310495,0.21641381092894404,8.073476942620374
2012-06-03 18:00:00,2012,6,3,18,1338746400,35.92178881174462,4.659627067732748,97.39944739478725,0.8766991547618049,3.397096173447029,0.18566721364297167,0.20515172636893017,4.3982196473336925
2012-06-04 00:00:00,2012,6,4,0,1338768000,28.759720497790756,5.425079672874032,97.19482922037518,0.05639767557808606,0.0,0.14710193542229275,0.2192237528348443,3.903532142366508
2012-06-04 06:00:00,2012,6,4,6,1338789600,35.79050275217922,6.924469245870933,97.45468537370274,0.5995648914939804,4.399506264631087,0.2741304420161137,0.20683623461912368,4.829728226813947
2012-06-04 12:00:00,2012,6,4,12,1338811200,40.23935262380509,4.357350048147406,97.21917938245069,23.186729356672565,4.844969820713908,0.2402589535915217,0.23339738845705027,7.791943510591216
2012-06-04 18:00:00,2012,6,4,18,1338832800,34.291748543249454,5.203470095351168,97.78102913222429,0.5290967131260543,0.0,0.17641564718174885,0.15296388838283836,3.9436050273003658
2012-06-05 00:00:00,2012,6,5,0,1338854400,30.806721804184207,4.215623642299281,97.59862989947975,0.38978108080157226,0.0,0.18087761440543942,0.19063712878849298,4.151545608038488
2012-06-05 06:00:00,2012,6,5,6,1338876000,33.87208494816154,4.176679409915248,97.75979819360062,0.3968198226752554,0.0,0.20624345679662368,0.24950226156736965,4.1823738809082815
2012-06-05 12:00:00,2012,6,5,12,1338897600,37.454780094614215,4.260041161429231,97.54002824088718,23.51341741468142,0.0,0.1798960869530553,0.2781458690428923,7.301779295424796
2012-06-05 18:00:00,2012,6,5,18,1338919200,34.72335832098739,6.502279983630396,97.58599210965495,0.7416437416460185,9.454609092479982,0.32402346084132383,0.20136916184865478,4.827284866781353
2012-06-06 00:00:00,2012,6,6,0,1338940800,29.333624167949793,4.413195985735672,96.98176849516686,0.17885796843486346,2.618930391096712,0.22875312430142775,0.21488288545333487,4.179825668168321
2012-06-06 06:00:00,2012,6,6,6,1338962400,35.023414155621225,4.287208662160864,97.77559753378716,0.1584576567787952,7.349913206395592,0.2853340495817097,0.2319687437180117,4.606776775119627
2012-06-06 12:00:00,2012,6,6,12,1338984000,40.0945787969295,4.6987926405565155,97.06945408315468,23.699451004419938,0.0,0.1775341269775137,0.2088900422078024,7.204416152732037
2012-06-06 18:00:00,2012,6,6,18,1339005600,31.643268086696345,4.223716656867968,97.47536424140753,0.30094479135998153,0.0,0.19944070853975504,0.2164649122765128,4.409118078565835
2012-06-07 00:00:00,2012,6,7,0,1339027200,26.39403718137553,5.562772664252571,98.01517888455646,0.619084819015585,0.0,0.17248628825688736,0.14900678193764647,3.5018406097697725
2012-06-07 06:00:00,2012,6,7,6,1339048800,35.74191775404931,4.61387458232984,97.27455348846556,0.7654928012700768,0.0,0.20547635116484056,0.18541132513217967,4.745080423499288
2012-06-07 12:00:00,2012,6,7,12,1339070400,36.12707325598883,4.668490474565067,97.80430204981911,23.655851436423937,10.36261515048447,0.28966286717290063,0.24937799459684423,7.764455321330852
2012-06-07 18:00:00,2012,6,7,18,1339092000,33.33844325926287,6.407688353343277,97.40325893527611,0.7574686188933635,13.212962560145627,0.35126910709771997,0.24658265036072738,4.883603429994031
2012-06-08 00:00:00,2012,6,8,0,1339113600,30.188444203090423,4.213979906628093,97.74862950308739,0.36469380625551895,0.0,0.19015447356562734,0.23017790553277684,3.6070666910904072
2012-06-08 06:00:00,2012,6,8,6,1339135200,33.11096369655106,4.2024489742034685,97.17216745926375,0.9504451812778826,0.0,0.18739137946891046,0.19689338906362114,4.53467734886562
2012-06-08 12:00:00,2012,6,8,12,1339156800,38.252011743498386,5.191542845139835,97.15910648427216,23.493041826251208,16.715224418290685,0.35944378616530104,0.2503595189376655,8.247833792202794
2012-06-08 18:00:00,2012,6,8,18,1339178400,33.68927695532334,5.442195869540131,97.88264175632294,0.4724276563207423,0.0,0.15986966436657885,0.17544377233546582,4.439321671340682
2012-06-09 00:00:00,2012,6,9,0,1339200000,29.526424498783292,4.43899154636601,97.2506890961414,0.4747547198027918,0.0,0.23584928156848844,0.2512157510029682,4.119806407839826
2012-06-09 06:00:00,2012,6,9,6,1339221600,33.87877524353735,6.724386969674347,97.51591937620609,0.07854823658475751,0.0,0.18777187563345205,0.20503334594121786,4.092709450776892
2012-06-09 12:00:00,2012,6,9,12,1339243200,37.40966449357857,8.234063260698086,98.10311677498485,22.96616506494724,6.8373153793135355,0.26299244373375014,0.21806793723494816,7.596451551048936
2012-06-09 18:00:00,2012,6,9,18,1339264800,35.122922416595244,8.563015444143002,97.29978577482416,0.06896020006512496,0.0,0.20548215432268835,0.22083192430254447,4.676382061384064
2012-06-10 00:00:00,2012,6,10,0,1339286400,27.746359382084293,19.915083629309212,97.74986402799833,0.2848295823568653,0.0,0.24132004387787104,0.2944274525817949,4.949808843263512
2012-06-10 06:00:00,2012,6,10,6,1339308000,35.3748123827386,4.843910677110826,96.6590412481842,0.7754480455881971,5.8654643472451795,0.23711138461368633,0.1702999221384749,4.540995309903603
2012-06-10 12:00:00,2012,6,10,12,1339329600,37.81082006346318,6.380048629853046,97.6393148018496,23.141232117286897,0.0,0.2272484129719167,0.29832634902510163,7.7348491460594815
2012-06-10 18:00:00,2012,6,10,18,1339351200,36.253041795213164,4.461214566558547,97.52581486985663,0.884725439316119,0.0,0.19948254212655617,0.29924643538341616,4.85927450118926
2012-06-11 00:00:00,2012,6,11,0,1339372800,28.684047276083874,4.984558041480528,97.68435032125868,0.13189793131948668,5.7422436277945526,0.30544477873793036,0.2751330109735785,4.435001467293812
2012-06-11 06:00:00,2012,6,11,6,1339394400,33.13633905693689,5.736571624746059,97.63344544697215,0.25425921704155663,0.0,0.23141555298888244,0.30018203487664796,4.811121557941982
2012-06-11 12:00:00,2012,6,11,12,1339416000,39.88264621341803,4.660253728720265,97.45213864738763,23.48986578079121,3.2099115066649353,0.24954860191121692,0.2325866634154167,7.785491606768412
2012-06-11 18:00:00,2012,6,11,18,1339437600,33.22655515699268,4.006235094675264,97.05310870815468,0.44882799558654957,0.0,0.18652847174042553,0.27180598035721604,4.415709636528083
2012-06-12 00:00:00,2012,6,12,0,1339459200,28.550227950103544,4.826399410353658,97.8299069366769,0.8232414783964788,0.0,0.21543340228781596,0.26345235126082767,4.3396352488084275
2012-06-12 06:00:00,2012,6,12,6,1339480800,32.54558229512521,5.347820889154162,97.41008477753114,0.7048618687155999,8.508102384350103,0.2744413819113534,0.23994374562392506,4.728011257074048
2012-06-12 12:00:00,2012,6,12,12,1339502400,37.923754427467195,5.140505138566704,97.39996262371487,23.11510172377047,0.0,0.2268262133388545,0.2574525320728528,7.538456247227296
2012-06-12 18:00:00,2012,6,12,18,1339524000,34.09229897087483,8.174594754371487,97.4875338274044,0.43660317359713313,0.0,0.20530727595904283,0.2919322098004423,4.741522718137527
2012-06-13 00:00:00,2012,6,13,0,1339545600,28.397607328534615,6.806657661106758,97.69216893411436,0.5550999625626296,8.677369016032637,0.3277676808393437,0.29753079958744627,4.810892103371724
2012-06-13 06:00:00,2012,6,13,6,1339567200,30.973520386305335,4.7495816662000605,97.61624378569739,0.9675989271932903,0.0,0.2012128222540576,0.20254520842875723,4.012596179749798
2012-06-13 12:00:00,2012,6,13,12,1339588800,41.03421114147152,3.9531510314121014,97.61236793588887,23.04333407680462,3.7674095405382757,0.26117158227351467,0.24142180880007733,7.814986284832974
2012-06-13 18:00:00,2012,6,13,18,1339610400,36.57262771755803,4.637750025751645,97.89645698838167,0.6049701673463165,0.0,0.21789585377936913,0.22492840648959392,4.690425262296345
2012-06-14 00:00:00,2012,6,14,0,1339632000,29.578190371277415,5.901260217032745,97.17806265971825,0.13663190670916825,0.0,0.23755037903500262,0.2920114121702361,4.290598475836017
2012-06-14 06:00:00,2012,6,14,6,1339653600,36.01833713895697,5.54869896955627,97.4950363821442,0.8553342425009384,0.0,0.24074740676847495,0.23556275054271472,5.448947185746906
2012-06-14 12:00:00,2012,6,14,12,1339675200,40.03617759690487,7.663291172239887,97.58887444572593,23.517251038733637,14.147242728991415,0.39806082440812807,0.32586245065480934,8.654343186253062
2012-06-14 18:00:00,2012,6,14,18,1339696800,32.318256149771386,4.344775480184206,96.90677449235628,0.20992017419563894,0.0,0.2301667003191237,0.28483673221096706,4.291222257874915
2012-06-15 00:00:00,2012,6,15,0,1339718400,30.28332002985649,3.912788083658369,96.95095560889617,0.5838558566567517,15.867707679831051,0.36389292373526816,0.3156028139352523,4.830131339736603
2012-06-15 06:00:00,2012,6,15,6,1339740000,34.515155181009,7.115002180136493,97.72355230379672,0.3327568049767825,9.465311295033068,0.29206768887843504,0.255871641842339,5.239331320704115
2012-06-15 12:00:00,2012,6,15,12,1339761600,39.09676988058045,6.797583753510223,97.42246186675835,23.236609604745368,0.0,0.22226942052727824,0.2935351741152371,8.01018050198564
2012-06-15 18:00:00,2012,6,15,18,1339783200,31.607854519306002,4.55964549431127,96.93450465078931,0.00954135924852954,0.0,0.2209594106456282,0.3012731211576549,4.422001402883615
2012-06-16 00:00:00,2012,6,16,0,1339804800,28.76289297717527,9.174957675741874,97.34902177972492,0.674312704245835,0.0,0.2294498626075252,0.2793582715775078,4.470100216943541
2012-06-16 06:00:00,2012,6,16,6,1339826400,33.02475973311605,3.942891420180712,97.36349238281214,0.3864738907345262,0.0,0.24639793925722758,0.19167085141909357,4.334495407479192
2012-06-16 12:00:00,2012,6,16,12,1339848000,39.881618979274315,5.816228769957608,97.63234487571532,23.854713235109596,9.789832818480535,0.3109809849867088,0.2366588064335736,7.981499063725813
2012-06-16 18:00:00,2012,6,16,18,1339869600,33.3341530960513,12.1867458712353,97.1931043627395,0.9787291682859023,14.202510016489617,0.33259454435306546,0.26423516120274126,5.360294509704428
2012-06-17 00:00:00,2012,6,17,0,1339891200,27.37581737624125,6.758777294474303,97.51229163737612,0.4471350617706784,0.0,0.18318282332022182,0.2882439976937792,4.151431423156086
2012-06-17 06:00:00,2012,6,17,6,1339912800,33.42754690901481,10.314896443933756,97.20947415145525,0.4216727745513579,0.0,0.21394187006055893,0.22974635458429782,4.593277303379835
2012-06-17 12:00:00,2012,6,17,12,1339934400,38.4396092179897,4.732119797301563,98.08260964738932,23.670193567104295,0.0,0.2065668571804503,0.29689276061793896,7.586785889693146
2012-06-17 18:00:00,2012,6,17,18,1339956000,34.25094698330707,4.502138826857516,97.07245141880124,0.45706060675019916,0.0,0.22629051461313346,0.23543322138284734,4.502481772533409
2012-06-18 00:00:00,2012,6,18,0,1339977600,27.412954494896784,6.5593744047776,97.34789136969805,0.12772674602298584,0.0,0.24794070513302732,0.29950515600843186,4.012882026074216
2012-06-18 06:00:00,2012,6,18,6,1339999200,35.907470260079485,4.817016668147907,97.30229354689276,0.23269625059441712,3.960196196051593,0.2412745597499285,0.3470133683578701,4.361284201418476
2012-06-18 12:00:00,2012,6,18,12,1340020800,37.703588861372864,3.982689642972402,97.55544469606725,23.239869457181932,0.0,0.23407485958836616,0.2708266571866387,7.54186707390545
2012-06-18 18:00:00,2012,6,18,18,1340042400,31.897795444715523,4.3852178417107455,97.79769343747586,0.8869917776312808,16.663582033651828,0.37887349950058036,0.26390132508217307,5.1530644999518715
2012-06-19 00:00:00,2012,6,19,0,1340064000,29.182787811576972,4.154241081591016,97.37438143870082,0.36750596182140405,1.4716365800053197,0.2718329109359647,0.22527026865145283,3.6253570866301126
2012-06-19 06:00:00,2012,6,19,6,1340085600,31.840407887889143,4.521833043970577,96.96963630502877,0.9392468477366096,8.103436379007798,0.2917906271584975,0.2585631891604525,4.610737062692664
2012-06-19 12:00:00,2012,6,19,12,1340107200,38.381788527906835,4.718385690099846,97.98432385780451,23.259603768442297,6.81746749125398,0.2810314747041589,0.2797602012757181,8.31112720505061
2012-06-19 18:00:00,2012,6,19,18,1340128800,34.103650875127,6.2112646066324295,97.67878361095768,0.9402633058417188,0.0,0.27963164954807873,0.30362237544423554,4.790857857030667
2012-06-20 00:00:00,2012,6,20,0,1340150400,27.587951163462893,5.72055558608279,97.06382656247007,0.3672286614206496,0.0,0.2290498041667341,0.3018387372645225,3.9680534769117073
2012-06-20 06:00:00,2012,6,20,6,1340172000,35.40721834794412,7.6757822232563555,97.0887364300523,0.6251769055189821,3.915264524439984,0.2811206433084919,0.3056670943494371,5.549358317878754
2012-06-20 12:00:00,2012,6,20,12,1340193600,38.8267438874334,4.975527963691248,97.02485456387038,23.426506820476128,0.0,0.21999570302481603,0.2689583689543905,7.4427771588383
2012-06-20 18:00:00,2012,6,20,18,1340215200,34.01428644380937,4.403376193841169,97.45277069883173,0.1371789164584332,11.214700996485776,0.3807776372534993,0.30387129566543314,5.180202968932189
2012-06-21 00:00:00,2012,6,21,0,1340236800,31.762024042328438,4.603441904619853,97.72112518373301,0.8283197842550233,0.0,0.26892351265182085,0.27109716150220203,4.628096191536376
2012-06-21 06:00:00,2012,6,21,6,1340258400,34.72598907595861,4.684116279963137,97.16230034647678,0.5057452224054193,0.49989251553963465,0.22226951117268315,0.2415998858876471,4.556497064615825
2012-06-21 12:00:00,2012,6,21,12,1340280000,39.292626117883565,5.936344431367203,97.29144765265087,23.29469244733486,0.0,0.19807916484322935,0.2978283410325072,7.8135128037641834
2012-06-21 18:00:00,2012,6,21,18,1340301600,33.051353200294955,3.87427411892579,97.70311068077812,0.9729514264428438,0.0,0.21888036155423413,0.2794265127771977,4.62285191825018
2012-06-22 00:00:00,2012,6,22,0,1340323200,27.550439561166154,5.210794536909701,97.33708899801367,0.15162224477177333,0.0,0.21612422625838074,0.3160645991660786,4.043654145106698
2012-06-22 06:00:00,2012,6,22,6,1340344800,32.57570440044596,4.464231210947555,97.5178508744646,0.1986476014356756,0.0,0.23375516132775115,0.31224582619511587,4.637226416332325
2012-06-22 12:00:00,2012,6,22,12,1340366400,40.7050735484223,4.441960476396935,96.84600419382176,23.879204375206513,0.0,0.2426890195846615,0.27786375977767724,8.139215388589129
2012-06-22 18:00:00,2012,6,22,18,1340388000,32.35749048558761,6.868965196025731,97.2154959241839,0.7176487504954666,0.0,0.23483215433942692,0.28123938390390363,4.548198550112411
2012-06-23 00:00:00,2012,6,23,0,1340409600,28.52805322262969,5.2362428196682025,97.26042115891445,0.9074442510620581,22.697586135999682,0.48,0.3598661260543472,5.74263112855696
2012-06-23 06:00:00,2012,6,23,6,1340431200,32.91065824656268,5.609900068904798,97.48728733083597,0.7288300332139559,0.0,0.23165485092978783,0.36328384875773484,4.9835588984004895
2012-06-23 12:00:00,2012,6,23,12,1340452800,37.02735924333235,4.344574216451582,97.93294700564309,23.30021731830257,15.213579675324315,0.38023141197214005,0.29436703678465614,7.864684092989878
2012-06-23 18:00:00,2012,6,23,18,1340474400,32.95367890616913,4.566357202655858,97.45025004871427,0.9276161187197605,0.0,0.24194345267829062,0.29448425990435584,4.775676282403305
2012-06-24 00:00:00,2012,6,24,0,1340496000,32.60857953006219,4.5776633374221705,97.29206425001347,0.2587494180543126,0.0,0.251347529323247,0.27691532420437914,4.346556905576692
2012-06-24 06:00:00,2012,6,24,6,1340517600,31.665044407095237,4.154598925970228,98.18780590030242,0.3599195772085325,7.518895973551966,0.3398666643598232,0.3045025794379136,4.790830706630729
2012-06-24 12:00:00,2012,6,24,12,1340539200,38.61859040320195,7.626132203019392,97.30040386942265,23.678214376646043,0.0,0.2309138556981657,0.38095541607737854,7.879796856340703
2012-06-24 18:00:00,2012,6,24,18,1340560800,34.67123558592557,6.665684684119725,97.58886601108465,0.24745113919345965,7.689551018486505,0.34690787157266123,0.3284617539085887,5.655638929210072
2012-06-25 00:00:00,2012,6,25,0,1340582400,26.25434049310048,3.7490624258408296,97.90250957929877,0.052006575274201716,0.0,0.2223445066130663,0.3460753613860955,4.087191243501286
2012-06-25 06:00:00,2012,6,25,6,1340604000,35.15036963405321,5.53753602088708,97.17909935081177,0.22439812105896306,0.0,0.24285881023665568,0.35265646456229116,5.204078375275118
2012-06-25 12:00:00,2012,6,25,12,1340625600,37.77430242176201,6.856125605322259,97.39458189885889,23.00052168577464,7.486156602689901,0.29800235142169096,0.30670638029453917,7.8201734947355925
2012-06-25 18:00:00,2012,6,25,18,1340647200,33.9411428847432,4.780664512102258,97.45249361305896,0.8255833143067316,0.0,0.22487112045768282,0.2979469608509801,4.675133995318755
2012-06-26 00:00:00,2012,6,26,0,1340668800,24.12801421339725,4.470644868864484,97.43973560239621,0.08712478796897527,1.0031589385510105,0.2451728728877114,0.37260833539281324,4.172055217546733
2012-06-26 06:00:00,2012,6,26,6,1340690400,35.67230521034792,3.623354527903195,97.48898830369656,0.954856422161829,0.0,0.23928497598408793,0.3735006058258781,5.012725959486399
2012-06-26 12:00:00,2012,6,26,12,1340712000,36.46505914134544,5.567406902343883,98.03346517099058,23.90425619800482,8.084398236059723,0.2914724958962868,0.31765831517716736,8.046280724443534
2012-06-26 18:00:00,2012,6,26,18,1340733600,34.919815575715624,4.948720177482288,97.68911016610697,0.00671513530563465,0.0,0.2883279619700573,0.3954159883989707,4.931581550440518
2012-06-27 00:00:00,2012,6,27,0,1340755200,30.596960607495188,8.438906415306015,97.14812344412034,0.45800898875727547,0.0,0.2398264759108317,0.3319405442295611,4.654406994717442
2012-06-27 06:00:00,2012,6,27,6,1340776800,33.94719163958678,4.3708358086804,97.86327549078575,0.7005152185629315,0.0,0.2478677007215251,0.36410613536694614,4.908257042269921
2012-06-27 12:00:00,2012,6,27,12,1340798400,37.736306979281565,5.373294476938034,97.52335805174506,22.971646316056155,16.23062920508018,0.38223071842206857,0.3641155705441753,8.436097616825215
2012-06-27 18:00:00,2012,6,27,18,1340820000,32.591077284541704,4.320014588748719,97.23630063644838,0.5339228060331118,8.143866783154154,0.3672329864675367,0.3494687640357149,5.094942116271634
2012-06-28 00:00:00,2012,6,28,0,1340841600,28.826467763763898,6.750910793549214,97.71304954359096,0.2818468527826088,0.0,0.2554848045318752,0.3186166574669673,4.527125012603959
2012-06-28 06:00:00,2012,6,28,6,1340863200,34.14900454444012,3.8676204343676397,97.8846015829336,0.5395953735522576,1.9711372010387862,0.297117362042441,0.3461574069671929,5.490061638684684
2012-06-28 12:00:00,2012,6,28,12,1340884800,41.384137227567436,3.9770039927004026,98.17195870988144,23.576198708848473,9.826925867072093,0.31285541176923914,0.27237313725582113,8.066203788099259
2012-06-28 18:00:00,2012,6,28,18,1340906400,32.29488609892563,5.920316480931831,97.32207208873506,0.9893136153230785,0.0,0.2507201700194766,0.3547555045218743,4.628920302717946
2012-06-29 00:00:00,2012,6,29,0,1340928000,24.73499782359425,5.423988717956176,97.54594488782813,0.1466092194028802,0.0,0.2453247905557288,0.3702115010576528,4.457420622321529
2012-06-29 06:00:00,2012,6,29,6,1340949600,33.08291561366851,4.30241610925253,97.84685435794309,0.21152521795469514,0.0,0.2176810287571879,0.35996069250799073,4.608145466767463
2012-06-29 12:00:00,2012,6,29,12,1340971200,41.71933337705566,4.8496613837296945,97.6370825353735,23.42778221403664,0.0,0.21967754568002296,0.3984187721476076,8.431828953451
2012-06-29 18:00:00,2012,6,29,18,1340992800,33.28106106550826,3.685625427178961,97.43177184468729,0.2611543875459266,1.2977771870492663,0.2500051819752798,0.3742919271730932,4.805575665990297
2012-06-30 00:00:00,2012,6,30,0,1341014400,28.586039743039912,4.435337662464001,97.68222096356118,0.5343255873933577,6.5389343047538375,0.37257013129286204,0.3552589860165991,4.548397796535675
2012-06-30 06:00:00,2012,6,30,6,1341036000,34.055427500952185,6.3482437551638675,97.69250004988652,0.9136177729366892,0.0,0.2517858628178473,0.35808020046600336,5.189212099617857
2012-06-30 12:00:00,2012,6,30,12,1341057600,37.98320922153764,3.819730395708027,97.40460426446295,23.888136724016153,13.088758423569136,0.39493827995295794,0.3544736362619592,8.353772231224932
2012-06-30 18:00:00,2012,6,30,18,1341079200,33.48368924921697,7.480916544482413,97.37948821689686,0.2719766763391364,0.0,0.25619374553875374,0.34987166193336316,5.106136873445853
2012-07-01 00:00:00,2012,7,1,0,1341100800,31.798855107075966,5.841624336082367,97.49341861461816,0.7992025439588014,0.0,0.24164183573396697,0.38467712316640673,4.707981881945472
2012-07-01 06:00:00,2012,7,1,6,1341122400,34.37923650212776,5.5979075830788885,97.83680821598209,0.9683740447138222,0.0,0.23092698482286583,0.37084480762930416,4.8578385268731665
2012-07-01 12:00:00,2012,7,1,12,1341144000,39.00637581987612,8.077587594078626,97.21219182441288,23.254461290227276,0.0,0.23606607818406483,0.37314107356712883,8.072059775072175
2012-07-01 18:00:00,2012,7,1,18,1341165600,33.70581779908175,9.445859892433997,97.45633992557391,0.8473824477308024,0.0,0.25639355828187294,0.37021505963952905,5.423078971634381
2012-07-02 00:00:00,2012,7,2,0,1341187200,30.383487274837606,7.592780044558262,98.14324307183048,0.26851339605023006,9.453667109797173,0.34133050218369765,0.3454842150083335,5.316018144401689
2012-07-02 06:00:00,2012,7,2,6,1341208800,34.44144758588953,4.1107328130420075,97.23881150343354,0.31228993703135743,6.85640895795676,0.3110872016536133,0.3672497866411649,5.504254959715477
2012-07-02 12:00:00,2012,7,2,12,1341230400,39.88353507337756,3.469928119137172,97.42586936055005,23.62890709696331,0.0,0.25455470071183167,0.35769938716042543,7.977182097562168
2012-07-02 18:00:00,2012,7,2,18,1341252000,31.963109955305345,4.574846719433631,97.93999809022837,0.6273035138464748,0.0,0.2648714423648856,0.38929246017284874,4.942750330090491
2012-07-03 00:00:00,2012,7,3,0,1341273600,27.94901187180001,4.212709682588964,97.47466574259448,0.6225404494697114,0.0,0.22907618878580135,0.3376929669202712,4.154964842499456
2012-07-03 06:00:00,2012,7,3,6,1341295200,33.97944053837918,3.8527112615909123,97.30445382548174,0.38539856296469255,0.0,0.22291104203464235,0.34897250862542223,4.486686378054501
2012-07-03 12:00:00,2012,7,3,12,1341316800,41.080632939002086,3.495351376512755,97.06358820593027,23.545300037006836,0.0,0.24157690528481846,0.38922160947921425,8.333402401188641
2012-07-03 18:00:00,2012,7,3,18,1341338400,35.43207049171894,4.5746363615679275,97.73140570175372,0.5834373272680698,0.0,0.23572101597122777,0.37914219356420065,5.101306126724292
2012-07-04 00:00:00,2012,7,4,0,1341360000,27.627332897835693,4.130792227111703,97.49983726337541,0.05520398478326616,0.0,0.23835433009156218,0.4310186696910958,4.302261837907361
2012-07-04 06:00:00,2012,7,4,6,1341381600,33.61572010206848,4.0415076190901065,97.17803216140382,0.7477039847958276,0.0,0.28633622181450363,0.3947929781819624,5.080954548864128
2012-07-04 12:00:00,2012,7,4,12,1341403200,39.11391585716532,3.7068160648260524,97.51087195503837,23.25129265858773,5.800708799850223,0.32803568557327567,0.41868000157374907,8.495145636587804
2012-07-04 18:00:00,2012,7,4,18,1341424800,34.49052856080609,6.3303380155141005,97.33509723587362,0.5877909557929771,0.0,0.2995342145946592,0.4524859239355856,5.487096725115163
2012-07-05 00:00:00,2012,7,5,0,1341446400,29.137240924989907,9.371694355471046,97.28926059386167,0.21586067637630846,0.0,0.22939904697660646,0.38502620407097815,4.858595364402415
2012-07-05 06:00:00,2012,7,5,6,1341468000,32.61630373148542,7.248607920600534,97.31397377320243,0.7339551894007262,0.0,0.2609341625308017,0.37073637223709544,4.918823021223893
2012-07-05 12:00:00,2012,7,5,12,1341489600,37.66480140846947,3.7756918065681093,97.53817677623795,23.634827419151872,0.0,0.24630923071268462,0.4209797756096418,8.029504110962797
2012-07-05 18:00:00,2012,7,5,18,1341511200,35.03876912442796,3.734270200945644,97.26265770811459,0.8502735314899638,8.120401795283637,0.3379310957787798,0.36488680425448344,5.751485630671621
2012-07-06 00:00:00,2012,7,6,0,1341532800,30.433385435558744,5.767466594210887,97.64472220180868,0.5196992025141545,12.577022190351546,0.38069206419295176,0.4553553859147424,5.39387679431043
2012-07-06 06:00:00,2012,7,6,6,1341554400,32.32007784550251,4.198179216444736,97.82450451506575,0.9497971434295516,7.152458590149819,0.33012460862532117,0.4358206071219338,5.063496432324542
2012-07-06 12:00:00,2012,7,6,12,1341576000,37.90981094192,6.614471146398025,97.35814597333146,23.578652355694864,5.133499709118706,0.328680961216522,0.35908182562556873,8.267426205916944
2012-07-06 18:00:00,2012,7,6,18,1341597600,33.05075759245533,3.8376210600986407,97.84572984882156,0.43040218825932397,6.768909794487121,0.34123660124951666,0.3392861009808841,4.984225522295868
2012-07-07 00:00:00,2012,7,7,0,1341619200,27.751786779370125,5.6018443916065435,97.65258261073113,0.8181380644934151,0.0,0.26557883263710436,0.4488314338314184,4.729186503280046
2012-07-07 06:00:00,2012,7,7,6,1341640800,32.62468494433821,3.549625032901698,97.49095841728857,0.25393437069286595,0.0,0.26376396339878666,0.3768757815125149,4.548217021148043
2012-07-07 12:00:00,2012,7,7,12,1341662400,39.195830729791695,3.8437363249168612,97.86389033082197,23.04103538478059,0.0,0.26423437341487227,0.38823991132431984,8.416862633417182
2012-07-07 18:00:00,2012,7,7,18,1341684000,34.40183776208655,6.751431257116991,97.03874076548696,0.31599924531102197,0.0,0.2533602331874826,0.36454636293506215,5.263551548309572
2012-07-08 00:00:00,2012,7,8,0,1341705600,26.8213683186983,4.757306966443215,97.1519105240593,0.23951179794170108,1.8730050510155516,0.3072827204916889,0.41884669084868537,4.888112981950293
2012-07-08 06:00:00,2012,7,8,6,1341727200,32.73673379858257,3.9325537651742826,97.51237486948888,0.3585504224456906,7.190084146643651,0.34111272411925736,0.3852390852590377,5.344501320847917
2012-07-08 12:00:00,2012,7,8,12,1341748800,36.66599607821426,4.348623475999547,97.44662509037227,23.367228250436078,0.0,0.28926391069962154,0.3829344413870578,8.056779338974618
2012-07-08 18:00:00,2012,7,8,18,1341770400,32.897238062124096,7.0362463173293985,97.5745072437296,0.27450220726617247,0.0,0.2938466143152929,0.43578625367212254,5.6074755726473136
2012-07-09 00:00:00,2012,7,9,0,1341792000,29.257979684336576,6.809948918612504,97.78149234795102,0.7146847213119669,17.947310742926465,0.4399112644424071,0.40311084172868256,5.381062038468173
2012-07-09 06:00:00,2012,7,9,6,1341813600,33.664677800996564,3.8632901052031956,97.59873673916852,0.6047712239669933,0.0,0.2541488637861375,0.4141470831939269,5.155156697481599
2012-07-09 12:00:00,2012,7,9,12,1341835200,38.27636800511171,5.661433021930557,97.76266407381267,23.43200880171635,0.0,0.2544077460599325,0.3800562187234439,8.18819394248134
2012-07-09 18:00:00,2012,7,9,18,1341856800,35.27860995072901,5.1506402582205935,97.17564447939596,0.46589243925152535,0.0,0.3025297066201651,0.3955524316582789,5.104247037302223
2012-07-10 00:00:00,2012,7,10,0,1341878400,28.798628546830173,3.857910643040938,97.50042746149865,0.9266248800911224,13.87767142146445,0.39302374291026027,0.39953881689776766,5.045092895093434
2012-07-10 06:00:00,2012,7,10,6,1341900000,33.14901901226095,3.302887291260607,97.56329044679454,0.3569046314863673,1.4690896885049285,0.2708410196969717,0.459604494763025,5.140793935224674
2012-07-10 12:00:00,2012,7,10,12,1341921600,37.606185872924044,3.9329997679207853,97.29597398439385,23.364467291485315,0.0,0.2719572109431279,0.4400823290664981,8.398036468763879
2012-07-10 18:00:00,2012,7,10,18,1341943200,32.763281326217374,3.262823586926513,97.82736452381002,0.5332269473411178,0.0,0.263300022584556,0.45233711312481534,5.368834103848474
2012-07-11 00:00:00,2012,7,11,0,1341964800,28.02581749833412,5.5030108482628215,97.97863285199449,0.9269368759803059,0.0,0.26769932517586187,0.45341598727435645,4.868996727424181
2012-07-11 06:00:00,2012,7,11,6,1341986400,32.843486965082356,4.708119417460109,97.31165604933878,0.47979456810732335,1.2407842789444654,0.2530190070488178,0.4648024162697133,4.831181841503383
2012-07-11 12:00:00,2012,7,11,12,1342008000,40.002194161881214,8.4425752676181,97.4409611178559,23.6650317687042,0.0,0.29964580944055924,0.3844573956889185,8.903779498103516
2012-07-11 18:00:00,2012,7,11,18,1342029600,33.18878542277956,3.3429781476405456,97.59091587615536,0.28721614977964616,3.0689905885194313,0.2800737663249474,0.43792395762424274,4.906361730456436
2012-07-12 00:00:00,2012,7,12,0,1342051200,24.32502179621089,3.765906243915113,97.71234451154503,0.8499088674247841,6.229003373629134,0.33897365275746677,0.4277957392313365,4.627547188920894
2012-07-12 06:00:00,2012,7,12,6,1342072800,32.20300697983683,3.6390316433698864,97.4155357903803,0.9863297420371934,0.0,0.2674980303491957,0.46330480976011085,5.217132525015579
2012-07-12 12:00:00,2012,7,12,12,1342094400,39.61972373707323,3.9182832876324847,97.38461198059196,22.792715146579333,0.0,0.31150816724080693,0.4085497582246944,8.464952728985624
2012-07-12 18:00:00,2012,7,12,18,1342116000,30.096540502496588,7.0658942827359805,97.66349663481144,0.35957135123645223,0.0,0.2795490474196424,0.4471732328231836,4.929989357231261
2012-07-13 00:00:00,2012,7,13,0,1342137600,28.12121388895707,4.003256419127657,96.92703594369144,0.7062508610514106,2.595400037722741,0.30933387336024076,0.4437314808859181,4.920498759434813
2012-07-13 06:00:00,2012,7,13,6,1342159200,35.04357254576651,3.6177317419635973,97.31607455618897,0.8956952083322732,20.711555162568104,0.47824840730469315,0.472100996759486,6.155093286424523
2012-07-13 12:00:00,2012,7,13,12,1342180800,36.91852332388145,3.3111997596698823,98.04521187281294,23.359307976411007,0.0,0.27319420595420224,0.47498903575364093,8.576214436668144
2012-07-13 18:00:00,2012,7,13,18,1342202400,29.171255960343775,4.239348315918701,96.95717132882243,0.10903821088575738,0.7909345371746249,0.2854492103742206,0.374938631667853,4.91769240192978
2012-07-14 00:00:00,2012,7,14,0,1342224000,25.55887229675884,6.456262971241494,97.46730280989891,0.5512861436260685,0.0,0.27990138875998444,0.46251809120501836,4.516531316412752
2012-07-14 06:00:00,2012,7,14,6,1342245600,32.92929649749582,5.169101854737332,97.22470298039916,0.35344241770735074,0.0,0.2776128525621362,0.47850789317723397,4.95547214744352
2012-07-14 12:00:00,2012,7,14,12,1342267200,39.0660732192766,4.322924716818826,97.24898527622489,22.682393151949974,0.0,0.2606222259201004,0.37962847911656944,8.157848714978806
2012-07-14 18:00:00,2012,7,14,18,1342288800,34.57176263363934,4.504395109305197,97.71783828208824,0.6679970215285118,0.0,0.28221294545905956,0.41318039723201994,5.441742156257053
2012-07-15 00:00:00,2012,7,15,0,1342310400,29.23880577535993,4.368268806376474,97.3014594254502,0.3872033759147151,7.672796771052575,0.33384772946624175,0.4900583002355499,5.07143648953577
2012-07-15 06:00:00,2012,7,15,6,1342332000,33.42378865214358,4.066228373622898,97.69116199550723,0.0003057642692916307,8.63483681685076,0.3621737861626596,0.43608969455538665,5.486353086469439
2012-07-15 12:00:00,2012,7,15,12,1342353600,38.214898640173026,6.26010086318656,97.44357273689977,22.704367281334935,0.0,0.24670953995501807,0.4711477705374047,8.331410056313649
2012-07-15 18:00:00,2012,7,15,18,1342375200,32.868257411646475,4.056164491921047,97.95833756751648,0.9019833605856008,3.6300119846724006,0.321116166050797,0.4551038765759476,5.015831572914682
2012-07-16 00:00:00,2012,7,16,0,1342396800,28.13242253302999,9.183104986653266,97.71556364069951,0.838393240912315,2.4176982300428858,0.27653245414870237,0.49345291154024595,5.426337790711317
2012-07-16 06:00:00,2012,7,16,6,1342418400,32.70489469734631,3.8906568665386927,97.78130957943624,0.9373074164757386,0.0,0.2947217975014519,0.41898595621825313,5.255689411332578
2012-07-16 12:00:00,2012,7,16,12,1342440000,38.2323895534921,3.2817069778025894,97.06359468845373,22.977387688752543,0.0,0.2605315960704698,0.44114847850367217,8.256250073237958
2012-07-16 18:00:00,2012,7,16,18,1342461600,32.64420241391972,3.4457467304343283,97.80909128476172,0.6879842997551283,0.0,0.28898377178676465,0.43196721797059,5.07335353676005
2012-07-17 00:00:00,2012,7,17,0,1342483200,27.330537076815514,4.632274889829196,97.30173585243384,0.5527019561083683,0.0,0.3083913144570609,0.4856354560484967,4.441628219459595
2012-07-17 06:00:00,2012,7,17,6,1342504800,34.55630165937001,3.0989311786836584,97.62547217659613,0.538917021876614,10.176882896458071,0.4085578042627426,0.45174731113626154,5.882629631155586
2012-07-17 12:00:00,2012,7,17,12,1342526400,37.69645621693836,6.413136814835653,96.96820919361947,22.747090516473396,10.9885086748149,0.3857671668260784,0.4415822943737456,8.78578901844715
2012-07-17 18:00:00,2012,7,17,18,1342548000,32.595667164883714,3.157538718898096,97.53032032686806,0.8586314383059978,13.698503639524642,0.41545261630020436,0.5181861955089719,5.61497748592224
2012-07-18 00:00:00,2012,7,18,0,1342569600,27.052925087618465,4.121750612449273,97.74011026787666,0.19301452909858008,0.0,0.2679450241414149,0.5009687459461837,4.780631241472339
2012-07-18 06:00:00,2012,7,18,6,1342591200,32.764555072349054,3.333495425623808,97.37218838095292,0.6412137984164389,0.0,0.27999615735412975,0.504780710297698,5.233989875640934
2012-07-18 12:00:00,2012,7,18,12,1342612800,38.34172000124113,4.614541211094583,97.39448727728448,23.368743195832725,0.0,0.2635785681924498,0.4454361786829996,8.073210009846047
2012-07-18 18:00:00,2012,7,18,18,1342634400,31.3984752773711,3.356094140762467,97.81763418551954,0.6932770155553105,0.0,0.2932147811704288,0.46333968625861166,5.0394985803526895
2012-07-19 00:00:00,2012,7,19,0,1342656000,26.359409481863317,7.564106164009681,96.38656147922293,0.6237443525798759,0.0,0.2677487528302021,0.43782128730248154,4.854436866340042
2012-07-19 06:00:00,2012,7,19,6,1342677600,33.61816518816679,3.65991331714093,97.43265252602022,0.32575975093017207,0.0,0.30382434209665,0.47762715154151497,5.295713053755747
2012-07-19 12:00:00,2012,7,19,12,1342699200,37.904780207030065,4.047047911231054,98.22255910987882,22.852566277126382,0.0,0.27348202020105855,0.5008134120140582,8.36792357906443
2012-07-19 18:00:00,2012,7,19,18,1342720800,32.46231655271913,3.1608452354314163,97.94411745937593,0.060732913713921276,1.7947966926189718,0.2910125481144808,0.4895986077235744,5.131688721419745
2012-07-20 00:00:00,2012,7,20,0,1342742400,28.239123915695117,7.865048377298896,98.28046928207645,0.04060173719899374,2.0809911387836935,0.29135065577933517,0.45289792220730457,5.225457752614374
2012-07-20 06:00:00,2012,7,20,6,1342764000,30.9525809698985,3.92366442721304,97.36080428227658,0.0038767816023252966,0.0,0.26809426279632126,0.48457470395665414,4.6599456211064165
2012-07-20 12:00:00,2012,7,20,12,1342785600,38.05394675151294,3.25310125006668,97.52476886179457,22.719631683541277,9.549271387891455,0.39035242858815145,0.4739973032948447,8.43340185691752
2012-07-20 18:00:00,2012,7,20,18,1342807200,32.65549724618026,3.1869431531619226,97.92876306144186,0.006512242701894838,0.0,0.31360439303706955,0.49276708981360096,5.6186550058350075
2012-07-21 00:00:00,2012,7,21,0,1342828800,29.387076089265733,3.705267173488428,97.069625307398,0.696843542536357,23.969455266013618,0.48,0.5019006877458645,5.7433407142215
2012-07-21 06:00:00,2012,7,21,6,1342850400,32.86425624777405,3.25014846921318,97.49489874172507,0.7514359473977316,0.0,0.2805440554176153,0.4453121770349541,4.847796679097905
2012-07-21 12:00:00,2012,7,21,12,1342872000,37.21378182250782,4.385158949906318,98.00918345171364,22.83962672062873,7.893387943653294,0.35933849174052546,0.4006032494374743,8.467032408366526
2012-07-21 18:00:00,2012,7,21,18,1342893600,33.741738022822446,4.555792927542704,97.50845916354335,0.37356012988550563,5.000093939965671,0.3804252294396741,0.4394752393825454,5.394309524244554
2012-07-22 00:00:00,2012,7,22,0,1342915200,27.806656275967665,3.126933809619973,97.89539534691433,0.015707399997508364,0.0,0.2537289449229662,0.5167106455708855,4.738168525736335
2012-07-22 06:00:00,2012,7,22,6,1342936800,32.61239281459703,2.9738132818364473,97.47134125600147,0.8507283634405299,0.0,0.29580017306642586,0.5069983487865681,5.084886956522992
2012-07-22 12:00:00,2012,7,22,12,1342958400,35.56938065247358,5.008902324911817,97.52222861764548,23.00726394707464,3.9033035314862072,0.30968681072463883,0.49832895904776947,8.898077229797805
2012-07-22 18:00:00,2012,7,22,18,1342980000,33.851018775217916,4.235194543705211,97.34931096826139,0.22667814191105579,0.0,0.31325743056605565,0.46061547080210513,5.383977532860143
2012-07-23 00:00:00,2012,7,23,0,1343001600,24.500161022930275,3.9095040166921433,97.68414046002704,0.456989605019545,0.0,0.3092498442742288,0.4856626290356049,4.716600828165713
2012-07-23 06:00:00,2012,7,23,6,1343023200,33.18642631202054,6.178845478826819,97.32549428717537,0.9778953723771135,0.0,0.3097287468813643,0.4931327744172551,5.4798975190565535
2012-07-23 12:00:00,2012,7,23,12,1343044800,39.76169276097238,3.4021276884208773,97.67615800023927,22.91017580292305,0.0,0.2844047620207753,0.5105459448248701,8.29997793991054
2012-07-23 18:00:00,2012,7,23,18,1343066400,33.134272551442784,4.268533565991665,97.70632275534054,0.28784784702943306,2.2062962231106504,0.3041439036555482,0.48952985827502027,5.530723591790142
2012-07-24 00:00:00,2012,7,24,0,1343088000,25.37530860946089,3.4761352411841586,97.52159257139645,0.32072777016331433,0.0,0.2653227688518273,0.4873785333701559,4.611297387901771
2012-07-24 06:00:00,2012,7,24,6,1343109600,31.090383032913195,3.760868887134179,97.40698568731055,0.9308825045677895,0.0,0.2962033321079145,0.5453661253245993,5.578587369619909
2012-07-24 12:00:00,2012,7,24,12,1343131200,41.01277279828887,3.092522986977866,97.61509177567702,22.628357115228045,0.0,0.2768255020816699,0.48530879595464355,8.8080645744076
2012-07-24 18:00:00,2012,7,24,18,1343152800,34.93829001876762,4.900841038546526,97.3076970739485,0.2293137660251961,0.0,0.2596481463391712,0.5407738358197604,5.460652977401621
2012-07-25 00:00:00,2012,7,25,0,1343174400,25.377040565054937,2.888643569842176,97.65874974064033,0.5469299751028275,0.0,0.2610279880268489,0.46925310942325205,4.693237170422849
2012-07-25 06:00:00,2012,7,25,6,1343196000,31.591846668149405,3.5936068291303216,97.4847770186897,0.7287592990707854,0.0,0.2946024957874193,0.4892001247711048,4.826717233770612
2012-07-25 12:00:00,2012,7,25,12,1343217600,35.600400473078665,6.119425834564696,97.62387628538679,22.615652538966028,0.0,0.24791504486987345,0.47903249072237647,7.777675768800617
2012-07-25 18:00:00,2012,7,25,18,1343239200,32.34716160644085,5.744592157848904,97.60777946178594,0.2858668336533757,0.0,0.30276899620018916,0.5505076603973837,5.567438294691819
2012-07-26 00:00:00,2012,7,26,0,1343260800,29.904674597430322,3.09444687982844,97.68929750304751,0.6368205512900895,0.0,0.2882164349608862,0.5111485438174392,4.873372721672874
2012-07-26 06:00:00,2012,7,26,6,1343282400,36.013412892371704,3.819401541510001,97.29730551192237,0.704263338991447,7.927872643823501,0.3713496733901526,0.5679982405212698,6.26648930270645
2012-07-26 12:00:00,2012,7,26,12,1343304000,35.885638758534455,3.0883081937337296,97.01887840515393,22.64544686166885,14.23741173426835,0.4285274891361923,0.5406664120569011,9.039682559907327
2012-07-26 18:00:00,2012,7,26,18,1343325600,32.74477154219404,3.0306141738699477,97.62390694900648,0.25341499786622906,0.0,0.2705138549078038,0.519874983861693,5.240183443532676
2012-07-27 00:00:00,2012,7,27,0,1343347200,26.434833374401357,5.676920563147192,97.65856314350444,0.05456522774636341,3.1213178389971015,0.2855590650323706,0.531088678581431,4.99556104679208
2012-07-27 06:00:00,2012,7,27,6,1343368800,30.731529033550714,3.128188437162239,97.65438072918087,0.21604227782196328,20.08046208599928,0.48,0.5285465389428298,5.797797842455983
2012-07-27 12:00:00,2012,7,27,12,1343390400,38.15749306193224,2.921346179171368,97.28623489333631,22.41018932242922,0.0,0.26917269360749474,0.49027726878097205,8.032091206480526
2012-07-27 18:00:00,2012,7,27,18,1343412000,28.953275599539715,3.5672897574172464,97.51260196488529,0.7275261633802409,9.864047492375994,0.393568046730143,0.46939900605099155,5.26872309191141
2012-07-28 00:00:00,2012,7,28,0,1343433600,29.10148465268586,3.067327289206448,97.42638636833988,0.9271959985659024,0.0,0.24823427441086268,0.5631030692384708,4.718656173807742
2012-07-28 06:00:00,2012,7,28,6,1343455200,31.16320616869516,7.633214578012273,97.94910439258557,0.6797915253949564,0.0,0.29290126246112974,0.5460385797752838,5.4526483422866745
2012-07-28 12:00:00,2012,7,28,12,1343476800,36.492755574772225,4.245745510953695,97.44789438293203,21.97396852573298,0.0,0.28528020208727206,0.5142102618738496,7.894476437859301
2012-07-28 18:00:00,2012,7,28,18,1343498400,32.772228994828986,3.254767431529822,97.27810864218065,0.6239136244313788,0.0,0.32246318629779064,0.5176239581553042,5.232369229399479
2012-07-29 00:00:00,2012,7,29,0,1343520000,26.537997014020032,5.549590506616516,97.26454079153574,0.09495856281977366,7.37993901524091,0.3478084589594363,0.4990661890774309,4.691027383554463
2012-07-29 06:00:00,2012,7,29,6,1343541600,32.6622291711051,3.6381087329378006,97.76807672210477,0.8045570716187729,2.1026955711678137,0.32658377002901373,0.5514011219861188,5.886821692598637
2012-07-29 12:00:00,2012,7,29,12,1343563200,35.357529982511025,3.6557116630835935,97.35945531181387,22.2318949277495,6.587932084590415,0.38104233957864686,0.5549469878761256,8.726096025394291
2012-07-29 18:00:00,2012,7,29,18,1343584800,30.194225379505568,3.0499535157718816,97.55946331961682,0.26209701473286695,0.0,0.26832806139216103,0.5265244313834625,5.2188221055004735
2012-07-30 00:00:00,2012,7,30,0,1343606400,26.978995040444833,2.9159031265622635,97.72373974234223,0.5006502570046331,5.428865035381527,0.31728755408250625,0.4931711376057625,5.037790038638505
2012-07-30 06:00:00,2012,7,30,6,1343628000,34.4486399054544,2.929747213905875,97.5001211384677,0.4899636727889759,0.0,0.3255109709590578,0.529375293273774,5.854600152116886
2012-07-30 12:00:00,2012,7,30,12,1343649600,39.61238817289987,4.228309651085083,97.7885662025783,22.037012907624433,5.050771852126136,0.34283922602910405,0.5249409353145896,8.427863518102127
2012-07-30 18:00:00,2012,7,30,18,1343671200,29.92320194882914,2.828368336684236,98.15912084725532,0.8800684134470248,0.0,0.28964256812351313,0.542428163220935,5.157140508201015
2012-07-31 00:00:00,2012,7,31,0,1343692800,26.616382706652274,3.027652609434567,97.79037800348303,0.9567921966680346,0.0,0.31731552558871967,0.5315832467147167,4.798053337263133
2012-07-31 06:00:00,2012,7,31,6,1343714400,31.18471903837424,3.3411203573938026,97.69596198588476,0.20356427311866665,0.0,0.30425543208019057,0.5115744957467248,5.072654187529107
2012-07-31 12:00:00,2012,7,31,12,1343736000,35.524441393379554,3.676983630240701,97.54625581161113,22.073158651501373,6.890703979942883,0.37825622403475057,0.4936037215921034,8.539751688582072
2012-07-31 18:00:00,2012,7,31,18,1343757600,30.635414288510805,2.786947900377352,97.42865663764141,0.052789669301642646,0.0,0.30419837264115995,0.5148194226437294,5.265173517584226
2012-08-01 00:00:00,2012,8,1,0,1343779200,26.96979396036859,3.6334161770962936,97.21641709500373,0.426954830041972,0.0,0.283252929854523,0.5289281923995729,4.846521302516813
2012-08-01 06:00:00,2012,8,1,6,1343800800,31.736932046174708,4.409334278955971,97.8576300320868,0.34742640296059724,0.0,0.31408179396870783,0.557695556437721,5.5052740297037905
2012-08-01 12:00:00,2012,8,1,12,1343822400,38.07584252377147,2.933019702729303,97.83294836622593,22.04530930965718,10.398828324330891,0.4077537955075914,0.5520095657373325,8.531429049622059
2012-08-01 18:00:00,2012,8,1,18,1343844000,31.124570033127178,4.066360354107186,97.708163082975,0.9146517752211911,6.097885330739962,0.3502108544955035,0.5371980575898679,5.436760506421134
2012-08-02 00:00:00,2012,8,2,0,1343865600,26.983053606687637,3.1014280962127723,97.88073531012225,0.31011953691036387,0.0,0.2855781744017994,0.5454405586411787,4.842407902638444
2012-08-02 06:00:00,2012,8,2,6,1343887200,30.55438927026389,3.9145946518061923,97.256165390528,0.36541193830338214,0.0,0.2896722007589917,0.5456078578341157,4.897382002101287
2012-08-02 12:00:00,2012,8,2,12,1343908800,34.95950015828526,3.5920110894709385,97.68698092499001,22.100974986629346,0.0,0.31436775351561386,0.5462208923266637,7.986414481888399
2012-08-02 18:00:00,2012,8,2,18,1343930400,31.564048176182464,4.208775062737137,98.01448241237965,0.33649436914276987,0.0,0.2952626121017449,0.5880401322902146,5.6174072196596265
2012-08-03 00:00:00,2012,8,3,0,1343952000,22.799151244136713,3.7179261652180884,97.59199627586507,0.6600118992867167,0.0,0.29876741254681766,0.5692456330045542,4.690134950980206
2012-08-03 06:00:00,2012,8,3,6,1343973600,29.237134407976573,3.5834065996129665,97.63918585493803,0.9334593571289861,0.0,0.2875357637754201,0.5078061871771081,5.084712287301575
2012-08-03 12:00:00,2012,8,3,12,1343995200,34.69458237686887,3.1192739832109266,97.54383719430457,21.69084172946794,0.0,0.29066704442228186,0.5793883297287719,8.576629213497563
2012-08-03 18:00:00,2012,8,3,18,1344016800,31.21825720730426,4.3145929663130715,97.54913382481878,0.06366551646090456,11.087807160436041,0.41532788600858356,0.584249549126032,5.878292122667181
2012-08-04 00:00:00,2012,8,4,0,1344038400,27.751503880788622,4.840166690457129,97.8519007575055,0.999399032320463,0.0,0.3214546244273785,0.5783898232817359,5.358870953699383
2012-08-04 06:00:00,2012,8,4,6,1344060000,29.25702787898683,3.3465131393264755,98.1422594830264,0.7717216597686556,0.0,0.310321236074258,0.5674006852636364,5.203172717121545
2012-08-04 12:00:00,2012,8,4,12,1344081600,35.645546321888204,6.838650962633749,97.49840776639446,21.945862561008838,0.0,0.32147725552519624,0.5522666012556865,8.846503682482226
2012-08-04 18:00:00,2012,8,4,18,1344103200,30.6566367596326,7.891579528596302,97.73366768076397,0.5187478379990464,0.0,0.32478518583528937,0.5736395183039961,5.45821594047249
2012-08-05 00:00:00,2012,8,5,0,1344124800,26.287952298557833,4.691116924133512,98.28602999790826,0.7770568070526233,3.875112515115446,0.33115135143485297,0.5410780043419929,5.138636376229515
2012-08-05 06:00:00,2012,8,5,6,1344146400,28.30860516141496,3.9820026194590072,97.11580847858991,0.09891567726756512,0.0,0.3136672239526341,0.5478913081536406,4.930153671286613
2012-08-05 12:00:00,2012,8,5,12,1344168000,35.06641657943166,2.7500173735398836,97.22193253867262,21.84865027997701,0.0,0.2935110961530049,0.6024779702401094,8.31934063359062
2012-08-05 18:00:00,2012,8,5,18,1344189600,31.665874292386526,2.8344186176594803,97.81583363726351,0.7421088588229148,0.0,0.3117405628689283,0.5677660126971823,5.106132742406982
2012-08-06 00:00:00,2012,8,6,0,1344211200,27.394757392754,2.8869735911751526,98.24372188513932,0.6486942123289468,0.0,0.24902179463847193,0.5271090002241715,4.546839936149763
2012-08-06 06:00:00,2012,8,6,6,1344232800,27.500863494440694,9.218729541346091,97.99134249654361,0.4023515554085114,0.0,0.2994138551201313,0.5459511239927407,5.3870052349473845
2012-08-06 12:00:00,2012,8,6,12,1344254400,34.01309284908397,3.6490720842480826,97.50789877329984,21.850147777642178,0.0,0.27427350961511365,0.5841205501528952,8.433504983493073
2012-08-06 18:00:00,2012,8,6,18,1344276000,31.851607067638085,3.4487501970490055,97.73501450216786,0.9535294591166019,0.0,0.29931548849983336,0.5510133094621185,5.557783964003577
2012-08-07 00:00:00,2012,8,7,0,1344297600,25.87160380362208,5.436512336547915,97.89100465936706,0.7767768734787766,0.0,0.319472322057208,0.5331239509718938,5.316114755256412
2012-08-07 06:00:00,2012,8,7,6,1344319200,34.07010986388818,2.9400667764649913,97.42149828528821,0.9754597166725487,0.0,0.26454502842906297,0.5905355191128354,5.280820033734812
2012-08-07 12:00:00,2012,8,7,12,1344340800,32.224519910753735,3.361079749680588,98.00674016030155,21.894957904702082,0.0,0.2698186659608816,0.5772984564319016,7.844761172687746
2012-08-07 18:00:00,2012,8,7,18,1344362400,34.034293589187925,3.362593238876946,97.8850770488839,0.6033141612110586,0.0,0.31242105490751665,0.5916586721026301,5.731517995409994
2012-08-08 00:00:00,2012,8,8,0,1344384000,25.050713601232843,3.248196593132378,98.33623096465486,0.6935542298899744,0.0,0.2846527968931819,0.5788009965697499,4.656914724703711
2012-08-08 06:00:00,2012,8,8,6,1344405600,31.62593501831731,4.418711980920893,98.33130821745846,0.3997528492137711,28.773270150670843,0.48,0.5492310209714821,6.157015195544681
2012-08-08 12:00:00,2012,8,8,12,1344427200,34.884105955254306,4.260217937259101,98.00828820169991,21.691810151407715,10.767466514533456,0.3693355593365992,0.5874158136801199,8.410226331115537
2012-08-08 18:00:00,2012,8,8,18,1344448800,29.971795614575043,3.3183959774480303,97.53808668731291,0.01681207406403468,0.0,0.3216454264470323,0.5658665114445905,5.118612606316667
2012-08-09 00:00:00,2012,8,9,0,1344470400,25.005433523328875,2.9300402956794436,98.24939857425491,0.37124365156689587,0.0,0.30609606713430604,0.6126968459869951,5.124553803698942
2012-08-09 06:00:00,2012,8,9,6,1344492000,33.166878964390804,5.150134136482962,97.89931928371679,0.22703421812703806,0.0,0.2871451538869851,0.6037054774606377,5.713215856231992
2012-08-09 12:00:00,2012,8,9,12,1344513600,36.42030485442987,5.23195278950037,97.43699052167464,21.64408306712996,0.6519869124730822,0.3292767528187217,0.5521802635919468,8.529786518818081
2012-08-09 18:00:00,2012,8,9,18,1344535200,30.03595937248148,4.4276470332704365,97.26339399638852,0.3720967955503571,0.0,0.3083933822451605,0.6011166547419026,5.440133432957354
2012-08-10 00:00:00,2012,8,10,0,1344556800,28.002371812231733,4.669651256443262,97.64687646627348,0.2639234895428073,0.0,0.30431782533545043,0.5595566777217604,5.261057874296473
2012-08-10 06:00:00,2012,8,10,6,1344578400,31.40679698804388,2.863947848830837,97.58697709167141,0.8396394077376355,4.207979415545479,0.3410948185677383,0.6355534994413748,5.683320062759041
2012-08-10 12:00:00,2012,8,10,12,1344600000,38.48079143206379,3.344052168568523,97.31823841111301,22.154851858087596,3.791228460901283,0.33957117703854195,0.5877841796688593,8.845393669515014
2012-08-10 18:00:00,2012,8,10,18,1344621600,29.76787882136581,4.16138750151499,97.46975954072512,0.5386974904769883,0.0,0.27367446979022736,0.5640948508880406,5.027491957933731
2012-08-11 00:00:00,2012,8,11,0,1344643200,28.658688985806375,3.947679797090581,97.61578504727719,0.888007273081185,36.090065180659884,0.48,0.5512978993874681,6.133951572128003
2012-08-11 06:00:00,2012,8,11,6,1344664800,32.94616836830269,5.3439599274237946,97.9327746009716,0.8157234335537132,4.682627282980634,0.3003215656310138,0.6307154956523559,5.912355269440017
2012-08-11 12:00:00,2012,8,11,12,1344686400,35.937147870832206,5.164153392808547,97.55705084118294,22.056664128188263,0.0,0.3011430488625211,0.5484571645613328,8.516061692237832
2012-08-11 18:00:00,2012,8,11,18,1344708000,28.61877450208273,3.899707560073339,97.65820980251816,0.9267952198916397,0.0,0.2981719276622194,0.6118017831517594,5.187263808851396
2012-08-12 00:00:00,2012,8,12,0,1344729600,27.670611571725093,3.0271834745864723,97.64652851564794,0.053967841739134825,0.0,0.2952640172356542,0.5915121137438438,5.180482130323646
2012-08-12 06:00:00,2012,8,12,6,1344751200,32.009005463027975,3.7236304723770766,97.35797346219242,0.22958340197313087,0.0,0.31874436490259106,0.6102464219187865,5.830731835100041
2012-08-12 12:00:00,2012,8,12,12,1344772800,36.09468432963984,3.598299721711685,97.98129886819353,21.62575360831418,2.823949671814034,0.3381275016009778,0.6356155178013787,8.32104005532385
2012-08-12 18:00:00,2012,8,12,18,1344794400,32.27803570575126,2.7179183343115367,97.79037494848613,0.6985219354314713,0.0,0.31734920686555107,0.5499144600258564,5.363161112384731
2012-08-13 00:00:00,2012,8,13,0,1344816000,27.590423434653005,3.8413266420302596,98.02403825875265,0.862248209066728,0.0,0.2963651526356791,0.6045099978610613,5.126560573303591
2012-08-13 06:00:00,2012,8,13,6,1344837600,30.67781835095636,3.3902853960063677,97.5739540044276,0.05985947651928136,12.204418955660364,0.4177074262240299,0.5470042267137823,5.670694083089462
2012-08-13 12:00:00,2012,8,13,12,1344859200,35.36739324040089,2.8543140424690043,97.26128677584346,21.067543505146,8.002562921861552,0.37468805521998333,0.5723340855189365,8.372776321523588
2012-08-13 18:00:00,2012,8,13,18,1344880800,33.398247929805095,3.053837385827929,97.4310913419588,0.1828375649132771,6.8070870484606045,0.3702626548703441,0.6025994942608741,6.058664819942924
2012-08-14 00:00:00,2012,8,14,0,1344902400,25.462677395797385,2.937685868276239,97.96975563462514,0.849564934995911,4.318183678442162,0.33774537389222725,0.6627191075715275,5.224476662640357
2012-08-14 06:00:00,2012,8,14,6,1344924000,30.29004402550919,2.7500607839264064,97.41039723984811,0.3092425880835207,0.0,0.30650453278326767,0.5859172652103302,5.5848087717124155
2012-08-14 12:00:00,2012,8,14,12,1344945600,34.98613098522536,2.502961756492453,97.90678766500038,21.000014908001784,16.41343328937822,0.45141159781618656,0.5867413889006421,8.621988662239726
2012-08-14 18:00:00,2012,8,14,18,1344967200,29.03763352602122,3.304099629744372,97.65099588543063,0.7991106960441904,3.314864814462694,0.33690142980889515,0.6204504501428734,5.569061307078108
2012-08-15 00:00:00,2012,8,15,0,1344988800,26.42709179891829,2.754829970130327,98.44163080783662,0.19229096428167802,0.0,0.3105032471648455,0.5836471916138302,5.158858973767866
2012-08-15 06:00:00,2012,8,15,6,1345010400,31.522150520344468,3.7876192224812613,97.4668019814576,0.1258686469447421,0.0,0.33827337150024045,0.5963053656635924,5.883277923668422
2012-08-15 12:00:00,2012,8,15,12,1345032000,37.17547961861245,3.464550615244396,98.06679907770076,21.19869677877591,0.0,0.3339593880712486,0.6048044275910963,8.374929069382695
2012-08-15 18:00:00,2012,8,15,18,1345053600,30.59677782870757,5.047472787187393,98.1063219321595,0.7232003813628672,0.0,0.28990150100657824,0.6083993669880264,5.429897710908041
2012-08-16 00:00:00,2012,8,16,0,1345075200,25.12682585338455,3.7360935363451295,97.77210519237225,0.17010774405402618,8.353543379260934,0.3772813282790044,0.6239416651772377,5.20901796366915
2012-08-16 06:00:00,2012,8,16,6,1345096800,30.355101947405274,2.475595176993094,98.72626943038037,0.4942656061857734,0.0,0.29548249895325773,0.5674305401241901,5.303929592562238
2012-08-16 12:00:00,2012,8,16,12,1345118400,36.57319850663793,3.3611054111445022,97.32697531248782,21.133849765426916,0.0,0.2839684995391247,0.6315729107537515,8.082700874471533
2012-08-16 18:00:00,2012,8,16,18,1345140000,32.053993447032475,2.476774402058835,97.68283384328679,0.006236062407344525,0.0,0.2912066037568537,0.6219358748794085,5.352316676830828
2012-08-17 00:00:00,2012,8,17,0,1345161600,23.192511633319107,3.0493372451135476,98.1260706758369,0.3372821355459128,6.565135151357343,0.3675509408104028,0.6358937986909375,5.181973970001502
2012-08-17 06:00:00,2012,8,17,6,1345183200,29.3560066783839,3.719641002525508,97.68008480258496,0.48544880862990614,3.2020987058302746,0.358276133417694,0.6194044453930007,5.582366619847633
2012-08-17 12:00:00,2012,8,17,12,1345204800,34.709629726447204,4.605749244081252,97.94703082497504,20.912792367109134,3.2518633409091096,0.3831880985073628,0.5924435639332407,8.671213228915803
2012-08-17 18:00:00,2012,8,17,18,1345226400,30.659594625373998,3.987393546755431,98.32873570409546,0.22673378424575982,0.0,0.28609437563852286,0.5454823365041384,5.136670674120363
2012-08-18 00:00:00,2012,8,18,0,1345248000,26.720690151776303,3.8900669880306102,97.35342413919805,0.1046177559793825,5.443299405768296,0.297869106127981,0.6008327540773114,5.306351194617539
2012-08-18 06:00:00,2012,8,18,6,1345269600,26.7918001067729,7.230251209034824,98.1679902534961,0.28794242223364097,0.0,0.2957003328570897,0.5961133302049583,5.037122113469421
2012-08-18 12:00:00,2012,8,18,12,1345291200,34.24050036477354,2.8740530395534636,98.20758333958945,21.261704012045403,0.0,0.30344870031306853,0.6121474759877467,8.474648415996104
2012-08-18 18:00:00,2012,8,18,18,1345312800,29.674982232258944,4.51639039066813,97.71424294996314,0.7259818941384278,4.834591618657725,0.3363269065636084,0.6008911584278581,5.964391809623521
2012-08-19 00:00:00,2012,8,19,0,1345334400,27.2995493406074,3.1534224352384523,97.60722495191811,0.9378271497015351,0.0,0.3064350924189947,0.5555466741099013,5.014207613883582
2012-08-19 06:00:00,2012,8,19,6,1345356000,26.39950913557095,3.37402143652455,97.82404393734753,0.8554330116577517,6.8372748986511995,0.352360699846059,0.6480895830120658,5.178835588769824
2012-08-19 12:00:00,2012,8,19,12,1345377600,33.30903105077637,3.372735237373277,97.46988643351708,20.669439777615533,8.19495759638609,0.37696003829395486,0.6380945509365821,8.208012235000746
2012-08-19 18:00:00,2012,8,19,18,1345399200,27.62714202805327,4.575623454320338,97.769808532445,0.7473913387525861,0.0,0.306433201889003,0.5538659193609148,4.897392879230348
2012-08-20 00:00:00,2012,8,20,0,1345420800,25.476285501127283,2.4073065273892893,98.05553543489529,0.5386640427042375,0.0,0.3024563501316055,0.6112834305040008,4.90475556704527
2012-08-20 06:00:00,2012,8,20,6,1345442400,31.219190508135533,2.72623592963111,98.24816357629457,0.5401046393983483,0.0,0.2761417783711965,0.6250801785522873,5.69196440906309
2012-08-20 12:00:00,2012,8,20,12,1345464000,35.44954828737983,3.2198265000102384,97.97137822270162,20.797684238027912,11.269721809242624,0.40876383994426596,0.5898021783963153,8.576982117328178
2012-08-20 18:00:00,2012,8,20,18,1345485600,29.073058717692167,8.298061893526167,98.03997153771894,0.4682754917282658,0.0,0.28672169436837586,0.6166896744396709,5.376942345067426
2012-08-21 00:00:00,2012,8,21,0,1345507200,25.39220702993183,2.3610483371381603,97.90626138687215,0.7172148014422669,0.0,0.3196160431872759,0.5770056628574696,5.057020230009678
2012-08-21 06:00:00,2012,8,21,6,1345528800,30.629199437806903,2.8431303178648832,98.07261898745813,0.7626574343765661,0.10378549939967244,0.32005325670365387,0.644572822999714,5.640850373640798
2012-08-21 12:00:00,2012,8,21,12,1345550400,34.462708071286215,3.3803835798602524,97.34168801744278,20.862848565894986,12.613830084802734,0.45979741005076463,0.6377305361663497,8.77576989375559
2012-08-21 18:00:00,2012,8,21,18,1345572000,31.170434995128602,3.1444986914356505,97.54871401958162,0.7052064047970147,16.7382142959196,0.4611951468337995,0.6336782799666911,6.116840349526907
2012-08-22 00:00:00,2012,8,22,0,1345593600,23.575144771871642,2.503816417425174,98.12869340613665,0.7093592917567973,0.0,0.3039053945655183,0.6441944056048929,4.9740353916461855
2012-08-22 06:00:00,2012,8,22,6,1345615200,31.54050151541013,4.803668786543604,97.52799592250238,0.9121024674656429,0.0,0.3066063918622062,0.6376005040768117,5.795749739414795
2012-08-22 12:00:00,2012,8,22,12,1345636800,33.966071464497,3.5726314700060113,97.71267362128478,20.7621320510596,0.0,0.33174083521425823,0.6349606514012882,8.192950674393229
2012-08-22 18:00:00,2012,8,22,18,1345658400,28.269595970932958,4.654914001370383,97.88766379708318,0.23655197787853227,9.470051971373133,0.425813329488387,0.6187712275168524,6.0435906278572045
2012-08-23 00:00:00,2012,8,23,0,1345680000,24.802234992827547,2.6634879119426884,97.56672740065613,0.34728942178630795,0.0,0.2889460121739087,0.6169798203582756,5.110539940217544
2012-08-23 06:00:00,2012,8,23,6,1345701600,27.312797142912217,2.627938249807719,97.9945534143966,0.42131081006397075,0.0,0.2809475810706853,0.643028115455848,5.203885203145966
2012-08-23 12:00:00,2012,8,23,12,1345723200,34.155491098247154,6.496396679355868,97.96457700139848,20.456943397027153,0.0,0.24618339564815261,0.6814929885046559,8.014549206422702
2012-08-23 18:00:00,2012,8,23,18,1345744800,29.56716175268073,2.714699529651628,98.49286611781955,0.11686306379768023,0.0,0.3023396283919539,0.6916898575591253,5.0311264068506985
2012-08-24 00:00:00,2012,8,24,0,1345766400,25.022396288121943,6.544337907088964,97.65167551577791,0.9131712524989068,0.0,0.30873251893372816,0.6028288677644551,4.730804490418574
2012-08-24 06:00:00,2012,8,24,6,1345788000,30.5635533733774,5.376253241452128,97.8999583509884,0.291974702935743,6.8360658192232595,0.35574627922859264,0.6028261536611554,5.802568701244789
2012-08-24 12:00:00,2012,8,24,12,1345809600,32.24500580417978,6.98580716546978,97.73390127875467,21.12071521359659,0.0,0.28246499579116957,0.5908660664491308,8.196713527036964
2012-08-24 18:00:00,2012,8,24,18,1345831200,28.77062295792311,5.695888579949075,98.17362603921896,0.7060269651133533,0.0,0.3280535551539414,0.6259199101759534,5.803534122616281
2012-08-25 00:00:00,2012,8,25,0,1345852800,22.43533291885272,6.302905736309356,97.57793237035379,0.3031403860131827,9.826571517459252,0.3885243801756281,0.5972557724930619,4.922377418858355
2012-08-25 06:00:00,2012,8,25,6,1345874400,31.689878761680983,5.574533242786439,98.03756621472405,0.31129403786340815,6.536437266091345,0.3653942009724259,0.6297882757032444,5.771508851984242
2012-08-25 12:00:00,2012,8,25,12,1345896000,34.581518792817235,2.9938578358903083,98.0459216618486,20.39585506040971,0.0,0.3230509296421849,0.6347313743495293,8.104516277634048
2012-08-25 18:00:00,2012,8,25,18,1345917600,27.05522867888448,4.014059462716421,97.95120947071402,0.4450546223857249,7.630401289754986,0.3298765568577965,0.6984105125154025,5.51489653196347
2012-08-26 00:00:00,2012,8,26,0,1345939200,22.126121644534688,2.5009038961553673,97.88367246247539,0.05425097930575851,0.8115353121727282,0.34152467308028445,0.675947326671285,5.09452339265623
2012-08-26 06:00:00,2012,8,26,6,1345960800,29.776150260616806,3.3420210240302777,97.90682669605819,0.10986470259744163,0.0,0.28200698452296297,0.655631907841541,5.45339317560364
2012-08-26 12:00:00,2012,8,26,12,1345982400,35.18382807590567,2.4514561106574844,97.55439379397069,20.051064135375285,0.0,0.28151058524524836,0.6856015145276774,8.218530106732375
2012-08-26 18:00:00,2012,8,26,18,1346004000,27.82224124420975,4.014295863841053,98.08073457113801,0.07405241727625923,0.0,0.2930833519759446,0.6325285993493527,4.631586436141046
2012-08-27 00:00:00,2012,8,27,0,1346025600,23.781280526458275,2.4638962077051962,97.85900423682898,0.42651839263395763,0.0,0.3210575039164474,0.5831899254946075,4.917439085227024
2012-08-27 06:00:00,2012,8,27,6,1346047200,29.573346916923192,5.3856746442349275,98.98560443534596,0.050639886880603724,0.0,0.3144496851382828,0.6733646105190102,5.599798039066576
2012-08-27 12:00:00,2012,8,27,12,1346068800,33.69295662276035,2.355673230274733,98.03308370377789,20.359983185721717,0.0,0.30676785391300726,0.6331453976976814,8.226281726369947
2012-08-27 18:00:00,2012,8,27,18,1346090400,27.668722907363748,2.9684527926544564,97.72080001464367,0.8521044861901714,5.7722059361043225,0.348010700636005,0.6629229014542771,5.674803666221582
2012-08-28 00:00:00,2012,8,28,0,1346112000,22.46456578753095,7.099888013039519,97.99703922647905,0.40009538629771,0.0,0.3209928951224402,0.6395547280671278,4.584676590511406
2012-08-28 06:00:00,2012,8,28,6,1346133600,27.08670867280015,4.332505728670839,98.10769654832826,0.23386906971964283,6.625600380926386,0.3473084939301926,0.6527010350657937,5.467789629003298
2012-08-28 12:00:00,2012,8,28,12,1346155200,33.819452302873266,4.049346265976512,98.01575529425115,20.21198155973082,4.341635517839414,0.3814929160925051,0.6522546117607047,8.069576098864278
2012-08-28 18:00:00,2012,8,28,18,1346176800,30.167478244807246,3.6697712633369806,97.94709388101194,0.5493890394656361,0.0,0.3196448685817002,0.7270644069202609,6.265470217329028
2012-08-29 00:00:00,2012,8,29,0,1346198400,24.93018250272634,2.376970682275837,97.69235909650828,0.05072210928851628,0.813170560360826,0.314585501345099,0.5880295759234646,4.609441885233584
2012-08-29 06:00:00,2012,8,29,6,1346220000,27.675367760052072,2.9375448258592014,98.21003091628738,0.4544924033927432,0.0,0.26703901226736937,0.7342024325979434,5.4949333961645666
2012-08-29 12:00:00,2012,8,29,12,1346241600,35.01982216506884,3.960226649253854,97.78880541954622,20.360898151034696,0.0,0.2925878374380968,0.5729247010946948,8.070339747082762
2012-08-29 18:00:00,2012,8,29,18,1346263200,31.585496090721577,2.3092873792872624,98.05273584769692,0.817975152665896,0.0,0.31512471797822406,0.6674722318231293,5.795878780834703
2012-08-30 00:00:00,2012,8,30,0,1346284800,23.549827144713518,7.714626450550147,98.16787405579126,0.6566540907046556,0.0,0.30243069184575,0.6989037821512772,5.085572109948256
2012-08-30 06:00:00,2012,8,30,6,1346306400,26.108977693364203,7.475115757962966,98.93016792150779,0.3784347680515846,0.6299036486690597,0.33264514956759833,0.6673855297453897,5.530948722167246
2012-08-30 12:00:00,2012,8,30,12,1346328000,33.56258079957249,3.230018198948698,97.72098998706728,20.53071843854213,7.337333622380892,0.3795555674087527,0.7355125559297808,8.90607024042722
2012-08-30 18:00:00,2012,8,30,18,1346349600,28.508466027381616,2.20543609938237,98.55262519899809,0.1041131874035359,2.7519779991946356,0.3192704766626564,0.6344907332579557,5.161411015131196
2012-08-31 00:00:00,2012,8,31,0,1346371200,22.34459479604447,2.7562311765009797,97.74287767042352,0.25342333262079164,17.815075292939895,0.46475898582580927,0.6395981465445431,5.281940649089774
2012-08-31 06:00:00,2012,8,31,6,1346392800,28.714552359263426,2.2293162537754645,98.24448941666672,0.5585819583788185,0.0,0.3155103979115239,0.6577559630499554,5.380381961353821
2012-08-31 12:00:00,2012,8,31,12,1346414400,35.548964664708265,2.2644752748700046,97.81524024932607,20.534460899957164,0.0,0.3113598310856683,0.7405666272779119,8.774999774718916
2012-08-31 18:00:00,2012,8,31,18,1346436000,30.210076757788904,3.4826378580893023,98.25261694707476,0.4282061667089441,0.0,0.3039668539668986,0.6695273927085822,5.666047836886682
2012-09-01 00:00:00,2012,9,1,0,1346457600,21.907662071545587,3.0506884675389365,98.0343646741541,0.859551718161933,1.4587654502328014,0.2533144242810883,0.6953907373116175,4.92938696401837
2012-09-01 06:00:00,2012,9,1,6,1346479200,27.93225093202916,7.246069222735059,98.43097483010325,0.25974124950025523,9.81551731485342,0.4048064092133497,0.5842245865148892,5.804777982377887
2012-09-01 12:00:00,2012,9,1,12,1346500800,33.23807626428386,6.7980325192482685,98.01683828296392,19.9572744870227,0.0,0.2793139854943504,0.7471059559223832,8.29147730820929
2012-09-01 18:00:00,2012,9,1,18,1346522400,28.028482110199835,2.69119818908093,98.04328346500684,0.446191580561158,5.224005438201414,0.3409456794216959,0.6496798705886014,5.285292271530563
2012-09-02 00:00:00,2012,9,2,0,1346544000,23.727322632731585,2.444053855759768,98.77719160808924,0.5828955073893608,0.0,0.27053541289381056,0.6438639991713125,4.688247286974125
2012-09-02 06:00:00,2012,9,2,6,1346565600,32.02073652031323,2.351957766910621,98.27176191868301,0.7991097131698723,0.0,0.3261147500876297,0.6525248703250146,5.543955238397867
2012-09-02 12:00:00,2012,9,2,12,1346587200,30.744228929280013,3.0214910414604152,98.1830924894066,20.390812638023895,3.7955356000575886,0.3284972899408753,0.6808509162266828,8.094338503595768
2012-09-02 18:00:00,2012,9,2,18,1346608800,31.32078362551188,4.541141651259574,99.02874219574518,0.42473286400992244,0.0,0.30412976319278795,0.6261919401439658,5.44080257452284
2012-09-03 00:00:00,2012,9,3,0,1346630400,22.513092784373274,2.242108961275945,97.76342392958394,0.44946858405772594,14.094131436064348,0.4495023278589752,0.6425092920755842,5.281500445512851
2012-09-03 06:00:00,2012,9,3,6,1346652000,27.446151510093433,4.441173068790164,98.1290788581716,0.10535188553134234,7.67845983205369,0.3630276473338576,0.6803725934604148,5.7183033758047825
2012-09-03 12:00:00,2012,9,3,12,1346673600,33.571242651332916,3.5287773545601793,97.92865391413507,20.088329512261204,0.0,0.2774709841250468,0.6332604706674103,7.810418132429491
2012-09-03 18:00:00,2012,9,3,18,1346695200,29.034932767726264,4.270018967879603,97.92446003864032,0.4183575593876209,0.0,0.2889383739144028,0.6599180738262592,5.827655363182344
2012-09-04 00:00:00,2012,9,4,0,1346716800,22.365375512354053,4.96023309692549,98.22179040147843,0.6574879213954742,0.0,0.2976395412890798,0.6695665445345299,5.027923645733242
2012-09-04 06:00:00,2012,9,4,6,1346738400,30.616230593949492,2.6473742256311104,97.7287611815767,0.6028070307086598,0.0,0.31890027932641785,0.7019399839722698,5.669280825386556
2012-09-04 12:00:00,2012,9,4,12,1346760000,33.33812262418328,4.853574155770332,98.2993781588304,19.30338901378108,0.0,0.28727082940910353,0.6662182362531179,7.747826810567147
2012-09-04 18:00:00,2012,9,4,18,1346781600,26.857307496756643,4.046756451307395,97.9148112500044,0.03999484937710288,0.0,0.28150275585636664,0.6504726268423159,5.239967987711092
2012-09-05 00:00:00,2012,9,5,0,1346803200,23.544816708630023,2.935806904763645,98.61372736063608,0.8682043217858688,4.034706779043999,0.3289830400860364,0.6846990127080212,5.634372812653331
2012-09-05 06:00:00,2012,9,5,6,1346824800,30.121411460049103,2.611497610104992,97.81962769227198,0.16363211705940828,0.0,0.30765778848796727,0.6549047725143813,5.275591251604459
2012-09-05 12:00:00,2012,9,5,12,1346846400,32.85667196873248,3.5821878190757586,98.24842974428213,19.689652077684478,18.420924776421497,0.4682943373021244,0.6955387920419962,9.031216234973465
2012-09-05 18:00:00,2012,9,5,18,1346868000,28.860545504990544,3.4824476495781793,98.04516638457453,0.3531067752831686,0.0,0.29260404623925296,0.6447050685760929,5.455426745396283
2012-09-06 00:00:00,2012,9,6,0,1346889600,24.073781629211314,3.5363671386925404,98.29788669781348,0.5578412906636152,0.0,0.274898991126956,0.6723738679240522,4.709606422099418
2012-09-06 06:00:00,2012,9,6,6,1346911200,27.509831170878158,2.662262308631627,97.96202046594678,0.31017112089399157,0.0,0.2886811610854625,0.6867845616144874,5.4052192312507
2012-09-06 12:00:00,2012,9,6,12,1346932800,32.52828777384207,2.1661637711232204,98.41476906410469,19.546819557838074,0.0,0.28080241693067454,0.6835192347313173,8.270427787940564
2012-09-06 18:00:00,2012,9,6,18,1346954400,27.34939509545935,2.168490318184237,97.9714268673663,0.17061603033391026,0.0,0.2941591218376865,0.6671038030354419,5.6880364083885455
2012-09-07 00:00:00,2012,9,7,0,1346976000,22.731800867371962,2.4498412992766556,98.05439809222972,0.497142002623703,9.952939907114354,0.39149566396535684,0.6928416229760264,5.387560393016022
2012-09-07 06:00:00,2012,9,7,6,1346997600,28.277533684983148,4.239350725418149,98.03653265826532,0.8680819435261496,0.0,0.3337000993275394,0.7482213792193497,5.71253145215029
2012-09-07 12:00:00,2012,9,7,12,1347019200,32.55193111920558,3.6395682654521915,97.90884235558842,20.000214940433885,0.0,0.2774928301549706,0.6801274345923092,7.980116468987826
2012-09-07 18:00:00,2012,9,7,18,1347040800,29.437270152483002,4.668181052903491,98.06867630199267,0.20550870029937207,5.247794435239598,0.3076502447018953,0.6601700891262154,5.5648365758723735
2012-09-08 00:00:00,2012,9,8,0,1347062400,23.01242013318946,2.1888307363160218,98.48088664959498,0.14953747115647142,0.0,0.2980056734251866,0.6557190968190375,4.986792123296017
2012-09-08 06:00:00,2012,9,8,6,1347084000,27.419711785291653,2.2439110282467953,97.81289816861245,0.1802388941844706,6.151337754102605,0.3642072165110683,0.6819542106346247,5.50115476181778
2012-09-08 12:00:00,2012,9,8,12,1347105600,32.07560182634464,2.438009663037763,98.26888909103836,19.3808104376114,19.4394358743363,0.48,0.6746242152865103,8.28848043316622
2012-09-08 18:00:00,2012,9,8,18,1347127200,25.56944344893258,3.111937527228736,98.36166011229105,0.0910621533479493,0.0,0.2945451968077871,0.7173444839871137,5.170235982075837
2012-09-09 00:00:00,2012,9,9,0,1347148800,23.568074596349085,4.37998052000381,97.87855327295642,0.8194681571086511,8.959386911972718,0.4143782787954208,0.6171591816699583,5.438117793614898
2012-09-09 06:00:00,2012,9,9,6,1347170400,26.705867205258805,3.331451078526065,98.16807013424794,0.2619802042917476,0.0,0.30437781995182767,0.7091016462411076,5.2339372356868035
2012-09-09 12:00:00,2012,9,9,12,1347192000,31.879637695322636,3.204651188679035,97.77364958518208,19.307613329086003,3.3516545749986366,0.3459846579667921,0.706309262970908,8.210861482828719
2012-09-09 18:00:00,2012,9,9,18,1347213600,26.27770129600547,2.43220335348442,97.72675489849968,0.2285808446746251,11.307414233511864,0.39827652824130216,0.6369489085064776,5.311371020614513
2012-09-10 00:00:00,2012,9,10,0,1347235200,21.928008394566234,2.188871666705095,98.53035069266755,0.18909795226285886,0.0,0.30870813962191396,0.718227392710046,4.705732151967023
2012-09-10 06:00:00,2012,9,10,6,1347256800,24.449542650087455,2.7866221540932163,97.91029295603776,0.025603745236164044,0.0,0.2785124851116225,0.6179386755427332,4.652968349861786
2012-09-10 12:00:00,2012,9,10,12,1347278400,32.20176959444826,2.1913756391359738,98.10896787093255,19.23091169538679,0.0,0.30648685277766446,0.6261290393067236,8.06820394909774
2012-09-10 18:00:00,2012,9,10,18,1347300000,29.636629465921345,2.9221339289915367,98.06889070273411,0.8715325131498322,0.0,0.2894430522562663,0.6705887958393512,5.614548931000791
2012-09-11 00:00:00,2012,9,11,0,1347321600,20.248388268914475,2.319032548151143,98.1002709125278,0.23509433367463928,0.0,0.3140141321542538,0.654637800035102,4.932712460707164
2012-09-11 06:00:00,2012,9,11,6,1347343200,28.23104391008311,2.739944530534065,98.41358910174188,0.17213021133726814,0.0,0.2736078225109681,0.6626328503891497,5.031319480702088
2012-09-11 12:00:00,2012,9,11,12,1347364800,33.35700166904822,3.890367634633353,98.09430293790126,19.136324167440744,0.0,0.2863356839963025,0.6972496268309419,8.014567761203512
2012-09-11 18:00:00,2012,9,11,18,1347386400,24.02494837488334,3.8121840639174973,98.64699455657725,0.9043728912843131,0.0,0.2640095911635443,0.7104238150070824,4.907165114146427
2012-09-12 00:00:00,2012,9,12,0,1347408000,22.61490205178785,3.527665234894862,98.41152348035683,0.35427839781615234,11.179111340107324,0.397319963279575,0.699216138403197,5.424908219675947
2012-09-12 06:00:00,2012,9,12,6,1347429600,27.706750914241862,4.413004186551322,98.20494463273782,0.3928970069654414,0.0,0.278654495132303,0.7306666682749396,5.02586869138946
2012-09-12 12:00:00,2012,9,12,12,1347451200,30.6696593271714,8.993137332282359,98.36299489222849,19.51086190289317,0.0,0.30111054265260184,0.7428199207477659,8.283126772576104
2012-09-12 18:00:00,2012,9,12,18,1347472800,24.937816977423317,2.9473607254851,98.05404719762304,0.45434909442608734,6.367321175152755,0.3339064498578385,0.6633022302844206,5.0035112787201115
2012-09-13 00:00:00,2012,9,13,0,1347494400,21.775016257770453,2.6780160343957107,98.2554410788255,0.6178851752003256,0.0,0.25521382778085155,0.7353752658523279,4.8437751461874194
2012-09-13 06:00:00,2012,9,13,6,1347516000,28.932707312219605,3.375330944971471,97.84243505835714,0.24766777596361755,6.354330588631914,0.342029408949966,0.6939018139416836,5.761051015028713
2012-09-13 12:00:00,2012,9,13,12,1347537600,34.09912990195042,4.140637535994508,98.57811353378358,19.035487175830923,5.3514870762029885,0.330587415715637,0.7040614948176876,8.066020710532358
2012-09-13 18:00:00,2012,9,13,18,1347559200,28.398208414964866,2.6792409360984704,98.84742068097876,0.633288191333028,0.0,0.29244056709995236,0.6934179273225733,5.134255692742168
2012-09-14 00:00:00,2012,9,14,0,1347580800,24.56785435640517,2.307464607309521,98.60442127853202,0.4058854525218244,0.0,0.28637802176877153,0.7016410310733567,5.24041151898606
2012-09-14 06:00:00,2012,9,14,6,1347602400,26.468665319821667,4.993896818430308,98.05735211704057,0.899422214433341,0.0,0.2764557423134077,0.6789241022206388,5.294563171357174
2012-09-14 12:00:00,2012,9,14,12,1347624000,31.43538526113339,3.5113556799873002,98.16814408730787,19.05733393289577,5.166451782617972,0.35036073597391426,0.6852676040155365,8.140337483768734
2012-09-14 18:00:00,2012,9,14,18,1347645600,28.479063317446798,2.0969841638174542,98.7621333989888,0.9061331773056625,7.584364267851117,0.35443095679404363,0.6817529921762343,5.732627090388135
2012-09-15 00:00:00,2012,9,15,0,1347667200,18.225094395556546,6.118675384537442,98.1175688323673,0.21395830716291964,0.0,0.30926773085760845,0.6620447387396758,4.710529046489043
2012-09-15 06:00:00,2012,9,15,6,1347688800,26.361282663279347,3.048227845112758,98.45071237967488,0.02299688771776509,0.0,0.29230269607713766,0.6793272760270362,4.914889443796669
2012-09-15 12:00:00,2012,9,15,12,1347710400,28.9104937052596,3.747954242619641,97.83172921327322,18.666334464736117,2.2791302837453,0.31692877407840253,0.7124417426128777,7.792157664433743
2012-09-15 18:00:00,2012,9,15,18,1347732000,27.168828158462464,2.7857127205658765,98.24592978861641,0.9181148765553274,0.0,0.2967674379624486,0.7344052450995964,5.361536138946022
2012-09-16 00:00:00,2012,9,16,0,1347753600,23.502079073711997,5.7925085269811305,98.08369526488977,0.8167397053004757,0.0,0.281677703517,0.7222941998192569,5.2244737424264835
2012-09-16 06:00:00,2012,9,16,6,1347775200,25.43489159037147,5.326490576756861,98.47085855121733,0.597562801113992,0.0,0.2596932002878465,0.6921158309552822,5.0939027584694685
2012-09-16 12:00:00,2012,9,16,12,1347796800,31.627580377197766,3.494135307431762,98.1746530252453,18.938126599420173,0.0,0.29035138042321157,0.6522912163036988,7.894857638289428
2012-09-16 18:00:00,2012,9,16,18,1347818400,23.72976561120722,4.136282215054935,97.718040306078,0.9086775712601194,12.531627290583224,0.3963656137862361,0.7135133704523756,5.698611431005448
2012-09-17 00:00:00,2012,9,17,0,1347840000,21.425128188549078,2.4019766805768192,98.24141590523114,0.8385595818299609,0.0,0.27865582660983135,0.6760201155501503,4.915521982771191
2012-09-17 06:00:00,2012,9,17,6,1347861600,27.01890938968085,3.4188030084589482,97.80445859498985,0.7974534993733963,0.3122611875269781,0.2729138892521108,0.6808752502243781,5.355231420871475
2012-09-17 12:00:00,2012,9,17,12,1347883200,30.427689316725605,2.4436348100343928,98.3116661551758,18.229546224846043,0.0,0.27919503135949797,0.6672690769710448,7.692059824911652
2012-09-17 18:00:00,2012,9,17,18,1347904800,27.547018072696545,3.0927792212714356,98.7599972722468,0.5267667901058259,0.0,0.2784167415530993,0.687982216535797,5.391672149887276
2012-09-18 00:00:00,2012,9,18,0,1347926400,21.353296434892478,3.575397854344632,98.40777785767021,0.46332109733657456,0.0,0.2797556636917455,0.7208462520671697,4.981007924407972
2012-09-18 06:00:00,2012,9,18,6,1347948000,27.629524416805907,2.6735259900469206,98.38194293515461,0.983799540942892,0.0,0.28844917332400244,0.670962199883699,5.345172749714014
2012-09-18 12:00:00,2012,9,18,12,1347969600,28.714215665524566,2.617726374732551,98.63353535687133,18.608477645779242,0.0,0.2772419070527633,0.650857038360986,7.14115209824267
2012-09-18 18:00:00,2012,9,18,18,1347991200,25.567747771967902,2.707772686907801,98.21284444577645,0.167697904648464,0.0,0.287394956348524,0.645720557766424,4.801786476916842
2012-09-19 00:00:00,2012,9,19,0,1348012800,20.15076979635973,3.219283076549658,98.48858290820553,0.09884755923233512,8.572263988704721,0.381298214580047,0.6809034445385925,5.060494563848318
2012-09-19 06:00:00,2012,9,19,6,1348034400,25.66174604345655,2.2873935239749765,97.99724750607383,0.11598215327217642,0.0,0.28554934841873786,0.655777828251427,4.889281195553314
2012-09-19 12:00:00,2012,9,19,12,1348056000,29.594226999631232,5.106977530024498,98.34978178160233,18.882370170551784,6.305155935668688,0.36855962750526566,0.6922858888760923,8.138097058926757
2012-09-19 18:00:00,2012,9,19,18,1348077600,25.51051924114139,2.248175250286509,97.79173610589517,0.3903392118223814,0.0,0.28097258015825216,0.6967919773157909,5.232122002427238
2012-09-20 00:00:00,2012,9,20,0,1348099200,19.453319199783706,7.469104036142147,98.10297219265912,0.5616288246527221,0.0,0.26666376105329764,0.7065260156856237,4.643890943784618
2012-09-20 06:00:00,2012,9,20,6,1348120800,26.521259976272777,10.820264773396556,98.70125100603703,0.9087882455730557,0.0,0.3072622276000975,0.6858178229269196,5.8938983156003575
2012-09-20 12:00:00,2012,9,20,12,1348142400,29.259117459705244,2.6783950229943514,98.02657704001518,18.907776819788552,0.0,0.2669883730100847,0.7201203533631987,7.572706243541941
2012-09-20 18:00:00,2012,9,20,18,1348164000,25.288779819792452,3.5330237930903667,98.39036331673475,0.895035526278632,0.0,0.2632456398161585,0.684773963969938,5.023161001328945
2012-09-21 00:00:00,2012,9,21,0,1348185600,19.293764658438423,2.101637160001398,98.10585311106783,0.5582375988850973,8.942970088260267,0.33694120783123754,0.7249895062407515,5.261113802259333
2012-09-21 06:00:00,2012,9,21,6,1348207200,25.38667428063233,3.1260320654018505,98.47144866826184,0.15624862964774777,0.0,0.2831789951889991,0.7024870902689617,4.646812736498459
2012-09-21 12:00:00,2012,9,21,12,1348228800,29.93703359739855,3.130691547768107,98.77507681353907,18.078000104981985,2.3865471351019023,0.2343426942842753,0.6593219892943036,7.455913317317958
2012-09-21 18:00:00,2012,9,21,18,1348250400,25.223620849039047,2.5708903972398454,98.11724321829126,0.8996127170346175,0.0,0.2606588784097979,0.6966891782915531,5.354773945175374
2012-09-22 00:00:00,2012,9,22,0,1348272000,17.35394317931717,2.035052154101689,98.43379312646374,0.6809564383220825,0.0,0.30492438518361237,0.7207956267710712,4.754067204680217
2012-09-22 06:00:00,2012,9,22,6,1348293600,25.409498484254453,2.1705098405923553,98.08485645274577,0.12662888520389037,1.836713891199152,0.28622383678789626,0.7014512492270766,4.957747928471102
2012-09-22 12:00:00,2012,9,22,12,1348315200,29.977160323944208,3.1166728109911563,98.67466703460146,18.24656675971453,0.0,0.27365837501939383,0.7458798906875751,7.5227325702133285
2012-09-22 18:00:00,2012,9,22,18,1348336800,23.191362690201473,2.8464903606410887,98.28573658498948,0.20026529067292992,0.0,0.2783783326998197,0.6883201436309158,4.774073955353089
2012-09-23 00:00:00,2012,9,23,0,1348358400,19.875478861302266,4.603576931633745,98.67229655360924,0.09092526923590505,0.0,0.2731024882297087,0.7167246273182191,4.708051315154641
2012-09-23 06:00:00,2012,9,23,6,1348380000,22.48318759366876,5.559566680656739,98.67912736385702,0.6467482302465207,0.0,0.2722945769579183,0.6917336505530596,4.600602288034388
2012-09-23 12:00:00,2012,9,23,12,1348401600,32.37348132677362,3.687076099757361,98.13569625688685,18.33166631806567,0.0,0.26914321477997566,0.709417969720393,8.085827110740848
2012-09-23 18:00:00,2012,9,23,18,1348423200,24.509674823665694,3.1841996262054404,98.11803319387023,0.11921828770314474,2.0343667638097704,0.2927321805407181,0.681944967088514,4.825619433967457
2012-09-24 00:00:00,2012,9,24,0,1348444800,19.16363103461961,4.640581586484764,98.13894131936144,0.6718865086362867,7.446962603334379,0.35279519263742176,0.753165536740613,4.91645674163218
2012-09-24 06:00:00,2012,9,24,6,1348466400,25.33164213998946,2.443182930792648,98.17607111453567,0.5487243135456213,0.0,0.2358863564920748,0.7108812999356302,4.917685618329146
2012-09-24 12:00:00,2012,9,24,12,1348488000,30.11745815357587,4.505729018600718,98.8960283575597,18.164904655654826,9.243714770418505,0.38712008812640825,0.7058841090503961,8.311135540433725
2012-09-24 18:00:00,2012,9,24,18,1348509600,25.514368555990064,2.7601532960765742,98.49306604401913,0.3310108231521843,0.0,0.2915009947633611,0.681358283153909,5.1272645659219425
2012-09-25 00:00:00,2012,9,25,0,1348531200,18.29617032872822,2.185112992371635,98.5549911061798,0.4486742254431264,0.0,0.298141955499359,0.7337830733837003,4.99370612477016
2012-09-25 06:00:00,2012,9,25,6,1348552800,25.724078699945217,4.209557814498323,98.48785813736285,0.07515853329946431,19.313740602133727,0.47506797727764843,0.6778470723262708,6.119151682222899
2012-09-25 12:00:00,2012,9,25,12,1348574400,28.866824707766693,2.4578179061340903,98.70043198276649,18.42397967444819,1.4389527154368935,0.2662113898278294,0.6837155765396564,7.534415323071815
2012-09-25 18:00:00,2012,9,25,18,1348596000,25.23140169521327,3.025348749727374,98.76883453074205,0.03372199590472328,6.134039272631863,0.3353932630639954,0.6717788751786591,5.12909278455059
2012-09-26 00:00:00,2012,9,26,0,1348617600,19.11348489549811,3.4658552527132653,98.69458141676215,0.48145132089506704,11.135570305902485,0.3855257492899131,0.7440290491189694,4.9835139617607425
2012-09-26 06:00:00,2012,9,26,6,1348639200,21.924857497337307,3.9774383568824714,98.32985956723726,0.5972345955756759,0.0,0.24451688114837808,0.6572378367086321,4.629668545551637
2012-09-26 12:00:00,2012,9,26,12,1348660800,30.486213416716154,3.022818898717267,97.96663329880673,17.616516222689885,0.0,0.2740617953666565,0.7007010164174688,7.621391111215127
2012-09-26 18:00:00,2012,9,26,18,1348682400,27.193124197919037,2.9380423600192747,98.19109117650326,0.9902082804289921,0.0,0.2643064107965243,0.7390760620725831,5.440022692160294
2012-09-27 00:00:00,2012,9,27,0,1348704000,22.195479002600436,3.2838854765433334,98.65190102463184,0.04883092743963269,0.0,0.2837066673941643,0.7141976278242831,4.824745585090367
2012-09-27 06:00:00,2012,9,27,6,1348725600,23.824119913311087,5.017010982378842,98.50390554702219,0.057991489844575694,0.0,0.27284627325803573,0.6826931581670793,4.927608445554529
2012-09-27 12:00:00,2012,9,27,12,1348747200,27.032251587988476,6.558879082132039,98.41732276613588,17.57346456671016,6.494986057288904,0.31825090650597254,0.6670539808424766,7.431714791415117
2012-09-27 18:00:00,2012,9,27,18,1348768800,24.665000071728105,3.550899254007644,98.46168109375881,0.7818121361454503,0.0,0.2664288507525384,0.6915117313175507,5.157832108958061
2012-09-28 00:00:00,2012,9,28,0,1348790400,21.797500351367734,2.40945426646422,97.90389883506201,0.8476831062910064,0.0,0.2675107366804535,0.7013972422455214,4.877269249474685
2012-09-28 06:00:00,2012,9,28,6,1348812000,27.149373998931306,4.837860196408612,98.54627008875804,0.279144930761288,0.0,0.28026409018185977,0.680680353728079,5.296715151037431
2012-09-28 12:00:00,2012,9,28,12,1348833600,27.784455910185386,3.098758315311023,98.18495324486283,17.760798159694517,0.0,0.2810239812263883,0.7031452368650856,7.602319610883623
2012-09-28 18:00:00,2012,9,28,18,1348855200,23.08025219154557,9.496574028098136,97.94837280852296,0.3854972516977382,0.0,0.2504388430205794,0.7327303157856337,5.81999471949921
2012-09-29 00:00:00,2012,9,29,0,1348876800,16.546433296780783,2.336972878729039,98.47007919827169,0.8177937718009802,15.318370762901985,0.43494893417136404,0.6829017721229085,4.913133114958191
2012-09-29 06:00:00,2012,9,29,6,1348898400,24.715482256895555,2.3007737890379225,98.32175125174513,0.2620391315672861,0.0,0.30246044966598373,0.7098284395961818,5.300832308938227
2012-09-29 12:00:00,2012,9,29,12,1348920000,27.76958343494215,9.295192321574458,98.10422248716661,17.813251895770286,0.0,0.2632233126136657,0.699149556662183,7.178075443601237
2012-09-29 18:00:00,2012,9,29,18,1348941600,23.517205053386498,5.152881482387187,98.68407039525269,0.5137175051264166,0.0,0.22453305687894815,0.717954259753308,4.684152905875541
2012-09-30 00:00:00,2012,9,30,0,1348963200,18.360912715245384,11.67146789951579,98.33053833035848,0.8618713220817298,0.0,0.24060357189294174,0.7414177736248458,4.7988265274582895
2012-09-30 06:00:00,2012,9,30,6,1348984800,22.291136096444127,3.0314621652573512,98.65379876121956,0.3082285315414436,0.0,0.2659072660622214,0.6905644416579262,4.722108742603169
2012-09-30 12:00:00,2012,9,30,12,1349006400,27.14922670464163,6.131540249853511,97.66506805738678,17.352800065695885,0.0,0.28324721148660525,0.6940702883439129,7.520867073076105
2012-09-30 18:00:00,2012,9,30,18,1349028000,26.26182558137031,5.316584254934959,98.46169442148178,0.3033900464704644,0.0,0.26743195785876206,0.6702323946026155,5.161170652852355
2012-10-01 00:00:00,2012,10,1,0,1349049600,21.90465083037207,3.7700472454842133,98.87425506859228,0.3977049426992022,0.0,0.26636855270624726,0.746259779422404,4.5580392516578225
2012-10-01 06:00:00,2012,10,1,6,1349071200,25.40880563570355,2.049654751556866,98.58920034649714,0.41635539167241187,0.0,0.26386169807482374,0.6961306974707373,5.158432853702855
2012-10-01 12:00:00,2012,10,1,12,1349092800,29.086650574083723,4.29362244384088,98.84388574061674,17.282006596408927,0.0,0.23838524248969603,0.7145772817750418,7.410311738889969
2012-10-01 18:00:00,2012,10,1,18,1349114400,25.146158229079546,3.1748492860489588,98.84334541889123,0.5478569981568769,0.0,0.2659084951381989,0.7529304901513223,5.01241349552479
2012-10-02 00:00:00,2012,10,2,0,1349136000,20.799718624733792,2.173169753002305,98.71909377596724,0.9596525077923188,0.0,0.24112822699628858,0.7074759691078278,4.634590508021712
2012-10-02 06:00:00,2012,10,2,6,1349157600,25.118031445729002,2.678799983778946,98.57661915650137,0.881618650567741,0.0,0.2867595434754804,0.750768923273105,5.291234951936591
2012-10-02 12:00:00,2012,10,2,12,1349179200,29.837441004443455,2.1165027982477103,98.82199671103609,17.528034925850697,0.0,0.25249799679558926,0.7070795223654623,7.085755874956057
2012-10-02 18:00:00,2012,10,2,18,1349200800,26.046228889331868,2.3952768851279185,98.58821085433615,0.8843687376908853,0.0,0.2704574814190874,0.725188916060665,5.134966881853108
2012-10-03 00:00:00,2012,10,3,0,1349222400,20.492053476956883,4.052426401213167,98.19617276977051,0.4239305345707086,0.0,0.24554849235949902,0.7378015757489822,4.779358456897682
2012-10-03 06:00:00,2012,10,3,6,1349244000,23.14341401168605,2.145573385470885,98.80227227202496,0.6980014777115181,0.0,0.25869807242409465,0.6917622916881093,4.597086944693962
2012-10-03 12:00:00,2012,10,3,12,1349265600,29.736612877327545,2.951180851323123,98.84211423635422,17.50171227262743,0.0,0.2716565452591751,0.6890321241092537,7.47538370341138
2012-10-03 18:00:00,2012,10,3,18,1349287200,26.25375132407966,2.3430667278322987,98.66651121912183,0.776840810281725,0.0,0.2783859576135192,0.7182418729053968,5.208219411819679
2012-10-04 00:00:00,2012,10,4,0,1349308800,19.526613019880422,2.0538065436359823,98.21094724234713,0.05830342937540145,0.0,0.23866814877263087,0.7269346950639317,4.515138070596891
2012-10-04 06:00:00,2012,10,4,6,1349330400,23.744386493069936,4.3289527479763175,99.04159974285166,0.19664573510418737,0.0,0.2554892712921102,0.6876751349259018,4.862382664810665
2012-10-04 12:00:00,2012,10,4,12,1349352000,30.449458797992804,2.786011849797391,98.59472511068824,17.225996545705588,0.0,0.26338961934743,0.6767907116628267,7.140656558743153
2012-10-04 18:00:00,2012,10,4,18,1349373600,26.995588980140457,2.1545750234956085,98.7048903566219,0.43832085215220334,0.0,0.24354052855853003,0.6968127099927901,4.724998267802465
2012-10-05 00:00:00,2012,10,5,0,1349395200,18.460231293645883,2.3857253753305154,98.83125627780005,0.1299515413097122,0.0,0.27780695384613296,0.6787888987728395,4.689299878696455
2012-10-05 06:00:00,2012,10,5,6,1349416800,25.41995589275797,2.879676324852908,98.6715866455246,0.07350528719702942,0.0,0.23971469107597812,0.6879627300118336,5.058783648810539
2012-10-05 12:00:00,2012,10,5,12,1349438400,28.24678929379072,2.7022308825442654,98.01385041710203,17.08923917991241,0.0,0.25341581635950133,0.690653092709676,7.009560222421562
2012-10-05 18:00:00,2012,10,5,18,1349460000,25.428476463257606,4.115062365681421,98.09278909656044,0.13708096115030283,0.0,0.2501446943210165,0.6596490350297632,5.1290509248116205
2012-10-06 00:00:00,2012,10,6,0,1349481600,18.278064822175352,2.5400996293928175,99.21747314781572,0.7480111284408671,0.0,0.2720070575763289,0.6969840518341084,4.560716655256395
2012-10-06 06:00:00,2012,10,6,6,1349503200,22.07968314622259,2.3682786375313247,98.82451289305823,0.24314908768525345,0.0,0.27984704321330106,0.6593160089137323,4.961378386865304
2012-10-06 12:00:00,2012,10,6,12,1349524800,28.726304599948982,2.9178389440710832,98.66104147292585,17.2529141316778,0.0,0.22590648325732549,0.7288285541697789,7.544370899277056
2012-10-06 18:00:00,2012,10,6,18,1349546400,24.21190100175533,2.0252875795896896,98.59810790693426,0.8936708027033885,0.0,0.2576591455762831,0.7572340303131324,5.140900743379466
2012-10-07 00:00:00,2012,10,7,0,1349568000,19.10642774998623,5.773413055947086,98.92639806093955,0.3381553046165624,0.0,0.23881897496800683,0.696467250098559,4.329801727179938
2012-10-07 06:00:00,2012,10,7,6,1349589600,26.073596922450818,3.992625471938808,98.420641950651,0.3735080096202287,0.0,0.28703488808230304,0.6853350139627783,5.631856189811833
2012-10-07 12:00:00,2012,10,7,12,1349611200,29.492737782403896,2.902349638539503,99.12012239028287,17.38551903626742,0.0,0.2593238355401958,0.6993537613124979,7.163424226373008
2012-10-07 18:00:00,2012,10,7,18,1349632800,20.719946250193935,5.054030792200129,98.27215694344501,0.7810891113333239,0.0,0.24236798836334872,0.7513099340262527,4.752186445067489
2012-10-08 00:00:00,2012,10,8,0,1349654400,19.62958798891558,2.161577188736502,98.64508039541023,0.8604397315511119,0.0,0.2458120197506449,0.7536329127493105,4.792069722297469
2012-10-08 06:00:00,2012,10,8,6,1349676000,26.346700068876757,2.254332169858628,98.88634915895199,0.5083581003455112,0.0,0.27214164890634157,0.6889456634881543,4.996558312279069
2012-10-08 12:00:00,2012,10,8,12,1349697600,31.431064767792744,3.1313550034366773,98.812290058176,16.783391044000176,0.0,0.26053282562657387,0.7190920803358049,7.732222222064272
2012-10-08 18:00:00,2012,10,8,18,1349719200,26.281260733724388,2.132023360804511,98.90671139703555,0.6786362210267792,0.0,0.22230274245992465,0.6246689789498086,4.700644186899848
2012-10-09 00:00:00,2012,10,9,0,1349740800,15.493759958987773,2.4535892525733956,98.95337938055876,0.24782199392904503,0.0,0.2479741792628274,0.6793531042371258,3.9548142034025804
2012-10-09 06:00:00,2012,10,9,6,1349762400,22.302758920987348,4.410556866603489,98.62708315976673,0.5728516350132133,0.0,0.2203953437736496,0.7318992617383483,5.124716925921681
2012-10-09 12:00:00,2012,10,9,12,1349784000,28.59299415098341,5.249168250777049,98.5825170933193,16.99619025561318,0.0,0.2484695832386849,0.6742390243258422,7.16941029384919
2012-10-09 18:00:00,2012,10,9,18,1349805600,24.446397610103396,4.05503034779664,98.62034388995205,0.48351824110616715,0.0,0.23828778059436462,0.7180385701439939,4.705128493142814
2012-10-10 00:00:00,2012,10,10,0,1349827200,21.19193663730184,2.32918478571498,99.0026872631907,0.6212953306741776,0.0,0.244544959826325,0.7116561015812696,4.71695942715971
2012-10-10 06:00:00,2012,10,10,6,1349848800,25.261818496952362,3.4628401593519706,98.90397010855507,0.8706226267309308,0.0,0.26325923045611893,0.7310150636145955,5.082464778263266
2012-10-10 12:00:00,2012,10,10,12,1349870400,28.206522996975853,3.414311378792548,99.61406312024896,16.495330198427904,0.0,0.2339373162146571,0.666964687102543,7.053226831410611
2012-10-10 18:00:00,2012,10,10,18,1349892000,24.302152804384765,3.188972194934431,98.46414671487372,0.03262520406143354,0.0,0.26248210943916145,0.6101888661320531,4.746618251628741
2012-10-11 00:00:00,2012,10,11,0,1349913600,20.86213432908373,2.1775780247814938,99.03858401134897,0.881156885437891,0.0,0.23176996727899202,0.6734292210085139,4.76637019890219
2012-10-11 06:00:00,2012,10,11,6,1349935200,24.095627942483123,2.4273786887271296,98.59454878071298,0.6124581985608447,0.0,0.23992744410261613,0.6396173675805149,4.608044939787838
2012-10-11 12:00:00,2012,10,11,12,1349956800,27.62830695906969,2.7116357178871127,98.63308828272073,16.759943082701152,0.0,0.2602577139952537,0.6719452386418918,6.922636379844821
2012-10-11 18:00:00,2012,10,11,18,1349978400,24.008629088847712,4.556835719519023,98.1198587317135,0.5896139979030426,0.0,0.23974962284843218,0.6817692825512096,4.76010115914643
2012-10-12 00:00:00,2012,10,12,0,1350000000,20.958835251834895,2.7322696658520202,98.78204196293004,0.6951178742604069,0.0,0.2517761484689076,0.682605826041541,4.3429546352094786
2012-10-12 06:00:00,2012,10,12,6,1350021600,22.79816817500068,2.0680096571314035,99.51811638090511,0.5506432316849669,0.0,0.2267640127962168,0.7181291589322297,4.889674655214307
2012-10-12 12:00:00,2012,10,12,12,1350043200,29.91584903371385,2.26682844274619,98.55947214523822,16.884593639490138,0.0,0.1874929620811213,0.6977304341335409,6.817050065177371
2012-10-12 18:00:00,2012,10,12,18,1350064800,21.855895406727274,3.4344448155527667,99.00229024193742,0.4228187775386695,0.0,0.25269442074873955,0.6647897350819373,4.511477673402827
2012-10-13 00:00:00,2012,10,13,0,1350086400,16.34803566453813,2.2294023610832405,98.06571678849886,0.589113655955212,0.0,0.24018854262179334,0.7335075440610836,4.101162672626143
2012-10-13 06:00:00,2012,10,13,6,1350108000,22.33848296597552,3.1109102366428196,98.74784883648654,0.6790387818303811,0.0,0.20527027144895738,0.618991698686524,4.2794963200657925
2012-10-13 12:00:00,2012,10,13,12,1350129600,31.200039750290124,4.9628410624871435,98.64371090703193,16.77313660947416,0.0,0.25732281194615714,0.7111116663489101,7.693695525883221
2012-10-13 18:00:00,2012,10,13,18,1350151200,21.75131457002478,4.6294007327974,98.75237999641712,0.4483505763820979,0.0,0.23815420844564114,0.6557818084776296,4.724070022139112
2012-10-14 00:00:00,2012,10,14,0,1350172800,19.74265702566717,2.870601283295141,98.49590791988079,0.15586128251174336,0.0,0.23019996624420294,0.7416107904356474,4.904586770422129
2012-10-14 06:00:00,2012,10,14,6,1350194400,23.84451442072474,2.0978893200756876,98.52187929642176,0.36770555857742904,0.0,0.23493954920594765,0.6608113180766826,4.514510552927769
2012-10-14 12:00:00,2012,10,14,12,1350216000,27.75116226308267,2.5325604356984943,98.68469506897705,16.46585262678003,5.726843944324182,0.3027180465239945,0.71929093155032,6.903347895922207
2012-10-14 18:00:00,2012,10,14,18,1350237600,18.867161543547528,3.8069188914511987,99.01847626142754,0.9409427843093592,0.0,0.22084778971842653,0.694186455031519,4.386051667018145
2012-10-15 00:00:00,2012,10,15,0,1350259200,18.53459891879128,2.3356990537741265,99.12256594942049,0.791085083977974,0.0,0.21118791593296943,0.7029788366637796,3.9667547469390225
2012-10-15 06:00:00,2012,10,15,6,1350280800,22.610228650297017,4.138285587540737,98.38505347689791,0.9346715433967014,0.0,0.2130844975306232,0.6919970684600893,4.836546118815791
2012-10-15 12:00:00,2012,10,15,12,1350302400,26.505407429939844,2.1181103263711054,98.84572721956613,16.735212510628024,0.0,0.25021856519835367,0.6730428744868919,6.859152404151472
2012-10-15 18:00:00,2012,10,15,18,1350324000,23.858939740912188,2.053781787122399,98.9608378646839,0.39671560518720866,0.0,0.18927779516797322,0.6392064218287655,4.264927906817209
2012-10-16 00:00:00,2012,10,16,0,1350345600,16.25382963295053,3.022347774119585,98.62076016761428,0.3794476214531698,0.0,0.23559755119026987,0.6637361671226655,4.26610221472186
2012-10-16 06:00:00,2012,10,16,6,1350367200,22.228678286650176,6.15626447895076,98.91268285443573,0.6580030060699905,0.0,0.20762600510460377,0.6641717088453332,4.833959312435047
2012-10-16 12:00:00,2012,10,16,12,1350388800,28.388375736915076,2.9703860712408043,98.6483511580482,16.134313056111242,0.0,0.2469425263099741,0.6275478912029947,7.132911034844675
2012-10-16 18:00:00,2012,10,16,18,1350410400,23.880674985482173,2.1285323529095295,98.66903146708772,0.6759152634796222,0.0,0.21465812358764913,0.7009842865262971,4.836079974928072
2012-10-17 00:00:00,2012,10,17,0,1350432000,19.1239718202579,2.2952894927826617,98.02631980532183,0.42600428304245785,0.0,0.20224554267893888,0.7426042637629122,4.107718296150885
2012-10-17 06:00:00,2012,10,17,6,1350453600,23.087536692094417,4.020508424903131,99.16905800251209,0.18447361882406232,0.0,0.17231040690987506,0.6525052997530741,4.1266685763856445
2012-10-17 12:00:00,2012,10,17,12,1350475200,26.09533171929958,2.123292227750002,98.72701185762867,16.452251606548213,0.0,0.24588105407332164,0.6845699937261339,7.029464600131703
2012-10-17 18:00:00,2012,10,17,18,1350496800,20.94945893478034,3.547488649407341,99.2281099805366,0.12429372331641368,0.0,0.19018007726435743,0.6905888316861412,4.301322984598503
2012-10-18 00:00:00,2012,10,18,0,1350518400,14.98979668977253,6.7294258211137254,99.11244897363169,0.15399201009248842,0.0,0.232091529257961,0.647591081437061,4.3786807397011565
2012-10-18 06:00:00,2012,10,18,6,1350540000,20.806594249216506,5.013129552878533,98.72846316928333,0.23702354839540807,0.0,0.22587086573909465,0.7152812761684401,4.599918977590783
2012-10-18 12:00:00,2012,10,18,12,1350561600,26.144597890636607,3.2833256973729377,99.17516518711926,16.146155520774183,0.0,0.19415157173469477,0.7020928112042198,6.862786491832548
2012-10-18 18:00:00,2012,10,18,18,1350583200,21.784159947477875,2.3409133931901818,98.6614347882154,0.6422510248744305,0.0,0.2532836672400926,0.727660388106805,4.631642359829501
2012-10-19 00:00:00,2012,10,19,0,1350604800,17.746311746428365,2.9724912510198642,98.84713377528854,0.12933116808572076,0.0,0.17878030858356098,0.6620527389274866,3.9869625163546356
2012-10-19 06:00:00,2012,10,19,6,1350626400,21.67959923399406,3.194701078447714,99.25781653163727,0.3390863470056693,0.0,0.25073630387222623,0.6845476881403174,4.593944133167587
2012-10-19 12:00:00,2012,10,19,12,1350648000,27.10570524259342,4.090634615358511,98.33165982626956,16.18337242860521,0.0,0.22363088270078652,0.6988599448629386,6.80751002927712
2012-10-19 18:00:00,2012,10,19,18,1350669600,20.161553400991075,5.37905453027309,98.56502824462916,0.39575549074062777,16.018520671059044,0.37962543936987386,0.6642306482928189,5.15120383922863
2012-10-20 00:00:00,2012,10,20,0,1350691200,16.865808141859976,4.061974647148366,99.35398864257407,0.1374604525356613,0.0,0.20507504247637934,0.7172513144502496,4.580649119889024
2012-10-20 06:00:00,2012,10,20,6,1350712800,23.542839180971463,2.65242655965674,98.99424539624489,0.5431913623103658,0.0,0.19982845018933937,0.6755916090895775,4.782243134812159
2012-10-20 12:00:00,2012,10,20,12,1350734400,28.430504045401314,3.6926251863730557,98.98441921126636,16.126037572698507,0.0,0.18489182498405296,0.6923512869188463,7.280801820883109
2012-10-20 18:00:00,2012,10,20,18,1350756000,20.25633843938327,5.528803195175255,98.80573280475697,0.04563449911223761,0.0,0.22084210178721897,0.6484883270576318,4.087655991603839
2012-10-21 00:00:00,2012,10,21,0,1350777600,16.778072114309204,5.79250898185578,98.59464198451273,0.5012684942736573,0.0,0.20988490798693551,0.6618652167829464,4.41546952217298
2012-10-21 06:00:00,2012,10,21,6,1350799200,21.44575783705029,2.988578820954511,98.94840205099548,0.44236714547435907,0.0,0.22836058401169992,0.6735720629874702,4.3741947858290775
2012-10-21 12:00:00,2012,10,21,12,1350820800,25.219666697884595,5.961103790307089,98.96991327943523,15.40975728395996,0.0,0.2243208044556427,0.7120191273710147,6.781793600978174
2012-10-21 18:00:00,2012,10,21,18,1350842400,21.243834023457143,4.002581564369525,99.11484363545941,0.45146859146479645,0.0,0.23721311094227465,0.6777654493607835,4.480923070154352
2012-10-22 00:00:00,2012,10,22,0,1350864000,17.2452096514729,3.0126228155072705,99.18472892509483,0.5639755891650113,0.0,0.22017480403514922,0.6577574860577918,4.316528134701667
2012-10-22 06:00:00,2012,10,22,6,1350885600,20.66167685316995,2.6514025170889766,98.78314156444267,0.23135337632569375,0.0,0.23428393986675064,0.664836818920985,4.488844073174449
2012-10-22 12:00:00,2012,10,22,12,1350907200,28.128562860497293,5.4355110350015226,98.4192258439708,15.36085407060846,0.0,0.2274130933366282,0.6588551715930356,6.84713745250338
2012-10-22 18:00:00,2012,10,22,18,1350928800,22.65947646265739,5.37657514220402,98.98670963346203,0.12313834989380666,2.911143604326109,0.26335858739081724,0.5996163523024827,4.368541998124794
2012-10-23 00:00:00,2012,10,23,0,1350950400,16.655266287389534,2.564246718688303,99.07484116401282,0.966232882748149,0.0,0.18879108500129127,0.6999428406411884,4.1981285369895405
2012-10-23 06:00:00,2012,10,23,6,1350972000,21.42989202049366,2.3541433536018115,98.71066583487635,0.4037566443512941,0.0,0.22051074241931387,0.7119368613370771,4.697151336240528
2012-10-23 12:00:00,2012,10,23,12,1350993600,27.989309060410164,3.5146415152999997,99.13892082550576,15.495382091858911,0.0,0.1775565994930996,0.6281995555452891,6.486354450108392
2012-10-23 18:00:00,2012,10,23,18,1351015200,17.618041819119767,3.546517585918548,98.94541356786375,0.5421664055670564,0.0,0.21569147928622653,0.6431983290624957,4.289100597847141
2012-10-24 00:00:00,2012,10,24,0,1351036800,17.40899531385338,2.3778708175269574,98.85359998874235,0.8014529051751251,0.0,0.20798568014535954,0.6535656875591883,4.34201884454362
2012-10-24 06:00:00,2012,10,24,6,1351058400,21.794690463424825,4.738724340057412,98.85052206072686,0.4380524376418037,0.0,0.1962948394573099,0.6689914802000227,4.621939927272438
2012-10-24 12:00:00,2012,10,24,12,1351080000,26.673841086747963,3.329168471708047,98.82498185393062,16.046364449996716,0.0,0.2021411615018157,0.6776692754723699,6.665343564034886
2012-10-24 18:00:00,2012,10,24,18,1351101600,20.293110670634942,4.14651465805268,99.38603088888668,0.9048845387031585,0.0,0.18906563668040324,0.6140825403101343,4.3611570744941375
2012-10-25 00:00:00,2012,10,25,0,1351123200,17.770825376525558,8.019943475042734,98.93082031957043,0.6344928639034183,0.0,0.22893791095176094,0.7301462717772373,4.766443796947866
2012-10-25 06:00:00,2012,10,25,6,1351144800,20.3745181049812,3.159568885514254,98.64626325470354,0.5565927233040293,0.0,0.21081774499387904,0.6754578688942942,4.239767930094933
2012-10-25 12:00:00,2012,10,25,12,1351166400,27.682259403373894,4.083337736166632,98.66557517018752,15.13212107734973,0.0,0.24281042530402488,0.6863540970250591,7.174476499823863
2012-10-25 18:00:00,2012,10,25,18,1351188000,21.715632041002806,3.6348245663624734,98.76554789976021,0.5933699708883299,0.0,0.21462573136833402,0.6835175202531912,4.394945193953388
2012-10-26 00:00:00,2012,10,26,0,1351209600,18.091795680983868,2.89154430584681,99.40238583781799,0.5228115758564365,0.0,0.20845770662937643,0.5921163832382619,3.9016311532365666
2012-10-26 06:00:00,2012,10,26,6,1351231200,22.514148113728307,3.1174279512764107,98.90127485766165,0.2006552094051982,0.0,0.18483809818373553,0.6587623364744191,4.320502557825265
2012-10-26 12:00:00,2012,10,26,12,1351252800,27.35876541344929,3.112009067493502,99.19862003898338,15.22481918394221,0.0,0.19665793744820648,0.6847639965207027,6.418796333009405
2012-10-26 18:00:00,2012,10,26,18,1351274400,18.812197482317732,2.2718922730250677,98.53562928261124,0.9583781879829807,0.0,0.1734143691608705,0.633901005051589,4.121741407636659
2012-10-27 00:00:00,2012,10,27,0,1351296000,14.941835205260226,3.1923304665155663,98.51371026496899,0.7983716067964536,0.0,0.2042157801205532,0.6382130958219854,4.189709119042413
2012-10-27 06:00:00,2012,10,27,6,1351317600,19.09666276325031,5.417870270110816,99.08442008914707,0.21981772449263814,0.0,0.21384821255892303,0.657641549593919,3.8184655516418067
2012-10-27 12:00:00,2012,10,27,12,1351339200,25.139545345980984,5.221817952054815,98.4611605721202,15.656973445982324,0.0,0.20825338017325323,0.6988326386935468,6.885535449527851
2012-10-27 18:00:00,2012,10,27,18,1351360800,21.619701647764227,2.192089323130049,98.75218836520136,0.49905280056538154,0.0,0.19532147815274578,0.6514588435682809,4.658259123875911
2012-10-28 00:00:00,2012,10,28,0,1351382400,15.337374811298998,3.5597872873614893,98.87740007407308,0.845705474628702,0.0,0.1655162084547151,0.6577819381714952,3.537498484232626
2012-10-28 06:00:00,2012,10,28,6,1351404000,21.655033653836533,2.3810906310248074,98.74767276144775,0.18422803836343504,0.0,0.1937955344285741,0.5897399602860992,4.192849483560401
2012-10-28 12:00:00,2012,10,28,12,1351425600,24.522579327431053,5.475313880416003,98.81148277192239,15.001789409911629,0.0,0.2062173417790144,0.6332757673552156,6.3615655247056235
2012-10-28 18:00:00,2012,10,28,18,1351447200,21.31033486641593,2.4055588699993486,99.24205503568558,0.6265323267753895,4.517658407982329,0.26547518613625887,0.6455095213257965,4.487076789321891
2012-10-29 00:00:00,2012,10,29,0,1351468800,14.06852107453139,7.519041548773354,99.05343839576618,0.0358917155682591,0.0,0.20296346844376303,0.6627296777053716,3.787464332356163
2012-10-29 06:00:00,2012,10,29,6,1351490400,19.777441603640643,6.2680980608037675,99.04637644720474,0.8897078900008173,0.0,0.18472291166872884,0.6475046180528035,4.634589150734307
2012-10-29 12:00:00,2012,10,29,12,1351512000,27.31247888828762,2.8725126621165735,99.31319319015373,15.783714550960713,0.0,0.1810127450877585,0.6604403564627109,6.770401257040387
2012-10-29 18:00:00,2012,10,29,18,1351533600,23.45924788145961,2.376856152732056,98.81588426039123,0.4720102815558807,0.0,0.21252425992996743,0.6972821825029133,4.472878918745929
2012-10-30 00:00:00,2012,10,30,0,1351555200,16.877102306110075,2.407249152453904,98.87900392302758,0.58700746363094,0.0,0.20830836142901413,0.5745492218886272,3.6226129761559402
2012-10-30 06:00:00,2012,10,30,6,1351576800,20.097308726049807,6.4732920137887096,99.51112743140456,0.6023174553443137,0.0,0.1888091246302341,0.6271671211701987,3.911640642021224
2012-10-30 12:00:00,2012,10,30,12,1351598400,25.865058434744945,4.2318001354093475,98.45356529140685,15.129238126912474,0.0,0.20912045318222566,0.6039123389155342,6.5844292348806555
2012-10-30 18:00:00,2012,10,30,18,1351620000,21.47635348993192,5.2011489705004745,98.57984673115325,0.10187673253638033,0.0,0.1775081382310712,0.6357750308148832,4.404192852445082
2012-10-31 00:00:00,2012,10,31,0,1351641600,15.859660663319064,2.3596546550145265,98.80303803647169,0.36907302250957497,0.0,0.1882984325774823,0.6082675547968647,3.827902450173368
2012-10-31 06:00:00,2012,10,31,6,1351663200,20.217290177717306,6.832439954067974,98.78872225334199,0.4442348363199954,0.0,0.17859340845063654,0.665634424811617,4.094679740752446
2012-10-31 12:00:00,2012,10,31,12,1351684800,24.813795028819147,3.4794635248063166,99.02181726677527,15.705821369294174,0.0,0.17692677970065812,0.6042478684069279,6.447781820023557
2012-10-31 18:00:00,2012,10,31,18,1351706400,19.420600493477423,4.451653282544772,98.88271389190324,0.7714913653894816,0.0,0.20736678618398505,0.6155871050750045,4.1632361992491775
2012-11-01 00:00:00,2012,11,1,0,1351728000,13.517286262501901,4.411884025913114,99.23111664652045,0.9782733235466391,0.0,0.1892072239716315,0.632526909271463,3.4665166933502176
2012-11-01 06:00:00,2012,11,1,6,1351749600,18.60071894452934,6.179051140475474,99.26063226960964,0.6240880535664554,0.0,0.2179270014102938,0.6929731021241625,4.260974482673456
2012-11-01 12:00:00,2012,11,1,12,1351771200,27.838226267489336,2.4618616621772604,99.12276500736868,15.039681885274966,0.0,0.19749824251549247,0.6526000282197011,6.636328052266748
2012-11-01 18:00:00,2012,11,1,18,1351792800,19.086546391637796,6.015940747909242,98.90395607254277,0.42127412209095716,0.0,0.2007210480320613,0.6406956047035041,4.482442648059898
2012-11-02 00:00:00,2012,11,2,0,1351814400,14.784943115828527,5.48462022140738,99.03087192063197,0.6782415626694758,0.0,0.16942615299964428,0.66566566665293,3.683490618110639
2012-11-02 06:00:00,2012,11,2,6,1351836000,19.145692306114366,3.9866367045853566,99.15526300586384,0.7927973156970394,0.0,0.20351905408474366,0.6717091542701978,3.9407820002631366
2012-11-02 12:00:00,2012,11,2,12,1351857600,24.86493952789589,2.987705116736403,98.65715886199398,15.107691305724915,0.0,0.20011576276829182,0.6172857351480584,6.178867836507857
2012-11-02 18:00:00,2012,11,2,18,1351879200,20.679238905675987,3.1224524514712266,99.07635465825979,0.006794739460958331,0.0,0.21769331179033347,0.6386203421398324,4.3246515387233915
2012-11-03 00:00:00,2012,11,3,0,1351900800,17.870446531272442,2.399565933806905,99.83926062794248,0.32595877947693763,0.0,0.20712880081942844,0.6440359368883923,3.8535761956358647
2012-11-03 06:00:00,2012,11,3,6,1351922400,22.64754411809053,4.365912001291576,99.25866630519111,0.7238214696645898,0.0,0.1883475916115497,0.5908884306615249,3.798204541142604
2012-11-03 12:00:00,2012,11,3,12,1351944000,24.184085112527313,3.107558255499949,99.05282762921176,14.610835275611738,0.0,0.19752613599096974,0.6655959072685327,6.654162069101448
2012-11-03 18:00:00,2012,11,3,18,1351965600,20.83387280513978,3.0481107715814666,99.48657606691037,0.11106061392139466,0.0,0.19684857559147795,0.6869722948135711,4.536578540050412
2012-11-04 00:00:00,2012,11,4,0,1351987200,15.849747734716033,3.0141208335860616,99.2168737716534,0.9299443014286639,0.0,0.20902958113279546,0.610215961161212,4.197704778483151
2012-11-04 06:00:00,2012,11,4,6,1352008800,20.16613332252672,2.6180949527813935,98.94750782425943,0.009639746955273476,0.0,0.20714180672125176,0.6280408713720784,4.25987579570514
2012-11-04 12:00:00,2012,11,4,12,1352030400,24.41125372753602,5.4097743939558764,99.71894826270925,15.251472354168087,0.0,0.1512335322265555,0.626589737165566,6.362783292029655
2012-11-04 18:00:00,2012,11,4,18,1352052000,21.469766030567584,4.331549769347107,99.09649028752403,0.3427487621757219,0.0,0.20892127703481936,0.6817784216118691,4.464320795762531
2012-11-05 00:00:00,2012,11,5,0,1352073600,15.287440336102417,3.8153086530792195,98.49825508868412,0.8346573626783594,0.0,0.1637270137567206,0.6404234933785402,3.772779626585356
2012-11-05 06:00:00,2012,11,5,6,1352095200,21.957446601921127,6.970328619680728,99.15581654163547,0.31344676958025564,0.0,0.17125633654145492,0.626947374992742,4.553120517441512
2012-11-05 12:00:00,2012,11,5,12,1352116800,25.68749214516505,4.781946694860067,98.91109328478561,15.038309128516685,0.0,0.1420455413385632,0.6677713923697401,6.5963031654084
2012-11-05 18:00:00,2012,11,5,18,1352138400,20.765852423667823,2.799184536481266,99.24278405649092,0.7087749767874113,0.0,0.21766547045424894,0.6772626747659455,4.361813607720978
2012-11-06 00:00:00,2012,11,6,0,1352160000,15.758575734122115,4.576407195153286,99.40470015643035,0.08826928798645339,0.0,0.18896396414888278,0.640017383549693,3.841416847949186
2012-11-06 06:00:00,2012,11,6,6,1352181600,22.458365036160018,3.4746797930635585,99.43702109520973,0.821359709196775,0.0,0.16474588617211397,0.6655360597834251,3.933081569395526
2012-11-06 12:00:00,2012,11,6,12,1352203200,25.46270708608115,2.9661589027051116,99.29861670206303,15.314177173591277,0.0,0.19347599024451642,0.6320260952296168,6.457544248519027
2012-11-06 18:00:00,2012,11,6,18,1352224800,18.801677087542597,3.6698126585385085,99.33990659575298,0.06385335651054945,0.0,0.1882201515852899,0.5739910021024749,3.6574649692377905
2012-11-07 00:00:00,2012,11,7,0,1352246400,14.837656393257475,4.235572671328215,99.01446096851585,0.2589336976943931,0.0,0.18191081784219387,0.6556376748531877,4.120712402985086
2012-11-07 06:00:00,2012,11,7,6,1352268000,21.5204423774842,4.73232145906038,98.8924182785202,0.42113107335327415,0.0,0.1611969633691015,0.6197170235396173,4.274740533678633
2012-11-07 12:00:00,2012,11,7,12,1352289600,25.649753870318392,5.768103577540648,98.85054099042823,14.30683388768692,0.0,0.18588420533855846,0.5799594048935502,6.078790489534226
2012-11-07 18:00:00,2012,11,7,18,1352311200,22.970248821641317,2.502487979443065,99.08743416765358,0.5514367130795588,0.0,0.16115385861948317,0.5765298188970506,4.2382618230629765
2012-11-08 00:00:00,2012,11,8,0,1352332800,17.40897466690403,3.871773277800859,99.01185185979112,0.28905270855807996,0.0,0.18223760348282386,0.6017746535390872,3.467721483361834
2012-11-08 06:00:00,2012,11,8,6,1352354400,22.389062028380806,5.2287081830081465,99.01303271386551,0.7036858656529422,0.0,0.16257041253425308,0.6073210771736988,4.2217861549102915
2012-11-08 12:00:00,2012,11,8,12,1352376000,27.785880980684368,4.34456433299797,99.06228505916648,14.830787559549085,0.0,0.16326459675815716,0.6261896495553317,6.739841691377257
2012-11-08 18:00:00,2012,11,8,18,1352397600,20.462953821751604,3.02847867609031,99.32095734859908,0.6281719150891679,0.0,0.2018246307260509,0.6200409347866873,4.079472201658042
2012-11-09 00:00:00,2012,11,9,0,1352419200,13.881636093181763,2.3536415285729944,99.46578546362221,0.7154801517521354,0.0,0.15046694321435128,0.6406682337807983,3.60324433010325
2012-11-09 06:00:00,2012,11,9,6,1352440800,21.770268578459156,5.860702129443376,99.70837234624734,0.70789338636418,0.0,0.1719342695853005,0.6425835193846428,4.408108642257611
2012-11-09 12:00:00,2012,11,9,12,1352462400,24.27154706378268,3.480276875943772,99.41118728339673,14.380828180726477,0.0,0.19411150337705269,0.6506006135006134,6.22088315443569
2012-11-09 18:00:00,2012,11,9,18,1352484000,17.971539850398262,3.0358912350871288,99.02319875546813,0.08420311490104333,0.0,0.1841602044324609,0.609860312103239,3.799519010232175
2012-11-10 00:00:00,2012,11,10,0,1352505600,15.996576739495882,4.854278335922226,99.14935807837875,0.23221830744470884,0.0,0.18928967212376988,0.5715727696305277,4.106294674239258
2012-11-10 06:00:00,2012,11,10,6,1352527200,20.74531165946561,2.9579630143266025,99.15628909849937,0.881625062316222,1.9219823075016933,0.17518381034368538,0.5844185757614027,4.0232181982316275
2012-11-10 12:00:00,2012,11,10,12,1352548800,23.057719516992787,2.4410059780988584,99.22271187319932,14.139185632587571,0.0,0.15989789298153853,0.5564982564024963,5.671651293609995
2012-11-10 18:00:00,2012,11,10,18,1352570400,20.263018343842973,3.790360219015739,99.3194343737817,0.8902309240464423,0.0,0.16612773732074906,0.5560969217730249,4.082343616456648
2012-11-11 00:00:00,2012,11,11,0,1352592000,14.888275831312294,3.8152953495311244,99.29246001852648,0.23244282890090961,0.0,0.17974665445857185,0.5947245643066914,3.377635524544635
2012-11-11 06:00:00,2012,11,11,6,1352613600,19.99950579635085,3.2742083851811987,98.72617897020216,0.6922370440609769,5.277013293735188,0.2258711003538042,0.5671047668577569,4.105056511058743
2012-11-11 12:00:00,2012,11,11,12,1352635200,25.65036368270892,5.4952269662207875,98.6865609120481,14.214255451321938,0.0,0.20658422474791488,0.6405406069363035,6.474011579369097
2012-11-11 18:00:00,2012,11,11,18,1352656800,21.734243063042012,2.6660612029715676,99.51643674895388,0.17184222770330132,0.0,0.16172920478657546,0.6346317494501567,4.152483010767563
2012-11-12 00:00:00,2012,11,12,0,1352678400,15.689815777768255,4.750372867651387,99.62030183203343,0.912914653392097,3.3509757608337973,0.210546063434676,0.6044014010919776,4.245321429146821
2012-11-12 06:00:00,2012,11,12,6,1352700000,18.37327308135127,3.2630042834538484,98.98553290644048,0.8374951318905307,0.0,0.16885861687805617,0.5743392899454193,3.853334437807146
2012-11-12 12:00:00,2012,11,12,12,1352721600,23.975349786070986,2.6850858852339514,98.58712464523761,14.1021564375025,0.0,0.16215520661067104,0.5717741153855241,5.77550419845386
2012-11-12 18:00:00,2012,11,12,18,1352743200,19.993286876116734,3.7982203445915674,99.14934968469663,0.9700949866012526,0.0,0.1842216592943981,0.6475885391180439,4.135990869319272
2012-11-13 00:00:00,2012,11,13,0,1352764800,12.89225361316344,5.541295439642262,99.05656166357292,0.29515418165441176,0.0,0.1751511389663318,0.6041711205992729,3.637845057100169
2012-11-13 06:00:00,2012,11,13,6,1352786400,18.74863991978492,2.5730309896436157,99.08766652043481,0.12773776467005726,0.0,0.16728977097163145,0.6115516050233716,3.617522030951998
2012-11-13 12:00:00,2012,11,13,12,1352808000,24.164454206813843,4.501960214702894,99.0389563036074,14.098116446307543,0.0,0.1767441686456412,0.6398598478694928,6.104600820135721
2012-11-13 18:00:00,2012,11,13,18,1352829600,18.693577783727385,4.364096071027815,99.25496124068742,0.9059766778778165,0.0,0.17222204346870487,0.5980017037881488,3.803679554736587
2012-11-14 00:00:00,2012,11,14,0,1352851200,13.182965256789466,3.850671067133174,99.17676899254278,0.19141331826757135,0.0,0.12656912041773494,0.5963740477898213,3.359879326978822
2012-11-14 06:00:00,2012,11,14,6,1352872800,16.77648579911221,4.013291236661387,98.92087471095371,0.20240583343172347,0.0,0.15351935529856495,0.6308236538006552,3.7352290959127
2012-11-14 12:00:00,2012,11,14,12,1352894400,23.443975307768852,4.472484362362071,98.54741561846272,14.24956348784085,0.0,0.16870520706357856,0.5033408109895143,5.922642856774638
2012-11-14 18:00:00,2012,11,14,18,1352916000,19.446995929250033,3.3111878140539552,99.16195962023606,0.5266880520107452,0.0,0.14523899564448722,0.5483161345118512,3.553946158345868
2012-11-15 00:00:00,2012,11,15,0,1352937600,16.6800769067925,3.3891905234933715,99.13080004916348,0.8604294678670763,0.0,0.14757197827276006,0.6593438900636881,3.9380620773223924
2012-11-15 06:00:00,2012,11,15,6,1352959200,19.748321614777293,7.003416844758939,98.78675217085853,0.20033005262278625,0.0,0.1489444495750921,0.5589164626175828,3.75460032636888
2012-11-15 12:00:00,2012,11,15,12,1352980800,23.62296549822103,2.5000943109442963,99.30445843741653,14.601868516921687,0.0,0.14399071144999118,0.5896093663788995,5.863880777499672
2012-11-15 18:00:00,2012,11,15,18,1353002400,19.530993314134662,6.6108747079229575,99.07831889953928,0.6823601932011243,0.0,0.1653480893656741,0.5493041181677504,4.016092333031788
2012-11-16 00:00:00,2012,11,16,0,1353024000,12.540714608949145,4.403271187507324,99.09685409025063,0.4324580019219131,0.0,0.14946108614163944,0.5640067461462775,3.39197567155451
2012-11-16 06:00:00,2012,11,16,6,1353045600,20.295285849331187,3.3627189406648874,99.11506546226836,0.773217479500519,0.0,0.14886645542417187,0.5636904789982523,3.8235706225884276
2012-11-16 12:00:00,2012,11,16,12,1353067200,25.54379982532355,3.1798396805375417,98.89937748695705,14.182605008506957,0.0,0.13881455396067585,0.5949915157981858,5.906925834841582
2012-11-16 18:00:00,2012,11,16,18,1353088800,20.54906057632774,3.677894117094607,99.29132014507903,0.7474400287662035,0.0,0.11230984323425727,0.5809830703379638,4.122363983478626
2012-11-17 00:00:00,2012,11,17,0,1353110400,12.77096015819728,4.448011205710911,99.49519785162254,0.07398562855111623,5.409070311680571,0.18931509669643715,0.5606527106651643,3.2996789175597554
2012-11-17 06:00:00,2012,11,17,6,1353132000,18.9451115222623,3.0118629985999767,99.28788086196846,0.48487111085526013,0.0,0.16383659296757436,0.5662837737595594,3.5512287135211293
2012-11-17 12:00:00,2012,11,17,12,1353153600,23.333234479194534,2.5786945327961903,99.1518303332454,14.47595764034748,0.0,0.18339362006728044,0.5250427287745684,5.672841191379326
2012-11-17 18:00:00,2012,11,17,18,1353175200,18.810436315002903,2.741842639456554,99.1605354240666,0.34839589691013717,0.0,0.17630321513919217,0.5991844702444149,3.5765609516462162
2012-11-18 00:00:00,2012,11,18,0,1353196800,13.646400936351785,5.173857757774636,98.89618777834448,0.5108566539418026,0.0,0.1582758943719057,0.5661246028395083,3.671991769424224
2012-11-18 06:00:00,2012,11,18,6,1353218400,19.465769087229262,2.8315497226421833,99.40847710043445,0.9039213509382059,0.0,0.16904677764743353,0.536955251498706,3.7378354792787527
2012-11-18 12:00:00,2012,11,18,12,1353240000,24.836900109640812,5.627253991036731,98.98966398814288,13.861867930878262,0.0,0.20093104828318903,0.5334683655499324,6.144711531719821
2012-11-18 18:00:00,2012,11,18,18,1353261600,17.79064216448961,3.011848648190493,99.28179455186844,0.697035483301654,0.0,0.15782377781906337,0.6130619752610249,3.850609880801071
2012-11-19 00:00:00,2012,11,19,0,1353283200,12.08845036491534,6.691952802230196,98.80461263430196,0.01862350725580575,0.0,0.13295493925628418,0.5620446559641497,3.3471938723648025
2012-11-19 06:00:00,2012,11,19,6,1353304800,18.73409303192162,3.6174796109871306,99.20295533874835,0.6149614088886243,0.0,0.1533185259542373,0.5519654848870714,3.482947859792506
2012-11-19 12:00:00,2012,11,19,12,1353326400,24.431020136868195,3.176178771937333,98.94035293739647,14.552000052193131,0.0,0.1906719234478358,0.5712905322549149,6.001846930907499
2012-11-19 18:00:00,2012,11,19,18,1353348000,16.55283164716754,3.5877586913302686,99.0843762335658,0.578170840038691,0.0,0.13195018379806306,0.6046546076126486,3.735937693903421
2012-11-20 00:00:00,2012,11,20,0,1353369600,14.430854170595618,5.831653303955692,99.13071556435467,0.4782478785670634,25.42787914346641,0.4050573405633618,0.6588648950832435,4.942395953851473
2012-11-20 06:00:00,2012,11,20,6,1353391200,15.566443280349059,5.063798386445148,99.31018388242379,0.19571247281353632,0.0,0.13328093462372026,0.49812520560493057,3.4207654860502354
2012-11-20 12:00:00,2012,11,20,12,1353412800,26.048908948642175,3.1744227160375456,99.48577435459352,13.89971774932954,0.0,0.14923509028056123,0.547362027574005,6.25992690914955
2012-11-20 18:00:00,2012,11,20,18,1353434400,18.873546356044226,3.2926093746405103,98.89372079716652,0.964012852836662,0.0,0.1740065975854815,0.5686492658890875,4.00999669064808
2012-11-21 00:00:00,2012,11,21,0,1353456000,12.839749885904856,8.837542803483718,98.78686705428939,0.22243397279974397,0.0,0.15745772675712574,0.5396350387709071,3.5675196561658686
2012-11-21 06:00:00,2012,11,21,6,1353477600,17.850640731470424,2.7973406277706854,98.80142138783623,0.16836529122935162,0.0,0.1530597656511126,0.5600828636521898,3.864067012428443
2012-11-21 12:00:00,2012,11,21,12,1353499200,22.56420130107219,3.4684136979391917,99.50280241501198,14.063379687448203,0.0,0.17335817334255002,0.571400410239799,5.909853671272195
2012-11-21 18:00:00,2012,11,21,18,1353520800,18.307015111392996,5.035618029212557,99.13204276726799,0.31331307820816323,0.0,0.13210120540660336,0.5427527720467861,3.8677294777847466
2012-11-22 00:00:00,2012,11,22,0,1353542400,13.958076645855126,3.391717216722908,99.39595144587128,0.5041406794250733,0.0,0.14599537455148207,0.5630814885896819,3.2964780208259494
2012-11-22 06:00:00,2012,11,22,6,1353564000,18.323775828362297,2.7104718225902484,99.59890690080105,0.49719029278125837,0.0,0.14774082221998827,0.5153276845704367,3.2045434676709963
2012-11-22 12:00:00,2012,11,22,12,1353585600,23.906883426934627,3.217578471868106,99.21545163378794,14.42960857888437,0.0,0.1266812033420091,0.5252743326327762,5.756801144692412
2012-11-22 18:00:00,2012,11,22,18,1353607200,18.26551186859699,5.184376222651945,99.08202571925125,0.8758036576047961,0.0,0.1252704265921527,0.5752273723921381,3.731150914160172
2012-11-23 00:00:00,2012,11,23,0,1353628800,14.290473495892956,3.9303957855391203,99.23535322528912,0.1892764023736765,0.0,0.13747289234327192,0.5651140163962629,3.464456574342022
2012-11-23 06:00:00,2012,11,23,6,1353650400,20.574244982940506,3.6723870372202754,99.47639601492808,0.3013569665585978,0.0,0.14821132281615587,0.5898426211201822,3.738363911657452
2012-11-23 12:00:00,2012,11,23,12,1353672000,22.426404132579314,2.6193741360358387,99.17015203548421,13.821172115245647,0.0,0.14722806622650295,0.5679029156123688,5.6790284457878855
2012-11-23 18:00:00,2012,11,23,18,1353693600,20.439769711141267,4.633555279789415,99.07312693998921,0.7059934525057504,0.0,0.13731342065010885,0.5816446841600388,3.934324929986185
2012-11-24 00:00:00,2012,11,24,0,1353715200,13.96572099121902,5.069940533362212,98.94432745098689,0.8338131599775126,0.0,0.14326278584005248,0.5371507176994141,3.4642212392571103
2012-11-24 06:00:00,2012,11,24,6,1353736800,20.033360668195986,2.923773680295708,99.4449850317131,0.714309214327698,0.0,0.11772240171100123,0.4984788711294152,3.350766130067758
2012-11-24 12:00:00,2012,11,24,12,1353758400,24.497072518927556,3.9060751787899886,99.04734648201766,13.700787054074148,0.0,0.13760000503089997,0.5110574047416513,5.650865058065243
2012-11-24 18:00:00,2012,11,24,18,1353780000,21.54008454352014,5.353881207474393,99.00980751239204,0.49360575475800594,0.0,0.16339027034733442,0.5707477115274776,4.4202271078741315
2012-11-25 00:00:00,2012,11,25,0,1353801600,13.352446736548455,3.89796928353237,100.08885846059326,0.5433120164678364,0.0,0.11728383416624333,0.5619493551726605,3.0305857925676327
2012-11-25 06:00:00,2012,11,25,6,1353823200,19.729881304049965,3.4463098454048766,99.43647898915283,0.5287398462669186,0.0,0.11064374407015656,0.5766755382818393,3.722701458104915
2012-11-25 12:00:00,2012,11,25,12,1353844800,24.00332640893255,2.8499130438645666,99.45511168420772,14.243917886476812,0.0,0.13050404582468594,0.5623137200446808,5.49122517099821
2012-11-25 18:00:00,2012,11,25,18,1353866400,19.973336638104705,10.239534903261756,99.30272439057853,0.29374124036598903,0.0,0.15704812371310126,0.5462646402378326,4.150072534100558
2012-11-26 00:00:00,2012,11,26,0,1353888000,14.280420588793934,3.930565844767398,99.03237098225169,0.023680661959480376,0.0,0.15955689406438686,0.5730364956822346,3.428484239955656
2012-11-26 06:00:00,2012,11,26,6,1353909600,19.6862335563593,3.0872722288004697,99.58701765324409,0.9303966138542488,0.0,0.09459402462299943,0.5395515127435225,3.4505194118977296
2012-11-26 12:00:00,2012,11,26,12,1353931200,22.220000545739627,4.839059840070995,99.82367238645638,13.596162569414693,0.0,0.11033439307892598,0.5113615283904869,5.169206627701327
2012-11-26 18:00:00,2012,11,26,18,1353952800,18.396959672825897,3.527536719362349,99.18111413512871,0.09150675434545982,9.88491499889507,0.19431520828427934,0.5298679866123499,3.5642063196873366
2012-11-27 00:00:00,2012,11,27,0,1353974400,14.312036468222502,3.1547879145909365,98.99072329543479,0.3631398596315285,0.0,0.14318861680338493,0.5705005083829089,3.5724611674056326
2012-11-27 06:00:00,2012,11,27,6,1353996000,18.366310618972285,5.018747979322381,99.37567809647003,0.671034129555322,0.21389931727666744,0.16026338820953326,0.5210759733651813,3.310386206307866
2012-11-27 12:00:00,2012,11,27,12,1354017600,23.575501401994902,6.236328408854156,99.02114696875141,14.205397360558928,0.0,0.11760840397830843,0.5056325665217315,5.5559056560853985
2012-11-27 18:00:00,2012,11,27,18,1354039200,16.580122456651427,4.790805748734298,99.55658479246426,0.6928945060471372,0.0,0.13275518663945265,0.5576634918436435,3.265899628954809
2012-11-28 00:00:00,2012,11,28,0,1354060800,14.081980853060811,4.9657256341978355,99.45037319843131,0.7396182405170698,0.0,0.1418484532437663,0.4924907907688184,3.2601839306582194
2012-11-28 06:00:00,2012,11,28,6,1354082400,18.644202316109116,2.791432356164173,99.1504849618118,0.6766785578142144,0.0,0.12374459323572526,0.5447262751959688,3.5874683345959277
2012-11-28 12:00:00,2012,11,28,12,1354104000,21.69041404400782,2.7249003135012098,99.38685642690474,14.001559522714897,0.0,0.1484757955912142,0.562483664484567,5.570524672732768
2012-11-28 18:00:00,2012,11,28,18,1354125600,18.490289687260496,4.121874151360611,99.42493046631786,0.8497305623440141,0.0,0.14678984707390058,0.47308968274004815,3.3959697077420463
2012-11-29 00:00:00,2012,11,29,0,1354147200,13.988507693126673,3.08947179927149,99.3679157133008,0.18856540531884425,0.0,0.09394851481324859,0.5059699070232008,2.8724142829624197
2012-11-29 06:00:00,2012,11,29,6,1354168800,18.075113001873486,5.869260271391735,99.20428077226393,0.06737954868518559,0.0,0.1439027724137553,0.5285419440595366,4.034363590322847
2012-11-29 12:00:00,2012,11,29,12,1354190400,23.753137874557677,2.812049580995078,99.09778129362536,13.930306288290462,0.0,0.11237392484793032,0.5313031285561558,5.656226297198235
2012-11-29 18:00:00,2012,11,29,18,1354212000,16.31270164340788,3.2699832590140563,99.3124457171589,0.7163442297922729,0.0,0.1340458699939905,0.5358761962613081,3.3942277299572576
2012-11-30 00:00:00,2012,11,30,0,1354233600,16.16263052687722,3.3931985961005147,99.36867158755197,0.023569625340629896,0.0,0.10254149512820557,0.51965019237965,3.1173390340874594
2012-11-30 06:00:00,2012,11,30,6,1354255200,17.629090691848255,4.74777168918729,99.48066592668913,0.6740245032739991,0.0,0.1119370524683947,0.5000608246913637,3.2855541211879578
2012-11-30 12:00:00,2012,11,30,12,1354276800,27.430735764042787,5.155515547929397,99.27601358468392,13.662848492213476,0.0,0.16483646837882696,0.488725837441127,6.0625874812027005
2012-11-30 18:00:00,2012,11,30,18,1354298400,17.6510122750033,3.5856287618523535,99.56719042154529,0.6804577697361778,0.0,0.10510811339423286,0.5337928643021422,3.2970755612923726
2012-12-01 00:00:00,2012,12,1,0,1354320000,11.372024805567225,3.061380722752684,99.13188918998151,0.5755459964535018,0.0,0.10297814101422678,0.5012603291736853,3.0175017924871668
2012-12-01 06:00:00,2012,12,1,6,1354341600,18.67656098249022,3.637960483366099,99.2657795367174,0.3521593575580102,0.0,0.1121560820180807,0.5030285051067089,3.364493692455411
2012-12-01 12:00:00,2012,12,1,12,1354363200,22.697238811292543,5.645168714454536,99.87551896094014,14.190130405321634,0.0,0.08,0.4908591366954405,5.319562704990953
2012-12-01 18:00:00,2012,12,1,18,1354384800,16.420064687494595,2.97224020583209,99.40403463908909,0.1187292251326127,0.0,0.1274409747228026,0.5239978412970597,3.2867175417135104
2012-12-02 00:00:00,2012,12,2,0,1354406400,12.48377464176295,2.9528180615145403,99.53054113037769,0.228536940163935,0.0,0.1005063121265447,0.5602984149437868,3.078552433116361
2012-12-02 06:00:00,2012,12,2,6,1354428000,16.823358941329705,10.818098106974999,99.87726736450797,0.19950952338258832,0.0,0.08,0.5055415324335639,3.582082705726685
2012-12-02 12:00:00,2012,12,2,12,1354449600,22.212771385254058,3.23797069182556,99.60135533128924,13.332095812371335,0.0,0.08,0.4918576074349251,5.375976574700497
2012-12-02 18:00:00,2012,12,2,18,1354471200,19.338820589338148,4.990946384918859,99.54746365290399,0.23401252926229837,0.0,0.12451264855451256,0.5313648216483241,3.255689266626925
2012-12-03 00:00:00,2012,12,3,0,1354492800,14.74618074150927,3.806331585959708,99.3789544092716,0.6464156554332675,0.0,0.10354240305232308,0.5456519203391215,3.101639252562897
2012-12-03 06:00:00,2012,12,3,6,1354514400,16.778000352040088,5.262665651899729,99.0702242884472,0.2604444814980612,0.0,0.14973359565480976,0.49476846217251325,3.5315026345757694
2012-12-03 12:00:00,2012,12,3,12,1354536000,23.520482206482964,5.267720336894186,99.4181616018754,13.60310820591448,0.0,0.15889707084842336,0.501053869147424,5.65724657826102
2012-12-03 18:00:00,2012,12,3,18,1354557600,16.764261234865714,3.0247785808234173,99.45541269819815,0.8585684859284788,0.0,0.0867056134197015,0.48923551333126725,3.2831202185881705
2012-12-04 00:00:00,2012,12,4,0,1354579200,13.948270629493113,5.646563714285301,99.4656155046706,0.7117203516652949,0.0,0.08,0.47188487160329284,3.0837799916789503
2012-12-04 06:00:00,2012,12,4,6,1354600800,19.164920102943352,3.1336088101770008,99.43054414734223,0.9922057810557127,12.638560651058423,0.2507711249831797,0.46911493312379626,4.0162481985111
2012-12-04 12:00:00,2012,12,4,12,1354622400,24.277371199173167,3.4476999928282424,99.39072845341637,13.286741813762399,0.0,0.09371300412172756,0.5223558030699172,5.443659729010879
2012-12-04 18:00:00,2012,12,4,18,1354644000,17.72210867297617,3.225060592859736,99.01368309354493,0.2190826965654779,0.0,0.0933342734693979,0.46235590458797926,3.2114129886387883
2012-12-05 00:00:00,2012,12,5,0,1354665600,14.465027825121489,4.568461630200249,99.73047686397744,0.7327102900774215,0.0,0.1046179068791144,0.48088286593379487,3.205808107501853
2012-12-05 06:00:00,2012,12,5,6,1354687200,18.121213531313842,5.504501289572868,99.25169175936703,0.27469795081795645,0.0,0.08318937747097495,0.5506227231334795,3.570102771291966
2012-12-05 12:00:00,2012,12,5,12,1354708800,24.95745558108219,5.128241357952858,99.93725062403941,13.378434908411624,0.0,0.08,0.45974821255791687,5.202711034409321
2012-12-05 18:00:00,2012,12,5,18,1354730400,16.035925855377094,3.2457702295583117,98.7539641215172,0.65423746247174,0.0,0.10656067364453119,0.4792353106213985,3.2320734818233676
2012-12-06 00:00:00,2012,12,6,0,1354752000,11.754890420919596,3.4116657821670664,99.54944194156802,0.1998595101643249,0.0,0.08835922268062195,0.4685425042308982,2.531436816465968
2012-12-06 06:00:00,2012,12,6,6,1354773600,19.138536120585083,3.216781824832137,99.13124742503149,0.04948991305800332,0.0,0.08497946562436351,0.4648019239451458,3.2484824931453855
2012-12-06 12:00:00,2012,12,6,12,1354795200,19.661859950511676,4.009445234130386,99.48251822762398,13.347454719565363,0.0,0.08,0.461255995476363,4.70834601440884
2012-12-06 18:00:00,2012,12,6,18,1354816800,14.83677805988044,4.078530917595995,99.15211253393785,0.10706647594754809,0.0,0.11416840626858209,0.4987465072031524,3.3307408744863714
2012-12-07 00:00:00,2012,12,7,0,1354838400,16.10408671273605,4.1786099718501255,99.40600919548655,0.15042216441159395,0.0,0.09302383029580451,0.45515261122678513,3.08862869406712
2012-12-07 06:00:00,2012,12,7,6,1354860000,18.939068397286704,3.9438472503834348,100.21726321020608,0.663279893411237,0.0,0.10509695674081891,0.41013159655334075,3.4561587472530393
2012-12-07 12:00:00,2012,12,7,12,1354881600,23.01917978620705,5.5043975692737686,99.6126283290457,13.229082729336646,0.0,0.09278497186364722,0.46756099942382356,5.0760583525434155
2012-12-07 18:00:00,2012,12,7,18,1354903200,18.15007253597187,3.5450986520303394,99.18061988532385,0.4281497873017213,0.0,0.08607137547378166,0.4749916419291967,3.184864706089182
2012-12-08 00:00:00,2012,12,8,0,1354924800,15.18765159417384,3.7320266119758374,99.51481406914047,0.8571652709355688,0.0,0.09682342640634682,0.4295551972986442,2.6788267539186412
2012-12-08 06:00:00,2012,12,8,6,1354946400,16.7366625083835,4.401597446084088,99.26785910714645,0.0794619647793251,0.0,0.08,0.391991399683738,2.6580290674612526
2012-12-08 12:00:00,2012,12,8,12,1354968000,23.251939486838356,3.520468060592994,99.95479707175417,13.520985962831162,0.0,0.0953502853423931,0.4302635481763372,5.160526445322847
2012-12-08 18:00:00,2012,12,8,18,1354989600,20.27721597638416,3.6240680557973106,98.99413227742936,0.9948152948539798,0.0,0.1182172760395779,0.4964261613386872,3.6927416629377086
2012-12-09 00:00:00,2012,12,9,0,1355011200,14.454612943169607,4.504969312334653,99.2422342182791,0.8288735769728671,0.0,0.0962719355567695,0.43722369105261,3.063510484994667
2012-12-09 06:00:00,2012,12,9,6,1355032800,15.383945695173868,4.231871073240571,99.58807371749783,0.11957904301000566,0.0,0.08,0.4818593576334636,2.9674687162034044
2012-12-09 12:00:00,2012,12,9,12,1355054400,21.508282226462562,4.063690648467613,99.13277394687275,13.098317321301442,0.0,0.08545225459548605,0.46592525711020405,4.893939581101946
2012-12-09 18:00:00,2012,12,9,18,1355076000,21.463039086470502,3.0892173309361897,99.06677262930023,0.3035820854609151,0.0,0.08,0.47424809876528806,3.0540524893196666
2012-12-10 00:00:00,2012,12,10,0,1355097600,14.804690250784088,4.705081859211138,99.08763787538064,0.8851388493796116,0.0,0.08,0.39415502199121216,2.8401036907026906
2012-12-10 06:00:00,2012,12,10,6,1355119200,18.486304797690938,5.915483423480298,99.76194825651436,0.05485602940966605,0.0,0.0938538649645355,0.45855262393530083,3.2566442167178806
2012-12-10 12:00:00,2012,12,10,12,1355140800,23.883321577745455,8.072421395713704,99.43703669927501,13.316761630464661,0.0,0.08,0.4484784078943123,5.187068645542867
2012-12-10 18:00:00,2012,12,10,18,1355162400,17.069768435562775,6.163480130959883,99.63376498013874,0.8740155281614445,0.0,0.0944141078708417,0.4809793857838631,3.608824580333991
2012-12-11 00:00:00,2012,12,11,0,1355184000,13.038419088213178,3.1407662134364154,99.3801873147806,0.4982635399271603,0.0,0.08,0.44367892691514693,2.8408337813739113
2012-12-11 06:00:00,2012,12,11,6,1355205600,17.1876218796902,8.266111719879262,99.21379900375452,0.1178735617159109,0.0,0.08782153304166168,0.49226422842257966,3.2989669461729645
2012-12-11 12:00:00,2012,12,11,12,1355227200,22.759732157818643,3.1606895941714686,99.41199268795339,13.544137779232559,11.303106225627005,0.22434314294254806,0.4890560941030828,5.626465275781995
2012-12-11 18:00:00,2012,12,11,18,1355248800,21.056422832812075,5.152308769610171,99.32914129552702,0.2203115301659772,0.0,0.10131849043603093,0.4409493486591172,3.528197265515265
2012-12-12 00:00:00,2012,12,12,0,1355270400,13.552967135264138,3.160782353546481,99.50022609462758,0.08649847049274284,0.0,0.08401159275656855,0.46401363839541016,2.927820786992191
2012-12-12 06:00:00,2012,12,12,6,1355292000,18.46475153204031,3.204721147194796,99.01175202120015,0.7742581342397622,0.0,0.09530972498914833,0.4325234952491007,2.924734373641186
2012-12-12 12:00:00,2012,12,12,12,1355313600,22.53031852515927,3.4549005963018495,99.1869910719978,13.623365210331718,0.0,0.08382849770806615,0.40554414222036184,4.787109756459452
2012-12-12 18:00:00,2012,12,12,18,1355335200,19.500130458687064,4.11477347490944,99.29472527080819,0.9891838585108336,0.0,0.086409969577583,0.39496016241521487,3.335922129984544
2012-12-13 00:00:00,2012,12,13,0,1355356800,13.009761846053882,3.65013172473143,98.5112871405128,0.381438096922626,0.0,0.1127145022838048,0.4288637511281295,2.5862645012448455
2012-12-13 06:00:00,2012,12,13,6,1355378400,16.764780689547784,5.0507668118373825,99.40893459491282,0.496943283347862,0.0,0.08699417515755217,0.4289080305666905,3.2312930056718554
2012-12-13 12:00:00,2012,12,13,12,1355400000,21.475524695788906,5.114539478349434,99.35272268417286,13.177939023198595,0.0,0.08,0.4420943745476523,4.809876694591044
2012-12-13 18:00:00,2012,12,13,18,1355421600,17.506838419994445,4.3464854190599915,99.5872148178446,0.8294793259249982,0.0,0.08,0.4614254974574745,3.2824956415405597
2012-12-14 00:00:00,2012,12,14,0,1355443200,13.77133638221865,3.6475654804776516,99.3953107590108,0.20659603394467685,0.0,0.08822913450033056,0.49868515094234445,2.8878465870593066
2012-12-14 06:00:00,2012,12,14,6,1355464800,15.602445846149859,3.2148009649446956,99.73482394103574,0.2563914290391457,0.0,0.08,0.3705092166051297,2.8246353082282862
2012-12-14 12:00:00,2012,12,14,12,1355486400,25.834700193949555,4.521955315033959,99.79265846593636,13.92339381016199,0.0,0.08,0.39608108068374986,5.263111534015819
2012-12-14 18:00:00,2012,12,14,18,1355508000,17.026290398287596,3.1709816499202472,99.1807090618775,0.7188010956781999,0.0,0.10140066243797818,0.38916869881393784,2.7764753934044712
2012-12-15 00:00:00,2012,12,15,0,1355529600,12.504291607668916,4.097909030718563,100.10875425162492,0.39971681555875993,0.0,0.08585447865555224,0.4155771653438199,2.4918966389652866
2012-12-15 06:00:00,2012,12,15,6,1355551200,18.65978105839232,4.025521860078241,99.15046425408553,0.06629919223958913,0.0,0.08,0.44871343764018723,3.063609286097883
2012-12-15 12:00:00,2012,12,15,12,1355572800,21.52671024178918,6.955781297871431,99.24293760777634,13.461593463020119,0.0,0.08807679041056682,0.41925785397192644,5.195663617109373
2012-12-15 18:00:00,2012,12,15,18,1355594400,18.75239562144262,5.465880897452068,99.87273655411141,0.7800067623328744,0.0,0.08,0.44562065751820623,3.2097361362438184
2012-12-16 00:00:00,2012,12,16,0,1355616000,12.460483809013802,5.580019341620588,98.9764060857459,0.9669659967033298,0.0,0.13479490876382655,0.4041398750326846,2.7154666343592795
2012-12-16 06:00:00,2012,12,16,6,1355637600,17.162108596399822,3.1781794801765693,99.83124793838992,0.0100033065865891,0.0,0.08,0.4212255442241961,2.9942640398281175
2012-12-16 12:00:00,2012,12,16,12,1355659200,23.12929923035057,5.218283899395116,99.49906542775035,13.197877305404099,0.0,0.08,0.3840572842635449,4.585783396806869
2012-12-16 18:00:00,2012,12,16,18,1355680800,16.729780702868865,3.6347387530952555,99.57301097433628,0.5072093981332169,0.0,0.08628551995698037,0.39870687221359696,3.2163414031780175
2012-12-17 00:00:00,2012,12,17,0,1355702400,12.240818392849327,3.660350810950695,99.47550834928533,0.4041118985143841,0.0,0.09569793184659439,0.4324247892968133,2.415290510877364
2012-12-17 06:00:00,2012,12,17,6,1355724000,18.95345080467277,3.2831855752596897,99.69850000818927,0.9385852014388195,0.0,0.08,0.46432747216317266,3.2073594434293775
2012-12-17 12:00:00,2012,12,17,12,1355745600,23.134331663040108,3.310514161936941,99.0347757932451,13.483940117609913,0.0,0.08,0.4132389728594783,5.144654205409147
2012-12-17 18:00:00,2012,12,17,18,1355767200,18.81147099706263,3.8678431524081818,99.46850987110871,0.8827906271254939,0.0,0.08,0.4275306129627546,3.2666317855477462
2012-12-18 00:00:00,2012,12,18,0,1355788800,14.793428967341775,10.30482529698024,98.89138950875923,0.751144840779834,0.0,0.08,0.37516103477859014,3.100485569923674
2012-12-18 06:00:00,2012,12,18,6,1355810400,18.53855889029249,3.8368487963152162,99.39252249576651,0.30948565150563767,0.0,0.08,0.3573724157071803,3.231072985179965
2012-12-18 12:00:00,2012,12,18,12,1355832000,25.24542561235707,3.324671928358297,99.41976700216512,13.27027788665751,0.0,0.08,0.41387405094306473,5.329255866151879
2012-12-18 18:00:00,2012,12,18,18,1355853600,20.48883675017431,4.3959868014358765,99.43369402522474,0.2458393080429422,0.0,0.08,0.4531591261407537,3.522556219841859
2012-12-19 00:00:00,2012,12,19,0,1355875200,15.102249800079832,5.468911001069836,99.32206185187543,0.8214489909242442,0.0,0.08,0.3965102275893007,2.913735629367272
2012-12-19 06:00:00,2012,12,19,6,1355896800,15.75764365732602,5.247565623665913,99.2284237004553,0.034803706204032725,0.0,0.08,0.4166092556651891,2.490719481375759
2012-12-19 12:00:00,2012,12,19,12,1355918400,24.1800974156339,6.800970701752844,99.63365926681459,13.145927997983502,0.0,0.08,0.45717833242559586,5.23412325218697
2012-12-19 18:00:00,2012,12,19,18,1355940000,18.22957059987385,4.3061276569710945,99.30819531026211,0.2468127395770823,0.0,0.08,0.4045149169776556,3.077921737369486
2012-12-20 00:00:00,2012,12,20,0,1355961600,11.898091231983411,6.081767495510611,99.02790476788932,0.5084119965813351,0.0,0.08,0.41574866721882014,2.5756519742293595
2012-12-20 06:00:00,2012,12,20,6,1355983200,18.192491183216173,3.2967737010646503,99.7528068942882,0.42075949908018606,0.0,0.08869241388855893,0.38696345556286127,2.995086874604786
2012-12-20 12:00:00,2012,12,20,12,1356004800,24.348576305648237,6.777605071098991,99.48133290463691,13.319222336733633,0.0,0.08497917459423258,0.3839321050371099,5.4090876642925885
2012-12-20 18:00:00,2012,12,20,18,1356026400,15.088310630713192,3.5899432097394812,99.51803125252968,0.9742944297496016,0.0,0.08,0.4342510121566275,2.8875928054469475
2012-12-21 00:00:00,2012,12,21,0,1356048000,10.695591359443593,3.478715178922266,99.46330749766015,0.5096232530591718,0.0,0.11630280870296697,0.37111083000756084,2.6007697813988844
2012-12-21 06:00:00,2012,12,21,6,1356069600,17.084207445061892,6.647922680273161,99.51762574553089,0.29649074172435574,0.0,0.08,0.4279574582841798,2.992634237111447
2012-12-21 12:00:00,2012,12,21,12,1356091200,24.6075442686122,3.381724996614075,99.60160689407736,13.874319936875418,0.0,0.0897061156378318,0.3367019862472829,4.9716422887719105
2012-12-21 18:00:00,2012,12,21,18,1356112800,18.2170719268695,4.669910740233622,99.37654340571781,0.8595750379570068,0.0,0.09450720997336583,0.39102285914764573,2.7643782320778447
2012-12-22 00:00:00,2012,12,22,0,1356134400,13.195353421448258,4.472065186210366,99.35385616665025,0.16605020731351183,0.0,0.08,0.3592323598429524,2.438862216597115
2012-12-22 06:00:00,2012,12,22,6,1356156000,17.313745223482705,3.316289702084665,99.39149648817295,0.9707456081101867,0.0,0.08,0.40343841008715875,2.8540100759785623
2012-12-22 12:00:00,2012,12,22,12,1356177600,20.779097931578022,5.3350882851239145,99.49555876372854,13.672260494995307,0.0,0.08,0.4198087642219119,4.909155903078647
2012-12-22 18:00:00,2012,12,22,18,1356199200,17.73893793311853,3.8846366964939802,99.49758317590225,0.6424657719958508,0.0,0.08,0.41112873486992907,3.2268596925738935
2012-12-23 00:00:00,2012,12,23,0,1356220800,13.760150894088154,3.385835492513367,98.81214149739536,0.6090974346616537,0.0,0.08,0.4295648410943478,2.726669839016625
2012-12-23 06:00:00,2012,12,23,6,1356242400,16.487512637711262,3.457630155867992,99.7070678647274,0.521244920392732,0.0,0.08,0.2860554308130633,2.8030501068472446
2012-12-23 12:00:00,2012,12,23,12,1356264000,24.23027072857095,3.8224629361995532,99.59755218246232,13.33988451403792,0.0,0.08,0.34806089372510873,4.708531485207468
2012-12-23 18:00:00,2012,12,23,18,1356285600,18.60195792806269,4.935567416589761,99.191841767972,0.11362138886857946,0.0,0.08779423437950941,0.3566280480459717,2.9423344278329746
2012-12-24 00:00:00,2012,12,24,0,1356307200,12.755863545136984,5.343349227221377,99.13064733127624,0.2497379724921739,0.0,0.08320246211173697,0.32879417122641014,2.474510415742269
2012-12-24 06:00:00,2012,12,24,6,1356328800,19.95695760354834,6.71388489941554,99.43979388702441,0.008046588388998854,0.0,0.08,0.4360865586228595,3.726520945119778
2012-12-24 12:00:00,2012,12,24,12,1356350400,23.123716815541748,4.531841482460247,98.97076201146999,13.901415951106674,0.0,0.08,0.3855139885760963,5.030571902237753
2012-12-24 18:00:00,2012,12,24,18,1356372000,17.223259308827043,4.13634290796989,99.25147185586383,0.7578366758837464,0.0,0.08,0.34247710620445115,2.752374609600751
2012-12-25 00:00:00,2012,12,25,0,1356393600,14.040769020994228,6.547664986762176,99.51198887228227,0.43094732733212515,0.0,0.08,0.3073132142562998,2.2980125954824855
2012-12-25 06:00:00,2012,12,25,6,1356415200,18.538139602880236,4.107813964499482,99.0361443067083,0.7357694773106868,0.0,0.08,0.38359712144042923,3.073284675456204
2012-12-25 12:00:00,2012,12,25,12,1356436800,22.038772433560293,4.343798518717353,99.6485982398551,13.586649963057381,0.0,0.08,0.3673063883780777,5.074489553433171
2012-12-25 18:00:00,2012,12,25,18,1356458400,17.273903177283607,4.150583246320322,99.23010017192729,0.6862037169054551,0.0,0.08,0.33215371533185456,2.8985041781221224
2012-12-26 00:00:00,2012,12,26,0,1356480000,14.501232060546668,5.150306846814686,99.33149071690185,0.6273289195287194,0.0,0.08,0.4309720354950918,2.696903858080323
2012-12-26 06:00:00,2012,12,26,6,1356501600,17.18312938525974,5.206702743977532,99.81548646625339,0.9080404831284197,0.0,0.08,0.349335265040283,2.7250115670289556
2012-12-26 12:00:00,2012,12,26,12,1356523200,21.70944483320055,4.607661098798942,99.74436164219557,13.043570909847821,0.0,0.08,0.33983198485584415,4.6347589963920575
2012-12-26 18:00:00,2012,12,26,18,1356544800,18.383326544581905,4.939823076837749,99.89262031586667,0.06748295103886674,0.0,0.08,0.4068422530880019,2.810899034517514
2012-12-27 00:00:00,2012,12,27,0,1356566400,14.839988742183543,3.6409356770602166,99.33655938055429,0.5481175324162505,7.654425404259628,0.14603557891917898,0.36983202732170506,2.8290963492109897
2012-12-27 06:00:00,2012,12,27,6,1356588000,18.091674453016484,5.8753355114809525,99.3033303265573,0.026840296932328478,0.0,0.08,0.34944897595787455,2.9972312668672965
2012-12-27 12:00:00,2012,12,27,12,1356609600,25.155977998824326,5.484221939151158,99.51035446565155,13.636491236232187,0.0,0.08,0.3871181937217909,5.218664163705903
2012-12-27 18:00:00,2012,12,27,18,1356631200,18.705625137744263,3.5697688435161004,99.55525463375274,0.36697532352561785,0.0,0.08,0.3523722830578236,2.7669400492475664
2012-12-28 00:00:00,2012,12,28,0,1356652800,12.216718002880103,4.778144563114912,100.39741492220747,0.5148713462990155,0.0,0.08,0.3685377102451805,2.3997884298382623
2012-12-28 06:00:00,2012,12,28,6,1356674400,19.34275465961127,3.9797014368435346,99.73855415496442,0.5269761474225118,0.0,0.08,0.32357708225923454,2.8436087140081345
2012-12-28 12:00:00,2012,12,28,12,1356696000,26.411837031546074,5.394065570419937,99.67418161547896,13.100268839331273,1.7257326470124579,0.08012703798111455,0.31415519413897597,4.871815625544135
2012-12-28 18:00:00,2012,12,28,18,1356717600,16.713944696550662,9.140011499443709,98.9733085258797,0.1043624062642287,0.0,0.08,0.3059941813694619,2.802515971136874
2012-12-29 00:00:00,2012,12,29,0,1356739200,12.774066098205449,3.6054186115358453,100.14950667636955,0.45730331547841785,0.0,0.08,0.3818782393936868,2.1327688830308684
2012-12-29 06:00:00,2012,12,29,6,1356760800,21.02739623151129,5.017485778723582,99.29207323844166,0.39500007193728837,0.0,0.08,0.2945803288305832,3.2530436262771634
2012-12-29 12:00:00,2012,12,29,12,1356782400,23.18543764733421,5.977707301196568,99.2804419877679,13.838675825203909,0.0,0.08,0.33593630074375375,4.930989496776033
2012-12-29 18:00:00,2012,12,29,18,1356804000,18.90704374605482,3.8207365561181676,99.54134367742166,0.3840748854222709,0.0,0.08,0.3605637630065998,3.1343662312596554
2012-12-30 00:00:00,2012,12,30,0,1356825600,16.100098891961146,3.8228673602755894,99.39602577782853,0.5384475370024369,0.0,0.08,0.2897274552730457,2.881724875577741
2012-12-30 06:00:00,2012,12,30,6,1356847200,17.758579728993872,4.689066443398042,99.61728296325639,0.0065895977028048724,0.0,0.08,0.35673800511402676,2.916568623375093
2012-12-30 12:00:00,2012,12,30,12,1356868800,24.138569889693784,3.7845457579677193,99.85049841007385,13.688776406622368,0.0,0.08,0.3806918031407823,5.196760315523241
2012-12-30 18:00:00,2012,12,30,18,1356890400,18.124358829955035,4.321931827499697,99.15210719629573,0.013104211026490334,0.0,0.10150409831580005,0.3624349135564183,3.392544531458506
2012-12-31 00:00:00,2012,12,31,0,1356912000,12.935632763144897,4.265634546444986,99.76409039119358,0.7066622446881232,0.0,0.08,0.33242429549039715,2.481936960211155
2012-12-31 06:00:00,2012,12,31,6,1356933600,17.16584104825893,4.489132263095709,99.26676886384153,0.9196329498545494,0.0,0.08,0.3007822783879724,2.9169587545840066
2012-12-31 12:00:00,2012,12,31,12,1356955200,24.89276780509522,6.391544639414571,99.82192401049636,13.145250405900814,0.0,0.08,0.3238094743465694,5.146757753044734
2012-12-31 18:00:00,2012,12,31,18,1356976800,17.53903638597473,7.37055315188484,99.95249488432529,0.3965405315189218,0.0,0.08,0.35233037274666557,2.803352424104866
