datetime,year,month,day,hour,system:time_start,temp_c,wind_speed,pressure_kpa,solar_rad,precip,soil_moisture,ndvi,modis_et_mm
2002-01-01 00:00:00,2002,1,1,0,1009843200,13.443900175611493,4.201717425660588,99.46011776877513,0.7630059730262334,0.0,0.08,0.3563723330320861,2.552182795168663
2002-01-01 06:00:00,2002,1,1,6,1009864800,17.218682935460908,5.402470098174784,99.50002823539839,0.8656738823544446,0.0,0.08,0.3517215075404829,3.091456086783174
2002-01-01 12:00:00,2002,1,1,12,1009886400,22.015707333802013,3.5743248236884395,99.749405745284,13.452122686886103,0.0,0.08,0.39523784362483455,4.816402351488213
2002-01-01 18:00:00,2002,1,1,18,1009908000,20.805173353652133,6.393435536284149,99.03059440968102,0.44947301020367253,0.0,0.08,0.3394885568000995,3.225434815139552
2002-01-02 00:00:00,2002,1,2,0,1009929600,13.07311231571141,7.811044648532471,99.60876668212438,0.47040041964452817,0.0,0.08,0.3128360139150191,2.8264959332140145
2002-01-02 06:00:00,2002,1,2,6,1009951200,16.614311608665368,6.846491819152668,99.0774178385301,0.3242240843723794,0.0,0.08166150636212594,0.2797199025117441,2.9736552301059627
2002-01-02 12:00:00,2002,1,2,12,1009972800,23.039896373550103,7.214867184810544,99.75253538960024,13.858694459739281,0.0,0.08,0.3019288695141309,5.15135660409652
2002-01-02 18:00:00,2002,1,2,18,1009994400,16.392969630386162,3.5748196323168395,99.50264404455838,0.522101185206301,0.0,0.08,0.3276925512454344,2.4870569597260563
2002-01-03 00:00:00,2002,1,3,0,1010016000,12.91333055049291,9.288404883249042,99.23470854526327,0.9139557743886398,0.0,0.08,0.34485372922186447,2.8745558870726957
2002-01-03 06:00:00,2002,1,3,6,1010037600,17.22176289372114,4.261834134745307,99.0176075045537,0.6503107718955861,0.0,0.08,0.2972953937823529,2.824405685851012
2002-01-03 12:00:00,2002,1,3,12,1010059200,24.005904762026155,6.629488805833159,100.15299038993571,13.346304872727663,0.0,0.08,0.3644222406043859,5.438081446237891
2002-01-03 18:00:00,2002,1,3,18,1010080800,21.145103730661177,3.8876131593452636,100.19024012832412,0.164808648747038,0.0,0.08,0.2707244714136424,3.0611484758469807
2002-01-04 00:00:00,2002,1,4,0,1010102400,13.011692005326678,4.4905136953883,99.17391084879606,0.3723843379162921,0.0,0.09306503834502368,0.2996553136381357,2.3061355491362434
2002-01-04 06:00:00,2002,1,4,6,1010124000,17.31270957616987,3.670957643219807,99.16684605257022,0.3469265402569732,0.0,0.09880970356119617,0.323033116980055,2.736663519879384
2002-01-04 12:00:00,2002,1,4,12,1010145600,23.41058709207529,3.6645553817511582,99.52135528020466,13.56208269624048,0.0,0.08,0.31485449655598874,4.28215930597981
2002-01-04 18:00:00,2002,1,4,18,1010167200,20.511026955148417,7.907543121015916,99.38194807349036,0.18359107030444372,0.0,0.08,0.32522110603596,3.175913114838837
2002-01-05 00:00:00,2002,1,5,0,1010188800,14.085458326670794,6.124840715919784,99.39847312722061,0.9782226700264893,0.0,0.08,0.30879351699533975,2.5685952728013186
2002-01-05 06:00:00,2002,1,5,6,1010210400,18.099389059745423,4.760925999835738,99.5814181858777,0.14570977286872888,0.0,0.08,0.32438497703081604,2.729510572868996
2002-01-05 12:00:00,2002,1,5,12,1010232000,20.211370343935766,4.747055472669514,100.07162109768069,13.829577895768104,0.0,0.08,0.2976203963004543,4.421936604525417
2002-01-05 18:00:00,2002,1,5,18,1010253600,18.232472807398548,5.70093500076503,99.90493009123303,0.013069235064591404,0.0,0.08,0.2959204208164567,3.1124312321659104
2002-01-06 00:00:00,2002,1,6,0,1010275200,14.514944207657756,4.281723200419634,99.39859408926537,0.4069610383190131,0.0,0.08,0.2742208863282707,1.8921144367643326
2002-01-06 06:00:00,2002,1,6,6,1010296800,19.786404579883595,5.807055788693779,99.7113049817522,0.30918339909503634,0.0,0.08,0.3641816831700026,2.887046162669273
2002-01-06 12:00:00,2002,1,6,12,1010318400,25.316384058064276,4.650059521594731,98.9405572257616,13.582361189440695,0.0,0.08,0.2966155181350268,5.426573686626245
2002-01-06 18:00:00,2002,1,6,18,1010340000,17.338380828267677,5.178476932816208,99.53544078597069,0.4980773447731152,0.0,0.08,0.31203609616015227,3.0026705652261705
2002-01-07 00:00:00,2002,1,7,0,1010361600,12.786976508933268,8.701631363183818,99.42175405096647,0.6003750015243178,0.0,0.08,0.28667740075740766,2.6279568295285745
2002-01-07 06:00:00,2002,1,7,6,1010383200,18.211235639526326,4.63635738059271,99.78178512502743,0.5835113447943,0.0,0.08,0.3407741425155027,2.929731719486237
2002-01-07 12:00:00,2002,1,7,12,1010404800,24.455988582694058,4.493282614456949,99.67932783226571,13.855879895844838,0.0,0.08,0.29268124456747036,4.778516777172202
2002-01-07 18:00:00,2002,1,7,18,1010426400,17.996848809622207,7.223005599565788,99.58541224892235,0.8445476825537922,0.0,0.08,0.30284217818526427,2.7240621414507467
2002-01-08 00:00:00,2002,1,8,0,1010448000,14.222476517654382,7.199011404445059,99.6286060767165,0.8867171556146514,0.0,0.08,0.26091063118915164,2.649960692587437
2002-01-08 06:00:00,2002,1,8,6,1010469600,17.85867588864042,11.02902441587896,99.36046924620918,0.7372503005607975,0.0,0.08,0.3398956338500652,3.3982901304203934
2002-01-08 12:00:00,2002,1,8,12,1010491200,22.37646693627032,4.90655912878861,99.78082590575397,13.330353028967247,0.0,0.08,0.2935915259614188,4.550463561863629
2002-01-08 18:00:00,2002,1,8,18,1010512800,20.099821613734665,4.338908048358305,99.62857355337573,0.9612923915099361,0.0,0.08,0.3409875903046734,2.7493910710691964
2002-01-09 00:00:00,2002,1,9,0,1010534400,13.949692845402415,4.143888558713889,99.43934869950705,0.9473980863470463,0.0,0.08,0.2631421522107894,2.547650595590999
2002-01-09 06:00:00,2002,1,9,6,1010556000,19.601116152739824,3.7835000282094016,99.51764540623867,0.7117037945453537,0.0,0.08,0.2679046987412869,2.98747742970499
2002-01-09 12:00:00,2002,1,9,12,1010577600,23.171711592480033,5.677398121539371,99.74124961911541,13.796501527230927,0.0,0.08,0.2653500985545381,4.942946106445069
2002-01-09 18:00:00,2002,1,9,18,1010599200,19.6873419966457,4.130297475985684,99.7696305662247,0.2506183583358938,0.0,0.08,0.2726544584218677,2.7815118454790957
2002-01-10 00:00:00,2002,1,10,0,1010620800,11.93529703316127,5.1564881757253955,99.38254813076429,0.756351139498876,0.0,0.08795714973381549,0.2953842308544321,1.9619942495657585
2002-01-10 06:00:00,2002,1,10,6,1010642400,17.174155527727578,7.482962863392984,99.21710487092857,0.8778601787162892,0.0,0.08,0.2138185178905663,2.4629404118995795
2002-01-10 12:00:00,2002,1,10,12,1010664000,24.94246037497019,8.256960075986063,99.34852564511888,13.973300642185619,0.0,0.08,0.2738196274400079,5.346762688158527
2002-01-10 18:00:00,2002,1,10,18,1010685600,18.42394209294947,3.7635695472332995,99.36398170651114,0.6290726328617724,0.0,0.08,0.251847560455541,2.4170868130979715
2002-01-11 00:00:00,2002,1,11,0,1010707200,13.209842348971021,4.3543954863371575,99.51910128403419,0.19300470457058616,0.0,0.08,0.2427514818710951,2.364537007162485
2002-01-11 06:00:00,2002,1,11,6,1010728800,17.200365254634733,6.506830521049278,99.84135170770448,0.3577965228941896,0.0,0.08,0.2834404630306437,2.5686587869029696
2002-01-11 12:00:00,2002,1,11,12,1010750400,24.786372405835117,4.935586087250802,99.34096584397264,14.061690156159944,0.0,0.08,0.2783934966669004,4.708705147145132
2002-01-11 18:00:00,2002,1,11,18,1010772000,21.3777653339055,6.253896807297787,99.59853137283201,0.016898738851225028,0.0,0.08,0.2952851708531733,3.4483326143607576
2002-01-12 00:00:00,2002,1,12,0,1010793600,14.543660521104853,6.686943225274096,99.42347191325658,0.6412642771888861,0.0,0.08,0.2751637443235454,2.9552736814443823
2002-01-12 06:00:00,2002,1,12,6,1010815200,17.95853047686857,4.68443555694772,99.48447399684794,0.766670301010248,0.0,0.08,0.2689345668594364,2.787889213224787
2002-01-12 12:00:00,2002,1,12,12,1010836800,25.712420159506685,4.474705556807431,99.56962865504072,13.705080600301534,0.0,0.08,0.24678498461690757,4.765376537785435
2002-01-12 18:00:00,2002,1,12,18,1010858400,19.171319828968613,4.71930392590022,99.8392174024364,0.07616776920079069,0.0,0.08,0.23573585347025233,2.8945599488663105
2002-01-13 00:00:00,2002,1,13,0,1010880000,13.037492959936358,5.419642987953715,99.54926837433207,0.8191193788839986,0.0,0.08,0.275690507027684,2.105581621043364
2002-01-13 06:00:00,2002,1,13,6,1010901600,20.600499462054895,4.519186741724773,98.70059381552161,0.14183682948502274,0.0,0.08,0.25004207215882707,3.078443739517795
2002-01-13 12:00:00,2002,1,13,12,1010923200,23.41636131173425,6.0702865113563576,99.41532912150781,13.774371257376721,0.0,0.08,0.2696935667719396,5.228082262159019
2002-01-13 18:00:00,2002,1,13,18,1010944800,16.522951762408347,7.347880306332116,99.94579554565537,0.7072541050677816,0.0,0.08,0.2575817071451279,2.8541887756958078
2002-01-14 00:00:00,2002,1,14,0,1010966400,13.267464127515918,4.355587998631807,99.8137249526823,0.8169859876514336,0.0,0.08,0.19061127816865164,1.9411838301451432
2002-01-14 06:00:00,2002,1,14,6,1010988000,19.54201308657737,8.886176219790098,99.7082886368937,0.8623819184885159,0.0,0.08,0.26642428447825534,3.402136354073842
2002-01-14 12:00:00,2002,1,14,12,1011009600,22.667402264234976,5.320181501675675,99.82490134939603,13.96854340175748,0.0,0.08,0.2331429941365233,4.7210320168689535
2002-01-14 18:00:00,2002,1,14,18,1011031200,15.935395507327403,7.015686992973506,99.718306905694,0.47587169645586724,0.0,0.08,0.27784521194035516,2.669265948237944
2002-01-15 00:00:00,2002,1,15,0,1011052800,16.007691471168865,4.047612351900485,99.81483261221643,0.8483172770180297,0.0,0.08,0.1903843566648246,2.1869524744761697
2002-01-15 06:00:00,2002,1,15,6,1011074400,23.29381064468405,4.317554326012743,99.13159693151269,0.5630770950474712,0.0,0.08,0.3031223362661342,2.9967960279476613
2002-01-15 12:00:00,2002,1,15,12,1011096000,23.089747561253276,4.463773319369066,99.44889007025124,14.052684778958245,0.0,0.08,0.22827077532137469,4.878044447702369
2002-01-15 18:00:00,2002,1,15,18,1011117600,17.858214943488054,4.424102048868038,99.51111407158677,0.4339733679938024,0.0,0.08,0.26028633286646036,2.6574178545544296
2002-01-16 00:00:00,2002,1,16,0,1011139200,11.843511588764086,4.190798916381668,99.47852310074106,0.3728139719210396,0.0,0.08,0.21903519788390957,2.0520201010219186
2002-01-16 06:00:00,2002,1,16,6,1011160800,17.6323621122859,6.947652505377045,99.28918889206065,0.4805408572898291,0.0,0.08,0.22311270744495085,2.718634567712889
2002-01-16 12:00:00,2002,1,16,12,1011182400,21.572397135633928,4.72144299719072,99.50620519854093,13.876130526024959,0.0,0.08,0.26097145641643515,4.208947321788478
2002-01-16 18:00:00,2002,1,16,18,1011204000,16.906688481995758,8.858481480319046,98.9522392724398,0.3435464499692402,0.0,0.08,0.23435198642648566,2.7381563065605086
2002-01-17 00:00:00,2002,1,17,0,1011225600,13.930829080999972,5.246427359321779,99.59343502210854,0.9936643420078939,0.0,0.08,0.23072992416788207,2.3915545373741645
2002-01-17 06:00:00,2002,1,17,6,1011247200,16.558913584618963,4.156160540001538,99.25534908496772,0.3362134940718481,0.0,0.08,0.2601909012679599,2.84237447147311
2002-01-17 12:00:00,2002,1,17,12,1011268800,21.724820018351704,5.116895968417545,98.80467297411504,13.806245865359283,0.0,0.08,0.24037501018189694,4.737041208048379
2002-01-17 18:00:00,2002,1,17,18,1011290400,19.237990684539337,11.497108359603223,99.4624393918948,0.35392408984262824,0.0,0.08,0.24815479451554723,2.8539028554146384
2002-01-18 00:00:00,2002,1,18,0,1011312000,13.066663349349867,5.206587850166616,99.91681199994696,0.5907813406361061,0.0,0.08,0.2102942452588584,2.1436069803465254
2002-01-18 06:00:00,2002,1,18,6,1011333600,19.52787652192395,3.9601884787879413,98.88211714416738,0.9109904866231651,0.0,0.08,0.2490322174902356,3.0213953413495998
2002-01-18 12:00:00,2002,1,18,12,1011355200,23.47985797149907,8.013765780277506,99.3794644607955,14.377624125418492,0.0,0.08,0.23238382560703014,4.6448086850191626
2002-01-18 18:00:00,2002,1,18,18,1011376800,18.714528753646988,4.358993972198509,98.96574433407802,0.8422411390757031,0.0,0.08,0.2419476738363181,3.080250847958267
2002-01-19 00:00:00,2002,1,19,0,1011398400,15.230508634811848,5.731578312613856,99.52410402109241,0.8590086106838577,0.0,0.08,0.2343132543402776,2.505777859221231
2002-01-19 06:00:00,2002,1,19,6,1011420000,18.237313547463348,5.067561997016956,99.70830012242078,0.9205283964468673,0.0,0.08,0.2572868173531972,2.893286620676243
2002-01-19 12:00:00,2002,1,19,12,1011441600,25.12490071666715,4.572432588630256,99.20421557806036,13.866035714853474,0.0,0.08,0.23854478358101883,4.730521172500873
2002-01-19 18:00:00,2002,1,19,18,1011463200,18.430577589553742,4.480169705053564,99.31990388584626,0.4583660310374372,0.8407218798645198,0.08,0.18860127080716532,2.4538352651168216
2002-01-20 00:00:00,2002,1,20,0,1011484800,12.898775538241757,7.968832685241394,99.39671257399159,0.3851976665764465,0.0,0.08,0.1999675230753828,2.1121190254759066
2002-01-20 06:00:00,2002,1,20,6,1011506400,17.51886015631748,7.6506494399576095,99.81313988919841,0.38187699461350044,0.0,0.08,0.2245919091793129,3.018708425273477
2002-01-20 12:00:00,2002,1,20,12,1011528000,21.64487738666285,5.085936459188374,99.02186586713728,14.325747379886154,0.0,0.08,0.2297546525579893,4.7177176055471355
2002-01-20 18:00:00,2002,1,20,18,1011549600,17.2692545575972,4.4548948064495955,99.30515460247874,0.40180306031774504,0.0,0.08,0.17805554018194852,2.224354104641043
2002-01-21 00:00:00,2002,1,21,0,1011571200,11.541225487021851,4.192463431342677,99.90658087219276,0.6163303059172037,0.0,0.08,0.18247193896808775,2.124169257110416
2002-01-21 06:00:00,2002,1,21,6,1011592800,17.70969884501926,4.285943086905213,99.21716153851179,0.3822793637278078,0.0,0.08,0.2450503861694541,2.797668375192325
2002-01-21 12:00:00,2002,1,21,12,1011614400,25.432972057678604,5.138521145404823,99.31701748917708,14.028373203219404,0.0,0.08,0.27121755098359535,5.189305232436497
2002-01-21 18:00:00,2002,1,21,18,1011636000,19.18899194907778,4.582399631028259,99.48940697928239,0.3530771784431824,0.0,0.08,0.16261536075619737,2.589432379125041
2002-01-22 00:00:00,2002,1,22,0,1011657600,13.693238997429797,4.1190547642092,100.1272929607314,0.8037570560137598,0.0,0.08,0.2144709446225051,2.2882383778123514
2002-01-22 06:00:00,2002,1,22,6,1011679200,18.238118139810567,4.965501805091799,99.09392941331188,0.601051036228891,0.0,0.08,0.20816185612614313,2.433566183773049
2002-01-22 12:00:00,2002,1,22,12,1011700800,24.15317430117404,6.111336617915834,99.65574922389024,14.736293118552458,0.0,0.08,0.23706765466545296,5.185174254965218
2002-01-22 18:00:00,2002,1,22,18,1011722400,19.320365668541317,7.388794357340526,99.07280355014906,0.8326562263797344,0.0,0.08,0.22161650709991976,3.022369350184326
2002-01-23 00:00:00,2002,1,23,0,1011744000,12.678051417981742,5.398737270147881,99.12037473752507,0.48578060833404113,0.0,0.08,0.22612286113516225,2.4255626592519324
2002-01-23 06:00:00,2002,1,23,6,1011765600,20.04597247031788,6.005684501342138,99.26860740096058,0.24237633509407586,0.0,0.08,0.132824891389005,2.2085366906948747
2002-01-23 12:00:00,2002,1,23,12,1011787200,23.862185381933966,4.757496396907256,99.56209243916716,14.482510585366274,0.0,0.08,0.20103581793574082,4.898655627228581
2002-01-23 18:00:00,2002,1,23,18,1011808800,19.795856329446135,5.106972659998775,99.25771713749293,0.7266460273119374,0.0,0.08,0.17406461762429412,2.686390444356915
2002-01-24 00:00:00,2002,1,24,0,1011830400,14.380167210936161,6.064160375547243,99.45573876303473,0.464175979791959,0.0,0.08,0.1694011187779138,2.418351238789215
2002-01-24 06:00:00,2002,1,24,6,1011852000,17.300581090464274,6.053278210453006,99.20061532496565,0.2299221324106907,0.0,0.08,0.159037011530395,2.192304617553896
2002-01-24 12:00:00,2002,1,24,12,1011873600,26.379461883277102,4.931074518342086,99.44031074785309,14.413387881990745,0.0,0.08,0.2026697948697339,5.275824924721467
2002-01-24 18:00:00,2002,1,24,18,1011895200,19.411004628498162,5.279031815769989,99.02655381044333,0.25382925235944837,0.0,0.08,0.20582142885151208,2.5514463616465815
2002-01-25 00:00:00,2002,1,25,0,1011916800,13.956141357020366,7.988470885353262,99.02696592509746,0.9399983176304376,0.0,0.08,0.20936097866622733,2.7024758822110475
2002-01-25 06:00:00,2002,1,25,6,1011938400,20.38152146814825,5.6252891527104065,99.25475704572493,0.6288842480337195,0.0,0.08,0.17834046347151475,2.7121631133801443
2002-01-25 12:00:00,2002,1,25,12,1011960000,22.77169512434188,5.669033426644329,99.59214263561786,14.196856528328814,0.0,0.08,0.23195689090182048,5.078761300435502
2002-01-25 18:00:00,2002,1,25,18,1011981600,17.146256981965713,6.4288194938407806,99.46695654507899,0.21573068833452627,0.0,0.08,0.16247117051275956,2.504750825257694
2002-01-26 00:00:00,2002,1,26,0,1012003200,15.423993294156675,4.33279267773619,99.1691897622658,0.7167232833851209,0.0,0.08,0.14211691714354657,2.58880600323067
2002-01-26 06:00:00,2002,1,26,6,1012024800,21.30896154905715,5.259157752351386,99.06203084634437,0.7077932802417529,0.0,0.08,0.19165805519826962,2.8377515885995632
2002-01-26 12:00:00,2002,1,26,12,1012046400,25.018734701293845,8.956317188222734,99.71164481465769,14.552047259633838,0.0,0.08,0.16455908231192626,4.704387190128844
2002-01-26 18:00:00,2002,1,26,18,1012068000,20.79778703993989,4.822490643717651,99.81047466160432,0.614301025179223,0.0,0.08,0.20104811465518793,2.86050818770644
2002-01-27 00:00:00,2002,1,27,0,1012089600,12.773180699185696,4.696523099823194,99.54623591176421,0.6038690028256231,0.0,0.08,0.1600722792825257,2.022680082911865
2002-01-27 06:00:00,2002,1,27,6,1012111200,19.13352357589968,5.551316835152061,99.50058134813172,0.3601034468105172,0.0,0.08,0.16243680906400643,2.4567314030414815
2002-01-27 12:00:00,2002,1,27,12,1012132800,23.685368860315645,4.547190337349127,98.75257894003045,14.943517545575649,0.0,0.08,0.15999989977821438,4.884040801081187
2002-01-27 18:00:00,2002,1,27,18,1012154400,21.21382992486892,5.390054816862984,99.57201043583194,0.4792784642629195,0.0,0.08,0.1578447701255063,2.468115275641646
2002-01-28 00:00:00,2002,1,28,0,1012176000,15.498734196153283,4.44911124628223,99.86259505867085,0.020327900145589828,0.0,0.08,0.1745072431763026,2.603375533041459
2002-01-28 06:00:00,2002,1,28,6,1012197600,21.304367461676705,5.495838798858402,99.70773453186408,0.3483613423883254,0.0,0.08,0.18174052153389594,2.7582927806104927
2002-01-28 12:00:00,2002,1,28,12,1012219200,23.830822526800624,5.578710082183829,99.69148762375185,14.188757299494974,0.0,0.08,0.15255037910210353,4.31701058205674
2002-01-28 18:00:00,2002,1,28,18,1012240800,18.060415045621205,5.008285170915798,98.88947350541535,0.36338379104788515,0.0,0.08,0.13944597802636738,2.4854328431368518
2002-01-29 00:00:00,2002,1,29,0,1012262400,16.838299395912028,4.941813799672355,99.16666642185085,0.6082624850357327,0.0,0.08,0.18433862191181274,2.4845453445455195
2002-01-29 06:00:00,2002,1,29,6,1012284000,19.88384691436128,4.640567818102323,99.33450823784185,0.022664474521924105,0.0,0.08,0.1810153186092749,2.567236178914609
2002-01-29 12:00:00,2002,1,29,12,1012305600,26.442002856791706,4.820883400886183,99.16446662775516,14.982214796359735,0.0,0.08,0.19081714576531633,4.825340215128132
2002-01-29 18:00:00,2002,1,29,18,1012327200,19.747264022361534,5.252867622005503,99.0299975743065,0.6103091184681773,0.0,0.08,0.13807746419233538,2.8436707055970945
2002-01-30 00:00:00,2002,1,30,0,1012348800,18.239331677839807,4.667511528463471,99.49532415114369,0.29537187625899475,0.0,0.08,0.13944045013776935,2.5044453739651367
2002-01-30 06:00:00,2002,1,30,6,1012370400,21.70054827461072,6.531306387219655,99.66861183984078,0.3112051739242816,0.0,0.08,0.1889417146608593,2.7951722140105457
2002-01-30 12:00:00,2002,1,30,12,1012392000,24.6934703972569,6.092493010274905,98.9506698197102,14.632374080015355,0.0,0.08,0.19112589861215493,4.913448316459297
2002-01-30 18:00:00,2002,1,30,18,1012413600,19.964346884819406,4.711303819795949,99.68096474990878,0.24809180600179523,0.0,0.08,0.1519712453915384,2.4064139323563394
2002-01-31 00:00:00,2002,1,31,0,1012435200,15.060204587690851,4.416778540653425,99.42793693092592,0.004341927760946218,0.0,0.08,0.13058745012418851,2.268352583004248
2002-01-31 06:00:00,2002,1,31,6,1012456800,18.320134215271583,4.263276498567546,99.84787100436088,0.0265574481792632,0.0,0.08,0.13812075143575292,2.7666135953158273
2002-01-31 12:00:00,2002,1,31,12,1012478400,24.30130591887828,5.625188401028707,99.59941026002667,14.580274101608618,0.0,0.08,0.13020113350478554,4.841918899634878
2002-01-31 18:00:00,2002,1,31,18,1012500000,19.187257964297853,4.61918154561945,99.39992915842441,0.12422167660861003,2.592332047541974,0.08,0.18310351847497974,2.4264933346919926
2002-02-01 00:00:00,2002,2,1,0,1012521600,15.46543385086722,4.304116860630164,99.39339684890463,0.022363674647081888,0.0,0.08,0.17553077458425298,2.0215031798467504
2002-02-01 06:00:00,2002,2,1,6,1012543200,18.893956393333177,4.952411698580908,99.35271660286081,0.8592692700348403,0.0,0.08,0.15658290395493876,2.593477358951788
2002-02-01 12:00:00,2002,2,1,12,1012564800,24.891556005005683,9.19031639316395,99.89765089204154,14.55361761428605,0.0,0.08,0.13380933872360767,4.529914110053995
2002-02-01 18:00:00,2002,2,1,18,1012586400,19.567409099013698,6.041621171552366,99.53569385254994,0.503122577166803,0.0,0.08,0.12770913591084723,2.7501118873174994
2002-02-02 00:00:00,2002,2,2,0,1012608000,15.324591992811381,7.232406068019684,99.23254604420148,0.17940908419162316,0.0,0.08,0.13071102026800133,2.3890402713013152
2002-02-02 06:00:00,2002,2,2,6,1012629600,22.413007095732,4.5415308198482975,99.51372524255831,0.046724972243762264,0.0,0.08,0.12252142994744972,2.62134147818699
2002-02-02 12:00:00,2002,2,2,12,1012651200,26.854002117651245,4.421176669526749,99.48276772683138,15.082395941420687,0.0,0.08,0.15597807705250336,4.83120205918836
2002-02-02 18:00:00,2002,2,2,18,1012672800,18.24509916973402,4.324402877202762,99.21609603244369,0.12495685464678517,0.0,0.08,0.17205081576505124,2.418835774823346
2002-02-03 00:00:00,2002,2,3,0,1012694400,15.228989175776737,9.00253255415569,99.08751133924758,0.025716902403658648,0.0,0.08,0.16809199490086477,2.7241206958408863
2002-02-03 06:00:00,2002,2,3,6,1012716000,19.852444729888123,4.864099881482787,99.68814200110404,0.5872303282634098,0.0,0.08,0.1177451403933257,2.435109509129504
2002-02-03 12:00:00,2002,2,3,12,1012737600,24.33684758043687,5.2515576486930335,99.2548367651442,14.410131824652145,7.265738128100629,0.08,0.12634317161546513,4.3354080087933715
2002-02-03 18:00:00,2002,2,3,18,1012759200,23.536279105197604,5.081262567424322,99.23799122512357,0.43628594481032335,0.0,0.08,0.12767939695758285,2.6721629416722403
2002-02-04 00:00:00,2002,2,4,0,1012780800,14.614181675060701,6.316593294844017,99.49846863613152,0.2888360484778162,0.0,0.08,0.17000488250536516,2.4625160038557983
2002-02-04 06:00:00,2002,2,4,6,1012802400,19.718178066289116,4.9065718148846456,99.16859009306872,0.31941798493775286,0.0,0.08,0.1,2.238958495308212
2002-02-04 12:00:00,2002,2,4,12,1012824000,28.03591742399608,5.5000910680702955,99.39251504742158,14.460765651791732,0.0,0.08,0.13934275144567368,5.161243740187473
2002-02-04 18:00:00,2002,2,4,18,1012845600,21.85788743335056,12.483244855829284,99.20985017637669,0.9643460803827971,2.7323548347558786,0.08,0.11318535641729958,3.051172288148064
2002-02-05 00:00:00,2002,2,5,0,1012867200,14.838630447970077,5.2518523485455795,98.54026197417174,0.5169631024835379,7.696248677113461,0.08,0.12890529263699763,1.7952716418793502
2002-02-05 06:00:00,2002,2,5,6,1012888800,21.64448462369922,5.573206423017358,99.42995118753645,0.5725121330416838,0.0,0.08,0.15546588002369774,2.937321419725966
2002-02-05 12:00:00,2002,2,5,12,1012910400,25.14442520732818,5.418524606124734,99.3925929738595,15.184241356927668,0.0,0.08,0.12495649383348642,4.682709440041512
2002-02-05 18:00:00,2002,2,5,18,1012932000,20.244353294260648,6.809445853424779,99.42019387408044,0.7975217910497687,0.0,0.08,0.11205009363266394,2.730159592086138
2002-02-06 00:00:00,2002,2,6,0,1012953600,14.39637677389037,4.857676302433147,98.68126341342074,0.6079091163091758,0.0,0.08,0.15236221383823922,2.0438046454337653
2002-02-06 06:00:00,2002,2,6,6,1012975200,16.954871326576523,4.672376202115137,98.89872517040283,0.7621981054933089,0.0,0.08,0.1338304918227295,2.5822350345929803
2002-02-06 12:00:00,2002,2,6,12,1012996800,23.467141068576804,6.496293790799145,99.65268439678748,15.029138186239823,0.0,0.08,0.14440163283823815,4.775818827718348
2002-02-06 18:00:00,2002,2,6,18,1013018400,18.94754264181229,5.1978911094168785,99.32609852211255,0.37127514040449006,0.0,0.08,0.13787294441553116,2.918211054752037
2002-02-07 00:00:00,2002,2,7,0,1013040000,16.335428714861447,8.088055962608285,98.72552074862197,0.8231339074821851,0.0,0.08,0.1,2.522121511797945
2002-02-07 06:00:00,2002,2,7,6,1013061600,20.93708051061548,5.962623425565089,99.31894862883858,0.865310524173463,0.0,0.08,0.16443563222367713,2.761469478364392
2002-02-07 12:00:00,2002,2,7,12,1013083200,27.336272980372264,5.659065753538934,98.82263246789873,14.781506881949277,0.0,0.08,0.11931351382235081,4.689019347595096
2002-02-07 18:00:00,2002,2,7,18,1013104800,18.901917788682862,4.522308710834684,99.12158330281618,0.5426601869600629,0.0,0.08,0.15055435086748178,2.216325379973255
2002-02-08 00:00:00,2002,2,8,0,1013126400,18.491149239879658,6.399360211824288,99.35905398559922,0.6836424304861594,0.0,0.08,0.11019167687205646,2.4510243809872136
2002-02-08 06:00:00,2002,2,8,6,1013148000,23.35249435203855,6.170806403551074,99.35948704116042,0.08359873663196682,0.0,0.08,0.13766726589322026,2.8329700033202343
2002-02-08 12:00:00,2002,2,8,12,1013169600,25.864118486792016,5.965846709263512,99.58503644300085,15.637588893252508,0.0,0.08,0.15101975327115205,5.259678730354149
2002-02-08 18:00:00,2002,2,8,18,1013191200,19.781587946124755,4.90084687913055,99.4225617324402,0.5201097727171325,0.0,0.08,0.14716852169451858,2.495663460634988
2002-02-09 00:00:00,2002,2,9,0,1013212800,14.964786981423737,8.85198389517696,99.43063924199713,0.6454574173167522,0.0,0.08,0.11933917755932559,2.5385245742578038
2002-02-09 06:00:00,2002,2,9,6,1013234400,21.21374500516253,5.035297638594798,99.15771543058848,0.17824274809035368,0.0,0.08,0.10599211912508705,2.533884391669618
2002-02-09 12:00:00,2002,2,9,12,1013256000,28.74043454746196,4.700869003757505,99.01703685287492,15.037694123807677,0.0,0.08,0.1,5.287170368879868
2002-02-09 18:00:00,2002,2,9,18,1013277600,20.774161233732297,10.990748963473408,99.28683325405837,0.12100121668120414,0.0,0.08,0.1,2.482793056878006
2002-02-10 00:00:00,2002,2,10,0,1013299200,13.650577146120826,6.530030969325466,99.56713202605067,0.26399872185388884,0.0,0.08,0.14522205174782352,2.4036924189997526
2002-02-10 06:00:00,2002,2,10,6,1013320800,23.866677493622767,5.276613133117729,99.50892375877646,0.49239676529179877,0.0,0.08,0.1,2.7024514243975064
2002-02-10 12:00:00,2002,2,10,12,1013342400,25.423046847502775,8.594295261599445,99.20077235316846,15.673112543520553,0.0,0.08,0.13585596257139412,5.1822847939115215
2002-02-10 18:00:00,2002,2,10,18,1013364000,23.204320090581433,4.616253318338362,99.24321183774222,0.5337234150203652,0.0,0.08,0.13916040115526812,3.1334597100040416
2002-02-11 00:00:00,2002,2,11,0,1013385600,17.070849811324916,4.6300677543690245,98.97911195519507,0.2444635982310961,0.0,0.08,0.12101142234833447,2.1787933459678652
2002-02-11 06:00:00,2002,2,11,6,1013407200,20.90954172440302,6.213136728131637,99.59497837387424,0.044621074890727974,0.0,0.08,0.11908828550404911,2.387243562253363
2002-02-11 12:00:00,2002,2,11,12,1013428800,27.581094371368543,4.786423247511608,99.73436227042849,15.528612819594487,0.0,0.08,0.1,4.6406207307996485
2002-02-11 18:00:00,2002,2,11,18,1013450400,20.030066222898117,8.228347414517744,99.38162493385116,0.4201598973666499,0.0,0.08,0.1,2.4634512625786527
2002-02-12 00:00:00,2002,2,12,0,1013472000,15.805751207803201,7.263908668067392,98.74762042844715,0.98435386681707,0.0,0.08,0.1,1.829956723388557
2002-02-12 06:00:00,2002,2,12,6,1013493600,20.446083472814674,5.060384328063719,99.4403460911044,0.7797598854116929,0.0,0.08,0.15263029114811388,2.638335002809145
2002-02-12 12:00:00,2002,2,12,12,1013515200,25.941164807494566,7.806836802538487,99.7346848462028,15.783082471029125,0.0,0.08,0.1442887717197059,5.17028351437924
2002-02-12 18:00:00,2002,2,12,18,1013536800,22.063812388262264,4.577417230698848,98.90277788517972,0.012235022880398629,0.0,0.08,0.10416123720201435,2.6250444407835727
2002-02-13 00:00:00,2002,2,13,0,1013558400,17.164021058408423,5.723807062469966,99.4803616146226,0.7777953329040571,0.0,0.08,0.1376443082590861,2.3411486626563027
2002-02-13 06:00:00,2002,2,13,6,1013580000,19.020622312680118,8.643674798152102,99.17020497714826,0.1946133106754928,0.0,0.08,0.1,2.3698140950766935
2002-02-13 12:00:00,2002,2,13,12,1013601600,25.55028815596634,7.431078548055796,99.5997610924959,15.629488647970415,0.0,0.08,0.1,4.74692583817271
2002-02-13 18:00:00,2002,2,13,18,1013623200,20.809261014292034,5.190834775126212,98.87927598215703,0.4474215723157205,0.0,0.08,0.1464305030895371,2.7207916037778013
2002-02-14 00:00:00,2002,2,14,0,1013644800,17.34561333515956,4.85212390661464,99.08457322631727,0.5716038505776799,0.0,0.08,0.15772020793473499,2.578199277997977
2002-02-14 06:00:00,2002,2,14,6,1013666400,19.365910003817564,4.903797775886061,98.74429682950857,0.1334435294229962,0.0,0.08,0.11780340383269412,2.1259159042972833
2002-02-14 12:00:00,2002,2,14,12,1013688000,27.52608757301802,5.633075817749148,99.31653451040664,15.57043359865251,8.010134353484036,0.09390981606851093,0.1,5.009307366055324
2002-02-14 18:00:00,2002,2,14,18,1013709600,19.776322512148347,5.9115706819216935,99.38060406123472,0.03694468595166497,0.0,0.08,0.13514103656787735,2.5929827974076445
2002-02-15 00:00:00,2002,2,15,0,1013731200,16.953039020661983,4.617532106309751,99.30571783472112,0.0409993481596308,0.0,0.08,0.1,1.973344072570289
2002-02-15 06:00:00,2002,2,15,6,1013752800,23.252176992159676,5.367990720602908,99.04781124660059,0.6577381307740698,0.0,0.08,0.11224954298301962,2.9175137486799025
2002-02-15 12:00:00,2002,2,15,12,1013774400,24.74019691780147,7.228839817566294,99.07070333123771,16.135944752097586,0.0,0.08,0.1,5.033662264291247
2002-02-15 18:00:00,2002,2,15,18,1013796000,21.943142007979784,5.448853128821558,99.1043665740516,0.777392918704785,0.0,0.08,0.12076864357471487,2.6290871492060863
2002-02-16 00:00:00,2002,2,16,0,1013817600,16.417736759096286,4.863470907209771,99.45576776475446,0.46915578057097707,0.0,0.08,0.1,2.00957227233179
2002-02-16 06:00:00,2002,2,16,6,1013839200,20.229787127741073,9.2324555558749,98.75438204514835,0.05587074009237292,0.0,0.08,0.1684344916200023,3.258900245913117
2002-02-16 12:00:00,2002,2,16,12,1013860800,24.858514492898184,5.04989863120559,99.08800575484368,15.300805358033509,0.0,0.08,0.11552078021193846,4.846170646156134
2002-02-16 18:00:00,2002,2,16,18,1013882400,20.63465775236998,6.987880996143269,98.74847544576161,0.15789226110805996,0.0,0.08,0.1,2.6250695368054657
2002-02-17 00:00:00,2002,2,17,0,1013904000,15.596925529697787,4.9262498229378275,99.05484486687499,0.9758105039340266,0.0,0.08,0.1,2.0463126176621
2002-02-17 06:00:00,2002,2,17,6,1013925600,21.504281994507593,5.428444156486245,99.17334777030463,0.39866106644116317,0.0,0.08,0.1,2.4550535891368694
2002-02-17 12:00:00,2002,2,17,12,1013947200,26.172738570508752,5.614385643490547,99.80775306173184,16.171544500467753,0.0,0.08,0.10048781359117542,5.000964869736372
2002-02-17 18:00:00,2002,2,17,18,1013968800,22.448099459184355,5.644753404960058,98.97730122682118,0.7051424389485988,0.0,0.08,0.11151010425818952,2.5969729413315714
2002-02-18 00:00:00,2002,2,18,0,1013990400,18.143370860826444,5.710433008826493,99.47297647228332,0.6054286592160663,0.0,0.08,0.1,2.206487595650962
2002-02-18 06:00:00,2002,2,18,6,1014012000,19.63712399428745,5.002694975275409,98.65175241793652,0.9478261116537416,0.0,0.08,0.1154216754847957,2.516409427560145
2002-02-18 12:00:00,2002,2,18,12,1014033600,26.554656587527898,5.708701900684109,99.17679343345644,15.631692509841445,3.0702030506998237,0.08,0.1,4.983265610789467
2002-02-18 18:00:00,2002,2,18,18,1014055200,20.505745483488784,5.606296623380272,99.17614306128424,0.4548896624691555,0.0,0.08,0.12730867961192416,2.9664293728084665
2002-02-19 00:00:00,2002,2,19,0,1014076800,15.422046117064346,4.988612846764976,99.37547073723721,0.8647229656745954,0.0,0.08,0.1,2.205043170283281
2002-02-19 06:00:00,2002,2,19,6,1014098400,19.696593146093214,11.295869773093784,98.98803691158584,0.5517613076422437,5.471930542601541,0.08,0.1,2.6124171090750914
2002-02-19 12:00:00,2002,2,19,12,1014120000,24.585761375427143,7.64745248203841,98.91642791449586,15.72163986601851,0.0,0.08,0.1,4.752284043425499
2002-02-19 18:00:00,2002,2,19,18,1014141600,21.271106599139443,7.915680157964408,98.52786796103676,0.20891641684227868,0.0,0.08,0.1,2.9533673831160487
2002-02-20 00:00:00,2002,2,20,0,1014163200,17.759491029075644,6.389617955922823,99.23806372826762,0.752881001042301,0.0,0.08,0.1,2.641216144858962
2002-02-20 06:00:00,2002,2,20,6,1014184800,22.754149813283878,4.915468458547286,98.94613167344133,0.012788894252088734,0.0,0.08,0.1,2.8870550256220504
2002-02-20 12:00:00,2002,2,20,12,1014206400,25.591110353219065,5.913436476818545,99.44637990143391,16.46404874525759,0.0,0.08,0.1,5.091381842568431
2002-02-20 18:00:00,2002,2,20,18,1014228000,20.439397949108294,7.238365045484879,99.29228138583765,0.018417988115204915,0.0,0.08,0.1,2.9521006082794785
2002-02-21 00:00:00,2002,2,21,0,1014249600,17.650465113477395,4.729703830026887,99.48105949627104,0.6309890468807041,0.0,0.08,0.10861409763504831,2.357260802901167
2002-02-21 06:00:00,2002,2,21,6,1014271200,21.643983846821936,5.697745411138272,98.86335065468606,0.6047479614420073,0.0,0.08,0.1,2.8093149002714997
2002-02-21 12:00:00,2002,2,21,12,1014292800,28.626163105182297,5.427020594773655,99.18676689953985,16.20365579071953,0.0,0.08,0.1,4.914563685268393
2002-02-21 18:00:00,2002,2,21,18,1014314400,20.625516115699746,5.028067008639976,99.182397140361,0.47434305086675743,0.0,0.08,0.1,2.574959437603529
2002-02-22 00:00:00,2002,2,22,0,1014336000,14.627598838929137,5.3992442886670995,98.96305220518029,0.8524303326886111,0.0,0.08,0.1,2.166985762041389
2002-02-22 06:00:00,2002,2,22,6,1014357600,23.332891581523437,10.842784564719892,99.4809965523768,0.6593328702904843,0.0,0.08,0.1,3.2156211774899406
2002-02-22 12:00:00,2002,2,22,12,1014379200,24.579106370669184,6.61334337518049,99.3462873883792,16.483198584238874,0.0,0.08,0.1,4.719972991854653
2002-02-22 18:00:00,2002,2,22,18,1014400800,20.2454654127072,5.220439257504591,99.72110824222975,0.11552180597919175,0.0,0.08,0.1,2.1514864966938694
2002-02-23 00:00:00,2002,2,23,0,1014422400,16.53395267505023,6.096694806477602,99.30657725370835,0.049898637457442385,0.0,0.08,0.1,2.0873830030449683
2002-02-23 06:00:00,2002,2,23,6,1014444000,22.110305096970237,5.1268920849884365,99.65884651127443,0.02852850892977865,0.0,0.08,0.1,2.810954839368942
2002-02-23 12:00:00,2002,2,23,12,1014465600,28.440011250946508,6.117703762811146,99.65202201495451,15.925315094950525,0.0,0.08,0.1,5.019676838637545
2002-02-23 18:00:00,2002,2,23,18,1014487200,21.016467994037274,8.099494306034018,98.95071648178235,0.6670078902544176,0.0,0.08,0.1,2.830214516522583
2002-02-24 00:00:00,2002,2,24,0,1014508800,19.639018768414797,5.938169753961429,98.64343461815268,0.4940217557411708,0.0,0.08,0.1,2.3776003140186135
2002-02-24 06:00:00,2002,2,24,6,1014530400,20.388303306401262,6.699979710871173,99.5902740367379,0.7522522561620709,0.0,0.08,0.1,2.834471448760761
2002-02-24 12:00:00,2002,2,24,12,1014552000,27.104542769000265,5.623198204097729,99.29244509414356,16.04727064717969,0.0,0.08,0.1,4.924040418667756
2002-02-24 18:00:00,2002,2,24,18,1014573600,23.907683617998817,5.831205273315527,99.2406805948142,0.36696304197046353,0.0,0.08,0.1,2.7942483893701366
2002-02-25 00:00:00,2002,2,25,0,1014595200,19.11273656014993,6.5137493687472645,98.93564790300022,0.888497548549545,0.0,0.08,0.1,2.79683184588211
2002-02-25 06:00:00,2002,2,25,6,1014616800,18.35555716318682,7.242419713170167,99.18938770381209,0.9357145460285333,0.0,0.08,0.1,2.828155836976057
2002-02-25 12:00:00,2002,2,25,12,1014638400,31.85001229902752,6.348010919053106,99.37535899386718,16.85533611607465,0.0,0.08,0.1,5.727505078566098
2002-02-25 18:00:00,2002,2,25,18,1014660000,22.30475382718009,10.423041138887976,99.26781819608878,0.8183050442007646,0.0,0.08,0.1,2.9081479959688297
2002-02-26 00:00:00,2002,2,26,0,1014681600,18.332360756179654,7.317475874783932,98.87187040954088,0.6882358785978919,0.0,0.08,0.1,2.3660898062073397
2002-02-26 06:00:00,2002,2,26,6,1014703200,22.414234430093295,6.998709197567963,99.51872212266584,0.9136778940274637,0.0,0.08,0.1,2.6403686985901116
2002-02-26 12:00:00,2002,2,26,12,1014724800,31.117423582044022,7.544234527291879,99.09346593964248,16.72646752041986,0.0,0.08,0.1,5.146009125581569
2002-02-26 18:00:00,2002,2,26,18,1014746400,24.84870836144308,5.242036945999073,99.25977232312904,0.9539362487254958,0.0,0.08,0.1,2.7478991969406685
2002-02-27 00:00:00,2002,2,27,0,1014768000,21.203464064232097,5.6095029302845445,99.29380123328252,0.02478833203688846,0.0,0.08,0.1,2.3799871464434896
2002-02-27 06:00:00,2002,2,27,6,1014789600,23.752053269213164,6.007690617123969,99.68114658703438,0.9216420858945771,0.0,0.08,0.1,2.628778722716609
2002-02-27 12:00:00,2002,2,27,12,1014811200,29.410424197399305,5.691850169609213,99.16596682630436,16.64729443480608,0.0,0.08,0.1,4.90166298951885
2002-02-27 18:00:00,2002,2,27,18,1014832800,21.47527546723931,7.5813987875105955,99.02594697064697,0.11179775182046023,0.0,0.08,0.1,2.419779268441534
2002-02-28 00:00:00,2002,2,28,0,1014854400,17.773696474013263,4.815888064692815,99.60119148624436,0.21491126973729469,0.0,0.08,0.1,2.2482760647809252
2002-02-28 06:00:00,2002,2,28,6,1014876000,24.5400229530494,5.126744290623488,99.35947570082894,0.8521592839149136,0.0,0.08,0.1,2.979929194175096
2002-02-28 12:00:00,2002,2,28,12,1014897600,28.647959479570225,7.976605839051632,99.11890342206969,16.67750433736017,0.0,0.08,0.1,5.332424134900291
2002-02-28 18:00:00,2002,2,28,18,1014919200,23.32914753066369,4.866103479232574,99.10000201844377,0.9828177234952385,16.403671619078704,0.16530688846160022,0.1,3.0344709611042946
2002-03-01 00:00:00,2002,3,1,0,1014940800,17.136313604545155,5.174337586428714,98.42435641730611,0.11753110950497103,0.0,0.08,0.1,2.143976734731859
2002-03-01 06:00:00,2002,3,1,6,1014962400,25.048023934401034,5.4372084680432256,98.98613051022002,0.41250346390012915,16.145231059663573,0.14542238753420877,0.1,3.230347122545549
2002-03-01 12:00:00,2002,3,1,12,1014984000,30.02673721585424,6.87203743815309,98.59164048480866,16.58363716682462,0.0,0.08,0.1,5.344268939101006
2002-03-01 18:00:00,2002,3,1,18,1015005600,24.86313001304917,6.0202329017021015,98.2114673021292,0.5161354360649237,0.0,0.08,0.1,3.0343516377079864
2002-03-02 00:00:00,2002,3,2,0,1015027200,18.8678996719612,9.439704679249434,98.81872688580044,0.6334378188697185,0.0,0.08,0.1,2.4349532690529023
2002-03-02 06:00:00,2002,3,2,6,1015048800,23.444999533044978,5.189097798825631,98.58307690843962,0.6616294693816545,0.0,0.08,0.1,3.13123193629527
2002-03-02 12:00:00,2002,3,2,12,1015070400,30.116041285809214,7.88618371470285,98.89098368414764,16.333951985320844,0.0,0.08,0.1,5.459951617563044
2002-03-02 18:00:00,2002,3,2,18,1015092000,24.835043430992428,5.300022716797487,99.08993139672333,0.08896043378156993,0.0,0.08,0.1,2.9810388634790614
2002-03-03 00:00:00,2002,3,3,0,1015113600,17.22157072967154,5.2363840979007135,99.13525403074541,0.03506383365595189,0.0,0.08,0.1,2.001571263547828
2002-03-03 06:00:00,2002,3,3,6,1015135200,24.03515176151945,5.848691825681906,98.94972122641043,0.8645991463982773,0.0,0.08,0.1,2.672184977679671
2002-03-03 12:00:00,2002,3,3,12,1015156800,29.547707341457606,4.924637606562723,98.5958704427481,16.727335810214125,0.0,0.08,0.1,5.047860974692727
2002-03-03 18:00:00,2002,3,3,18,1015178400,22.55097545997599,5.54134781382598,98.94616344292797,0.3670634418763663,0.0,0.08,0.1,2.8425882672081895
2002-03-04 00:00:00,2002,3,4,0,1015200000,20.047300954556977,5.485431551378212,98.64763666015462,0.45037124894669267,0.0,0.08,0.1,2.270674561048283
2002-03-04 06:00:00,2002,3,4,6,1015221600,24.7686249724496,5.087812706063092,99.38836868214953,0.8493043972535758,0.0,0.08,0.1,2.997098029168028
2002-03-04 12:00:00,2002,3,4,12,1015243200,28.0676826250873,7.783811015959655,98.92307069174349,16.5100672227838,0.0,0.08,0.1,5.477535395683041
2002-03-04 18:00:00,2002,3,4,18,1015264800,21.65695699439071,5.557472215334189,98.62560498780128,0.11861827437985242,0.0,0.08,0.1,2.453260707682246
2002-03-05 00:00:00,2002,3,5,0,1015286400,19.703696005715955,10.8574102990716,98.63676682050645,0.6851631221409004,0.0,0.08,0.1,2.5840893794830193
2002-03-05 06:00:00,2002,3,5,6,1015308000,26.771253114564463,8.2874752793515,98.95415527185843,0.9638925227075971,0.0,0.08,0.1,3.0955239160648733
2002-03-05 12:00:00,2002,3,5,12,1015329600,29.20743340180955,5.16298882978124,98.96951863719721,17.22099048489199,0.0,0.08,0.1,5.19843775863602
2002-03-05 18:00:00,2002,3,5,18,1015351200,24.786409505831962,5.893138559210306,98.89401374675991,0.26112346846752527,0.0,0.08,0.1,3.0689454278172597
2002-03-06 00:00:00,2002,3,6,0,1015372800,17.209170893680476,6.23066322461262,99.23478939848928,0.5198644287866173,0.8812863965690088,0.08,0.1,2.522966177708668
2002-03-06 06:00:00,2002,3,6,6,1015394400,23.88548918989048,7.413006388089585,98.64815543912846,0.9749804755814343,0.0,0.08,0.1,3.1282323420908686
2002-03-06 12:00:00,2002,3,6,12,1015416000,28.789982127697833,8.10208823793582,99.23773074952939,17.18900502075692,0.0,0.08,0.1,4.952228953323714
2002-03-06 18:00:00,2002,3,6,18,1015437600,22.627551331560362,6.316767402497186,98.90846513197077,0.37350762972820445,0.0,0.08,0.1,2.703379139557767
2002-03-07 00:00:00,2002,3,7,0,1015459200,19.750296141660062,4.914170106096044,99.17986718795427,0.3834255548387203,0.0,0.08,0.1,2.265296835988901
2002-03-07 06:00:00,2002,3,7,6,1015480800,24.69270796612661,5.845097012843971,98.73342823750608,0.9670335085917307,0.0,0.08,0.1,3.0345773778099665
2002-03-07 12:00:00,2002,3,7,12,1015502400,28.649404017589486,8.102195060084043,99.15453619039928,17.46296620730761,0.0,0.08,0.1,5.542626182291238
2002-03-07 18:00:00,2002,3,7,18,1015524000,24.071516637806877,6.738635938492315,98.67900365902021,0.6871728556220492,0.0,0.08,0.1,2.8152855923021067
2002-03-08 00:00:00,2002,3,8,0,1015545600,22.304050555156643,7.933161905326713,99.39962946956118,0.2320543216907468,0.0,0.08,0.1,3.1630887658059597
2002-03-08 06:00:00,2002,3,8,6,1015567200,23.29371463276865,6.5528460042627295,98.8814307821634,0.5594846377635744,0.0,0.08,0.1,2.6470551914140996
2002-03-08 12:00:00,2002,3,8,12,1015588800,27.527594079488814,4.938742963898013,98.7761825952881,17.184288250670267,0.0,0.08,0.1,5.187657067653475
2002-03-08 18:00:00,2002,3,8,18,1015610400,22.49156307172722,10.034533088691006,98.55331045240266,0.24020152585395188,12.898015727344829,0.1635653595821703,0.1,3.6630295690918837
2002-03-09 00:00:00,2002,3,9,0,1015632000,19.732892688760586,8.63335017426241,98.9402089753173,0.8955522860141045,0.0,0.08,0.1,2.8713809523585474
2002-03-09 06:00:00,2002,3,9,6,1015653600,20.542388227598373,5.084464250193431,98.84504117353568,0.38315580876261346,0.0,0.08,0.1,2.6324897277610004
2002-03-09 12:00:00,2002,3,9,12,1015675200,28.593678807002085,5.0608002017172735,98.48851467711874,17.194171010488738,0.0,0.08,0.1,5.139751895859633
2002-03-09 18:00:00,2002,3,9,18,1015696800,22.906159748526147,6.043248231848506,98.66872897844854,0.9317203966083701,9.327151642536611,0.10357528326211236,0.1,3.033058018685667
2002-03-10 00:00:00,2002,3,10,0,1015718400,19.408308969634767,7.013667105218897,98.28746333124519,0.1973463964561254,0.0,0.08,0.1,2.3866130231156273
2002-03-10 06:00:00,2002,3,10,6,1015740000,24.414537371845988,5.613633233909243,98.5348136495775,0.7455047847165227,0.0,0.08,0.1,3.1189015325079725
2002-03-10 12:00:00,2002,3,10,12,1015761600,30.011298252904616,5.111249915787402,98.83683422640075,17.64829436881109,0.0,0.08,0.1,5.1994307564883835
2002-03-10 18:00:00,2002,3,10,18,1015783200,25.417464856392236,5.963040667115508,98.97980023460231,0.9204844283722876,0.0,0.08,0.1,2.9623255512480005
2002-03-11 00:00:00,2002,3,11,0,1015804800,21.342350495969804,5.518507674774364,98.7605632397564,0.8320471375672782,0.0,0.08,0.1,2.485276216125623
2002-03-11 06:00:00,2002,3,11,6,1015826400,24.09917792183841,5.551024929375164,98.99916807700939,0.7052952179396415,0.0,0.08,0.1,2.791424503175216
2002-03-11 12:00:00,2002,3,11,12,1015848000,28.63016917423139,6.454150966797278,98.57010926699458,17.394579902408694,0.0,0.08,0.1,5.178877970573473
2002-03-11 18:00:00,2002,3,11,18,1015869600,25.908603186608907,8.152943343239482,98.99082633321959,0.4955690112705513,0.0,0.08,0.1,2.706524686034204
2002-03-12 00:00:00,2002,3,12,0,1015891200,17.27707599784678,6.136461664062267,98.81840683049167,0.9444957613471798,0.0,0.08,0.1,2.3790050143417676
2002-03-12 06:00:00,2002,3,12,6,1015912800,25.90157473149907,6.65500243432632,98.77976818148952,0.023202630581493522,0.0,0.08,0.1,2.880838142366327
2002-03-12 12:00:00,2002,3,12,12,1015934400,29.980063797806086,6.527764736263457,98.84050241340637,17.959073696309442,0.0,0.08,0.1,5.187980945348133
2002-03-12 18:00:00,2002,3,12,18,1015956000,25.439088663438813,6.111371147142196,98.66179392249411,0.25181035045388145,0.0,0.08,0.1,2.8040085284007334
2002-03-13 00:00:00,2002,3,13,0,1015977600,20.44922089348156,5.4766391519207644,98.36502819774199,0.1850169432937917,9.908605343337737,0.12103302804467432,0.1,2.7384280297733636
2002-03-13 06:00:00,2002,3,13,6,1015999200,25.10641477944293,5.630121103963485,98.5117902427117,0.23222461442231956,0.0,0.08,0.1,2.5330966548213336
2002-03-13 12:00:00,2002,3,13,12,1016020800,30.167515464387478,5.487441199070276,98.40179173725781,17.309473999773587,0.0,0.08,0.1,5.302773867117944
2002-03-13 18:00:00,2002,3,13,18,1016042400,23.23588720461224,8.660795450585045,98.75698504779564,0.9919798242861699,0.0,0.08,0.1,3.210063732659961
2002-03-14 00:00:00,2002,3,14,0,1016064000,19.061448363755442,7.5549776146979255,99.0138295561028,0.869869143225145,0.0,0.08,0.1,2.4905636487981915
2002-03-14 06:00:00,2002,3,14,6,1016085600,27.704294193494068,6.225506623774112,99.25410830664005,0.5210559686322274,0.0,0.08,0.1,3.4526296996952315
2002-03-14 12:00:00,2002,3,14,12,1016107200,31.047622172333984,8.576368296270207,98.67066397826498,18.050029645886113,0.0,0.08,0.1,5.863794898637276
2002-03-14 18:00:00,2002,3,14,18,1016128800,26.629240144671535,8.189307224162468,98.760783407723,0.5565953629235098,15.437180215725926,0.1703168903022033,0.1,3.6106699449167716
2002-03-15 00:00:00,2002,3,15,0,1016150400,19.657128693901818,8.874632781392352,99.35738135083164,0.8115789444508323,0.0,0.08,0.1,2.6788623184856237
2002-03-15 06:00:00,2002,3,15,6,1016172000,25.294225621895947,5.31045942835772,98.67178248888982,0.8447651915570114,0.0,0.08,0.1,2.961778914224789
2002-03-15 12:00:00,2002,3,15,12,1016193600,30.965227572620556,6.830483462287839,98.6045894119191,17.653117430175698,0.0,0.08,0.1,5.605102191958485
2002-03-15 18:00:00,2002,3,15,18,1016215200,26.983747629745523,6.343785318633347,98.7534796664976,0.45974777065024786,4.776467091758882,0.08,0.1,3.5008529927791163
2002-03-16 00:00:00,2002,3,16,0,1016236800,20.083326048420048,6.927128385215311,98.64874896380175,0.634847734189571,0.0,0.08,0.1,2.6993783799598186
2002-03-16 06:00:00,2002,3,16,6,1016258400,26.02788262566452,5.400218065879949,98.57253069914758,0.978440830608275,0.0,0.08,0.1,3.3373486565913346
2002-03-16 12:00:00,2002,3,16,12,1016280000,31.378326861083632,6.72192123022411,98.35376928538764,18.188588685431807,0.0,0.08,0.1,5.367177867495904
2002-03-16 18:00:00,2002,3,16,18,1016301600,26.71464598555029,5.7327078741119095,99.25388480825505,0.8976350107441594,0.0,0.08,0.1,2.993472281897846
2002-03-17 00:00:00,2002,3,17,0,1016323200,20.147134025253557,7.643090856549031,98.9247257520061,0.8461120509870876,0.0,0.08,0.1,2.6687812962268183
2002-03-17 06:00:00,2002,3,17,6,1016344800,27.372165894973737,7.328406283919181,99.24444720987218,0.5820630636785641,0.0,0.08,0.1,3.4647457157023847
2002-03-17 12:00:00,2002,3,17,12,1016366400,28.315893481625906,5.304773366360072,99.0459210455814,18.485273383409776,0.0,0.08,0.1,4.960435668353305
2002-03-17 18:00:00,2002,3,17,18,1016388000,23.755348371317876,5.253355280074921,98.76419206905211,0.3774217278252366,0.0,0.08,0.1,3.3819370305979515
2002-03-18 00:00:00,2002,3,18,0,1016409600,21.30803341733662,6.852441858760966,98.24181256960935,0.3792835304483114,0.0,0.08,0.1,2.6627193526923625
2002-03-18 06:00:00,2002,3,18,6,1016431200,26.268477742179126,6.154441245397032,98.4701146764926,0.7809656432426689,0.0,0.08,0.1,3.308515848195803
2002-03-18 12:00:00,2002,3,18,12,1016452800,30.234621665416004,6.177071522768047,98.63825157051315,17.81200141838843,0.0,0.08,0.1,5.431854129988068
2002-03-18 18:00:00,2002,3,18,18,1016474400,24.923616818271483,7.049705800563013,98.45368290057986,0.3058252174584211,0.0,0.08,0.1,2.7899384102540203
2002-03-19 00:00:00,2002,3,19,0,1016496000,20.081200517484557,7.857380876872752,98.18022933208042,0.6085724508733423,0.0,0.08,0.1,2.9850616902021105
2002-03-19 06:00:00,2002,3,19,6,1016517600,24.376054096256187,5.370762410953583,98.45884376418304,0.4200655988669486,0.0,0.08,0.1,2.800367084667839
2002-03-19 12:00:00,2002,3,19,12,1016539200,30.65721699286336,6.177491978474273,98.66789454016244,18.70411676827607,0.0,0.08,0.1,5.43094877320624
2002-03-19 18:00:00,2002,3,19,18,1016560800,23.390555153743584,7.609891033923173,99.2030915722939,0.9585060696191388,0.0,0.08,0.1,3.0136891249030535
2002-03-20 00:00:00,2002,3,20,0,1016582400,22.560312685885954,8.059695720039496,98.50737873867068,0.5025813088137892,1.304879243536836,0.08,0.1,2.957333986757994
2002-03-20 06:00:00,2002,3,20,6,1016604000,26.435105916525618,5.475044813253827,98.90592358234551,0.5390618903656813,14.963156000216198,0.1704656518111987,0.1,3.4520782830301924
2002-03-20 12:00:00,2002,3,20,12,1016625600,32.8029450358552,5.131752405815217,98.41628505793066,18.574025567589228,0.0,0.08,0.1,5.762962942061043
2002-03-20 18:00:00,2002,3,20,18,1016647200,26.10385891189882,5.364329611156394,98.6419925050547,0.45726492523417567,0.0,0.08,0.1,3.0575387177990105
2002-03-21 00:00:00,2002,3,21,0,1016668800,20.94423864752275,9.336278195689502,98.68213870171694,0.1900984679404768,0.0,0.08,0.1,2.9817918371021146
2002-03-21 06:00:00,2002,3,21,6,1016690400,26.188166778914386,5.903142868486474,99.17249626150605,0.7469691686229307,0.0,0.08,0.1,3.061167338255861
2002-03-21 12:00:00,2002,3,21,12,1016712000,29.950703217618273,5.78536652339306,97.89136831803938,18.673234408977955,0.0,0.08,0.1,5.366479289664657
2002-03-21 18:00:00,2002,3,21,18,1016733600,24.134823797113285,4.9917157597739,98.44903579996318,0.24498110339178167,0.0,0.08,0.1,2.9242567894432505
2002-03-22 00:00:00,2002,3,22,0,1016755200,19.66094531615813,5.055253653855482,98.74960550984164,0.8329165197810076,0.0,0.08,0.1,2.002691423137781
2002-03-22 06:00:00,2002,3,22,6,1016776800,25.498253071977796,6.6337887499703525,98.80093778642109,0.6136491964201608,0.0,0.08,0.1,3.135590545509849
2002-03-22 12:00:00,2002,3,22,12,1016798400,29.812683942259756,6.313475362046006,98.32240715990872,18.257819301796587,0.0,0.08,0.1,5.763129038931998
2002-03-22 18:00:00,2002,3,22,18,1016820000,28.160784154211886,6.262075632990774,98.66397502299687,0.6520391441687065,0.0,0.08,0.1,3.3666344147464353
2002-03-23 00:00:00,2002,3,23,0,1016841600,20.217318485564277,5.156369159781851,98.66241530584982,0.23360952629056075,0.0,0.08,0.1,2.1554893855129915
2002-03-23 06:00:00,2002,3,23,6,1016863200,26.865810556760657,5.631962640435453,99.10003361871864,0.2652329540800178,0.0,0.08,0.1,3.321177623567512
2002-03-23 12:00:00,2002,3,23,12,1016884800,32.15191414041285,7.490854352179012,98.72109374521042,18.955589793984267,0.0,0.08,0.1,5.68091032468279
2002-03-23 18:00:00,2002,3,23,18,1016906400,28.131530721828987,5.269420600185391,98.61601879370714,0.9294915692398211,0.0,0.08,0.1,3.235403472949344
2002-03-24 00:00:00,2002,3,24,0,1016928000,22.435450101172545,8.199266505559006,98.43042307312898,0.2568826583582111,0.0,0.08,0.1,3.0637296997489796
2002-03-24 06:00:00,2002,3,24,6,1016949600,26.152763903934503,5.1791707489240055,98.82382771146915,0.9280510370851858,0.0,0.08,0.1,2.908973338433121
2002-03-24 12:00:00,2002,3,24,12,1016971200,33.9719138052027,5.262856542003113,98.56509011456377,18.432410250963223,0.0,0.08,0.1,5.790574881968813
2002-03-24 18:00:00,2002,3,24,18,1016992800,24.546939961525794,5.959311948875445,98.4715573168713,0.11726736554258789,0.0,0.08,0.1,2.584946628390487
2002-03-25 00:00:00,2002,3,25,0,1017014400,20.1403045715146,9.347168048219284,98.33044509481353,0.05822387807126117,0.0,0.08,0.1,2.6183229718797594
2002-03-25 06:00:00,2002,3,25,6,1017036000,26.88030108676243,5.588037344827708,98.53541618087223,0.2421132408326333,0.0,0.08,0.1,2.7955227407549015
2002-03-25 12:00:00,2002,3,25,12,1017057600,31.67923619567334,6.5987065439492305,98.83402995882057,18.664831491180255,0.0,0.08,0.1,5.77071705207344
2002-03-25 18:00:00,2002,3,25,18,1017079200,27.776108623760678,6.3208770947762725,98.47055877248826,0.927548380109307,0.0,0.08,0.1,2.929378619806503
2002-03-26 00:00:00,2002,3,26,0,1017100800,21.928546297367987,5.234439466780004,98.61771406312799,0.2421579997060287,0.0,0.08,0.1,2.5971290098479343
2002-03-26 06:00:00,2002,3,26,6,1017122400,27.241270453446802,5.41918824485393,98.4403025625452,0.36546534495089333,0.0,0.08,0.1,2.950698967434643
2002-03-26 12:00:00,2002,3,26,12,1017144000,33.18196792149754,8.983494192826303,98.65850443376571,19.09963152423396,0.0,0.08,0.1,5.822539020221499
2002-03-26 18:00:00,2002,3,26,18,1017165600,26.89887878927207,5.297864065626339,98.63236373551861,0.3020740879872838,0.0,0.08,0.1,3.2432397139762035
2002-03-27 00:00:00,2002,3,27,0,1017187200,22.844204560127213,6.775092386711331,98.35409625072467,0.6843681516795805,0.0,0.08,0.1,2.6036010758359596
2002-03-27 06:00:00,2002,3,27,6,1017208800,25.691352224964213,10.009452534693528,98.83980576241746,0.4320778192485024,0.0,0.08,0.1,3.069068586259614
2002-03-27 12:00:00,2002,3,27,12,1017230400,30.790310526989067,5.1847867290053715,98.15342203280242,18.647703002814378,0.0,0.08,0.1,5.568589830564645
2002-03-27 18:00:00,2002,3,27,18,1017252000,28.14636571003766,5.758073298114069,98.93082114920321,0.7340589009691383,0.0,0.08,0.1,3.326195346823935
2002-03-28 00:00:00,2002,3,28,0,1017273600,22.1431980722607,5.376260439502302,98.67184377958027,0.02703883335668411,0.0,0.08,0.1,2.2522740990060415
2002-03-28 06:00:00,2002,3,28,6,1017295200,27.21560569634821,5.371685426552369,98.74945922088429,0.2923348250729789,0.0,0.08,0.1,3.0152205255134112
2002-03-28 12:00:00,2002,3,28,12,1017316800,30.921402621181667,5.186009837267622,98.07790516504352,18.893088272489194,0.0,0.08,0.1,5.7215178180840285
2002-03-28 18:00:00,2002,3,28,18,1017338400,26.348629037671383,6.568798381457981,98.55778848138294,0.4582182549876383,0.0,0.08,0.1,3.3940805792894593
2002-03-29 00:00:00,2002,3,29,0,1017360000,22.528287246235088,7.05531462449348,99.01603366281448,0.6798692319761394,0.0,0.08,0.1,2.8129867878713304
2002-03-29 06:00:00,2002,3,29,6,1017381600,26.646580894701838,6.691850796376758,98.51232000465797,0.45940499418603686,6.842447756979688,0.12788430215927807,0.1,3.002867691723601
2002-03-29 12:00:00,2002,3,29,12,1017403200,30.805310897274158,8.876198720578213,98.59501147520996,19.216720431720162,0.0,0.08,0.1,5.781669789099286
2002-03-29 18:00:00,2002,3,29,18,1017424800,25.82274662967894,5.233825212281229,98.2126699323576,0.5957790784178196,0.0,0.08,0.1,2.8726812721275876
2002-03-30 00:00:00,2002,3,30,0,1017446400,21.278473287490325,5.577027688730683,98.1069998543177,0.3732716498960077,0.0,0.08,0.1,2.663945933528833
2002-03-30 06:00:00,2002,3,30,6,1017468000,26.726055139724714,5.632577102372469,98.60783765676581,0.9339712657546985,0.0,0.08,0.1,3.4699362733017782
2002-03-30 12:00:00,2002,3,30,12,1017489600,31.819697520525317,5.394983703259497,98.33529762077761,19.66355530696166,0.0,0.08,0.1,5.510482602419809
2002-03-30 18:00:00,2002,3,30,18,1017511200,29.58703569818575,5.2289601228798395,98.37258960445935,0.5818508840944682,0.0,0.08,0.1,3.487612641938211
2002-03-31 00:00:00,2002,3,31,0,1017532800,23.756606677917397,6.000005124715026,98.54047334540272,0.07169088029543191,0.0,0.08,0.1,2.9597511868207573
2002-03-31 06:00:00,2002,3,31,6,1017554400,27.815724863817024,7.69728180117642,98.72742629170338,0.49112756425593573,0.0,0.08,0.1,3.3699366474908357
2002-03-31 12:00:00,2002,3,31,12,1017576000,35.1639331057575,9.63602738982975,98.67923086427538,18.97721625230968,0.0,0.08,0.1,6.194549761682195
2002-03-31 18:00:00,2002,3,31,18,1017597600,27.197030897538983,5.207409443552451,98.55141288276467,0.483214521872906,0.0,0.08,0.1,3.4790358959621863
2002-04-01 00:00:00,2002,4,1,0,1017619200,23.2190400803167,7.598727462661749,98.77044130177065,0.1884831544985418,0.0,0.08,0.1,3.0881284347476208
2002-04-01 06:00:00,2002,4,1,6,1017640800,27.999034158309343,7.610853982694325,98.81747806380932,0.7038552456488844,0.0,0.08,0.1,3.158144076803756
2002-04-01 12:00:00,2002,4,1,12,1017662400,33.214631955074566,5.738919878872304,98.46482133109987,18.95808657217348,0.0,0.08,0.1,5.7989161012950925
2002-04-01 18:00:00,2002,4,1,18,1017684000,26.38318072472548,5.174836763154213,99.00479633301347,0.9533040763959264,0.0,0.08,0.1,2.8367521475833666
2002-04-02 00:00:00,2002,4,2,0,1017705600,22.184179633816044,11.908831761566923,98.16091566398708,0.1953758894333527,0.0,0.08,0.1,3.241136828963492
2002-04-02 06:00:00,2002,4,2,6,1017727200,26.423538116999563,6.598771893092444,98.02718577052886,0.6606563360492455,0.0,0.08,0.1,3.1025439913238078
2002-04-02 12:00:00,2002,4,2,12,1017748800,33.25232240210468,11.04234748697542,98.90210857070903,19.879220260583637,0.0,0.08,0.1,5.782879939551405
2002-04-02 18:00:00,2002,4,2,18,1017770400,27.64582712832375,5.991346684463423,98.27706925291918,0.2478863139840648,0.0,0.08,0.1,2.619539749654038
2002-04-03 00:00:00,2002,4,3,0,1017792000,19.95211886041403,5.753588241038693,97.66813476405747,0.93429689903713,0.0,0.08,0.1,2.454337976962582
2002-04-03 06:00:00,2002,4,3,6,1017813600,28.54570039932766,5.425224017360293,98.37211089252149,0.38867466566027264,0.0,0.08,0.1,3.003073849079871
2002-04-03 12:00:00,2002,4,3,12,1017835200,33.10047678533279,11.162471707161497,98.8384797193799,20.00710404706783,0.0,0.08,0.1,6.088383696777108
2002-04-03 18:00:00,2002,4,3,18,1017856800,30.331713345772766,5.437371256131739,98.37763814615738,0.9713638581345279,0.0,0.08,0.1,3.3435812645118737
2002-04-04 00:00:00,2002,4,4,0,1017878400,24.299902295322354,5.034394040070833,97.92011209051468,0.18807990506923977,0.0,0.08,0.1,3.047548868464373
2002-04-04 06:00:00,2002,4,4,6,1017900000,29.578637243371784,6.075919870383802,98.36579647867434,0.8310873369310544,2.744247413364988,0.08,0.1,3.624774883230844
2002-04-04 12:00:00,2002,4,4,12,1017921600,31.21612075702484,5.708254290950183,98.39697192615706,19.32399944037499,0.0,0.08,0.1,6.118160927291875
2002-04-04 18:00:00,2002,4,4,18,1017943200,29.586718607419236,5.452782205397103,98.35185492267354,0.22644062033108392,0.0,0.08,0.1,3.578419209407882
2002-04-05 00:00:00,2002,4,5,0,1017964800,22.750481772166765,6.507053013113721,98.21975811964971,0.08412650402339827,0.0,0.08,0.1,2.8514004602953245
2002-04-05 06:00:00,2002,4,5,6,1017986400,27.00495058291586,5.676344474286141,98.23398294321642,0.15653694649817795,0.0,0.08,0.1,2.7526622986275955
2002-04-05 12:00:00,2002,4,5,12,1018008000,29.5247009590776,5.768751979416799,98.65381160012826,19.846467578726788,0.0,0.08,0.1,5.762407926171887
2002-04-05 18:00:00,2002,4,5,18,1018029600,30.01288173769649,5.0318486995552485,98.26152787010419,0.4492527300517888,0.0,0.08,0.1,2.9609867177899374
2002-04-06 00:00:00,2002,4,6,0,1018051200,22.748805392354374,6.328990335031747,98.46674771549591,0.7909442371688351,0.0,0.08,0.1,2.86760322441943
2002-04-06 06:00:00,2002,4,6,6,1018072800,27.99233671670192,5.190272734957607,98.46567712666075,0.33199681482662213,0.0,0.08,0.1,2.8110987781592143
2002-04-06 12:00:00,2002,4,6,12,1018094400,33.657220562069824,5.355813721993788,98.23344225471222,20.26618355265006,0.0,0.08,0.1,6.350781112915038
2002-04-06 18:00:00,2002,4,6,18,1018116000,30.969114963793572,6.88907554555169,98.19260566295773,0.04987254081937701,0.0,0.08,0.1,3.474804235135098
2002-04-07 00:00:00,2002,4,7,0,1018137600,22.96910567348395,5.5563195102693275,98.42216517451138,0.06293595440244149,0.0,0.08,0.1,2.651692343699051
2002-04-07 06:00:00,2002,4,7,6,1018159200,28.284710383517407,5.259931524616646,97.90549092623456,0.7013748988181361,0.0,0.08,0.1,3.0896957061140053
2002-04-07 12:00:00,2002,4,7,12,1018180800,34.76083297272551,6.284737438729856,98.99933989669717,20.268023750460202,0.0,0.08,0.1,6.090206735860832
2002-04-07 18:00:00,2002,4,7,18,1018202400,27.88918766634996,5.355582825801904,98.22936746253141,0.7955001916341518,0.0,0.08,0.1,3.018950655508213
2002-04-08 00:00:00,2002,4,8,0,1018224000,22.192533715554386,5.463962767785691,98.2668768430218,0.4898170878669137,0.0,0.08,0.1,2.6117550564211096
2002-04-08 06:00:00,2002,4,8,6,1018245600,25.156811358997626,6.446557401730094,98.60503828154329,0.26964136130502003,0.0,0.08,0.1,2.5363981838595056
2002-04-08 12:00:00,2002,4,8,12,1018267200,35.44379589250089,7.009698542524768,98.33312444208677,19.476453207471454,0.0,0.08,0.1,5.908989164709884
2002-04-08 18:00:00,2002,4,8,18,1018288800,28.797462289784427,7.008533675010492,98.25879558270026,0.509451453919778,0.0,0.08,0.1,3.05289718190718
2002-04-09 00:00:00,2002,4,9,0,1018310400,24.38924389988465,5.974046177365382,97.96578844729461,0.47563619730927653,0.0,0.08,0.1,2.9811150510340627
2002-04-09 06:00:00,2002,4,9,6,1018332000,27.840897512943066,5.895191462295994,98.39755713879264,0.34424589947023987,0.0,0.08,0.1,3.14003566215523
2002-04-09 12:00:00,2002,4,9,12,1018353600,34.58977298509913,7.310916212036007,98.20293410667743,20.12315775984722,0.0,0.08,0.1,6.290827832914199
2002-04-09 18:00:00,2002,4,9,18,1018375200,27.694462744757782,5.308383058265988,98.99138611607056,0.7288146973812757,0.0,0.08947508464732426,0.1,3.09215862249236
2002-04-10 00:00:00,2002,4,10,0,1018396800,23.94418910671933,5.230686495826062,98.28835088530455,0.7008882362282425,0.0,0.08,0.1,2.853794433269157
2002-04-10 06:00:00,2002,4,10,6,1018418400,28.861889133045835,6.622088751137203,97.6698638870191,0.2632528417842155,0.0,0.08,0.1,2.834967069133635
2002-04-10 12:00:00,2002,4,10,12,1018440000,35.394189715532676,5.773212465344351,98.63499606323589,20.212014112174494,0.0,0.08,0.1,6.2978221852229455
2002-04-10 18:00:00,2002,4,10,18,1018461600,29.670693171619867,6.839819956804041,98.04993658548729,0.1487744785840008,0.0,0.08,0.1,3.5568219593432526
2002-04-11 00:00:00,2002,4,11,0,1018483200,22.889597305795046,5.423704207518633,98.36482684269892,0.1216018438883546,0.0,0.08,0.1,2.817127581769156
2002-04-11 06:00:00,2002,4,11,6,1018504800,29.731321749105607,5.568201425385909,98.75441239870132,0.7858558362591179,0.0,0.08,0.1,3.145111706466167
2002-04-11 12:00:00,2002,4,11,12,1018526400,33.278727487180525,8.383774562333791,98.24030722001427,20.401599747934814,0.0,0.08,0.1,6.210459149634093
2002-04-11 18:00:00,2002,4,11,18,1018548000,27.611066232223767,5.800303238770223,98.27153252263241,0.7679289006316311,0.0,0.08,0.1,3.196149586032124
2002-04-12 00:00:00,2002,4,12,0,1018569600,24.784265824580654,6.315279373138017,98.5963984578816,0.15246227420422087,0.0,0.08,0.1,2.4947439809582077
2002-04-12 06:00:00,2002,4,12,6,1018591200,29.24878333654901,5.1436091416281595,98.7436738207922,0.9146185893704599,0.0,0.08,0.1,3.525075272299732
2002-04-12 12:00:00,2002,4,12,12,1018612800,32.16390140492935,5.269926005460532,98.27480476911025,19.921602807387984,0.0,0.08,0.1,5.583715676063296
2002-04-12 18:00:00,2002,4,12,18,1018634400,28.18499089908892,5.02921111888406,98.92278411467413,0.8700369681977312,0.0,0.08,0.1,3.2956837310955334
2002-04-13 00:00:00,2002,4,13,0,1018656000,25.20342188799222,5.797857931490675,97.77753959155235,0.35237929130593126,0.0,0.08,0.1,2.9241346172149942
2002-04-13 06:00:00,2002,4,13,6,1018677600,29.66897968146563,11.723341542494977,98.02831375795176,0.10543409303413931,0.0,0.08,0.1,3.811862093222626
2002-04-13 12:00:00,2002,4,13,12,1018699200,34.73187570743686,8.075121267643308,98.15584240437258,20.155367534517868,0.0,0.08,0.1,5.998214453393891
2002-04-13 18:00:00,2002,4,13,18,1018720800,31.853317065710815,6.472638447790461,98.61605992046181,0.18144801421388546,0.0,0.08,0.1,3.362548399501137
2002-04-14 00:00:00,2002,4,14,0,1018742400,25.705902360227494,7.924979486431037,98.35141641575123,0.49066971869171416,0.0,0.08,0.1,3.2194410212773463
2002-04-14 06:00:00,2002,4,14,6,1018764000,29.0367244038486,6.316744836365407,98.07976684279824,0.9497453480397686,0.0,0.08,0.1,3.203253036277811
2002-04-14 12:00:00,2002,4,14,12,1018785600,33.60598342336908,5.654140638368675,97.94449141491658,20.27602340923646,0.0,0.08,0.1,6.25894357994646
2002-04-14 18:00:00,2002,4,14,18,1018807200,28.191708891313105,5.2499330834188545,97.83421200418441,0.6120989856821162,0.0,0.08,0.1,3.0098382791939597
2002-04-15 00:00:00,2002,4,15,0,1018828800,23.647874603251648,6.546033757547643,98.42036724559208,0.8917208757399636,0.0,0.08,0.1,3.01379758675827
2002-04-15 06:00:00,2002,4,15,6,1018850400,26.938835663237974,5.279920023316434,98.14868691340644,0.630073929696232,0.0,0.09241385524604993,0.1,3.1135497270722188
2002-04-15 12:00:00,2002,4,15,12,1018872000,32.51340496343723,5.76863211319195,98.56981871650893,20.389327782669753,9.171070309051984,0.16324568681250617,0.1,6.107756900074543
2002-04-15 18:00:00,2002,4,15,18,1018893600,30.32419062681554,7.579519979289224,97.8354451437642,0.9908391271758816,0.0,0.08,0.1,3.7573072753451684
2002-04-16 00:00:00,2002,4,16,0,1018915200,26.764371136945083,5.159471575062118,98.37696542882856,0.18741360144053365,0.0,0.11568610902413345,0.1,2.9237580671416468
2002-04-16 06:00:00,2002,4,16,6,1018936800,29.545053488173014,5.1591135151935115,98.23607543228427,0.523256014895508,0.0,0.08,0.1,3.3606309862493307
2002-04-16 12:00:00,2002,4,16,12,1018958400,33.4082721027825,5.33308887968559,98.06474467653523,20.902209852717245,0.0,0.08,0.1,5.518199937439381
2002-04-16 18:00:00,2002,4,16,18,1018980000,24.35547501150567,6.1560728964622085,98.08651502553201,0.0006488695772267825,0.0,0.08337567194994751,0.1,2.9043875515436564
2002-04-17 00:00:00,2002,4,17,0,1019001600,27.141628659386214,5.380179854624694,98.26306652507053,0.702043252142437,0.0,0.08,0.1,3.339041682610517
2002-04-17 06:00:00,2002,4,17,6,1019023200,27.57805095084676,5.99455121730865,98.22273082674698,0.2664988967059386,0.0,0.10672154077156326,0.1,3.185076957662891
2002-04-17 12:00:00,2002,4,17,12,1019044800,32.377670174432325,5.48447271885843,97.96469389879208,20.352982882472197,0.0,0.08373223622369926,0.1,5.934177083089973
2002-04-17 18:00:00,2002,4,17,18,1019066400,29.13965790743669,6.003771085892444,98.38686761559246,0.27419446336829395,0.0,0.11192101085347472,0.1,3.703141247061559
2002-04-18 00:00:00,2002,4,18,0,1019088000,24.64491330275833,5.425906443304765,98.57715962688592,0.9668164258397841,0.0,0.08,0.1,3.1403836245282624
2002-04-18 06:00:00,2002,4,18,6,1019109600,29.72394683688763,10.807039691550987,98.14246972054256,0.8919352592396855,0.0,0.09704743443426596,0.1,3.218305852039173
2002-04-18 12:00:00,2002,4,18,12,1019131200,33.42598982459402,5.9561087586676695,98.39014227560729,20.474115476125228,0.0,0.08,0.1,5.889880560902063
2002-04-18 18:00:00,2002,4,18,18,1019152800,30.33197215276973,6.97985567760622,98.16782010244546,0.11702677311844704,0.0,0.08,0.1,3.3022656637920713
2002-04-19 00:00:00,2002,4,19,0,1019174400,24.047221802142698,6.739215988341862,98.92225614793432,0.3641526045144676,0.0,0.08,0.1,2.9369083075906253
2002-04-19 06:00:00,2002,4,19,6,1019196000,29.08443749857208,5.942184447793495,98.20334499271088,0.5923364801000734,0.0,0.10144432482480573,0.1,3.3379607593207665
2002-04-19 12:00:00,2002,4,19,12,1019217600,34.4118003607747,5.339932512305159,98.40960870141323,21.203940714371132,0.0,0.08989707967316943,0.1,6.069269540533522
2002-04-19 18:00:00,2002,4,19,18,1019239200,28.8144991806991,6.002746749864244,98.54935945133992,0.9660901250400802,0.0,0.08,0.1,3.1734086645710344
2002-04-20 00:00:00,2002,4,20,0,1019260800,23.068770002913755,6.63625520946678,97.99055444149465,0.7511533681730987,5.956241404192623,0.1572691250730462,0.1,2.858689925268493
2002-04-20 06:00:00,2002,4,20,6,1019282400,28.16669138092782,5.846597347479244,98.39460743892758,0.5990072127016558,0.0,0.08,0.1,2.985762815749263
2002-04-20 12:00:00,2002,4,20,12,1019304000,33.292477552325764,5.0507568339619295,98.44151982304741,20.554870734937108,0.0,0.08980485263860599,0.1,6.159866265810912
2002-04-20 18:00:00,2002,4,20,18,1019325600,30.63432094748803,4.949762709413864,98.31176815081392,0.07402837637331355,0.0,0.08184680634547842,0.1,3.0748589425477935
2002-04-21 00:00:00,2002,4,21,0,1019347200,25.66804557391387,5.510112166877326,98.39549280654214,0.5960268785292011,0.0,0.08,0.1,2.8100195756326594
2002-04-21 06:00:00,2002,4,21,6,1019368800,29.666232989759425,5.158315325086964,97.97209407472477,0.5390641057669271,0.0,0.08,0.1,2.974304517644653
2002-04-21 12:00:00,2002,4,21,12,1019390400,34.74071382452274,8.46387137565646,98.8107190622782,21.333654552270005,0.0,0.08225718005153375,0.1,6.418343771106368
2002-04-21 18:00:00,2002,4,21,18,1019412000,31.820675861255207,5.20421426419067,97.44700213514935,0.32260585085510635,0.0,0.08,0.1,3.606600355059088
2002-04-22 00:00:00,2002,4,22,0,1019433600,25.958637087897515,5.657334909254532,97.89798998307921,0.03969085734981015,0.0,0.08,0.1,3.1669157522486238
2002-04-22 06:00:00,2002,4,22,6,1019455200,32.53465292919837,6.772917980754722,97.74903923692924,0.4237082690910332,0.0,0.09707671991467694,0.1,3.5527166889736876
2002-04-22 12:00:00,2002,4,22,12,1019476800,34.321357667867225,7.439843967436989,98.66722233133436,21.531039364579858,0.0,0.08,0.1,6.258505805492819
2002-04-22 18:00:00,2002,4,22,18,1019498400,28.439891368199973,5.879629510007865,98.11106394986176,0.7955749049365256,0.0,0.08,0.1,3.240395016573408
2002-04-23 00:00:00,2002,4,23,0,1019520000,26.799397869401687,5.195839979978726,97.850876774518,0.03377217364227314,0.0,0.08281036264262913,0.1,2.905326556598407
2002-04-23 06:00:00,2002,4,23,6,1019541600,30.273192283866038,5.369992643158529,97.95259931037454,0.8746789038981754,0.0,0.08,0.1,3.4312789646721717
2002-04-23 12:00:00,2002,4,23,12,1019563200,34.0997840217224,5.7105112214851985,97.67680941452633,21.10707803283318,0.0,0.08153064155185061,0.1,6.348772977118872
2002-04-23 18:00:00,2002,4,23,18,1019584800,31.037239334410962,5.576323959256796,98.322500964427,0.36476803181795836,0.0,0.08150756127803707,0.1,3.58074189948704
2002-04-24 00:00:00,2002,4,24,0,1019606400,24.361957941711943,5.529550712161632,98.33671668667698,0.34673954080279157,0.0,0.08,0.1,2.8035066628749465
2002-04-24 06:00:00,2002,4,24,6,1019628000,31.452976424707476,5.098528804312847,98.20937441138274,0.5951442530388644,0.33032877909653996,0.08040068149779901,0.1,3.3072662367801833
2002-04-24 12:00:00,2002,4,24,12,1019649600,36.14841001177791,8.554565559770834,97.9035299098985,21.23873852172067,0.0,0.10586888683678264,0.1,6.311267370487162
2002-04-24 18:00:00,2002,4,24,18,1019671200,30.080537318792032,4.931748559901623,98.57614207625222,0.6566272441682656,0.0,0.1021830564854465,0.1,3.0431179439760614
2002-04-25 00:00:00,2002,4,25,0,1019692800,23.003615697274686,5.746108881646523,98.33701617646973,0.5736414650400466,0.0,0.08035071206602114,0.1,2.8767533346516627
2002-04-25 06:00:00,2002,4,25,6,1019714400,29.148868380720593,10.768717782297184,97.57906276568195,0.14394457484171852,0.0,0.09912438633104323,0.1,3.5339545073225995
2002-04-25 12:00:00,2002,4,25,12,1019736000,37.81114552664753,6.493372508367587,98.04431572958089,21.03732319204354,0.0,0.08928174185569984,0.1,6.482854458193431
2002-04-25 18:00:00,2002,4,25,18,1019757600,33.1518306659084,5.535088218463817,97.75540643640062,0.8410295721018367,0.0,0.08082618131261808,0.1,4.092357625638984
2002-04-26 00:00:00,2002,4,26,0,1019779200,29.536284906755355,5.102814483989569,98.52829354704356,0.6632585146956299,0.0,0.11470991644470255,0.1,3.723928708615885
2002-04-26 06:00:00,2002,4,26,6,1019800800,31.246975537741086,9.846962727707059,97.95219953642649,0.4484006254147411,0.0,0.08,0.1,3.624531532496574
2002-04-26 12:00:00,2002,4,26,12,1019822400,34.011266143507896,4.887034584196583,97.672946967103,21.0338128952928,12.667828034649816,0.22258568149843425,0.1,6.6713873667070605
2002-04-26 18:00:00,2002,4,26,18,1019844000,32.65491118451217,6.581576749771549,98.04286792340801,0.007691035977314464,0.0,0.08,0.1,3.290558970341528
2002-04-27 00:00:00,2002,4,27,0,1019865600,25.36156133630224,8.037148385897712,98.54805230386518,0.3118874031886181,0.0,0.09936064407266879,0.1,3.2447705874891444
2002-04-27 06:00:00,2002,4,27,6,1019887200,29.73432932783364,4.893257343304095,98.3304512333361,0.054846956926668744,0.0,0.08,0.10068869200954277,3.2475175947463253
2002-04-27 12:00:00,2002,4,27,12,1019908800,36.259929535919554,6.792464082966433,97.91470931185046,21.403775001229295,0.0,0.08451623650117944,0.1,6.220408122282746
2002-04-27 18:00:00,2002,4,27,18,1019930400,33.60320706314005,14.991144475010028,98.01890267539108,0.821801452758211,0.0,0.08632740943338257,0.1,4.181655971240699
2002-04-28 00:00:00,2002,4,28,0,1019952000,25.709851311919792,6.374746832382747,98.35410850818758,0.2853986613822973,0.0,0.08,0.1,3.1882300643942623
2002-04-28 06:00:00,2002,4,28,6,1019973600,30.89331733540153,5.647151098879148,98.47401777799382,0.8477541615550496,0.0,0.08,0.1,3.839087942550406
2002-04-28 12:00:00,2002,4,28,12,1019995200,33.56959291284684,7.955747064587422,97.59039985873245,21.69546896811617,0.0,0.11114370393970077,0.1,6.078839790809312
2002-04-28 18:00:00,2002,4,28,18,1020016800,31.029443715945117,6.0555163944322015,98.10170132228174,0.12526232935486795,0.0,0.09663318368771034,0.1,3.207796729950416
2002-04-29 00:00:00,2002,4,29,0,1020038400,26.974595564914303,6.908176352606574,97.93380698347937,0.6445618912695833,0.0,0.12611580533914749,0.1,3.315226819304347
2002-04-29 06:00:00,2002,4,29,6,1020060000,30.844907372323814,6.161379452694472,97.89399545107469,0.1516798073055432,0.0,0.08,0.1,3.4099185748588425
2002-04-29 12:00:00,2002,4,29,12,1020081600,35.95613026999667,4.890651181519423,98.44287543878393,21.71422292661854,0.0,0.11397252534772612,0.1,6.768832642655088
2002-04-29 18:00:00,2002,4,29,18,1020103200,31.314080301390064,5.191652898716059,97.63377310974079,0.1427144847281087,0.0,0.10616237560762717,0.1,3.7021653251659763
2002-04-30 00:00:00,2002,4,30,0,1020124800,24.509692580386655,4.943076160811978,98.26655516636032,0.392511366015566,0.0,0.12266181694564444,0.1,2.580938085738116
2002-04-30 06:00:00,2002,4,30,6,1020146400,27.666876298218224,4.989246969508692,97.34042140389901,0.5665942702381936,0.0,0.09721991838874708,0.1,3.085120436805198
2002-04-30 12:00:00,2002,4,30,12,1020168000,35.928526131974685,4.843306392739556,97.80750925577662,21.177427036350174,0.0,0.10166431642397024,0.1,6.010648952974821
2002-04-30 18:00:00,2002,4,30,18,1020189600,30.74503084982845,5.640124975750186,98.03517427397037,0.15330834485452996,0.0,0.081821712522051,0.1,3.0762589754248486
2002-05-01 00:00:00,2002,5,1,0,1020211200,27.044039400219205,5.102771384569377,97.6166107937774,0.32040882505224644,0.0,0.09639758781243749,0.1,3.2094343695403693
2002-05-01 06:00:00,2002,5,1,6,1020232800,34.7846918865809,7.711314528802188,98.67110858460224,0.46232008577186134,0.0,0.09198246763780397,0.1,3.8697608672131603
2002-05-01 12:00:00,2002,5,1,12,1020254400,38.133072141354376,6.887226261898277,97.79479019130247,22.05223440417907,0.0,0.08,0.1,6.943232631189425
2002-05-01 18:00:00,2002,5,1,18,1020276000,28.10354227925433,6.084638267239329,97.77066521608674,0.18727308835398476,0.0,0.10453283636040592,0.1,2.961551968487096
2002-05-02 00:00:00,2002,5,2,0,1020297600,30.074252005279984,5.801854384135541,97.78696757160142,0.34747095050252563,0.0,0.1231002915554445,0.1,3.4750611095130792
2002-05-02 06:00:00,2002,5,2,6,1020319200,32.289089844879214,5.238019744126889,98.17013389763359,0.4757762362801806,0.0,0.1278601526548281,0.1,3.5554018127904277
2002-05-02 12:00:00,2002,5,2,12,1020340800,35.89605869989072,5.761110054141319,98.2672562762197,21.55527353538293,13.319284950865551,0.22124242289321047,0.1,7.196082231171575
2002-05-02 18:00:00,2002,5,2,18,1020362400,33.50766001032412,6.332320811002051,97.86357401556633,0.6257477787208734,0.0,0.10353362029601135,0.1,3.5568728544080126
2002-05-03 00:00:00,2002,5,3,0,1020384000,22.565861743582076,7.067949132177786,98.07525123484746,0.2566024347759701,0.0,0.10403522425798412,0.1,2.898868545568092
2002-05-03 06:00:00,2002,5,3,6,1020405600,30.578753090654665,4.909300677530553,98.09860194541143,0.7723504211132434,0.0,0.13621962668525472,0.1,3.301074291308833
2002-05-03 12:00:00,2002,5,3,12,1020427200,36.691171376136786,6.6303744708484,97.54787062072764,21.829431084672613,0.0,0.14245353454703708,0.1,6.995708244487144
2002-05-03 18:00:00,2002,5,3,18,1020448800,31.496532805021708,6.817926278946876,97.94452731139737,0.08630488346111281,11.145099092102749,0.19208106450739745,0.1,4.2567321642270315
2002-05-04 00:00:00,2002,5,4,0,1020470400,28.767538829931848,5.9958446396352425,97.77646086186063,0.6269988952319576,0.0,0.11893593283868527,0.11128715566742065,3.2909484100236783
2002-05-04 06:00:00,2002,5,4,6,1020492000,33.267157690660355,5.129680591686595,97.49864349540664,0.5692435037987573,0.0,0.11982870639330383,0.12830490240542963,3.6227794411396688
2002-05-04 12:00:00,2002,5,4,12,1020513600,37.519607590863735,5.930010170374686,98.02959921759512,21.726671299440117,0.0,0.10519618870368384,0.1,6.6288190919529075
2002-05-04 18:00:00,2002,5,4,18,1020535200,31.080976356608943,5.815731030954755,98.27007670494135,0.011157078389023977,0.0,0.0839478465343306,0.1,3.2008367800854476
2002-05-05 00:00:00,2002,5,5,0,1020556800,28.037665269973328,5.7224539638447505,97.96431900442016,0.20070154217437253,0.0,0.1258055917847696,0.1,3.535747935089199
2002-05-05 06:00:00,2002,5,5,6,1020578400,30.698569780515093,5.6799460252805485,97.17965376931294,0.40570952888235257,0.0,0.13602187756089318,0.12079547154784578,3.7258929099750193
2002-05-05 12:00:00,2002,5,5,12,1020600000,37.75414718907339,4.930080993108252,97.81407861385621,21.650780975008157,0.0,0.10075741026273892,0.1,6.771374688498589
2002-05-05 18:00:00,2002,5,5,18,1020621600,30.50220021799406,5.056865112075732,97.6830828575713,0.5774911209396805,0.0,0.13562481120080952,0.1,3.338639682487658
2002-05-06 00:00:00,2002,5,6,0,1020643200,27.13454386301109,4.893132129840499,98.47077218205051,0.7123248939262568,0.0,0.11427976368125518,0.1,2.932869814876594
2002-05-06 06:00:00,2002,5,6,6,1020664800,29.50952555052831,5.1560850055183876,97.83510528494581,0.8560176567508356,0.0,0.14263783146296194,0.1,3.614913370894056
2002-05-06 12:00:00,2002,5,6,12,1020686400,38.24653118344567,5.1982530777694285,97.45269600609231,22.15961998952953,0.0,0.14259791799044172,0.1,7.137122005611269
2002-05-06 18:00:00,2002,5,6,18,1020708000,31.026391999198584,5.161238318456136,97.9231050028519,0.6890092212548153,0.0,0.11372795619013724,0.1,3.3406132953622887
2002-05-07 00:00:00,2002,5,7,0,1020729600,24.735590297410845,5.080155669076366,98.11335708195037,0.6084418652305245,0.0,0.12505900026682332,0.1,3.1483167242784016
2002-05-07 06:00:00,2002,5,7,6,1020751200,30.34366826502355,6.719236097730851,97.95238628425943,0.9854860576127037,0.0,0.10266340096703072,0.1,3.4098517266359365
2002-05-07 12:00:00,2002,5,7,12,1020772800,36.32946481612328,7.285097105031946,97.68191241682909,21.83436749929471,0.0,0.08424125077257558,0.1,6.689432828434824
2002-05-07 18:00:00,2002,5,7,18,1020794400,30.420837453660972,5.3190654456821225,97.78511098164032,0.266258680512761,0.0,0.1217263585100296,0.1,3.2916424174754746
2002-05-08 00:00:00,2002,5,8,0,1020816000,27.963587341022937,5.255763278897592,98.13840275214407,0.12633364142185965,0.0,0.0899085345966984,0.1,3.1796770523044704
2002-05-08 06:00:00,2002,5,8,6,1020837600,31.466733100412142,7.496879914649155,97.93908393513854,0.48568432586953236,0.0,0.16109590941762963,0.1,4.068977168085715
2002-05-08 12:00:00,2002,5,8,12,1020859200,38.28579172074953,6.176665569806585,98.51627008749075,21.72919932747375,0.0,0.14200409634761801,0.1,6.528354228210223
2002-05-08 18:00:00,2002,5,8,18,1020880800,31.45898039130851,5.230737095236806,97.93815758007845,0.2701465968981064,0.0,0.11620286765602168,0.1,3.6459364748610823
2002-05-09 00:00:00,2002,5,9,0,1020902400,28.051395245170987,6.569887444462898,97.4365409509082,0.48268092877139157,0.0,0.17511191607054688,0.1,3.509462143019824
2002-05-09 06:00:00,2002,5,9,6,1020924000,31.98925378850211,5.328022154774325,97.83503741591538,0.9575956159300173,0.0,0.10915929745573263,0.1,3.7965655272942787
2002-05-09 12:00:00,2002,5,9,12,1020945600,36.58671194166188,6.019122700912737,97.72595059290407,22.6554447638557,0.0,0.11391715818586244,0.1,6.726008911774891
2002-05-09 18:00:00,2002,5,9,18,1020967200,30.41482970703959,12.060601093791313,97.42922809780465,0.7437402341365584,0.0,0.11367537295830923,0.10350141532328971,3.755385969493113
2002-05-10 00:00:00,2002,5,10,0,1020988800,27.168224830542822,5.216907613630259,97.9204853340186,0.3892501615756849,0.0,0.12302621647153023,0.1,3.2043667761015495
2002-05-10 06:00:00,2002,5,10,6,1021010400,33.1695404568715,8.678678843597478,97.75589725586585,0.8651612733765461,0.0,0.11810543657812922,0.11562597498635087,3.585316603324409
2002-05-10 12:00:00,2002,5,10,12,1021032000,36.03517791078822,5.2584083438188065,97.92615935626243,22.624587807930485,0.0,0.13343726551017554,0.1,6.818434787858731
2002-05-10 18:00:00,2002,5,10,18,1021053600,32.0477408573734,5.844203163907235,98.43035980889339,0.910197380796555,0.0,0.10433061262273675,0.1289928805732375,4.085020660407456
2002-05-11 00:00:00,2002,5,11,0,1021075200,26.327952448237752,5.5865602429705845,97.82910587331654,0.640025048215213,0.0,0.12941202415084752,0.1,3.121316334757889
2002-05-11 06:00:00,2002,5,11,6,1021096800,35.05964454138041,6.9552163214340235,98.17525747029497,0.20179279560788044,0.0,0.11600305218363054,0.1,3.8831913060561347
2002-05-11 12:00:00,2002,5,11,12,1021118400,37.62330725810784,4.756883851260912,97.8104149498909,21.896602066074554,0.0,0.12810718491489215,0.1,6.9522133784531555
2002-05-11 18:00:00,2002,5,11,18,1021140000,32.290234424944764,6.1420832711292315,97.99253129623584,0.9147755040401326,2.0985007680035666,0.12618038898427136,0.1,3.3959350146279874
2002-05-12 00:00:00,2002,5,12,0,1021161600,26.513737054022286,6.7906816574376325,97.89058659379933,0.05554610812160299,0.0,0.1121177703559664,0.1,3.2665004184451556
2002-05-12 06:00:00,2002,5,12,6,1021183200,33.56825206040992,5.604232978164966,97.9348799956497,0.29589005943799485,0.0,0.1719116691357095,0.14105891910742177,4.376214102253593
2002-05-12 12:00:00,2002,5,12,12,1021204800,37.24134891356069,4.812720742447595,97.8151807841445,22.34774468953356,0.0,0.11098418229784227,0.1,6.4696435494216615
2002-05-12 18:00:00,2002,5,12,18,1021226400,32.14500528075073,5.067001873373129,98.28976049531717,0.02197669287347849,0.0,0.13987752875603257,0.11607929823313817,3.5688985114547638
2002-05-13 00:00:00,2002,5,13,0,1021248000,27.21763301655025,6.336616686583679,98.03117194139102,0.9069122586782439,0.0,0.12123264654315627,0.13884123161372897,3.7007976648899303
2002-05-13 06:00:00,2002,5,13,6,1021269600,30.668599485981648,8.015954049097795,97.87629790206677,0.28712099487223497,0.0,0.11162200279982733,0.13691024767859222,3.4592585506719917
2002-05-13 12:00:00,2002,5,13,12,1021291200,39.571323153880314,5.450256974729822,98.11416776736097,21.943405317305892,0.0,0.13325090622484315,0.1,7.0268193725987835
2002-05-13 18:00:00,2002,5,13,18,1021312800,33.706976326497944,5.861876392547787,97.88016689398724,0.9935899972265211,0.0,0.11459068314252464,0.16059235642447894,4.043827421189664
2002-05-14 00:00:00,2002,5,14,0,1021334400,27.424268513168304,5.000737424691639,98.1637469348456,0.3113931808175153,0.0,0.14489475608126526,0.1,3.5379921806799355
2002-05-14 06:00:00,2002,5,14,6,1021356000,32.256234709956516,5.408919780089883,97.47482007197942,0.8767649074853728,0.0,0.1320399130258622,0.140834805674753,3.8109039339114177
2002-05-14 12:00:00,2002,5,14,12,1021377600,36.088497450088695,5.227827976802791,98.46822217220746,22.42133249868162,0.0,0.1612563446973818,0.1,7.041214040190819
2002-05-14 18:00:00,2002,5,14,18,1021399200,30.196861871361,6.210436042543979,97.88043231664959,0.6631259010550017,0.0,0.10842271246658747,0.1267210768903364,3.479348064753553
2002-05-15 00:00:00,2002,5,15,0,1021420800,26.17088745360695,10.864087233576324,97.47371343523815,0.24109014953735475,0.0,0.14262719758249257,0.1,3.191605816666206
2002-05-15 06:00:00,2002,5,15,6,1021442400,34.20775557671235,7.1117424082559735,98.04079472472048,0.502875326977022,0.0,0.14451197781493919,0.12375166478190419,3.7317973906486968
2002-05-15 12:00:00,2002,5,15,12,1021464000,36.91226533961582,4.914431734267383,98.20416846735175,22.277291001589134,0.0,0.11717363714394645,0.1,6.372335675527175
2002-05-15 18:00:00,2002,5,15,18,1021485600,34.1158960595437,5.887319272532453,97.5086144911256,0.9510838812651062,0.0,0.12382482734670358,0.1,4.0183260163436065
2002-05-16 00:00:00,2002,5,16,0,1021507200,27.52681014458893,4.679594989864591,97.66208298836825,0.06094541241624629,0.0,0.11121055909501873,0.1,2.98806410184428
2002-05-16 06:00:00,2002,5,16,6,1021528800,31.269192222026433,5.0018821038310515,98.10810712871331,0.2746739275048474,0.0,0.10847875981415647,0.12447089300196229,3.525903319736968
2002-05-16 12:00:00,2002,5,16,12,1021550400,36.470804526310964,4.8600229499423175,97.97299120406612,22.963339344090965,0.0,0.13730802317442145,0.12436618170633594,6.794581444497416
2002-05-16 18:00:00,2002,5,16,18,1021572000,32.94171179928321,5.189698769048085,97.67159445925435,0.4800359575072865,0.0,0.15581649725371888,0.12423741927008213,3.731341205489274
2002-05-17 00:00:00,2002,5,17,0,1021593600,25.22012648245067,6.261977597206167,97.71662015276665,0.60008411190417,0.0,0.13962494634126976,0.12058470619116954,3.293944126052458
2002-05-17 06:00:00,2002,5,17,6,1021615200,31.498811557435808,5.596277240051874,97.41623727704327,0.6516933714956425,0.0,0.1404607253122382,0.1,3.8779565670642233
2002-05-17 12:00:00,2002,5,17,12,1021636800,36.96894990212987,8.610939282605074,97.49502774655127,22.190542540561335,0.0,0.11629052444226548,0.1,6.773240481593761
2002-05-17 18:00:00,2002,5,17,18,1021658400,33.88018796102694,4.917187333149785,97.28950497172919,0.01773874090858778,0.0,0.10022472354108905,0.1,3.7929939849545358
2002-05-18 00:00:00,2002,5,18,0,1021680000,28.149361575363873,5.219250264383036,97.67482325121318,0.9378410517113066,0.0,0.15167779507790863,0.1,3.40672967134776
2002-05-18 06:00:00,2002,5,18,6,1021701600,33.00604516756646,5.140308174575102,97.98261543109733,0.27150284529688073,0.0,0.1316229894570867,0.15481878646952815,3.896730892174519
2002-05-18 12:00:00,2002,5,18,12,1021723200,38.4200177016605,4.9436316617537335,97.69939378236928,22.54809196962838,0.0,0.10881867136330022,0.1,6.731257896325048
2002-05-18 18:00:00,2002,5,18,18,1021744800,34.276122341434835,12.019736672928925,98.11430156273931,0.6820931707235522,0.0,0.13395600745959937,0.1,4.425508709410935
2002-05-19 00:00:00,2002,5,19,0,1021766400,27.87438875203266,5.255797635994454,97.5737353776539,0.23630387707272127,0.0,0.15240482487743726,0.1,3.46564674721254
2002-05-19 06:00:00,2002,5,19,6,1021788000,31.24711401148723,8.754054980098138,97.32020521770426,0.7330713701675182,0.0,0.15546953343447797,0.1,3.7689167792320313
2002-05-19 12:00:00,2002,5,19,12,1021809600,38.08037476653164,5.263769328987291,98.11395915869248,22.672949868937184,0.0,0.1513958206244701,0.1321192286682516,7.063825762143064
2002-05-19 18:00:00,2002,5,19,18,1021831200,31.537946836011958,4.863567025317727,97.87767286583811,0.8566098052873938,0.0,0.1335073686536887,0.106902156129415,3.4790357702243453
2002-05-20 00:00:00,2002,5,20,0,1021852800,24.76650711046904,4.692493617854952,98.12412500131686,0.2785406357654824,0.0,0.16188864299463804,0.12268471765707324,3.2844157037001693
2002-05-20 06:00:00,2002,5,20,6,1021874400,33.15351178167783,7.4044655814659865,97.65490686889396,0.20382248046329854,0.0,0.14959133541239636,0.1241026944548674,3.9494661401670808
2002-05-20 12:00:00,2002,5,20,12,1021896000,38.645205194895134,4.551031893914523,98.23303857181932,23.092075959381418,0.0,0.13247515620115163,0.13625863600595375,6.990753963749549
2002-05-20 18:00:00,2002,5,20,18,1021917600,33.39040911575628,9.504982255923423,97.43289017083066,0.3263260649928364,8.070339291625826,0.20836121307737984,0.13063686123212911,4.337669345788672
2002-05-21 00:00:00,2002,5,21,0,1021939200,28.697656465189322,5.2951546775428655,97.65832971695158,0.411868646000505,0.0,0.15650786705263664,0.1677975869973327,3.5337406265367566
2002-05-21 06:00:00,2002,5,21,6,1021960800,34.61167155964398,4.909015517305754,97.86680691650062,0.793707832687993,0.0,0.1699613687456475,0.11224634746259196,3.9235321063961153
2002-05-21 12:00:00,2002,5,21,12,1021982400,36.48604560054857,5.924063243046274,97.60375212636544,22.940381616819547,0.0,0.1644553851145613,0.1145198356956674,7.128175061747505
2002-05-21 18:00:00,2002,5,21,18,1022004000,32.3576451038946,4.696658463513539,97.81276983217683,0.4417258904322718,0.0,0.15584644846398016,0.12961580632579628,4.200312861737308
2002-05-22 00:00:00,2002,5,22,0,1022025600,26.076494394955052,4.575402709707164,98.10765440969182,0.249890508904558,0.0,0.16783098157045484,0.13483454294126818,3.4074470131524826
2002-05-22 06:00:00,2002,5,22,6,1022047200,33.681147106081944,7.101585089137901,97.84634950933511,0.7642009688517643,12.231218407857718,0.32490421690484006,0.1,4.697247704643671
2002-05-22 12:00:00,2002,5,22,12,1022068800,39.850353314184005,5.2923013241084735,97.67983477880303,22.52837798122311,0.0,0.16091994871135976,0.1,6.804142954644702
2002-05-22 18:00:00,2002,5,22,18,1022090400,32.19042045893375,5.558592322029539,98.10123158438114,0.9282796005864309,0.0,0.15831172453048525,0.13280980802424586,3.577967050125626
2002-05-23 00:00:00,2002,5,23,0,1022112000,29.155999372662528,4.7347888873533694,97.87613885703286,0.15031606912299722,7.084966985040794,0.2394847187314693,0.18341959092819132,3.68217274001656
2002-05-23 06:00:00,2002,5,23,6,1022133600,31.918508837050204,4.538231781608292,97.72000645674213,0.8049336919472961,0.0,0.17274926155069847,0.1863883178963744,4.140081194144777
2002-05-23 12:00:00,2002,5,23,12,1022155200,39.04076830539098,5.130911812497193,97.69844308247076,22.814049290232575,0.0,0.13102525200629414,0.10832942903874312,6.557332322379148
2002-05-23 18:00:00,2002,5,23,18,1022176800,29.721760034030517,5.501418016509922,97.61210430390211,0.1860062329335148,0.0,0.1612853961893676,0.12893056429375224,3.7742747695188252
2002-05-24 00:00:00,2002,5,24,0,1022198400,30.419810609186147,6.597932718927426,97.96462179363333,0.4023789382367712,0.0,0.1803977364721683,0.15159556835410337,3.6928835759498977
2002-05-24 06:00:00,2002,5,24,6,1022220000,31.500440275260136,5.465806996269161,97.97588524902693,0.22155181619993358,0.0,0.1952332243615397,0.1558374169692714,4.022360687906238
2002-05-24 12:00:00,2002,5,24,12,1022241600,38.38926553363704,6.711309941239703,98.09129025645137,22.566346758506537,0.0,0.1607241181807126,0.11751178486579067,6.969812751019697
2002-05-24 18:00:00,2002,5,24,18,1022263200,35.24305759957967,4.606912055189427,97.84076483306602,0.23915539893056123,0.0,0.15123492121289264,0.19779446294073927,3.96578667156073
2002-05-25 00:00:00,2002,5,25,0,1022284800,26.44501066947034,4.501586139594641,97.53793393422461,0.8673984725382526,0.0,0.16619409419972242,0.13454659104317757,3.1690192408882796
2002-05-25 06:00:00,2002,5,25,6,1022306400,35.83636786496229,4.661933560750155,97.80044692911562,0.10594238747982421,8.486174129884734,0.23487813514127345,0.16272115964288875,4.1144028941659565
2002-05-25 12:00:00,2002,5,25,12,1022328000,41.35167855022029,6.620130354163423,97.53252753484604,23.442132570364176,0.0,0.19428046810231403,0.14177648552021366,7.36735027669864
2002-05-25 18:00:00,2002,5,25,18,1022349600,34.23052227724029,6.538930401220252,97.74984428198933,0.00499845368767957,0.0,0.17251210037398984,0.14192383425295063,4.555632248649122
2002-05-26 00:00:00,2002,5,26,0,1022371200,28.281325717778927,4.610299817793406,98.11392449733455,0.6582381543912431,0.0,0.16441362553514238,0.17934871746837275,3.9388472384138478
2002-05-26 06:00:00,2002,5,26,6,1022392800,32.97890380496034,4.4288963222910205,98.04535912905419,0.856511984838086,0.0,0.18773676714117143,0.18619701267555247,4.215350927140917
2002-05-26 12:00:00,2002,5,26,12,1022414400,39.11747124999471,6.115794993240007,97.96258044825329,23.441466068786184,0.0,0.14239686174227548,0.17706990168147385,7.187145514180325
2002-05-26 18:00:00,2002,5,26,18,1022436000,34.37539646355542,7.281128018427751,97.68418811656282,0.1439855934567573,4.658907823650112,0.17061495061185833,0.13015248388508013,4.021882088481338
2002-05-27 00:00:00,2002,5,27,0,1022457600,25.293415620372752,6.4649508401560976,97.94976633169426,0.6982084964523401,0.0,0.17646543598691264,0.12133047597505338,3.461639488882521
2002-05-27 06:00:00,2002,5,27,6,1022479200,32.885776062604705,4.700631019763021,97.48876161975448,0.1073492161556473,0.0,0.1895107091002054,0.24150764918009493,4.126424099038292
2002-05-27 12:00:00,2002,5,27,12,1022500800,37.435956799910606,5.675426754279979,97.24245269768753,22.89669968057195,0.0,0.1651851248209209,0.17090737206283124,6.998749979787945
2002-05-27 18:00:00,2002,5,27,18,1022522400,32.21887725038293,6.484958390571881,97.76255164144537,0.7319263575069964,0.0,0.15444890315080304,0.13476230122147786,4.0416290466900575
2002-05-28 00:00:00,2002,5,28,0,1022544000,27.303202861729975,4.782609945853325,97.55861547599535,0.3459732261630669,0.0,0.15145575820491436,0.19507103429774714,3.356524044327951
2002-05-28 06:00:00,2002,5,28,6,1022565600,31.426597089651075,5.464661312247349,98.20648450241961,0.3133747282810678,0.0,0.1459023070656206,0.1396277157319996,3.261548375788525
2002-05-28 12:00:00,2002,5,28,12,1022587200,40.69257785797197,4.9057074227037445,98.16093837603582,22.695376060138845,0.0,0.18389525815338606,0.2258571685880431,7.4073718950784135
2002-05-28 18:00:00,2002,5,28,18,1022608800,32.48680500496079,4.7228363926694374,97.46453971898356,0.06643809432809077,0.0,0.1869509914985381,0.15457301112653726,4.2676897917064
2002-05-29 00:00:00,2002,5,29,0,1022630400,28.203073644208068,9.557303116497947,97.8701233471155,0.11527799128175709,0.0,0.1915081637299308,0.19773175331528836,3.6826478446856026
2002-05-29 06:00:00,2002,5,29,6,1022652000,32.95157634588513,7.973441079895798,97.06935256990502,0.8754747749452244,3.9671589159183673,0.21296330892571225,0.17061848050783987,4.170578210748364
2002-05-29 12:00:00,2002,5,29,12,1022673600,37.59719928875509,5.202847170404525,97.76352103268997,22.624396269583364,0.0,0.1500248904866422,0.12624160413635555,6.771238319808715
2002-05-29 18:00:00,2002,5,29,18,1022695200,34.0457923131038,4.538485832122413,97.75587746851447,0.6928658695352918,0.0,0.1588481447198063,0.14244683398841979,3.7056640632271614
2002-05-30 00:00:00,2002,5,30,0,1022716800,28.002371701954445,6.248513783436181,97.35455773760827,0.7686242298882978,6.228156527063847,0.2499483741737409,0.15415174643210142,4.330735676188144
2002-05-30 06:00:00,2002,5,30,6,1022738400,34.37875792201376,4.739063999234979,97.70198970975176,0.5678883041274289,0.0,0.1549478806249497,0.15663395175729883,4.086340004764559
2002-05-30 12:00:00,2002,5,30,12,1022760000,40.82577417678857,4.5729131642857155,97.37396536089393,23.37648241819902,4.494967635169956,0.21860688750171742,0.1828026070920215,7.27561728759753
2002-05-30 18:00:00,2002,5,30,18,1022781600,31.820438464226,5.016852579084289,97.9080308350581,0.6522696690251031,0.0,0.15534429712984915,0.10422418596403184,3.7310859862290973
2002-05-31 00:00:00,2002,5,31,0,1022803200,29.003073720725293,5.40614820706447,97.69932033193575,0.45555848909469265,0.0,0.16429755777340616,0.18827137460350368,3.7652483352259747
2002-05-31 06:00:00,2002,5,31,6,1022824800,33.95871453400362,4.427874298151119,98.0912756101886,0.3827104278762671,0.0,0.15519596622914933,0.1231697642460845,3.8644633449769272
2002-05-31 12:00:00,2002,5,31,12,1022846400,36.75576261870652,5.546153445646158,97.18418802425906,23.618171734970915,4.533046329348489,0.22389009355751052,0.19318122990769632,7.397356622906941
2002-05-31 18:00:00,2002,5,31,18,1022868000,34.48809577136742,4.297294657021194,97.3830258157081,0.9719379925704708,0.0,0.14897253153000017,0.15842669372230375,4.056650044082488
2002-06-01 00:00:00,2002,6,1,0,1022889600,28.171325146505033,7.588481296630292,97.48919132076814,0.6512714036250297,15.941429016081061,0.324972593584467,0.19179598632899333,4.552629026018479
2002-06-01 06:00:00,2002,6,1,6,1022911200,35.933715964263094,8.054427227037586,97.781842592938,0.19729883989847175,0.0,0.1977881353661735,0.14773863952916744,4.536274169591169
2002-06-01 12:00:00,2002,6,1,12,1022932800,40.06327309511108,6.233020307746288,97.71597840130444,23.154485750002024,0.0,0.20174209934993534,0.1688776358966967,7.225012218792229
2002-06-01 18:00:00,2002,6,1,18,1022954400,33.56401478460654,5.194445957165246,97.76224002590843,0.49653749008260983,0.0,0.19418139962217634,0.12636471014887266,4.109100829950119
2002-06-02 00:00:00,2002,6,2,0,1022976000,28.28385637234942,4.670756814890352,97.43144865999598,0.7579700524606616,0.0,0.21159657098956836,0.15573340532249397,3.8592071536935264
2002-06-02 06:00:00,2002,6,2,6,1022997600,36.207335545700865,6.27393273775829,97.05530554646681,0.6677771313223193,0.0,0.15689616558454197,0.23516268604839138,4.3838541872640056
2002-06-02 12:00:00,2002,6,2,12,1023019200,37.739489918713986,8.257313592480736,97.39821395445378,23.24975319480827,0.0,0.18146101650209517,0.2359548203802822,7.878923287733466
2002-06-02 18:00:00,2002,6,2,18,1023040800,34.005138796528165,4.488323039924271,98.04865157807284,0.6803645577871598,0.0,0.18479801320304481,0.15579415967109306,4.138517380852738
2002-06-03 00:00:00,2002,6,3,0,1023062400,28.55219057736988,5.1472784748059,97.43183523652952,0.02405684673377395,0.0,0.2248380859451448,0.1883716787595574,4.015500877796387
2002-06-03 06:00:00,2002,6,3,6,1023084000,35.4421741194099,4.774816957659243,97.67111039608794,0.7766353218843638,0.0,0.18105164439701316,0.2122783187541611,4.332410682800136
2002-06-03 12:00:00,2002,6,3,12,1023105600,40.5574422518164,4.868552856171609,97.63623400504302,22.97352011265893,2.0022761288593895,0.22184988485722854,0.20094281318484844,7.573772112585129
2002-06-03 18:00:00,2002,6,3,18,1023127200,34.46347318969508,4.987441662290888,97.67305120298259,0.6564091395611519,0.0,0.21967299783372604,0.18125133029228058,4.48555016277885
2002-06-04 00:00:00,2002,6,4,0,1023148800,27.897330674357054,8.73234066708752,97.20938323509266,0.11397325213700915,0.0,0.19090894825836086,0.1572695378706711,3.5619808719008073
2002-06-04 06:00:00,2002,6,4,6,1023170400,33.45429322609623,4.632757722552586,97.8553793664625,0.11446083592470147,0.0,0.178920546478542,0.23029309464676648,4.362131715110299
2002-06-04 12:00:00,2002,6,4,12,1023192000,36.84371245076056,5.201767703878222,97.58016553556712,22.8230835856119,0.0,0.18065196635620223,0.18874710160659752,6.894597562559088
2002-06-04 18:00:00,2002,6,4,18,1023213600,34.06237105569511,8.722759837479968,98.30305726192923,0.9102328101535145,0.0,0.15407438624655728,0.1546182484359595,4.449453631712771
2002-06-05 00:00:00,2002,6,5,0,1023235200,27.51604098503118,5.130336431036854,97.4903729126928,0.604558757691812,0.0,0.1816103846732367,0.208123474316934,3.723421996250043
2002-06-05 06:00:00,2002,6,5,6,1023256800,37.08416884356606,7.1490182194320955,97.89539329901473,0.3619619362291483,9.345381723142786,0.25582035358033905,0.19917200703612672,5.300974788500254
2002-06-05 12:00:00,2002,6,5,12,1023278400,37.90443759780797,4.251621471254063,97.48588603241183,23.599323128290052,0.0,0.20643809787809447,0.19422009532610332,7.584736271136905
2002-06-05 18:00:00,2002,6,5,18,1023300000,35.264603645990164,8.74816080873983,98.17802152530088,0.6260822006246682,0.0,0.1595505426245839,0.21327605630329202,4.7026811096247885
2002-06-06 00:00:00,2002,6,6,0,1023321600,31.053237069636765,4.449017060425835,97.8140211025385,0.6200805179129404,0.0,0.201117173923168,0.20863228547835946,4.1361526507509145
2002-06-06 06:00:00,2002,6,6,6,1023343200,35.00376670261511,10.000670519259451,97.20922127673575,0.4870427943630068,0.0,0.21602621496178254,0.24865686748915838,5.04644182405952
2002-06-06 12:00:00,2002,6,6,12,1023364800,38.000554610955724,4.427107561713765,98.01692417937274,22.8421658466946,0.0,0.20785164264451614,0.18762082497778682,7.454932565936922
2002-06-06 18:00:00,2002,6,6,18,1023386400,32.89337496994858,5.018968581325519,97.82738068654557,0.2584625064249426,0.0,0.18361199472502732,0.19189341135092938,3.740257939451482
2002-06-07 00:00:00,2002,6,7,0,1023408000,33.208977654853264,4.667620505422865,97.44746374314839,0.10907669460008296,15.422683288703478,0.3652419274939068,0.24374336146331904,4.799340257406419
2002-06-07 06:00:00,2002,6,7,6,1023429600,36.753722493512896,4.965740251198046,97.10367432978549,0.662409852352776,0.0,0.1959317229442487,0.29545633621277634,4.604382189890999
2002-06-07 12:00:00,2002,6,7,12,1023451200,39.248010826438126,4.546606894059476,97.94701899273828,23.10412108120175,0.0,0.18659194473413446,0.29076220604812225,7.4573869164206785
2002-06-07 18:00:00,2002,6,7,18,1023472800,33.28524536720294,9.156310213783582,98.10591496926469,0.45016666405120975,8.60784740004723,0.2745482327708983,0.2425533220135881,4.82785810397305
2002-06-08 00:00:00,2002,6,8,0,1023494400,27.517769452318642,4.637716095615311,97.91645136761036,0.3534302982898829,0.0,0.20704849020294575,0.2156967286878953,3.94646247124366
2002-06-08 06:00:00,2002,6,8,6,1023516000,32.89310586147614,5.679220015217027,97.84160944899965,0.14319873792536397,0.0,0.16705750095242092,0.21019215805380595,4.361269419277729
2002-06-08 12:00:00,2002,6,8,12,1023537600,39.88824922696093,4.31217429044256,97.74800033133224,23.833692894168692,0.0,0.18810914545914792,0.2146008658456273,7.676842015595362
2002-06-08 18:00:00,2002,6,8,18,1023559200,37.29215267668656,6.699598409286036,97.89843345439213,0.9334193116272187,0.0,0.20568522541710524,0.17397662927742277,4.936220090445461
2002-06-09 00:00:00,2002,6,9,0,1023580800,28.672253250964623,5.23955558372538,97.49548555658653,0.08460818603664055,23.50566980965369,0.425432016306514,0.2523552957105483,4.687262909316016
2002-06-09 06:00:00,2002,6,9,6,1023602400,35.64816656632197,9.893620600610458,97.02968100565153,0.8273653535279964,0.0,0.1747924255108443,0.27150753982197645,4.723012990291097
2002-06-09 12:00:00,2002,6,9,12,1023624000,40.19818292021432,4.892477455480236,97.80180137268641,23.382074082550947,0.0,0.18280190390780574,0.227815695421599,7.5150020825993655
2002-06-09 18:00:00,2002,6,9,18,1023645600,33.411731259495255,4.392766232041109,97.69185209680839,0.7737358845808541,11.83270992758844,0.32239780355391245,0.2946541097770365,4.8781747378587035
2002-06-10 00:00:00,2002,6,10,0,1023667200,30.37439906329754,4.679586064714551,97.14663159695131,0.15115713091376692,0.0,0.2127088303515742,0.3193379550124473,4.106732376334017
2002-06-10 06:00:00,2002,6,10,6,1023688800,35.42100031814061,6.0457763161618665,96.90985930121163,0.1322741377775437,0.0,0.22474301496307214,0.264108206490944,4.789116399482405
2002-06-10 12:00:00,2002,6,10,12,1023710400,40.25100387784256,5.656848439273512,97.59212228100175,23.80138553023521,0.0,0.2186670755999711,0.21744460244544134,7.63672722924246
2002-06-10 18:00:00,2002,6,10,18,1023732000,33.25687767249486,6.302536629128332,97.52108919213266,0.8978194918410636,5.877642875535191,0.27720962986346886,0.21180958457485102,4.883140224011842
2002-06-11 00:00:00,2002,6,11,0,1023753600,29.974460681452257,4.132882222853109,97.48962188752,0.4659121627536088,17.236838887537363,0.3393954543378209,0.26649965417377264,4.439856222156913
2002-06-11 06:00:00,2002,6,11,6,1023775200,35.682361620495094,5.320986953915795,97.7354918965984,0.870157797614898,0.0,0.22051858141830433,0.2748758616161026,4.967049533530734
2002-06-11 12:00:00,2002,6,11,12,1023796800,40.33243026854432,8.05451526916453,97.33807951346664,23.593559485283933,3.480732862522104,0.22992226108482433,0.2235721178935645,7.9821410982825824
2002-06-11 18:00:00,2002,6,11,18,1023818400,35.515520199733245,4.1896872640691125,97.76779947264757,0.18500974261099482,15.664276771383506,0.33327057267117716,0.2084912905528444,4.970263311861685
2002-06-12 00:00:00,2002,6,12,0,1023840000,28.614926243738523,4.142741849895176,97.76417186911254,0.3289542646821487,9.155026603587727,0.3105579802151883,0.19770961398243864,4.321086896159351
2002-06-12 06:00:00,2002,6,12,6,1023861600,35.5282797286158,5.885479751947303,96.7576336586116,0.1360606505086699,0.0,0.21142791479228162,0.2177218749522478,4.526630398602625
2002-06-12 12:00:00,2002,6,12,12,1023883200,40.85455751451384,4.562016975981378,97.53521382704322,23.714061997249424,2.1747408439208424,0.2472923302365189,0.23648516337042008,7.9097805476043135
2002-06-12 18:00:00,2002,6,12,18,1023904800,33.23408681064508,5.606072086172286,97.61584993586642,0.9852507246957525,0.0,0.19716088375171534,0.2817453435311368,4.49623624670934
2002-06-13 00:00:00,2002,6,13,0,1023926400,26.86167836971937,5.152115512817977,97.77470672744407,0.5463783265660116,11.89048606004669,0.3290139544023451,0.23763295052303257,4.442046245894976
2002-06-13 06:00:00,2002,6,13,6,1023948000,36.39115667380787,10.379866507161665,97.7149775133383,0.6558644141148927,0.0,0.1742068214742062,0.16278760770662398,4.723125231245811
2002-06-13 12:00:00,2002,6,13,12,1023969600,38.24398149015491,7.267760763003023,97.02500339391779,23.69875482879475,0.0,0.24944231996491079,0.23515788986737135,7.761918401420462
2002-06-13 18:00:00,2002,6,13,18,1023991200,32.823897779508854,5.66980524442531,97.57898107601656,0.2242591024304932,8.508380953422092,0.2685403548097385,0.24482017495186928,4.900172458301806
2002-06-14 00:00:00,2002,6,14,0,1024012800,29.272180237370463,4.400125227166635,97.46719343345669,0.3360012476334342,3.7355721428747097,0.2337289395853422,0.24997415519885285,4.088719006401254
2002-06-14 06:00:00,2002,6,14,6,1024034400,33.548780656513145,4.400599759800247,97.86749040986383,0.4123212113242347,0.0,0.19196387656876795,0.1831225550342513,4.038613628546916
2002-06-14 12:00:00,2002,6,14,12,1024056000,36.06439532756787,7.153777576473523,97.18544510737047,23.558331924434174,0.0,0.21671029629718913,0.250391890385119,7.532384199363601
2002-06-14 18:00:00,2002,6,14,18,1024077600,35.29147052225732,5.265517639941467,97.54426164435012,0.8504925781487784,0.0,0.19561730068649202,0.3002273984354861,4.568533199313499
2002-06-15 00:00:00,2002,6,15,0,1024099200,30.267533632558038,6.256196259783827,97.80146537835628,0.2542035445899061,0.0,0.2364806494451931,0.2524797602272008,4.43509612361935
2002-06-15 06:00:00,2002,6,15,6,1024120800,32.4203002673056,4.816731213834758,97.76819046090803,0.47088880072778894,0.0,0.22121238743999236,0.24622053539376743,4.363105270984378
2002-06-15 12:00:00,2002,6,15,12,1024142400,38.92916030303069,4.083518281451707,97.49374947813371,23.724888010762314,0.0,0.1851134314377328,0.2432998339466073,7.6609269138775975
2002-06-15 18:00:00,2002,6,15,18,1024164000,32.441529207991515,4.527088911673749,97.89399632487982,0.08738499950462712,0.0,0.23051383326511807,0.27106116531496577,4.41970867247737
2002-06-16 00:00:00,2002,6,16,0,1024185600,27.69045103599059,4.159081857498068,97.3160605929565,0.5128934583261785,0.0,0.2354726748655773,0.22662789403848976,3.9744738016674694
2002-06-16 06:00:00,2002,6,16,6,1024207200,33.075741244844515,6.179238658558516,97.75503469188038,0.14437970336572503,0.0,0.20266389718754008,0.23832266582249093,4.297195810773
2002-06-16 12:00:00,2002,6,16,12,1024228800,39.77146304547794,5.704019580799988,97.80484977740694,23.52063977140039,4.1341846256264,0.23568917987968077,0.3059902943725652,8.162492450817858
2002-06-16 18:00:00,2002,6,16,18,1024250400,36.995381309681505,4.034350474912319,97.12493544510147,0.7678227613154396,0.0,0.2252077963090798,0.2924594227253393,4.836810530021699
2002-06-17 00:00:00,2002,6,17,0,1024272000,28.3676043283139,5.327387982550905,97.92185602531985,0.23694741104493977,14.982232604304524,0.3825281123963111,0.26194071885123826,4.802080116326626
2002-06-17 06:00:00,2002,6,17,6,1024293600,35.245921675976064,6.979357375347598,97.0364222092073,0.8494784454847049,2.668023633393021,0.22614356359008214,0.2928032436082526,5.116380462690819
2002-06-17 12:00:00,2002,6,17,12,1024315200,40.183928212553134,5.663371508509438,97.64311060663631,23.32295563661468,0.0,0.238003735516032,0.2506234645550546,7.857632240665263
2002-06-17 18:00:00,2002,6,17,18,1024336800,30.79283097544427,4.943965785634538,97.39034572756002,0.19078486355777294,0.0,0.20805878763226018,0.25025000961234184,4.171413902974406
2002-06-18 00:00:00,2002,6,18,0,1024358400,26.916483985911736,4.406110125903126,97.83058660194311,0.4653233950708521,0.0,0.24547396310226388,0.2555477744067175,4.004162164056386
2002-06-18 06:00:00,2002,6,18,6,1024380000,37.06342257435109,7.117294532400377,97.62581857492512,0.8760750821052052,0.0,0.1902137747530166,0.237027298570486,4.817500634337827
2002-06-18 12:00:00,2002,6,18,12,1024401600,38.234687013586615,4.669820870999871,98.06415192710166,23.062267142616484,0.0,0.20714376645142388,0.2812790862980258,7.752900542655256
2002-06-18 18:00:00,2002,6,18,18,1024423200,34.67361593004606,6.746067865625172,97.8679060742403,0.3275714662166482,0.0,0.21764193176169028,0.34382559328136153,5.03609188894956
2002-06-19 00:00:00,2002,6,19,0,1024444800,29.50334269425679,6.112067143015234,97.56261600239094,0.6531631689691132,2.4452375975331604,0.2286949338608056,0.23011994030397398,4.332583147686786
2002-06-19 06:00:00,2002,6,19,6,1024466400,30.806053066816364,6.3613620577550645,97.88456434531653,0.3575808686955855,0.0,0.22343327033819277,0.34062758010437694,4.812744821692769
2002-06-19 12:00:00,2002,6,19,12,1024488000,37.975077556618444,10.697968073410545,97.4921040464445,23.06786099843114,2.9699981893439693,0.24683029728293726,0.2085956730341093,7.866391143928188
2002-06-19 18:00:00,2002,6,19,18,1024509600,35.08814026901778,5.892292444467218,97.19629595769091,0.3319989687804766,0.0,0.21987284135080631,0.3050199349292307,5.064474284052588
2002-06-20 00:00:00,2002,6,20,0,1024531200,27.593230981356378,3.8469600679721685,97.38230738670579,0.8209593861365303,0.0,0.21822104874615728,0.24027613580416954,4.181875512922378
2002-06-20 06:00:00,2002,6,20,6,1024552800,33.43278063661228,4.13994804995803,97.48509934137772,0.968037522505026,0.0,0.20048897827022374,0.31132700299370336,4.447318292251119
2002-06-20 12:00:00,2002,6,20,12,1024574400,37.19379164412731,3.848753474305795,96.58718487763997,23.0390383934433,0.0,0.22584104879541636,0.27160458918533503,7.672484131656974
2002-06-20 18:00:00,2002,6,20,18,1024596000,32.73914477744849,4.110930834538972,97.93463019480146,0.5692838176350721,0.6506694906478104,0.2302962297732843,0.3175362919756599,4.236711099495718
2002-06-21 00:00:00,2002,6,21,0,1024617600,28.209224482915037,3.8647618363601066,97.48718841733263,0.10530343302684808,0.0,0.2083330995127488,0.2778099748282206,4.230909961725384
2002-06-21 06:00:00,2002,6,21,6,1024639200,31.210588713451173,4.8142296344078455,97.80550283685209,0.6803965291560059,0.0,0.2534933973882111,0.3167503524553173,4.6107966337137265
2002-06-21 12:00:00,2002,6,21,12,1024660800,40.756671784943244,3.8125673542761125,97.56444676221044,23.00789222600805,0.0,0.23481054604758908,0.29545956809088614,7.734597832890312
2002-06-21 18:00:00,2002,6,21,18,1024682400,31.916446423073495,4.72928444371798,97.05390183024025,0.014741625707376069,0.0,0.242905487865809,0.3381962041101239,4.259159675203959
2002-06-22 00:00:00,2002,6,22,0,1024704000,28.737730402741942,7.180801756009876,97.53716907193723,0.776879826430574,6.656423362433511,0.281091047717135,0.3021003650750826,4.603862772623135
2002-06-22 06:00:00,2002,6,22,6,1024725600,32.879054379892764,5.8151323774124,97.47738716212308,0.0744353226972978,7.937793700210105,0.2638990365726944,0.31413037281287814,5.014011493846762
2002-06-22 12:00:00,2002,6,22,12,1024747200,40.61165004392419,8.066635749682206,97.30763235300692,23.304440870332645,9.19115568680722,0.3574919329227993,0.3095925400717942,8.701292933279234
2002-06-22 18:00:00,2002,6,22,18,1024768800,32.147797240274826,4.1297395890028215,97.39625244871378,0.9580404241038338,0.0,0.23407392563418108,0.3341173378646493,4.5856434444977445
2002-06-23 00:00:00,2002,6,23,0,1024790400,27.81794280282077,4.8547020524122235,97.5186398661942,0.9852471174474713,0.0,0.2401380898546362,0.3418320754901386,4.363537493087174
2002-06-23 06:00:00,2002,6,23,6,1024812000,31.985339798661045,4.294062225917949,96.77440847519381,0.16140286188606678,0.0,0.23927720780294193,0.31499114759450164,4.80347367984507
2002-06-23 12:00:00,2002,6,23,12,1024833600,35.37888955220755,4.739992602529373,97.61870240080805,23.557938925134373,1.0725759449417573,0.2515719702954374,0.26181737386943993,7.69486281640201
2002-06-23 18:00:00,2002,6,23,18,1024855200,34.75467172126659,4.940233840077685,97.6918857925935,0.5591488284903027,0.0,0.21159108640733773,0.284537400753128,4.643866573591108
2002-06-24 00:00:00,2002,6,24,0,1024876800,29.03178938847945,3.74840789280993,97.65859851290051,0.4523806905326133,6.442897351000651,0.27885882188313127,0.3433310228471657,4.7249133818386255
2002-06-24 06:00:00,2002,6,24,6,1024898400,34.31196225996798,4.091525982585438,97.42388860451369,0.9247001582639957,0.9146407559755543,0.2236318928610549,0.2733261577266346,4.79702790713098
2002-06-24 12:00:00,2002,6,24,12,1024920000,40.199066658367045,5.523137235089786,98.09756508478752,23.74736799056654,1.397124364178571,0.26000243675253415,0.2977018241012199,7.948223523220974
2002-06-24 18:00:00,2002,6,24,18,1024941600,34.145489181610884,5.916854625050732,97.66161867663702,0.7645269356819466,0.0,0.21073915423549297,0.30148118499883314,4.646649765612593
2002-06-25 00:00:00,2002,6,25,0,1024963200,28.307250821148028,4.931531001661538,97.38089640351488,0.2695694317693431,0.0,0.20654449753009374,0.318775488255834,4.45049963769904
2002-06-25 06:00:00,2002,6,25,6,1024984800,34.3627254620109,4.141259078045112,97.13459293479167,0.43431977220163875,9.165462427941701,0.31592449965990305,0.3144917625119544,5.193363138562299
2002-06-25 12:00:00,2002,6,25,12,1025006400,38.2135389518159,4.446491394793275,97.09677532527341,23.47557522500838,2.1036527520843196,0.2527112861458763,0.32687827964532234,8.279013937230774
2002-06-25 18:00:00,2002,6,25,18,1025028000,35.64179783016819,3.818938471472763,97.62621549582259,0.29891204120441933,3.345462425408626,0.26958116020605877,0.2936799859474873,5.010508158765325
2002-06-26 00:00:00,2002,6,26,0,1025049600,28.417726474967214,8.23396007311297,97.72103572506857,0.09481777516205803,0.0,0.22948355436085438,0.30567099800238245,4.236615238270914
2002-06-26 06:00:00,2002,6,26,6,1025071200,33.78198936273929,6.6869535194785374,97.54175924891993,0.12635922497221597,4.8091713021044376,0.29698734304178076,0.3850454113131732,5.1984526192663765
2002-06-26 12:00:00,2002,6,26,12,1025092800,39.91569910531085,3.7435848926026325,97.48750893717063,23.16216200285396,0.0,0.26254812199559097,0.37382683395197736,8.302127108620509
2002-06-26 18:00:00,2002,6,26,18,1025114400,37.46501370458105,3.9149706915514795,97.4027468057725,0.20365333436495117,0.0,0.24019206643080004,0.34715381626237857,5.044274575700069
2002-06-27 00:00:00,2002,6,27,0,1025136000,27.412780171984295,4.921244390496456,97.65078845274058,0.24226180921054408,9.155802402532405,0.3560693457266871,0.3562290649977991,4.795126385829737
2002-06-27 06:00:00,2002,6,27,6,1025157600,32.11851906106706,4.012868261416937,97.27020261834875,0.2554600289634944,0.0,0.2522697466511813,0.3456223818894054,5.080921843525821
2002-06-27 12:00:00,2002,6,27,12,1025179200,38.57855028640219,7.702365054172159,97.49713077939323,23.429070445045138,1.8646876750770744,0.2408183293917326,0.33582420285314624,8.038298052279604
2002-06-27 18:00:00,2002,6,27,18,1025200800,32.823710782992684,5.729445487780118,97.53077565585326,0.509573190826044,0.0,0.22433690512742707,0.3113167289259654,4.713543756324638
2002-06-28 00:00:00,2002,6,28,0,1025222400,29.9788571114328,4.069164709773663,97.67484965422894,0.30887920812635594,0.0,0.22536205401785991,0.3868935784010403,4.559600853041399
2002-06-28 06:00:00,2002,6,28,6,1025244000,34.22507547629843,3.5995000673398234,97.2563278724566,0.9072964199207282,0.0,0.23948861669615623,0.39945550491382653,5.166076573987775
2002-06-28 12:00:00,2002,6,28,12,1025265600,37.24973418405773,6.000337934005898,97.20051560670231,23.516883335627657,0.0,0.23772962275803813,0.32679430143016286,7.922065112153435
2002-06-28 18:00:00,2002,6,28,18,1025287200,35.053103321483874,4.4180249804252965,97.51675231208125,0.7874769280334095,0.0,0.25520143229245146,0.37630453083354637,5.107107683016844
2002-06-29 00:00:00,2002,6,29,0,1025308800,31.680924375036554,5.1069502154148765,97.56302868401607,0.9242378324208433,0.0,0.2421773854885276,0.33624879545743275,5.113160441716526
2002-06-29 06:00:00,2002,6,29,6,1025330400,32.7108761358004,4.071891176346745,97.49933965575211,0.1631351145758052,2.4262597891788835,0.2745308123392234,0.32542482379162135,4.731254398766177
2002-06-29 12:00:00,2002,6,29,12,1025352000,39.39731852812299,3.7957875733896387,96.68679236638084,23.380536744376748,0.0,0.22195771142525667,0.33593208741615616,8.021540839438297
2002-06-29 18:00:00,2002,6,29,18,1025373600,30.61741320278456,5.251867300253037,97.60069549174867,0.4332104017146116,1.700439882642153,0.2671517053444138,0.33769319469526127,4.419399419817645
2002-06-30 00:00:00,2002,6,30,0,1025395200,28.33542370211959,4.436368663193784,98.27085876159637,0.3544722504383542,0.0,0.23772660857009337,0.37293643446965413,4.41488041419838
2002-06-30 06:00:00,2002,6,30,6,1025416800,34.352079789659015,3.9408796121825,97.77579518944547,0.00890586655163994,5.991815604491828,0.2961868178558249,0.3415048945787996,4.965532153735949
2002-06-30 12:00:00,2002,6,30,12,1025438400,38.675547934036715,3.760830479916589,96.913499267003,23.756085436096583,0.0,0.23436471062463854,0.38049772050331426,8.007101545315793
2002-06-30 18:00:00,2002,6,30,18,1025460000,34.05646608957123,4.841692327871632,97.37871408226587,0.1115593215539056,0.0,0.27751986300327247,0.33293377831364607,4.578270922411106
2002-07-01 00:00:00,2002,7,1,0,1025481600,27.69633946703401,5.452389444518335,97.44144901853794,0.9954805979217589,3.4027152638196556,0.2596782338832859,0.35907785844504847,4.47329286879302
2002-07-01 06:00:00,2002,7,1,6,1025503200,35.75343902497192,4.013786370861893,97.40376841041154,0.7729584919111816,0.0,0.2627803157242069,0.3268873692054522,4.848358811913276
2002-07-01 12:00:00,2002,7,1,12,1025524800,38.247427361732164,5.50575569573387,97.12836363215757,23.50611055138682,19.010510518671154,0.4384179117267794,0.3217454656437409,8.931141137795553
2002-07-01 18:00:00,2002,7,1,18,1025546400,32.01922123875547,3.8163091433748364,97.23212713400663,0.15460641774160025,0.0,0.2220443040498512,0.37186752200550527,4.41574211036862
2002-07-02 00:00:00,2002,7,2,0,1025568000,28.778705275781643,4.106766283334379,97.78018520635194,0.515392971393247,3.43740135766337,0.2795901180765269,0.37012278650161795,4.738776101106158
2002-07-02 06:00:00,2002,7,2,6,1025589600,35.22126734669302,5.53613483458491,97.72418118572972,0.2611087408578089,0.0,0.20443544792165383,0.35306169663810666,4.961317260272822
2002-07-02 12:00:00,2002,7,2,12,1025611200,39.6686239228894,5.1059373053128905,97.46654099792894,23.16295055388307,0.0,0.2855583412553411,0.3390631417638264,8.07909651498231
2002-07-02 18:00:00,2002,7,2,18,1025632800,33.060311219980605,3.9602319536904966,97.78446568318931,0.8295292493824882,0.0,0.24380540381192253,0.3320399760686495,4.577621617058191
2002-07-03 00:00:00,2002,7,3,0,1025654400,31.467824554439726,3.656666025869359,97.30328464732725,0.38064442395943465,0.0,0.27536784466275777,0.38363116183782997,4.7500125883443856
2002-07-03 06:00:00,2002,7,3,6,1025676000,33.69597820627443,3.5263750451915983,97.39748436321057,0.4507238033908041,0.0,0.2799727991064658,0.35219943657118763,4.846854336224953
2002-07-03 12:00:00,2002,7,3,12,1025697600,36.23956414515826,6.190725589697065,97.39092841639726,23.736665137614693,0.0,0.2416965316577855,0.4219385565204494,7.88207033492617
2002-07-03 18:00:00,2002,7,3,18,1025719200,34.699657961219785,3.5784448580163444,97.03491002879156,0.08779062571884536,0.0,0.25364451679227745,0.3783664088583434,4.866762096330292
2002-07-04 00:00:00,2002,7,4,0,1025740800,28.57095413230994,3.618455670525041,97.42417655041402,0.5946178530910495,20.02543151675951,0.4588810656685467,0.3949229362754201,5.423179671688764
2002-07-04 06:00:00,2002,7,4,6,1025762400,33.6658740617537,3.8426102181245247,97.99229007991258,0.5782156813730378,6.419034284548208,0.35711432323765696,0.42141315155784387,5.198595491803961
2002-07-04 12:00:00,2002,7,4,12,1025784000,40.11016929654891,4.32045850273226,97.95949379305036,23.30053723055265,0.0,0.2510930400447115,0.35430659890660055,8.071993045665865
2002-07-04 18:00:00,2002,7,4,18,1025805600,33.385409252432325,5.774918187916294,97.53609047321677,0.8297746414240957,0.0,0.25384361706399394,0.39262277241352406,4.951071583785766
2002-07-05 00:00:00,2002,7,5,0,1025827200,28.308238955095653,3.836172290609485,97.43619594546318,0.9428900613356926,0.0,0.22876743159417853,0.400217394642378,4.503898133686972
2002-07-05 06:00:00,2002,7,5,6,1025848800,31.863215441037482,4.585957055660934,98.03249177923159,0.46533586191361076,3.7448775400109846,0.2763164792586274,0.36965012027339234,5.240507552946581
2002-07-05 12:00:00,2002,7,5,12,1025870400,37.94933859866187,3.5517602762124296,97.42782370962006,23.311647310413154,0.0,0.24675458994284638,0.33911815211116986,7.542680674723558
2002-07-05 18:00:00,2002,7,5,18,1025892000,34.11096761666006,4.346542494622532,97.34627048157431,0.5020637296707475,0.0,0.28277534558992923,0.32047502893383567,4.917519546698364
2002-07-06 00:00:00,2002,7,6,0,1025913600,27.825935413372825,3.677283980446944,97.79013055623174,0.7231240308330615,0.0,0.29641024208681566,0.3639618495356379,4.648160625820758
2002-07-06 06:00:00,2002,7,6,6,1025935200,31.203701975131686,3.7397679429707913,96.98966811888033,0.6680602906989623,0.0,0.26856862285392974,0.42464992906730675,4.797379014068274
2002-07-06 12:00:00,2002,7,6,12,1025956800,39.685001112494675,4.069441067248001,97.46971050578367,23.057074017233276,0.0,0.2655653634827409,0.36769468653652754,8.200204276630794
2002-07-06 18:00:00,2002,7,6,18,1025978400,34.74648324123873,5.533041670032538,97.48330166190986,0.06389534859934612,0.0,0.2722437273299784,0.41999711802904993,4.911126823030945
2002-07-07 00:00:00,2002,7,7,0,1026000000,29.7197520007064,5.401982116832078,97.65907472077045,0.9492541298167894,0.0,0.2466192827887789,0.37428941584351266,4.613771098904218
2002-07-07 06:00:00,2002,7,7,6,1026021600,32.28142901332352,4.162340733436707,97.32679429876325,0.2610697597337043,6.007842753737309,0.3481896339505185,0.3985149191475548,4.677383614500114
2002-07-07 12:00:00,2002,7,7,12,1026043200,38.63878071580405,3.547681562931105,97.45346341345261,23.450142071961334,0.0,0.23169179593576372,0.41305487605021496,7.993346663220914
2002-07-07 18:00:00,2002,7,7,18,1026064800,34.02921089823286,3.8523925432659407,97.53254225390901,0.8284380027437251,0.0,0.2512166367958986,0.4280924177173635,4.843008839319549
2002-07-08 00:00:00,2002,7,8,0,1026086400,29.521337235470703,4.388386262261655,97.42991521697819,0.3002767505471863,1.6144119175305653,0.29125621457003936,0.3893103312802866,4.818090477580551
2002-07-08 06:00:00,2002,7,8,6,1026108000,34.55483923907381,6.386070872262733,97.45060992740534,0.6354334136569287,0.0,0.2524218768533549,0.3839048154378955,5.412207397474468
2002-07-08 12:00:00,2002,7,8,12,1026129600,36.510232703130285,8.507523358305805,97.75608474613632,22.89532618292442,0.0,0.31141520003602274,0.343753142690416,8.253827456106851
2002-07-08 18:00:00,2002,7,8,18,1026151200,36.212662811827855,4.85448743230328,97.68055120619266,0.9699314443756635,11.97914265615968,0.3951895041943916,0.39025481927082484,5.797669626772131
2002-07-09 00:00:00,2002,7,9,0,1026172800,26.774180897219942,3.9546371539620084,97.66372333284616,0.058158275050625874,0.0,0.2834165228765704,0.5087176824002673,4.648083209263058
2002-07-09 06:00:00,2002,7,9,6,1026194400,31.140146656479082,5.080456240575975,97.01527079475423,0.4381746738409763,0.0,0.2485673095368734,0.40255254346387964,4.742478018452209
2002-07-09 12:00:00,2002,7,9,12,1026216000,34.18629090063559,3.9216074033309187,97.63725989783086,23.29870712071201,9.715119585186978,0.38019671753958634,0.36644989722293364,8.11074824121231
2002-07-09 18:00:00,2002,7,9,18,1026237600,34.63468932171367,4.78001662352242,97.25613794555726,0.7904817786633668,0.0,0.279946819424286,0.4045545940893073,5.239034283040389
2002-07-10 00:00:00,2002,7,10,0,1026259200,30.715356693895103,3.7004089789149845,98.10813299451623,0.12112851707242123,0.0,0.29670316839973526,0.4372315833584371,5.0320706723515976
2002-07-10 06:00:00,2002,7,10,6,1026280800,32.59339703598518,3.7471924488141513,97.50792977940422,0.44080797385517656,0.0,0.22156903256167612,0.3970545627560984,4.573035451481197
2002-07-10 12:00:00,2002,7,10,12,1026302400,35.890109490723695,3.3986093815068035,97.45185765275706,23.03465033492383,0.0,0.24980048087051338,0.382405631344635,7.989993659949448
2002-07-10 18:00:00,2002,7,10,18,1026324000,34.85389616127362,4.098757061037297,97.96638777194376,0.3120107156933428,4.22783103026992,0.31441774563366476,0.49125663185755397,5.473541396400226
2002-07-11 00:00:00,2002,7,11,0,1026345600,26.548233790281245,4.699976931077069,97.87591633982125,0.7787879160652509,4.04583301506854,0.3148281904868818,0.43294549275528305,4.796851357803962
2002-07-11 06:00:00,2002,7,11,6,1026367200,34.423536264244184,5.588178161311188,97.44217808880741,0.005460945031833142,0.0,0.26614366028008757,0.4677355419636648,5.525066806261726
2002-07-11 12:00:00,2002,7,11,12,1026388800,37.10832429740145,5.749640487582365,97.16034769281322,23.455670228900203,0.0,0.2364858389799986,0.40977751209568736,7.615502257659369
2002-07-11 18:00:00,2002,7,11,18,1026410400,32.8364351780689,10.583998712404636,96.98425297802683,0.810398430123109,6.337741544863039,0.33435195071184004,0.47498848905523117,5.269139935486627
2002-07-12 00:00:00,2002,7,12,0,1026432000,28.924659117822618,3.368121341853734,97.20205667737719,0.901362243842069,8.495926857017565,0.3597712580935798,0.4548953855219464,5.2447614263358
2002-07-12 06:00:00,2002,7,12,6,1026453600,33.93575909738368,4.249621229458123,97.61259268602787,0.6268818032304835,0.0,0.2685818314484472,0.44300777423277193,5.186107975771187
2002-07-12 12:00:00,2002,7,12,12,1026475200,38.60592239687799,4.335605594509965,97.47199029003967,23.01029507483798,0.0,0.2679049305592502,0.39081021666579757,8.412303818093173
2002-07-12 18:00:00,2002,7,12,18,1026496800,35.65105653278061,5.678898961047148,97.2352181749264,0.42723473254887345,2.960390032314534,0.3170896252950009,0.40560106335844237,5.244637568517087
2002-07-13 00:00:00,2002,7,13,0,1026518400,30.965816029560383,3.669592881135317,97.4018760775015,0.9697360822874292,7.812282526860845,0.34524608546405966,0.4470371518928518,5.372811783978004
2002-07-13 06:00:00,2002,7,13,6,1026540000,36.08280915494697,3.3128346588564472,98.03462458623153,0.8811868264358522,0.0,0.24520216204626882,0.4231169988017658,5.124659974460335
2002-07-13 12:00:00,2002,7,13,12,1026561600,38.130224059833544,3.769779852088159,97.8554148944785,23.109232966115314,5.429375750573759,0.3525668867223074,0.44471168154771235,8.723688540746913
2002-07-13 18:00:00,2002,7,13,18,1026583200,33.55344652177916,9.400989689163646,98.04534067955545,0.9430630071109252,0.0,0.2971456360650032,0.4192320070720188,5.0670865446897135
2002-07-14 00:00:00,2002,7,14,0,1026604800,30.408090229095016,6.625237566308787,97.31611852461317,0.822954875406459,0.0,0.27093760418834406,0.4520185530361556,5.0235398655378
2002-07-14 06:00:00,2002,7,14,6,1026626400,32.363098949135924,3.9341212831393757,97.76514982406587,0.9010898616597948,0.0,0.2892322725761191,0.41971612824555116,5.245733370012598
2002-07-14 12:00:00,2002,7,14,12,1026648000,37.69603588979646,6.314223118299401,97.73403604096544,23.29617497877836,0.0,0.24125042166925195,0.4528815127245676,8.065256692344484
2002-07-14 18:00:00,2002,7,14,18,1026669600,33.37194340885373,3.229673008874425,97.96356970316681,0.8576540434619978,1.7637428292753976,0.28647901690767213,0.40911829090558927,5.091953306935205
2002-07-15 00:00:00,2002,7,15,0,1026691200,28.255901204385744,3.7203042714487164,97.53035284020854,0.8917661413343257,0.0,0.23893750876228897,0.4349014027490405,4.606464738078101
2002-07-15 06:00:00,2002,7,15,6,1026712800,32.85523107772841,5.1009332741690505,97.29205388248093,0.09201658454067141,0.0,0.2957141914823597,0.43873518226612607,5.241465895745923
2002-07-15 12:00:00,2002,7,15,12,1026734400,36.88236711571821,3.530028927143205,97.25635451461349,23.544538417997096,3.65385177462354,0.27984041493210615,0.41813072164594944,7.899269623261624
2002-07-15 18:00:00,2002,7,15,18,1026756000,34.56622874178915,3.486242885629846,97.52289046462386,0.3336130987640661,0.0,0.26499466580755066,0.42593323146918777,5.007510058306405
2002-07-16 00:00:00,2002,7,16,0,1026777600,27.645766106472845,6.098128685639933,97.55419907837768,0.43989950958335544,4.522160942038639,0.3242117775464039,0.4593705807110002,5.113564265555325
2002-07-16 06:00:00,2002,7,16,6,1026799200,33.46137970357285,4.564955990106135,97.61279834394027,0.7919037591928153,15.866932910607975,0.4498234176352819,0.4722041483365447,6.128832013193224
2002-07-16 12:00:00,2002,7,16,12,1026820800,38.2163082892533,9.897357893708524,97.11222179536767,23.208984492270012,0.0,0.28522055351509656,0.45849035430545737,8.658852783159853
2002-07-16 18:00:00,2002,7,16,18,1026842400,34.239950576459826,3.3464326809978573,97.91915705602872,0.8930599124360601,0.0,0.2975355220512568,0.46617164873062783,5.3006140478915205
2002-07-17 00:00:00,2002,7,17,0,1026864000,28.85108313422747,3.764885705216314,97.1295462678735,0.40057375077677215,15.469832399552095,0.446868593890835,0.45929658428820286,5.498893052977631
2002-07-17 06:00:00,2002,7,17,6,1026885600,32.78378541639322,3.6637373697751134,97.92259620696997,0.3732881636761586,0.0,0.30226302329083826,0.4358755523037495,5.317963189258266
2002-07-17 12:00:00,2002,7,17,12,1026907200,37.544270440529914,6.28655094813573,97.43851598203877,22.539197270200738,0.0,0.24099134579159698,0.4049166793200243,8.039144455282154
2002-07-17 18:00:00,2002,7,17,18,1026928800,33.00059763825739,3.546655490875265,98.08905263000723,0.46272537666966085,15.519232692477638,0.4215928146977972,0.4408359882472371,5.4252615822322765
2002-07-18 00:00:00,2002,7,18,0,1026950400,26.439759463250528,3.733836618450706,97.01630920877392,0.7240707703291087,0.0,0.28650002415121584,0.4587957349493515,4.456957694675716
2002-07-18 06:00:00,2002,7,18,6,1026972000,31.898050105944133,3.3108392899266916,97.89271453619158,0.30117871762621606,0.0,0.3089471134587992,0.4436105210215416,5.105667452912769
2002-07-18 12:00:00,2002,7,18,12,1026993600,38.90021223769762,5.319811904893758,97.23082532698113,22.93231949627013,0.0,0.2673718739042806,0.5090301365425776,8.140157779691714
2002-07-18 18:00:00,2002,7,18,18,1027015200,33.55351202258121,3.4867830991388176,97.20934765112482,0.21939776848528078,14.239422485056078,0.45916949662096007,0.4707362675153007,6.056940669079234
2002-07-19 00:00:00,2002,7,19,0,1027036800,26.591045184921352,3.1610800157222907,98.04186973036752,0.7727878058714607,0.0,0.2858757169207004,0.4653874052009999,4.499469930059517
2002-07-19 06:00:00,2002,7,19,6,1027058400,32.86034992701309,3.9116137914846165,97.77090728508153,0.0605115613411471,0.0,0.26458200419933087,0.48454513717350417,4.870123125809528
2002-07-19 12:00:00,2002,7,19,12,1027080000,35.69543829654055,3.7999650967697267,97.10168009730529,23.13573616267119,0.0,0.25572407678811715,0.528806719008539,8.50442151076791
2002-07-19 18:00:00,2002,7,19,18,1027101600,33.242974807362586,3.3482401356139118,97.60560603325905,0.3789400117449862,0.0,0.29352840688464843,0.4596866842729355,5.09339945774347
2002-07-20 00:00:00,2002,7,20,0,1027123200,27.469434007550426,3.2454480889884834,97.9717192453089,0.04159606938712079,10.879385557429114,0.3761096504638257,0.4448593722704889,5.038085294408922
2002-07-20 06:00:00,2002,7,20,6,1027144800,36.116226460274035,6.433444346742901,97.71780796331046,0.8534695872917858,0.0,0.27467426726568117,0.48344203013844134,5.740431117045924
2002-07-20 12:00:00,2002,7,20,12,1027166400,38.85438119992372,3.135722866035073,97.55955669816953,22.877522286685604,0.0,0.2833594839050506,0.43930792824867254,8.532494265693607
2002-07-20 18:00:00,2002,7,20,18,1027188000,31.54391831933873,3.1872322459643514,97.89554512883119,0.5993189696161318,0.0,0.28410878537311224,0.4451858833555553,4.885614470521491
2002-07-21 00:00:00,2002,7,21,0,1027209600,26.454761899978646,3.4275375102408905,97.66641060164434,0.7320306915244569,6.53888141850355,0.3850224690918038,0.5221237349575145,5.256433245421311
2002-07-21 06:00:00,2002,7,21,6,1027231200,33.86173569182293,7.587175307569808,97.05792728592425,0.6550744330011887,0.0,0.2892605142947823,0.5182778261781871,5.595776817159157
2002-07-21 12:00:00,2002,7,21,12,1027252800,39.22412509892937,3.139764146771079,97.58462762230994,23.078803817547666,0.0,0.26928809730996006,0.49891084386595214,8.868467991279545
2002-07-21 18:00:00,2002,7,21,18,1027274400,35.6929656418373,5.545237433779601,97.701080017664,0.7622816845778605,8.246463833356731,0.3489199541351994,0.49109974510018606,5.443142322107477
2002-07-22 00:00:00,2002,7,22,0,1027296000,29.56911603883806,6.320742135382583,97.62838693392527,0.5891515305646109,3.478053202783857,0.3507355379808042,0.44835196180851544,5.2439891932176526
2002-07-22 06:00:00,2002,7,22,6,1027317600,33.55029386558567,3.693485392778544,97.44020884358014,0.3656378309077567,0.0,0.272300173068886,0.46072276720744904,5.1500963996892
2002-07-22 12:00:00,2002,7,22,12,1027339200,39.96932865326549,3.5035672470416417,97.69897350949944,22.547947229161313,11.952570678294963,0.4138310271981053,0.5246729550064725,9.02330063396836
2002-07-22 18:00:00,2002,7,22,18,1027360800,32.946441586052806,4.6784911471153805,97.61670985383952,0.9029032366527899,5.726407064608329,0.343718189051145,0.4697745297586865,5.238355566242868
2002-07-23 00:00:00,2002,7,23,0,1027382400,27.807092040292297,4.776619797011094,96.97015916759557,0.9699248446382203,1.7119530488156909,0.3093286188281489,0.46652311037235206,4.612537898280186
2002-07-23 06:00:00,2002,7,23,6,1027404000,30.943002086741135,5.228465302913993,97.1698315755825,0.3576627550982089,0.0,0.3117629347674823,0.4848226099809268,4.9307090198038015
2002-07-23 12:00:00,2002,7,23,12,1027425600,40.02454700868868,5.62037403381129,97.66075708313187,22.37269833457885,2.811106773986298,0.3175631994860683,0.507831948117045,8.880030844908658
2002-07-23 18:00:00,2002,7,23,18,1027447200,32.960578926246754,3.4262021310912916,97.79143490405475,0.22253732711643398,0.0,0.3001468715372183,0.4842957777041621,5.242802758305129
2002-07-24 00:00:00,2002,7,24,0,1027468800,27.53947843910432,4.67558217962581,97.34070775607195,0.6706673459871896,0.0,0.2910594960914184,0.49067819044558925,4.55650236194737
2002-07-24 06:00:00,2002,7,24,6,1027490400,31.496396853322498,3.150813235278381,97.79519184931782,0.17293336995833075,0.0,0.2758734561726326,0.4306756101539177,5.164552030597152
2002-07-24 12:00:00,2002,7,24,12,1027512000,39.525468322362144,4.005703326404682,97.72420991275106,22.994829959834902,0.0,0.2948258434507737,0.49389338579937936,8.92838940665621
2002-07-24 18:00:00,2002,7,24,18,1027533600,34.167194140227785,4.356995687057389,97.51736439799842,0.9230302398747163,9.754626163529851,0.3694731574220946,0.5259402267078359,5.914970272835096
2002-07-25 00:00:00,2002,7,25,0,1027555200,26.25747968226199,3.1742406025423673,97.70876216696708,0.9636515150788472,0.0,0.26277975808357806,0.4994135659546623,4.760018188695515
2002-07-25 06:00:00,2002,7,25,6,1027576800,33.37655772953281,3.0290019262429313,97.70211585610653,0.00932550597489068,0.0,0.2976830625566867,0.5635695633233472,5.440128062107173
2002-07-25 12:00:00,2002,7,25,12,1027598400,38.80480997756358,3.2345114033536424,97.84368019641686,23.125933024147265,0.0,0.29533238641656095,0.4798020267007087,8.296634756151695
2002-07-25 18:00:00,2002,7,25,18,1027620000,30.74141895060823,3.728228745251663,97.85795899462993,0.7401944191296204,0.0,0.2932789614157273,0.4867859136089742,4.7585680594533555
2002-07-26 00:00:00,2002,7,26,0,1027641600,28.494162878093398,6.167722422437469,97.27504832522148,0.08405023226380226,0.0,0.28665942772668823,0.486764459857781,4.7450352870274415
2002-07-26 06:00:00,2002,7,26,6,1027663200,33.19379344377456,4.024622281109402,97.36775368819039,0.41524046877872645,15.733481534378905,0.4430092543531848,0.4859262180235066,5.882556055509808
2002-07-26 12:00:00,2002,7,26,12,1027684800,38.46707214121376,4.956392101314482,98.03060319137725,22.819660503367277,13.565385780028894,0.40110377876789044,0.5229879938907736,9.090527942394427
2002-07-26 18:00:00,2002,7,26,18,1027706400,35.512370034821295,3.172969303510525,97.85249198079875,0.956685492661052,0.0,0.24987178174409136,0.4986330636364351,5.31411167841776
2002-07-27 00:00:00,2002,7,27,0,1027728000,31.89432949345765,3.0305371657603866,97.78637164289945,0.16414139361139257,0.0,0.30590194939341786,0.5705728675602254,5.353827337820169
2002-07-27 06:00:00,2002,7,27,6,1027749600,34.306184608987664,3.27339973345166,97.83314706034511,0.127733281926954,0.0,0.305632935184089,0.5196579593195488,5.453983973091053
2002-07-27 12:00:00,2002,7,27,12,1027771200,37.842579395854045,3.4275545016516737,97.93623489531483,22.542577520802965,5.345481379478412,0.33658236605525427,0.48608323187776215,8.486635531935997
2002-07-27 18:00:00,2002,7,27,18,1027792800,33.40920196961819,4.053947735021732,97.6349126111078,0.9680988937384919,0.0,0.3175818723395202,0.48246421380157656,5.350719616999889
2002-07-28 00:00:00,2002,7,28,0,1027814400,28.020504151006836,6.035239705604352,97.48853734713148,0.9713792152580105,0.0,0.2991302937299951,0.5675575924988625,5.357979351539915
2002-07-28 06:00:00,2002,7,28,6,1027836000,35.89708786505077,3.672152696902379,97.77057501910846,0.22791474105290932,0.0,0.29588964341989216,0.5241784270338619,5.354278221451524
2002-07-28 12:00:00,2002,7,28,12,1027857600,37.575568654224725,3.9364246169450006,97.59434141505211,22.338986957135564,0.0,0.32948134414792546,0.556714034408543,8.654557751285907
2002-07-28 18:00:00,2002,7,28,18,1027879200,31.748070128195366,2.846158140256768,98.06702258453882,0.9080319856446571,0.0,0.26403199541906724,0.5196420483777827,4.842684961128005
2002-07-29 00:00:00,2002,7,29,0,1027900800,28.108302587868156,2.8669592817556087,98.07028355701001,0.7348414908520642,5.1977795948329,0.34110927406240565,0.5232977579065489,4.914085501228779
2002-07-29 06:00:00,2002,7,29,6,1027922400,35.41677956314566,2.9473704310892526,97.87725661557334,0.9723164286576182,2.7081847622264816,0.30011632268102145,0.563014828196699,5.561895993847425
2002-07-29 12:00:00,2002,7,29,12,1027944000,35.8322315110715,4.617078007019779,97.2269167091341,22.861006407776294,0.0,0.2827213277831714,0.5340052204642661,8.345558318942427
2002-07-29 18:00:00,2002,7,29,18,1027965600,31.277354472767463,3.814996553194936,97.28145146807378,0.21509605031374604,22.291230180511278,0.48,0.5336749801611739,6.0201032443762434
2002-07-30 00:00:00,2002,7,30,0,1027987200,26.10819649733787,3.1148360346032806,97.22341950789678,0.7597268594126834,3.963851149393604,0.3297276980610289,0.5158765910824165,4.774033171853052
2002-07-30 06:00:00,2002,7,30,6,1028008800,30.40345580607814,4.140198334595169,97.67391429571009,0.048565231560116606,2.56840272265411,0.2951945534794176,0.554177419956831,4.927605962002167
2002-07-30 12:00:00,2002,7,30,12,1028030400,35.77231684452666,3.9731694528063817,97.89485481955775,22.73273329712679,11.776237551340298,0.4101010175388755,0.5258069414353265,8.984495145973552
2002-07-30 18:00:00,2002,7,30,18,1028052000,33.60963472061677,2.9327488894163696,97.52560751384067,0.6015567624446108,12.730580035326097,0.4017862516813453,0.5113827416741303,5.806540954870923
2002-07-31 00:00:00,2002,7,31,0,1028073600,27.44082803939119,4.30478868371371,97.4322959674108,0.9561009626364617,0.0,0.3157724201452764,0.5977700599057735,5.255309430490879
2002-07-31 06:00:00,2002,7,31,6,1028095200,30.170324659224434,4.956663543069524,97.65732999244061,0.9600324554690784,0.0,0.307130232999065,0.5242072016266209,5.388515482842099
2002-07-31 12:00:00,2002,7,31,12,1028116800,38.13962631800804,3.277064588805451,97.39101871675659,21.911598031520178,6.979053723724828,0.36850800464397704,0.5094845695957695,8.401368273848593
2002-07-31 18:00:00,2002,7,31,18,1028138400,32.62929066910568,4.515263692570883,97.70595042935251,0.1605214855557705,0.0,0.2823216301056339,0.5673183302519191,5.6171355256749305
2002-08-01 00:00:00,2002,8,1,0,1028160000,28.44879471374299,3.0823267933648144,97.56172098121861,0.4842070473186916,3.9499604054428956,0.3352532353655901,0.5586635508896116,5.341002432847042
2002-08-01 06:00:00,2002,8,1,6,1028181600,31.115330154556617,4.868504977245884,97.43757588643312,0.8794935249461492,3.6081864606794,0.3428766309932049,0.5184152899856639,5.449064573139638
2002-08-01 12:00:00,2002,8,1,12,1028203200,35.18069848944427,6.389920517467207,97.66927979873184,22.619966435599927,0.0,0.28585109565762695,0.5359362731769438,8.319152549886658
2002-08-01 18:00:00,2002,8,1,18,1028224800,33.04115630488771,3.6228746031734356,97.90095128728558,0.9643700263517814,0.0,0.26085846299314963,0.558369550199111,5.331570811659211
2002-08-02 00:00:00,2002,8,2,0,1028246400,28.16742282612488,3.146712057942269,97.18771908729948,0.6180841171113408,0.0,0.3078175158214254,0.5496914274716391,5.357044479994186
2002-08-02 06:00:00,2002,8,2,6,1028268000,30.27311218361052,3.4900880154524905,97.69388766386618,0.2565635195616206,0.0,0.30402895751507614,0.5669322198710083,5.34684224784405
2002-08-02 12:00:00,2002,8,2,12,1028289600,37.28692597639247,3.1575844754685605,97.01375688574699,21.774238645528023,0.0,0.2998591628305244,0.5431548125508048,8.419543230727424
2002-08-02 18:00:00,2002,8,2,18,1028311200,31.005381863256016,2.7277666301177605,97.56704543331828,0.2229264907205516,0.0,0.27825951222093187,0.567894749202081,5.190179100250907
2002-08-03 00:00:00,2002,8,3,0,1028332800,28.293192002469766,4.2805962998457145,97.86102069793277,0.6752731979536246,0.0,0.31336702486813,0.5390779280694539,5.1596339749778775
2002-08-03 06:00:00,2002,8,3,6,1028354400,32.82972209715074,2.769091001984167,97.95915281945662,0.9262748233430131,0.0,0.317146951748358,0.5289673626072123,5.842811816047109
2002-08-03 12:00:00,2002,8,3,12,1028376000,38.66457227620315,3.058230523381805,97.49503706285535,22.0125354373238,0.0,0.299800694179534,0.5799357723962643,8.464091345831912
2002-08-03 18:00:00,2002,8,3,18,1028397600,30.57461687394965,4.626533801661932,97.49184214220983,0.8757043302892981,7.831659499147401,0.3645614961154098,0.5570781361745147,5.677186808557561
2002-08-04 00:00:00,2002,8,4,0,1028419200,25.70682429838273,4.3258263118557565,97.59274423198114,0.3948982483411565,9.965846702487383,0.3870140715907054,0.5738889588958727,5.715277444295404
2002-08-04 06:00:00,2002,8,4,6,1028440800,31.185528338506046,2.796374226894639,97.33099066753995,0.3082712493685503,0.0,0.2869531264926195,0.5900100236741824,5.55989405295064
2002-08-04 12:00:00,2002,8,4,12,1028462400,35.94633926774329,4.300595358451156,97.7105153802872,22.141881866648646,0.0,0.2860406602073065,0.5361030406446899,8.308042167441338
2002-08-04 18:00:00,2002,8,4,18,1028484000,32.294093309355965,6.683399325043704,97.360945465102,0.4422734924096179,7.387690094891334,0.36165856160624577,0.5692514215573995,5.538582681421177
2002-08-05 00:00:00,2002,8,5,0,1028505600,25.029048585582434,2.7767518284931665,97.83818130023059,0.9137998685170181,0.0,0.30197338430185283,0.6277541010738448,5.4618558819872804
2002-08-05 06:00:00,2002,8,5,6,1028527200,33.92647430583468,3.4665969792146694,97.45621175766163,0.4682569474081265,0.0,0.31343880771670746,0.5533503718667797,5.532678442668549
2002-08-05 12:00:00,2002,8,5,12,1028548800,39.26041064716901,4.621474323960937,97.57533148098548,21.85070231743788,0.0,0.3245318754567514,0.5219625755327453,8.613806090981184
2002-08-05 18:00:00,2002,8,5,18,1028570400,33.30883297422207,4.313295601604077,97.82104249398296,0.8425655775019063,0.0,0.2772473619340543,0.5828155950637033,5.753870659950332
2002-08-06 00:00:00,2002,8,6,0,1028592000,27.296375377976602,3.0246064560857455,97.8716234274085,0.9987495116595667,0.0,0.2811234404399246,0.513023400152115,4.820638083162873
2002-08-06 06:00:00,2002,8,6,6,1028613600,31.36150539110459,2.906358984718906,97.85797808556975,0.6481714191813239,0.0,0.31299900681769083,0.5300375377736879,5.351645475141798
2002-08-06 12:00:00,2002,8,6,12,1028635200,36.8296126705679,4.939773192436649,97.76007096463603,21.763098739782144,0.0,0.2778560300434312,0.5631534004209088,8.337133957081335
2002-08-06 18:00:00,2002,8,6,18,1028656800,30.411812663691173,7.333053859648222,97.35499175240986,0.23881507701318191,0.0,0.2729455469234996,0.5621043111814344,5.252579652168308
2002-08-07 00:00:00,2002,8,7,0,1028678400,26.68233429059594,4.807158299453686,97.68154010871051,0.05770669621525981,0.0,0.27782333540125276,0.5733629337150323,4.99683563867285
2002-08-07 06:00:00,2002,8,7,6,1028700000,31.949206061701297,7.57189098167715,97.63874065366558,0.07729303851408487,0.0,0.2931539806148553,0.6339228356475586,5.574416258811543
2002-08-07 12:00:00,2002,8,7,12,1028721600,35.20816511670837,4.011609016088688,97.56476344333727,22.36585003639762,0.0,0.32939089320027665,0.5702547537879724,8.217055589424579
2002-08-07 18:00:00,2002,8,7,18,1028743200,33.87829980131205,6.588025286082892,97.71320447546896,0.09648710704955317,0.0,0.2941204177965575,0.550395354641914,5.711880143918394
2002-08-08 00:00:00,2002,8,8,0,1028764800,26.21817126926955,4.356448059718961,97.44266329253477,0.4843438482767788,10.00820988411216,0.4027631397961083,0.5531670681867105,5.6177119405483555
2002-08-08 06:00:00,2002,8,8,6,1028786400,29.801424566840808,6.191009043866872,97.69080465077509,0.6981217796931782,0.0,0.27323315830963124,0.5587182973045957,5.118661506549895
2002-08-08 12:00:00,2002,8,8,12,1028808000,36.03654750417259,2.8619341157656866,97.61129773195046,22.238428728007047,0.0,0.3186813811653668,0.5359903015648766,8.2039987347664
2002-08-08 18:00:00,2002,8,8,18,1028829600,30.440736009040574,5.133252931444735,97.56400310806568,0.1712709502537299,0.0,0.314626367291771,0.5892029713445367,5.444954088717408
2002-08-09 00:00:00,2002,8,9,0,1028851200,24.980816814571202,2.905699180197993,97.376765724283,0.43777867912535684,4.269731455924383,0.3309921461598004,0.5860714049188855,4.98661610154675
2002-08-09 06:00:00,2002,8,9,6,1028872800,33.59823742835275,2.6187915549502394,97.3688165058372,0.2514801950137775,2.6957570084616687,0.3108848915931646,0.591023276650472,5.175639673789389
2002-08-09 12:00:00,2002,8,9,12,1028894400,36.25618238123747,3.670502435490338,98.11438501916275,21.580100079788032,0.0,0.3168303761906944,0.6010407849833512,8.35875852289129
2002-08-09 18:00:00,2002,8,9,18,1028916000,32.78592599063981,3.151715403572603,97.74613673013981,0.3038393074866785,0.0,0.29315444842614363,0.5955984753949104,5.837581296369876
2002-08-10 00:00:00,2002,8,10,0,1028937600,26.753616943694034,2.623616696168834,98.2660853309787,0.5871162144184673,0.0,0.2848264638700584,0.5401279474443641,5.111038441547061
2002-08-10 06:00:00,2002,8,10,6,1028959200,31.85137776150768,8.447894185719562,98.28094593545099,0.016577471685588208,0.0,0.29077139138781694,0.5731352819881371,5.909277440794391
2002-08-10 12:00:00,2002,8,10,12,1028980800,36.115896151031734,4.20387191224888,98.09129742803582,21.66826126570909,8.579434591846347,0.3886694781973275,0.5743708318096399,8.813784003088076
2002-08-10 18:00:00,2002,8,10,18,1029002400,30.488443961311994,6.038165330313441,97.33785020467909,0.18683013523279518,0.0,0.31273946617385406,0.6228898491043952,5.465197412021715
2002-08-11 00:00:00,2002,8,11,0,1029024000,27.980052441372756,13.027845293874735,98.15664729088158,0.9671185085126348,0.0,0.30495289730604774,0.630008585141223,5.851964066639727
2002-08-11 06:00:00,2002,8,11,6,1029045600,32.011472304827414,3.2832064637800493,97.69540124667216,0.5827291592503103,0.0,0.30392006003937766,0.5732746958081985,5.563554540450864
2002-08-11 12:00:00,2002,8,11,12,1029067200,35.758813493589074,2.9779451421266065,97.65004475040834,22.06184257908796,0.0,0.29368083135484574,0.5563168607832963,8.156697134760472
2002-08-11 18:00:00,2002,8,11,18,1029088800,32.521682868685936,2.8417168177814363,97.60719892474593,0.19568998676961463,16.845901178557863,0.46986077038780133,0.5908111048166005,5.7788773486529905
2002-08-12 00:00:00,2002,8,12,0,1029110400,28.187470788525708,3.6032538417978364,97.63933482125292,0.8100156993237878,0.0,0.29100510475733365,0.5809071335201317,5.329742453460292
2002-08-12 06:00:00,2002,8,12,6,1029132000,31.471348379491612,3.9146795788031055,97.86432861548512,0.41478246130523333,0.0,0.2934373248718641,0.5879616832328226,5.317158999594639
2002-08-12 12:00:00,2002,8,12,12,1029153600,38.24939445458752,3.47645539275882,98.43444093282325,21.304747553775634,14.42681999671758,0.47153422253666283,0.6269365090127742,9.369101205075332
2002-08-12 18:00:00,2002,8,12,18,1029175200,30.206503983186785,3.2519677813581263,97.25270594654368,0.7612452023882353,0.0,0.29967668784488766,0.5985347188953264,5.049296500392771
2002-08-13 00:00:00,2002,8,13,0,1029196800,24.463545470136335,2.7742799418973276,98.33891803210099,0.762011097615281,0.34034480056590344,0.2951849754042442,0.5804148886126791,4.690689861267636
2002-08-13 06:00:00,2002,8,13,6,1029218400,30.29853365748014,3.372621370690881,98.2086243015399,0.995887906864061,0.0,0.2856520701952333,0.5750453283415861,5.36982843022333
2002-08-13 12:00:00,2002,8,13,12,1029240000,35.87486103418844,2.63154966258129,97.70258361238908,21.840369268141785,0.0,0.25511766718518003,0.5517294949045216,8.148412598679643
2002-08-13 18:00:00,2002,8,13,18,1029261600,33.146055136732734,5.502155702688645,97.60659839820967,0.14526724792713044,4.191996180799825,0.38278508708617426,0.6116825782051514,6.1542831991464615
2002-08-14 00:00:00,2002,8,14,0,1029283200,25.130886068777613,2.550897233251108,97.36338220925563,0.32254474178572823,10.158973278110961,0.444891524399572,0.6075453681803015,5.461376189702415
2002-08-14 06:00:00,2002,8,14,6,1029304800,31.27863784005325,3.197457454719286,97.49507233881417,0.451726917291146,0.0,0.31194188475079304,0.6159848491722391,5.542668956397018
2002-08-14 12:00:00,2002,8,14,12,1029326400,37.353735612064185,2.6371104586111764,97.58534971949973,21.117557377739377,10.731180262622534,0.38599474998720407,0.598576227132404,8.772618461451152
2002-08-14 18:00:00,2002,8,14,18,1029348000,31.403448663276055,4.7161922030315555,97.73655441251677,0.7880389744478166,7.214288488039399,0.4262229778861284,0.5673931274513948,6.029961195694129
2002-08-15 00:00:00,2002,8,15,0,1029369600,24.84983093657267,3.022635467679356,97.77046494675656,0.5266985379125865,7.172644472311806,0.34324655830536704,0.6049461270307458,5.201909733878428
2002-08-15 06:00:00,2002,8,15,6,1029391200,28.672259656170215,2.640122216190025,98.00767427394747,0.9444495690957535,0.0,0.3074638006543259,0.6374600999050748,5.132381545041742
2002-08-15 12:00:00,2002,8,15,12,1029412800,37.418476319112436,3.597379067392302,97.9747408651488,21.51079901266766,0.0,0.26533675749639946,0.6050227883603844,8.701195673909256
2002-08-15 18:00:00,2002,8,15,18,1029434400,29.01144221177743,6.180440611667895,97.85093540482868,0.5228990837382564,0.0,0.25615407682584324,0.6525560353795826,5.311848357102978
2002-08-16 00:00:00,2002,8,16,0,1029456000,24.90872028740741,6.031125863365077,97.77828596198714,0.07142515293286433,4.550656374570781,0.3499134929968107,0.6149634549237502,5.220907965903142
2002-08-16 06:00:00,2002,8,16,6,1029477600,30.527627373280286,2.872449938095195,98.13431295383937,0.14934590494457778,0.0,0.3069458731942189,0.6664267041141692,5.439396668351402
2002-08-16 12:00:00,2002,8,16,12,1029499200,37.37186455061089,4.349251041139109,98.04323474896371,21.700737540223084,5.615524350488292,0.35830041760233794,0.6688659533018934,8.963017388428268
2002-08-16 18:00:00,2002,8,16,18,1029520800,31.973275454208718,2.4877529339233,97.92486321832581,0.9906759778258108,0.0,0.3296275571573969,0.5804682230836461,5.282340169320681
2002-08-17 00:00:00,2002,8,17,0,1029542400,25.584438099159645,2.635573885797455,97.68189821137253,0.4151791358982695,0.0,0.2989273497752612,0.5920390430305821,4.806705515647245
2002-08-17 06:00:00,2002,8,17,6,1029564000,32.181092488632025,3.4616233458594827,98.13531805043078,0.8100860837249291,0.0,0.31613317293655757,0.5977286416216058,5.222011620877587
2002-08-17 12:00:00,2002,8,17,12,1029585600,37.51096680875828,2.813111199584052,98.05408492481243,21.407672949615872,0.0,0.28423392672812714,0.5602017831418482,8.154304259728049
2002-08-17 18:00:00,2002,8,17,18,1029607200,29.646912988398405,4.824661723356076,97.7298366589929,0.9590592736717162,4.777436696391072,0.3735620676933711,0.6253591656050921,5.8172845802173505
2002-08-18 00:00:00,2002,8,18,0,1029628800,24.656041517824097,6.41770660922948,97.24083323793826,0.23813723544409326,0.0,0.3275726851093981,0.6285051517446952,5.317397205475941
2002-08-18 06:00:00,2002,8,18,6,1029650400,31.36963195543601,2.4121777676356424,97.84458230815686,0.544835743007943,0.0,0.29487413943958896,0.6211703258906658,5.416134274592741
2002-08-18 12:00:00,2002,8,18,12,1029672000,37.79133658323752,2.803401784677978,97.60838679328387,21.116934921622505,0.0,0.3074694876658738,0.5787017940800422,8.431338862317688
2002-08-18 18:00:00,2002,8,18,18,1029693600,29.203585760967496,3.2741954941773415,98.0312536165806,0.5417159759430178,8.383418433854926,0.36982353113299743,0.66306172399066,5.364764377943443
2002-08-19 00:00:00,2002,8,19,0,1029715200,22.36531640491323,3.63017229106567,97.89351276463681,0.2688580834188552,6.004503283378012,0.3556339813944512,0.5628825301930408,4.863923436483201
2002-08-19 06:00:00,2002,8,19,6,1029736800,31.102895002375625,6.101839593431784,97.32692063318343,0.497746162715744,0.0,0.31474477690157815,0.5796059019038972,5.812459498919536
2002-08-19 12:00:00,2002,8,19,12,1029758400,37.175001909743074,5.724985746442521,97.91717012709388,21.260192689936627,0.0,0.3096953830658134,0.6458804247955185,8.757717059721317
2002-08-19 18:00:00,2002,8,19,18,1029780000,30.32272029649234,3.9088987059029505,98.3432733774431,0.08121588399949461,0.0,0.2654160599777491,0.6287727474159136,5.115320052354465
2002-08-20 00:00:00,2002,8,20,0,1029801600,28.96097235739875,2.8173721540448593,97.79576101359696,0.7429872548076232,1.6856801960613776,0.29409899590023597,0.6046803734610184,5.268811656777826
2002-08-20 06:00:00,2002,8,20,6,1029823200,28.75420568837836,4.66477743656673,97.83908338089299,0.7065229631604173,0.0,0.288227816134938,0.6247529555031313,5.606123812943324
2002-08-20 12:00:00,2002,8,20,12,1029844800,33.896649836030264,2.7106954155893996,97.73868418970874,21.442314662093604,0.0,0.30438347793261455,0.6269787673884507,8.319231155317816
2002-08-20 18:00:00,2002,8,20,18,1029866400,28.876282203835956,7.407014144250018,97.86322212732965,0.42585655180992804,0.0,0.2816366436695803,0.6584317944590824,5.623535162255918
2002-08-21 00:00:00,2002,8,21,0,1029888000,25.020830076187092,2.3629526328992787,98.31669108772857,0.06166913261471774,2.1494671927276454,0.29314903997117114,0.5903421544161875,4.618425083725185
2002-08-21 06:00:00,2002,8,21,6,1029909600,30.055198556004356,3.6193218320531098,98.17131058080838,0.4614611290216869,11.154753209069032,0.35889216463163826,0.6355878417742781,5.592816296561928
2002-08-21 12:00:00,2002,8,21,12,1029931200,33.73551385866511,2.4929935231606346,97.68190764775667,20.625175616597865,0.0,0.34165539300908265,0.6591940725786645,8.299390046219562
2002-08-21 18:00:00,2002,8,21,18,1029952800,31.575182336035745,3.139525686084015,97.83282092291667,0.6474468135218203,0.0,0.30397156261276886,0.5968893144292156,5.830175643289125
2002-08-22 00:00:00,2002,8,22,0,1029974400,25.170985453601684,3.8491877288991163,97.86556283768513,0.047131524131305835,0.0,0.2709797415304344,0.6289295666758572,4.685525773490011
2002-08-22 06:00:00,2002,8,22,6,1029996000,28.2170488265024,4.0925069039633755,97.99139547889357,0.37399640622769514,0.0,0.32049253230700714,0.6287075112414823,5.41253433749387
2002-08-22 12:00:00,2002,8,22,12,1030017600,35.68987383185447,4.64732812947099,97.99692226871528,20.495381607293588,0.0,0.3297033911737361,0.5820691332455847,8.455629633273329
2002-08-22 18:00:00,2002,8,22,18,1030039200,29.1387366231968,3.687295314487029,97.83914030215294,0.003366434071605808,9.740683397201703,0.4015059489612107,0.6392414606622716,5.868349709455326
2002-08-23 00:00:00,2002,8,23,0,1030060800,24.799618999680355,2.7556893522741435,97.50787193015616,0.9605572239015918,13.016984543528315,0.4423180991195516,0.6445948901322754,5.568091927084055
2002-08-23 06:00:00,2002,8,23,6,1030082400,30.978227113012384,5.6222889454788,97.84693197911827,0.9961273480262802,2.0415876302568643,0.3462788484345075,0.6789267736784599,5.896118787506544
2002-08-23 12:00:00,2002,8,23,12,1030104000,36.14591666612419,4.821390339836231,97.77259169868165,20.892299037321827,0.0,0.3117992832973146,0.6333989784089377,8.856031592624108
2002-08-23 18:00:00,2002,8,23,18,1030125600,31.022101382229398,2.583148725485111,97.61209455747682,0.2389558499454864,0.0,0.31233904219689823,0.6471713767653842,5.453258880237447
2002-08-24 00:00:00,2002,8,24,0,1030147200,24.598696664307976,4.933188920275202,98.13146027179793,0.9110990368086574,8.515660489771978,0.3539699058462716,0.6816828735137197,5.360317008186337
2002-08-24 06:00:00,2002,8,24,6,1030168800,28.061951100713866,7.7039830869139205,97.9007083851874,0.9230365970761066,0.0,0.24491524511135643,0.6182635126740901,5.452070940963041
2002-08-24 12:00:00,2002,8,24,12,1030190400,34.04623051809575,3.8266600861417412,97.58511969080607,21.11486991083223,0.0,0.31672810653792177,0.6020905690410281,8.246630903848331
2002-08-24 18:00:00,2002,8,24,18,1030212000,29.558941447644177,2.8022474089101523,98.48893788996331,0.5443699845673845,0.0,0.29501295278586936,0.6411789774674579,5.092991486578311
2002-08-25 00:00:00,2002,8,25,0,1030233600,26.71927626368668,3.6896491194255616,98.03368778130047,0.07470216089602744,4.789190748360191,0.3380611098526907,0.6349927650785875,5.466615315319528
2002-08-25 06:00:00,2002,8,25,6,1030255200,28.610893709805946,2.9193258607091392,98.14632087897125,0.08843892753679783,5.24799978526352,0.3712098016403109,0.6381855377988221,5.446212304579419
2002-08-25 12:00:00,2002,8,25,12,1030276800,34.702637123647165,3.980549924672372,98.22315914376173,21.079875947492976,0.0,0.2801691669777701,0.6282197356927707,8.114348412590086
2002-08-25 18:00:00,2002,8,25,18,1030298400,27.550558371824344,3.470807541170384,97.7779002729404,0.8758268474572318,0.0,0.2985355224270441,0.6157144539004605,5.7481576609383325
2002-08-26 00:00:00,2002,8,26,0,1030320000,24.785646390842928,6.253207047103626,98.08580543970307,0.4343972491812177,6.7711244089106515,0.3678408552788399,0.67224406203484,5.4526835554007755
2002-08-26 06:00:00,2002,8,26,6,1030341600,29.206708798345154,3.7183358478204616,97.34375625332952,0.3281546194764253,1.7287572249458136,0.330072144337525,0.6436041848110721,5.504599165338962
2002-08-26 12:00:00,2002,8,26,12,1030363200,34.081008925960184,2.63635569834865,98.21141650341491,20.74962827412455,1.426314204456872,0.3200772225172996,0.7115806336015114,8.590154288943985
2002-08-26 18:00:00,2002,8,26,18,1030384800,30.544790312820183,4.2122686236977405,97.90228718326773,0.8069879482555273,0.0,0.30582337476012583,0.6130169054605684,5.320455161112778
2002-08-27 00:00:00,2002,8,27,0,1030406400,23.120106102672324,2.7973644092917453,98.0948669187151,0.731684942051821,0.0,0.29057439526391626,0.7076265449822838,5.120308524304786
2002-08-27 06:00:00,2002,8,27,6,1030428000,31.250041099126147,2.7374557993872717,97.91579133633567,0.6156029380507063,0.0,0.29109767429448735,0.6562110679487715,5.700473593361803
2002-08-27 12:00:00,2002,8,27,12,1030449600,33.009304054180305,3.0062883104252482,98.48216004790237,20.25863968624482,1.9637300822687613,0.32510959970118986,0.6479922994497856,8.407818029200703
2002-08-27 18:00:00,2002,8,27,18,1030471200,31.197802611658847,2.2785725318651204,98.30410028840978,0.2625048692207176,0.0,0.28865673027210254,0.614415955266385,5.463805524842381
2002-08-28 00:00:00,2002,8,28,0,1030492800,21.627419790061573,7.46358551748817,97.16788558409469,0.7240674813977017,0.0,0.28173115333566046,0.6306902941412524,4.672917251761619
2002-08-28 06:00:00,2002,8,28,6,1030514400,29.480429273550858,3.3861038854210195,98.11698726159048,0.8026198524510311,0.0,0.3240267601702663,0.688326396174621,5.728230409880749
2002-08-28 12:00:00,2002,8,28,12,1030536000,34.9371088891384,4.473586844578268,97.86655621691611,20.06428743575353,0.0,0.2848087183774708,0.5706020047534808,7.723092856617762
2002-08-28 18:00:00,2002,8,28,18,1030557600,28.482039967729058,2.693422122515427,98.1288386016907,0.1872970477113085,0.0,0.2891292846524365,0.5967107686422881,5.330010238401716
2002-08-29 00:00:00,2002,8,29,0,1030579200,24.31038363559472,4.29141276456538,98.13914386281664,0.6804702621773714,13.932238433734078,0.461746043661977,0.6052533131933728,5.816008226169182
2002-08-29 06:00:00,2002,8,29,6,1030600800,28.34831834344857,3.4882435113045362,97.7427319094033,0.38898658747140114,0.0,0.2840954592897344,0.6887408515839479,5.392133748567672
2002-08-29 12:00:00,2002,8,29,12,1030622400,34.56534871435408,3.059973340946609,97.93088885229659,20.431891441223375,0.0,0.30431519690056014,0.6740318231461007,8.309203198353694
2002-08-29 18:00:00,2002,8,29,18,1030644000,29.26925249834357,7.525803434485448,97.65980944604193,0.6148149526556386,0.0,0.3060745195596852,0.6232189993529129,5.572437093287001
2002-08-30 00:00:00,2002,8,30,0,1030665600,27.09029553625132,3.2398814334659156,98.42607142959329,0.7762034672673319,4.558948121920955,0.34122433846173494,0.642413558553429,5.3879850036336405
2002-08-30 06:00:00,2002,8,30,6,1030687200,26.697026175895964,3.825560795078093,98.07844179169362,0.8057169507169075,7.321553922046906,0.36288695453043973,0.6604570689187642,5.719982420464489
2002-08-30 12:00:00,2002,8,30,12,1030708800,34.066288281246855,2.241708396419383,98.10999552759797,20.068587439427084,0.0,0.2749108534062254,0.6871523348826544,8.000859093853961
2002-08-30 18:00:00,2002,8,30,18,1030730400,28.13368950280244,2.756650706686653,98.0714386280584,0.5412967289221737,0.0,0.3099961623186544,0.6261699069663091,5.6972531609625685
2002-08-31 00:00:00,2002,8,31,0,1030752000,23.822111042450665,5.49846217967138,97.6770955424502,0.12352393862188027,0.0,0.31899536636355186,0.6634196956386781,5.164658561825603
2002-08-31 06:00:00,2002,8,31,6,1030773600,28.431485512157206,4.339469541470161,98.18488439499956,0.8420151686975487,0.0,0.3168665555969295,0.6490947561849606,5.731042664508346
2002-08-31 12:00:00,2002,8,31,12,1030795200,33.11249165885652,3.359532497813328,98.5305868661815,20.553301784172472,0.0,0.30435999369710887,0.6563341180707708,7.810662353495807
2002-08-31 18:00:00,2002,8,31,18,1030816800,27.850683499414007,5.661561969131851,97.5282090721983,0.2995057189994588,5.462789255217519,0.3120528729413581,0.6325289749135983,5.261158588054977
2002-09-01 00:00:00,2002,9,1,0,1030838400,24.57642348841724,3.1913822013394655,98.03405960205004,0.16062020742204253,0.0,0.3117903941230387,0.6684881980932295,5.246618642721716
2002-09-01 06:00:00,2002,9,1,6,1030860000,27.945158533824742,3.44626018983381,98.23785460088293,0.07009177820026657,8.883607791791349,0.3830696425355442,0.6387200656078645,5.609954752315837
2002-09-01 12:00:00,2002,9,1,12,1030881600,33.47226883342026,2.9147117884512603,97.7854169171534,20.201686865471487,0.0,0.2845604609662924,0.6650579403972274,8.054293264935067
2002-09-01 18:00:00,2002,9,1,18,1030903200,28.783483379273143,3.6439746093502716,98.22966135240276,0.09142810039988221,0.0,0.3095525913319032,0.7090684035673736,5.718657291928772
2002-09-02 00:00:00,2002,9,2,0,1030924800,22.2869200324561,2.756274525364833,98.03854528100577,0.6805948446205999,0.0,0.30033820687779156,0.6961824631377529,5.368316303768871
2002-09-02 06:00:00,2002,9,2,6,1030946400,29.287619338135062,2.9103821244361825,97.81127523777974,0.6781264010341463,0.0,0.3159967101793171,0.7065650861859919,5.369157701765852
2002-09-02 12:00:00,2002,9,2,12,1030968000,31.935739294537846,7.266537297707984,97.27217767116258,20.15907237900636,0.0,0.302635471686708,0.6743634462033731,8.433903926455493
2002-09-02 18:00:00,2002,9,2,18,1030989600,29.11371148365428,2.3569896817427938,97.9952460455373,0.8765605018630969,4.281013852974348,0.33328996659733956,0.6988559148750889,5.543963497569865
2002-09-03 00:00:00,2002,9,3,0,1031011200,23.844675551267184,2.3347393711025246,98.01827128296831,0.3782806927291318,0.0,0.2882125613960239,0.6133881784045551,4.926990453333696
2002-09-03 06:00:00,2002,9,3,6,1031032800,28.042316820696307,2.2343372574503158,98.43453343612714,0.9022695826245776,0.0,0.3074166363171426,0.6166171623375156,5.143774808034534
2002-09-03 12:00:00,2002,9,3,12,1031054400,31.59956364132653,2.746505945842173,98.141917801128,19.49992704701287,11.03233788323508,0.3787553196899466,0.6373044777121291,8.219439111688642
2002-09-03 18:00:00,2002,9,3,18,1031076000,28.25195321955437,2.9297320775132576,97.88128084254669,0.11275698792140992,8.873503827232623,0.37389420399102424,0.6393746785065504,5.6382405160301285
2002-09-04 00:00:00,2002,9,4,0,1031097600,21.560797815973178,2.305168981688821,97.5842190496286,0.4122055625184433,0.0,0.2506373249819209,0.7013822098237614,4.506289894226982
2002-09-04 06:00:00,2002,9,4,6,1031119200,27.94133606987188,3.351108719440552,98.31798580765584,0.5939930186885735,2.8281819063718894,0.3312292071146241,0.6246829717439473,5.265729103314612
2002-09-04 12:00:00,2002,9,4,12,1031140800,34.29266953252047,3.4693296788955252,98.09085279277814,19.41286050212671,0.0,0.3074220985250139,0.6292424989946599,8.011424624410743
2002-09-04 18:00:00,2002,9,4,18,1031162400,28.086153303287922,4.241855451193368,97.93741439922286,0.5674344714242664,0.0,0.27913435150153554,0.6662878398601167,4.984280179726812
2002-09-05 00:00:00,2002,9,5,0,1031184000,24.857230617820196,7.737527080413805,97.90876013852,0.3073983164830314,0.0,0.27193684838330745,0.6764496819129757,5.281960613820892
2002-09-05 06:00:00,2002,9,5,6,1031205600,28.418802712217932,3.593787594127058,98.44414158268243,0.8871468078118292,5.368526448403853,0.36655691940227686,0.6985914154492046,6.066911315629709
2002-09-05 12:00:00,2002,9,5,12,1031227200,34.136136253533756,2.3225518628637936,98.48849559800647,19.83084357701773,0.0,0.2795237831405396,0.6643180986891575,7.753768642486598
2002-09-05 18:00:00,2002,9,5,18,1031248800,29.05124484615132,2.2840017199707825,97.88309069082005,0.587893908217436,0.0,0.30667378173989995,0.6668585021149565,5.534325093079429
2002-09-06 00:00:00,2002,9,6,0,1031270400,24.953116299855868,4.388651288920298,97.39722953817095,0.9456218111148833,0.0,0.2927692194330429,0.7012555698595369,5.321989296381662
2002-09-06 06:00:00,2002,9,6,6,1031292000,25.88477438179786,3.7102589050034127,98.02269510591258,0.7641710266545936,0.0,0.28247216988421553,0.6476427359468195,4.959142355773252
2002-09-06 12:00:00,2002,9,6,12,1031313600,32.05795845141194,2.399045599002679,98.15455083025591,19.652521876626444,0.0,0.30465353200203504,0.6783196400078353,8.36548488955582
2002-09-06 18:00:00,2002,9,6,18,1031335200,27.88429283388233,2.572351206566857,98.1084517612719,0.4768796149560217,0.0,0.2936876067891066,0.6917383882792919,5.550791998962174
2002-09-07 00:00:00,2002,9,7,0,1031356800,23.90918935701157,4.204509120223294,97.63015407325045,0.6479238685593989,0.0,0.3221430439304532,0.6657314033641063,5.401321474936953
2002-09-07 06:00:00,2002,9,7,6,1031378400,27.960718223249486,3.376229191266333,98.56237329049908,0.2001992166505131,0.0,0.277551437116964,0.7026633252503665,5.30465883454807
2002-09-07 12:00:00,2002,9,7,12,1031400000,32.698545870852065,3.442839924950877,97.54432703192877,19.219229268035562,0.0,0.26575832051693365,0.6511402174272998,7.482728224166324
2002-09-07 18:00:00,2002,9,7,18,1031421600,29.253740644236327,2.4772245257535896,97.87777832623671,0.31123651594562074,0.0,0.29193061750346644,0.7237136627005316,5.5127634814309685
2002-09-08 00:00:00,2002,9,8,0,1031443200,22.0667977212081,3.601128186780537,97.81172740898485,0.7783827979362303,1.6061089871394603,0.3170016304355417,0.6695075500803522,4.955544065700024
2002-09-08 06:00:00,2002,9,8,6,1031464800,26.997015204592547,4.3221830193546245,97.79587442824027,0.25732379876995104,0.0,0.2876611127032824,0.6657790451239735,5.426212263391805
2002-09-08 12:00:00,2002,9,8,12,1031486400,33.35460353671742,5.361092153085363,97.46352576963045,19.17733243015116,6.610435069779569,0.39348641589851063,0.6351241975344796,8.281188069360356
2002-09-08 18:00:00,2002,9,8,18,1031508000,31.16441284081604,4.115354436843293,98.13650202620376,0.21902259846226257,0.0,0.31567104692954023,0.6453468319267588,5.868125782700394
2002-09-09 00:00:00,2002,9,9,0,1031529600,22.408568753207632,3.3922763821638604,98.55863671443588,0.6789729120057063,0.0,0.28002137603808563,0.6566106942063343,4.681156026770156
2002-09-09 06:00:00,2002,9,9,6,1031551200,26.468912445475272,3.78179672022631,98.08486809064534,0.6139480566935188,7.259590359288728,0.36441383316423887,0.647119929512562,5.5968905039127455
2002-09-09 12:00:00,2002,9,9,12,1031572800,31.587736474047983,3.0996213541565045,97.83198853076068,19.650572907150586,0.0,0.2544284158697894,0.6454830574108287,7.522118811748394
2002-09-09 18:00:00,2002,9,9,18,1031594400,26.88926623115551,2.489931003655966,98.55715550912421,0.3219581226803844,0.0,0.31156417949035936,0.6822747529943024,5.258578931920874
2002-09-10 00:00:00,2002,9,10,0,1031616000,24.291525365673692,5.302917282250199,98.40214753735714,0.9008561269332717,4.220858207223816,0.31820769870633625,0.7009040757861981,5.075113044337464
2002-09-10 06:00:00,2002,9,10,6,1031637600,26.753380044360718,3.2356054029571073,97.89699373148302,0.4517703573281454,0.0,0.29358777640027656,0.691256940513503,5.273309220810317
2002-09-10 12:00:00,2002,9,10,12,1031659200,32.75932829668781,3.4479576472873052,98.24705503537062,19.391370484034084,0.0,0.2844606490038102,0.5869626971710773,7.5238116874327465
2002-09-10 18:00:00,2002,9,10,18,1031680800,27.1645229040019,9.018859940360393,98.47405933683139,0.9488079760021295,15.337436505428526,0.4131959546800866,0.6516251000408564,6.130800380531699
2002-09-11 00:00:00,2002,9,11,0,1031702400,20.19667523180593,8.386984548930473,97.895364298009,0.9792772679449756,0.0,0.30531476000678914,0.7187949564618673,5.310139211294507
2002-09-11 06:00:00,2002,9,11,6,1031724000,26.67483033048935,3.4098194233017636,98.20304074344035,0.6615427259165517,2.1846862275515164,0.2893179468926842,0.6443718397862693,5.149788296204026
2002-09-11 12:00:00,2002,9,11,12,1031745600,28.454701087863523,2.137679090209869,98.04998680863514,19.737610118091464,0.0,0.2782579948872665,0.6810506629684051,7.436730868063284
2002-09-11 18:00:00,2002,9,11,18,1031767200,27.429044707906687,2.8424963536721344,97.80878067186568,0.5415073863404456,0.0,0.3057013914417279,0.6517973398230124,5.334743248061924
2002-09-12 00:00:00,2002,9,12,0,1031788800,22.76430301284049,6.231387621278282,98.23267957164457,0.3072829455667717,0.0,0.26821207677314995,0.7255575657907611,5.246435648760545
2002-09-12 06:00:00,2002,9,12,6,1031810400,25.761584629231685,2.587619731348399,98.31252042367173,0.31509285596654135,0.0,0.31745494144978254,0.6625586285618151,5.120356689306082
2002-09-12 12:00:00,2002,9,12,12,1031832000,31.21684316904744,12.908457444364949,98.19601029378289,19.266642065967563,5.241254769128041,0.32031075819029564,0.7070286209277384,8.417684885066748
2002-09-12 18:00:00,2002,9,12,18,1031853600,25.019206191598315,2.2095860591465297,97.93794268369308,0.6050361206552007,1.8089732258380518,0.28233503562375306,0.664663328057036,4.7235876751390045
2002-09-13 00:00:00,2002,9,13,0,1031875200,18.568774449056527,3.328869555388165,98.8294150641448,0.4396170699197489,0.0,0.2875210720197689,0.6152332208025578,4.436433982433925
2002-09-13 06:00:00,2002,9,13,6,1031896800,24.634007527544608,3.1562785050791113,98.0522995754035,0.8837714835118439,10.48157269859112,0.42408868995650284,0.7021380530574514,5.898286866355493
2002-09-13 12:00:00,2002,9,13,12,1031918400,32.87127851592557,2.511745828139269,98.3667008773056,19.049092438147497,0.0,0.286472266018177,0.6304339995923326,8.049152394024844
2002-09-13 18:00:00,2002,9,13,18,1031940000,26.421865413720898,6.521862272027227,98.44138178302263,0.27342364699767013,0.0,0.30621820258813426,0.6606112636802877,5.396516649209781
2002-09-14 00:00:00,2002,9,14,0,1031961600,22.07034916939735,3.510031336905213,97.46836497080618,0.007981878343539806,5.455373379857528,0.31323997136458426,0.7454989474130586,4.778570229122368
2002-09-14 06:00:00,2002,9,14,6,1031983200,29.817714588710828,2.4544151946645463,98.46445099152648,0.9705692781576368,0.0,0.2781746738080071,0.7834143869673549,5.601834730404598
2002-09-14 12:00:00,2002,9,14,12,1032004800,33.25447820648751,2.7888031171498033,98.21832405553303,19.36122001646376,0.0,0.27944876690615067,0.690125842401857,8.200357673491721
2002-09-14 18:00:00,2002,9,14,18,1032026400,27.56484761672609,3.9779725055548427,98.1367106972639,0.6155595846853312,0.0,0.26027592065296007,0.6627794489894167,5.340428322748681
2002-09-15 00:00:00,2002,9,15,0,1032048000,20.89199326657824,2.5848790797432692,98.1952863317598,0.8305422539034614,0.0,0.2525505088689179,0.6917126852578064,4.433008549215332
2002-09-15 06:00:00,2002,9,15,6,1032069600,28.958179544500375,5.230275066509179,98.40704961368114,0.8102892302509439,0.0,0.2795434935711433,0.6515137034261967,5.817692683999148
2002-09-15 12:00:00,2002,9,15,12,1032091200,33.471972440560066,2.326490592260682,97.54741618624595,19.383108830381033,0.0,0.3159706705284515,0.6782689583903082,7.863141720625345
2002-09-15 18:00:00,2002,9,15,18,1032112800,27.958785545785283,2.5156116660184367,98.24176912051861,0.38606768336037717,7.235638247669642,0.36110319011363023,0.7390068142443739,5.622871094522375
2002-09-16 00:00:00,2002,9,16,0,1032134400,21.47432571643649,2.282896179789656,98.37812001934662,0.5548522420859408,0.0,0.2695489482289032,0.6985308921923642,4.823812505114648
2002-09-16 06:00:00,2002,9,16,6,1032156000,25.094903973333494,2.2131150496025565,98.8971292228709,0.09862802372024593,0.0,0.24246523148227683,0.6495748687920824,4.707993263921373
2002-09-16 12:00:00,2002,9,16,12,1032177600,33.75768041752668,2.583781801124079,97.84374491793112,19.330791075209362,0.0,0.27576770073637547,0.7044399814715675,7.948662354101004
2002-09-16 18:00:00,2002,9,16,18,1032199200,27.787478957886798,12.705111114467584,98.38182908999737,0.985127069282502,0.0,0.2744137533612155,0.6408976236006828,5.679074324804802
2002-09-17 00:00:00,2002,9,17,0,1032220800,21.038822594909266,2.1904421498326996,98.12030787095941,0.7890842479312017,5.1847438208426135,0.34153980878273105,0.6371513908518135,5.051437922422762
2002-09-17 06:00:00,2002,9,17,6,1032242400,25.929019212769152,2.4011174285089862,98.41085893125104,0.4541209831483368,12.431116903062982,0.4012385233697713,0.7164299536719202,6.029510067647841
2002-09-17 12:00:00,2002,9,17,12,1032264000,29.511814813468973,2.5172146966253064,98.52550017149636,18.776151701417376,7.869910554530312,0.37333716044259224,0.6705449774556562,7.9703552615334505
2002-09-17 18:00:00,2002,9,17,18,1032285600,27.484715693924105,3.489767216540985,98.04495786745075,0.4353669329878592,0.0,0.2973519162174327,0.7406620404295945,5.340843189070218
2002-09-18 00:00:00,2002,9,18,0,1032307200,21.462272275611426,4.087756662700837,98.86881596311099,0.29331063652223044,1.4948282194119284,0.2943074311241137,0.6629346326857558,4.812162392270528
2002-09-18 06:00:00,2002,9,18,6,1032328800,26.803183611281725,4.127072866753794,98.6787477975482,0.5277914055487666,0.0,0.2796398143702184,0.7313913932242885,5.75587196362342
2002-09-18 12:00:00,2002,9,18,12,1032350400,32.601995054431434,2.0489944062346335,98.51874155912797,18.247056473961436,0.0,0.2814408906724581,0.7438129771437503,8.047983153282798
2002-09-18 18:00:00,2002,9,18,18,1032372000,27.289466186469596,3.6186689371749847,98.1752451387971,0.9918870619371706,0.0,0.24586048728616605,0.6992342585253923,5.482550985523457
2002-09-19 00:00:00,2002,9,19,0,1032393600,19.756384392086893,3.524948200039557,98.13275119155442,0.4240501351641408,1.17383445865457,0.30561720607049936,0.6864943427265532,4.9124769832112465
2002-09-19 06:00:00,2002,9,19,6,1032415200,26.102423176205985,3.1242219532751596,98.43099170515102,0.9273665840371063,0.0,0.31341680989919607,0.6775587326304593,5.491384859757273
2002-09-19 12:00:00,2002,9,19,12,1032436800,31.688055791351594,2.7457196142256057,98.18086860765551,18.831851947841113,0.0,0.28065722258027487,0.679436085309791,7.762739500648454
2002-09-19 18:00:00,2002,9,19,18,1032458400,26.801228245031837,4.425689255988911,98.14199552262689,0.28994291686393625,0.0,0.26381755582885463,0.6475143778753031,5.362393536007351
2002-09-20 00:00:00,2002,9,20,0,1032480000,18.545734044300126,2.657729360431518,98.89056633872893,0.22205261817460242,0.0,0.278008671953991,0.7156977871465389,3.9781863093323184
2002-09-20 06:00:00,2002,9,20,6,1032501600,24.422095780340452,2.4176812251233213,98.48026547535723,0.9956754337623562,4.747085530218509,0.3169202789947252,0.7146451763765418,5.362233998736814
2002-09-20 12:00:00,2002,9,20,12,1032523200,31.917159822831398,2.5824126096209015,98.5630670341237,18.793644046535256,0.0,0.27869636884335075,0.6895930380867982,7.872229431277692
2002-09-20 18:00:00,2002,9,20,18,1032544800,26.89428106787526,2.894395132116943,98.87897968837896,0.24966147414934314,0.0,0.2719082220350025,0.6973749380836429,4.983656803364054
2002-09-21 00:00:00,2002,9,21,0,1032566400,23.207983843209423,2.3823850279711865,98.35788407939633,0.0674450481772606,0.0,0.23373028967892254,0.6836594251542889,4.69686890115114
2002-09-21 06:00:00,2002,9,21,6,1032588000,23.468373899416072,3.424178190900921,98.14320291206477,0.6969165453013787,6.55084402132441,0.34420437992623276,0.6607851479003712,5.280021641314014
2002-09-21 12:00:00,2002,9,21,12,1032609600,32.13987575347838,5.255033054077828,98.01189422517572,18.23846497643603,0.0,0.3212743375382065,0.6581567381214766,7.606717431179033
2002-09-21 18:00:00,2002,9,21,18,1032631200,26.357952401440766,3.3785852252225475,98.73928633979746,0.22133081262771956,0.0,0.2500650978791712,0.6802259669639046,5.077898222759079
2002-09-22 00:00:00,2002,9,22,0,1032652800,19.07945903938255,2.904680092088424,98.23808541191477,0.7349374151493361,0.0,0.29733221064737964,0.6861994185713437,4.924575095458445
2002-09-22 06:00:00,2002,9,22,6,1032674400,23.004584533039843,4.4078381701735765,97.46365137595768,0.6792613226543476,0.0,0.283401486448791,0.7326412183867906,5.444061326311537
2002-09-22 12:00:00,2002,9,22,12,1032696000,32.06718846178278,4.084702817539737,97.55143187856565,18.330811150525648,10.870001462915203,0.3657100746941685,0.7180302860945971,8.352908654855867
2002-09-22 18:00:00,2002,9,22,18,1032717600,24.180526085181583,2.7030486349776126,97.90729693834992,0.9426559327703754,8.363764491944814,0.3321601047703224,0.7441864622904654,5.355520398849154
2002-09-23 00:00:00,2002,9,23,0,1032739200,18.547057454810528,3.4034219465558238,98.25426899155278,0.6796383660574911,0.0,0.2792066927173182,0.7192763398072892,4.845964338353643
2002-09-23 06:00:00,2002,9,23,6,1032760800,26.198590330982473,3.976456139695526,98.29902695539678,0.8934195606199092,0.0,0.2811712030682887,0.6510226045427385,4.9868159980535
2002-09-23 12:00:00,2002,9,23,12,1032782400,30.50379916468153,2.435805861262672,98.52478669459504,17.95394600073756,3.228173097221819,0.2760689186644189,0.654035024436755,7.615187324019262
2002-09-23 18:00:00,2002,9,23,18,1032804000,26.38024220913203,2.6975365097322044,98.02590559417422,0.29664591008089086,0.0,0.2924802921743215,0.6667661628397539,5.110870483500926
2002-09-24 00:00:00,2002,9,24,0,1032825600,21.026780913369432,2.1778133083055273,98.44958316693236,0.10452013369372826,0.0,0.26259208715945076,0.6884827562176079,4.813541724356689
2002-09-24 06:00:00,2002,9,24,6,1032847200,30.39912020352934,8.60494559255731,98.64929770849325,0.3045799978720354,0.0,0.2823354443608078,0.675777576798329,5.624801954910622
2002-09-24 12:00:00,2002,9,24,12,1032868800,31.466161419697944,2.144801008306666,98.34087415469392,18.6492360819598,14.098842274230304,0.4275333610231372,0.7198239959660997,8.71816913898847
2002-09-24 18:00:00,2002,9,24,18,1032890400,26.370270516635966,2.2870921552454213,98.24464306203893,0.9628562460923028,11.48227547018929,0.40522008299027656,0.7344188394678469,6.041571057978899
2002-09-25 00:00:00,2002,9,25,0,1032912000,18.920315102806498,2.9877470521888068,98.14118609101737,0.7603863545509909,2.159545870061592,0.27277755994846875,0.6632034555031454,4.579266499973097
2002-09-25 06:00:00,2002,9,25,6,1032933600,27.5872442525868,5.0140862018536225,98.74496198804788,0.5210482627829572,0.0,0.3112011558203407,0.6501651421454921,5.44992146984783
2002-09-25 12:00:00,2002,9,25,12,1032955200,29.48572182783463,2.667152096562355,97.99019316265303,18.372397822140133,4.096127424135563,0.2935176016143235,0.748784220824462,8.086326220586038
2002-09-25 18:00:00,2002,9,25,18,1032976800,23.878116932095168,4.202728257103373,98.87425895705572,0.553486951213722,0.0,0.2888619711591767,0.7063951860994883,5.541810654905191
2002-09-26 00:00:00,2002,9,26,0,1032998400,19.789490574894245,3.6956870472831524,98.41155099369837,0.0035085046714433687,0.0,0.25944285561323055,0.6836774493635034,4.44986124606598
2002-09-26 06:00:00,2002,9,26,6,1033020000,25.766888354703813,3.531932476084866,98.1067201547184,0.5015470739436155,8.099516697379201,0.3514623764062336,0.7471846594281258,5.5147231864012145
2002-09-26 12:00:00,2002,9,26,12,1033041600,29.413988083661863,4.801673844594351,98.67055118147073,18.104822752346696,4.3303030503050834,0.3102354200962739,0.7370933635381582,8.113898201535214
2002-09-26 18:00:00,2002,9,26,18,1033063200,23.792080715855835,2.0264191176126474,98.57076877317252,0.26574835750300635,14.300972474911928,0.42177678756132914,0.681988436408564,4.961217740225384
2002-09-27 00:00:00,2002,9,27,0,1033084800,18.623355898544443,5.973974060197704,98.56020568660055,0.20329356424166156,2.1733095157611078,0.3105416795193917,0.7260322836181682,4.363501216483238
2002-09-27 06:00:00,2002,9,27,6,1033106400,25.27858655783289,4.6542471937526155,98.6467010914831,0.2738090948056513,10.340420527774757,0.3590071026257756,0.7344879757669545,5.415567471367098
2002-09-27 12:00:00,2002,9,27,12,1033128000,30.81050328577419,6.170846606823092,98.48408288994993,18.04395475154036,0.9598790813704937,0.2599062950119267,0.7250756589543261,7.860551076634705
2002-09-27 18:00:00,2002,9,27,18,1033149600,25.933559352436117,4.369945075981271,98.57312252587585,0.14606411493555463,6.902442309364862,0.29561862120994564,0.7379627543022316,5.125197195695662
2002-09-28 00:00:00,2002,9,28,0,1033171200,17.50015714389552,5.16457086272193,98.86089765770167,0.7203283013294994,0.0,0.2698379356345086,0.6715106036978519,4.261401243355383
2002-09-28 06:00:00,2002,9,28,6,1033192800,23.587737822418827,2.342178225319229,98.51343701037966,0.42267482096160947,0.0,0.26285132240570974,0.7007800964219958,4.771376048989087
2002-09-28 12:00:00,2002,9,28,12,1033214400,31.230423927748415,2.578474523340816,98.69857707033147,17.688274326534344,0.0,0.2684075201548267,0.7493610550372468,7.979497933452141
2002-09-28 18:00:00,2002,9,28,18,1033236000,24.197286985337723,2.5696691368989155,97.79280102433582,0.807231291680355,0.0,0.26420196563907433,0.6883026333746545,4.870144805067699
2002-09-29 00:00:00,2002,9,29,0,1033257600,20.001511872139325,2.1740775994729975,98.56716220893796,0.5060632494365266,0.0,0.2797615070466934,0.6806168001090828,4.821774452091972
2002-09-29 06:00:00,2002,9,29,6,1033279200,28.637009250163544,3.9623449076699275,99.22673416404301,0.37840056119092813,0.0,0.2544545914056623,0.7033022924135734,5.341660602761882
2002-09-29 12:00:00,2002,9,29,12,1033300800,26.31563817186605,2.2202510622741842,97.93385181009428,18.127877723837344,0.0,0.271566275178128,0.6524796557190428,7.429293812748789
2002-09-29 18:00:00,2002,9,29,18,1033322400,24.503676073631468,2.0815876030205915,99.06999924059538,0.3682516321994779,0.0,0.26394509455603904,0.7097619845665833,4.90134015460077
2002-09-30 00:00:00,2002,9,30,0,1033344000,20.623753839430478,4.240589423220387,98.70340444312171,0.8590002829433705,0.0,0.24367941196788187,0.649864088541526,4.658841830525584
2002-09-30 06:00:00,2002,9,30,6,1033365600,23.089254264295302,5.5256336265721755,97.97793547053936,0.5041986984625583,0.0,0.2491714613093128,0.73784410128392,5.080795857933453
2002-09-30 12:00:00,2002,9,30,12,1033387200,29.35956200295985,4.166794419208702,98.49922410702828,17.37274896994441,0.0,0.2813030994023885,0.6512066676515643,7.378827375111807
2002-09-30 18:00:00,2002,9,30,18,1033408800,22.761493317440358,4.617600978873746,98.60774187038838,0.6128181881110859,0.0,0.2793780697969563,0.7253180725875569,5.22786001204941
2002-10-01 00:00:00,2002,10,1,0,1033430400,20.293306758194518,3.358120487688805,98.77769522262373,0.28532352626996127,0.0,0.27596074921980385,0.6777166640945059,4.773382618434851
2002-10-01 06:00:00,2002,10,1,6,1033452000,23.419986084046812,5.280505083182436,98.37370732872533,0.14715513217619514,0.0,0.25780697990561147,0.6678762111622941,4.914560950400999
2002-10-01 12:00:00,2002,10,1,12,1033473600,28.780566021691925,3.0298775668063245,98.71317431856438,17.16653761310938,0.0,0.21631718466702826,0.7003951430857666,6.7586100067997155
2002-10-01 18:00:00,2002,10,1,18,1033495200,25.771712725665196,8.675166158824755,98.9198823191324,0.2416973357974441,0.0,0.2279054799437541,0.7085876060080745,4.984745952990888
2002-10-02 00:00:00,2002,10,2,0,1033516800,20.125990458788234,2.164090584487791,98.78745876593925,0.7365546420021912,0.0,0.25417514220050735,0.7020322718631695,4.405415808257864
2002-10-02 06:00:00,2002,10,2,6,1033538400,25.751894350561507,4.484989857774285,98.87947436477923,0.8379992223757426,0.0,0.2290781952441921,0.7094690067366827,5.134363199635408
2002-10-02 12:00:00,2002,10,2,12,1033560000,31.928089999139296,3.5386245522777635,98.38785117200692,17.857268070328747,0.0,0.2823287550281777,0.7200016009228087,7.807662552124227
2002-10-02 18:00:00,2002,10,2,18,1033581600,24.402352390379047,3.3039072615910534,98.7271143486967,0.2701482737099457,0.0,0.24325150792405317,0.6389381706173477,4.582732349066518
2002-10-03 00:00:00,2002,10,3,0,1033603200,22.332572585065897,3.9420288606771003,99.22865564118138,0.6609729329453419,0.0,0.25215793247605045,0.7028874683645582,4.676564846202993
2002-10-03 06:00:00,2002,10,3,6,1033624800,24.44806049597647,4.752732772978316,98.21474776422467,0.23035405991492952,0.0,0.29235551961083056,0.6579121400382699,5.185979013591423
2002-10-03 12:00:00,2002,10,3,12,1033646400,31.134010553097387,4.9815177084820546,98.66533224501423,17.53414596198558,0.0,0.27826453878924073,0.6607749320872017,7.476226066601942
2002-10-03 18:00:00,2002,10,3,18,1033668000,24.114353408605282,2.290375641984975,98.20421301508676,0.8872109930416989,0.0,0.26457805299838094,0.6658215587814007,4.391081204871338
2002-10-04 00:00:00,2002,10,4,0,1033689600,20.284347478680253,2.331514833920876,98.93232967757828,0.04089368260208137,0.0,0.2602599562964879,0.6391112069470242,4.426886024765888
2002-10-04 06:00:00,2002,10,4,6,1033711200,23.383459525476948,2.0267947881177375,97.9628633189828,0.9852256677254061,0.0,0.24071379348264968,0.6979555074080352,4.701550340382218
2002-10-04 12:00:00,2002,10,4,12,1033732800,31.03297380603894,2.2144199890941216,98.3855377245972,17.654630929606398,0.0,0.27106133692909495,0.6452718188244001,7.5730560077270255
2002-10-04 18:00:00,2002,10,4,18,1033754400,25.75035612345413,2.4618951430812874,99.2480002277192,0.7616621162937005,0.0,0.2600917488470035,0.7104385151970999,4.952075179031246
2002-10-05 00:00:00,2002,10,5,0,1033776000,18.570215687936585,3.9190203928005376,98.42471615946047,0.691362893711791,0.0,0.2512829273502982,0.7432026387477908,4.592555633760881
2002-10-05 06:00:00,2002,10,5,6,1033797600,24.12501790788948,2.9727425522635396,98.55478745032633,0.7702738889138784,0.0,0.2668128539552237,0.7445842357828422,5.167105505561266
2002-10-05 12:00:00,2002,10,5,12,1033819200,27.474396029345918,4.131641068779923,98.94703448421704,17.738645036616447,0.0,0.2671711167930379,0.6649097995414647,6.836401943159789
2002-10-05 18:00:00,2002,10,5,18,1033840800,25.285748921118657,3.003875134537694,98.53150666732839,0.7701912971125426,0.0,0.23456605760350066,0.6620243959290247,4.749278399101056
2002-10-06 00:00:00,2002,10,6,0,1033862400,20.01905663543157,3.2226582403402766,97.98055054769908,0.351600784668327,0.0,0.2704502977094496,0.7203288287832138,4.543448984522039
2002-10-06 06:00:00,2002,10,6,6,1033884000,21.90921305275353,2.182720926022176,98.2691780939104,0.6139218529335032,0.0,0.2504048299812681,0.6985901213416696,4.598107446920212
2002-10-06 12:00:00,2002,10,6,12,1033905600,32.01538966780366,4.254028526508499,98.98568631125632,16.997851490348964,0.0,0.25378068973021134,0.6946679586100971,7.4717874230895465
2002-10-06 18:00:00,2002,10,6,18,1033927200,24.35449655346395,4.135132330619207,99.03168987470475,0.9700654432566728,0.0,0.22580329997156637,0.6576534138015837,4.8279526219855
2002-10-07 00:00:00,2002,10,7,0,1033948800,18.27786968815939,2.5599771185558415,98.005228539945,0.9001397328257004,0.0,0.22450411444411114,0.6996496636460754,4.391774933869281
2002-10-07 06:00:00,2002,10,7,6,1033970400,25.42435708149025,2.606209454902049,98.32253377948776,0.5676202274628285,0.0,0.2211130993631231,0.7219899325414652,5.056429095198326
2002-10-07 12:00:00,2002,10,7,12,1033992000,27.84323647323186,2.3807527086120106,98.4056870669202,17.35947781808843,0.0,0.29807073578067733,0.6728601721217119,7.414813135849763
2002-10-07 18:00:00,2002,10,7,18,1034013600,25.58674376626029,4.530393669277299,98.49316429393093,0.9096869429717659,0.0,0.29557589424911257,0.7099503016473647,5.586692056689059
2002-10-08 00:00:00,2002,10,8,0,1034035200,16.730758550595215,4.0732556996337905,98.34580819546291,0.2436002636565593,0.0,0.21423809555694948,0.6998721963584578,4.380844085541461
2002-10-08 06:00:00,2002,10,8,6,1034056800,23.162255947215378,3.420805141999339,98.65625285605628,0.5794818569288046,0.0,0.21798715032643556,0.6754989772171225,4.941270632740722
2002-10-08 12:00:00,2002,10,8,12,1034078400,28.364010201708542,2.4209989576714284,98.45257780310286,16.977617281074213,0.0,0.2380274915292851,0.6935490032052101,7.367645429285549
2002-10-08 18:00:00,2002,10,8,18,1034100000,22.679077013118693,2.2945141945114234,98.49591862956515,0.7715913548429434,0.0,0.27041604787349705,0.6636842431752374,4.668193766442842
2002-10-09 00:00:00,2002,10,9,0,1034121600,17.259634311338353,2.092465760883558,98.30170727933718,0.3790825213338287,0.0,0.2588121336954191,0.7196998339036645,4.313141660249353
2002-10-09 06:00:00,2002,10,9,6,1034143200,22.634455966673915,2.0851279153197777,98.87666771367293,0.7089796397081917,0.0,0.28965722099771946,0.6631336173296063,4.77941470016567
2002-10-09 12:00:00,2002,10,9,12,1034164800,27.566235960682878,2.3258887130115165,98.22538830763482,16.817036646066207,0.0,0.2402171678372523,0.6760871889517344,7.235194187886676
2002-10-09 18:00:00,2002,10,9,18,1034186400,22.661116139272444,2.174029847415332,98.75606279958059,0.11107486464450624,0.0,0.23236152786273115,0.7211014850003432,4.630884850848587
2002-10-10 00:00:00,2002,10,10,0,1034208000,20.386405884263624,3.237235715221221,98.95955074754578,0.10712143160831722,0.0,0.24543278128533652,0.6771628211948482,4.647280277612443
2002-10-10 06:00:00,2002,10,10,6,1034229600,23.885142534998383,2.6839368930888923,99.25583915621381,0.11905632455318738,0.0,0.2408382140223183,0.6647889883462607,4.318894982843748
2002-10-10 12:00:00,2002,10,10,12,1034251200,28.10300431687236,2.9020100567388933,98.80870589931504,16.365175981341228,0.0,0.24376892572681685,0.6983753672902562,6.671785008371342
2002-10-10 18:00:00,2002,10,10,18,1034272800,24.38259728952601,3.371327251242433,98.72642053770173,0.532973171596774,0.0,0.24645213382777414,0.7467237875751491,5.308601840567948
2002-10-11 00:00:00,2002,10,11,0,1034294400,17.96328009082191,3.637546104409194,98.16842681329193,0.6719026819837349,0.0,0.28469328962194373,0.7265263467387636,4.769994474045852
2002-10-11 06:00:00,2002,10,11,6,1034316000,21.915137175986274,3.59033527811948,99.11735122977827,0.12672840182568956,0.0,0.24469692777344823,0.7099085857867703,4.955317530115659
2002-10-11 12:00:00,2002,10,11,12,1034337600,25.69774048345637,2.4766842444018344,98.71841705338753,16.86362072396547,0.0,0.22102809786361988,0.7214296003164437,6.600993612476695
2002-10-11 18:00:00,2002,10,11,18,1034359200,24.58952731174559,4.5114443948949425,98.76833684125924,0.597740078257914,0.0,0.2364821533062888,0.7070952233274073,5.0293210977840666
2002-10-12 00:00:00,2002,10,12,0,1034380800,14.639788567563327,5.774292805867428,98.81107871075062,0.14709405139686238,0.0,0.2547573077338965,0.6971026453438982,3.9589448909166793
2002-10-12 06:00:00,2002,10,12,6,1034402400,20.71538756209405,2.5976011392670193,98.72672639233654,0.4040825999612633,0.0,0.25225119165007087,0.7176618884371487,4.835194934178891
2002-10-12 12:00:00,2002,10,12,12,1034424000,28.735248717752846,2.053859357986697,98.69482228517694,16.926523092284636,0.0,0.2511610142584965,0.7006537303512449,7.212515328109278
2002-10-12 18:00:00,2002,10,12,18,1034445600,22.95243615893488,5.469284088186961,98.58308068961271,0.01675602555201348,0.0,0.2062637506991846,0.6886437733977024,4.652098687309213
2002-10-13 00:00:00,2002,10,13,0,1034467200,20.040042308262393,5.889880147560072,98.92741222290434,0.1469478838983882,0.0,0.20697868267899708,0.6943684551029135,4.672172779315755
2002-10-13 06:00:00,2002,10,13,6,1034488800,21.88504120941692,2.1116625538072666,98.25922890655586,0.9958283743247446,0.0,0.23554072791754868,0.6987410746961885,4.66460079279166
2002-10-13 12:00:00,2002,10,13,12,1034510400,29.005416245497784,2.0406808624960058,98.25281750330026,16.825098795815766,0.0,0.24708927985398105,0.6979686577047498,7.167854262957837
2002-10-13 18:00:00,2002,10,13,18,1034532000,22.586612339162027,4.575760266182231,98.45517629525216,0.46413027921925776,0.0,0.22154667006503131,0.6997281178810931,4.45559590250157
2002-10-14 00:00:00,2002,10,14,0,1034553600,18.548976974999977,2.577000774994052,99.1007292011504,0.6298014120916252,0.0,0.2659504233832373,0.6576070063473349,4.684267315530525
2002-10-14 06:00:00,2002,10,14,6,1034575200,22.98006514185142,5.729149896424205,98.8596959200446,0.8462209705984745,0.0,0.2468816450006908,0.6810092332891698,4.957331896356847
2002-10-14 12:00:00,2002,10,14,12,1034596800,28.48119320021744,2.4052920332021515,98.53572337224034,16.85459051414086,0.0,0.22570257404776836,0.6492093198331242,7.071099364495452
2002-10-14 18:00:00,2002,10,14,18,1034618400,23.047611443477003,5.000440784044541,98.48593608196123,0.32470143546120905,0.0,0.2916698844557557,0.6950947713015121,4.783117658758428
2002-10-15 00:00:00,2002,10,15,0,1034640000,18.040246741318928,2.151575087023755,98.71902343374651,0.49129142254522407,0.0,0.22462750070761273,0.6958759093720859,4.544302589936159
2002-10-15 06:00:00,2002,10,15,6,1034661600,20.96717354778647,2.497853218915092,98.862931071882,0.6380550964986437,0.0,0.2265503798052241,0.7250944798637565,4.648009415691475
2002-10-15 12:00:00,2002,10,15,12,1034683200,27.713492315012076,7.469958832105686,99.15111782523124,16.005503877600084,0.0,0.22561728135421832,0.6945611735429641,7.510734246647769
2002-10-15 18:00:00,2002,10,15,18,1034704800,23.503973419096447,2.4392842215165076,99.3586893270938,0.9457965993907542,0.0,0.23477389624731765,0.6744423695546496,4.957482022567663
2002-10-16 00:00:00,2002,10,16,0,1034726400,17.398371127431204,2.2654870107859684,98.72174399442103,0.43274182566237296,0.0,0.21029090158702063,0.6711467963617522,3.6029929385288835
2002-10-16 06:00:00,2002,10,16,6,1034748000,22.323273592442977,4.969329453866846,99.42014471753734,0.3708623272579269,0.0,0.2465295208121391,0.7031596447859946,4.993738870022659
2002-10-16 12:00:00,2002,10,16,12,1034769600,24.65143094315498,2.2393961767131287,98.78340389006271,16.762640671887407,0.0,0.24928238491218202,0.6633557788311817,6.9493397555185314
2002-10-16 18:00:00,2002,10,16,18,1034791200,24.77698715809699,2.205197028724842,98.85021220203964,0.11828664875310663,0.0,0.24512869535495477,0.6883865130161897,4.948654959593123
2002-10-17 00:00:00,2002,10,17,0,1034812800,15.301288965497552,2.6443735808533564,99.06972817098938,0.039260797387108526,0.0,0.220547333955644,0.710536178330261,4.074603120924802
2002-10-17 06:00:00,2002,10,17,6,1034834400,21.42551804950958,3.571442847290978,99.11325576850562,0.6850024123002739,0.0,0.22063761860690484,0.7426713389511134,4.687967391917618
2002-10-17 12:00:00,2002,10,17,12,1034856000,26.170230262571845,3.918982388721366,99.248717465592,16.16311207758204,0.0,0.2418714750474895,0.7165931234023464,6.994011716922824
2002-10-17 18:00:00,2002,10,17,18,1034877600,22.797874154485225,5.254265907013352,98.39037618366574,0.7644758088301077,0.0,0.23392212794539316,0.66616438729257,5.071499264319177
2002-10-18 00:00:00,2002,10,18,0,1034899200,17.743666208696943,3.2334162605039047,98.82926398480623,0.0685446115267555,0.0,0.21137252935184603,0.6575759377659404,4.3852246753460165
2002-10-18 06:00:00,2002,10,18,6,1034920800,23.219735386045773,2.8155202694369414,99.16913839925434,0.38375714353538637,0.0,0.18692721342821378,0.6988721465982276,4.514858936091893
2002-10-18 12:00:00,2002,10,18,12,1034942400,28.286431620654763,2.7323475307714267,98.47219252262259,15.936661514785593,0.0,0.21951420796819995,0.6735510249841113,6.7283512392070595
2002-10-18 18:00:00,2002,10,18,18,1034964000,24.81591976177525,4.8806704571351585,98.23099285811682,0.7396065329465992,0.0,0.23784984061431685,0.6355994282860431,5.123012870609768
2002-10-19 00:00:00,2002,10,19,0,1034985600,16.651687063655153,4.003443428333305,98.36315851794924,0.22717011042737145,0.0,0.23508407959892733,0.7556782524633224,4.584566679379357
2002-10-19 06:00:00,2002,10,19,6,1035007200,20.862936709732843,5.6110220490022265,98.77251312000489,0.45794533477435484,0.0,0.19489620354598286,0.6830988301182437,4.543851149089664
2002-10-19 12:00:00,2002,10,19,12,1035028800,26.757587901444104,7.061247786468492,99.41550498638105,16.444122190801462,0.0,0.2419324038856906,0.7153876227023426,7.039942112930918
2002-10-19 18:00:00,2002,10,19,18,1035050400,20.451967048151783,2.608536579886434,98.35647221259154,0.9153905354644715,0.0,0.26220646439447487,0.6679045007576753,4.268581714853797
2002-10-20 00:00:00,2002,10,20,0,1035072000,16.472193092651835,3.213099608976016,98.47560380730697,0.7226057936657777,0.0,0.21591719076459634,0.6748126250296255,4.27632607472795
2002-10-20 06:00:00,2002,10,20,6,1035093600,19.663469432406266,3.580383703088851,98.67434958787551,0.42922841153295366,0.0,0.21887118871582842,0.6802997374970242,4.277797406145324
2002-10-20 12:00:00,2002,10,20,12,1035115200,25.736483758389564,2.3500244136768336,98.52733927081336,16.121842542597438,0.0,0.21247665540683638,0.6675683608927888,6.522597174406362
2002-10-20 18:00:00,2002,10,20,18,1035136800,19.458861900614238,2.1638394824428233,98.47301995070856,0.6896899471524958,0.0,0.21587764383024263,0.6529752018708559,4.337905816009558
2002-10-21 00:00:00,2002,10,21,0,1035158400,18.684274162744185,5.124965549808007,98.22997980594775,0.8749326265741181,0.0,0.24490449348427307,0.7394275708660218,4.584891321358016
2002-10-21 06:00:00,2002,10,21,6,1035180000,22.038140661465746,3.2404824188847776,98.68311129760058,0.8885739847602917,0.0,0.20498699518071156,0.6841504561405195,4.471129411452071
2002-10-21 12:00:00,2002,10,21,12,1035201600,29.691976532139442,3.358874207554396,99.42962305496528,16.406164217880747,0.0,0.22551867472065526,0.6261625478648163,6.843870577435818
2002-10-21 18:00:00,2002,10,21,18,1035223200,23.53734428487008,3.3044487128179236,99.0080055255632,0.8107110989073841,0.0,0.2151731164461861,0.676552891005736,4.839409271417245
2002-10-22 00:00:00,2002,10,22,0,1035244800,18.567963436819106,4.208749196056005,99.21058726631541,0.1467979359416668,0.0,0.22220038588968963,0.6279913359303925,3.984215666300824
2002-10-22 06:00:00,2002,10,22,6,1035266400,21.54463919886172,2.335105735128444,98.67625027307425,0.7476395333862431,0.0,0.21266525280523227,0.6457846483072119,4.100621465959387
2002-10-22 12:00:00,2002,10,22,12,1035288000,27.4892069791984,3.5273092741943133,98.60493702874146,16.21587331278564,0.0,0.23480087731153534,0.6743584470891171,6.756434110091953
2002-10-22 18:00:00,2002,10,22,18,1035309600,20.40954450659465,3.05008920782768,99.01412474508575,0.8778714276763856,0.0,0.23920440605968035,0.6873323396671324,4.853793722515734
2002-10-23 00:00:00,2002,10,23,0,1035331200,15.839523957334867,5.517617706929062,98.89888784376268,0.9248168946178259,0.0,0.22355877772415764,0.5930163977092547,3.91471120344723
2002-10-23 06:00:00,2002,10,23,6,1035352800,21.659091803629618,3.2084571356660483,98.85704924797295,0.5091598135184474,0.0,0.21176869833485984,0.7201869075586358,4.700177093422808
2002-10-23 12:00:00,2002,10,23,12,1035374400,24.0293361997582,6.4040332581145485,99.37690526464685,15.983229903719417,0.0,0.23181307575246649,0.6489463063908887,6.648385104953996
2002-10-23 18:00:00,2002,10,23,18,1035396000,20.878333267992804,2.762387605889055,98.63216946455995,0.009552776616970949,0.0,0.20109343561407403,0.6619745297011997,4.229405516467498
2002-10-24 00:00:00,2002,10,24,0,1035417600,17.712711956488107,7.230636190812085,98.60661175833387,0.572783567692434,0.0,0.22234038233447212,0.7121805112302625,4.791938909934706
2002-10-24 06:00:00,2002,10,24,6,1035439200,20.788006472373745,5.239601956540506,99.1451087383454,0.47319838107393963,0.0,0.20346074082841936,0.717519164959214,4.614756034274551
2002-10-24 12:00:00,2002,10,24,12,1035460800,25.418912827009233,3.43509775908912,99.1047373180539,16.218091253271204,8.701533014373933,0.3050651773449323,0.6475881174435274,7.324102474324509
2002-10-24 18:00:00,2002,10,24,18,1035482400,20.946608264024267,2.773303352948082,98.57641086072486,0.901709298602729,0.0,0.19455509020748718,0.6980705354173817,4.833789976729836
2002-10-25 00:00:00,2002,10,25,0,1035504000,17.531883064670215,2.836031158061663,98.92913574146586,0.7976039294333856,0.0,0.23507913068258912,0.6683054592637613,4.567981224472448
2002-10-25 06:00:00,2002,10,25,6,1035525600,21.951282588176948,4.35137860867397,98.36737300845321,0.05699418452026672,0.0,0.1862668927890873,0.7431789613447578,4.479556945318941
2002-10-25 12:00:00,2002,10,25,12,1035547200,26.071891245267505,3.43231539132928,98.99483061253517,15.586275220908739,0.0,0.2088311193065052,0.6433435475925208,6.60660618071386
2002-10-25 18:00:00,2002,10,25,18,1035568800,21.43626637937411,2.8990206772160745,98.76494170028894,0.696042222194562,0.0,0.18186287628137476,0.7130346084574959,4.749994602917805
2002-10-26 00:00:00,2002,10,26,0,1035590400,17.583261086889056,3.655607904250844,98.84733258889902,0.029660743564281056,0.0,0.2322896097592444,0.6432642737858115,4.289578218181436
2002-10-26 06:00:00,2002,10,26,6,1035612000,23.258801212416554,4.121551009268625,98.57912138331194,0.23581379175280115,0.0,0.24012218103510832,0.6286114853689818,4.859901842455351
2002-10-26 12:00:00,2002,10,26,12,1035633600,25.585554419889014,2.1742294847007293,99.279531347035,16.001049107359492,0.0,0.1852192392936082,0.6517203064599153,6.695857636174052
2002-10-26 18:00:00,2002,10,26,18,1035655200,21.174047923759645,2.280719165045333,98.9998065665653,0.1297807672994261,0.0,0.21552395698712135,0.611602996911275,4.47533783270494
2002-10-27 00:00:00,2002,10,27,0,1035676800,18.05426396817048,2.299431579606762,99.23474224431891,0.05137350433864418,0.0,0.2007395387121321,0.6300742457275136,3.7474122915321333
2002-10-27 06:00:00,2002,10,27,6,1035698400,21.971318523982664,2.5463727332496373,98.90519207926567,0.5805857562846692,0.0,0.21689757470527732,0.6484004178528183,4.433014972679395
2002-10-27 12:00:00,2002,10,27,12,1035720000,24.08263421045817,2.985833010930784,99.29357010868145,15.99015739110989,0.0,0.23818357020037778,0.6504112901467808,6.4452052662258605
2002-10-27 18:00:00,2002,10,27,18,1035741600,19.847245592875346,4.592337673112596,98.37626648336156,0.8346247399086405,0.0,0.21436450383600736,0.6854967807282557,4.466398829786856
2002-10-28 00:00:00,2002,10,28,0,1035763200,14.784568424517685,2.8107407356457292,98.9538179000362,0.9747725047209556,0.0,0.18894559435487787,0.679752763943778,3.9387552101003425
2002-10-28 06:00:00,2002,10,28,6,1035784800,20.45419670486271,2.188476472682762,99.31060230181784,0.7535231536962493,0.0,0.19044801343661266,0.6540305434542261,4.254630885217471
2002-10-28 12:00:00,2002,10,28,12,1035806400,26.63247486225536,3.152646818093528,98.35776489098336,15.412089425840326,0.0,0.1971790856847596,0.6029805016303631,6.316762735980705
2002-10-28 18:00:00,2002,10,28,18,1035828000,23.90555909049063,10.700666730566397,98.99084699213839,0.946616439589876,0.0,0.18970230420257905,0.5910491127065614,4.545013103523049
2002-10-29 00:00:00,2002,10,29,0,1035849600,15.845438124755905,2.817815568110504,99.14050159190145,0.4266332784533118,0.0,0.2170463818964007,0.6362023431285345,3.6143319987605516
2002-10-29 06:00:00,2002,10,29,6,1035871200,21.95917287529902,7.050010450084013,98.85202696608523,0.3500946163442443,0.0,0.21875069565018426,0.6270346717750825,4.960210265632262
2002-10-29 12:00:00,2002,10,29,12,1035892800,27.670617568378944,2.334183070820037,99.2657218174281,15.354838901454917,0.0,0.22703443147063077,0.6343478219709352,6.915408500191759
2002-10-29 18:00:00,2002,10,29,18,1035914400,23.200123677688637,2.4590053799049234,99.26875976208697,0.8139739543824662,0.0,0.19334667578162817,0.7007602735094014,4.670732947937837
2002-10-30 00:00:00,2002,10,30,0,1035936000,17.565798153098115,4.117857633640105,98.79706179896247,0.9176935498488883,0.0,0.22249640047206057,0.6307936328680246,3.616962767287651
2002-10-30 06:00:00,2002,10,30,6,1035957600,19.74314353271834,3.22952497727554,98.86646459150256,0.35768210995967553,0.0,0.23307654508973297,0.6230498494968442,4.109912592825564
2002-10-30 12:00:00,2002,10,30,12,1035979200,23.687526464454717,4.359194760027418,98.63407107540483,15.301730400595519,0.0,0.17288148850925203,0.6489083159812155,6.363322338975329
2002-10-30 18:00:00,2002,10,30,18,1036000800,19.92062806926306,5.173949730048225,99.0778042083189,0.8983273233043848,0.0,0.18966597883154795,0.6334160661637176,4.471880540026365
2002-10-31 00:00:00,2002,10,31,0,1036022400,16.011475999825205,2.632509899495051,99.0582608861006,0.04704366452866893,0.0,0.1948031504257072,0.6637485209155339,3.794800336800568
2002-10-31 06:00:00,2002,10,31,6,1036044000,19.644203203309676,3.9212876015223594,98.99821356315483,0.7838686941138514,0.0,0.21341186383462224,0.6532039598583249,4.459626675172358
2002-10-31 12:00:00,2002,10,31,12,1036065600,23.32108374829037,3.602030522042704,99.02771479303519,15.227477192086589,0.0,0.2237687495616339,0.7014464509109504,6.503094011700953
2002-10-31 18:00:00,2002,10,31,18,1036087200,18.935701975280036,5.164522323453687,98.74035478743306,0.3765183510496731,0.0,0.16235488303000745,0.6370821469304087,4.2876308627837
2002-11-01 00:00:00,2002,11,1,0,1036108800,20.165359357411816,3.055305887397205,98.58371202009228,0.44692129183683904,0.0,0.18111551870492085,0.7005030449092123,4.28799617293392
2002-11-01 06:00:00,2002,11,1,6,1036130400,20.326544596511066,2.2917502269877112,99.14563163589598,0.4186906755015798,0.0,0.21741703074922275,0.6635109399838156,4.30526390873131
2002-11-01 12:00:00,2002,11,1,12,1036152000,28.355688646895914,3.4924834825905933,98.95293258604225,15.464610694697562,0.0,0.17746666303782344,0.6584897963415139,6.555166227714785
2002-11-01 18:00:00,2002,11,1,18,1036173600,20.303390408707195,6.9986837343882105,98.70304194496615,0.9279475222441574,0.0,0.21047116360502913,0.5829228897795682,4.53591917052929
2002-11-02 00:00:00,2002,11,2,0,1036195200,16.742747064133052,2.247383268974066,98.80956992453659,0.4914558254465786,4.722744581106311,0.2507332547758072,0.5750473919205357,4.034582922816555
2002-11-02 06:00:00,2002,11,2,6,1036216800,20.33903138414479,2.6374389053808387,99.30264085083935,0.8327337857825113,0.0,0.20758010317158482,0.5909253876299019,3.9352291536673607
2002-11-02 12:00:00,2002,11,2,12,1036238400,25.564781892897418,2.7951190743174092,99.28551171565798,15.375644747874583,0.0,0.2078354074613521,0.6456309283202324,6.553053824082925
2002-11-02 18:00:00,2002,11,2,18,1036260000,21.721412530954524,4.402893193590516,99.22596150013959,0.3306807855564786,0.0,0.18350197265540083,0.6618511209811884,4.423546209053611
2002-11-03 00:00:00,2002,11,3,0,1036281600,14.850088935639038,2.82481209146611,99.02924663495695,0.5873138145265476,0.0,0.184233324022193,0.6518254276562675,3.9589366630887404
2002-11-03 06:00:00,2002,11,3,6,1036303200,18.662523972444884,2.6489205843017,98.83701668249488,0.6668156750156945,0.0,0.18264144395357226,0.6369219182919793,4.010370727033358
2002-11-03 12:00:00,2002,11,3,12,1036324800,24.245947033660315,3.8076383359839365,99.43831300305662,14.60390226376741,0.0,0.19405496912392334,0.6628890258253942,6.121180307673617
2002-11-03 18:00:00,2002,11,3,18,1036346400,19.237850830623817,2.3103471850425907,98.94460885118941,0.3959555512242421,0.0,0.14692657833762768,0.6716216154834834,3.878491492616225
2002-11-04 00:00:00,2002,11,4,0,1036368000,15.480990617542673,2.5338174783382597,99.13719555738535,0.9926381758474568,0.0,0.19670206523099742,0.6230183650612211,4.195500567640484
2002-11-04 06:00:00,2002,11,4,6,1036389600,17.51132228598075,3.0396936214664847,98.80085459420529,0.6372564270700936,0.0,0.22150311163503478,0.6490135713088865,4.095378519628858
2002-11-04 12:00:00,2002,11,4,12,1036411200,25.813148823761647,2.912397414307397,98.98454106447089,14.852362941307415,0.0,0.19100010287476488,0.6437881176048906,6.573086467979645
2002-11-04 18:00:00,2002,11,4,18,1036432800,22.254778514652763,2.8928922350263737,98.25607096412445,0.2500240394007296,0.0,0.1846065273895692,0.6564577364577963,4.060523786508724
2002-11-05 00:00:00,2002,11,5,0,1036454400,14.49651680987375,2.440152498157253,98.88161681291969,0.20948160210075628,0.0,0.18601696967636666,0.6384917232241841,3.726353959229562
2002-11-05 06:00:00,2002,11,5,6,1036476000,19.276636621429933,2.939185912758173,98.61316582176588,0.4016414089652075,0.0,0.19515958634846722,0.6365863823291178,3.802719729465098
2002-11-05 12:00:00,2002,11,5,12,1036497600,28.209572373065782,4.666962870046861,99.13541243379294,14.65013229928531,0.0,0.2074130417586056,0.6105322386701327,6.618150631755554
2002-11-05 18:00:00,2002,11,5,18,1036519200,22.46655319023555,3.0690396562988025,98.89151501331622,0.13518618205352995,0.0,0.18318849471390747,0.6348332073514464,4.138750100741656
2002-11-06 00:00:00,2002,11,6,0,1036540800,15.80490348768855,3.6061457323294084,98.99380457462019,0.3640632844269589,0.0,0.1786905171074739,0.6147856874903936,3.555214482050811
2002-11-06 06:00:00,2002,11,6,6,1036562400,19.042255513875325,2.5506269517487503,99.7234053031867,0.6069996926457933,0.0,0.15454957865665928,0.5929067282805792,3.6156186067774505
2002-11-06 12:00:00,2002,11,6,12,1036584000,26.039333682511245,2.391081980177012,98.77788191982552,14.543063434316824,0.0,0.18296670536096532,0.6339771373566337,6.221911591429998
2002-11-06 18:00:00,2002,11,6,18,1036605600,18.65076894035173,5.462537340550271,99.12087212268571,0.04434327386286184,0.0,0.1579903753256257,0.5943028337843003,3.508127595257053
2002-11-07 00:00:00,2002,11,7,0,1036627200,13.085791499790519,2.901750846113609,99.16399750479808,0.03463281806369156,0.0,0.16855438320989635,0.6199188269082542,3.132273570871506
2002-11-07 06:00:00,2002,11,7,6,1036648800,20.748491860641703,2.9449111739844747,98.81323629292048,0.2673842524359683,0.0,0.19705129642860933,0.6102205862077604,4.171693463342094
2002-11-07 12:00:00,2002,11,7,12,1036670400,24.352813949863222,5.4497267043758715,99.42922501613413,14.527661932448407,0.0,0.1999185574400008,0.6043387639467555,5.925128165838984
2002-11-07 18:00:00,2002,11,7,18,1036692000,17.03532544872847,4.1432864649227135,99.59207956192466,0.5392553602901541,0.0,0.18876597236173928,0.6633692374090918,3.7438627663021617
2002-11-08 00:00:00,2002,11,8,0,1036713600,15.858810452889404,4.43107799202294,99.47173000464596,0.45572018705089945,0.0,0.20125403689392454,0.6665096108093612,4.373567836121221
2002-11-08 06:00:00,2002,11,8,6,1036735200,22.16892558469216,4.032153794010934,98.82573397791676,0.32476661433901866,0.0,0.14396469221407254,0.6084554047046461,4.425337588485821
2002-11-08 12:00:00,2002,11,8,12,1036756800,25.968109760714583,2.4813072285102264,98.90103716766289,15.113023134794158,0.0,0.20952613205476514,0.6472813199441241,6.30488840146439
2002-11-08 18:00:00,2002,11,8,18,1036778400,19.230457196048242,7.068560765345616,98.503829926121,0.5049469929965282,21.650281575706742,0.3764910652122537,0.569917625868582,4.9490324515484145
2002-11-09 00:00:00,2002,11,9,0,1036800000,11.678343852191084,5.927148057133742,99.07089998730801,0.09152999208409918,0.0,0.180437059165336,0.5779851945721237,3.2435172962143737
2002-11-09 06:00:00,2002,11,9,6,1036821600,20.10841946774002,2.733769706578267,99.0923654118342,0.2957643540736953,20.55065686616968,0.36661774566865746,0.6116005554228072,4.619978778278395
2002-11-09 12:00:00,2002,11,9,12,1036843200,23.903547252930206,4.7739726981481905,99.35924497724312,15.19587269583319,0.0,0.18062107477658476,0.5814353942279293,5.523435468873636
2002-11-09 18:00:00,2002,11,9,18,1036864800,18.53701204742258,3.11947162468211,99.65441166997935,0.9769773207580161,0.0,0.17477844797358566,0.6247025315936241,4.322791043185156
2002-11-10 00:00:00,2002,11,10,0,1036886400,11.880787915873881,4.072791600233433,98.76110616984661,0.25467163554711925,0.0,0.19461998045785733,0.6180537655603258,3.6191910149420115
2002-11-10 06:00:00,2002,11,10,6,1036908000,22.61643103415684,2.617446715388235,99.18028653363572,0.1672361287949139,0.0,0.22116929309367545,0.6080048499777991,4.513427142327361
2002-11-10 12:00:00,2002,11,10,12,1036929600,23.15513512160663,3.505963936925239,99.07097749461886,14.662394049716449,0.0,0.18950622032632528,0.6804438672475218,6.352800282363762
2002-11-10 18:00:00,2002,11,10,18,1036951200,17.068538750528372,2.548948210121746,99.09333465173086,0.4814649181668483,0.0,0.16947892532711528,0.6204681538726334,3.7399643177729995
2002-11-11 00:00:00,2002,11,11,0,1036972800,17.2567637997183,3.514887880037841,99.62118340670797,0.4101376872690171,0.0,0.19996935244277048,0.6226261428851455,3.8648054466924497
2002-11-11 06:00:00,2002,11,11,6,1036994400,19.76139467201943,2.7813067150184096,99.18061325800652,0.529357227493953,0.0,0.13537127325893145,0.6199116508769469,3.8678454955069825
2002-11-11 12:00:00,2002,11,11,12,1037016000,24.52873737110922,3.266038814019102,99.31682433973185,14.344209643650066,0.0,0.15770089788592281,0.578315443504596,6.216635055472189
2002-11-11 18:00:00,2002,11,11,18,1037037600,20.17889815659432,4.016333357444868,99.29409663415836,0.1149293415436889,0.0,0.16469482039132943,0.6638525928960761,4.151943849406949
2002-11-12 00:00:00,2002,11,12,0,1037059200,15.28406978803333,5.523808062177594,99.23027896984773,0.570461458476435,0.0,0.16120242107428864,0.5590703300359258,3.9980761330401973
2002-11-12 06:00:00,2002,11,12,6,1037080800,19.950379124245806,2.6505464567367554,98.9347305348288,0.932597996782375,0.0,0.1519698257754782,0.609739462370709,3.81731122771278
2002-11-12 12:00:00,2002,11,12,12,1037102400,22.37040264129813,5.735708933533997,99.72636277213635,14.196223997467671,0.0,0.1806684466459648,0.6235171253284634,5.763425233270441
2002-11-12 18:00:00,2002,11,12,18,1037124000,17.25413706102927,3.1210789309046665,99.15465314022372,0.7048147242314642,0.0,0.1667055672131796,0.6306962690997254,3.680137101065389
2002-11-13 00:00:00,2002,11,13,0,1037145600,13.454699702644263,5.181768576352626,99.3369530235232,0.437896687380385,0.0,0.1614484845560425,0.5876176521793319,3.4708663764466743
2002-11-13 06:00:00,2002,11,13,6,1037167200,18.783005599661692,3.474719396902585,99.25375753051861,0.293976589728804,0.0,0.19236716461519687,0.6192585613848556,4.307026773646857
2002-11-13 12:00:00,2002,11,13,12,1037188800,24.008115405002208,5.369895655623255,98.54413511387558,14.8592123539606,0.0,0.1552522164524854,0.565505189890506,5.910080563173451
2002-11-13 18:00:00,2002,11,13,18,1037210400,19.891005553603506,4.027600110579206,98.86496687703173,0.4564916945371837,0.0,0.18473341074671945,0.6470672681635139,3.912428564200863
2002-11-14 00:00:00,2002,11,14,0,1037232000,14.048344069356265,3.4806337323872385,99.22436561992055,0.5833120140679902,0.0,0.156126761854588,0.5877599576888398,3.46441135462933
2002-11-14 06:00:00,2002,11,14,6,1037253600,18.446651512525676,2.97665840926915,98.93530633371972,0.4430562869399294,0.0,0.1565593797484638,0.5777470718219376,3.9926967138598837
2002-11-14 12:00:00,2002,11,14,12,1037275200,25.059763552138627,7.62079350588391,99.31108216205882,14.036164609794817,0.0,0.146396857911507,0.5735141715937916,6.08864257697983
2002-11-14 18:00:00,2002,11,14,18,1037296800,20.53843627792753,4.83543839761494,98.91712388341746,0.5949046869001876,0.0,0.1325017503344234,0.6015711698057653,4.030515314666056
2002-11-15 00:00:00,2002,11,15,0,1037318400,13.175985812834806,3.1524437435849624,99.20759858133614,0.41884097503812123,0.0,0.14580373382075276,0.5408684699654347,3.191939475863623
2002-11-15 06:00:00,2002,11,15,6,1037340000,17.33725474040109,2.7060998727745753,98.69028231098522,0.0867566060676297,0.0,0.123506954414045,0.6148134040703059,3.5216449298021053
2002-11-15 12:00:00,2002,11,15,12,1037361600,24.659453252550577,4.700542404884933,99.45330040611054,14.500737301078575,0.0,0.16414810144345718,0.5703575191187671,6.510396084389936
2002-11-15 18:00:00,2002,11,15,18,1037383200,18.758187559386943,9.331936709956137,99.33782397443916,0.009870932039229213,0.0,0.15273265532106906,0.6274040515701651,4.410603311550707
2002-11-16 00:00:00,2002,11,16,0,1037404800,15.566722911184117,2.941434615645478,99.36397346402524,0.2085203882545923,0.0,0.1781359498021473,0.546549030180519,3.8711305763835338
2002-11-16 06:00:00,2002,11,16,6,1037426400,17.834775858557304,6.163777083490708,99.18747127646593,0.7810695369052124,0.0,0.14195176203293558,0.5877837559606119,4.442909874699387
2002-11-16 12:00:00,2002,11,16,12,1037448000,22.50390927249145,2.651745228309014,99.00553974493397,13.894076988986216,10.899459561557226,0.2602944465930455,0.6004388429367419,6.399753213941293
2002-11-16 18:00:00,2002,11,16,18,1037469600,18.362595359139885,7.012103244623976,99.68806007355971,0.6466820980551404,0.0,0.18080940799772197,0.6036888582369879,4.035534652745356
2002-11-17 00:00:00,2002,11,17,0,1037491200,15.0176822609242,4.521153378498457,99.72655505528606,0.949706946207324,0.0,0.171673178220126,0.5638034234815559,3.8142293168988965
2002-11-17 06:00:00,2002,11,17,6,1037512800,18.71057086608014,3.107760862492814,99.20517762814548,0.17119245817300677,0.0,0.1565990966919699,0.5422629385772525,4.037070793916061
2002-11-17 12:00:00,2002,11,17,12,1037534400,24.105111397985354,3.014391581556546,99.05520193172954,14.225713334120703,0.0,0.13317761644141818,0.5655966213199324,5.839664283012964
2002-11-17 18:00:00,2002,11,17,18,1037556000,18.49518625782426,4.016280429454852,98.70807161324193,0.5754976973709999,0.0,0.1656084588188446,0.6143044308935115,3.8786626882599835
2002-11-18 00:00:00,2002,11,18,0,1037577600,15.68867304288636,3.8386179447914754,99.30587426204231,0.4504158387338443,0.0,0.1455263912911091,0.6374874930766028,3.951643131631314
2002-11-18 06:00:00,2002,11,18,6,1037599200,19.890001293157095,6.257122021428657,99.03777981003779,0.6203776861817673,0.0,0.1408918640387518,0.5260326016199104,3.602413326259229
2002-11-18 12:00:00,2002,11,18,12,1037620800,21.88151826330407,4.6685451800671345,99.09443906864936,14.166392910702841,0.0,0.17791663281645115,0.5525795374393412,5.805321923635129
2002-11-18 18:00:00,2002,11,18,18,1037642400,20.517192440268516,3.654318029996418,99.52753005941747,0.14850412902192214,0.0,0.1806179453816904,0.5227466290570013,4.023020721347448
2002-11-19 00:00:00,2002,11,19,0,1037664000,14.980466512928288,6.445164012222419,98.96112070220077,0.08904435982445569,0.0,0.13097619172783656,0.5536156236129702,3.417788536949269
2002-11-19 06:00:00,2002,11,19,6,1037685600,20.72202850857386,3.854968782110451,99.82547912788137,0.7444431561771444,0.0,0.18303045021213224,0.550929683732148,4.174390393720853
2002-11-19 12:00:00,2002,11,19,12,1037707200,23.30178447400418,5.350079712893748,98.94471056278593,13.955868970016887,0.0,0.14691547591381673,0.5342008876258368,5.860016973760211
2002-11-19 18:00:00,2002,11,19,18,1037728800,17.686354145491862,5.26528376737804,98.63574105424276,0.8474503127667251,0.0,0.16436376868385796,0.6199572491033664,4.099226484498943
2002-11-20 00:00:00,2002,11,20,0,1037750400,13.902331744119872,6.30062769137305,99.06368263885457,0.7430272438218404,23.893794481269634,0.42169058778270385,0.59975570017677,4.664837163599113
2002-11-20 06:00:00,2002,11,20,6,1037772000,19.270917660128262,2.632048984005417,99.36814040158244,0.04945318434236168,0.0,0.1428693958177733,0.5726513633888706,3.601732806321757
2002-11-20 12:00:00,2002,11,20,12,1037793600,25.80437377093882,3.8420105916548097,99.30208918968977,13.874674845247705,0.0,0.15136593419780128,0.5620422171603912,5.908903794569183
2002-11-20 18:00:00,2002,11,20,18,1037815200,19.98113614515094,3.47483068153421,99.31600495093087,0.2919926565595399,0.0,0.16059626454761397,0.5921247412219055,3.6556298092622606
2002-11-21 00:00:00,2002,11,21,0,1037836800,14.183533308294464,3.558464472915999,99.18903778043948,0.5944822488260402,0.0,0.17515267519421077,0.5305231222784647,3.6860974725619515
2002-11-21 06:00:00,2002,11,21,6,1037858400,18.768614336404458,3.470882455075793,99.1218217294804,0.809827000315139,0.0,0.14394546473421774,0.5677196726842068,3.8755238530614626
2002-11-21 12:00:00,2002,11,21,12,1037880000,23.982787874327688,5.272160013738743,98.90029244776767,13.691297737103017,0.0,0.15973425372495165,0.5424122801972628,5.853871784948141
2002-11-21 18:00:00,2002,11,21,18,1037901600,18.36842539699029,3.1218924030969286,99.31099751058335,0.24960895187981258,0.0,0.12806132599855277,0.6308732893810254,3.609468181080351
2002-11-22 00:00:00,2002,11,22,0,1037923200,14.913947158015429,3.4988705124373283,99.60000828783292,0.3762097623797209,0.0,0.11133708486656851,0.5149798559728554,3.171779076339803
2002-11-22 06:00:00,2002,11,22,6,1037944800,16.71726128115617,2.9029255184955933,99.28722705276412,0.18337715458816628,0.0,0.12739846286324627,0.5475582508194268,3.404772018239249
2002-11-22 12:00:00,2002,11,22,12,1037966400,23.908583349565248,3.001890152898353,99.05474153115242,14.135051972727082,0.0,0.12734306598193043,0.516889763280994,5.47347624564079
2002-11-22 18:00:00,2002,11,22,18,1037988000,20.461751429328366,4.186998824128487,99.32676786100677,0.47800247935831197,8.324222714797608,0.24371269566060139,0.5782880354729466,4.534239715351757
2002-11-23 00:00:00,2002,11,23,0,1038009600,12.12973180466387,2.773820991173273,99.73271673316249,0.3164956420511599,0.0,0.13692259960463207,0.5733153179752529,2.901931436941453
2002-11-23 06:00:00,2002,11,23,6,1038031200,21.75028635674948,2.8993379722879076,99.2323644869275,0.5168868869203568,0.0,0.12617495194708914,0.5298893927709549,3.594328409739435
2002-11-23 12:00:00,2002,11,23,12,1038052800,22.217352659723037,3.713558968089318,98.92258998915378,13.905683682177731,0.0,0.12064604252557382,0.5135532437126669,5.620525562111648
2002-11-23 18:00:00,2002,11,23,18,1038074400,18.076247351105657,2.6544246583192677,99.35951620343434,0.3431940674672924,0.0,0.13003814131580324,0.5392461663532785,3.7890968379860337
2002-11-24 00:00:00,2002,11,24,0,1038096000,15.312054892278374,2.8115141289674828,99.48080898233756,0.2653955253569925,0.0,0.15416435859575184,0.5249194925443775,3.3821431846228296
2002-11-24 06:00:00,2002,11,24,6,1038117600,20.951203425248302,5.593440780704245,99.56409417072027,0.5404379343143882,0.0,0.11801867734724888,0.5477792331457585,3.6646993987397893
2002-11-24 12:00:00,2002,11,24,12,1038139200,24.309372967614607,5.415544203000942,99.51309572920262,13.955398426781159,0.0,0.13327270394435697,0.5944492278226838,6.173844854205992
2002-11-24 18:00:00,2002,11,24,18,1038160800,19.269856736418284,3.2489610378122413,99.35375512361281,0.19632478412722543,0.0,0.1281753828197586,0.5656966810444444,3.6968442533761765
2002-11-25 00:00:00,2002,11,25,0,1038182400,16.396969031751755,3.270345685423286,99.06391798958852,0.012966260898199189,0.0,0.14033542084650524,0.563609139572026,3.471825046765015
2002-11-25 06:00:00,2002,11,25,6,1038204000,16.663003257351445,6.764237637090441,99.01906444790188,0.1509295406129194,0.0,0.17006953653581036,0.5407069187200224,4.030364307357252
2002-11-25 12:00:00,2002,11,25,12,1038225600,21.127911220756097,2.6680709204249764,99.21260873713406,13.516868652041552,0.0,0.12021155129882144,0.6201410550125146,5.643818776871322
2002-11-25 18:00:00,2002,11,25,18,1038247200,15.828629065148988,3.9311062167190505,99.49862273152907,0.43159883363843377,0.0,0.13959886765155194,0.5443301556601771,3.360204343804609
2002-11-26 00:00:00,2002,11,26,0,1038268800,12.382442021263097,4.014629914194281,99.12875734282835,0.22509685391235834,0.0,0.13038125343038734,0.557523870002379,2.8195797541975254
2002-11-26 06:00:00,2002,11,26,6,1038290400,17.585194385629823,4.9759020318215565,99.17673451617877,0.42045533252472456,0.0,0.12136566951446799,0.5687145438546484,3.550163518626703
2002-11-26 12:00:00,2002,11,26,12,1038312000,24.230188262339293,7.197002578380527,99.05830547002866,13.767576083516373,0.0,0.13169607507919293,0.5342218597445942,5.907484439666415
2002-11-26 18:00:00,2002,11,26,18,1038333600,20.170958140645112,3.3096306656531223,99.79216146912371,0.5380148106865684,0.0,0.1670837565899365,0.5419793777381403,3.9945050816909355
2002-11-27 00:00:00,2002,11,27,0,1038355200,14.968589880796229,3.5352827738534365,99.26692590647626,0.7238668287886009,0.0,0.12674929704871327,0.5135266068532999,3.006725371990226
2002-11-27 06:00:00,2002,11,27,6,1038376800,19.92474168346927,4.340254793690151,99.53504700573788,0.47931393813385637,0.0,0.1267467763472243,0.53116188457326,3.5735304792551386
2002-11-27 12:00:00,2002,11,27,12,1038398400,22.16859515773373,7.800616169040397,99.80764442425915,13.465538212346079,0.0,0.12055468624120151,0.5745252261482696,5.10698214346608
2002-11-27 18:00:00,2002,11,27,18,1038420000,19.182869892710734,5.993103326343391,99.04805398584173,0.017510481414909605,0.0,0.13643807430408889,0.5655393399036838,3.8652666546627663
2002-11-28 00:00:00,2002,11,28,0,1038441600,12.453523153939908,4.34265019866685,99.57063504881206,0.21323116627753913,0.0,0.10558136924792909,0.5460612384608861,2.6836623407062126
2002-11-28 06:00:00,2002,11,28,6,1038463200,19.45555058413281,5.60746141686894,99.31499780653493,0.42496751122085374,0.0,0.12800787490212448,0.5527437425973301,3.690024727906465
2002-11-28 12:00:00,2002,11,28,12,1038484800,23.618210545463768,2.8265742333049193,99.76464447642874,13.415281142658019,0.0,0.1344954344710554,0.524311472921012,5.309849433694933
2002-11-28 18:00:00,2002,11,28,18,1038506400,19.881616273486806,3.4031110550229045,99.10524615118184,0.3277338048398906,0.0,0.10861651961860183,0.5538794903106965,3.753760921594224
2002-11-29 00:00:00,2002,11,29,0,1038528000,17.069332934526233,2.734645025832694,99.41636216011469,0.8870257078951523,0.0,0.15499258986564157,0.5156263928426037,3.59453587627954
2002-11-29 06:00:00,2002,11,29,6,1038549600,18.455696353661892,3.007936155008676,99.54239511483433,0.09001902185216937,0.0,0.15425982993035237,0.4711930451540722,3.2859349978250587
2002-11-29 12:00:00,2002,11,29,12,1038571200,21.84993604696656,4.208253239645252,99.14671421146669,14.287070443897006,0.0,0.16798861647199462,0.5751688287543675,5.813581543765962
2002-11-29 18:00:00,2002,11,29,18,1038592800,16.058140938849046,5.966454788075636,99.28978416961226,0.8566717755091213,0.0,0.1344622062844662,0.5140672053010296,3.6438905230540932
2002-11-30 00:00:00,2002,11,30,0,1038614400,12.112699187288081,4.239686083691909,99.31875260487433,0.8317811560135387,12.457144489261868,0.2533822942778997,0.5465343902465494,3.7214148721011973
2002-11-30 06:00:00,2002,11,30,6,1038636000,20.058166286339514,4.373576438641312,99.68910411210268,0.863658510876291,0.0,0.11894022159813569,0.504023563438613,2.987679172504914
2002-11-30 12:00:00,2002,11,30,12,1038657600,24.18465914013569,2.9014172610448563,100.0263532586778,13.388163306548662,16.465099586855995,0.2865134466135043,0.43420184243121984,6.379688233389094
2002-11-30 18:00:00,2002,11,30,18,1038679200,18.803367107511185,4.376806167439169,99.8340316698322,0.15116809397869843,0.0,0.13903941217853094,0.5127214344330885,3.6867586619249377
2002-12-01 00:00:00,2002,12,1,0,1038700800,13.985280411348178,3.667993952420611,99.801027091818,0.13437242656108217,0.0,0.11831557317338427,0.45431690647481865,3.1520712174756937
2002-12-01 06:00:00,2002,12,1,6,1038722400,19.492161215507938,4.340255017113591,98.11374513812571,0.11124181075137596,0.0,0.11495538686746658,0.532228083404875,3.4356230731191055
2002-12-01 12:00:00,2002,12,1,12,1038744000,21.077539062087343,3.3515097349455196,99.40939544581796,13.606773675361232,0.0,0.12915037001681312,0.5026914087650537,5.073147285819289
2002-12-01 18:00:00,2002,12,1,18,1038765600,19.892494567191214,4.065903870881202,99.38877708871549,0.830216882950529,0.0,0.10544507812913637,0.5461333683703875,3.5753861353665504
2002-12-02 00:00:00,2002,12,2,0,1038787200,13.95464291709649,3.6095511386092554,99.61817103553913,0.25196214363122926,0.0,0.1470606716054299,0.5111814362972459,3.5933098579201004
2002-12-02 06:00:00,2002,12,2,6,1038808800,16.209451919506893,4.00873084752891,98.94570599845879,0.24422167899226,0.0,0.11562236200103337,0.47327875923646,3.1086095453772105
2002-12-02 12:00:00,2002,12,2,12,1038830400,23.873710036544587,3.020550263253198,99.59554305473326,13.927299543463457,0.0,0.13074926615385946,0.5242755049986285,5.553151884349934
2002-12-02 18:00:00,2002,12,2,18,1038852000,16.41692472875023,3.537735958268066,98.75235960251928,0.09692510213671875,0.0,0.0994218804723521,0.457393630486587,3.4143080380295014
2002-12-03 00:00:00,2002,12,3,0,1038873600,14.095527079614374,3.5079498132066225,99.69430291664193,0.360279992361924,0.0,0.112077491153865,0.4895372422791767,2.946242910565931
2002-12-03 06:00:00,2002,12,3,6,1038895200,18.510146046416477,4.804627128603692,98.89155913436022,0.295426306844221,0.0,0.10507307079125743,0.44283208686752623,3.2870029760721313
2002-12-03 12:00:00,2002,12,3,12,1038916800,21.816477081593522,4.6430286745810205,99.7535351962934,14.072467089853147,0.0,0.10591665324889916,0.5092528492324958,5.097826154630509
2002-12-03 18:00:00,2002,12,3,18,1038938400,18.95051475247688,6.397690686571766,99.73850940203337,0.5145012776254616,0.0,0.09019724799438031,0.5061694143960098,3.9128871674546675
2002-12-04 00:00:00,2002,12,4,0,1038960000,14.505782396717345,4.327391114707041,99.29379225768187,0.646473564121941,0.0,0.13157648533949273,0.4970583875540809,3.0715106886069194
2002-12-04 06:00:00,2002,12,4,6,1038981600,17.43198923632495,3.3941692895552977,99.52542813771792,0.12903433820623522,0.0,0.120139985234317,0.4651987941690148,3.1888272404986244
2002-12-04 12:00:00,2002,12,4,12,1039003200,24.46563491761927,5.120996651686999,99.3929593409852,14.129254812257187,0.0,0.08207476710181744,0.533846715632584,4.903246166024688
2002-12-04 18:00:00,2002,12,4,18,1039024800,17.87444662122173,3.858396623493735,98.95031605523857,0.32245215412510625,0.0,0.10620032059855437,0.5205358192659557,3.353588393395922
2002-12-05 00:00:00,2002,12,5,0,1039046400,14.567953074803139,3.173401055880548,99.5703232094103,0.7068388378431615,0.0,0.10361491542948716,0.4947780830741736,3.0448953593149004
2002-12-05 06:00:00,2002,12,5,6,1039068000,18.112580976490097,4.914826818023993,99.75767863111182,0.9546261799155435,0.0,0.11594345292762505,0.47033127087621157,3.3655968620838945
2002-12-05 12:00:00,2002,12,5,12,1039089600,25.016225912331056,3.0641005494446207,99.30476076688673,13.685577983159785,0.0,0.10506270212059023,0.4772605772689556,5.062442020301087
2002-12-05 18:00:00,2002,12,5,18,1039111200,16.886088425036036,3.145138764706867,99.59309987615751,0.5075352587338572,0.0,0.12970611774121943,0.48729619896471543,3.4151799067350272
2002-12-06 00:00:00,2002,12,6,0,1039132800,11.896081496769117,5.007128765415667,99.14570744938877,0.11724942355845192,0.0,0.12477469517364811,0.4491696524097292,2.4580932640182915
2002-12-06 06:00:00,2002,12,6,6,1039154400,17.04105756157757,5.079667505110651,99.68425508843148,0.39027555642312917,0.0,0.14962986804485268,0.5077914036813682,3.2007476086443933
2002-12-06 12:00:00,2002,12,6,12,1039176000,23.413042974303064,5.2207721163837935,99.41186851984993,14.007415810259506,0.0,0.08,0.5199778437709693,5.382898776338462
2002-12-06 18:00:00,2002,12,6,18,1039197600,17.99463275530345,3.394986471572701,99.40434196559742,0.13510650709894995,0.0,0.13284045817541684,0.5334700365645314,3.7328823997447502
2002-12-07 00:00:00,2002,12,7,0,1039219200,13.621755699381481,5.91923170701836,99.55661782837937,0.9175041305606574,0.0,0.11893165489218109,0.4662892553514551,3.127670377177235
2002-12-07 06:00:00,2002,12,7,6,1039240800,16.44572529226702,4.821578653365897,99.8746168894672,0.6673094143866567,4.730008544769539,0.14683146834054384,0.5179178359012229,3.5785168043869895
2002-12-07 12:00:00,2002,12,7,12,1039262400,22.115680044624607,5.591124789028202,99.57381928839315,13.555368148892729,0.0,0.09790124962324419,0.5197670994403825,5.232200038709303
2002-12-07 18:00:00,2002,12,7,18,1039284000,20.09787936442443,4.747383827371118,99.09118780938779,0.5464984185256588,0.0,0.10126860228652403,0.45763700455660156,3.32524911785721
2002-12-08 00:00:00,2002,12,8,0,1039305600,13.720473291939262,4.221315215355939,99.2071952223198,0.15049660773670093,0.0,0.10554604958921572,0.4408507645047764,3.027324147209043
2002-12-08 06:00:00,2002,12,8,6,1039327200,19.098475023124436,3.0952859137849806,99.40105404447193,0.21748329313773096,0.0,0.08977128899040888,0.5035621951667426,3.573182319220746
2002-12-08 12:00:00,2002,12,8,12,1039348800,22.78013891579674,4.783166733637549,99.57149347856291,13.401715963180765,0.0,0.08,0.45450879306840514,5.3481801681871515
2002-12-08 18:00:00,2002,12,8,18,1039370400,18.605347185591583,4.680510580178681,99.07413794428216,0.3848461181744161,0.0,0.09019596491553694,0.44894701721443775,3.375098314201212
2002-12-09 00:00:00,2002,12,9,0,1039392000,12.424270728418422,3.5074340143949145,99.53393555063928,0.9155219949929847,0.0,0.09284307051955541,0.4897835506051134,2.9405720403619022
2002-12-09 06:00:00,2002,12,9,6,1039413600,15.361183041514256,4.942098759302074,99.69588518704815,0.367569024965157,0.0,0.10956101400271762,0.42371540827384674,2.7306599820054958
2002-12-09 12:00:00,2002,12,9,12,1039435200,24.68974380368438,4.144690673865692,99.27906998386325,13.621489438578061,0.0,0.08,0.45191828359318253,5.153172395125906
2002-12-09 18:00:00,2002,12,9,18,1039456800,18.40985569227631,4.174861191534838,100.02042916190537,0.16202616141784382,0.0,0.11101054918003463,0.40937156276881764,3.02569296526393
2002-12-10 00:00:00,2002,12,10,0,1039478400,12.014354902952944,3.6568466749357964,99.2125800139616,0.7359732010520706,0.0,0.08,0.4343655681710536,2.6525292464274997
2002-12-10 06:00:00,2002,12,10,6,1039500000,18.114307877315596,3.155765816806894,99.49581808495755,0.5602808490667015,0.0,0.10368775838241705,0.43986375235111885,3.3442585949707935
2002-12-10 12:00:00,2002,12,10,12,1039521600,22.41318199860901,3.3362826435867454,98.80880167351408,13.521360989115324,0.0,0.10679024823769098,0.4370810497461756,5.034827587813823
2002-12-10 18:00:00,2002,12,10,18,1039543200,20.360119567606507,5.1663994074101085,99.34033748047149,0.9471864655581951,0.0,0.09313553990038935,0.44668488886503493,2.991408645334632
2002-12-11 00:00:00,2002,12,11,0,1039564800,14.09791773427366,3.4687467864456494,99.39666505688218,0.8906508441418367,0.0,0.09426663607372598,0.39222088954260886,3.018198472244893
2002-12-11 06:00:00,2002,12,11,6,1039586400,16.368821614890226,2.997099045030845,99.3129622178746,0.6595112723444972,0.0,0.10729301328275626,0.42365236496166575,2.8473267342930537
2002-12-11 12:00:00,2002,12,11,12,1039608000,21.165538494136612,11.716166091513927,99.22018970706411,13.98852274169824,0.0,0.08170230858175148,0.4941954553866613,5.351500235845279
2002-12-11 18:00:00,2002,12,11,18,1039629600,18.46638939737557,3.3485950912782974,99.28613178896549,0.5647817949330741,0.0,0.09952018659494538,0.46279484195465387,3.3965522865440034
2002-12-12 00:00:00,2002,12,12,0,1039651200,13.272632747734132,4.616078590761972,99.63708031104761,0.8269371517152668,0.0,0.08394645487425707,0.43270979958013445,2.7062311461654014
2002-12-12 06:00:00,2002,12,12,6,1039672800,18.848043254200334,6.942437474041189,98.87149894526152,0.40946016418518627,4.182527041516884,0.16378985143045768,0.42841942425953455,3.635085547005859
2002-12-12 12:00:00,2002,12,12,12,1039694400,22.856097304557384,4.391454746783867,98.88888581541964,13.140173171496116,0.0,0.10182604557401972,0.4710369919756786,5.276360139191425
2002-12-12 18:00:00,2002,12,12,18,1039716000,17.100077503222607,5.424999552026977,99.29953112987589,0.9941485895291111,13.468737444485253,0.20476452251923316,0.45065712205899083,3.734216291162986
2002-12-13 00:00:00,2002,12,13,0,1039737600,13.818416709569016,8.660584133487381,99.41575744296802,0.1656315208265725,0.0,0.12495265266362471,0.40862030956217793,3.029593034364237
2002-12-13 06:00:00,2002,12,13,6,1039759200,18.945092111818084,5.995686359606725,99.21758825051965,0.2515100392589893,0.0,0.10863174383398312,0.4262758914419629,3.370634481270507
2002-12-13 12:00:00,2002,12,13,12,1039780800,24.940156934101985,4.266960802771357,99.47135436989592,13.20471678992839,0.0,0.08,0.40517906499745776,5.59104829951278
2002-12-13 18:00:00,2002,12,13,18,1039802400,19.155626867992925,3.7207527644022793,99.63844014166861,0.3374795179787467,0.0,0.08,0.4215057748538373,3.391852564330832
2002-12-14 00:00:00,2002,12,14,0,1039824000,11.78390854112589,4.055291939080762,99.75112693953963,0.28928013372633876,0.0,0.08,0.4570102587618407,2.8348005749452385
2002-12-14 06:00:00,2002,12,14,6,1039845600,18.42383511194905,5.833367324790239,99.85445913721624,0.6011022485492349,0.0,0.08,0.4540009720871496,3.3888088381888153
2002-12-14 12:00:00,2002,12,14,12,1039867200,22.61045162373007,5.946883231384695,99.06016964263623,14.027727112238395,11.291099806647836,0.20218658958204683,0.4673322062053019,6.104879704620095
2002-12-14 18:00:00,2002,12,14,18,1039888800,16.621647267436877,5.8720679368135364,99.22608601462272,0.0525090554855701,0.0,0.08789481538927017,0.4407230130787371,3.2764713837067734
2002-12-15 00:00:00,2002,12,15,0,1039910400,10.343404517655229,4.456126317851443,99.1991566463878,0.778443113293322,0.0,0.09861839082519526,0.3853330858198238,2.780238905784135
2002-12-15 06:00:00,2002,12,15,6,1039932000,21.398343147241288,4.064197060497114,99.76561202356135,0.12799192440648655,0.0,0.08,0.3932369384980299,3.519338559282269
2002-12-15 12:00:00,2002,12,15,12,1039953600,22.18837038483447,3.6515699274425186,99.27250554145965,13.042228162559839,0.0,0.08,0.44482950326240606,5.108773464869493
2002-12-15 18:00:00,2002,12,15,18,1039975200,17.837444602093065,3.0971125370113888,99.55442549832757,0.6385768201156964,0.0,0.08617240596329083,0.43365970694931033,3.2118055899896527
2002-12-16 00:00:00,2002,12,16,0,1039996800,13.346376439095291,5.2859427923756614,99.04235662852649,0.8733152288693673,0.0,0.10413169151953017,0.3899571219667591,2.7815726839434345
2002-12-16 06:00:00,2002,12,16,6,1040018400,18.18419010777942,3.60348557412945,99.27375358453344,0.1762985066483953,0.0,0.08,0.4144618307023735,3.4175568405555072
2002-12-16 12:00:00,2002,12,16,12,1040040000,19.234305055330754,3.716965450774248,99.19778669150418,13.356607935016871,0.0,0.08,0.48172566687772195,4.8576228757727105
2002-12-16 18:00:00,2002,12,16,18,1040061600,17.768055285892636,5.898839018079464,99.67187153425192,0.16875020422307876,0.0,0.10798794380229466,0.45267979498308547,3.093730691280291
2002-12-17 00:00:00,2002,12,17,0,1040083200,15.665695233660406,3.222489469243912,99.0970941037219,0.9065075693029171,0.0,0.08068168381505247,0.4637939175905758,3.0948517369384465
2002-12-17 06:00:00,2002,12,17,6,1040104800,17.691208865806924,7.0807356113862845,100.00649224406527,0.2703604324181226,0.0,0.08,0.38345873911452444,3.056889133531183
2002-12-17 12:00:00,2002,12,17,12,1040126400,25.46163595683865,3.144035127037742,99.53576576990162,13.453785219046809,0.0,0.08,0.4689473533500452,5.113160318468991
2002-12-17 18:00:00,2002,12,17,18,1040148000,18.05608659456802,7.341477309705285,99.25263265260583,0.8947412762830799,0.0,0.09737635154937412,0.4032297365195179,3.140382710390762
2002-12-18 00:00:00,2002,12,18,0,1040169600,12.476919106941226,4.076907400765345,99.57745544745787,0.5528692037626718,0.0,0.08,0.4600845836829208,2.759389946948299
2002-12-18 06:00:00,2002,12,18,6,1040191200,18.220257187510576,3.328700390931868,99.23095946960137,0.9328498007687058,3.2861824034830676,0.10013651722434212,0.42366738860222386,3.22877725799922
2002-12-18 12:00:00,2002,12,18,12,1040212800,23.059984979994503,4.849147248046101,99.15636270080338,13.93107983913589,0.0,0.10433382330603444,0.4317731758937323,4.983623709235459
2002-12-18 18:00:00,2002,12,18,18,1040234400,18.02663003517757,6.560094945454297,99.6845481805963,0.46160101989372254,0.0,0.08,0.43375784851001786,3.1611819418180205
2002-12-19 00:00:00,2002,12,19,0,1040256000,12.127563438649108,4.05691775743838,99.8894181251934,0.5823826127333706,0.0,0.10744127846994728,0.40994641793833814,2.8980794963967185
2002-12-19 06:00:00,2002,12,19,6,1040277600,15.95485665292062,4.955702658492581,99.5930367020071,0.2303142737129369,0.0,0.08,0.4244859097189351,2.4228423393486676
2002-12-19 12:00:00,2002,12,19,12,1040299200,23.842543890927292,9.013327458953682,99.11007932600833,13.992202576248607,0.0,0.08,0.37641798006381855,5.249616669993461
2002-12-19 18:00:00,2002,12,19,18,1040320800,18.142933569847905,3.6053823615905105,99.23389454125666,0.27831666041179653,0.0,0.08052180587942795,0.40311432096355715,3.0012845560941233
2002-12-20 00:00:00,2002,12,20,0,1040342400,15.496727415373012,5.793607735720331,99.94083690094067,0.7833069879809512,0.0,0.08,0.4244505787475861,3.136816562265087
2002-12-20 06:00:00,2002,12,20,6,1040364000,17.95004445774597,3.7425007223177174,99.72043365445552,0.31296906015522596,0.0,0.08,0.40429563024376713,2.9496868713739084
2002-12-20 12:00:00,2002,12,20,12,1040385600,20.729299048208293,4.051231248713428,99.1438725755823,13.313227466508458,0.0,0.08,0.3905071581513721,4.677288805479266
2002-12-20 18:00:00,2002,12,20,18,1040407200,18.483691865224763,3.7140994472030355,99.26810123237738,0.1038629267009477,0.0,0.08,0.4080423173637156,3.139178684229101
2002-12-21 00:00:00,2002,12,21,0,1040428800,13.115733519003427,4.128977982257038,99.5414487333612,0.5598958107965798,0.0,0.08,0.35414124744839753,2.5180181820418666
2002-12-21 06:00:00,2002,12,21,6,1040450400,17.355561743026456,3.250713322209567,99.44204840267588,0.24483233812820926,0.0,0.11664070538741084,0.42644517643438845,3.4665818509040056
2002-12-21 12:00:00,2002,12,21,12,1040472000,23.929488602876503,3.7854598182176775,100.11192294703237,13.14857996217629,0.0,0.08359374162213447,0.3326940143319469,4.971899869497522
2002-12-21 18:00:00,2002,12,21,18,1040493600,18.748285160489402,4.127036009606657,99.26574168550809,0.22666669451673507,0.0,0.08,0.3943130016568332,3.2020413222194053
2002-12-22 00:00:00,2002,12,22,0,1040515200,11.210630465960575,4.769024609520702,99.66782277139458,0.2510931570640299,0.0,0.08,0.41188684426895916,2.530234151537489
2002-12-22 06:00:00,2002,12,22,6,1040536800,17.304232059934876,4.790059531906522,99.57721885276904,0.504083456119486,0.0,0.08,0.3915270123818777,3.359190515499363
2002-12-22 12:00:00,2002,12,22,12,1040558400,24.64763720854601,4.583368985875396,98.99010509967204,13.387589794003006,0.0,0.08,0.37500825564364687,4.95302385379208
2002-12-22 18:00:00,2002,12,22,18,1040580000,16.536399018796256,3.7886912211117254,98.77005928642636,0.07549028102196169,0.0,0.08,0.42206929054864983,2.6667540420945084
2002-12-23 00:00:00,2002,12,23,0,1040601600,12.75397555626147,7.711763663753043,99.3751216995897,0.5360285828958611,0.0,0.08,0.36242012905484455,2.677530073125455
2002-12-23 06:00:00,2002,12,23,6,1040623200,18.353283975337952,4.040377991194342,99.6160566943829,0.7877474515887647,0.0,0.08419744369214444,0.4336290613800048,3.133153954677043
2002-12-23 12:00:00,2002,12,23,12,1040644800,21.281680378975757,3.6608125523732995,99.9674807083861,13.578864585382846,0.0,0.10824577389862947,0.3767911125522501,4.862334548189699
2002-12-23 18:00:00,2002,12,23,18,1040666400,17.86489249786326,4.506962458475426,99.25574369277652,0.9745402522517723,0.0,0.08,0.37572910582611124,3.426331128771868
2002-12-24 00:00:00,2002,12,24,0,1040688000,12.824532354618555,5.392715227373256,99.63512846070408,0.0991502081444714,0.0,0.08,0.3989287396335226,2.4666164595305946
2002-12-24 06:00:00,2002,12,24,6,1040709600,17.536180222251332,3.3381514610348595,99.40568439896964,0.8211523367581094,0.0,0.08,0.3677775553450982,2.8955353245709534
2002-12-24 12:00:00,2002,12,24,12,1040731200,20.725565335842145,3.8048466544283004,100.0109637105719,13.514764997538041,0.0,0.08,0.3799648494362538,4.413373759831146
2002-12-24 18:00:00,2002,12,24,18,1040752800,18.020932543997805,5.933952067393429,99.48074906252863,0.5215951775452297,0.0,0.08394269957673949,0.39422409350422755,3.5008940998405933
2002-12-25 00:00:00,2002,12,25,0,1040774400,12.104796918963228,4.40628079126903,99.36271258349535,0.5190999346495484,0.0,0.08,0.33431337042668496,1.942008264850156
2002-12-25 06:00:00,2002,12,25,6,1040796000,19.63131457505036,4.132958188752251,99.54579769347622,0.32531882790763844,3.756496467353019,0.0955480732943029,0.3894605584749437,3.2009369554076486
2002-12-25 12:00:00,2002,12,25,12,1040817600,23.656158175865983,7.353676053149421,99.55252206081121,13.339549164615176,0.0,0.08,0.3202734019636595,4.71335937613942
2002-12-25 18:00:00,2002,12,25,18,1040839200,16.867093303016315,3.486047345295702,99.91358183230481,0.6318445066424774,0.0,0.08,0.37068469378710184,2.567794585641832
2002-12-26 00:00:00,2002,12,26,0,1040860800,12.45304601833567,4.805043927145415,99.4978213065699,0.04476508538311641,0.0,0.08044459444634669,0.35436147924393513,2.2728502422616144
2002-12-26 06:00:00,2002,12,26,6,1040882400,18.23394638783668,3.9993085892858824,99.62539029052537,0.5887860453018035,0.0,0.08,0.32572133176857243,2.643109029964882
2002-12-26 12:00:00,2002,12,26,12,1040904000,22.450644722653582,3.4812374911721298,99.00008128324463,13.74698385613854,0.0,0.08,0.41580105373580417,5.033127945254416
2002-12-26 18:00:00,2002,12,26,18,1040925600,15.773508544940743,3.7317630319634962,99.14968789337686,0.3563262934754196,0.0,0.08,0.37007905266672725,2.4814067370452757
2002-12-27 00:00:00,2002,12,27,0,1040947200,13.500764607024088,4.879819218682037,99.3846992617172,0.2173569394596333,0.0,0.08,0.339455801189887,2.7268490387605353
2002-12-27 06:00:00,2002,12,27,6,1040968800,18.851475197214985,3.4398229995310023,99.52875657517163,0.21338691272290444,0.0,0.08,0.36329576400763575,3.2005101947279555
2002-12-27 12:00:00,2002,12,27,12,1040990400,24.173572019670914,4.7424435581679045,99.26912946084987,13.113106751163675,0.0,0.08,0.4336407688296675,5.479517696371329
2002-12-27 18:00:00,2002,12,27,18,1041012000,19.470338701188325,8.111420294595277,99.58269027007921,0.0897193192064099,1.1122669145547868,0.08,0.3291750934954012,2.81084315134559
2002-12-28 00:00:00,2002,12,28,0,1041033600,11.837997676087356,5.800391509061704,99.34167454630126,0.1666878681945927,0.0,0.08,0.3727510556939848,2.3524968634956784
2002-12-28 06:00:00,2002,12,28,6,1041055200,19.257674536733997,4.058618545039481,100.00815633510625,0.019172905053087108,0.0,0.08,0.3255761390477311,2.7834759570334957
2002-12-28 12:00:00,2002,12,28,12,1041076800,21.36786556374958,3.645681888746311,99.43665649324177,13.307848808027735,0.0,0.08,0.3674817081329681,4.614374753193444
2002-12-28 18:00:00,2002,12,28,18,1041098400,18.616278200212914,4.360983964004812,99.6279143487663,0.3064018292479617,0.0,0.08,0.3332384256708626,3.057585087062387
2002-12-29 00:00:00,2002,12,29,0,1041120000,12.038155414505699,4.197084838836572,99.43393028337806,0.9952212533561309,0.0,0.08,0.34208071720235683,2.5311309494836016
2002-12-29 06:00:00,2002,12,29,6,1041141600,18.728669047608097,8.797455809920255,99.47150269851659,0.9916877376561254,0.0,0.08,0.3517320887038867,3.0709189550686458
2002-12-29 12:00:00,2002,12,29,12,1041163200,20.839423561052456,10.336460472594341,99.66331267917612,13.240477826985254,0.0,0.08,0.3865893337914366,5.002841465288459
2002-12-29 18:00:00,2002,12,29,18,1041184800,18.915298967683487,4.2413038470347635,99.54080404192135,0.21303215809692605,0.0,0.08,0.3027698781204947,2.82114974800037
2002-12-30 00:00:00,2002,12,30,0,1041206400,11.944190132820395,3.715813982111356,99.3433422089607,0.4919063705604325,0.0,0.08,0.39195350658273564,2.4659209805626063
2002-12-30 06:00:00,2002,12,30,6,1041228000,18.848474312910366,7.096292098436432,99.6003599415671,0.14878433373771016,0.0,0.08,0.2834167332615036,2.761839046096374
2002-12-30 12:00:00,2002,12,30,12,1041249600,23.68332167118597,5.840669384245731,99.45230692241857,13.570749743699906,0.0,0.08,0.3507931594786817,4.790246983799261
2002-12-30 18:00:00,2002,12,30,18,1041271200,18.702328849153613,4.548110510656331,99.67463906597621,0.3993897048050759,0.0,0.08,0.34277473296067434,3.0987430954311024
2002-12-31 00:00:00,2002,12,31,0,1041292800,13.22095025464257,4.182033393562923,99.84428663605536,0.3246228910498724,1.6933329849290955,0.08,0.3310022386587068,2.216720266866939
2002-12-31 06:00:00,2002,12,31,6,1041314400,16.39880672008569,4.391761535234314,99.79760975489333,0.8226051708097752,0.0,0.08,0.336030479733198,2.9318398717545113
2002-12-31 12:00:00,2002,12,31,12,1041336000,25.385043309269797,6.982364056858465,99.1813523635937,13.909571231125009,0.0,0.08,0.3505970084507595,5.293119498114214
2002-12-31 18:00:00,2002,12,31,18,1041357600,17.954631975329306,3.806194661006431,98.59138396475042,0.9878894669837281,0.0,0.08428029771505476,0.3487936688412619,2.7831426957683774
