datetime,year,month,day,hour,system:time_start,temp_c,wind_speed,pressure_kpa,solar_rad,precip,soil_moisture,ndvi,modis_et_mm
2004-01-01 00:00:00,2004,1,1,0,1072915200,14.469046718354246,4.031551996733299,99.64367173778928,0.010586355192799046,0.0,0.08,0.37852359207163366,2.4088362107073467
2004-01-01 06:00:00,2004,1,1,6,1072936800,16.257625564562996,4.446369946644755,99.76267001851167,0.9539213691657762,0.0,0.08,0.3272037208281207,2.3397922272269036
2004-01-01 12:00:00,2004,1,1,12,1072958400,21.409284788581232,3.6189127147790314,99.27934623048623,13.869998903590773,0.0,0.08,0.3221929075300049,4.701906091530434
2004-01-01 18:00:00,2004,1,1,18,1072980000,16.93608774238774,6.751205599919876,100.03694655849965,0.6955681262738089,0.0,0.08,0.2488686194642717,2.626186658195444
2004-01-02 00:00:00,2004,1,2,0,1073001600,14.082012453806332,4.563499234462244,99.2313519279559,0.029810556783505193,0.0,0.08,0.3296087472958832,2.4258309944604584
2004-01-02 06:00:00,2004,1,2,6,1073023200,18.575566094021426,4.140448135718064,99.23908461520813,0.7590121449559074,0.0,0.08,0.3237427218968355,3.0155846609066987
2004-01-02 12:00:00,2004,1,2,12,1073044800,23.82444357538904,4.526658921447602,99.80796588638525,13.785391779143467,0.0,0.08,0.32338867857827097,5.089731631059032
2004-01-02 18:00:00,2004,1,2,18,1073066400,16.442476295563317,4.141484820091972,99.42508146480306,0.5689061200720785,0.0,0.08,0.3680889212647292,2.878618319308622
2004-01-03 00:00:00,2004,1,3,0,1073088000,13.490664544101003,4.0832914821796,99.55276078547564,0.6236007096271321,0.0,0.08,0.3332960383288285,2.466911522305486
2004-01-03 06:00:00,2004,1,3,6,1073109600,17.251152979457455,4.4687904574060795,99.35195665172607,0.9183661505872464,0.0,0.08,0.30442920194486467,2.6543283112730705
2004-01-03 12:00:00,2004,1,3,12,1073131200,22.316255919692555,4.563823536099082,99.38652790543365,13.141098708483142,0.0,0.08,0.2897394539033602,4.564600176475503
2004-01-03 18:00:00,2004,1,3,18,1073152800,18.047516942783933,4.4294374812160004,99.60358638881912,0.15697216222105664,0.0,0.08,0.2821924613996307,2.7510506271918467
2004-01-04 00:00:00,2004,1,4,0,1073174400,11.000289009687663,4.79408416883785,99.87897706005971,0.8947571968682553,0.0,0.08,0.29755221448755054,2.4760693101150686
2004-01-04 06:00:00,2004,1,4,6,1073196000,19.069855316809054,5.8976126503344535,99.53968682918084,0.00821066650355029,0.0,0.08,0.3221396790287351,2.6688999982103767
2004-01-04 12:00:00,2004,1,4,12,1073217600,21.124242709734627,3.691663799322128,99.62625902729559,14.058587014257055,0.0,0.08,0.24762847472211336,4.275040685168086
2004-01-04 18:00:00,2004,1,4,18,1073239200,17.657254758690634,6.106338255549764,99.79212138076232,0.029631851847086665,0.0,0.08,0.3068679345902991,2.8073931170479796
2004-01-05 00:00:00,2004,1,5,0,1073260800,14.423648659230508,4.018141978199474,99.35675538559174,0.7793377861464146,0.0,0.08,0.3289930039075152,2.168583043936037
2004-01-05 06:00:00,2004,1,5,6,1073282400,16.04371542038949,4.064661991185693,99.2025251599598,0.8909232111390795,3.1122249595779747,0.08,0.2738787518129505,2.655403450352512
2004-01-05 12:00:00,2004,1,5,12,1073304000,21.20674899487411,5.0013839629542645,99.18903363056772,13.789456380100345,6.957607869464677,0.12342477397448708,0.299593166174514,5.055312676803788
2004-01-05 18:00:00,2004,1,5,18,1073325600,19.864332735979588,9.203095202638597,99.23049414532493,0.6414410527484556,0.0,0.08,0.27519072379113557,3.605932649319827
2004-01-06 00:00:00,2004,1,6,0,1073347200,11.737794731226996,3.6809812676693294,99.18149313200144,0.05056373192967889,0.0,0.08,0.21772505999691538,2.0098669231664177
2004-01-06 06:00:00,2004,1,6,6,1073368800,19.801835565218752,5.331958129901524,99.82459730453924,0.2108912186465971,0.0,0.08,0.27495946727786447,3.055312422619112
2004-01-06 12:00:00,2004,1,6,12,1073390400,24.009063737041224,5.445177461076989,98.92938253303714,14.099808329813518,0.0,0.08,0.26706413668992185,4.8769989768563216
2004-01-06 18:00:00,2004,1,6,18,1073412000,16.340286171295396,4.933400875654759,99.6719014860813,0.8237160226403503,0.0,0.08,0.3222233832873309,3.1022140514206438
2004-01-07 00:00:00,2004,1,7,0,1073433600,13.648359879157125,3.69491812095601,99.12521556484641,0.0595476750512538,0.0,0.08,0.3074336353242738,2.2876989773883003
2004-01-07 06:00:00,2004,1,7,6,1073455200,19.0710086856333,5.078758548032335,100.03012480339638,0.8129851110026333,4.272379389539535,0.08,0.2617634689767449,2.917454021446107
2004-01-07 12:00:00,2004,1,7,12,1073476800,21.29989074546546,3.86359963578354,99.61350498353441,13.648650733070347,0.0,0.08,0.3317970187818066,4.805236606322323
2004-01-07 18:00:00,2004,1,7,18,1073498400,18.482726242071593,3.8022372780506544,99.2298965528188,0.5607226676514622,0.0,0.08,0.3147736881220836,2.9206632093744225
2004-01-08 00:00:00,2004,1,8,0,1073520000,14.688829489178167,5.492313428203762,99.328037500377,0.10840545797244305,0.0,0.08,0.2793884035457166,2.326872063343819
2004-01-08 06:00:00,2004,1,8,6,1073541600,18.312592622032284,5.5130506014584055,99.46538099712647,0.39864403913577806,0.0,0.08208362417735962,0.29698336383707596,2.5845339564879137
2004-01-08 12:00:00,2004,1,8,12,1073563200,23.659986550281594,7.015629211777407,99.68122466837717,13.686321300014177,12.661964538961739,0.174971374415351,0.2587205377333627,5.436867725441235
2004-01-08 18:00:00,2004,1,8,18,1073584800,18.225133382525772,3.7109974515757833,99.59131047911502,0.6694883452764469,0.0,0.08,0.21322312528345144,2.6271972579512064
2004-01-09 00:00:00,2004,1,9,0,1073606400,15.016373403356432,4.445519576186435,99.4839791024015,0.6575353033399012,0.0,0.08,0.2838907712091502,2.547275895637685
2004-01-09 06:00:00,2004,1,9,6,1073628000,18.335477552795297,3.749985113581383,99.27595612388487,0.5488744803596967,0.0,0.08,0.24024129271167838,2.819188069113026
2004-01-09 12:00:00,2004,1,9,12,1073649600,22.434533068047333,4.41186172788941,99.40107020777783,13.310508442564693,0.0,0.08,0.2743594494031427,4.78754609853492
2004-01-09 18:00:00,2004,1,9,18,1073671200,18.14434139601291,4.7463642933967405,99.89059614913307,0.16150106484470692,0.0,0.08,0.2934947407569552,2.8336294122078627
2004-01-10 00:00:00,2004,1,10,0,1073692800,11.183593344569319,4.888609463611596,100.12362378759896,0.16026917269414298,4.5990656136360855,0.10765500562601889,0.2169580039636148,2.2584822948576906
2004-01-10 06:00:00,2004,1,10,6,1073714400,14.00792742041184,4.416867830716519,99.81601082676602,0.8877324325438504,0.0,0.08,0.2814672614786114,2.3666453803616014
2004-01-10 12:00:00,2004,1,10,12,1073736000,22.287431141181735,5.695060715660897,99.19838263883722,14.209822716429704,0.0,0.08,0.3000610519971396,4.94984270265393
2004-01-10 18:00:00,2004,1,10,18,1073757600,20.815564796718345,4.56268108303449,99.91502575669907,0.8064982548474433,0.0,0.08,0.21289886557484647,2.5285286031882728
2004-01-11 00:00:00,2004,1,11,0,1073779200,15.107918105643906,4.874341042798642,99.38292317926543,0.17487937065540338,0.0,0.08,0.290556148199854,2.523678490325449
2004-01-11 06:00:00,2004,1,11,6,1073800800,16.11504485503203,6.197154084740541,99.48309158822904,0.8401516238997138,0.0,0.08,0.32636244218297494,2.985230066383295
2004-01-11 12:00:00,2004,1,11,12,1073822400,22.006015384440538,4.06963074154632,99.10345205064104,13.526148327729723,0.0,0.08,0.261740702598577,4.417686491307659
2004-01-11 18:00:00,2004,1,11,18,1073844000,17.643782471514797,4.362809864750444,99.51620293425424,0.5546306968560104,0.0,0.08,0.29160557303035683,2.77369749633939
2004-01-12 00:00:00,2004,1,12,0,1073865600,13.345687474498058,4.913084680608329,99.24321166490824,0.7338763549170102,0.0,0.08,0.23340184989681942,2.3651345766725034
2004-01-12 06:00:00,2004,1,12,6,1073887200,17.086515352719978,5.996717266435001,99.89141149331905,0.05156100545556841,0.0,0.08,0.29114920985041876,2.5426746326121856
2004-01-12 12:00:00,2004,1,12,12,1073908800,22.713470875069998,4.638662095911429,100.24200438548812,13.968305429088515,0.0,0.08,0.27884639000197736,4.968140250042933
2004-01-12 18:00:00,2004,1,12,18,1073930400,20.169400308544713,3.9209819762452724,99.4782597968168,0.25113352058463306,0.0,0.08,0.2700748526556028,2.898993641431094
2004-01-13 00:00:00,2004,1,13,0,1073952000,12.18735534734552,10.57473919423946,99.61821503074587,0.4978564742980526,0.0,0.08,0.26254288487219385,2.204638188379503
2004-01-13 06:00:00,2004,1,13,6,1073973600,19.52984160106714,5.678925938317397,99.38274887178655,0.38390225763668195,0.0,0.08,0.269550539374259,2.904418890184578
2004-01-13 12:00:00,2004,1,13,12,1073995200,24.829852300318855,5.757055332111053,99.51105384505581,14.090148643133166,0.0,0.08,0.2557970767340459,5.215305254770783
2004-01-13 18:00:00,2004,1,13,18,1074016800,22.284911572012525,4.771409240932251,99.29768038185098,0.4891903316992484,0.0,0.08,0.22852917350830582,2.970594910751609
2004-01-14 00:00:00,2004,1,14,0,1074038400,12.712898611674833,5.045936524005217,99.56449649533847,0.3016302292766402,7.2920123845901,0.08182037037371014,0.2474837246141173,2.121383691946402
2004-01-14 06:00:00,2004,1,14,6,1074060000,17.06665452463088,11.544162965958243,99.59164144760112,0.9103587443518547,0.0,0.08,0.2504887337161884,2.889078101408848
2004-01-14 12:00:00,2004,1,14,12,1074081600,21.16403039944305,5.214240060185954,99.56073849404895,14.397179832802138,0.0,0.08,0.21670207192977625,4.511227464438869
2004-01-14 18:00:00,2004,1,14,18,1074103200,19.73459800132231,4.228643880372673,99.69509157558207,0.8019076485623117,0.0,0.08,0.2486047620747646,2.5854644136994804
2004-01-15 00:00:00,2004,1,15,0,1074124800,14.445807167456024,8.88529098366758,99.35753717505288,0.5807409959902091,0.0,0.08,0.24429796894033737,2.8808501744163184
2004-01-15 06:00:00,2004,1,15,6,1074146400,18.64768254300778,5.040545210814537,100.2738005097539,0.884400485860931,0.0,0.08,0.23053188783484171,2.931112625360655
2004-01-15 12:00:00,2004,1,15,12,1074168000,24.287653664328346,3.9143649939160956,99.27109347803656,14.075707340388592,0.0,0.08,0.2567192344810492,5.0050700997013475
2004-01-15 18:00:00,2004,1,15,18,1074189600,18.9274205080394,5.160722049945272,99.26795707080827,0.14883009520366028,0.0,0.08,0.26383633577119514,2.468970984852877
2004-01-16 00:00:00,2004,1,16,0,1074211200,13.251152252851538,4.017560573391506,98.70756531871021,0.0174273766724099,0.0,0.08,0.22050201671296787,2.160025439126914
2004-01-16 06:00:00,2004,1,16,6,1074232800,18.360586990546288,5.032793910904752,99.68996267196546,0.725914567010431,0.0,0.08,0.2448864389892657,2.955436747572775
2004-01-16 12:00:00,2004,1,16,12,1074254400,23.718957504160446,6.525236896109322,98.60424040245317,14.263768461275832,0.0,0.08,0.2676883005439994,4.735275135688166
2004-01-16 18:00:00,2004,1,16,18,1074276000,22.541139139917675,5.069038352261377,99.35980218773753,0.9258259870632615,0.0,0.08,0.21010146370139532,2.998647663642233
2004-01-17 00:00:00,2004,1,17,0,1074297600,15.293181502304595,4.634021679987269,99.23185744017188,0.8242375163338415,0.0,0.08,0.18481044127158625,2.11620160481105
2004-01-17 06:00:00,2004,1,17,6,1074319200,17.179821935424332,7.146100796663155,99.02587804191879,0.6395823696109467,0.0,0.08,0.20647255447562846,2.8114070455878024
2004-01-17 12:00:00,2004,1,17,12,1074340800,24.52317710617327,7.870841565035414,99.47669477025218,13.740165553333055,0.0,0.08,0.25051379927275363,4.907573260122724
2004-01-17 18:00:00,2004,1,17,18,1074362400,18.916925820654356,4.573119129026606,99.98764407255842,0.5940504826068495,0.0,0.08,0.22100563538467713,2.667315223935883
2004-01-18 00:00:00,2004,1,18,0,1074384000,16.701625355279504,4.993958257705254,99.67136549505747,0.43468515787416984,0.0,0.08,0.19187944048194755,2.2119645966316748
2004-01-18 06:00:00,2004,1,18,6,1074405600,20.881068464961754,10.062354133697216,99.22349978614845,0.2321084692652261,6.583445734610272,0.08,0.26711763234344843,3.4988490027910877
2004-01-18 12:00:00,2004,1,18,12,1074427200,23.84179160057297,4.251588199505271,100.04942075118892,14.388888982852853,0.0,0.08,0.19362538738427493,4.660837817899282
2004-01-18 18:00:00,2004,1,18,18,1074448800,18.950396761380034,4.488442112523052,99.23252446050044,0.1495558860181554,0.0,0.08,0.22391837414761465,2.7964977307678494
2004-01-19 00:00:00,2004,1,19,0,1074470400,12.355488190843122,4.820937171552855,99.77506531608972,0.6303391736871015,0.0,0.08,0.24549740371803952,2.3156798985911875
2004-01-19 06:00:00,2004,1,19,6,1074492000,20.042807526779285,4.14142649282189,98.92569154881704,0.6107539174971711,0.0,0.08,0.24350425530849262,2.6307346587487332
2004-01-19 12:00:00,2004,1,19,12,1074513600,25.780161471858772,4.458173551152547,99.3773068390419,13.934578376467837,5.6878620907123345,0.11841173533768698,0.23591964432848297,4.692679318839536
2004-01-19 18:00:00,2004,1,19,18,1074535200,19.242973492479027,5.1620653264546235,99.09039004404926,0.4292391410497658,0.0,0.08,0.20336163648817382,2.6391752467366016
2004-01-20 00:00:00,2004,1,20,0,1074556800,14.526665452888974,4.39540848905044,100.06455679820948,0.1165717330578745,0.0,0.08,0.23453919832195017,2.523536645596595
2004-01-20 06:00:00,2004,1,20,6,1074578400,18.640127150366908,5.745189802416349,99.23362957100183,0.02553291770142896,0.0,0.08,0.21824523650687588,2.2532368209659395
2004-01-20 12:00:00,2004,1,20,12,1074600000,25.452569240932466,4.6470948225931386,99.13502113442037,13.686482520924754,0.0,0.08,0.22999898321524612,5.195579333941163
2004-01-20 18:00:00,2004,1,20,18,1074621600,17.11811968659773,4.147412389600841,99.58085985235445,0.17432258606749507,0.0,0.08,0.2589214446253278,2.731783974734262
2004-01-21 00:00:00,2004,1,21,0,1074643200,12.52367211130691,6.1997910957912845,99.36047714623429,0.866973068074073,0.0,0.08,0.1764309778032201,2.215137619442852
2004-01-21 06:00:00,2004,1,21,6,1074664800,20.59509738067206,5.287483365731932,100.0794539607943,0.5226087385777936,0.0,0.08,0.22380038656941767,2.8310281105653425
2004-01-21 12:00:00,2004,1,21,12,1074686400,22.085634414660948,6.643848125442528,99.52799749987156,13.834360973233448,0.0,0.08,0.21650764830127014,4.7921828884687105
2004-01-21 18:00:00,2004,1,21,18,1074708000,18.251231826086183,4.700300231953781,99.45497600349593,0.905495084726643,0.0,0.08,0.24057400299087903,2.481067632139454
2004-01-22 00:00:00,2004,1,22,0,1074729600,13.857297994325316,4.0839413321019045,99.64526753331818,0.5688887674146983,0.0,0.08,0.2600748972646948,2.439716440163202
2004-01-22 06:00:00,2004,1,22,6,1074751200,19.981827400069506,4.12630715408425,99.36260132193522,0.027885528599934095,0.0,0.08,0.25914020144636396,2.8376946192853474
2004-01-22 12:00:00,2004,1,22,12,1074772800,24.505931802459838,6.4349997600268525,99.50053360419855,14.525024300577153,0.0,0.08,0.23177557463381576,5.283750281359404
2004-01-22 18:00:00,2004,1,22,18,1074794400,14.658463238797626,4.8476670142396605,99.17787155200958,0.47343515319618423,0.0,0.08,0.18876482819232437,2.190734730754802
2004-01-23 00:00:00,2004,1,23,0,1074816000,15.222125265352672,9.697349668433407,99.23608309009539,0.5328631668695064,0.0,0.08,0.18858074629791155,2.566961820111146
2004-01-23 06:00:00,2004,1,23,6,1074837600,19.019185174930723,6.739153767151539,99.14848976056098,0.6132268556202987,8.502065386205395,0.08,0.22289155972657143,2.7959929678938718
2004-01-23 12:00:00,2004,1,23,12,1074859200,25.950440282464292,4.102874990481506,99.53972203893836,13.903051868277746,0.0,0.08,0.16265331411022396,4.572799427899298
2004-01-23 18:00:00,2004,1,23,18,1074880800,17.895876331785136,7.1385979091555365,99.22307245041038,0.947740186197831,0.0,0.08,0.1942451134556546,3.003590126493242
2004-01-24 00:00:00,2004,1,24,0,1074902400,16.791811601840916,4.461267482487447,99.64978402395022,0.2553924611149607,0.0,0.08,0.17367256383247945,2.1563071630478774
2004-01-24 06:00:00,2004,1,24,6,1074924000,17.664855576309378,5.101303343773675,99.15619770559421,0.6218322225601536,0.0,0.08,0.16051600969121674,2.1606359129973236
2004-01-24 12:00:00,2004,1,24,12,1074945600,23.73423292884836,5.160430137161303,99.12577278954883,14.711712530517604,0.0,0.08,0.20325247595616525,4.799081046883004
2004-01-24 18:00:00,2004,1,24,18,1074967200,21.318440580924168,4.194600265171194,99.48742776184896,0.33191753504426874,0.0,0.08,0.21950594433344806,2.6788577139730467
2004-01-25 00:00:00,2004,1,25,0,1074988800,17.890169033704378,4.327229035270312,99.45038228829775,0.627552959817589,0.0,0.08,0.20844164226698703,2.614814188352267
2004-01-25 06:00:00,2004,1,25,6,1075010400,17.74713584052917,4.9507831549672,99.66590153525536,0.98887714676377,0.0,0.08,0.19397791902927167,2.7175983688646546
2004-01-25 12:00:00,2004,1,25,12,1075032000,28.247733297791065,5.669227539309967,99.05411355104988,14.756724783111434,0.0,0.08,0.17986472999105313,5.112973480119368
2004-01-25 18:00:00,2004,1,25,18,1075053600,15.938154100669943,4.586428203068573,98.9472825244709,0.7792846835771596,0.0,0.08,0.17469405113078124,2.3594185581341467
2004-01-26 00:00:00,2004,1,26,0,1075075200,15.722995439534404,5.270254741297002,99.76634093333931,0.43930020118257584,0.0,0.08,0.21123761865168628,2.009801301167247
2004-01-26 06:00:00,2004,1,26,6,1075096800,22.23124035237392,4.864126721485186,98.99521536258122,0.45126953946357107,0.0,0.08,0.16974915015744738,2.9321367589479346
2004-01-26 12:00:00,2004,1,26,12,1075118400,23.04114118671057,5.642016195188413,99.65043463174588,14.440454921623536,0.0,0.08,0.16889121819239658,4.639720078299
2004-01-26 18:00:00,2004,1,26,18,1075140000,21.43242753627843,4.977774054224565,98.6960130870004,0.6904316188884972,0.0,0.08,0.19742891986011865,3.234750780739173
2004-01-27 00:00:00,2004,1,27,0,1075161600,13.905551452545865,7.034444540242835,99.56431057608464,0.14433722683679007,0.0,0.08,0.15037206117144883,2.404861557012323
2004-01-27 06:00:00,2004,1,27,6,1075183200,18.547627825863724,10.3512901493197,99.39055020554636,0.8610280249550072,0.0,0.08,0.18235959459406056,2.584200207974445
2004-01-27 12:00:00,2004,1,27,12,1075204800,22.638261948854172,7.8360086836263605,99.51534695707652,14.02418217975135,0.0,0.08,0.16392873237437125,4.827725483389859
2004-01-27 18:00:00,2004,1,27,18,1075226400,19.55416454440455,4.449318032363017,99.62413680621614,0.16999313970466373,0.0,0.08,0.1596610903943424,2.2664276927210194
2004-01-28 00:00:00,2004,1,28,0,1075248000,14.972250034443581,5.111785250174667,99.67025662783875,0.4818143524031726,0.0,0.08,0.1670666716376866,2.4155936064631383
2004-01-28 06:00:00,2004,1,28,6,1075269600,17.9668764219344,5.116324096092088,99.52557296049753,0.2521169395325783,0.0,0.08,0.19719885908703666,2.827136963378152
2004-01-28 12:00:00,2004,1,28,12,1075291200,26.89419982984746,6.948576409715226,99.63656370578276,14.424056419330663,0.0,0.08,0.17986805125680816,5.372924019394518
2004-01-28 18:00:00,2004,1,28,18,1075312800,18.84594457374856,4.858182960937288,99.72297737387517,0.33258309193743557,0.0,0.08,0.18335910753233356,2.4896790693608106
2004-01-29 00:00:00,2004,1,29,0,1075334400,14.786944826106211,5.414535789161428,99.76025657460285,0.26896473268496934,0.0,0.08,0.19214649700716718,2.4275268550957927
2004-01-29 06:00:00,2004,1,29,6,1075356000,20.192240499719606,5.627743065614004,99.5335354219297,0.38027635603217014,0.0,0.08,0.18808892469858574,2.9345194092255813
2004-01-29 12:00:00,2004,1,29,12,1075377600,29.33839373513398,4.395466798712912,99.09378656990557,14.617302634514798,0.0,0.08,0.16402052642453233,5.145096413769093
2004-01-29 18:00:00,2004,1,29,18,1075399200,21.76867664167143,5.442636951582227,99.30257551195986,0.47635880131745784,0.0,0.08,0.18607380353608058,2.521685331763172
2004-01-30 00:00:00,2004,1,30,0,1075420800,16.156918947377015,4.665882674993776,99.33982263278207,0.8119223931147608,0.0,0.08,0.15919129350203254,2.3721472783484967
2004-01-30 06:00:00,2004,1,30,6,1075442400,19.271413906724913,4.587836895862497,99.16565321262352,0.3081450600773097,0.0,0.08,0.17739134630538725,2.68536825670452
2004-01-30 12:00:00,2004,1,30,12,1075464000,25.494372754197673,4.672817727047217,99.02569485188461,14.448616378604143,0.0,0.08,0.1954930387773849,4.815438174533774
2004-01-30 18:00:00,2004,1,30,18,1075485600,20.649222539187615,4.397624485121048,99.64715628541941,0.5044487902292799,0.0,0.08,0.1798636281776627,2.5302771044646235
2004-01-31 00:00:00,2004,1,31,0,1075507200,14.977965684014697,4.371427438474299,99.45104663588535,0.047934346256127025,0.0,0.08,0.12177359428762843,2.00681714625262
2004-01-31 06:00:00,2004,1,31,6,1075528800,21.461363602710836,5.824369520894864,99.16032662950471,0.11181029346417914,0.0,0.08,0.14426233462757646,2.882439217219494
2004-01-31 12:00:00,2004,1,31,12,1075550400,29.720800975350365,8.507795905828411,99.3722700716017,15.025621417559536,7.5024484289182505,0.10869919144001196,0.178592840021847,5.566112740167768
2004-01-31 18:00:00,2004,1,31,18,1075572000,18.359138274454434,6.010132731115476,99.45120056793995,0.4937094618672953,0.0,0.08,0.1,2.4915751191753124
2004-02-01 00:00:00,2004,2,1,0,1075593600,15.737453122304187,4.8457582988477155,99.00600669914701,0.06653538200291187,0.0,0.08,0.16385131029203742,2.189174261932904
2004-02-01 06:00:00,2004,2,1,6,1075615200,20.703336959354008,4.897180873647983,99.11258703361068,0.44038292396571,0.0,0.08,0.16216440049102834,2.7646785729143795
2004-02-01 12:00:00,2004,2,1,12,1075636800,24.76108093553722,5.4544534599452135,99.25787217823265,14.677744669653269,0.0,0.08,0.23596418882018197,4.503568313065001
2004-02-01 18:00:00,2004,2,1,18,1075658400,19.11251886190177,7.303379654124512,99.30560673114353,0.24613448181599948,0.0,0.08,0.16711214555593767,2.652680270365696
2004-02-02 00:00:00,2004,2,2,0,1075680000,14.129075838852922,4.646351248813682,98.86440427586604,0.3721032453414631,0.0,0.08,0.14592496596204985,2.015919843899788
2004-02-02 06:00:00,2004,2,2,6,1075701600,23.57298436027008,5.255117944720459,99.56672402873254,0.18835540309183496,0.0,0.08,0.18408991454176746,2.9568514470038925
2004-02-02 12:00:00,2004,2,2,12,1075723200,25.448664183444695,5.34357201899011,99.35230407688566,14.786589207200459,0.0,0.08,0.13884772032828974,4.510020901874095
2004-02-02 18:00:00,2004,2,2,18,1075744800,21.730736698461794,8.322350165900804,99.26844980947168,0.40852811149947466,0.0,0.08,0.15044776968097645,2.9737692895540753
2004-02-03 00:00:00,2004,2,3,0,1075766400,14.886941816705479,5.480953359502751,99.11912111905303,0.6075003503210886,0.0,0.08,0.14694064610490196,2.6097323801118755
2004-02-03 06:00:00,2004,2,3,6,1075788000,20.956207065828682,6.6057106143869575,99.02956830423106,0.942104217703019,0.0,0.08,0.1622817770508183,2.861691684140895
2004-02-03 12:00:00,2004,2,3,12,1075809600,26.08156181015113,4.466498932007775,99.33831069891822,14.582126761916255,6.149730883797672,0.08,0.11657659122275706,4.680451027265834
2004-02-03 18:00:00,2004,2,3,18,1075831200,19.948078880880434,4.92249764953933,99.38083822223678,0.4174409317420873,0.0,0.08,0.169280347806203,3.1368127546875595
2004-02-04 00:00:00,2004,2,4,0,1075852800,15.800293485873917,5.767950280121637,99.91479909659257,0.5622205317297981,0.0,0.08,0.12365942503191898,2.0595323889599735
2004-02-04 06:00:00,2004,2,4,6,1075874400,22.330039354290495,6.048172529602086,99.94175513329724,0.5469912438603752,0.0,0.08,0.20121468185803268,3.076468325225678
2004-02-04 12:00:00,2004,2,4,12,1075896000,23.735230616003086,7.597057098882758,99.16365425856998,15.118207239152293,0.0,0.08,0.1,4.978932623578154
2004-02-04 18:00:00,2004,2,4,18,1075917600,20.742948013612473,5.689000900979865,99.03630742440525,0.26793037921862517,0.0,0.08,0.11671079689096225,2.5097454327279882
2004-02-05 00:00:00,2004,2,5,0,1075939200,16.362000918117023,4.884047145280398,98.93421974053342,0.634550792870793,0.0,0.08,0.1,2.3698815555918653
2004-02-05 06:00:00,2004,2,5,6,1075960800,21.70117845226177,5.533046183472926,99.34037689733334,0.2011701432400309,0.0,0.08,0.22359592990632948,2.9492357003882286
2004-02-05 12:00:00,2004,2,5,12,1075982400,26.943404636911815,6.235946735359283,98.93971280890779,14.643574417866462,0.0,0.08,0.1,4.5795724216862235
2004-02-05 18:00:00,2004,2,5,18,1076004000,21.589841913294123,6.672314896721805,98.9001966747525,0.8316450002257054,0.0,0.08,0.15745191021910376,2.841368524484075
2004-02-06 00:00:00,2004,2,6,0,1076025600,17.39622619454846,8.731427734869467,99.08360938446349,0.47373990758402273,0.0,0.08,0.1517440812048752,2.578120866530181
2004-02-06 06:00:00,2004,2,6,6,1076047200,19.99620143376109,4.709566008072492,99.12099270099652,0.39727732605717203,0.0,0.08,0.10275295029495839,2.3325410151250385
2004-02-06 12:00:00,2004,2,6,12,1076068800,27.79228726987683,6.014480155878582,99.08182780138901,15.508917531794426,0.0,0.08,0.15312405263103962,4.766666586742494
2004-02-06 18:00:00,2004,2,6,18,1076090400,20.789871187878006,4.7273843857691205,98.81866169552322,0.7097573885001647,0.0,0.08,0.1,2.4723470620079575
2004-02-07 00:00:00,2004,2,7,0,1076112000,17.017224498871485,4.986522961815543,99.26628521160042,0.6771287724232359,0.0,0.08,0.10087425600820774,1.9651281286230753
2004-02-07 06:00:00,2004,2,7,6,1076133600,18.743388544871895,4.643779206979669,99.26088665016735,0.19425972710115003,0.0,0.08,0.1,2.433310226087793
2004-02-07 12:00:00,2004,2,7,12,1076155200,26.70149961746663,6.636881858164503,99.69488764834655,14.852958420958958,12.134733646333165,0.12978440259701163,0.1453706130717407,5.242721627467374
2004-02-07 18:00:00,2004,2,7,18,1076176800,20.938278517951378,8.092818915531677,98.92094465796289,0.4831013558748841,0.0,0.08,0.1,2.452730535363751
2004-02-08 00:00:00,2004,2,8,0,1076198400,15.359976572966454,4.4786488383171275,99.44094410454771,0.6523037686520657,0.0,0.08,0.132499015767369,2.1986538574714083
2004-02-08 06:00:00,2004,2,8,6,1076220000,22.752423774100198,6.952120807208374,99.8184455715151,0.39527252082251674,0.0,0.08,0.1169871321098815,2.5588935308065506
2004-02-08 12:00:00,2004,2,8,12,1076241600,26.14761727199681,4.848193970406904,98.84601137842854,14.772177344307638,0.0,0.08,0.17298603335158802,4.7869693023403945
2004-02-08 18:00:00,2004,2,8,18,1076263200,21.113431241352632,5.434199245187611,98.95583849325179,0.6830289316541482,0.0,0.08,0.12167362522421421,2.5331680390298548
2004-02-09 00:00:00,2004,2,9,0,1076284800,13.773633916861993,6.521942947194573,98.89478311253244,0.7737512575524629,0.0,0.08,0.1416166750078037,2.2909222930600883
2004-02-09 06:00:00,2004,2,9,6,1076306400,19.887431955196192,5.513574434972242,99.40625676978814,0.9443024765674262,0.0,0.08,0.13151773245301615,2.304922376245823
2004-02-09 12:00:00,2004,2,9,12,1076328000,26.19254409704301,4.847632443865329,99.3944224559378,15.182027158466372,0.0,0.08,0.11308181352673757,4.958950705553127
2004-02-09 18:00:00,2004,2,9,18,1076349600,19.905040097019157,8.002485693296933,99.55811678255326,0.25804805546028514,0.0,0.08,0.14962530484983144,2.963109286579019
2004-02-10 00:00:00,2004,2,10,0,1076371200,18.201580676654956,5.823506352987311,99.28486697305053,0.9258080054638049,0.0,0.08,0.12312628207446051,2.4573710611998734
2004-02-10 06:00:00,2004,2,10,6,1076392800,20.5835179982903,8.488983975536982,99.80137162476862,0.7151388415772193,0.0,0.08,0.1386901301966401,2.5545729857815136
2004-02-10 12:00:00,2004,2,10,12,1076414400,24.577504024210178,7.285408198207363,99.42355446802128,14.903469246650198,0.0,0.08,0.1,4.270201605453604
2004-02-10 18:00:00,2004,2,10,18,1076436000,19.34922934214654,7.611280388280337,99.63868145960284,0.5800273405981059,0.0,0.08,0.1275776414390102,2.856103276749833
2004-02-11 00:00:00,2004,2,11,0,1076457600,15.932166555112762,5.1659021848704,99.2963273145534,0.028526659416311162,0.0,0.08,0.1314041922811679,2.5815837124345267
2004-02-11 06:00:00,2004,2,11,6,1076479200,22.40915689815709,11.043469996209472,99.13409800201337,0.2265240297042429,0.0,0.08,0.1,2.9507998682875423
2004-02-11 12:00:00,2004,2,11,12,1076500800,24.723023646748036,7.362269715358504,99.19678222796234,14.977595872877998,0.0,0.08,0.10513531389952559,4.4935550478019035
2004-02-11 18:00:00,2004,2,11,18,1076522400,19.56409751276698,5.110296273558184,99.66148999130877,0.204891376974296,0.0,0.08,0.1,2.1961987829851948
2004-02-12 00:00:00,2004,2,12,0,1076544000,15.3779697229696,7.912714725437381,99.47665633876962,0.48992270305859253,0.0,0.08,0.1,2.490987276933678
2004-02-12 06:00:00,2004,2,12,6,1076565600,21.141051819862753,6.62320494188535,99.45836736371771,0.2988664848471211,0.0,0.08,0.10124942852485283,2.665220710709905
2004-02-12 12:00:00,2004,2,12,12,1076587200,24.65658131666632,6.44888929969621,99.53602533080813,15.062732282359821,0.0,0.08,0.1570527605825396,4.621270702641506
2004-02-12 18:00:00,2004,2,12,18,1076608800,21.42407531468798,4.521033365888758,99.31757026594813,0.4820603066042915,0.0,0.08,0.15937207216290747,3.176093108800968
2004-02-13 00:00:00,2004,2,13,0,1076630400,18.68819364561086,4.56481885664954,100.07129419808017,0.7084883325547174,0.0,0.08,0.1,2.587397522479191
2004-02-13 06:00:00,2004,2,13,6,1076652000,21.333047772861935,6.310724426030431,99.15932057856664,0.05312528603262856,0.0,0.08,0.1,2.708449084619336
2004-02-13 12:00:00,2004,2,13,12,1076673600,25.741596941963962,5.020595140744678,99.2592945117898,15.92609523327446,0.0,0.08,0.12662731462586882,4.746462928137183
2004-02-13 18:00:00,2004,2,13,18,1076695200,23.03104171075008,4.621029778197219,99.09200970122592,0.653069834260903,0.0,0.08,0.1,2.96969961610907
2004-02-14 00:00:00,2004,2,14,0,1076716800,14.738637287636093,5.054393155558606,99.36432494195407,0.5194414755757369,0.0,0.08,0.1,2.2405211354965244
2004-02-14 06:00:00,2004,2,14,6,1076738400,22.262329071622077,7.278587940636408,98.68703264829037,0.39631685698959596,0.0,0.08,0.1,2.7411751859261737
2004-02-14 12:00:00,2004,2,14,12,1076760000,26.50659722809392,5.503237400766867,98.3268711186049,15.506829639897019,0.0,0.08,0.1,5.044179485902957
2004-02-14 18:00:00,2004,2,14,18,1076781600,24.005170359467012,5.983213959087438,99.02066274787765,0.3355587806675487,0.0,0.08,0.13591441145328448,3.12877664435763
2004-02-15 00:00:00,2004,2,15,0,1076803200,18.461675454129175,6.985437206759442,99.3776523917604,0.11572935483144042,0.0,0.08,0.1,2.464882072132237
2004-02-15 06:00:00,2004,2,15,6,1076824800,18.646897192699385,5.153440873449052,99.51050353339609,0.07924188742208604,0.0,0.08,0.1,2.099557804560245
2004-02-15 12:00:00,2004,2,15,12,1076846400,26.89454464073086,4.584297667381221,98.82442032341169,15.493076663770799,0.0,0.08,0.10086937488214479,4.607850231760739
2004-02-15 18:00:00,2004,2,15,18,1076868000,19.391554713400755,5.153322527409833,98.70270790108263,0.6670640443683427,0.0,0.08,0.1,2.1420816938980933
2004-02-16 00:00:00,2004,2,16,0,1076889600,18.406942206844672,9.294121591704748,98.9734130404582,0.2883943575955846,0.0,0.08,0.1,2.8067910496488606
2004-02-16 06:00:00,2004,2,16,6,1076911200,20.266670249830682,5.572961587852538,98.96813866899831,0.8122649526331652,0.0,0.08,0.10199450656970672,2.2802797396429675
2004-02-16 12:00:00,2004,2,16,12,1076932800,27.876460150004394,5.850750163376367,99.25538470319623,15.636075853757646,0.0,0.08,0.1,4.975803804885495
2004-02-16 18:00:00,2004,2,16,18,1076954400,23.423193616303262,6.728826492916007,99.22775804590407,0.6311935848011099,0.0,0.08,0.1,2.537857738318449
2004-02-17 00:00:00,2004,2,17,0,1076976000,14.080045279320416,4.786264071996116,99.61767834014783,0.43191344204980187,0.0,0.08,0.1,2.324276636560056
2004-02-17 06:00:00,2004,2,17,6,1076997600,24.02298254148212,6.5891529439011265,99.05347080096941,0.49782649172771665,0.0,0.08,0.13056681315152935,2.724947154638755
2004-02-17 12:00:00,2004,2,17,12,1077019200,28.49704345414998,5.133333751546391,98.77868433786368,15.578297778471885,0.0,0.08,0.1,5.040382520480389
2004-02-17 18:00:00,2004,2,17,18,1077040800,20.232651827075742,5.3400559039441875,99.26916483922847,0.5138690783457848,0.0,0.08,0.1,2.203688613316316
2004-02-18 00:00:00,2004,2,18,0,1077062400,18.672601627349295,5.091476390528916,98.87514348402264,0.11065307034352312,0.0,0.08,0.1,2.5058203753830237
2004-02-18 06:00:00,2004,2,18,6,1077084000,20.13242268789807,4.870506457673965,98.87981653702458,0.38676758107945497,0.0,0.08,0.1,2.6874843691715027
2004-02-18 12:00:00,2004,2,18,12,1077105600,28.29347858630122,5.293317796741251,99.67436003797867,15.849581903006644,0.0,0.08,0.1,5.003610820436587
2004-02-18 18:00:00,2004,2,18,18,1077127200,21.79378947990891,4.7695903263087756,99.44402490136586,0.7039959455116946,0.0,0.08,0.1,2.6233014643436907
2004-02-19 00:00:00,2004,2,19,0,1077148800,14.9202882457603,7.431807684589351,99.02395308944241,0.40022117787470235,0.0,0.08,0.1,2.3454318371786766
2004-02-19 06:00:00,2004,2,19,6,1077170400,24.264001348973142,5.185267740485014,99.69854441005944,0.6654360057237939,0.0,0.08,0.1,2.7283148669600177
2004-02-19 12:00:00,2004,2,19,12,1077192000,29.260314273633433,6.22777536078817,99.40086670355868,15.649810857595565,0.0,0.08,0.1,5.317963470223437
2004-02-19 18:00:00,2004,2,19,18,1077213600,22.33845930158355,5.165406837193703,99.26837741543147,0.025226046032979406,0.0,0.08,0.1,2.67767983210903
2004-02-20 00:00:00,2004,2,20,0,1077235200,17.203838465418112,5.009043124769146,98.93536995345767,0.505947470981663,0.0,0.08,0.1,1.9428657492570363
2004-02-20 06:00:00,2004,2,20,6,1077256800,21.56853616633408,6.529970084849505,98.52120187500981,0.4738707826017059,0.0,0.08,0.1,3.0481838079325643
2004-02-20 12:00:00,2004,2,20,12,1077278400,27.999963464783466,6.121386685308182,98.8822049406856,16.219609162862362,0.0,0.08,0.1,5.099221844977622
2004-02-20 18:00:00,2004,2,20,18,1077300000,22.783384299944892,5.023174336202846,98.99135864424221,0.3135452625417269,0.0,0.08,0.13207436819734564,2.6940011874714047
2004-02-21 00:00:00,2004,2,21,0,1077321600,19.581141925304067,6.090940439386914,98.76637696502922,0.029865359219214183,0.0,0.08,0.1,2.4776959911926584
2004-02-21 06:00:00,2004,2,21,6,1077343200,22.606901309169942,4.677965118599168,99.1625390206759,0.723569604847549,0.0,0.08,0.1,2.5555999636937354
2004-02-21 12:00:00,2004,2,21,12,1077364800,29.391386247581973,4.9624867641064,98.51391583814299,16.56745623434703,0.7047702599302554,0.08,0.1,5.12695297919839
2004-02-21 18:00:00,2004,2,21,18,1077386400,19.500953452258415,6.6220174720670775,99.52454098544818,0.39426354719423307,0.0,0.08,0.1,2.666355448300131
2004-02-22 00:00:00,2004,2,22,0,1077408000,18.62983283654329,5.478250697666554,98.97468728315204,0.6111277805659843,0.0,0.08,0.1,2.545173557454519
2004-02-22 06:00:00,2004,2,22,6,1077429600,22.681116547716066,5.0279534541747015,99.33365837434134,0.5446872124764616,0.0,0.08,0.1,2.825188430962619
2004-02-22 12:00:00,2004,2,22,12,1077451200,27.952638026028012,5.743994233384763,99.33009681092956,16.267337761280665,0.0,0.08,0.10373802004996484,4.93463006692869
2004-02-22 18:00:00,2004,2,22,18,1077472800,25.141872218891177,5.625259820762107,98.74159874522259,0.8673762134469412,0.0,0.08,0.1,2.7945380942809805
2004-02-23 00:00:00,2004,2,23,0,1077494400,19.198477987522068,6.209463477050725,98.57593540521084,0.7363367723029941,0.0,0.08,0.1,2.5822903379475477
2004-02-23 06:00:00,2004,2,23,6,1077516000,22.012303593624058,4.814997333242298,98.90616418130257,0.7697864121076395,0.0,0.08,0.1,2.818264478713758
2004-02-23 12:00:00,2004,2,23,12,1077537600,26.259378655052295,7.268829296472946,99.21082645796197,15.868146614821278,0.0,0.08,0.1,4.791848716343323
2004-02-23 18:00:00,2004,2,23,18,1077559200,19.663300073376746,4.792107434410133,99.13917988705855,0.14670746883203073,0.0,0.08,0.1,2.354716102018763
2004-02-24 00:00:00,2004,2,24,0,1077580800,18.33798097622038,5.624615498634037,99.43400634161027,0.6633046176613462,0.0,0.08,0.1,2.4763626164229877
2004-02-24 06:00:00,2004,2,24,6,1077602400,24.507340710373782,6.576568794237305,99.2020002419365,0.5404577852417657,0.0,0.08,0.1,2.9051204007276623
2004-02-24 12:00:00,2004,2,24,12,1077624000,29.56456761605548,5.351555970899927,99.2240259557324,16.629818630831146,0.0,0.08,0.1,5.429761385559891
2004-02-24 18:00:00,2004,2,24,18,1077645600,22.057095151465887,8.331203804234185,98.84174230378358,0.09307331979989081,0.0,0.08,0.1,2.500706499195485
2004-02-25 00:00:00,2004,2,25,0,1077667200,19.664383428362814,6.8433806334292315,98.99377131132117,0.566487121166537,0.0,0.08,0.1,2.2627004568481035
2004-02-25 06:00:00,2004,2,25,6,1077688800,24.69399127628166,5.565029264234797,99.00179222778924,0.4860693972099104,0.0,0.08,0.1,3.101272762367552
2004-02-25 12:00:00,2004,2,25,12,1077710400,29.237022091086466,5.036907120829628,99.25561455128538,16.78829383764358,0.0,0.08,0.11853140923239845,5.3451526827646045
2004-02-25 18:00:00,2004,2,25,18,1077732000,22.866835291470792,4.798830763519245,99.2961532523243,0.18714897283967497,0.0,0.08,0.1,2.6798525740582795
2004-02-26 00:00:00,2004,2,26,0,1077753600,17.846775772604726,7.173447491033807,98.98628698715119,0.348713139300588,0.0,0.08,0.1,2.3314808322646092
2004-02-26 06:00:00,2004,2,26,6,1077775200,23.717246799122098,5.0707737142191025,98.9961245604516,0.15047146083907426,0.0,0.08,0.1,2.8331086227553843
2004-02-26 12:00:00,2004,2,26,12,1077796800,28.938113246356988,5.218152701474976,99.1614445839607,16.46401842807383,0.0,0.08,0.1,5.159410321198026
2004-02-26 18:00:00,2004,2,26,18,1077818400,22.202840480698494,4.762404830255222,99.63585117822997,0.8814058126196618,0.0,0.08,0.1,2.7500070419126224
2004-02-27 00:00:00,2004,2,27,0,1077840000,17.499485925506985,4.788520170068005,98.51986662742026,0.6703334777278528,9.455250102078935,0.09367361867494844,0.1,2.330999916014253
2004-02-27 06:00:00,2004,2,27,6,1077861600,23.44571013944941,5.153790107709489,98.76446412555688,0.7442987826140472,0.0,0.08,0.11533589875417555,2.9380187890875553
2004-02-27 12:00:00,2004,2,27,12,1077883200,27.114392886086936,7.854727389189092,98.77667932852326,16.18489077682188,0.0,0.08,0.10483833762049308,5.269840125084236
2004-02-27 18:00:00,2004,2,27,18,1077904800,22.279668533207314,7.037741424708826,98.6468282964759,0.45202593463058616,0.0,0.08,0.1,2.9392929546131605
2004-02-28 00:00:00,2004,2,28,0,1077926400,15.530796624450373,6.978412309765408,98.78842156402166,0.8386703563656536,0.0,0.08,0.1,2.353476327130717
2004-02-28 06:00:00,2004,2,28,6,1077948000,21.656987740314765,7.406722706013426,99.14015244547399,0.8374796086182725,0.0,0.08,0.1,2.7726549245166634
2004-02-28 12:00:00,2004,2,28,12,1077969600,29.28725588454619,5.084549088374743,99.31081930628255,17.159407576625643,0.0,0.08,0.1,5.315239799411459
2004-02-28 18:00:00,2004,2,28,18,1077991200,24.681171354299597,10.574245688258898,99.09613644910235,0.5260408290939346,0.0,0.08,0.1,3.375339838335786
2004-02-29 00:00:00,2004,2,29,0,1078012800,18.240937809014042,5.18447053840956,99.07538951095133,0.0020714291854075917,0.0,0.08,0.1,2.2578502006137473
2004-02-29 06:00:00,2004,2,29,6,1078034400,24.485983670317363,5.031800544308116,98.73672417045042,0.8990604959099753,0.0,0.08,0.1,2.8338628653070086
2004-02-29 12:00:00,2004,2,29,12,1078056000,24.952967463818347,5.311726371248685,98.21342891783851,17.207959438988304,0.0,0.08,0.1,4.995494043523497
2004-02-29 18:00:00,2004,2,29,18,1078077600,23.94191029391412,5.922127348729236,99.12481589398192,0.9277462035788082,0.0,0.08,0.1,3.040451255693251
2004-03-01 00:00:00,2004,3,1,0,1078099200,16.24100317269966,5.000505859172613,99.39764814986519,0.7719112570169012,0.0,0.08,0.1,2.1918358859495473
2004-03-01 06:00:00,2004,3,1,6,1078120800,22.16992917400604,6.813860392793483,99.2850500817979,0.21191495090397772,0.0,0.08,0.1,2.7998190369546263
2004-03-01 12:00:00,2004,3,1,12,1078142400,29.403707191341873,5.497877106878862,98.96920506039365,16.471713180432115,0.0,0.08,0.1,5.005731913011175
2004-03-01 18:00:00,2004,3,1,18,1078164000,24.658487426892066,6.061626070141532,99.02073060846587,0.7008860034768032,0.0,0.08,0.10048301518027324,2.928881221145396
2004-03-02 00:00:00,2004,3,2,0,1078185600,15.702663386247389,6.801557564284555,99.40367846836784,0.1404230086042012,0.0,0.08,0.1,2.4937290187014534
2004-03-02 06:00:00,2004,3,2,6,1078207200,21.05944209622329,8.296393826865591,98.77368720445294,0.9533156649327649,0.0,0.08,0.1,2.905517850395383
2004-03-02 12:00:00,2004,3,2,12,1078228800,27.554348952117994,7.380603103655144,98.84663182584771,16.859871327837855,0.0,0.08,0.1,5.0371557439722086
2004-03-02 18:00:00,2004,3,2,18,1078250400,20.872916956915624,5.9703990478301785,98.4424347554136,0.030815059987307058,0.0,0.08,0.1,2.4394226076822285
2004-03-03 00:00:00,2004,3,3,0,1078272000,18.071358682723908,11.920993613806889,99.1069137211652,0.15059360052797344,0.0,0.08,0.1,2.3811295608722105
2004-03-03 06:00:00,2004,3,3,6,1078293600,24.99214249602146,5.957802993500933,98.81740709831622,0.29048117948506225,0.0,0.08,0.1,3.226818066576409
2004-03-03 12:00:00,2004,3,3,12,1078315200,26.3640544057055,5.977817352126696,98.87767096794515,17.19965566375879,0.0,0.08,0.1,4.843057209658221
2004-03-03 18:00:00,2004,3,3,18,1078336800,26.711193541867292,5.08493412031156,99.17197167197199,0.7372923247986757,0.0,0.08,0.1,2.543811576326561
2004-03-04 00:00:00,2004,3,4,0,1078358400,18.433301303422883,5.079494234125006,98.72654627269388,0.21302520315384965,0.0,0.08,0.1,2.0428877069485
2004-03-04 06:00:00,2004,3,4,6,1078380000,24.38262143721742,5.115120859685107,99.1013951450326,0.6485555315260665,0.0,0.08,0.1,2.864793986050015
2004-03-04 12:00:00,2004,3,4,12,1078401600,27.28185608309531,6.182047559113544,99.11693378667792,16.610031431982087,0.0,0.08,0.1,4.911451591069782
2004-03-04 18:00:00,2004,3,4,18,1078423200,25.38642861318501,5.642628035905551,98.84383903885498,0.10285292515097513,0.0,0.08,0.1,2.9212589467005454
2004-03-05 00:00:00,2004,3,5,0,1078444800,19.30795025142933,5.58080469520842,99.18843299704785,0.5350106749412287,0.0,0.08,0.1,2.526179778896999
2004-03-05 06:00:00,2004,3,5,6,1078466400,24.338928628548043,5.054135461569101,98.90573511699237,0.7038236398861675,0.0,0.08,0.1,2.72948300353886
2004-03-05 12:00:00,2004,3,5,12,1078488000,29.53733272955254,5.569139936751146,99.15127447418934,17.575295731457867,0.0,0.08,0.1,5.136537498497578
2004-03-05 18:00:00,2004,3,5,18,1078509600,22.017051195104678,5.561644660705825,98.7517762879385,0.43775247628696495,0.0,0.08,0.1,2.844151306949453
2004-03-06 00:00:00,2004,3,6,0,1078531200,19.70646332400216,6.315114852210456,99.096636688625,0.11995306084869317,0.0,0.08,0.1,2.5363484180083646
2004-03-06 06:00:00,2004,3,6,6,1078552800,25.147053098941253,5.598059714793907,98.81463610745477,0.9289766308644954,0.0,0.08,0.1,2.4379340035448216
2004-03-06 12:00:00,2004,3,6,12,1078574400,26.794483301019877,5.674413206908224,99.02168674829691,17.181487365870485,0.0,0.08,0.1,4.751616157419039
2004-03-06 18:00:00,2004,3,6,18,1078596000,23.686407617985644,5.337821217513556,99.0270953799967,0.49747310064555644,0.0,0.08,0.1,2.432942437634898
2004-03-07 00:00:00,2004,3,7,0,1078617600,18.7633480777807,5.082680278601898,98.78582707695274,0.8544295044031701,0.0,0.08,0.1,2.3958369585536317
2004-03-07 06:00:00,2004,3,7,6,1078639200,24.288236196645446,5.406227724555497,98.77702470913844,0.5857796936059294,0.0,0.08,0.1,2.8942273573369213
2004-03-07 12:00:00,2004,3,7,12,1078660800,30.30706267156136,4.936752053546478,98.84176544182694,17.128993306926294,3.077144476493009,0.08,0.1,5.2625823782889745
2004-03-07 18:00:00,2004,3,7,18,1078682400,25.451828665398743,5.212879680106761,98.92694373783972,0.5407804377344778,0.0,0.08,0.1,2.806001500182885
2004-03-08 00:00:00,2004,3,8,0,1078704000,19.209428064266767,5.470915157418758,99.06178310330873,0.6248610977650779,0.0,0.08,0.1,2.6596706169246147
2004-03-08 06:00:00,2004,3,8,6,1078725600,25.792965276321056,5.117571920878467,98.96083475784746,0.8897998896061664,3.9657261782752284,0.08,0.1,3.0601895857206096
2004-03-08 12:00:00,2004,3,8,12,1078747200,27.292962968186398,6.521758186909448,97.99010076663268,17.146218319501564,10.887971716241058,0.09580534384650977,0.1,5.0178686352530155
2004-03-08 18:00:00,2004,3,8,18,1078768800,24.751237703552082,5.375807688185949,99.14627149547164,0.5593790306132208,0.0,0.08,0.1,2.7165828662324696
2004-03-09 00:00:00,2004,3,9,0,1078790400,16.473040712639783,6.3251373341021475,98.99467258070209,0.9204990385888598,0.0,0.08,0.1,2.1621254174263482
2004-03-09 06:00:00,2004,3,9,6,1078812000,23.74717480039263,6.44006745451842,99.22707397297613,0.04547279053109665,0.0,0.08,0.1,2.7277488058089
2004-03-09 12:00:00,2004,3,9,12,1078833600,30.21679077983257,5.78069059415048,99.12831163804546,17.19011503718284,0.0,0.08,0.1,5.346228579031022
2004-03-09 18:00:00,2004,3,9,18,1078855200,25.5654019706302,5.785633031200329,98.7468678574834,0.34631491438166434,0.0,0.08,0.1,3.028748604740178
2004-03-10 00:00:00,2004,3,10,0,1078876800,20.07046818405275,6.207241756949447,98.50764862770019,0.6784683995688591,0.0,0.08,0.1,2.4027502652325126
2004-03-10 06:00:00,2004,3,10,6,1078898400,26.990746613442177,5.357400856769818,99.39973993810632,0.8418472721548969,0.0,0.08,0.1,2.826878497882491
2004-03-10 12:00:00,2004,3,10,12,1078920000,29.79250004830209,4.932966677653783,99.24268939722477,17.27917909055029,0.0,0.08,0.1,5.352248383240028
2004-03-10 18:00:00,2004,3,10,18,1078941600,22.07303904934151,6.454316016032921,99.0816023835336,0.24670447803245685,0.0,0.08,0.1,2.853944471553339
2004-03-11 00:00:00,2004,3,11,0,1078963200,16.354990278511757,6.316535991390536,98.6027317584907,0.8232854362251015,0.0,0.08,0.1,2.6350514455891485
2004-03-11 06:00:00,2004,3,11,6,1078984800,23.2774239414719,5.880270709147334,98.45088892540039,0.14834350657459794,0.0,0.08,0.1,2.8249581857521546
2004-03-11 12:00:00,2004,3,11,12,1079006400,28.267909399345555,8.03816197660322,98.71120823157645,17.42591881506777,0.0,0.08,0.1,5.17846440194267
2004-03-11 18:00:00,2004,3,11,18,1079028000,24.821845609682796,5.975605119183218,99.09952228598375,0.7326935859111616,0.0,0.08,0.1,3.064583527024724
2004-03-12 00:00:00,2004,3,12,0,1079049600,19.07474016486446,5.460914317450073,98.10332189145898,0.16615879495954322,0.0,0.08,0.1,2.358797225204789
2004-03-12 06:00:00,2004,3,12,6,1079071200,23.474086311772304,6.793589619995943,98.60739873998823,0.8280335246848868,0.0,0.08,0.1,2.617925408849429
2004-03-12 12:00:00,2004,3,12,12,1079092800,29.027555834231254,9.83966187194291,99.62869666894696,17.740239605915747,0.0,0.08,0.1,5.50332375982307
2004-03-12 18:00:00,2004,3,12,18,1079114400,24.39471118722144,6.921105856454041,98.71846722463485,0.447572075590686,0.0,0.08,0.1,2.9778635929780037
2004-03-13 00:00:00,2004,3,13,0,1079136000,18.784660377890358,8.519423121049023,98.82025684268743,0.13525520152228443,0.0,0.08,0.1,2.801690100660675
2004-03-13 06:00:00,2004,3,13,6,1079157600,25.096751515654894,5.105967115103211,98.80125984357258,0.6796582858962039,0.0,0.08,0.1,2.92886679297185
2004-03-13 12:00:00,2004,3,13,12,1079179200,31.459452235348948,5.120017022468976,99.32633808791053,18.218927505509985,0.0,0.08,0.1,5.365960936930751
2004-03-13 18:00:00,2004,3,13,18,1079200800,24.06523965259931,5.178512985439521,98.71214783042868,0.6921078842874705,0.0,0.08,0.1,2.4598152322284923
2004-03-14 00:00:00,2004,3,14,0,1079222400,20.299502402675085,6.75465196268942,98.25364942163964,0.31688460284685194,0.0,0.08,0.1,2.323901255849733
2004-03-14 06:00:00,2004,3,14,6,1079244000,28.27983304535805,5.675076558526796,99.1017659891168,0.6987986662089499,0.0,0.08,0.1,3.005950517754198
2004-03-14 12:00:00,2004,3,14,12,1079265600,30.542797167116976,5.908653917291811,98.47186683617821,17.93026946122258,0.0,0.08,0.1,5.7937393034194145
2004-03-14 18:00:00,2004,3,14,18,1079287200,26.810759666180704,5.389907062803507,98.34487716081124,0.8537304383483783,0.0,0.08,0.1,3.048608610860312
2004-03-15 00:00:00,2004,3,15,0,1079308800,19.603431446329257,6.9400052349341115,99.23392947212018,0.4596470992629691,0.0,0.08,0.1,2.5225125888173983
2004-03-15 06:00:00,2004,3,15,6,1079330400,27.065831581654145,7.7415612779895016,98.99908902055293,0.2373026518905057,0.0,0.08,0.1,3.3710590494942236
2004-03-15 12:00:00,2004,3,15,12,1079352000,29.106802569937447,5.203607189550869,98.66652407771012,17.607155527736428,0.0,0.08,0.1,5.392110695574796
2004-03-15 18:00:00,2004,3,15,18,1079373600,26.21473640473128,5.2628479845337415,99.12252265301021,0.28106676182779783,0.0,0.08,0.1,2.911633479662688
2004-03-16 00:00:00,2004,3,16,0,1079395200,22.065389578882865,5.570521795890823,99.05208578157105,0.5635398858346953,0.0,0.08,0.1,2.9106758433763935
2004-03-16 06:00:00,2004,3,16,6,1079416800,27.762783349984904,5.441713119819048,98.55476757933017,0.1700425305922033,0.0,0.08,0.1,2.946711455516753
2004-03-16 12:00:00,2004,3,16,12,1079438400,30.638032947648476,6.08605583368575,98.81668118425723,17.631379157279447,0.0,0.08,0.1,5.497843455311158
2004-03-16 18:00:00,2004,3,16,18,1079460000,25.044624148108596,7.04360709770733,98.72745152579661,0.44884305217062853,0.0,0.08,0.1,2.7285597456372512
2004-03-17 00:00:00,2004,3,17,0,1079481600,18.512740318360876,7.319635216817654,98.54335138584922,0.34743211860197076,0.0,0.08,0.1,2.5107350927019523
2004-03-17 06:00:00,2004,3,17,6,1079503200,25.47674811369676,5.305738636750642,98.7560766240864,0.42039062503336055,0.0,0.08,0.1,3.12742214478153
2004-03-17 12:00:00,2004,3,17,12,1079524800,31.79336477155859,5.244712011608318,98.97330797675237,18.131591163368228,0.0,0.08,0.1,5.725756036552508
2004-03-17 18:00:00,2004,3,17,18,1079546400,26.63407053524018,5.633210081021577,98.46249968724157,0.7660704707320053,0.0,0.08,0.1,3.254743739244673
2004-03-18 00:00:00,2004,3,18,0,1079568000,20.69541324493847,5.2009179087201876,98.97299808008144,0.960926855290325,0.0,0.08,0.1,3.1785446863440865
2004-03-18 06:00:00,2004,3,18,6,1079589600,26.28053423529433,5.105581826903539,98.16889343425235,0.26228443731253537,0.0,0.08,0.1,2.9056827235245426
2004-03-18 12:00:00,2004,3,18,12,1079611200,33.2311177791568,5.377909799075914,98.79203164004585,18.70579193790863,0.0,0.08,0.1,5.561330678647976
2004-03-18 18:00:00,2004,3,18,18,1079632800,26.746370889800126,5.712324462477488,98.50518378656837,0.22837562023846142,0.0,0.08,0.1,3.1139398486153476
2004-03-19 00:00:00,2004,3,19,0,1079654400,20.51122266632038,6.296294057916667,99.18263483656659,0.7549451065969561,0.0,0.08,0.1,2.4402395707818
2004-03-19 06:00:00,2004,3,19,6,1079676000,25.85821237899734,6.893889676386024,98.22578336525972,0.6813460485044648,0.0,0.08,0.1,2.8385309639845695
2004-03-19 12:00:00,2004,3,19,12,1079697600,31.87572126394244,5.344881062094775,98.63748120825508,17.901620692243398,0.0,0.08,0.1,5.485015815758213
2004-03-19 18:00:00,2004,3,19,18,1079719200,26.753871905354018,7.527876305500274,98.4595900240587,0.7249218030324898,5.9455379989219015,0.08885724199795987,0.1,3.6051788848191313
2004-03-20 00:00:00,2004,3,20,0,1079740800,24.38568565259091,5.023335719845366,98.52218270402328,0.9011226916716356,0.0,0.08,0.1,3.01796308164417
2004-03-20 06:00:00,2004,3,20,6,1079762400,28.476020143435647,5.852564279554974,98.35108638616656,0.9302222967450893,0.0,0.08,0.1,3.328435295324051
2004-03-20 12:00:00,2004,3,20,12,1079784000,29.462407964023374,6.475862742398391,98.74418339658015,18.62064192402012,0.0,0.08,0.1,5.150706736426833
2004-03-20 18:00:00,2004,3,20,18,1079805600,25.024485189021142,5.488368029650702,98.76061213108534,0.7865880365040929,0.0,0.08,0.1,2.8161833988555984
2004-03-21 00:00:00,2004,3,21,0,1079827200,23.05511560704983,6.703268758334053,98.15685996532842,0.07154185001864766,0.0,0.08,0.1,3.044669699018316
2004-03-21 06:00:00,2004,3,21,6,1079848800,24.97254361357388,8.003423177486457,98.8625310238741,0.1612526461383249,0.0,0.08,0.1,2.9333312989533717
2004-03-21 12:00:00,2004,3,21,12,1079870400,31.390491326139305,5.117132581183362,98.19975065525173,18.283997353926264,0.0,0.08,0.1,5.97016343205651
2004-03-21 18:00:00,2004,3,21,18,1079892000,28.574394240432678,6.0545941335039535,98.68430963322389,0.531338372833673,0.0,0.08,0.1,3.31205152921458
2004-03-22 00:00:00,2004,3,22,0,1079913600,21.743511787963534,5.009447521110438,99.18718129435769,0.38624474549495624,0.0,0.08,0.1,2.576209685965679
2004-03-22 06:00:00,2004,3,22,6,1079935200,27.749746402370945,5.472893622384683,98.40055032884888,0.6571350358218119,0.0,0.08,0.1,3.079685257654808
2004-03-22 12:00:00,2004,3,22,12,1079956800,31.6074697260569,5.201931245096118,98.56886724902654,18.553269274167192,15.824836846233303,0.19779791509463499,0.1,6.043267988027938
2004-03-22 18:00:00,2004,3,22,18,1079978400,26.16888207316373,6.449370862105941,98.42192263618405,0.7750222403506563,0.0,0.08,0.1,2.788617660676003
2004-03-23 00:00:00,2004,3,23,0,1080000000,18.651111649553343,5.413791493046474,98.4402743785151,0.7135880820035563,0.0,0.08,0.1,2.613021429767778
2004-03-23 06:00:00,2004,3,23,6,1080021600,26.79845646225556,5.48265936922435,98.73465592613262,0.7472813976157056,0.0,0.08,0.1,3.1660228883177797
2004-03-23 12:00:00,2004,3,23,12,1080043200,30.61790988508831,5.330208191015876,99.1255209208097,19.022460208111976,0.0,0.08,0.1,5.5173998708612
2004-03-23 18:00:00,2004,3,23,18,1080064800,28.427138254618853,5.404077792758704,98.63101387004154,0.8342224148811677,0.0,0.08,0.1,3.1921794494214186
2004-03-24 00:00:00,2004,3,24,0,1080086400,17.762340042355106,5.370885023831611,98.98229973578397,0.7795523805034251,0.0,0.08,0.1,2.5150357713442144
2004-03-24 06:00:00,2004,3,24,6,1080108000,25.789248803004746,6.783686708119677,98.40681720948298,0.06592658222938252,0.0,0.08,0.1,3.3861887180254073
2004-03-24 12:00:00,2004,3,24,12,1080129600,33.63331224642804,9.66723202576842,98.95701159852297,18.902788301979164,0.0,0.08,0.1,6.3186756720140425
2004-03-24 18:00:00,2004,3,24,18,1080151200,29.484624268207725,5.999030959993287,99.1233076729176,0.019789431981762213,0.0,0.08,0.1,3.26824757157739
2004-03-25 00:00:00,2004,3,25,0,1080172800,23.41683808416087,6.367217897462488,98.97291689676693,0.7437590396348046,0.0,0.08,0.1,2.68643700893189
2004-03-25 06:00:00,2004,3,25,6,1080194400,27.691701935265836,7.547824811535737,98.82627254542172,0.061057739925877486,0.0,0.08,0.1,2.8633922372057317
2004-03-25 12:00:00,2004,3,25,12,1080216000,29.101579057011204,5.961026141453896,98.79689006250194,19.348690644587315,0.0,0.08,0.1,5.5425593525705255
2004-03-25 18:00:00,2004,3,25,18,1080237600,25.098548975337238,5.530683491770532,98.37979049055609,0.6140782093659684,0.0,0.08,0.1,2.771460057948247
2004-03-26 00:00:00,2004,3,26,0,1080259200,23.218133257526862,9.51701039286555,98.14771655226215,0.181998096295385,0.0,0.08,0.1,2.9561805777048593
2004-03-26 06:00:00,2004,3,26,6,1080280800,24.890197782179403,8.5430694984583,98.78972330328057,0.468279509564803,0.0,0.08,0.1,3.102692511694186
2004-03-26 12:00:00,2004,3,26,12,1080302400,31.472932772845514,5.3672625443615765,98.35453668800865,19.27793502587463,0.0,0.08,0.1,5.81293528814358
2004-03-26 18:00:00,2004,3,26,18,1080324000,26.357783292121916,6.815299351375135,98.37818086130832,0.17999796324827025,0.0,0.08,0.1,2.806681256251312
2004-03-27 00:00:00,2004,3,27,0,1080345600,22.590727956665937,6.5585113413737774,98.12694471089581,0.5367754704424932,0.0,0.08,0.1,2.5921699717161153
2004-03-27 06:00:00,2004,3,27,6,1080367200,27.967380800909947,6.569147969641719,98.40078803214053,0.0035807675759023105,0.0,0.08,0.1,3.073439811808813
2004-03-27 12:00:00,2004,3,27,12,1080388800,28.153553952214835,7.65925293713095,98.8990281707427,19.325332982195825,0.0,0.08,0.1,5.5763870713220465
2004-03-27 18:00:00,2004,3,27,18,1080410400,27.389004343034834,6.677760371810609,98.85997315376557,0.19460760115233405,0.0,0.08,0.1,3.158677963984529
2004-03-28 00:00:00,2004,3,28,0,1080432000,21.077346717806883,6.0923818388060145,98.16027330503185,0.38717819166956224,0.0,0.08,0.1,3.1228827164021826
2004-03-28 06:00:00,2004,3,28,6,1080453600,27.93245100971206,7.804499485855443,98.26591888858603,0.5302437005736015,0.0,0.08,0.1,2.806598068182323
2004-03-28 12:00:00,2004,3,28,12,1080475200,29.429356933330038,5.459155842672821,98.01583371697299,18.767257864537807,0.0,0.08,0.1,5.671424168860303
2004-03-28 18:00:00,2004,3,28,18,1080496800,28.622013322464962,6.703178576442582,98.66548169540076,0.9266708468270033,0.0,0.08,0.1,3.517864417303631
2004-03-29 00:00:00,2004,3,29,0,1080518400,21.16329689753876,6.812454942517384,98.59490612445366,0.4688061387698659,0.0,0.08,0.1,2.476883496089059
2004-03-29 06:00:00,2004,3,29,6,1080540000,26.654049298249408,8.062905555693465,98.6205367679273,0.23178356249225207,0.0,0.08,0.1,3.0388190060525675
2004-03-29 12:00:00,2004,3,29,12,1080561600,34.680583804051345,14.571319151022468,98.40571515287694,19.442844247005556,0.0,0.08,0.1,6.758468852349188
2004-03-29 18:00:00,2004,3,29,18,1080583200,27.029843394685887,6.222021123983183,98.73588704075591,0.894213427324563,0.0,0.08,0.1,3.0263608062431167
2004-03-30 00:00:00,2004,3,30,0,1080604800,23.852240165676914,5.9933292877051745,98.4343383950236,0.9126709149404337,0.0,0.08,0.1,2.7662562001113664
2004-03-30 06:00:00,2004,3,30,6,1080626400,27.333681880979892,6.376653157229976,98.8087440903226,0.43113393968171176,4.722249065426524,0.08,0.1,3.1512500429153185
2004-03-30 12:00:00,2004,3,30,12,1080648000,34.867807536513936,6.612044508045406,98.19291970356315,19.15225819933761,0.0,0.08,0.1,6.090766857459622
2004-03-30 18:00:00,2004,3,30,18,1080669600,27.88008474598882,6.871979900873445,98.78246862287818,0.9292574175986036,0.0,0.08,0.1,3.4550286614961676
2004-03-31 00:00:00,2004,3,31,0,1080691200,23.2809713917418,5.495287204867367,98.63417599832408,0.05283816011542286,0.0,0.08,0.1,2.9217189526871046
2004-03-31 06:00:00,2004,3,31,6,1080712800,27.776013003999537,6.001299968411175,98.70229794220626,0.7505401067202869,0.0,0.08,0.1,3.338581036982738
2004-03-31 12:00:00,2004,3,31,12,1080734400,32.06159234900756,5.695232758141768,98.4068574656704,19.05516627835304,0.0,0.08,0.1,5.324705344958426
2004-03-31 18:00:00,2004,3,31,18,1080756000,28.81846839091408,5.059303579291958,99.03054419153263,0.4655012915010859,0.0,0.08,0.1,3.176033910711428
2004-04-01 00:00:00,2004,4,1,0,1080777600,21.519848841278783,6.4104559799408785,98.27263344429349,0.9536922515326055,0.0,0.08,0.1,2.859527622859345
2004-04-01 06:00:00,2004,4,1,6,1080799200,28.733697950294516,8.116813221035885,99.17140453514189,0.5811481259024225,0.0,0.08,0.1,3.481224606653151
2004-04-01 12:00:00,2004,4,1,12,1080820800,34.08254026122473,8.816338443048057,98.62114107471143,19.4856986611127,0.0,0.08,0.1,5.93371040537095
2004-04-01 18:00:00,2004,4,1,18,1080842400,28.44596646198256,6.092799195309108,98.83080980502899,0.06180075859249234,0.0,0.08,0.1,2.953197666725776
2004-04-02 00:00:00,2004,4,2,0,1080864000,21.36275266180682,7.177230956920985,98.9063554081557,0.27734054709979417,0.0,0.08377574077620913,0.1,2.467954084000577
2004-04-02 06:00:00,2004,4,2,6,1080885600,28.44663304247708,6.868662850808612,98.70364210570234,0.0030511029233275533,0.0,0.08,0.1,3.2826354191573732
2004-04-02 12:00:00,2004,4,2,12,1080907200,34.34802657762773,5.389221303133192,99.03271513038332,19.92157896457345,0.0,0.08,0.1,6.179343886382728
2004-04-02 18:00:00,2004,4,2,18,1080928800,25.874866113831633,5.096784216382131,98.75403122067229,0.6448546776087256,0.0,0.08,0.1,3.000585883608148
2004-04-03 00:00:00,2004,4,3,0,1080950400,20.62110512230602,7.064954371528532,98.67287253820007,0.11802766526115471,0.0,0.08,0.1,2.373114186598603
2004-04-03 06:00:00,2004,4,3,6,1080972000,29.17759399742168,5.4966995170406,98.59397946985047,0.3634726889934594,0.0,0.08,0.1,3.258580104734629
2004-04-03 12:00:00,2004,4,3,12,1080993600,31.93947812922654,6.1940240300660445,98.56776776088579,19.94199376873745,0.0,0.08,0.1,5.637521789274458
2004-04-03 18:00:00,2004,4,3,18,1081015200,29.029095618251983,6.112028590901109,98.78863851702602,0.1403031982376597,0.0,0.08,0.1,3.0673682424541617
2004-04-04 00:00:00,2004,4,4,0,1081036800,25.60955356382579,7.551459749241015,98.18452290345898,0.2302653042911712,0.0,0.08,0.1,2.9502459534709446
2004-04-04 06:00:00,2004,4,4,6,1081058400,25.835224426217305,6.548835514754979,98.39013614538455,0.5414065231213139,0.0,0.08,0.1,2.869524210127627
2004-04-04 12:00:00,2004,4,4,12,1081080000,30.704343687008198,7.814296721759598,98.58834909366048,19.359195256762273,0.0,0.08,0.1,5.514122215537798
2004-04-04 18:00:00,2004,4,4,18,1081101600,29.246488151956193,7.089793527954102,98.21790977982819,0.3827063389880262,0.0,0.08,0.1,3.6200079183870737
2004-04-05 00:00:00,2004,4,5,0,1081123200,25.144311387223002,18.026237782380356,98.70800640074611,0.9821277279575755,0.0,0.08,0.1,3.223141534811237
2004-04-05 06:00:00,2004,4,5,6,1081144800,30.747194302772886,7.986260555907833,98.35504087796248,0.5438513295274429,0.0,0.08,0.1,3.376034836553426
2004-04-05 12:00:00,2004,4,5,12,1081166400,34.385603454559394,5.350617425452891,98.03509286953982,19.99908676659653,0.0,0.08,0.1,5.945113182261017
2004-04-05 18:00:00,2004,4,5,18,1081188000,27.97441896412477,9.87631231495377,98.23685737036045,0.6632810482513212,0.0,0.08,0.1,3.6269553560552725
2004-04-06 00:00:00,2004,4,6,0,1081209600,23.451680252168387,5.616236410544745,98.68957660156936,0.21171602493313324,0.0,0.08,0.1,2.8112855800385015
2004-04-06 06:00:00,2004,4,6,6,1081231200,28.81226078788532,6.396786095979591,98.08848101433024,0.8461133869121644,0.0,0.08,0.1,3.2400449406911696
2004-04-06 12:00:00,2004,4,6,12,1081252800,35.83334896344369,9.246928019260853,98.11276320432344,19.50253502062419,0.0,0.08,0.1,6.091080237802435
2004-04-06 18:00:00,2004,4,6,18,1081274400,28.74733238014203,5.354171158310719,98.55690768846313,0.9215951351681995,0.0,0.08,0.1,3.4775409754757725
2004-04-07 00:00:00,2004,4,7,0,1081296000,22.404786103069522,7.910390495561719,97.98899732057721,0.21607187825754914,0.0,0.08,0.1,2.6225060834747023
2004-04-07 06:00:00,2004,4,7,6,1081317600,28.773961950265367,9.581175089636151,98.55409497110615,0.9547442864824327,0.0,0.08,0.1,3.5077749566874386
2004-04-07 12:00:00,2004,4,7,12,1081339200,31.0953640455637,7.873543478899995,97.7662105421382,20.26096514131342,0.0,0.08,0.1,5.848743436605218
2004-04-07 18:00:00,2004,4,7,18,1081360800,27.606315288597525,7.555193170925174,98.5265790429082,0.17098324195509756,0.0,0.08,0.1,3.2727935410968225
2004-04-08 00:00:00,2004,4,8,0,1081382400,23.108744222287385,5.447711464404393,98.33901034614168,0.16040269057736667,0.0,0.08,0.1,3.024554975074278
2004-04-08 06:00:00,2004,4,8,6,1081404000,27.985587308271146,5.770764527958306,98.85725054615246,0.08452943912666933,0.0,0.08,0.1,3.248627718150764
2004-04-08 12:00:00,2004,4,8,12,1081425600,31.190207224991436,7.129434794433325,97.78209099705802,19.79244036123112,0.0,0.08044947666495315,0.1,5.772795674510967
2004-04-08 18:00:00,2004,4,8,18,1081447200,26.790000625886126,5.175297283320784,98.17313618885272,0.6591067559279044,0.0,0.08,0.1,3.3861990410907485
2004-04-09 00:00:00,2004,4,9,0,1081468800,23.670450667411444,8.271898571521167,98.50529545391251,0.5203024593552115,0.0,0.08,0.1,3.255630246633589
2004-04-09 06:00:00,2004,4,9,6,1081490400,29.957908623579,5.337087877374473,98.33549895499682,0.6133507898980575,0.0,0.08,0.1,3.5349934658089195
2004-04-09 12:00:00,2004,4,9,12,1081512000,33.073679028474096,6.2309637864914835,98.20018243004142,19.657851027682256,0.0,0.08,0.1,5.94279178576095
2004-04-09 18:00:00,2004,4,9,18,1081533600,28.81300839491098,5.149513460878686,97.81940313354215,0.07997138144290668,0.0,0.08,0.1,2.9878909838687093
2004-04-10 00:00:00,2004,4,10,0,1081555200,25.145460693258492,5.286122609364168,98.45912155755624,0.6919740461583919,0.0,0.08,0.1,2.4557718373556052
2004-04-10 06:00:00,2004,4,10,6,1081576800,32.83546578716376,6.299945904459196,99.01230029196047,0.8479083433820718,0.0,0.08,0.1,3.6558709633789235
2004-04-10 12:00:00,2004,4,10,12,1081598400,33.355113918416286,6.489239264173289,98.11175675993084,20.06727562273648,0.0,0.08,0.1,6.125742865072198
2004-04-10 18:00:00,2004,4,10,18,1081620000,27.567079597736733,5.45047785154281,98.35563056763446,0.16648240797626765,0.0,0.08,0.1,2.8004444609046493
2004-04-11 00:00:00,2004,4,11,0,1081641600,25.142906691057227,5.164602006132283,98.42147589292543,0.3083555167302311,0.0,0.08,0.1,2.959762238021993
2004-04-11 06:00:00,2004,4,11,6,1081663200,30.235642370503292,6.170671864420865,98.19608930175684,0.4120299651337669,0.0,0.08,0.1,3.257741790168256
2004-04-11 12:00:00,2004,4,11,12,1081684800,31.99595331216216,7.729253719402526,98.30315765340785,20.418627122103462,0.0,0.08,0.1,6.06842426298968
2004-04-11 18:00:00,2004,4,11,18,1081706400,27.279596879081716,5.311818090991469,98.00523184632465,0.4094734245855318,0.0,0.08,0.1,2.9437855829300212
2004-04-12 00:00:00,2004,4,12,0,1081728000,22.03048124257642,6.733788275518949,97.88314355882304,0.8970411245705487,0.0,0.08,0.1,2.6315620322615874
2004-04-12 06:00:00,2004,4,12,6,1081749600,28.010914585931058,5.700770545927973,98.7501066211071,0.40121239472898684,0.0,0.08339040467069568,0.1,3.1454015806250313
2004-04-12 12:00:00,2004,4,12,12,1081771200,35.38036419852296,9.268795799644113,98.26225969180535,20.04997209291624,0.0,0.08,0.1,6.034588470160029
2004-04-12 18:00:00,2004,4,12,18,1081792800,29.620975067448214,5.09869417942052,98.46375203863212,0.24834460669807634,0.0,0.08,0.1,3.4167270246967094
2004-04-13 00:00:00,2004,4,13,0,1081814400,24.464708996212725,5.025199372275847,98.4138280499336,0.4651662620159599,0.0,0.08,0.1,2.8383050163921344
2004-04-13 06:00:00,2004,4,13,6,1081836000,27.73934078155516,5.163127546651195,97.99604054447556,0.7824626749012632,0.0,0.08,0.1,2.9122830970473053
2004-04-13 12:00:00,2004,4,13,12,1081857600,32.62212460073495,7.2519701040767215,97.89077306111979,20.81755911412912,0.0,0.08,0.1,5.91735960721363
2004-04-13 18:00:00,2004,4,13,18,1081879200,29.323307963832452,8.805461581396813,98.09721292774177,0.18529071940350594,0.0,0.08,0.1,3.496417336623602
2004-04-14 00:00:00,2004,4,14,0,1081900800,24.264710656154442,7.551156948768932,98.33219867609165,0.003471907718477496,0.0,0.0805209532550189,0.1,2.8309484634680673
2004-04-14 06:00:00,2004,4,14,6,1081922400,30.071750534435772,6.856056314180174,98.01731652130749,0.8694088117004404,0.0,0.08261073686308176,0.1,3.5752983985932514
2004-04-14 12:00:00,2004,4,14,12,1081944000,36.419101962856445,5.047141074820783,98.12518527273872,20.255325108875308,0.0,0.08,0.1,5.967499678847455
2004-04-14 18:00:00,2004,4,14,18,1081965600,27.629235050584985,5.319015507888818,97.6626668077045,0.821662739803011,0.0,0.08,0.1,3.088945821049724
2004-04-15 00:00:00,2004,4,15,0,1081987200,24.238204152468633,9.060731892948873,98.23711486958457,0.5507479094428182,0.0,0.08,0.1,3.0137420783513735
2004-04-15 06:00:00,2004,4,15,6,1082008800,29.63223000414769,6.414348670479848,98.27148984587284,0.40411554298828045,0.0,0.08286687346988401,0.1,3.7666384577438254
2004-04-15 12:00:00,2004,4,15,12,1082030400,34.75230916024229,5.899488756423616,98.24764080968721,20.252261442536525,0.0,0.08,0.1,5.929840013527792
2004-04-15 18:00:00,2004,4,15,18,1082052000,29.573505606472285,6.536581765532148,97.94630459099821,0.6720370900829192,0.0,0.08,0.1,3.4686608335970366
2004-04-16 00:00:00,2004,4,16,0,1082073600,24.53083882306171,5.24031204396425,97.93631376912595,0.8181573679496527,0.0,0.0868788392229008,0.1,3.014469758480465
2004-04-16 06:00:00,2004,4,16,6,1082095200,29.870073522277952,8.295759634409922,97.90468524413235,0.461094115433459,0.0,0.08,0.1,3.779285084150996
2004-04-16 12:00:00,2004,4,16,12,1082116800,35.36128016505733,6.547200800142395,98.10480321818153,20.629611507674817,0.0,0.08,0.1,6.473730861926301
2004-04-16 18:00:00,2004,4,16,18,1082138400,28.52699258120198,5.901049471333339,98.01846486642422,0.7552790990529726,0.0,0.08,0.1,3.145333671748665
2004-04-17 00:00:00,2004,4,17,0,1082160000,25.412798489807155,5.855083565126745,98.63895956234833,0.5001186130152074,0.0,0.08,0.1,2.7459312133028533
2004-04-17 06:00:00,2004,4,17,6,1082181600,30.480452774427143,7.530219186612289,98.75715577144558,0.7856125847491381,0.0,0.08,0.1,3.1960706863731825
2004-04-17 12:00:00,2004,4,17,12,1082203200,35.0608963249137,5.490045780375287,98.48709400016016,20.314477439325024,0.0,0.08,0.1,6.134305983959888
2004-04-17 18:00:00,2004,4,17,18,1082224800,32.07284708406207,5.159316711569842,98.24518169983865,0.8576306172176225,0.0,0.08,0.1,3.6994707712450925
2004-04-18 00:00:00,2004,4,18,0,1082246400,25.154315875511024,5.238605040251832,98.10388060121785,0.26207064433219074,0.0,0.083403571070027,0.1,3.118101166162189
2004-04-18 06:00:00,2004,4,18,6,1082268000,30.37696390053772,5.057447215168808,97.94675555755042,0.16919462347626135,0.0,0.08,0.1,3.221114215303554
2004-04-18 12:00:00,2004,4,18,12,1082289600,33.36400264794563,5.994018491373861,98.2190095143187,20.3690895932599,0.0,0.08,0.1,5.9919867969707585
2004-04-18 18:00:00,2004,4,18,18,1082311200,31.389806765637218,6.626875446751016,98.15026618587855,0.8340730990432743,0.0,0.08760015719953831,0.1,3.82822780239068
2004-04-19 00:00:00,2004,4,19,0,1082332800,27.822517725120264,8.999356877562654,97.87254891539122,0.06011529087572387,0.0,0.08,0.1,3.100343953614268
2004-04-19 06:00:00,2004,4,19,6,1082354400,30.184689177663692,7.006881743314695,97.94540631522055,0.9544304158173901,0.0,0.08286125987191341,0.1,2.966030107312799
2004-04-19 12:00:00,2004,4,19,12,1082376000,31.853590716128465,6.2349442627861915,97.59905722383887,20.97738072489136,0.0,0.08,0.1,6.177959734532263
2004-04-19 18:00:00,2004,4,19,18,1082397600,31.562832209429573,7.914684981220406,97.87794249119894,0.6986831849271601,0.0,0.08722848117676699,0.1,3.3714428823671403
2004-04-20 00:00:00,2004,4,20,0,1082419200,27.12337525246778,8.255539885070487,98.28608254589108,0.7253104220566832,0.0,0.10533828691441513,0.1,3.2829202167335105
2004-04-20 06:00:00,2004,4,20,6,1082440800,30.394146308391925,6.783343808788048,98.47642110997322,0.2926844887655261,0.0,0.10675719927860976,0.1,3.5741680464465473
2004-04-20 12:00:00,2004,4,20,12,1082462400,34.29193867865767,5.001037667912918,98.32477004034035,21.29402479244558,0.0,0.08,0.1,6.026253891328019
2004-04-20 18:00:00,2004,4,20,18,1082484000,31.97970543030155,5.431605005228599,98.01555467759722,0.9462406760251424,0.0,0.08,0.1,3.7295733036906564
2004-04-21 00:00:00,2004,4,21,0,1082505600,26.984122878765916,5.51995185921329,97.65117153016114,0.3698511096249588,0.0,0.08387027753075839,0.1,3.598856134199092
2004-04-21 06:00:00,2004,4,21,6,1082527200,30.564771318006382,13.82300306761143,97.79150059768031,0.835349390644085,0.0,0.11788579253163642,0.1,3.796707969968977
2004-04-21 12:00:00,2004,4,21,12,1082548800,36.89661744592161,5.841208736223095,98.28275948185409,21.33389687595293,0.0,0.08,0.1,6.400635733247666
2004-04-21 18:00:00,2004,4,21,18,1082570400,29.099636020413765,7.057825862078284,98.27240570642057,0.5895958720640571,0.0,0.08,0.1,3.3226112078904126
2004-04-22 00:00:00,2004,4,22,0,1082592000,27.24241615606562,7.417464807055918,97.93911886421903,0.367615977982919,0.0,0.10014451671630775,0.1,3.307519281535681
2004-04-22 06:00:00,2004,4,22,6,1082613600,30.71446100105522,6.484856500390953,98.01248890653584,0.4151852938625775,0.0,0.08,0.1,3.2805414391149466
2004-04-22 12:00:00,2004,4,22,12,1082635200,34.846493259562365,4.923754209522907,98.71204064857295,20.942997062420766,0.0,0.09594873776232611,0.1,6.0508246269260875
2004-04-22 18:00:00,2004,4,22,18,1082656800,30.477202789255514,4.925394599919687,97.60577197013457,0.42627048076720386,0.0,0.08,0.1,3.1802949896378045
2004-04-23 00:00:00,2004,4,23,0,1082678400,26.631421067052162,7.448484112845106,98.12134837709175,0.9896269183214795,0.0,0.09212930470841077,0.1,3.1479178118636435
2004-04-23 06:00:00,2004,4,23,6,1082700000,30.882283736659097,6.902668182844522,97.75405294204954,0.36341476974583875,0.0,0.08,0.1,3.3401961421767834
2004-04-23 12:00:00,2004,4,23,12,1082721600,38.173227600219974,6.038618929766154,97.77246966838304,21.373648856830464,0.0,0.08,0.1,5.989583514619683
2004-04-23 18:00:00,2004,4,23,18,1082743200,32.239728584069034,5.315692338654845,98.24345221271027,0.31960643331448135,0.0,0.08800978841364679,0.1,3.5030776706218103
2004-04-24 00:00:00,2004,4,24,0,1082764800,23.776202696164166,5.0124342372835,98.6114852397827,0.4666477356889437,0.0,0.08,0.1,2.718476930020788
2004-04-24 06:00:00,2004,4,24,6,1082786400,31.9201092172501,5.14554703434409,98.2878104107203,0.0837739984133471,0.0,0.09654701561714445,0.1,3.3134384719026366
2004-04-24 12:00:00,2004,4,24,12,1082808000,37.042900560760806,6.178783073741418,98.57135083097117,21.543321419180867,0.0,0.08273542790395448,0.1,6.457118480484989
2004-04-24 18:00:00,2004,4,24,18,1082829600,31.45644318214728,6.0602898809938495,97.52285278912674,0.6610244472345393,0.0,0.08,0.1,3.4677541079201264
2004-04-25 00:00:00,2004,4,25,0,1082851200,24.22100544414488,9.118035403885315,98.2341480627666,0.34748500815001127,0.0,0.09577551226811246,0.1,2.9888479896190168
2004-04-25 06:00:00,2004,4,25,6,1082872800,32.32519601834977,9.595423839944363,98.35843718694582,0.524844682163885,0.0,0.09535429698331775,0.1,3.7619399354128356
2004-04-25 12:00:00,2004,4,25,12,1082894400,36.03698142715992,6.152963901801531,98.01340248078057,21.723433299488025,0.0,0.08,0.1,6.251039895547743
2004-04-25 18:00:00,2004,4,25,18,1082916000,29.129540161771512,7.628270256274339,98.33592228817098,0.04443271566106266,0.0,0.08875867175340736,0.1,3.088344333045492
2004-04-26 00:00:00,2004,4,26,0,1082937600,26.29285613051841,7.363995820042112,98.84483916419829,0.9302164967477287,0.0,0.09234841466207884,0.1,3.5948645651763984
2004-04-26 06:00:00,2004,4,26,6,1082959200,32.45576854326947,6.948802856241299,98.11611357462151,0.4707996024723784,0.0,0.09400398540536903,0.1,3.5272260908159434
2004-04-26 12:00:00,2004,4,26,12,1082980800,34.494068761392356,5.717648024180061,97.95342039957603,21.78114627364837,0.0,0.08,0.1,6.2822537898697295
2004-04-26 18:00:00,2004,4,26,18,1083002400,29.494638984502462,5.595019010874046,98.41190457094733,0.861482924696041,0.0,0.09922458893371758,0.1,3.9088903805535793
2004-04-27 00:00:00,2004,4,27,0,1083024000,26.96096235754371,5.30381974608825,98.38812595172065,0.05871227680223923,0.0,0.10480184228128432,0.10378876829693298,3.0250532930978467
2004-04-27 06:00:00,2004,4,27,6,1083045600,31.418415888892618,8.992953581322126,97.97468041894737,0.7815945718942408,0.0,0.08,0.1,3.7189521518701927
2004-04-27 12:00:00,2004,4,27,12,1083067200,37.09977627247719,7.541258628023607,97.8898091045668,21.72377195812276,0.0,0.08,0.1,6.987235947581997
2004-04-27 18:00:00,2004,4,27,18,1083088800,30.97432811697114,5.136168580724155,98.38766325903761,0.043193547004762536,0.0,0.08,0.1,2.9799467261009682
2004-04-28 00:00:00,2004,4,28,0,1083110400,29.739687639331073,5.268543381353708,97.90930647896856,0.9405378703565009,0.0,0.09952418903878997,0.1,3.6703279675229528
2004-04-28 06:00:00,2004,4,28,6,1083132000,30.44909339646246,6.13808577746846,98.02405651653432,0.6345482360534739,16.078495138197223,0.2329772314003819,0.1,4.045311306246466
2004-04-28 12:00:00,2004,4,28,12,1083153600,36.9800724953994,5.632715097289814,98.13166717481121,21.2269660149536,0.0,0.08,0.1,6.256241504057281
2004-04-28 18:00:00,2004,4,28,18,1083175200,30.292799651314155,5.19308839406719,97.9844794212014,0.12309719437054126,0.0,0.13893799828992345,0.1,3.513297660629603
2004-04-29 00:00:00,2004,4,29,0,1083196800,23.983011823142718,7.169273844491897,98.03119553315857,0.5619729923474226,0.0,0.09926536063310688,0.1,2.9192355986052996
2004-04-29 06:00:00,2004,4,29,6,1083218400,30.899834736431174,4.8223498100790465,97.77739649746692,0.058834264469810216,0.0,0.09314775051817878,0.1,3.6580058780877907
2004-04-29 12:00:00,2004,4,29,12,1083240000,35.66915649444135,5.4507566845708055,98.19391372417715,21.291462559666208,0.0,0.08596217890225827,0.1,6.271692464677138
2004-04-29 18:00:00,2004,4,29,18,1083261600,33.76371999577771,8.795042204391013,97.90354650840526,0.9484522055753143,0.0,0.09090952247155953,0.1,4.007866228460244
2004-04-30 00:00:00,2004,4,30,0,1083283200,26.850069778757675,6.953041696326149,98.46985842677728,0.7447408587268705,0.0,0.13784677262354,0.1,3.280632636877777
2004-04-30 06:00:00,2004,4,30,6,1083304800,30.037031473978658,5.577013803638215,98.04533878613687,0.6134891120556828,0.0,0.11813471977089135,0.1,3.5364449978196704
2004-04-30 12:00:00,2004,4,30,12,1083326400,36.28742262148453,8.769445890975417,98.31877380983859,21.40256673503538,0.0,0.14954416604899654,0.1,6.681389374608054
2004-04-30 18:00:00,2004,4,30,18,1083348000,29.84379656236455,8.27353384965152,98.19867789160786,0.2185158109135748,0.0,0.10964834774807058,0.1,3.2320120484116557
2004-05-01 00:00:00,2004,5,1,0,1083369600,25.92990526094748,4.875738255423406,98.33129052359158,0.44582932458884994,0.0,0.08513687848195345,0.1,3.223907939773958
2004-05-01 06:00:00,2004,5,1,6,1083391200,32.86029347499143,5.0000606546328346,97.86069493234572,0.7540542660553395,0.0,0.10968518930445627,0.1,3.7276785971142883
2004-05-01 12:00:00,2004,5,1,12,1083412800,37.01359644291957,5.529362347367835,97.63981406651095,21.263424583475064,0.0,0.11523424297467443,0.1,6.654348723701016
2004-05-01 18:00:00,2004,5,1,18,1083434400,28.82665724796056,8.770750998534659,97.72558299315777,0.04427526666097908,0.0,0.1165400717848007,0.1,3.320459598869054
2004-05-02 00:00:00,2004,5,2,0,1083456000,25.21523895534007,7.570306246873566,97.68867980442204,0.8701116207583143,0.0,0.09788441842053724,0.1,3.3786281968339402
2004-05-02 06:00:00,2004,5,2,6,1083477600,30.15641905105823,4.854893217577035,97.73483263471209,0.8140656820427059,0.0,0.14280515354823023,0.1,3.6677332748829174
2004-05-02 12:00:00,2004,5,2,12,1083499200,35.36806318870093,5.858660636063874,97.62783190274928,22.018958141829746,0.0,0.08133623422333314,0.1,6.370044415821828
2004-05-02 18:00:00,2004,5,2,18,1083520800,31.840833882011605,6.6922893221895805,97.94548270385299,0.4995320116888236,0.0,0.11351665552671181,0.1,3.8517457363303005
2004-05-03 00:00:00,2004,5,3,0,1083542400,28.06775259898695,5.25215924383478,98.18973597350407,0.1451267778763926,0.0,0.10335837645341671,0.1,3.1230271547484936
2004-05-03 06:00:00,2004,5,3,6,1083564000,30.993310768774805,6.690907541856647,97.57782050369084,0.10223319129535824,0.0,0.09366727177339582,0.1,3.7098936981854846
2004-05-03 12:00:00,2004,5,3,12,1083585600,35.55451839506557,5.460273318705466,97.76378583474386,22.29345027272649,0.0,0.11414838834131541,0.1,6.366732302425176
2004-05-03 18:00:00,2004,5,3,18,1083607200,32.75126351356521,5.248298223751974,98.27251659143073,0.38252183954133584,0.0,0.13433783110261815,0.1,3.7224247529899057
2004-05-04 00:00:00,2004,5,4,0,1083628800,27.06662079319077,5.501652950062736,97.48693393807838,0.6957226172549008,0.0,0.11977658718278938,0.1,3.0657053486012575
2004-05-04 06:00:00,2004,5,4,6,1083650400,30.814480228021967,9.271711199135446,97.95095653982159,0.4561980822876971,0.0,0.11715885365036854,0.1,3.4724796337402224
2004-05-04 12:00:00,2004,5,4,12,1083672000,36.0135405670318,8.289361057573553,98.12792037490132,22.1817958610886,0.0,0.08,0.1,6.43421464991926
2004-05-04 18:00:00,2004,5,4,18,1083693600,31.16042266713464,8.433150779961457,98.57701352598293,0.19330888135968524,0.0,0.1301210773125732,0.1,3.6759950697196704
2004-05-05 00:00:00,2004,5,5,0,1083715200,28.359800791434374,8.479770357372885,97.22865669447471,0.4845679191677328,0.0,0.10607797872516775,0.11049338806594018,3.561821686548714
2004-05-05 06:00:00,2004,5,5,6,1083736800,32.355873658792675,5.034053873672688,97.54153859251564,0.37686635300136506,0.0,0.12488260097702657,0.1,3.5063172371111837
2004-05-05 12:00:00,2004,5,5,12,1083758400,39.44573989948905,8.135463692659176,98.02464701621243,21.75769107132395,0.0,0.1326028406736628,0.1,7.071148258903695
2004-05-05 18:00:00,2004,5,5,18,1083780000,32.515814606903135,5.097443384302931,97.82473797886905,0.5977111378018416,0.0,0.11805667707857238,0.1,3.5860997040258296
2004-05-06 00:00:00,2004,5,6,0,1083801600,25.460061332027237,7.456301738433543,97.10058410704656,0.5369732943506434,0.0,0.08,0.1,2.9452427397087235
2004-05-06 06:00:00,2004,5,6,6,1083823200,29.28846461273575,5.895805096588141,97.78916873362652,0.4956912303231592,0.0,0.14504224277815905,0.1,3.653407730973765
2004-05-06 12:00:00,2004,5,6,12,1083844800,35.855782928040604,5.136387895359166,97.65066906496763,22.164469667358915,0.0,0.1528159950615811,0.1,6.537394749829578
2004-05-06 18:00:00,2004,5,6,18,1083866400,29.342461992691124,5.48735109860246,97.42800690609077,0.14253076964710829,0.0,0.13297390568447856,0.10449852402714493,3.7970511253206896
2004-05-07 00:00:00,2004,5,7,0,1083888000,25.71657778888968,5.561814701447943,97.7945978523298,0.37054833418692446,0.0,0.1047049780193397,0.12747935750596742,3.2038674475985194
2004-05-07 06:00:00,2004,5,7,6,1083909600,31.913077559619946,6.691442244892863,97.5111089638259,0.32467427341759303,0.0,0.14383088823187837,0.1,3.4783834650979837
2004-05-07 12:00:00,2004,5,7,12,1083931200,34.933901879881184,6.10690822070649,97.64908435559589,22.40221304459628,0.0,0.11359310074646499,0.1,6.468857238764146
2004-05-07 18:00:00,2004,5,7,18,1083952800,33.06351908345883,7.255339087141264,98.29844088775154,0.035724074943776704,0.0,0.11789487774721648,0.1,3.604272510201587
2004-05-08 00:00:00,2004,5,8,0,1083974400,26.216524018300305,5.45254639150555,98.45429946198367,0.28193109285163664,0.0,0.1457164346416473,0.1,2.908387981624812
2004-05-08 06:00:00,2004,5,8,6,1083996000,33.1764001287116,6.735743759144931,97.62426432618679,0.9182943101842814,0.0,0.13471589913247606,0.1,4.101534149352974
2004-05-08 12:00:00,2004,5,8,12,1084017600,35.558151933616784,7.055413032299764,97.92964286002614,21.99198241893088,0.0,0.08,0.1,6.622641002814646
2004-05-08 18:00:00,2004,5,8,18,1084039200,33.06170394342385,4.792113285093744,98.0818888910887,0.15189947554681094,0.0,0.12592307584747672,0.1,3.511509321896367
2004-05-09 00:00:00,2004,5,9,0,1084060800,26.309255967982487,5.38501260756276,97.62751266081385,0.7573453964243826,0.0,0.14801290534622563,0.1,3.4490486754185343
2004-05-09 06:00:00,2004,5,9,6,1084082400,31.711778356673197,7.935671778307672,97.59033588248882,0.047844190530357045,0.0,0.09703426504619063,0.1,3.752997565115565
2004-05-09 12:00:00,2004,5,9,12,1084104000,36.113661480245646,6.509522222884862,98.07218602838809,22.175451855896057,0.0,0.14385563692988776,0.1,6.698516745760221
2004-05-09 18:00:00,2004,5,9,18,1084125600,31.840814026410555,5.4915528507933775,97.81267248091635,0.8553577596450667,0.0,0.09091087641590315,0.11162022672895434,3.7576358198525175
2004-05-10 00:00:00,2004,5,10,0,1084147200,28.01926108463402,4.965453066986954,97.80323643344613,0.9540948107142415,0.0,0.12255780776493544,0.100270148793339,3.404114173895189
2004-05-10 06:00:00,2004,5,10,6,1084168800,30.08785902370674,4.814728839389685,97.51693391232936,0.24901975695344425,0.0,0.1376823054264825,0.1,3.707465540865903
2004-05-10 12:00:00,2004,5,10,12,1084190400,40.48808762910694,5.053109083247461,97.56103694654577,22.10172352707349,0.0,0.12179137421715018,0.1,6.646580426148918
2004-05-10 18:00:00,2004,5,10,18,1084212000,35.50492904888468,5.083271439066004,97.88672697298311,0.5672511048786469,0.0,0.15040637531733222,0.1,4.0438472260597775
2004-05-11 00:00:00,2004,5,11,0,1084233600,26.49184864479484,5.340462998701642,97.72384657208065,0.2265515583351011,0.0,0.10111441474752761,0.1,3.1083212757292302
2004-05-11 06:00:00,2004,5,11,6,1084255200,33.73702827101826,4.937888729158437,97.88220163821468,0.1507440665431241,0.0,0.14571285718784682,0.10789350568948972,3.58523366329742
2004-05-11 12:00:00,2004,5,11,12,1084276800,35.44851237146378,4.882652540021071,98.13686005527005,22.286764433553785,0.0,0.1304662783049193,0.1,6.314120596805401
2004-05-11 18:00:00,2004,5,11,18,1084298400,29.783176828280183,7.432746791916855,97.89915841045395,0.0722480795458832,0.0,0.11235706707245985,0.1,3.145579478573855
2004-05-12 00:00:00,2004,5,12,0,1084320000,30.22693302277585,5.059600118491127,97.64658889640938,0.8942199711945904,0.0,0.14074392660600432,0.10600379172790174,3.615466814173396
2004-05-12 06:00:00,2004,5,12,6,1084341600,33.51817443444609,5.865953927350536,98.11326438142787,0.33419662194164623,0.0,0.13056211573176624,0.11469617112627022,3.7357754412915694
2004-05-12 12:00:00,2004,5,12,12,1084363200,37.562840584326274,4.962402795459383,97.83155505495424,22.25118464303197,0.0,0.16155996183198107,0.12997464154626828,6.636313071272374
2004-05-12 18:00:00,2004,5,12,18,1084384800,33.45918088537502,5.644183328727651,98.23484286211244,0.7913731131790704,0.0,0.14363694830690088,0.1,4.121907950678513
2004-05-13 00:00:00,2004,5,13,0,1084406400,26.41300991989519,5.097754738211415,97.61527961051999,0.3415483574059557,19.441080521912,0.3371985632318182,0.12587316864028303,4.152452151052991
2004-05-13 06:00:00,2004,5,13,6,1084428000,32.57145727294007,4.748033034049792,97.79409094129812,0.7609068569537822,0.0,0.1210756627713308,0.1192369902058397,3.5719123180652717
2004-05-13 12:00:00,2004,5,13,12,1084449600,37.77606267298763,10.652632796787678,97.72643962910867,22.14910005876981,0.0,0.13746609533033305,0.10884747200430114,7.075240114016927
2004-05-13 18:00:00,2004,5,13,18,1084471200,30.249665968033277,5.530030450683443,97.86019344911267,0.5289883374300413,0.0,0.1230314930559496,0.1,3.454482824082911
2004-05-14 00:00:00,2004,5,14,0,1084492800,29.228602494412037,5.343293196800592,97.88543831710025,0.7685114694977223,0.0,0.13585936783150684,0.1379037729114625,3.273393966995211
2004-05-14 06:00:00,2004,5,14,6,1084514400,31.824164554260864,4.9274065551088,97.81372134473857,0.44989910302707603,0.0,0.16201229635926295,0.1080795920728278,3.8193125024551464
2004-05-14 12:00:00,2004,5,14,12,1084536000,35.73596205620792,5.620218773012627,98.05787499787476,22.091453073132232,0.0,0.13139022363887237,0.1,6.894394725570327
2004-05-14 18:00:00,2004,5,14,18,1084557600,35.03021793835408,6.107023429567114,97.93861008595712,0.7369023497075842,0.0,0.10818212583741572,0.1,4.1613268619118315
2004-05-15 00:00:00,2004,5,15,0,1084579200,29.429987513873844,5.1215254836169795,98.53691466556162,0.4940564937980847,0.0,0.1495702142375817,0.1,3.5387194093034156
2004-05-15 06:00:00,2004,5,15,6,1084600800,32.26278291230355,5.558612481704346,98.58499204777544,0.31641612311112355,0.0,0.15541657797780337,0.16659999138532638,3.8478913571897135
2004-05-15 12:00:00,2004,5,15,12,1084622400,35.69801067151495,4.982420578859166,97.59252306482803,23.063026202395076,0.0,0.1714589385781232,0.11873719783846316,6.967776882788822
2004-05-15 18:00:00,2004,5,15,18,1084644000,33.37420184185046,5.701768271076581,97.6452813278145,0.8760722256075806,0.0,0.15696710240965944,0.1,3.991330197773919
2004-05-16 00:00:00,2004,5,16,0,1084665600,27.76582338781882,6.87958126965812,97.40565322196255,0.03782254958123632,0.0,0.1368235752938588,0.1,3.3393555210580854
2004-05-16 06:00:00,2004,5,16,6,1084687200,35.94991483138279,4.651529165005857,98.27537004380363,0.5936540301583809,0.0,0.14747294769532762,0.10558478421093444,4.405686769741887
2004-05-16 12:00:00,2004,5,16,12,1084708800,39.673243582097754,5.6525911079701485,97.65923857190556,22.47418375997252,0.0,0.15004330936948002,0.1381857451248849,7.019807338924092
2004-05-16 18:00:00,2004,5,16,18,1084730400,31.975850487700924,5.323022401125091,97.8671017720788,0.037405189042200845,0.0,0.15094075336398588,0.1328798651929736,3.9560942123210165
2004-05-17 00:00:00,2004,5,17,0,1084752000,29.927595122325762,4.655310376247777,97.41694582921613,0.01129702692911938,0.0,0.09535508766577597,0.1388867451062171,3.3857376902004352
2004-05-17 06:00:00,2004,5,17,6,1084773600,34.7682248840045,8.772818834539269,97.8157720013269,0.5837577825044918,0.0,0.13336712679984422,0.1,4.103355734785581
2004-05-17 12:00:00,2004,5,17,12,1084795200,35.114757941710934,4.991261238465332,97.24926221320577,22.48790951855297,0.0,0.1543776811057232,0.11306259574459238,6.327274676602032
2004-05-17 18:00:00,2004,5,17,18,1084816800,33.61590940134218,5.787196775397291,98.13750301741418,0.7033162064713591,0.0,0.16682424852357872,0.12224047431774772,4.256212165533954
2004-05-18 00:00:00,2004,5,18,0,1084838400,29.63320302729629,5.220465006504124,98.31753066218923,0.4544212862289887,0.0,0.13473262957686147,0.12127805369192092,3.695686721562332
2004-05-18 06:00:00,2004,5,18,6,1084860000,32.19953401035243,4.995555519256018,97.97701149942093,0.76649755924534,0.0,0.13911898953661858,0.1393554517924775,3.8601886068894276
2004-05-18 12:00:00,2004,5,18,12,1084881600,35.96071843694037,5.6447229471871445,97.48281546528585,23.027772921449113,0.0,0.14264828556522738,0.1701906225881178,7.125455902946752
2004-05-18 18:00:00,2004,5,18,18,1084903200,37.32965016971052,6.273241595826354,97.93376710940436,0.6572344050107277,0.0,0.14472016510854538,0.12929080317113129,4.364119106862761
2004-05-19 00:00:00,2004,5,19,0,1084924800,30.273944106611868,6.811510287331217,97.81508299637694,0.4179726084710915,6.750828429990721,0.23459725042002055,0.11005193656027984,3.766685838899639
2004-05-19 06:00:00,2004,5,19,6,1084946400,33.31091414048284,6.0094692181153295,98.17281122081765,0.9884772503451602,0.0,0.13523074331231366,0.1,3.6807679902940835
2004-05-19 12:00:00,2004,5,19,12,1084968000,34.7156174336102,5.622854701499472,98.00974887503548,22.567072986244725,0.0,0.16729606447343426,0.13287418939511705,6.755687578563785
2004-05-19 18:00:00,2004,5,19,18,1084989600,32.31188122245583,6.754732065231524,97.43368086153313,0.514579334444203,0.0,0.17837568941740023,0.10780816249781333,3.6291693777142724
2004-05-20 00:00:00,2004,5,20,0,1085011200,30.954584020867202,5.575758980273758,98.09321116625318,0.5204041024226013,0.0,0.14470841258541162,0.14514187610199106,3.9837782589059945
2004-05-20 06:00:00,2004,5,20,6,1085032800,35.0185862068804,9.970366813243846,97.720291949733,0.42833885126114535,0.0,0.14398428055823248,0.14322288477469727,4.24229020480161
2004-05-20 12:00:00,2004,5,20,12,1085054400,37.60426805654293,5.604902305930063,98.13931818151592,22.42622039856041,0.0,0.1557328530109651,0.17918919065498431,7.078023430432344
2004-05-20 18:00:00,2004,5,20,18,1085076000,32.25511706089032,5.055168040370216,97.27493958186136,0.3539420922201996,0.0,0.1408522582215509,0.13869840091169838,3.5894980400213887
2004-05-21 00:00:00,2004,5,21,0,1085097600,30.27292653271217,5.3499483964287995,97.89129065208418,0.2151897459015828,0.0,0.1534051682276506,0.15070088433774181,3.834826672963045
2004-05-21 06:00:00,2004,5,21,6,1085119200,32.71932690066696,5.47306971853176,97.6449522812584,0.8998571930301091,0.0,0.1257700705685201,0.11737512381104154,3.7671577548496122
2004-05-21 12:00:00,2004,5,21,12,1085140800,37.89900994071389,4.9631184921766005,97.7620011697719,23.003322029742442,0.0,0.17227736473808905,0.1,6.914368441929762
2004-05-21 18:00:00,2004,5,21,18,1085162400,33.734890434234885,4.722368873962136,97.5297533373441,0.28781418405578335,0.0,0.18842367621731973,0.16926712900164914,4.4285005588790645
2004-05-22 00:00:00,2004,5,22,0,1085184000,29.038979583399726,5.289967587859269,97.87270305350589,0.5657326232174287,0.0,0.14427869312520958,0.178041183376122,3.9396089640628373
2004-05-22 06:00:00,2004,5,22,6,1085205600,31.5027274343143,7.853161690075769,97.44154812373655,0.8532075221602474,0.0,0.12481844025458297,0.13192274119091735,3.9942851928248295
2004-05-22 12:00:00,2004,5,22,12,1085227200,39.082381768807664,4.885770668998483,97.25286889158573,23.324234918126333,0.0,0.17616061225996532,0.1,7.166240706835581
2004-05-22 18:00:00,2004,5,22,18,1085248800,31.65788973587584,5.116843439500991,97.4973675230309,0.07503556290024702,0.0,0.1493730640226844,0.18267164265865954,3.748431011553429
2004-05-23 00:00:00,2004,5,23,0,1085270400,30.166765896713155,6.549437363052944,97.48982031066,0.7869085016563581,0.0,0.146963602706562,0.18236594400219103,3.821245771869724
2004-05-23 06:00:00,2004,5,23,6,1085292000,32.711333217273214,4.551710354756458,97.61726890043792,0.9663080911232607,0.0,0.15788055282754468,0.14321729472464848,3.883064039950814
2004-05-23 12:00:00,2004,5,23,12,1085313600,38.656533234253736,7.037985702303578,97.92551329840737,22.897598909907934,0.0,0.13590343040775413,0.1787844815768452,7.261142855885424
2004-05-23 18:00:00,2004,5,23,18,1085335200,28.909401477811834,6.333869827928402,97.4316968117143,0.995534010021869,0.0,0.16996043848765016,0.14548904275872418,3.7861286149566196
2004-05-24 00:00:00,2004,5,24,0,1085356800,29.538757003242416,5.599411647648634,97.93821296960392,0.9570779908611283,7.737203635444649,0.21497460577336133,0.15816572898520334,4.0118729979832075
2004-05-24 06:00:00,2004,5,24,6,1085378400,34.74732836532122,4.755030290399145,97.8751963632713,0.6568913480909814,0.0,0.13920727393873697,0.10287308815447443,4.218554389864617
2004-05-24 12:00:00,2004,5,24,12,1085400000,37.50313832252105,4.548323835566701,98.00371344166638,23.317204382288523,0.0,0.13893865776824976,0.18831522163142939,7.281018941679213
2004-05-24 18:00:00,2004,5,24,18,1085421600,31.222623652384986,4.797835898000279,97.59083876290164,0.2965631177880593,0.0,0.16617468181589132,0.1,3.53174920527093
2004-05-25 00:00:00,2004,5,25,0,1085443200,26.234339604637103,6.531726890260333,98.15870981466016,0.91746365032338,0.0,0.12919146277306526,0.20829124060510973,3.6323185041041297
2004-05-25 06:00:00,2004,5,25,6,1085464800,33.34359976969937,8.447386505066017,97.60165952147203,0.5918891102026382,0.0,0.2072307034705418,0.21133378343499024,4.362995398050458
2004-05-25 12:00:00,2004,5,25,12,1085486400,36.66614582023662,6.390154054773085,97.96008913869623,23.017174008709823,0.0,0.15795469633466486,0.1,7.0172200216987015
2004-05-25 18:00:00,2004,5,25,18,1085508000,33.24197904721801,5.506625720071038,98.19304646415071,0.8356617644905726,0.0,0.1231411947964413,0.2033564652681737,4.421766540727842
2004-05-26 00:00:00,2004,5,26,0,1085529600,28.573049740779428,8.874880057547738,98.04262538733981,0.8894943785497552,0.0,0.14681646113288915,0.15453533142559656,3.738719561588267
2004-05-26 06:00:00,2004,5,26,6,1085551200,33.74184978678061,7.006005510187748,97.64632770987924,0.7012490668976693,0.0,0.18000690417666834,0.17436565399003517,4.447859451940918
2004-05-26 12:00:00,2004,5,26,12,1085572800,40.55734588142157,5.960619645297989,97.34819325861025,22.569124469927324,0.0,0.19499809962076253,0.11938241238455566,7.652073813454196
2004-05-26 18:00:00,2004,5,26,18,1085594400,35.362437139675684,4.418621050677397,97.39379412831224,0.5972061417011508,0.0,0.17129497552055978,0.15202063896929613,4.159575815336168
2004-05-27 00:00:00,2004,5,27,0,1085616000,28.68871122248645,4.8483386204934185,97.37433726757655,0.8216558963844249,0.0,0.17230459170821802,0.1313717736606701,3.752620852826364
2004-05-27 06:00:00,2004,5,27,6,1085637600,34.459331252127555,4.892093348163469,97.46509427275795,0.5452693386944489,0.0,0.13998830059011544,0.14312609620177758,4.327518342053146
2004-05-27 12:00:00,2004,5,27,12,1085659200,39.05337114869145,4.979214614805201,97.660870162592,23.514180084813184,0.0,0.20036896571378254,0.20347154864623954,7.317874631869058
2004-05-27 18:00:00,2004,5,27,18,1085680800,35.66055938461808,5.079318457287503,97.86430479624413,0.8973173858567067,0.0,0.1817104038263085,0.19677904035809798,4.2259427618403
2004-05-28 00:00:00,2004,5,28,0,1085702400,28.732986949240345,8.522290838216911,97.89555635734555,0.5296762518057664,0.0,0.17956795824602065,0.1965795327678178,3.749182397182046
2004-05-28 06:00:00,2004,5,28,6,1085724000,34.904135811365606,6.349312568894522,97.95014616440226,0.40383079275011613,0.0,0.17348459818547585,0.15579206227790585,4.392665509827952
2004-05-28 12:00:00,2004,5,28,12,1085745600,41.82991080718601,6.084027313760654,97.93215919406295,22.668274194944168,0.0,0.18376691120980534,0.1512550469029853,7.281364859360382
2004-05-28 18:00:00,2004,5,28,18,1085767200,34.15753663068467,5.1518957969927985,97.62481351343305,0.6325977431042494,0.0,0.1571452615579451,0.12248419859683261,4.112870589754837
2004-05-29 00:00:00,2004,5,29,0,1085788800,27.858738989194705,4.913809478813583,97.84777105313032,0.26596470522699234,0.0,0.19448077935576316,0.19751857550662316,4.049947764753956
2004-05-29 06:00:00,2004,5,29,6,1085810400,32.92308779226971,4.487126308772995,97.57281475405702,0.6684523122055884,0.0,0.19176176900382091,0.2352776633476497,4.161283241943528
2004-05-29 12:00:00,2004,5,29,12,1085832000,37.47345281020422,5.202414105543715,97.74365705653878,23.44446829442028,0.0,0.173731077888724,0.2208520305157111,7.16597072561671
2004-05-29 18:00:00,2004,5,29,18,1085853600,34.72205989328911,4.640860949339746,97.58417715260846,0.4086935107493421,0.0,0.17025215091478643,0.17809916432451564,4.319091644050234
2004-05-30 00:00:00,2004,5,30,0,1085875200,29.1719747717281,5.0180247286338036,97.63667275660049,0.015584738423335964,0.0,0.1350652773661905,0.19724334498122081,3.6294709999632975
2004-05-30 06:00:00,2004,5,30,6,1085896800,33.09072065736736,4.529193292568403,97.53996295639976,0.8652534331639942,19.02947356131068,0.33388459841974455,0.1898660286568332,4.315171548870187
2004-05-30 12:00:00,2004,5,30,12,1085918400,40.941622435171226,4.906475969964072,97.10955349247,23.22584685484174,0.0,0.18914933529100514,0.20972684814994574,7.89504496454666
2004-05-30 18:00:00,2004,5,30,18,1085940000,33.038672027582116,4.3399890826236796,97.56256966523902,0.31479143773614027,0.0,0.19632863051463004,0.2347061564811978,4.380347683021746
2004-05-31 00:00:00,2004,5,31,0,1085961600,28.81837086168722,4.260924840567868,97.81553609225641,0.6337960452278025,0.0,0.20216667993261433,0.17066974142847077,3.7538391304725027
2004-05-31 06:00:00,2004,5,31,6,1085983200,32.50325464511998,7.311146900198766,97.9195324186863,0.6743941262397848,9.641343077934284,0.25023560607015666,0.17178535760045688,4.3929767599835845
2004-05-31 12:00:00,2004,5,31,12,1086004800,38.51085053547944,5.789615972710381,97.7817396826205,22.854053294364025,0.0,0.2266347043009935,0.17914337041230863,7.6072867140654665
2004-05-31 18:00:00,2004,5,31,18,1086026400,32.470596493724734,5.58074746745948,97.34771292028493,0.6464015301727056,10.649821632823693,0.3072697125568491,0.18677191042270974,4.641286091557144
2004-06-01 00:00:00,2004,6,1,0,1086048000,28.56306112481512,5.31109342590017,97.47568893060546,0.2866869806714578,10.359212315619544,0.27541131153684506,0.21496952923758866,4.235520857596723
2004-06-01 06:00:00,2004,6,1,6,1086069600,32.14505729305263,6.175346987122419,97.14481479291027,0.8036247988587375,2.110992483396285,0.20766461954399418,0.19110348084606743,4.315366010099936
2004-06-01 12:00:00,2004,6,1,12,1086091200,37.95084090594277,6.228059557322374,97.82979018639571,23.676449345134277,3.444243992442719,0.18378307583777992,0.1675171237486588,7.17875915525856
2004-06-01 18:00:00,2004,6,1,18,1086112800,32.65029307381796,8.33527311840361,97.35856373857055,0.10266736774463171,2.78516690369706,0.1988018409152915,0.16791326330911877,4.183947581431014
2004-06-02 00:00:00,2004,6,2,0,1086134400,27.766531818262976,4.627124821051589,97.72964304025403,0.9173577974695066,10.366267094012251,0.30022884013964246,0.16327155392214507,4.134190872833289
2004-06-02 06:00:00,2004,6,2,6,1086156000,32.39947672631799,6.513802825079633,97.75254656285458,0.9034459751228258,0.0,0.1870547106801945,0.19531762822082568,4.110447042525103
2004-06-02 12:00:00,2004,6,2,12,1086177600,38.240939491153604,11.299058468163777,97.35139541235948,23.104795496359493,0.0,0.22066378550595728,0.22954256014666163,7.908260004143123
2004-06-02 18:00:00,2004,6,2,18,1086199200,29.968130670876462,4.250916246511118,97.69931092391542,0.028835515636410413,2.9763058622767224,0.18597504518653532,0.21113865589489975,3.9820694142725324
2004-06-03 00:00:00,2004,6,3,0,1086220800,29.788281886085866,4.8864324801224175,98.1531494220947,0.663225386569844,0.0,0.18596034219711505,0.2208838008221799,4.3403210997243535
2004-06-03 06:00:00,2004,6,3,6,1086242400,34.1976119199421,5.043006977101808,97.5048304549526,0.3447111773880783,6.528850444409531,0.23085918283726997,0.17145597296709617,4.229206737905642
2004-06-03 12:00:00,2004,6,3,12,1086264000,39.21936382548928,6.771405362962032,97.93533352276302,22.97907343792992,0.0,0.21900408167241572,0.16879839534174285,7.709711920798253
2004-06-03 18:00:00,2004,6,3,18,1086285600,33.505946302305254,4.204618135874987,97.68987121419006,0.1085644558446517,0.0,0.19361012954586457,0.2093334498733898,4.486494593680225
2004-06-04 00:00:00,2004,6,4,0,1086307200,30.681494006342575,5.5300464322728615,97.69399778435294,0.19602636204589763,4.663937907208687,0.23760197226330892,0.24686893802277354,4.512042994666549
2004-06-04 06:00:00,2004,6,4,6,1086328800,32.722818026611016,7.5072749015712406,97.57480353938512,0.23746683243455002,0.0,0.18813096553243455,0.23482432613408624,4.26165601759777
2004-06-04 12:00:00,2004,6,4,12,1086350400,36.24526446994781,4.400374861183842,97.88205707023684,23.607370906148887,15.089516649651316,0.32414721463451557,0.18927222614759004,7.660439113812841
2004-06-04 18:00:00,2004,6,4,18,1086372000,34.189563755529086,4.345002174672754,97.55509282702445,0.7838194457826888,0.0,0.2147626627870618,0.2782159811411187,4.904650421777298
2004-06-05 00:00:00,2004,6,5,0,1086393600,31.677075880068884,16.81488052740203,97.77491055823909,0.4944142064112509,13.862133229446183,0.33530580894903417,0.15412615415133085,5.123480475237401
2004-06-05 06:00:00,2004,6,5,6,1086415200,35.98441032317928,6.760196510158211,97.87520008589962,0.553325295268936,5.827064401793237,0.256438047355057,0.21588821990709864,4.842608991102242
2004-06-05 12:00:00,2004,6,5,12,1086436800,40.187534891159345,5.930607510833953,97.89941218216443,23.752055569890945,0.0,0.20491879507770627,0.2180995949837982,7.629362366138927
2004-06-05 18:00:00,2004,6,5,18,1086458400,37.21522220662918,4.90119418691209,97.76405875397464,0.9080401945431423,0.0,0.1760367247931999,0.2087436673920717,4.712012048556044
2004-06-06 00:00:00,2004,6,6,0,1086480000,28.230214789897737,6.999876569986821,97.81546212544966,0.8286738030907209,0.0,0.23564392825237526,0.23636631279825662,3.749181213538995
2004-06-06 06:00:00,2004,6,6,6,1086501600,33.15639596280594,7.955543259093723,97.59650471175829,0.3742737951662155,4.013781687177981,0.2672662504484151,0.2145281762299492,4.5385859111894025
2004-06-06 12:00:00,2004,6,6,12,1086523200,38.45457941829832,6.091474780245624,97.46024539854157,23.222052657189963,0.0,0.19501901009030587,0.17573520189244957,7.19102140554881
2004-06-06 18:00:00,2004,6,6,18,1086544800,30.093463461958912,4.875516869485246,97.68661608586572,0.8878826517486156,0.0,0.18971644390357484,0.2179398979010734,4.379191239908968
2004-06-07 00:00:00,2004,6,7,0,1086566400,31.057654828345356,5.404322288664712,97.68252048271755,0.9265135661610758,10.434595758623146,0.31532924056654177,0.23115106751848094,4.751647463054522
2004-06-07 06:00:00,2004,6,7,6,1086588000,33.86137756430824,4.245956993516771,97.68106826261028,0.7984546469315221,3.730236759189149,0.25789658897724443,0.2535601363997984,4.642158735994819
2004-06-07 12:00:00,2004,6,7,12,1086609600,37.91670823698578,4.348384788382855,97.91517348985982,23.632458673021123,9.675133665755455,0.3299472922309961,0.2687400492803682,8.0374877038215
2004-06-07 18:00:00,2004,6,7,18,1086631200,33.55433884272258,6.382430455951067,97.59095588592953,0.5581640142348633,15.617187453145318,0.3672586077071367,0.20054872157411316,4.764542166732802
2004-06-08 00:00:00,2004,6,8,0,1086652800,27.454710614175276,4.111192584148653,97.16817104892004,0.3383349011477931,0.0,0.203359784169436,0.28203283842536486,4.232296908593
2004-06-08 06:00:00,2004,6,8,6,1086674400,33.947363052048075,4.142232948332189,96.96355573820846,0.24063256756750806,0.0,0.20337113591387898,0.21902368023616753,4.242546932117892
2004-06-08 12:00:00,2004,6,8,12,1086696000,38.09924930981085,5.130548413939467,97.630558402869,23.034038701822762,5.0724236780687635,0.21373892735732888,0.21655198153322255,7.583511083962888
2004-06-08 18:00:00,2004,6,8,18,1086717600,33.16925611989658,4.347013143560992,97.88229642105803,0.7282017909462637,0.0,0.19202250622777295,0.21953751950535796,4.143907033895053
2004-06-09 00:00:00,2004,6,9,0,1086739200,27.563656425891857,4.5641520598547185,97.50485297193956,0.7769788180968303,0.0,0.21027585259493525,0.17901714458875342,3.8031914921546126
2004-06-09 06:00:00,2004,6,9,6,1086760800,33.942133807832434,4.805890434956113,98.13128460650927,0.35864518443838744,0.0,0.15789680301357065,0.2248802045764772,4.008716036928374
2004-06-09 12:00:00,2004,6,9,12,1086782400,38.125614332456806,5.150589096505063,97.6170585953064,22.916669220380502,0.0,0.2066501514305834,0.27688579882501907,7.526785603415202
2004-06-09 18:00:00,2004,6,9,18,1086804000,35.91531967870212,4.542708834772176,98.28919439478953,0.938596279459766,4.244398294291808,0.22925488331019367,0.25187621022325185,4.967859103446437
2004-06-10 00:00:00,2004,6,10,0,1086825600,29.708429110567668,5.009573414512975,97.53589760347374,0.43708932215600205,0.0,0.23699905984436392,0.25010443810182365,4.274025366353942
2004-06-10 06:00:00,2004,6,10,6,1086847200,31.936750199682347,4.713102494991758,98.03636435241019,0.9745910477233191,4.452127435632855,0.24428632924555105,0.25379858745634104,4.5940127647965205
2004-06-10 12:00:00,2004,6,10,12,1086868800,39.818886829036224,4.145172982136062,97.43912997500625,23.60346010371457,5.013488248980895,0.25032098933368907,0.2811209853515765,7.941801504888037
2004-06-10 18:00:00,2004,6,10,18,1086890400,34.411917932241394,7.0459650343483275,97.88352269502863,0.12401349639154194,5.0035468688101625,0.25274587410878846,0.21693787085772653,4.999692985857593
2004-06-11 00:00:00,2004,6,11,0,1086912000,29.025374601760316,4.489717158097624,97.7355480964719,0.3269522079852928,0.0,0.20775650419843214,0.2761475066054089,3.9438369860412554
2004-06-11 06:00:00,2004,6,11,6,1086933600,33.68391711542809,5.404116953094443,97.66347174647196,0.6570502107780295,0.0,0.22370612311439939,0.25102682353917316,4.538537043268228
2004-06-11 12:00:00,2004,6,11,12,1086955200,40.68441108139323,5.259371067159064,97.66217674606816,23.589366140013787,0.0,0.20096347670075076,0.22551522823701095,7.753668940426858
2004-06-11 18:00:00,2004,6,11,18,1086976800,32.260083680101694,4.327266580225421,97.98461032946128,0.23198542571091987,9.018039830278315,0.2984985447430993,0.26294056784403297,4.477160597439327
2004-06-12 00:00:00,2004,6,12,0,1086998400,28.835655296842283,4.015284689124034,97.50269340548945,0.1768568611844923,0.0,0.22619905348573607,0.2573293499322696,4.102251828810663
2004-06-12 06:00:00,2004,6,12,6,1087020000,31.422929850853066,6.886307281906957,97.58843739961073,0.2767907994368928,0.0,0.2103938010074955,0.2306127389700006,4.31540069806732
2004-06-12 12:00:00,2004,6,12,12,1087041600,39.73798589405883,5.002466859834046,98.37505476199587,23.739554242957098,0.0,0.22333181510053746,0.22272858716025884,7.750839883538444
2004-06-12 18:00:00,2004,6,12,18,1087063200,33.84096717987528,4.772510983255051,97.71875839697009,0.24186980111220593,0.0,0.20131188375005596,0.24176786631348976,4.408253639299255
2004-06-13 00:00:00,2004,6,13,0,1087084800,27.482716560783697,6.104045682014186,97.92064021293163,0.7017807245824325,4.162438591358893,0.26122355507408224,0.24529603627042865,4.111847786945396
2004-06-13 06:00:00,2004,6,13,6,1087106400,34.2307690458807,3.9956509421213675,97.4770226080258,0.8699996101094889,0.0,0.23875887257859252,0.2972552022967436,4.415902775365654
2004-06-13 12:00:00,2004,6,13,12,1087128000,41.00021748467911,6.118698657376454,97.38999776742695,23.35536595614829,0.0,0.22462810980629333,0.25419885371073997,7.959222148735766
2004-06-13 18:00:00,2004,6,13,18,1087149600,34.12087718855856,4.733761038947063,97.78179447577777,0.0069940391233564245,0.0,0.17515867183025188,0.24943362087986912,4.11274064569096
2004-06-14 00:00:00,2004,6,14,0,1087171200,26.60489626886076,5.123529696260135,97.61165411939427,0.14195773657962818,2.715734892999678,0.25318098649727133,0.300328685999399,4.146659781188204
2004-06-14 06:00:00,2004,6,14,6,1087192800,33.93935399400112,6.014494864339661,97.48581504288134,0.3118968672304636,15.754686080182697,0.3493834309204861,0.30695437716856727,5.068531868423683
2004-06-14 12:00:00,2004,6,14,12,1087214400,39.40925477012002,5.107513695398046,97.03931446848955,23.16330832601066,0.0,0.19641677235755575,0.2415203878054983,7.28102964038123
2004-06-14 18:00:00,2004,6,14,18,1087236000,32.92834220205896,4.015989803785239,97.00886155291884,0.2895135998316721,0.0,0.22475393266300223,0.22915135141009405,4.413829435662265
2004-06-15 00:00:00,2004,6,15,0,1087257600,32.30833032281364,5.851745462207516,96.95830714985668,0.5440419822621522,7.732573576233534,0.2751688555767047,0.2877842518606198,4.902744761989665
2004-06-15 06:00:00,2004,6,15,6,1087279200,31.804527001289685,6.210563679306672,97.64273745355871,0.02108109952099324,0.0,0.1950382905309703,0.2661059205535782,4.523495725851843
2004-06-15 12:00:00,2004,6,15,12,1087300800,35.163744885824,4.82504546038786,97.21796845638275,23.04577236617636,11.105026801658447,0.32821476513879894,0.2559709316949752,7.683220750672633
2004-06-15 18:00:00,2004,6,15,18,1087322400,32.573034394071996,4.762708648112058,97.01724892505982,0.8557393351956147,6.762303265495803,0.27258902389395995,0.3034766602243347,4.80365265078865
2004-06-16 00:00:00,2004,6,16,0,1087344000,26.064714812226928,4.305912450854715,97.27075440963954,0.5223197373966306,0.0,0.18693737175166764,0.2703959093537716,3.8550153952268933
2004-06-16 06:00:00,2004,6,16,6,1087365600,35.40384528646388,5.4204560254201155,96.96028775572282,0.9355311094229043,0.0,0.23064024560728583,0.33575933849324685,5.181797937584244
2004-06-16 12:00:00,2004,6,16,12,1087387200,40.579818677872616,7.075993250989061,97.34887379629582,22.991427135890834,0.0,0.23924094135951204,0.27964400288757046,7.665215588812046
2004-06-16 18:00:00,2004,6,16,18,1087408800,31.571393947546703,5.471067404959295,97.33401174705469,0.00015119030073166922,3.7098442651714256,0.2747250779254117,0.28313724142939484,4.312282505276082
2004-06-17 00:00:00,2004,6,17,0,1087430400,27.361152703198023,6.05863802346021,97.67920114489921,0.7395966045933604,1.6600580729685674,0.22044435188773523,0.3513135730704965,4.6182942205375435
2004-06-17 06:00:00,2004,6,17,6,1087452000,32.17166149763036,6.570665043229836,97.5758856723595,0.4762527204847523,9.463706304395767,0.324665160386348,0.2934100665003627,4.654589377788146
2004-06-17 12:00:00,2004,6,17,12,1087473600,38.95985897883145,4.230013083777524,97.38255256451689,23.907132427834387,0.0,0.2119285098724895,0.26293322387941404,7.8856662270872
2004-06-17 18:00:00,2004,6,17,18,1087495200,34.69937793165081,4.6169670233776925,97.72490898798097,0.7865839592314002,0.0,0.19646013671555806,0.2535066038588545,4.7869979898951645
2004-06-18 00:00:00,2004,6,18,0,1087516800,31.241345270724917,4.679225511831239,97.15088781818594,0.5039626631646732,4.304139197216613,0.25216116720918114,0.2761896335729445,4.653543495945933
2004-06-18 06:00:00,2004,6,18,6,1087538400,34.63521402257734,5.048008121777816,97.3801035918017,0.4785240018717324,0.0,0.16767959220241002,0.29712791824813295,4.293533834478784
2004-06-18 12:00:00,2004,6,18,12,1087560000,38.49299058726924,3.895930482951626,97.28668437572647,23.80821743004424,11.791650047616246,0.32083685171193765,0.3173775671332138,8.029651489281251
2004-06-18 18:00:00,2004,6,18,18,1087581600,33.42499987937984,5.151862419385191,97.50563603772075,0.8037063723219082,0.0,0.19473218904787878,0.24492404495314513,4.407760020618527
2004-06-19 00:00:00,2004,6,19,0,1087603200,29.14637703048493,3.934040216296976,96.898636270834,0.27694480972124014,2.453325710970182,0.2548920506561008,0.29608670546654886,4.671730360541689
2004-06-19 06:00:00,2004,6,19,6,1087624800,34.23678130711697,6.259267875201693,98.20449120651729,0.6746368598282019,0.0,0.23213056814882493,0.3343543458832143,5.245947097348466
2004-06-19 12:00:00,2004,6,19,12,1087646400,38.81612942727767,8.741157043546162,97.62555990807336,23.642461449691353,0.0,0.19250615363063558,0.30385737611321967,7.9688982946766656
2004-06-19 18:00:00,2004,6,19,18,1087668000,34.14597725834567,4.3082357420259925,97.63554729567404,0.8560844984455612,1.5707753927932002,0.2585679885257952,0.336668013765745,4.606884624322881
2004-06-20 00:00:00,2004,6,20,0,1087689600,28.963463755332633,4.829348473010577,96.90634797686616,0.8685795707982858,0.8535200352154919,0.22489231324357778,0.2567136156140028,4.236589240143037
2004-06-20 06:00:00,2004,6,20,6,1087711200,31.821624247947344,6.368648405286678,97.58247271893164,0.2682806417908603,0.0,0.20712435560169157,0.29515517534834723,4.421191488595791
2004-06-20 12:00:00,2004,6,20,12,1087732800,39.221158615661004,4.336397079957504,97.44919485907714,23.879742454095002,0.0,0.19270587526491031,0.30556644272992456,7.759370435060142
2004-06-20 18:00:00,2004,6,20,18,1087754400,32.6873779814748,4.027216794743052,97.85166831053503,0.9245711215444231,15.554217819507619,0.36803716943489606,0.31854751738068166,4.864530970213318
2004-06-21 00:00:00,2004,6,21,0,1087776000,29.306154616259235,5.75942220156352,97.4266808260953,0.10963666554068752,0.0,0.2279163583774922,0.28238555584416836,4.312016363973201
2004-06-21 06:00:00,2004,6,21,6,1087797600,34.73049790485264,5.542000119609242,97.4071611845311,0.5737461643952316,13.554634384389992,0.38616306521325205,0.3204060367258296,5.169394289817979
2004-06-21 12:00:00,2004,6,21,12,1087819200,40.76228616007862,5.009975383444839,97.49662382702348,23.43572287691045,0.0,0.22859490453325157,0.3227452599030196,7.539014929978476
2004-06-21 18:00:00,2004,6,21,18,1087840800,33.94631824675074,8.079561647183159,97.92881712322809,0.401984703235392,4.607963203246806,0.27048299962631145,0.30572202670557214,5.059039290962958
2004-06-22 00:00:00,2004,6,22,0,1087862400,28.033708855464997,8.374420311517198,97.03863631309706,0.7048293943046253,0.0,0.2444751778809266,0.32801260495622947,4.927654855755849
2004-06-22 06:00:00,2004,6,22,6,1087884000,35.25758995585591,6.684561668053883,96.98827359669718,0.1295683601984864,9.052252787977492,0.32618969300517475,0.32340380322846496,5.116524756433648
2004-06-22 12:00:00,2004,6,22,12,1087905600,39.08618730289465,4.2388283296557665,96.83680403187223,23.816982812737784,0.0,0.20276400716647755,0.29416313943657957,7.648781778926469
2004-06-22 18:00:00,2004,6,22,18,1087927200,36.93642108369323,4.101745590152137,97.83500710961647,0.026599427601040324,8.694625958669178,0.3110770697615298,0.3091707452600588,5.3595779767502725
2004-06-23 00:00:00,2004,6,23,0,1087948800,26.85625367277067,6.40258571739426,97.79737058534113,0.5783008620511267,0.0,0.22350511787640331,0.28244290076138656,4.370680421097123
2004-06-23 06:00:00,2004,6,23,6,1087970400,33.113325498886574,5.273699212829728,97.14601407305175,0.22535999946186924,0.0,0.23200646852762422,0.27503536765355774,4.576512992652339
2004-06-23 12:00:00,2004,6,23,12,1087992000,37.913447472323206,4.4497069097819155,97.08142291058702,23.660803000637273,3.974426866260957,0.2652434601121354,0.32754228208276714,7.833003886628439
2004-06-23 18:00:00,2004,6,23,18,1088013600,36.7495709357341,4.483952379668789,97.79591348652754,0.5254318938040689,0.0,0.21887581855446686,0.26309210912002295,5.025672084517515
2004-06-24 00:00:00,2004,6,24,0,1088035200,29.655570072007574,6.54686600592267,97.0725030259651,0.9997522309574156,3.9819305350658807,0.3062368871712824,0.31866402694672064,4.595315149848884
2004-06-24 06:00:00,2004,6,24,6,1088056800,31.166860462457773,3.9348285129446445,97.42021384894416,0.8623225414030845,0.0,0.23621579455354877,0.33832122340450504,4.480002421471673
2004-06-24 12:00:00,2004,6,24,12,1088078400,36.283238214303765,7.990381824493058,97.3412683213109,23.32478426846827,0.0,0.24665722409088814,0.32641234943529784,8.021468061596767
2004-06-24 18:00:00,2004,6,24,18,1088100000,35.2617088246106,5.171958861509516,98.48205975978146,0.5284824290976969,0.0,0.23477303929561233,0.39148212235122964,4.747012664621361
2004-06-25 00:00:00,2004,6,25,0,1088121600,27.374081660484126,5.9925063294632395,97.45500472499943,0.31781205087314923,0.0,0.2555133310600472,0.3447359108166444,4.48924969663758
2004-06-25 06:00:00,2004,6,25,6,1088143200,33.96884215329843,4.336922959201462,97.88667574270303,0.7287934916541754,0.0,0.2373920625141115,0.3238751111657731,5.008788725635103
2004-06-25 12:00:00,2004,6,25,12,1088164800,38.651016933267464,4.967890285453888,97.64259252583986,23.403904011278687,0.0,0.25865639092541015,0.3501744736606771,8.394313966314403
2004-06-25 18:00:00,2004,6,25,18,1088186400,36.92823744362608,5.721189631258304,97.36259489643429,0.11543776303298318,0.0,0.1818036213480536,0.2925682300219561,4.6347924048664435
2004-06-26 00:00:00,2004,6,26,0,1088208000,28.59055580622909,4.472819139257257,97.32923913017592,0.660803875832,0.0,0.2432653194889954,0.3679585090708772,4.395110287381626
2004-06-26 06:00:00,2004,6,26,6,1088229600,33.31279000725304,4.620039212156696,97.52640632082276,0.011065047882039991,0.0,0.24649337806964594,0.32280308178623773,4.833326192934445
2004-06-26 12:00:00,2004,6,26,12,1088251200,39.79238955834258,4.924776983110017,97.52931522325876,23.270644176538816,10.487941485126306,0.3522436531755538,0.371148945670031,8.43539354082863
2004-06-26 18:00:00,2004,6,26,18,1088272800,35.61416419179241,3.7143393884798193,97.35135297296418,0.9071430684415662,0.0,0.2195952705765541,0.349962816625078,4.8352485796940385
2004-06-27 00:00:00,2004,6,27,0,1088294400,29.112746235964845,6.574025041892219,97.66917036415327,0.0941743111910529,0.0,0.2288534787554917,0.36274434274605627,4.555717467211559
2004-06-27 06:00:00,2004,6,27,6,1088316000,30.48524761980819,6.612801229435943,97.51292895513363,0.5044257404622082,0.0,0.22244080634743393,0.32735954564030717,4.612613161938807
2004-06-27 12:00:00,2004,6,27,12,1088337600,40.14203081785382,4.086032413034993,97.29212916831453,23.758832097458818,0.0,0.2530487641312806,0.30963310560281077,7.671578672430114
2004-06-27 18:00:00,2004,6,27,18,1088359200,31.893358117516573,6.768498568656653,97.39358411223483,0.9045021212903807,11.172963095151676,0.37312209134344293,0.30910039108179777,5.030391682314236
2004-06-28 00:00:00,2004,6,28,0,1088380800,26.606211969553502,5.615417315586375,97.65350660284693,0.559838296035744,0.0,0.21243738595758713,0.2985282979412696,3.7059160534901516
2004-06-28 06:00:00,2004,6,28,6,1088402400,33.1710364214454,4.554657400979696,97.1833832450504,0.15318140050314355,0.0,0.24941830758909772,0.33849653001570695,4.410157331996127
2004-06-28 12:00:00,2004,6,28,12,1088424000,39.09701782090017,4.2055566354132425,97.183080932543,23.893519679491703,0.0,0.22802258579032403,0.332377580705251,7.724553836190435
2004-06-28 18:00:00,2004,6,28,18,1088445600,36.09749996386108,4.329219888860308,97.11716632677373,0.7492588458169568,10.63959423565405,0.3866622757167919,0.38035436959810454,5.6472542763808455
2004-06-29 00:00:00,2004,6,29,0,1088467200,25.831773382078243,4.685431174315344,97.39189548839539,0.3956703575884991,0.0,0.25854677568609385,0.3250168435984794,4.169928852817183
2004-06-29 06:00:00,2004,6,29,6,1088488800,34.119721031548245,4.336599066611129,97.42558381353392,0.2769807412721368,0.0,0.2402555051704328,0.4218431386635497,4.564923433863204
2004-06-29 12:00:00,2004,6,29,12,1088510400,41.104022025645875,4.35643490562396,97.16691955278888,22.987829817727246,0.0,0.24459642148176297,0.32597761019748733,7.871377895470389
2004-06-29 18:00:00,2004,6,29,18,1088532000,33.73503402892292,3.8793107748823425,97.50010281954377,0.19143116564577292,0.0,0.27323556506927743,0.32880020713085606,4.527042023976042
2004-06-30 00:00:00,2004,6,30,0,1088553600,30.019674369664422,5.358447294209245,97.5022804134966,0.7776770633924739,5.92432855111812,0.30963236303551217,0.3176475143336514,4.755419646632767
2004-06-30 06:00:00,2004,6,30,6,1088575200,34.89358533867979,4.9237532538274476,97.77870369367659,0.10862763225384708,1.863566505143904,0.23210839462149613,0.3623384024090975,4.753737462264172
2004-06-30 12:00:00,2004,6,30,12,1088596800,38.00927564595053,10.737022720943337,97.76911709957926,23.055513068480114,0.0,0.27959169608309326,0.35239026086310626,8.595304171054726
2004-06-30 18:00:00,2004,6,30,18,1088618400,34.774009264837204,3.7413165248717553,96.89996328077679,0.19593270194196302,0.0,0.2655019372762588,0.35881124491566296,4.923640991375858
2004-07-01 00:00:00,2004,7,1,0,1088640000,29.012866273759204,3.668204086446732,97.58644796463918,0.39534172985244953,0.0,0.24041932138460706,0.3802731118481419,4.342841443969551
2004-07-01 06:00:00,2004,7,1,6,1088661600,33.36028631389466,4.57538526101032,96.90899156405105,0.18907114561022753,16.955240539068992,0.43273323147886267,0.3975464882649757,5.5926219351625885
2004-07-01 12:00:00,2004,7,1,12,1088683200,41.231347752730485,3.7343851314105314,97.67072553504835,23.814931533228773,0.0,0.23889692811835392,0.33297206463040746,8.0023085851468
2004-07-01 18:00:00,2004,7,1,18,1088704800,33.575087133928044,4.901893261549414,97.6645833551252,0.2576553488675602,5.475402740173242,0.2931205599002508,0.3686549975991488,5.324428436718924
2004-07-02 00:00:00,2004,7,2,0,1088726400,31.073392144590528,3.788721124718251,97.19914863858965,0.9194876124640977,0.0,0.2506350180930815,0.39974087282726284,4.7204887960105895
2004-07-02 06:00:00,2004,7,2,6,1088748000,33.29667917754563,4.450836588168377,97.60132298488658,0.9849430208509203,0.0,0.26505796863523573,0.3412570140889264,5.00905320669256
2004-07-02 12:00:00,2004,7,2,12,1088769600,38.61631630242899,4.87873768713529,97.190083129758,23.648503756255835,9.903825912910595,0.3615052822593803,0.4570109477223919,8.917544203899853
2004-07-02 18:00:00,2004,7,2,18,1088791200,33.4590042124571,4.380119145003907,97.46035018550162,0.007437059562943299,0.0,0.27182467253670084,0.4443183052132212,4.962518073729816
2004-07-03 00:00:00,2004,7,3,0,1088812800,30.351515120782736,4.0139279557317105,97.52472491333914,0.24002011756654384,17.61787313937646,0.44059380773017737,0.3778335322775488,5.003851642765071
2004-07-03 06:00:00,2004,7,3,6,1088834400,32.480016932099986,5.722533433373286,97.4215585529832,0.26733341374587327,9.728115224542602,0.3812665858207411,0.3468879315562634,5.212752612848709
2004-07-03 12:00:00,2004,7,3,12,1088856000,39.46914678886294,6.328465441125218,97.72348038054456,23.418077249675473,0.0,0.2894064600596622,0.35074958141537316,8.446084074466011
2004-07-03 18:00:00,2004,7,3,18,1088877600,34.37005119811404,3.9241653979536824,97.26560837552975,0.1583937029844689,0.0,0.2609619267689509,0.3870997610768995,4.637319368738976
2004-07-04 00:00:00,2004,7,4,0,1088899200,29.345319524878466,5.927811706264926,97.65216149429376,0.07721515309439764,0.0,0.25002058680607786,0.40527725378436996,4.717119015039261
2004-07-04 06:00:00,2004,7,4,6,1088920800,36.81705343708679,4.1551480395329365,97.13263926328257,0.17635774211100652,7.305574599185536,0.32621515094685244,0.33081949387090903,5.474140409348557
2004-07-04 12:00:00,2004,7,4,12,1088942400,38.424757197390306,4.412723848320968,96.86922005157949,23.182852225792974,23.20998631385844,0.4503390796083222,0.3577058380295114,9.050502664578238
2004-07-04 18:00:00,2004,7,4,18,1088964000,37.84155611408799,3.805139591408584,96.98742091447278,0.04920997005780039,11.1580082857488,0.3687413592248001,0.3903396601133548,5.809865483812368
2004-07-05 00:00:00,2004,7,5,0,1088985600,30.389910454920834,4.858062061187893,97.20579846361272,0.19536423332335673,0.0,0.24620792730514587,0.349940501068797,4.615763050625376
2004-07-05 06:00:00,2004,7,5,6,1089007200,31.53753054731104,3.543506378333294,97.69943601898318,0.1675199659883202,0.0,0.24444800561595145,0.38316069822567816,4.6931899145718905
2004-07-05 12:00:00,2004,7,5,12,1089028800,36.99882268624574,4.727320404522046,97.66708637382389,23.606598394702964,4.466062471690177,0.302449622429547,0.40500873160589584,8.009801249341171
2004-07-05 18:00:00,2004,7,5,18,1089050400,35.24872025938105,10.249972947620778,97.43672362390829,0.16957400186202523,13.177112750952418,0.3483388424728684,0.38721225279457977,5.524820917493845
2004-07-06 00:00:00,2004,7,6,0,1089072000,27.553161689379372,5.458579790491175,96.8767259133933,0.7915395251108256,0.0,0.2567349413160952,0.3760198695511633,4.192711807838116
2004-07-06 06:00:00,2004,7,6,6,1089093600,34.03904407742076,6.73944892557124,98.05113341926658,0.5081821520496699,0.0,0.26439324369325096,0.4006579357764309,5.194684576636136
2004-07-06 12:00:00,2004,7,6,12,1089115200,37.63017810836312,4.294173872676156,97.04711336646761,23.56939956679489,0.6177805887654916,0.2357796998139331,0.4132541778559341,8.117849344971773
2004-07-06 18:00:00,2004,7,6,18,1089136800,32.975828423052405,3.588105817189237,97.61164046694668,0.4503569056968775,7.202060145790953,0.35942064110910926,0.37042228167506985,5.25879431967589
2004-07-07 00:00:00,2004,7,7,0,1089158400,28.24709767807071,3.8430009473673934,97.38364961747885,0.9010551746190346,0.0,0.2709032961946189,0.41433864074417753,4.736239844624923
2004-07-07 06:00:00,2004,7,7,6,1089180000,35.10794360604659,3.4079201194632796,97.62686989205662,0.27651868239851796,0.0,0.2878597924689913,0.4137440472776691,5.34994622206064
2004-07-07 12:00:00,2004,7,7,12,1089201600,38.29129265795556,4.3776750401235525,97.90248585862257,23.554232793346255,0.0,0.2707299985091392,0.4195834863789316,7.9751509113381545
2004-07-07 18:00:00,2004,7,7,18,1089223200,35.76987764648508,4.905817663183742,97.56243284098437,0.16342001311992818,7.4101515163823874,0.3433641968229414,0.4118943570522355,5.542253261378468
2004-07-08 00:00:00,2004,7,8,0,1089244800,27.124181558829925,4.1356082988985605,97.72130140872795,0.8826444415794094,0.0,0.29418773440676815,0.41385470361551124,4.743320748815603
2004-07-08 06:00:00,2004,7,8,6,1089266400,34.77858739181797,4.5493143391753215,98.43072440711207,0.028440897469789173,0.0,0.2900549724405997,0.4052736302411919,5.09278703349446
2004-07-08 12:00:00,2004,7,8,12,1089288000,38.907579538852154,3.886921332651464,97.81291544125956,23.219324001505285,2.9503668857267655,0.332082001310751,0.4009794362842484,7.998898134043076
2004-07-08 18:00:00,2004,7,8,18,1089309600,31.734422170803718,3.4415319258249495,97.01946464025998,0.4212582790901255,3.5900417123944868,0.29716543261255585,0.4316423911718098,4.824309123423759
2004-07-09 00:00:00,2004,7,9,0,1089331200,27.657304675449012,4.129749334209947,96.6853216859786,0.6237906851048259,0.0,0.24951916271373153,0.41301566569600767,4.422889061877345
2004-07-09 06:00:00,2004,7,9,6,1089352800,33.365459393322595,4.471739970301552,97.67055851692365,0.44093335955088087,0.0,0.24225803283889907,0.4319319635093242,5.0245172389018435
2004-07-09 12:00:00,2004,7,9,12,1089374400,40.40145592446099,9.361231220766411,97.37149687191712,23.323917437374707,13.977377796232904,0.38563841435137314,0.43146209064707314,9.126948480494955
2004-07-09 18:00:00,2004,7,9,18,1089396000,33.35321740646223,3.921196595742912,97.75001349207014,0.8617029528901184,0.0,0.27897966163558974,0.3876862842602103,5.437519809158486
2004-07-10 00:00:00,2004,7,10,0,1089417600,31.596845138196333,4.954522440184032,96.74889428467232,0.1420285248490737,11.6391732846574,0.4379633266904636,0.41222709441235983,5.76367247265528
2004-07-10 06:00:00,2004,7,10,6,1089439200,33.01718831649752,5.850018469951905,97.86311559466887,0.2441473194415833,0.0,0.29721626805819934,0.4202014807219989,5.19793848213603
2004-07-10 12:00:00,2004,7,10,12,1089460800,38.64266579908783,3.8686234378006947,97.48283523255984,23.509406506261662,0.0,0.2634519134340458,0.42448994071181173,8.24524169230917
2004-07-10 18:00:00,2004,7,10,18,1089482400,35.478517330975556,7.243206812138997,98.14020764708242,0.22806397516491062,5.823681123392248,0.3406085536365104,0.4346644999415938,5.931040296627388
2004-07-11 00:00:00,2004,7,11,0,1089504000,26.556788851107775,3.8509694707971542,97.51524422872602,0.9056539959643195,1.8300974609070917,0.2758748522690107,0.4330335620083619,4.873669796109106
2004-07-11 06:00:00,2004,7,11,6,1089525600,35.24823860255757,8.480434228911191,97.67687302105945,0.5408113472319513,0.0,0.25881786885779057,0.42893128842855816,5.483196737951885
2004-07-11 12:00:00,2004,7,11,12,1089547200,37.4704311255652,3.2335889924670993,97.40290249966905,22.758704076251036,2.66932052838869,0.2746465327046047,0.4146154701631571,8.372145801918027
2004-07-11 18:00:00,2004,7,11,18,1089568800,33.095784550559,4.73874354978795,97.3797640985623,0.020660267446525493,2.696236829912577,0.2762477047542944,0.45938038988039526,4.960921767992221
2004-07-12 00:00:00,2004,7,12,0,1089590400,28.77011992446414,5.545435578407069,97.60743124528575,0.7629045840265206,0.0,0.28131221117602945,0.44396072440896905,4.8998103252946645
2004-07-12 06:00:00,2004,7,12,6,1089612000,32.18315109619048,3.697872643879126,97.42687254157015,0.8563508320414821,20.67880891225384,0.48,0.4301724060838202,6.490986900948723
2004-07-12 12:00:00,2004,7,12,12,1089633600,42.386562798118035,3.391721187975688,97.34203643208119,22.885571655683144,0.0,0.2910261785760457,0.4218467137537329,8.667557687751426
2004-07-12 18:00:00,2004,7,12,18,1089655200,33.72859659942275,3.241996062429259,97.63046487828811,0.2407799041537061,0.0,0.29935718470168915,0.4419306812934871,5.163343433779489
2004-07-13 00:00:00,2004,7,13,0,1089676800,28.547378400237434,3.295699522400369,97.35031603980732,0.9541021042375208,0.0,0.287406940975045,0.44026163900771736,4.834136706805322
2004-07-13 06:00:00,2004,7,13,6,1089698400,32.456303506720005,4.354438200868434,97.6437760569093,0.6561871366672973,0.0,0.27104438172417855,0.39365757449862926,4.997218860215572
2004-07-13 12:00:00,2004,7,13,12,1089720000,36.32792346823374,5.920805469609009,97.05172825918038,22.78081185655403,0.0,0.2612202827747636,0.4096569696922294,8.338982913278908
2004-07-13 18:00:00,2004,7,13,18,1089741600,35.044830461265114,3.2775361327428523,97.52579067794734,0.44858694134069677,7.077458072918347,0.3540425243829541,0.47851094281197076,5.794580810939545
2004-07-14 00:00:00,2004,7,14,0,1089763200,27.87846531010491,3.334712006644047,97.46986489989649,0.9104361156531667,14.402049123358347,0.3836493839459022,0.45629884630336554,5.165865875847174
2004-07-14 06:00:00,2004,7,14,6,1089784800,33.7810853398033,3.162215594996186,96.85382635953788,0.6211741953377214,0.0,0.26113114608169613,0.42599381720629775,4.709441554527361
2004-07-14 12:00:00,2004,7,14,12,1089806400,36.8204905967641,3.652049695412445,97.15861617705231,22.98679104109534,0.0,0.25746891098465763,0.43399881592475836,7.856190698023978
2004-07-14 18:00:00,2004,7,14,18,1089828000,34.50569173956373,6.966688162168116,96.75809915969516,0.1510335000267078,0.0,0.29810316003609577,0.4193263278463374,5.379655311099345
2004-07-15 00:00:00,2004,7,15,0,1089849600,27.754804026358087,3.6145093585366492,97.56156577629295,0.7260018443355478,0.0,0.24712392382660947,0.43522943122316426,4.538878266819666
2004-07-15 06:00:00,2004,7,15,6,1089871200,30.748040635580995,4.001377614582644,97.29182771942145,0.2763628891377917,11.29657950373266,0.4062333109275574,0.48170387276584636,5.74144106561894
2004-07-15 12:00:00,2004,7,15,12,1089892800,37.79269032537422,3.425237145918557,97.4341407790571,23.10999889380176,0.0,0.282423976357764,0.44553721210486,8.165145279045662
2004-07-15 18:00:00,2004,7,15,18,1089914400,34.395187586368486,3.3148969421929717,97.9303426191854,0.6001402001974986,0.0,0.28266842088170246,0.47596475782957803,5.477696103385477
2004-07-16 00:00:00,2004,7,16,0,1089936000,29.048467041413765,3.4065646617778187,97.53519377124618,0.5554494819227455,2.908190877509961,0.29582405255038446,0.5055524661145284,4.713621992714949
2004-07-16 06:00:00,2004,7,16,6,1089957600,33.74230780092845,3.458907323273273,97.62295682372462,0.24649279157678772,9.741097647837792,0.34423900195606516,0.4448680052776963,5.286138457054487
2004-07-16 12:00:00,2004,7,16,12,1089979200,38.11397186541214,3.313892920069627,97.39024855487261,23.215783014878756,0.0,0.28609821511842903,0.41786925377393713,8.328708270669393
2004-07-16 18:00:00,2004,7,16,18,1090000800,33.224370234709355,5.4566075437355055,97.31502424674466,0.5660500056724659,0.0,0.29381038612526256,0.4697102405908359,5.761680357010288
2004-07-17 00:00:00,2004,7,17,0,1090022400,27.27067255868671,4.052619382884414,97.10914062263014,0.4036829300104757,9.160355835049685,0.37901914658500346,0.4378351683457768,5.0149882085216575
2004-07-17 06:00:00,2004,7,17,6,1090044000,34.84664698647221,4.2436954931738935,97.75654092205158,0.05213085257054084,0.0,0.27459193215317124,0.46246258977850196,5.4264549344086435
2004-07-17 12:00:00,2004,7,17,12,1090065600,38.028529854957526,3.78382104611202,98.00331178284755,22.80085677844457,3.6048495029663625,0.2907626397354282,0.46750003338781027,8.566606141172741
2004-07-17 18:00:00,2004,7,17,18,1090087200,32.315492208627376,3.434648608344634,97.89132423877719,0.3524475078825089,0.0,0.265011134233025,0.5181602413252102,5.3453509810095206
2004-07-18 00:00:00,2004,7,18,0,1090108800,30.72692823383119,3.2028419322841004,97.18872032121713,0.791163365234069,3.6967506025102357,0.32478693460979824,0.4778201156066643,5.356588658970095
2004-07-18 06:00:00,2004,7,18,6,1090130400,34.89743269128954,3.173374975041127,97.9218794662461,0.5134470674111404,9.757646558385709,0.3605891315015564,0.4544199780571127,5.519691508434609
2004-07-18 12:00:00,2004,7,18,12,1090152000,38.185772028999644,3.3620429395584255,97.49654151011963,23.362471972375513,7.17227806063311,0.33129746375266506,0.4869082938219509,8.872817072864684
2004-07-18 18:00:00,2004,7,18,18,1090173600,32.513587181155806,5.902373717018211,97.98646399448033,0.7507298713185685,0.0,0.2498824061781392,0.49258769902046445,4.9536854063925135
2004-07-19 00:00:00,2004,7,19,0,1090195200,27.492755444076757,3.3964022816982435,97.66592615445792,0.5380046487133964,2.9411093027039317,0.32023424101353587,0.5099320134257811,4.736180656989912
2004-07-19 06:00:00,2004,7,19,6,1090216800,31.52871468861965,3.6876773863564822,97.64443127235472,0.16888580554745858,0.0,0.2904024966293897,0.44609994243419915,5.377286377862898
2004-07-19 12:00:00,2004,7,19,12,1090238400,39.40289734242404,4.305924145006259,97.65246130128585,22.610833625141634,0.0,0.30320153888560186,0.5125141543612217,8.647243550928813
2004-07-19 18:00:00,2004,7,19,18,1090260000,35.732015080264915,4.104696351696664,97.04211716737126,0.1600793674579791,0.0,0.23723663752904098,0.5423716940272072,5.140285338584672
2004-07-20 00:00:00,2004,7,20,0,1090281600,28.76472565396224,4.650003366802314,97.1767789461709,0.44285073381290807,0.0,0.30482098122946716,0.517461745980104,4.81303701767715
2004-07-20 06:00:00,2004,7,20,6,1090303200,35.232630044707015,3.3299806069120343,97.36797617919267,0.7225248843988876,0.0,0.3036532809555177,0.5229191292278429,5.298566135691749
2004-07-20 12:00:00,2004,7,20,12,1090324800,39.19668124118704,4.119547608812661,97.44647997638386,23.107271771956412,12.966634910048164,0.43522312344939384,0.46636154918262634,9.428252149805747
2004-07-20 18:00:00,2004,7,20,18,1090346400,30.700575093480047,5.19579319980198,97.59092271208807,0.0961512299704,1.743016583980408,0.30120625695876296,0.5300863389889023,5.24116569199844
2004-07-21 00:00:00,2004,7,21,0,1090368000,30.029752023155574,3.7169080679869837,97.42285920480222,0.4959108358558182,0.0,0.28704594361389285,0.47069976559314386,4.869206982511754
2004-07-21 06:00:00,2004,7,21,6,1090389600,32.4979622705597,8.339261096326737,97.4098616764705,0.4814406084751083,2.1400597644660544,0.3083529245969311,0.4838191369215412,5.8432889401312735
2004-07-21 12:00:00,2004,7,21,12,1090411200,38.163336066267526,4.275526748278556,97.93355235975591,22.743691731761142,0.0,0.2643500494426452,0.4710464104911467,8.281357721851371
2004-07-21 18:00:00,2004,7,21,18,1090432800,31.469920047256334,4.66667638712242,97.9670534349963,0.30121599755578926,7.254778977115688,0.33774759043023894,0.4675468107389449,5.2414454393301915
2004-07-22 00:00:00,2004,7,22,0,1090454400,25.12977439426907,3.8791766946002033,97.74931708218621,0.4758080619107331,0.0,0.28831213041929604,0.49036359221645315,4.852769897320997
2004-07-22 06:00:00,2004,7,22,6,1090476000,31.828590658975237,5.883746970845844,97.35032966556777,0.5166067284901026,0.0,0.27881502986560724,0.45590813889437265,5.277039532993554
2004-07-22 12:00:00,2004,7,22,12,1090497600,38.17336176161486,3.8582456438791413,97.69341361874721,22.860083771981152,3.2841024030292365,0.3309603969302598,0.4699062848726583,8.60869010469009
2004-07-22 18:00:00,2004,7,22,18,1090519200,32.95532572075062,7.235664870830652,97.95185219051548,0.3773651672791944,0.0,0.27666674026035964,0.4613420783274898,5.249471729282741
2004-07-23 00:00:00,2004,7,23,0,1090540800,28.882766814058904,3.4845881292135084,97.5002980156004,0.9451006354152028,0.0,0.2555707704855823,0.5420435447360457,4.79658619661238
2004-07-23 06:00:00,2004,7,23,6,1090562400,33.122611305556205,5.94629105437457,97.97682614465744,0.3388386606575362,0.0,0.2565045528336435,0.5446189375398802,5.173255843098693
2004-07-23 12:00:00,2004,7,23,12,1090584000,37.91676231429002,4.463222232119384,98.15472622580154,23.109758606903796,11.073439745246983,0.3804536602367174,0.5723786609450259,9.003016289682153
2004-07-23 18:00:00,2004,7,23,18,1090605600,31.871505035012053,5.34052164471063,97.86682692057633,0.801253518829127,0.0,0.2994672169515773,0.4940103000078088,5.3472969029110535
2004-07-24 00:00:00,2004,7,24,0,1090627200,30.647225562924287,2.967260127325383,97.76669290673298,0.46527070697693274,0.0,0.2756668165646696,0.5023544433453894,5.111088586981363
2004-07-24 06:00:00,2004,7,24,6,1090648800,35.565182028118606,3.3967139728456974,97.68479845217445,0.4963123796693958,0.0,0.2920215238840127,0.5246152650877772,5.4692680536717155
2004-07-24 12:00:00,2004,7,24,12,1090670400,38.01293498151264,5.726363897235711,97.77090956755083,23.03764044825864,0.0,0.2526065658008273,0.4631798322217695,8.516307036898871
2004-07-24 18:00:00,2004,7,24,18,1090692000,30.5329193942473,3.484437126147663,97.70624636220406,0.49272500717874496,0.0,0.28929285280886147,0.47211864743240384,4.7483417977501325
2004-07-25 00:00:00,2004,7,25,0,1090713600,28.086438786244805,4.7565754482348765,97.22041283425645,0.6793795737963396,5.988220314641909,0.347757053047632,0.45896526177706115,5.188320556732056
2004-07-25 06:00:00,2004,7,25,6,1090735200,30.642525288013285,10.164263878526793,97.98674816631873,0.8093028881598029,0.0,0.3109232670441554,0.5319839589696682,5.44848829158259
2004-07-25 12:00:00,2004,7,25,12,1090756800,35.436328893556585,3.178472273957371,97.61332630488577,23.02749624504342,0.0,0.29020407364477663,0.4810466745491456,8.07192833588734
2004-07-25 18:00:00,2004,7,25,18,1090778400,34.031724339528886,3.6967235084817083,98.31887878883603,0.21816416309583025,0.0,0.3023765398102557,0.5369296579637642,5.3012368749573735
2004-07-26 00:00:00,2004,7,26,0,1090800000,26.170695448272316,3.133212462646059,98.42470311493612,0.9753657706232869,2.443213496027112,0.35149268702869907,0.4983886416376449,4.945774948913725
2004-07-26 06:00:00,2004,7,26,6,1090821600,31.713575996041488,3.11386135318476,97.51950963355239,0.9653335698340442,0.0,0.28894369962248084,0.5123547576655635,5.031222756766658
2004-07-26 12:00:00,2004,7,26,12,1090843200,38.828587302319725,4.366264686856254,97.65620114978691,22.36758543611571,0.0,0.3188216693965038,0.5071082514379763,8.35160119394651
2004-07-26 18:00:00,2004,7,26,18,1090864800,33.16364787709014,3.181131420178358,97.46572022937112,0.6137281186536907,0.0,0.29062493450904714,0.5179525122540701,5.5359296555392286
2004-07-27 00:00:00,2004,7,27,0,1090886400,28.420384580811195,3.827786749428069,97.31627458984123,0.0469179509555,7.815702108824668,0.35660289159654496,0.5028863087963118,4.876391477843537
2004-07-27 06:00:00,2004,7,27,6,1090908000,35.06905672230222,8.56030592550617,97.58501626040817,0.1678273401068222,0.0,0.28695826244807265,0.5487472029134514,5.903371744002266
2004-07-27 12:00:00,2004,7,27,12,1090929600,36.5693060452362,3.446960890334073,97.6120735024489,22.603456986324392,0.0,0.27899774263423943,0.5125279883008005,8.377984419335945
2004-07-27 18:00:00,2004,7,27,18,1090951200,32.88026189614625,5.942031754463561,97.2111113199209,0.6501062406179615,11.361065892370785,0.39333031073897434,0.528476487196554,6.046130593957798
2004-07-28 00:00:00,2004,7,28,0,1090972800,29.539422124150295,3.5733184648810195,97.27440413658871,0.5346029802897474,11.085528078060138,0.38946127416305376,0.5261080937582018,5.473761457899292
2004-07-28 06:00:00,2004,7,28,6,1090994400,30.900652938391563,3.2736161206421626,96.71802039071015,0.7047221577002277,0.0,0.2840085630881715,0.49241365604510073,4.868951239235366
2004-07-28 12:00:00,2004,7,28,12,1091016000,37.08744593907257,3.4309183682303686,97.25936204835158,22.760748809868986,0.0,0.3042905306349194,0.5632986341357117,8.186196497117788
2004-07-28 18:00:00,2004,7,28,18,1091037600,33.580474324055984,3.0210495227821363,97.8635278062856,0.1684578257643409,0.0,0.25605018777429484,0.5032722962567667,4.90407189163217
2004-07-29 00:00:00,2004,7,29,0,1091059200,25.351214706231016,4.497662609169115,98.05091728251926,0.6596172455510636,7.942613028378102,0.37614718208533315,0.5522972688453631,4.982702139226137
2004-07-29 06:00:00,2004,7,29,6,1091080800,32.54429793614613,3.8602883973214634,97.02658080368924,0.5625982367489871,0.0,0.29338293826431533,0.5499040432653794,5.467362082053264
2004-07-29 12:00:00,2004,7,29,12,1091102400,36.76750987093375,4.220478925429076,97.21591388062635,22.032486761304924,0.0,0.31866671023356463,0.4830669636226536,7.995550901105096
2004-07-29 18:00:00,2004,7,29,18,1091124000,30.838993337803632,3.3349152192409113,97.98600905265029,0.22860448977814876,1.3974901177642574,0.29763990711763283,0.5226431149669396,5.11711948929029
2004-07-30 00:00:00,2004,7,30,0,1091145600,28.915958075213737,4.360247972639067,97.37010829065605,0.41966901840110393,0.0,0.31447348958321597,0.5505900917147505,5.224052489153822
2004-07-30 06:00:00,2004,7,30,6,1091167200,33.48881492072646,3.040355883592241,97.48783004615004,0.8637584357941456,0.0,0.2746414725085376,0.5245096786042337,5.284001202286862
2004-07-30 12:00:00,2004,7,30,12,1091188800,37.912660844615736,4.355959092269428,97.4199360331205,22.077808703413908,20.77926980893076,0.48,0.5293563906166644,9.089431391843231
2004-07-30 18:00:00,2004,7,30,18,1091210400,33.17237539415935,2.8975201942499984,97.9012765667551,0.18292369220160998,3.087857270274364,0.3310511609418202,0.5397068718478921,5.74936251972303
2004-07-31 00:00:00,2004,7,31,0,1091232000,26.42149890467784,3.5150587598557856,98.13679648069945,0.7209517278364723,0.0,0.3048138432024176,0.5270231930006616,5.0127427630879104
2004-07-31 06:00:00,2004,7,31,6,1091253600,32.10165303961059,4.159600577542003,97.65678866716023,0.9757929428333368,0.0,0.28735517607244165,0.5490177595263914,5.555781131027297
2004-07-31 12:00:00,2004,7,31,12,1091275200,35.78914975721402,5.647958131119864,97.50299198147975,22.25285005097764,0.0,0.2971153230893341,0.5395792818533086,8.278959031425071
2004-07-31 18:00:00,2004,7,31,18,1091296800,33.181001938532916,5.258422292939739,97.56833681655645,0.3501376144133186,0.0,0.28937150190702365,0.5323920552888025,5.604789243530517
2004-08-01 00:00:00,2004,8,1,0,1091318400,25.572924305943317,3.848737939439773,97.9110027603473,0.2539405893195755,17.08750291596073,0.48,0.5142365585582377,5.535075626324546
2004-08-01 06:00:00,2004,8,1,6,1091340000,31.18166025928318,5.949038504902465,97.80099938074822,0.04974086365929986,0.0,0.29050338164255063,0.5555196237106573,5.390801573777774
2004-08-01 12:00:00,2004,8,1,12,1091361600,35.39559941613453,3.7834414451795757,97.56826695680519,21.927546127554606,0.0,0.28897635499741464,0.4710811587076017,7.907460928275932
2004-08-01 18:00:00,2004,8,1,18,1091383200,32.25506212565356,3.818032191223806,97.63034312246937,0.09341506621847029,0.0,0.31326074952390565,0.5512211694563731,5.460971536987705
2004-08-02 00:00:00,2004,8,2,0,1091404800,26.447872796202756,4.616322342005329,97.43709781367467,0.4941015546897811,0.0,0.29837457689723884,0.5487912759717254,5.393076240312781
2004-08-02 06:00:00,2004,8,2,6,1091426400,32.44025020808478,5.856832304556054,97.45186874763448,0.9781975269540786,0.0,0.3075360164513877,0.5239541877921278,5.666188165875224
2004-08-02 12:00:00,2004,8,2,12,1091448000,35.841492349905934,4.088562634787921,97.23293029349931,22.479034194186305,0.0,0.34414081785615597,0.5066611883486271,8.754270211465734
2004-08-02 18:00:00,2004,8,2,18,1091469600,30.70396597331474,7.0326554434558,97.99614811936834,0.6016900835997544,6.475032432062389,0.31921583233716366,0.560893418790867,5.18186056227068
2004-08-03 00:00:00,2004,8,3,0,1091491200,27.39764106022837,3.079232758171087,96.98248308597857,0.48663826974531266,0.0,0.27431168379318327,0.5458669469894384,4.8805437999802
2004-08-03 06:00:00,2004,8,3,6,1091512800,31.540037527489215,6.553791868471512,97.7453902411336,0.6171819910319083,0.0,0.27630534672337037,0.5574390291293626,5.58796786413714
2004-08-03 12:00:00,2004,8,3,12,1091534400,41.00369534339237,3.0580135141539913,97.65370575823167,22.009064266919463,0.0,0.2777895925078985,0.49815676498375955,8.508170226127017
2004-08-03 18:00:00,2004,8,3,18,1091556000,32.71977998289037,3.8032767191289274,97.6335221337819,0.17838529364491737,3.815931771627534,0.3614829777453934,0.567577574886884,5.797032331895357
2004-08-04 00:00:00,2004,8,4,0,1091577600,26.856137518472174,5.045302848078123,97.48754848256381,0.589773653598977,0.0,0.24216687037790363,0.5863441808122698,4.828307609176922
2004-08-04 06:00:00,2004,8,4,6,1091599200,33.59077008118987,5.086701534460673,97.58306232554341,0.5281032890016618,0.0,0.30514293478782384,0.5535743886327321,5.851736662758275
2004-08-04 12:00:00,2004,8,4,12,1091620800,38.14770475978938,3.149542230100659,98.19922299101464,22.51790361803345,0.0,0.2648552256026729,0.5312470889240791,7.978826111708459
2004-08-04 18:00:00,2004,8,4,18,1091642400,31.919738652918515,9.052478435865247,97.69316522243392,0.6498328470640592,1.4144298564301703,0.31016533505014804,0.5711783306406315,5.722871414652283
2004-08-05 00:00:00,2004,8,5,0,1091664000,31.115128243972684,2.765398174752763,97.72944390995289,0.7734305088642885,0.0,0.3013030419535035,0.5544408263174121,5.336445822865243
2004-08-05 06:00:00,2004,8,5,6,1091685600,33.28007207284965,2.6924447037542416,97.73894708541333,0.0927017158854716,0.0,0.3142408432495696,0.5888673979009302,5.42272216720545
2004-08-05 12:00:00,2004,8,5,12,1091707200,34.875698631452366,5.402621444764284,97.47053297129676,22.273574371444294,0.0,0.2908045614268496,0.5635890453842995,8.310794182758551
2004-08-05 18:00:00,2004,8,5,18,1091728800,31.045558068706352,5.203385695380865,97.51059352951867,0.9828488371354696,0.0,0.29265294132995323,0.49869851281395206,4.886164033803735
2004-08-06 00:00:00,2004,8,6,0,1091750400,23.760254848014952,4.489777906888014,97.84914866786401,0.6574955612425847,0.0,0.2556871098335722,0.49724355153471134,4.2107871096987965
2004-08-06 06:00:00,2004,8,6,6,1091772000,29.249517009795127,5.471762379451183,97.43882946442281,0.7420837037153513,0.0,0.34228009835806944,0.5464034224440828,5.691776321418395
2004-08-06 12:00:00,2004,8,6,12,1091793600,40.921296478823905,2.84030537452489,97.6619858684469,22.430388187539315,17.375415148286244,0.47655994442647404,0.5813033452291178,9.515545989355248
2004-08-06 18:00:00,2004,8,6,18,1091815200,33.4737782458248,2.769192634814376,98.03945125174013,0.3912747230610443,5.1667296045447,0.3571202826754016,0.5529465252243152,5.598402204419656
2004-08-07 00:00:00,2004,8,7,0,1091836800,23.81820315289637,7.827825889817183,97.50011511853893,0.82417851348275,10.04530616818213,0.4191097442315743,0.5871652897902813,5.736052660134175
2004-08-07 06:00:00,2004,8,7,6,1091858400,31.336216912412404,4.065762848488145,97.66829847069818,0.39969252823020796,0.0,0.2958469452191102,0.5525390395774504,5.60032091663782
2004-08-07 12:00:00,2004,8,7,12,1091880000,35.81102251219577,6.383286130301445,97.61795880108967,21.813992561900147,0.0,0.30567316535831085,0.6342799744544555,8.972063542356546
2004-08-07 18:00:00,2004,8,7,18,1091901600,35.321991563630526,6.151344104111044,97.85195283809766,0.6582418849306293,6.273081464231718,0.3742337291780874,0.5667617581255292,5.748763153881196
2004-08-08 00:00:00,2004,8,8,0,1091923200,22.708817371049783,4.165323463396298,97.75529661569362,0.2564191581887759,0.0,0.2681759320441118,0.5850966321368298,4.867761066201019
2004-08-08 06:00:00,2004,8,8,6,1091944800,30.28903502137281,4.062279817058241,97.50651477534956,0.9927818195261155,3.202095134333509,0.34030465594428116,0.5482637976892548,5.245055589548217
2004-08-08 12:00:00,2004,8,8,12,1091966400,35.304808775577875,3.246376737438366,97.55183944972313,21.653508556652007,0.26325574875807245,0.34180695733007826,0.5644743276282268,8.423869214989145
2004-08-08 18:00:00,2004,8,8,18,1091988000,30.171599074740666,2.819281826377536,97.51963665267529,0.1228499614898994,0.0,0.33260774349829725,0.5918366270177537,5.501722229866333
2004-08-09 00:00:00,2004,8,9,0,1092009600,26.523047362018673,4.297291906458904,97.50616272510493,0.32255405700893136,7.660179462952365,0.4053454991929203,0.5801862045279734,5.769038007542296
2004-08-09 06:00:00,2004,8,9,6,1092031200,32.46886316939103,5.111329957127122,97.19615266651536,0.8559662302890301,0.0,0.33631300355496857,0.4981235794591447,5.640210098947473
2004-08-09 12:00:00,2004,8,9,12,1092052800,35.35474890407903,3.7368026962299608,97.77671863596639,21.57342301709891,0.0,0.2729105526864844,0.5965452073937415,8.242833856549842
2004-08-09 18:00:00,2004,8,9,18,1092074400,31.021019619961777,2.635168674328644,97.52162371972817,0.6113556149131291,18.040666431267734,0.46801159306032014,0.5998465860468472,5.890906505622501
2004-08-10 00:00:00,2004,8,10,0,1092096000,24.59799843017945,2.7717542761850713,97.87843147120839,0.9353202108239846,0.0,0.28026124689201715,0.6079802787199546,4.5221305635697115
2004-08-10 06:00:00,2004,8,10,6,1092117600,29.719627697604942,2.698229497764795,97.75871252543648,0.2599660564467252,0.0,0.3683921385340817,0.6190370946563628,5.392061215772333
2004-08-10 12:00:00,2004,8,10,12,1092139200,36.646770219742464,4.145596541495294,97.62006349150947,21.325112438333424,0.0,0.303368329670332,0.5914778739242386,8.671523058220963
2004-08-10 18:00:00,2004,8,10,18,1092160800,31.89683457816348,3.7848046925082715,97.59555787896333,0.0968482498631215,0.0,0.2702046631526439,0.6579227824255697,5.484796746811616
2004-08-11 00:00:00,2004,8,11,0,1092182400,23.155853825558186,3.459710603005427,97.34836390719427,0.44036820042360103,0.0,0.27679997742394197,0.5974763683491833,5.011438843608809
2004-08-11 06:00:00,2004,8,11,6,1092204000,29.82945035328708,3.693214889206992,97.78329738873828,0.10428670262294082,4.048481720065417,0.3414603306495745,0.5213933125250273,5.109370261249926
2004-08-11 12:00:00,2004,8,11,12,1092225600,35.438225900428115,3.0016177383403178,97.71955965568016,21.580861272396504,4.989368111102141,0.3214680784989814,0.5971787238661107,8.51073648352494
2004-08-11 18:00:00,2004,8,11,18,1092247200,30.344274522948414,4.967301830996787,97.55753927216914,0.862716939150623,5.759034335869856,0.3937973292382886,0.6240936148005448,5.948409235624691
2004-08-12 00:00:00,2004,8,12,0,1092268800,25.416997092300296,3.095367184352312,97.16110086075544,0.7774838280386318,0.0,0.31494306246564674,0.5534775626217381,5.183943903457817
2004-08-12 06:00:00,2004,8,12,6,1092290400,27.049516435002076,4.048410638391931,97.69415963222139,0.5817008534408054,0.0,0.30539442092535357,0.5866953616582636,5.079838528950032
2004-08-12 12:00:00,2004,8,12,12,1092312000,37.42172515778313,3.241500015203074,97.7164648005505,21.90985451246193,0.0,0.2780606106024935,0.6311957725828209,8.449727092987384
2004-08-12 18:00:00,2004,8,12,18,1092333600,30.697328093448643,2.610258714647885,98.08651187793593,0.10027004793191077,5.049768578009722,0.3232093022813854,0.5778711748732415,5.579270369240165
2004-08-13 00:00:00,2004,8,13,0,1092355200,29.914288811955394,2.924330673942156,97.77876482377717,0.6094176959666173,0.0,0.30637118653005674,0.5919525337786831,4.899930464015851
2004-08-13 06:00:00,2004,8,13,6,1092376800,31.644657315976737,7.511670673720788,98.12481393353693,0.11564137092595628,0.0,0.3021369060260955,0.6225039393223405,5.657213528422947
2004-08-13 12:00:00,2004,8,13,12,1092398400,36.27617942244652,2.7959164301758612,97.5788893585504,21.473043983298197,0.0,0.2737207172235685,0.5606182811021831,7.782868968200265
2004-08-13 18:00:00,2004,8,13,18,1092420000,29.416597805647758,2.645117723607722,97.68782152181865,0.463462377372979,0.0,0.2983108218093018,0.5987270887841571,5.225367969108546
2004-08-14 00:00:00,2004,8,14,0,1092441600,24.717728425166452,2.9762498092837504,97.47697698990902,0.26515536493123404,1.5654896602559225,0.31422807469721487,0.5741231982320553,4.766190117158417
2004-08-14 06:00:00,2004,8,14,6,1092463200,31.793913780709442,5.614768819903922,97.699778372403,0.8298546375176221,0.0,0.3143600618673455,0.5952306551539763,5.7898008584951
2004-08-14 12:00:00,2004,8,14,12,1092484800,35.17525442829142,3.0080602515671804,98.02734794341505,21.149718534078072,5.489065860458911,0.3966173765449473,0.6103791567196866,8.708050953261663
2004-08-14 18:00:00,2004,8,14,18,1092506400,29.550339175209224,3.2704086784188933,98.0359289475345,0.551894246238631,5.001272089545931,0.30802096968902354,0.6350848112459777,5.356450409771777
2004-08-15 00:00:00,2004,8,15,0,1092528000,28.310566993083487,2.9983873364695808,97.85796371410211,0.4822613450314759,9.323405168851382,0.40902286077863564,0.6167699014186496,5.458306076279439
2004-08-15 06:00:00,2004,8,15,6,1092549600,31.03576751698684,9.202813833674954,97.38776185302014,0.4316522112623795,0.0,0.28583543501694153,0.5904414293631195,5.62991165525368
2004-08-15 12:00:00,2004,8,15,12,1092571200,36.667720378220615,15.923609983395211,97.36981557470426,20.884753611636867,0.0,0.3081961493599123,0.6433125042060239,9.337843254375445
2004-08-15 18:00:00,2004,8,15,18,1092592800,30.015786343117288,3.4305340131514708,97.71679046239424,0.6967338593004884,2.0954175017108065,0.3233336744422124,0.6258568554221606,5.318318905366752
2004-08-16 00:00:00,2004,8,16,0,1092614400,27.191567957811063,4.727945018615976,97.60005085643901,0.01268534332773541,11.762595365019177,0.4275161380983685,0.553190714454151,5.205635525665623
2004-08-16 06:00:00,2004,8,16,6,1092636000,29.56643788086819,2.7962917450909712,98.00256190768802,0.8205472041487557,4.133306703055615,0.3163586360836077,0.636579223167457,5.0918417536721945
2004-08-16 12:00:00,2004,8,16,12,1092657600,37.14758807446434,3.126799378594995,97.94572015475781,21.04648177007658,0.0,0.3192799273677862,0.6133877024450589,8.157385208492471
2004-08-16 18:00:00,2004,8,16,18,1092679200,29.689402236405236,4.129543953311303,97.9070516438604,0.1200054315490746,0.0,0.3007046574384201,0.6104539750992619,5.323532585141698
2004-08-17 00:00:00,2004,8,17,0,1092700800,27.698097481643437,2.9116622196984183,97.64457252200711,0.4170406753494731,0.0,0.3277999345239849,0.6511199229141779,5.069394083043709
2004-08-17 06:00:00,2004,8,17,6,1092722400,32.212156388989676,2.787419078262193,97.86032672031455,0.5593605497129833,0.0,0.3318142142955238,0.6092777253421059,5.558926796103842
2004-08-17 12:00:00,2004,8,17,12,1092744000,34.6173958160303,6.236814991103712,97.91627627913685,21.018501761871512,0.0,0.3047020200107126,0.6422315035403389,8.520166657857379
2004-08-17 18:00:00,2004,8,17,18,1092765600,33.65860773611611,2.825826060137327,97.71310392686404,0.12178477294552002,0.0,0.31976304067827604,0.6537287199349149,5.336255579791486
2004-08-18 00:00:00,2004,8,18,0,1092787200,25.346213261496857,2.479828115181912,97.75686957600475,0.01832727395037914,0.0,0.31806613997518446,0.6211616930160421,5.176421051562022
2004-08-18 06:00:00,2004,8,18,6,1092808800,32.713829070636535,4.474150855898575,97.91974661776521,0.7038132429104996,0.0,0.32677275946341444,0.6327161129785811,6.099642454791055
2004-08-18 12:00:00,2004,8,18,12,1092830400,33.44945276817212,2.806286730396691,97.50029824924115,21.521824336874296,0.0,0.32532499207210464,0.6401153665773277,8.673395124240887
2004-08-18 18:00:00,2004,8,18,18,1092852000,31.186685099800524,3.285424789078064,97.65523094684214,0.10052105467976055,0.0,0.27671890736111193,0.6331696119876323,5.655879444369255
2004-08-19 00:00:00,2004,8,19,0,1092873600,25.612581777647748,2.5484269958166825,97.64414241413239,0.23063376659489943,0.0,0.30555219111814597,0.6497838005990706,5.533312713688938
2004-08-19 06:00:00,2004,8,19,6,1092895200,29.429887385236857,2.4774634783236227,98.13703175596147,0.020229160348111397,4.5586181791814475,0.3178070497882676,0.591771582421037,5.277359585002448
2004-08-19 12:00:00,2004,8,19,12,1092916800,36.455627934872695,3.2965174560216406,97.68191658641314,21.44692329579161,3.5038646249287138,0.32458797517656096,0.6038612063722031,8.624112568022488
2004-08-19 18:00:00,2004,8,19,18,1092938400,31.968810684872786,2.987670074452759,97.84988939221206,0.44473854923938044,0.0,0.2903607489347505,0.5853161761833732,5.334754888937377
2004-08-20 00:00:00,2004,8,20,0,1092960000,25.699019115643296,3.41176969695799,98.04838787593027,0.9251952084247039,8.406884817801203,0.3957028644342724,0.677411791720527,5.746432183455345
2004-08-20 06:00:00,2004,8,20,6,1092981600,30.48412650595453,7.416727294503822,97.62705656772246,0.4680993303350859,0.0,0.29532870217609736,0.576558583068922,5.515945590408245
2004-08-20 12:00:00,2004,8,20,12,1093003200,35.292590585854704,3.138990896806966,98.11744103869772,21.349749550895474,16.94624135755362,0.4662017692679625,0.666452417866094,8.740665797946898
2004-08-20 18:00:00,2004,8,20,18,1093024800,30.68054795514328,3.7386005596441674,98.1431245092573,0.9517564282515782,0.0,0.3199149528477644,0.640998838756441,5.336885147156673
2004-08-21 00:00:00,2004,8,21,0,1093046400,25.97354436441731,2.491712359631333,97.23072518577713,0.3351516731220523,0.0,0.3174204863607128,0.6041901307928476,5.384642797659367
2004-08-21 06:00:00,2004,8,21,6,1093068000,30.898136835409957,5.593925430627511,97.97481180023125,0.6407110551843594,0.0,0.3053511957608148,0.5923355038297649,5.561704782534578
2004-08-21 12:00:00,2004,8,21,12,1093089600,35.68301363854683,4.7964460596548,98.17823482933088,21.078958711848905,0.0,0.31481534077184575,0.6293360909109403,8.740605419639756
2004-08-21 18:00:00,2004,8,21,18,1093111200,29.107215864152593,3.446168515958383,97.75257318207485,0.021408735195129484,0.0,0.31275077950446967,0.6237433543883348,5.200460805663187
2004-08-22 00:00:00,2004,8,22,0,1093132800,26.165620881759033,2.625391588842276,98.04336001178036,0.43822916479627516,20.311424611057106,0.48,0.6459035706507783,5.633373323531763
2004-08-22 06:00:00,2004,8,22,6,1093154400,30.514509847304907,3.154083174404434,97.48398463395098,0.8553278398717652,0.0,0.2955119635743775,0.5680548745420091,5.286525775765821
2004-08-22 12:00:00,2004,8,22,12,1093176000,35.23229348532338,2.85094235892334,97.40592149803021,21.283081348261856,0.0,0.2846483713201871,0.6283818012978247,8.381684755504851
2004-08-22 18:00:00,2004,8,22,18,1093197600,29.319588806192133,10.130612624927807,97.75410519625714,0.8992208737255404,10.493903475243089,0.4087045334308922,0.6077417960536481,6.392593836627259
2004-08-23 00:00:00,2004,8,23,0,1093219200,26.01001484606947,3.318210117274656,97.60223271102478,0.9728979330775386,5.950709128284949,0.3399984771400526,0.6758123175384183,5.450229177702075
2004-08-23 06:00:00,2004,8,23,6,1093240800,26.466563539722948,3.1286028855418686,98.00184755259501,0.6530418624530575,0.0,0.29213984559154654,0.6497959504373348,5.275900362502192
2004-08-23 12:00:00,2004,8,23,12,1093262400,34.442183867628195,2.583519197946169,97.99214822897281,20.493160404739033,0.0,0.30850128053823245,0.6222915538709367,8.104733890778288
2004-08-23 18:00:00,2004,8,23,18,1093284000,28.942996917053296,2.7156233504664042,98.42364194157993,0.5753821711322246,15.392381588089584,0.4432755378293322,0.6801555992474688,6.284922596178363
2004-08-24 00:00:00,2004,8,24,0,1093305600,23.687957763636895,4.155326492381227,98.14802727176276,0.42114395661699633,0.0,0.2947038693823114,0.6278389424731311,5.195958818243107
2004-08-24 06:00:00,2004,8,24,6,1093327200,29.008219160778587,3.438564443555626,97.7294100408572,0.25865257548217835,2.9528594610882553,0.3233350175568656,0.6377879727756571,5.254384464827027
2004-08-24 12:00:00,2004,8,24,12,1093348800,32.852763465560244,2.955103705766069,97.92234289638068,20.956042304530836,0.0,0.29060017085383855,0.6490270715545434,8.15228485178152
2004-08-24 18:00:00,2004,8,24,18,1093370400,28.883134971180304,2.8189068632900405,97.97397281115933,0.6291987299165076,0.0,0.27733635615256136,0.6681871768613459,5.1077980685730395
2004-08-25 00:00:00,2004,8,25,0,1093392000,22.510985545044704,2.611296854051565,98.08107558121532,0.790104208421211,0.0,0.31923320699554236,0.644573054515953,5.07787557411188
2004-08-25 06:00:00,2004,8,25,6,1093413600,29.896559422493976,2.32692154689921,97.29491513016805,0.2694906678167259,0.0,0.3263901001540734,0.6868282116997695,5.484168655504267
2004-08-25 12:00:00,2004,8,25,12,1093435200,35.68789831839362,7.943397104511066,97.78680237573579,21.009388899598772,13.6268906314324,0.454289703236446,0.6321624073189929,9.011437539124893
2004-08-25 18:00:00,2004,8,25,18,1093456800,30.851901214120172,4.373413633336616,98.23537870363434,0.23871373991917424,10.770713749402809,0.4255503465536155,0.6147888933165875,5.546640082883468
2004-08-26 00:00:00,2004,8,26,0,1093478400,24.971730197187178,6.204413501645526,98.05524683474219,0.6019224137796256,11.556042686630892,0.40591359069612487,0.6952127570011597,5.958476133482188
2004-08-26 06:00:00,2004,8,26,6,1093500000,28.307335276231317,3.0584171286274016,97.94870257605047,0.05689466339973481,0.0,0.30217148914468694,0.6380333221384039,5.266666229581863
2004-08-26 12:00:00,2004,8,26,12,1093521600,32.49049553211188,5.31369468778394,97.78112251462845,20.56809291021424,0.0,0.28307964308682787,0.6652337148753866,8.178713298241261
2004-08-26 18:00:00,2004,8,26,18,1093543200,28.172208489220758,2.7045440276047783,97.89738772006346,0.09872340981853579,0.0,0.29597104229223226,0.6704848609103662,5.427308892476145
2004-08-27 00:00:00,2004,8,27,0,1093564800,23.546320867865155,3.315631026192154,97.9636563918946,0.33221489497981105,4.313952819494272,0.34052281826127917,0.7130487636035134,5.081699770074193
2004-08-27 06:00:00,2004,8,27,6,1093586400,28.07598385765973,2.585483276734329,97.6779639648011,0.8606892586975833,0.0,0.27059920389461445,0.6416542072539064,4.981526809304864
2004-08-27 12:00:00,2004,8,27,12,1093608000,37.66483970608769,4.4528262536280785,98.03139707918402,20.841679562794493,11.825307499327065,0.41919766319422136,0.6663974954776223,9.18947619740369
2004-08-27 18:00:00,2004,8,27,18,1093629600,30.07901063151854,3.2786557686636257,97.97220686804029,0.7672985305134465,0.0,0.2876848118994925,0.6270777635505022,5.612386308634595
2004-08-28 00:00:00,2004,8,28,0,1093651200,24.76251541437536,3.3848151076649695,97.84025761747247,0.3677037919043633,0.0,0.3031968041986688,0.639172860907105,5.111508515244623
2004-08-28 06:00:00,2004,8,28,6,1093672800,29.359877747437075,5.17546379708522,97.83945421844436,0.5787228149892617,0.0,0.2931903586335814,0.6308760391725198,5.74751619345071
2004-08-28 12:00:00,2004,8,28,12,1093694400,33.1395427084162,4.248228767856386,97.59190189590763,20.092577540351904,0.0,0.3048205739688375,0.6790182174986662,8.304390627725923
2004-08-28 18:00:00,2004,8,28,18,1093716000,29.10022373009196,7.315998062285813,98.29823974938354,0.6783491951442691,0.0,0.3118480335992776,0.6812040295957515,5.827592637760976
2004-08-29 00:00:00,2004,8,29,0,1093737600,24.810076216120436,2.998154851551454,98.12910038492178,0.3474030184011728,1.6795856793500294,0.2891672795476051,0.6676279162064797,5.166586029349194
2004-08-29 06:00:00,2004,8,29,6,1093759200,30.211593780823492,3.146842303005524,98.06653497497416,0.2209986019213953,11.322410671492468,0.4042708662651838,0.6332897620296258,5.754710694548802
2004-08-29 12:00:00,2004,8,29,12,1093780800,34.210759928092486,3.6516047980740343,98.14163785623228,20.373461552065496,0.0,0.2844792997364919,0.6370340293089976,7.846261730454168
2004-08-29 18:00:00,2004,8,29,18,1093802400,29.909037056346758,3.1243335189882115,97.15127846532188,0.11180219136755852,3.7417629433392525,0.3584229918024341,0.6355064942799703,5.588616139826797
2004-08-30 00:00:00,2004,8,30,0,1093824000,22.91560775199449,3.021383193001998,98.50386215567377,0.6866989806168523,0.0,0.33089773187458144,0.6701311659227713,5.208410270659551
2004-08-30 06:00:00,2004,8,30,6,1093845600,26.279096360803443,2.8298599504951727,97.20116639972984,0.18700542492868544,3.4275502201554753,0.3320659813643582,0.6119930686266021,4.952612879579789
2004-08-30 12:00:00,2004,8,30,12,1093867200,35.6079075525144,4.879940357338931,98.26200396496439,20.261309206822467,0.0,0.30503204584099947,0.647523220936589,8.081710046809674
2004-08-30 18:00:00,2004,8,30,18,1093888800,27.742992828368745,3.3489984958513346,98.02311366244088,0.3925084859521753,0.0,0.26746244711563455,0.6192506721130302,4.906768583680473
2004-08-31 00:00:00,2004,8,31,0,1093910400,22.60629501196468,3.594898473287701,97.69049694921006,0.566244710769925,16.026895343360305,0.4627324089073702,0.6773845806476673,5.867659035690162
2004-08-31 06:00:00,2004,8,31,6,1093932000,27.187867846926217,2.534817006180743,98.04128343201282,0.2459618697737781,2.9985459074339325,0.32121174247545675,0.6324601979257901,5.296413235141983
2004-08-31 12:00:00,2004,8,31,12,1093953600,33.96782099388726,2.627520805935932,98.155817168301,19.937099742353613,0.0,0.3235726594099749,0.7209371705602227,8.31269082462492
2004-08-31 18:00:00,2004,8,31,18,1093975200,27.69737774817853,2.81524378062866,97.8587227293553,0.1403210943067192,6.935190090157737,0.3612037487941257,0.6935543377560137,5.358552716222019
2004-09-01 00:00:00,2004,9,1,0,1093996800,25.605840091864724,3.119249362085604,98.38533742631053,0.7769656454806623,0.0,0.2794058161462722,0.6621985593840546,5.125845348424359
2004-09-01 06:00:00,2004,9,1,6,1094018400,30.56593067865564,2.247363683900488,97.57212995465439,0.07011202473026712,3.6771369699932532,0.3057330426449905,0.6772745156001294,5.519206578894071
2004-09-01 12:00:00,2004,9,1,12,1094040000,33.95547217749966,5.46911693438912,97.70610341447932,19.92151948442099,6.452002573897111,0.3639588965097564,0.6789225304225525,8.624869010492093
2004-09-01 18:00:00,2004,9,1,18,1094061600,27.325337723096585,5.690603025783552,97.64537055587282,0.44909678962388583,0.0,0.2849489547408073,0.6360636008550933,5.755235725259987
2004-09-02 00:00:00,2004,9,2,0,1094083200,26.030890177207116,3.7935582903209606,97.61075166993987,0.19520621181400089,1.4386561697523967,0.333923093351938,0.7045998689101504,5.491539983227318
2004-09-02 06:00:00,2004,9,2,6,1094104800,29.973289621437335,2.7377259269472436,98.09013544172606,0.38482161553333694,0.0,0.3078555245795621,0.6645838431483906,5.334994935085671
2004-09-02 12:00:00,2004,9,2,12,1094126400,32.24316954905274,2.897890086631227,98.5215485661407,19.881089899258363,0.0,0.2931712631456632,0.6444173532788298,7.616791570824644
2004-09-02 18:00:00,2004,9,2,18,1094148000,28.877223727727422,4.154590086547726,98.29537062309517,0.22433039098565805,0.0,0.307736080115294,0.6837024393835929,5.37312087798182
2004-09-03 00:00:00,2004,9,3,0,1094169600,23.540763778255194,2.6621610195317293,97.96388065636913,0.6392557420746283,2.7729859475914695,0.3571144363803631,0.6362600282549813,5.020806004826899
2004-09-03 06:00:00,2004,9,3,6,1094191200,28.9931902143846,3.564498184102095,98.47234164940419,0.030854005302240917,0.0,0.27132239383882195,0.6896198115483552,5.476477432305909
2004-09-03 12:00:00,2004,9,3,12,1094212800,33.331282557758705,5.707263773252125,98.36476206115245,19.578049529326552,0.0,0.28181880580338975,0.6802353586262949,8.005464526511176
2004-09-03 18:00:00,2004,9,3,18,1094234400,28.144000791444274,2.948829165422398,97.85428183490414,0.6240749714615823,8.562938399323178,0.41898305367518623,0.6504443631005326,5.577519345276757
2004-09-04 00:00:00,2004,9,4,0,1094256000,27.384212560211196,3.471604944825221,97.98286256322059,0.627527440950092,7.474373388983446,0.3534627817096637,0.7010346499157152,5.713666644322769
2004-09-04 06:00:00,2004,9,4,6,1094277600,28.872487879463844,6.103937868933165,98.15797187570962,0.2652625989178734,0.0,0.30705422233635654,0.6934991161152593,5.485010233783104
2004-09-04 12:00:00,2004,9,4,12,1094299200,32.00289026018941,2.7695617858328143,97.83654956569183,19.980608224352956,2.268244062776453,0.34023098217086256,0.6626841382040349,8.229328279441319
2004-09-04 18:00:00,2004,9,4,18,1094320800,27.395071791855372,4.283390927627236,97.77379637254381,0.4697888151068507,0.0,0.2934922062304246,0.6885117190119052,5.188194430113558
2004-09-05 00:00:00,2004,9,5,0,1094342400,25.68667180254928,4.2445848996148134,98.30810205730918,0.5272466624530473,9.73941040572428,0.40423526445071345,0.6346742074546518,5.439672196302132
2004-09-05 06:00:00,2004,9,5,6,1094364000,27.419837182560986,6.091078972913221,98.37772327976916,0.33261036327484206,0.0,0.28717359780329976,0.689384659323635,5.293818885732663
2004-09-05 12:00:00,2004,9,5,12,1094385600,31.53271107083384,5.068223543136645,97.78073155605246,20.198520931967796,18.966163041037923,0.48,0.6308696819888268,8.779289205844082
2004-09-05 18:00:00,2004,9,5,18,1094407200,28.025422910168103,4.20652012458285,98.19590779076336,0.7373872269828292,0.0,0.28421460374503876,0.6784913942150406,5.345148172805233
2004-09-06 00:00:00,2004,9,6,0,1094428800,22.535240030523564,3.6416522000792293,98.20671871160454,0.2484298995173838,0.0,0.27316241968230714,0.6975207349015923,4.606827487124127
2004-09-06 06:00:00,2004,9,6,6,1094450400,29.918177035399264,2.537626976052376,97.77141762572123,0.23656327959021195,0.0,0.31002858609711387,0.6869956225201471,5.245257913126766
2004-09-06 12:00:00,2004,9,6,12,1094472000,35.204866781270304,3.7895699115315056,98.19946151699634,19.90475192103183,11.256982773798216,0.41902317356141816,0.7234443397883819,8.81595226237614
2004-09-06 18:00:00,2004,9,6,18,1094493600,27.381580148636214,2.6089894557719298,98.2577222576933,0.38801092052942454,0.0,0.2952353666267398,0.6530410483948372,4.897993305380791
2004-09-07 00:00:00,2004,9,7,0,1094515200,23.936050282320124,2.983344174855983,98.28779889120611,0.09151195523738642,0.0,0.29207516005287176,0.6912115564662068,4.888519788662723
2004-09-07 06:00:00,2004,9,7,6,1094536800,27.500126485035143,3.968817485083995,98.03002008485477,0.03559991298457299,1.6357921404325533,0.297852173759886,0.614977796433223,5.182853020414789
2004-09-07 12:00:00,2004,9,7,12,1094558400,31.49048542975328,3.7989710533444905,98.2048016405044,19.46052924646118,6.421864767519319,0.3409391611355104,0.6635841938926537,7.830673622234135
2004-09-07 18:00:00,2004,9,7,18,1094580000,30.391990919362865,2.8828030840386694,98.16949948077061,0.41470804496448144,0.0,0.27929959817527417,0.669870046159442,5.586821676435309
2004-09-08 00:00:00,2004,9,8,0,1094601600,25.4994504310437,2.40649306199175,98.15478189354491,0.7068567021226201,0.0,0.2967862717829079,0.7279795834858316,5.528915911039692
2004-09-08 06:00:00,2004,9,8,6,1094623200,28.102786289647813,3.096801041585318,98.3946129597134,0.5747716552146234,3.1753952877043345,0.31815132439191224,0.6802504047075469,5.661963424059993
2004-09-08 12:00:00,2004,9,8,12,1094644800,31.63843687517534,2.5759245788693677,97.84125665309654,19.732378044321525,0.0,0.260711659098373,0.7083518702169281,7.975245551099057
2004-09-08 18:00:00,2004,9,8,18,1094666400,26.1120084191563,2.546345738847001,97.87401327969803,0.3177522394480006,11.72603856194479,0.39938243678314794,0.6538266031248997,5.570871273219875
2004-09-09 00:00:00,2004,9,9,0,1094688000,23.441157891731343,2.68823291294618,97.82508560359274,0.6242514724903185,12.519109609191954,0.4105458160472463,0.6728823257511374,5.456979557176181
2004-09-09 06:00:00,2004,9,9,6,1094709600,29.449740400531738,3.932154792284324,98.44109994440217,0.8857027876032956,18.610241727070477,0.48,0.6577679772270022,6.297277863881662
2004-09-09 12:00:00,2004,9,9,12,1094731200,32.681350832351576,3.1262782677708807,98.13950756508035,18.946944505865623,0.0,0.2954487220690838,0.6530551242142436,7.737892412587674
2004-09-09 18:00:00,2004,9,9,18,1094752800,29.115656884406725,2.795300179325279,97.95779919529164,0.7084513329126,0.0,0.32471715101943815,0.655112585924821,5.485664364747362
2004-09-10 00:00:00,2004,9,10,0,1094774400,22.019447730421188,5.548684778323048,98.5401509226584,0.7158830112355383,1.9944074853567373,0.2889973824808491,0.6662641252001753,4.9762667012474155
2004-09-10 06:00:00,2004,9,10,6,1094796000,26.504661615933422,3.9261098820760587,98.08954840439824,0.7940302901938885,0.0,0.2997045850496626,0.7459643158520187,5.603901269493256
2004-09-10 12:00:00,2004,9,10,12,1094817600,32.733247327414475,3.109622707827362,97.5068382850078,19.0618442452987,17.05596001546583,0.47189918574367756,0.6829274878753024,8.338461187079233
2004-09-10 18:00:00,2004,9,10,18,1094839200,24.33694431692668,2.9062847270814336,97.96592534261626,0.4165208873403256,0.0,0.2942287727352416,0.6440987590582247,4.971615977469817
2004-09-11 00:00:00,2004,9,11,0,1094860800,21.490375748497488,4.640490255223838,98.20461287453354,0.2397083453457749,5.005933653605319,0.33175458594133916,0.670666835353119,5.196095338882641
2004-09-11 06:00:00,2004,9,11,6,1094882400,28.451133337802656,2.3622465604069993,98.28707604643402,0.3085818901226971,0.0,0.2739663183712593,0.7168916934225255,5.1988247343860206
2004-09-11 12:00:00,2004,9,11,12,1094904000,28.581911611790254,3.714111133087933,97.97259653848512,19.67620996856909,0.0,0.28682168505184413,0.6653438989740288,7.622158845635679
2004-09-11 18:00:00,2004,9,11,18,1094925600,25.299100223927546,2.1093165254420363,98.04799149113526,0.44565400763503665,3.015263764766489,0.28203182685009387,0.7310240326104984,4.765862521768088
2004-09-12 00:00:00,2004,9,12,0,1094947200,21.8900875508847,2.079956082807578,98.04381810136557,0.8485524473405119,10.031664969866794,0.36842916095395883,0.7188980127580332,5.241268810691969
2004-09-12 06:00:00,2004,9,12,6,1094968800,25.302568584962582,6.097085964244762,98.3809590482731,0.7948798539834896,2.6705372722161247,0.29379946361229486,0.6821790393667378,5.00735834256948
2004-09-12 12:00:00,2004,9,12,12,1094990400,31.37943626705662,3.1517632357489695,98.59174375835013,19.06692234961122,0.0,0.29666476486004106,0.6683293516200759,7.702784922031114
2004-09-12 18:00:00,2004,9,12,18,1095012000,24.041209219963562,2.637240324447134,97.97019446844999,0.9921791308323966,0.0,0.2990983835912064,0.6594852609315281,5.0095581404957805
2004-09-13 00:00:00,2004,9,13,0,1095033600,22.9182498350084,4.43681997441816,98.62922957497382,0.8407805189478531,3.5496578112658237,0.2995543903667404,0.6952943354441077,4.971284445326577
2004-09-13 06:00:00,2004,9,13,6,1095055200,28.5985416979056,8.344379348056084,98.26035289387477,0.4826950598935923,0.0,0.2593513126985628,0.7019717729519589,5.522556282084104
2004-09-13 12:00:00,2004,9,13,12,1095076800,29.680321107535836,2.1144531125892723,98.1589811352727,18.84661241443471,8.529939179151445,0.3415395354124373,0.729722789833555,8.006866644371003
2004-09-13 18:00:00,2004,9,13,18,1095098400,27.278334095954826,2.119973230688335,98.11733243629959,0.07529455133044655,6.1168831953341725,0.36622749531448895,0.7002263692094577,5.5050996437237005
2004-09-14 00:00:00,2004,9,14,0,1095120000,21.52055873561162,4.9490735440332925,97.93085981459349,0.46479990505418334,0.0,0.3026771257204511,0.6803637945584053,4.96474193640827
2004-09-14 06:00:00,2004,9,14,6,1095141600,27.513967594459285,3.2751070619929075,97.9650822839002,0.3600099034288312,0.0,0.29736586159026646,0.7321660551998959,5.054012526703389
2004-09-14 12:00:00,2004,9,14,12,1095163200,34.032256013448816,5.269858839002791,97.92011115208128,19.16263493339674,2.2382854952488813,0.3368244977111417,0.7155131583011494,8.390140186956728
2004-09-14 18:00:00,2004,9,14,18,1095184800,25.106267747531003,3.834205097865278,97.89034038531017,0.019678364273469622,0.0,0.31993346832666547,0.6703053611472186,4.714018250226014
2004-09-15 00:00:00,2004,9,15,0,1095206400,23.572318076697556,3.00206915495491,98.3525472974699,0.8314476676241914,0.0,0.2633407928067681,0.6897541006281419,4.834232173830511
2004-09-15 06:00:00,2004,9,15,6,1095228000,29.219441516754166,2.312028770913674,98.86402474662376,0.4166281377914197,0.0,0.2753204484599643,0.7120606922918425,5.752822292548114
2004-09-15 12:00:00,2004,9,15,12,1095249600,29.082722570363284,2.789196405168628,98.00870920279372,18.835208231523694,0.0,0.29881415186314014,0.701393669598686,7.862340150583703
2004-09-15 18:00:00,2004,9,15,18,1095271200,28.167943024379326,4.368810122123992,98.15062471804536,0.18279017790858157,13.132567540679517,0.3593203283130505,0.6620112281346298,5.300601507344386
2004-09-16 00:00:00,2004,9,16,0,1095292800,20.257920758156867,2.441520921242276,98.54679404204103,0.9374821017747061,0.0,0.27698732343871924,0.6987332041621487,4.601360642848579
2004-09-16 06:00:00,2004,9,16,6,1095314400,27.50549090545599,3.910924941761372,97.94913693672716,0.3983871985863573,0.0,0.3012552971818353,0.6731880665460931,5.296589823436484
2004-09-16 12:00:00,2004,9,16,12,1095336000,30.370253408258748,2.468044351534714,97.83145957475256,19.122309748172675,0.0,0.27502940048176605,0.6953622193085196,7.7875203053777575
2004-09-16 18:00:00,2004,9,16,18,1095357600,25.71841893374258,2.9759519013867664,97.67033447686369,0.23745345732825754,4.317383887016225,0.3398103674474564,0.6544673196694729,5.400294755806549
2004-09-17 00:00:00,2004,9,17,0,1095379200,20.43634717300917,2.169939365636579,98.28481492913633,0.0966569964908447,0.0,0.2407482956511651,0.6678386417468277,4.713472371028295
2004-09-17 06:00:00,2004,9,17,6,1095400800,24.96584942404686,2.9464341585299922,98.07740822338815,0.6357609698792841,0.0,0.28643669643668335,0.7575250261245808,5.069548069660426
2004-09-17 12:00:00,2004,9,17,12,1095422400,32.532289374784995,3.4588275668001365,97.87228646975613,19.1780278943603,0.0,0.27153820455883865,0.6817787067114854,7.91108408019043
2004-09-17 18:00:00,2004,9,17,18,1095444000,27.134370412161022,3.278809373333824,98.06527395139354,0.6469415695563725,0.0,0.2762504463379309,0.7279695335153061,4.984610658527445
2004-09-18 00:00:00,2004,9,18,0,1095465600,22.03434564229778,2.8130719314743886,98.54301454222694,0.6087131233382541,0.0,0.2605139703604003,0.6917963142063526,4.8299535180040305
2004-09-18 06:00:00,2004,9,18,6,1095487200,25.719001692585927,2.7229072933777316,98.15435208298182,0.44223071802466574,8.754062615047674,0.39899621063371576,0.6594847246236306,5.589962412622789
2004-09-18 12:00:00,2004,9,18,12,1095508800,30.869967651964366,2.51378014115703,98.53126018986958,18.391381782057895,4.127730234780801,0.3221273353901245,0.6631731074790367,7.752704203678625
2004-09-18 18:00:00,2004,9,18,18,1095530400,26.832919651608893,4.216324801218443,98.410945841304,0.43083325759112423,0.0,0.2823858518993969,0.6717834550496653,5.34886666316989
2004-09-19 00:00:00,2004,9,19,0,1095552000,19.92165975193888,4.314897515069635,98.34047793119922,0.1489569452134798,9.728173812778765,0.4166618960843324,0.7608483913308146,5.223886212010899
2004-09-19 06:00:00,2004,9,19,6,1095573600,25.39639215200031,3.0152587129799895,98.2900805309681,0.26190676535659274,0.0,0.2596506905538908,0.689542956897937,4.7124558573544375
2004-09-19 12:00:00,2004,9,19,12,1095595200,32.51784387344152,2.7488745314351952,98.49515895233588,18.50890311176037,1.3644582463627224,0.29459117102138654,0.7019083438452012,7.702935709211294
2004-09-19 18:00:00,2004,9,19,18,1095616800,26.71402982744683,3.547387677621268,98.38046802450334,0.14479555968587488,0.0,0.2645240548319245,0.7169299605683798,5.2562942787118745
2004-09-20 00:00:00,2004,9,20,0,1095638400,22.729942143307635,3.2448377361897043,98.36748430518517,0.7915318194336264,0.0,0.26219489505662785,0.7124155189023929,5.16754471676555
2004-09-20 06:00:00,2004,9,20,6,1095660000,22.198562363001226,3.6716481497839464,97.72700304635615,0.01156132010208677,8.783498292980092,0.3707785497071015,0.7232274611948422,5.080337426161694
2004-09-20 12:00:00,2004,9,20,12,1095681600,33.19393293093112,2.5690363242034633,98.21559097215746,18.257041944312263,10.537502636081099,0.3765252695795368,0.6815152506823889,8.048019031036398
2004-09-20 18:00:00,2004,9,20,18,1095703200,27.379871711145466,4.350306619672064,97.84418754588623,0.5166514604239328,0.0,0.31635163641091074,0.6617626529916614,5.41276947249537
2004-09-21 00:00:00,2004,9,21,0,1095724800,22.270124325613555,2.5883095130143214,98.00164078537559,0.9289478038077232,0.0,0.3110339842199814,0.6696397542907312,5.629977018554278
2004-09-21 06:00:00,2004,9,21,6,1095746400,23.433549298555064,2.830776123550856,98.62783246942637,0.5734522093724109,12.925839095851511,0.4013975709670152,0.6520203494320829,5.231147420947313
2004-09-21 12:00:00,2004,9,21,12,1095768000,30.023903966406852,2.230059660170673,98.27837897290155,18.144302451780348,0.0,0.24456842250927127,0.6823710754059665,7.567742536614141
2004-09-21 18:00:00,2004,9,21,18,1095789600,25.21472356528275,4.917341368814497,98.82084861601196,0.35219068734612163,0.0,0.26956553585182225,0.5861920291623139,4.813343966189744
2004-09-22 00:00:00,2004,9,22,0,1095811200,20.967133473893252,3.5637195956165235,98.55906485712808,0.33915895019285247,14.228277848203836,0.43718629517126334,0.7203096073148741,5.33770829444283
2004-09-22 06:00:00,2004,9,22,6,1095832800,28.379993328267876,2.415711037746938,98.13585325274695,0.18036937957621568,0.0,0.25622286152683005,0.7157344294945984,4.961181999386601
2004-09-22 12:00:00,2004,9,22,12,1095854400,31.02337383161309,4.876288567458911,98.21835490080753,17.90824173526898,0.0,0.3060460245694865,0.6693075885377268,7.711336076935492
2004-09-22 18:00:00,2004,9,22,18,1095876000,27.47466399116247,3.8434466552676128,98.53489614734586,0.4806354271046345,8.920387114744782,0.3747802943122599,0.6572657954234536,5.759961640493141
2004-09-23 00:00:00,2004,9,23,0,1095897600,22.66801021855364,2.8856938370841436,98.52182797275537,0.27026104113672433,0.0,0.24906359282408866,0.7449013439400752,4.674694587363976
2004-09-23 06:00:00,2004,9,23,6,1095919200,26.612776312011643,8.894478045188894,98.64730504606302,0.09184286820498855,0.0,0.2592786308791073,0.7280583080235721,5.461296332430637
2004-09-23 12:00:00,2004,9,23,12,1095940800,30.91380736837532,2.6270597820236845,97.70337187062806,17.893936409575275,13.927783882782663,0.40138231745021546,0.6913423568515431,7.914863214247857
2004-09-23 18:00:00,2004,9,23,18,1095962400,27.435444816531547,2.167404965278432,97.88674896447108,0.5207260735966307,0.0,0.2563602338581432,0.678810250118769,5.004632454261959
2004-09-24 00:00:00,2004,9,24,0,1095984000,18.073559443137096,3.990683107210759,98.19394980265915,0.25689322835089345,0.0,0.24806278333075116,0.7005935735420281,4.117094299190548
2004-09-24 06:00:00,2004,9,24,6,1096005600,26.387205316271018,4.129685532035036,98.57553584540165,0.23774218242080947,8.442260606759552,0.3438932239020309,0.656225555589773,5.825774716294059
2004-09-24 12:00:00,2004,9,24,12,1096027200,32.737228179460615,2.0985046207902585,98.61375270127904,18.212274519107176,0.0,0.2633580562600628,0.7082413998298204,7.7946994535623375
2004-09-24 18:00:00,2004,9,24,18,1096048800,25.655911594976867,4.574706819386718,97.52430448955513,0.6894163652974018,15.254447545365347,0.4494983441013108,0.6633889186151841,5.755116370355914
2004-09-25 00:00:00,2004,9,25,0,1096070400,21.180001442200336,4.248783891011349,98.12889210347568,0.2412458887226765,0.0,0.278200914753845,0.6280112740115876,4.8767731250902395
2004-09-25 06:00:00,2004,9,25,6,1096092000,26.83066538371005,5.985277368235305,98.5607548859138,0.47214128715858017,0.0,0.2793910552166505,0.6753225214223387,5.290147364721699
2004-09-25 12:00:00,2004,9,25,12,1096113600,29.729747605080952,2.194290654556946,98.08646974221686,18.270466059356387,9.377734662304624,0.3701967481921984,0.6692849945886772,7.92637462203254
2004-09-25 18:00:00,2004,9,25,18,1096135200,29.809688891843248,3.382486665000111,98.47826346382169,0.6899042586040303,5.559659116324091,0.30910180312751406,0.7539449499162694,6.070456241954018
2004-09-26 00:00:00,2004,9,26,0,1096156800,18.343490223497284,2.374706211636526,98.55153401310879,0.06929072493369126,1.0514541047091845,0.30130421804887964,0.7501599209925012,4.969888908170048
2004-09-26 06:00:00,2004,9,26,6,1096178400,22.33239516591143,2.767968225360643,98.26540201502735,0.3600708039334247,0.0,0.2591602628762178,0.6664292389736336,4.442199647591626
2004-09-26 12:00:00,2004,9,26,12,1096200000,31.194637970519253,2.4651368053254306,98.4378033856661,18.143602693902977,0.0,0.26113061433480345,0.6969162138315445,7.58541244884396
2004-09-26 18:00:00,2004,9,26,18,1096221600,24.206033097691645,2.8979656234902156,98.37590775743281,0.17943749042281446,0.0,0.27542977676777775,0.6802298383734068,5.16062332930529
2004-09-27 00:00:00,2004,9,27,0,1096243200,20.256665369541665,2.1813367459971986,98.5862401003806,0.19592718256186692,0.0,0.31622734361888155,0.7551309294886251,4.689579904055273
2004-09-27 06:00:00,2004,9,27,6,1096264800,25.39739071162555,2.544245053755315,98.36693020986468,0.6301717077824239,0.0,0.2549251385158845,0.6453913352038024,4.816245887885471
2004-09-27 12:00:00,2004,9,27,12,1096286400,30.650583011735236,2.1120190187391086,97.8884837060887,17.61867742090909,0.0,0.23364288212900727,0.7139503573763594,7.332482745071643
2004-09-27 18:00:00,2004,9,27,18,1096308000,23.006496035145403,3.017095157473551,98.6058343418379,0.32375042721825165,0.0,0.2720193150025928,0.7383362057933791,5.064361160766276
2004-09-28 00:00:00,2004,9,28,0,1096329600,18.720116571852007,2.5286023723942663,98.44641553041497,0.5228156192394549,0.0,0.27826040786976425,0.6836006242989232,4.669324802757437
2004-09-28 06:00:00,2004,9,28,6,1096351200,26.545733453216272,3.3392070309766706,98.62091242966915,0.7505806170008812,0.0,0.2558961366678254,0.7006789660517915,5.38598357149232
2004-09-28 12:00:00,2004,9,28,12,1096372800,29.018363120290886,2.9151204116148373,98.20235503522878,17.74801187184971,0.0,0.25270830640371755,0.7315637131763114,7.453259846225627
2004-09-28 18:00:00,2004,9,28,18,1096394400,24.646150312812377,2.4199599725381225,98.37594026812536,0.8934268808373506,0.0,0.23915659451997381,0.6667628084709292,4.615283830512475
2004-09-29 00:00:00,2004,9,29,0,1096416000,18.81132334208286,2.163074171830891,98.32151355487763,0.1066408187261827,0.0,0.26964095721009307,0.7189374861866502,4.430844111867112
2004-09-29 06:00:00,2004,9,29,6,1096437600,25.389929630715923,4.099599868464497,98.7450753087381,0.7541492281100811,0.0,0.3017866746475408,0.653388709883015,4.955736603768335
2004-09-29 12:00:00,2004,9,29,12,1096459200,29.018831425324883,3.5042570304651033,98.67557657106214,17.708380065953662,0.0,0.2971491416957603,0.6519806860745804,7.303850553096105
2004-09-29 18:00:00,2004,9,29,18,1096480800,27.08295817333955,2.0503516022852732,98.92598537765375,0.8166865135885578,14.847319278597702,0.41738964827836833,0.7253592507061223,5.991901571576982
2004-09-30 00:00:00,2004,9,30,0,1096502400,18.329016801764965,8.815500118310538,98.45716641133295,0.3164032609761822,0.0,0.2528594416574891,0.6705991616482585,4.345989158478798
2004-09-30 06:00:00,2004,9,30,6,1096524000,22.349959434221223,3.5429029603387465,98.11617587789931,0.4821014469548265,0.0,0.26882278034790347,0.7049880324943197,4.750197300703756
2004-09-30 12:00:00,2004,9,30,12,1096545600,27.693745224173515,2.348253982748267,98.17884857470371,17.90360596149551,0.0,0.2546856648943138,0.6642640871664681,7.338906822592555
2004-09-30 18:00:00,2004,9,30,18,1096567200,26.21738351014612,4.753551518992006,98.76617184739672,0.831781383358575,0.0,0.24837084410327143,0.7080260992242262,5.335338552173523
2004-10-01 00:00:00,2004,10,1,0,1096588800,17.541745814986406,5.207234137507156,98.90633630262853,0.37599047011788733,0.0,0.2626908146698,0.6494974076025026,4.222862031066935
2004-10-01 06:00:00,2004,10,1,6,1096610400,22.315780820918185,3.279213797163438,98.11245798310435,0.8221959952267649,0.0,0.2849920756765683,0.7381401377454405,4.853238982678069
2004-10-01 12:00:00,2004,10,1,12,1096632000,30.50410055060207,5.252064053037097,98.35909259716229,17.677945654222015,0.0,0.25564750003679426,0.7236736924053904,7.971144528367281
2004-10-01 18:00:00,2004,10,1,18,1096653600,27.058364292070795,2.044755826532355,98.17546712253836,0.4094295234223581,0.0,0.25541204160189346,0.6812324666195193,5.1157256200319186
2004-10-02 00:00:00,2004,10,2,0,1096675200,22.439579930770062,6.3563116966527655,99.12620280512184,0.9697054909005319,0.0,0.25235634699708315,0.6429402687753049,4.683544513060898
2004-10-02 06:00:00,2004,10,2,6,1096696800,24.034027141738417,2.089482395063985,98.64275210240257,0.03089432109650614,0.0,0.2735042793179708,0.6926898638250166,4.848428632345012
2004-10-02 12:00:00,2004,10,2,12,1096718400,24.60640311241416,3.543593659225352,98.26388194993135,17.294046736791902,0.0,0.27469465513098185,0.6880805074486829,7.257253658931018
2004-10-02 18:00:00,2004,10,2,18,1096740000,23.94026210917888,2.6378552354970974,98.24754399400997,0.3069526453054264,0.0,0.23612372413767363,0.6824991850959601,4.555882986213748
2004-10-03 00:00:00,2004,10,3,0,1096761600,20.928157999956994,2.0625057938128935,98.97986446562591,0.9357604480692672,0.0,0.2523058262072221,0.7298057724231111,4.540433825841425
2004-10-03 06:00:00,2004,10,3,6,1096783200,22.516265467171863,5.976063363072714,98.73724663863356,0.09945323610426848,0.0,0.2779626968876191,0.7346927378514672,5.104743938227426
2004-10-03 12:00:00,2004,10,3,12,1096804800,28.246794948417595,2.22050587296298,98.55429169505621,17.45556750213003,0.0,0.24914481986810802,0.7111136309053062,6.969346581591876
2004-10-03 18:00:00,2004,10,3,18,1096826400,24.570488801539188,4.885943942592256,98.41547926378018,0.716628025352805,0.0,0.28368751644411305,0.7430045785205092,5.153541810128033
2004-10-04 00:00:00,2004,10,4,0,1096848000,20.760405440750908,2.605501497417959,98.44043150672316,0.18417582402821264,0.0,0.26772181012972845,0.6135450391247789,4.330953646605297
2004-10-04 06:00:00,2004,10,4,6,1096869600,22.514115529827617,4.031353489912437,98.14533851205378,0.14994751411340068,0.0,0.28911990044839625,0.6885172683092092,4.367075714830726
2004-10-04 12:00:00,2004,10,4,12,1096891200,30.589652149071867,2.444001071550108,98.34935763464588,16.79188101377905,0.0,0.24776724286555035,0.6870870962762816,7.309810353716602
2004-10-04 18:00:00,2004,10,4,18,1096912800,25.042177391832105,3.3175778659189934,98.42455116419083,0.15887520047778975,0.0,0.26802721050083234,0.7229029284435275,5.190191503576781
2004-10-05 00:00:00,2004,10,5,0,1096934400,18.460174613126124,4.416935655375916,98.53789149952338,0.8082150362620459,0.0,0.2667735739158682,0.6873370102255706,4.9701320878983175
2004-10-05 06:00:00,2004,10,5,6,1096956000,25.006394218454314,3.258809285304406,98.55450251466785,0.9439561664541724,0.0,0.27366512504554485,0.7135528828843712,5.274613383364982
2004-10-05 12:00:00,2004,10,5,12,1096977600,30.359713193118125,2.5552412610190034,98.86640123744326,17.56235071528979,0.0,0.25918375106873043,0.6824413546289126,7.201641976336745
2004-10-05 18:00:00,2004,10,5,18,1096999200,26.33133534877439,2.4048766167165927,98.35989962838445,0.36530479576750946,0.0,0.2743840720724303,0.6766689948602641,4.969425333243177
2004-10-06 00:00:00,2004,10,6,0,1097020800,20.98652957295329,2.296877559871656,99.01709506434248,0.7258755095180979,0.0,0.23759397723483044,0.7200693088020091,5.003656703143202
2004-10-06 06:00:00,2004,10,6,6,1097042400,22.00798163560694,4.746453837802916,98.56018155794237,0.8270436708341833,0.0,0.24909342107074503,0.6959821984344559,4.924312014134707
2004-10-06 12:00:00,2004,10,6,12,1097064000,29.434810469236403,3.424715819176687,98.70417640476913,17.39068955212761,0.0,0.22044853163800668,0.7052504746463315,7.467450087568522
2004-10-06 18:00:00,2004,10,6,18,1097085600,23.65365203059869,3.0746562524236474,98.91097202016871,0.06268494596513133,0.0,0.24481465917958561,0.6588283029087235,4.565201264426884
2004-10-07 00:00:00,2004,10,7,0,1097107200,19.138218759083074,2.4423513965556367,98.77683076093018,0.2148303734974627,0.0,0.2312524859841586,0.7154168419056335,4.349280448672813
2004-10-07 06:00:00,2004,10,7,6,1097128800,23.65583047658858,2.8647546945808764,98.83901373741641,0.9389449307002757,0.0,0.25489447301013574,0.6627694775619551,4.811083286590656
2004-10-07 12:00:00,2004,10,7,12,1097150400,28.829006207287755,3.46329067347305,98.43801017423297,17.23580712795935,0.0,0.2679947264115461,0.7464767920324047,7.670022163580034
2004-10-07 18:00:00,2004,10,7,18,1097172000,23.56682035591284,2.1235607245490367,98.56849789068676,0.8343524047891477,0.0,0.2595658654779657,0.6873870700793125,4.762682876347605
2004-10-08 00:00:00,2004,10,8,0,1097193600,17.51936587485571,2.6862084805333057,98.85403083041803,0.5141232464035769,0.0,0.2619126563178081,0.6816034129235221,4.469755337560054
2004-10-08 06:00:00,2004,10,8,6,1097215200,23.82035891691952,2.4257772109688593,98.86085403413801,0.3930560484706279,0.0,0.24821910183132853,0.720789914710599,4.868797807131218
2004-10-08 12:00:00,2004,10,8,12,1097236800,29.838309942419755,3.574972200636955,98.68823146483201,17.065267210035234,0.0,0.24349310684824713,0.692473116901618,7.076175014654199
2004-10-08 18:00:00,2004,10,8,18,1097258400,23.17459253400813,3.41323230366405,98.85168749466075,0.4728567237956215,0.0,0.22284855407263998,0.7155491656372444,4.76106304273807
2004-10-09 00:00:00,2004,10,9,0,1097280000,17.549957003301575,2.5527362634798996,98.40803980261052,0.37376211263678816,0.0,0.2058231554252869,0.6838977061827282,4.3303684100651925
2004-10-09 06:00:00,2004,10,9,6,1097301600,23.64553972985832,2.082758998042166,98.8549055421668,0.3478755632870514,0.0,0.2141556655195433,0.7142705224228617,4.681045565607328
2004-10-09 12:00:00,2004,10,9,12,1097323200,28.889655932369173,2.321806365214197,98.93190129477667,16.4905630996922,0.0,0.23105238489367474,0.6905715700244713,6.99104041786893
2004-10-09 18:00:00,2004,10,9,18,1097344800,22.292723301476713,2.280616770498867,98.65646200564953,0.5294131893077865,0.0,0.2625619962777468,0.718870342275628,5.0931457719080155
2004-10-10 00:00:00,2004,10,10,0,1097366400,17.592693470700183,3.2836536548986923,98.72569275973459,0.5198465707246291,0.0,0.21771742936801694,0.7261260826789359,4.3981428446094375
2004-10-10 06:00:00,2004,10,10,6,1097388000,21.506716973396358,2.30150368784442,98.06287421633492,0.5907695497429704,0.0,0.22585882100054913,0.6440669103050258,4.143782839541685
2004-10-10 12:00:00,2004,10,10,12,1097409600,28.697960892120435,3.0109278499194825,99.08850537685052,16.36798637899678,0.0,0.23288418496088756,0.7023374247909837,7.040150826515502
2004-10-10 18:00:00,2004,10,10,18,1097431200,22.70593850063528,3.453222615520237,98.77743732089353,0.9149229974755645,0.0,0.2680568900585072,0.7464927155947494,5.090958173074154
2004-10-11 00:00:00,2004,10,11,0,1097452800,20.13500785926514,5.203015191800889,98.86552380544964,0.7420561231570579,0.0,0.23947835956371252,0.7087748399996673,4.736915581183279
2004-10-11 06:00:00,2004,10,11,6,1097474400,23.85804489670581,2.449651351066148,98.79089419028766,0.13096410011265036,0.0,0.24294338236722632,0.7633958748055334,5.029297502866512
2004-10-11 12:00:00,2004,10,11,12,1097496000,29.1096353597477,2.33657223575426,98.82915634168985,16.250731326301512,0.0,0.24845760801892727,0.6623957414109851,7.013240992043236
2004-10-11 18:00:00,2004,10,11,18,1097517600,23.313233902704738,2.313426639869756,98.80774135256735,0.6429206725126853,0.0,0.2681419976906187,0.6979775985451963,4.8330161597968395
2004-10-12 00:00:00,2004,10,12,0,1097539200,19.27172768493857,2.7036646734796497,99.1509408804965,0.3415027195106173,0.0,0.2398421477079672,0.703407880702717,4.438606231603357
2004-10-12 06:00:00,2004,10,12,6,1097560800,20.514233107154375,3.6044557125368812,99.45170168407712,0.31904855364745555,0.0,0.20286221278288774,0.6729721394741601,4.512423070694741
2004-10-12 12:00:00,2004,10,12,12,1097582400,27.92122986969358,3.704710952016916,99.03485990402375,16.93154495979699,0.0,0.24070636633019749,0.651709041749407,6.9059361016642695
2004-10-12 18:00:00,2004,10,12,18,1097604000,22.481368903641027,2.38863849448292,99.08309391534645,0.3451431994846902,0.0,0.2669774339382785,0.753872434894107,4.897537319955166
2004-10-13 00:00:00,2004,10,13,0,1097625600,19.54151443327492,2.2498705683415836,98.59103236599059,0.6321820220268534,0.0,0.24888643350715547,0.7208808176927235,4.599012571939402
2004-10-13 06:00:00,2004,10,13,6,1097647200,20.908944444693716,2.932003509692338,98.66008529308372,0.537074511521499,0.0,0.2403663958772437,0.7039507932585927,4.497479282150897
2004-10-13 12:00:00,2004,10,13,12,1097668800,28.161745157369054,2.267162909647568,98.83542053364785,16.275253311177334,0.0,0.24314067190468197,0.6886508736672605,7.105997064338008
2004-10-13 18:00:00,2004,10,13,18,1097690400,24.75837673799269,4.553183709417341,98.88681708167283,0.33164007123318634,0.0,0.19932255546296246,0.691426283959504,4.843764418503413
2004-10-14 00:00:00,2004,10,14,0,1097712000,17.561360121685663,2.1763183650325133,98.8551042303689,0.9431928899047087,0.0,0.19440670894362247,0.7043921577655283,3.7517456474342663
2004-10-14 06:00:00,2004,10,14,6,1097733600,22.553227031338402,4.136958471343789,98.45353588467795,0.3313728731999316,0.0,0.2518206736426042,0.7288216474396029,4.88698982212026
2004-10-14 12:00:00,2004,10,14,12,1097755200,28.12469841689156,2.1102801934516644,98.61681273666001,16.71761039206442,0.0,0.2596518967560236,0.6643443967000932,7.344523383958395
2004-10-14 18:00:00,2004,10,14,18,1097776800,22.386332677090508,4.512378306602267,98.6324921657694,0.8612754901008449,0.0,0.22134852377021885,0.6887206897231885,5.0263641570397075
2004-10-15 00:00:00,2004,10,15,0,1097798400,18.19097930718966,3.531265462029141,98.89816941627446,0.07103799577663983,0.0,0.2356519046317645,0.6726888226603781,4.4011912002553695
2004-10-15 06:00:00,2004,10,15,6,1097820000,24.247738706651468,2.635127762727936,98.66323533478347,0.6631055002136872,0.0,0.24420196125317625,0.652081499456342,5.012161705973359
2004-10-15 12:00:00,2004,10,15,12,1097841600,28.068691546349754,2.831488603191567,98.6985098135578,16.604800871132106,0.0,0.26498738118532067,0.665377524093411,7.072440762349026
2004-10-15 18:00:00,2004,10,15,18,1097863200,22.550586621702088,3.7309168099509122,98.6801465421226,0.43402168418694603,0.0,0.2301872539646364,0.6902769072401796,4.803023943675993
2004-10-16 00:00:00,2004,10,16,0,1097884800,18.649983363879805,2.366312611803664,98.96403622878454,0.5693250763625428,0.0,0.24436498751698082,0.6729475831463333,4.3712280277306
2004-10-16 06:00:00,2004,10,16,6,1097906400,24.75199321876604,5.373596840378275,99.13655939651821,0.16180585543540238,9.197191789384089,0.3614451455312959,0.6827450571667516,5.554638370530483
2004-10-16 12:00:00,2004,10,16,12,1097928000,26.490340062566,3.047546502981179,98.53653294040919,16.09660637021763,0.0,0.22400052970887843,0.7036656894682525,7.227328723538381
2004-10-16 18:00:00,2004,10,16,18,1097949600,25.311071167911084,4.199851951084957,99.0046319113296,0.7076669639384431,0.0,0.23090539179499175,0.7165789505219047,5.235330959866308
2004-10-17 00:00:00,2004,10,17,0,1097971200,16.471821266593746,3.1255923316640137,98.52096441893343,0.6025712332676777,0.0,0.2052978178983487,0.7595806990516843,4.197980605384721
2004-10-17 06:00:00,2004,10,17,6,1097992800,22.901530348088134,2.968632254445215,98.9879651534713,0.13638574362577494,0.0,0.2063037285302814,0.7031036900037035,4.895963276807297
2004-10-17 12:00:00,2004,10,17,12,1098014400,27.82895226160988,3.0168775321158705,98.41271006756506,16.689385000834378,0.0,0.24491829532405973,0.6614594843750645,7.062800482796314
2004-10-17 18:00:00,2004,10,17,18,1098036000,22.91649675566678,2.742419891419101,99.20707195972872,0.9377891233993461,0.0,0.25128698021063667,0.7130481909665544,5.00110905720797
2004-10-18 00:00:00,2004,10,18,0,1098057600,14.75200723229211,4.052794868490766,98.72696431217653,0.2241172842546595,0.0,0.24845880410148655,0.6683718344554738,4.0272434131415205
2004-10-18 06:00:00,2004,10,18,6,1098079200,20.353767061887943,4.881104817452243,98.87370427135029,0.8751205632891894,0.0,0.2045235824698712,0.6569330691419909,4.585272418541986
2004-10-18 12:00:00,2004,10,18,12,1098100800,26.617989335381868,4.963719075803444,98.84322170030885,15.892413942401763,0.0,0.22107239099833717,0.6965929679463368,6.99028217165155
2004-10-18 18:00:00,2004,10,18,18,1098122400,21.225049414409817,2.2671194767059277,99.21668740109767,0.5637391303752136,0.0,0.23475578991474053,0.7203206920494046,4.845172149994393
2004-10-19 00:00:00,2004,10,19,0,1098144000,17.863325276407206,4.230853817864001,98.62758161656262,0.782051003410355,0.0,0.17741473221340942,0.6575875750260908,3.987609114860084
2004-10-19 06:00:00,2004,10,19,6,1098165600,23.88019736901298,2.41623566019123,98.80899907513424,0.3440802010193329,0.0,0.23208049932322702,0.6852153809812004,4.90400305986465
2004-10-19 12:00:00,2004,10,19,12,1098187200,24.005891716478178,2.0999850818895514,98.87215171762311,16.105004061312926,0.0,0.2605502759462604,0.6894438851577357,6.236139005082577
2004-10-19 18:00:00,2004,10,19,18,1098208800,20.348834818098908,2.5649308840026026,99.11761583678438,0.4503536081375842,10.911072456198264,0.35478547298584345,0.6472964480216061,4.724393288448761
2004-10-20 00:00:00,2004,10,20,0,1098230400,16.155788318258658,2.61002407127596,98.61344934892813,0.7601986165614386,0.0,0.17246766459088436,0.6305584281225523,3.511388894106341
2004-10-20 06:00:00,2004,10,20,6,1098252000,20.265143953094544,4.579648284614107,98.20100450533428,0.47867570537896,0.0,0.22862081300273093,0.6314161310536994,4.468140634904335
2004-10-20 12:00:00,2004,10,20,12,1098273600,26.447482618956677,4.124715384095829,98.49724161926436,16.04210592424098,0.0,0.22499319668536624,0.711867232514154,7.119001354204376
2004-10-20 18:00:00,2004,10,20,18,1098295200,20.659143253660005,2.2229457248683726,99.05885866031183,0.8455576979362888,0.0,0.2261071480331153,0.6595861863074224,4.416903147167755
2004-10-21 00:00:00,2004,10,21,0,1098316800,17.56298399799989,2.6909458010772025,98.88045449023117,0.6986455376360908,0.0,0.22052867037759624,0.6522459205236447,4.40729696950374
2004-10-21 06:00:00,2004,10,21,6,1098338400,25.900753074010154,2.533369214211789,98.83676915658795,0.5275032753953012,0.0,0.21185687069693462,0.6807078820360445,4.656356950356552
2004-10-21 12:00:00,2004,10,21,12,1098360000,25.54424619413296,3.4567333033763865,98.60387766316217,15.862572535146825,0.0,0.17187906062934577,0.7101786817078959,6.302559265220203
2004-10-21 18:00:00,2004,10,21,18,1098381600,23.709361835105316,3.2689758091479115,98.87856019014417,0.12676565200177015,0.0,0.22460443472588532,0.6362132913960868,4.708989623883299
2004-10-22 00:00:00,2004,10,22,0,1098403200,20.66468575161268,3.8127513131642257,99.0264571260981,0.05636648303543068,2.095589675287568,0.24958137423618354,0.6120660668783213,4.613153329987565
2004-10-22 06:00:00,2004,10,22,6,1098424800,20.703644138742398,5.732819342171125,98.83821464180018,0.9527754265636084,0.0,0.20497060433421396,0.7129789296091111,4.68068441649698
2004-10-22 12:00:00,2004,10,22,12,1098446400,29.94808818899807,2.928557252540158,99.26274462229267,15.514663771141645,0.0,0.24124930065602126,0.684125444948561,7.443784939607936
2004-10-22 18:00:00,2004,10,22,18,1098468000,20.392932830189373,3.7090265958140036,99.12693213865234,0.2768717074772197,0.0,0.18327409211778253,0.6365305450705641,4.276210623769412
2004-10-23 00:00:00,2004,10,23,0,1098489600,18.447645620439243,5.876559034448777,98.85003886397335,0.6109485367467514,0.0,0.17924362280403028,0.6530253746325948,4.272028627712826
2004-10-23 06:00:00,2004,10,23,6,1098511200,20.386504698373894,3.2888264544864416,99.09677302023456,0.8279257182173452,0.0,0.21544979655745178,0.6361035542134083,4.260706744913358
2004-10-23 12:00:00,2004,10,23,12,1098532800,23.79899737396139,2.6714062379594736,98.91029752066585,16.088927176088326,0.0,0.20011590661402184,0.6853728085648838,6.221420695406059
2004-10-23 18:00:00,2004,10,23,18,1098554400,23.14348021250052,2.8920494694661114,98.98179542588694,0.8296474176043145,0.0,0.23319087540154565,0.6968593843417137,4.717208855246955
2004-10-24 00:00:00,2004,10,24,0,1098576000,17.250797186794188,4.2361901160069975,98.8359882603805,0.9780880075975832,0.0,0.20285205925945968,0.6836222172890203,4.545887205783269
2004-10-24 06:00:00,2004,10,24,6,1098597600,21.346408605174673,4.038316308200265,98.95913374127606,0.05570304674632387,0.0,0.23856414666578743,0.6685361443191932,4.5800931517158014
2004-10-24 12:00:00,2004,10,24,12,1098619200,23.984865172755054,4.198771974221938,98.45916526967383,15.584094576861405,0.0,0.19696286367474097,0.6748867097524572,6.39564287888649
2004-10-24 18:00:00,2004,10,24,18,1098640800,23.438263457999128,4.1685606331457,98.66612297705947,0.9135877459024513,0.0,0.21427755306103335,0.6412934418586534,4.472464065096762
2004-10-25 00:00:00,2004,10,25,0,1098662400,17.980044799475557,5.936701370758833,99.27548156900629,0.4673378176002905,0.0,0.16934854835011698,0.6474949664540554,4.195209581409082
2004-10-25 06:00:00,2004,10,25,6,1098684000,18.609825332151363,4.305397198694249,98.82463622419475,0.87129662342327,0.0,0.20797344782344673,0.6609999941091028,4.068005409365536
2004-10-25 12:00:00,2004,10,25,12,1098705600,26.68240456857691,5.040539994844908,98.60501119578701,15.13119836791176,0.0,0.21049242680608543,0.6525197476877943,6.747025576515698
2004-10-25 18:00:00,2004,10,25,18,1098727200,22.167412605886103,3.418438208599237,99.41836141832589,0.5043678186690536,0.0,0.2332301238778962,0.6608369558923421,4.4976144345400275
2004-10-26 00:00:00,2004,10,26,0,1098748800,14.523796621862314,3.7005128267469276,98.84749299186257,0.9224522159175857,0.0,0.17643451709832092,0.6094773537348689,3.634922757582555
2004-10-26 06:00:00,2004,10,26,6,1098770400,22.736335271954903,7.300490407606812,99.09715430613265,0.2612828857752453,0.0,0.20099649057184057,0.6844412327754468,4.85879832044821
2004-10-26 12:00:00,2004,10,26,12,1098792000,29.978536347715593,5.214360607940845,98.78317520895129,15.973351085523676,0.0,0.2357128538135725,0.6258405495043835,6.893269458413885
2004-10-26 18:00:00,2004,10,26,18,1098813600,22.84353084360796,4.403854059418549,99.21385090019035,0.008477287209152373,0.0,0.23836393468054118,0.5947598706432873,4.49035507696885
2004-10-27 00:00:00,2004,10,27,0,1098835200,18.75059953502213,3.8972546224996294,98.9535677787746,0.07892753785518358,0.0,0.18756971801035346,0.6336379834214133,3.733315715249449
2004-10-27 06:00:00,2004,10,27,6,1098856800,22.47236782516157,2.82798976814557,98.44944901529911,0.4768246225160826,0.0,0.19054326290360782,0.6486279834429817,4.357539520776378
2004-10-27 12:00:00,2004,10,27,12,1098878400,24.422541522692576,3.3535543808029358,99.57424314664073,15.08109926020212,0.0,0.1702636717399839,0.7156272981748565,6.500734015098168
2004-10-27 18:00:00,2004,10,27,18,1098900000,22.37662795495321,2.247086995111607,98.7768275612539,0.22559731554919,0.0,0.16179699605213402,0.6404318313853591,4.3361035146140425
2004-10-28 00:00:00,2004,10,28,0,1098921600,14.039796515000962,2.9811085356892857,98.87247020017763,0.2975250213785223,0.0,0.19406418960787664,0.6583914938688862,3.957029236226069
2004-10-28 06:00:00,2004,10,28,6,1098943200,20.22005404739897,2.3518990792316883,98.60438748469767,0.48149600936320003,0.0,0.18893627806690355,0.6617203374421033,4.334739340263273
2004-10-28 12:00:00,2004,10,28,12,1098964800,25.610637826096035,4.130359559307579,98.42823177874028,15.297156619010151,0.0,0.24307223659753116,0.6066534406035919,6.498592500057432
2004-10-28 18:00:00,2004,10,28,18,1098986400,20.440305607058576,5.51675293976848,99.29621777889939,0.9221476386495975,0.0,0.20879603154176168,0.6489421347079168,4.117183614367549
2004-10-29 00:00:00,2004,10,29,0,1099008000,14.680418815103547,2.4730539266118465,99.04491338790393,0.8860146614868031,0.0,0.19523849555891937,0.6410794302830755,3.9861919005402564
2004-10-29 06:00:00,2004,10,29,6,1099029600,20.488891661415717,2.609077067877367,98.40195683682097,0.7480708911134119,0.0,0.21253126314665863,0.651522476497028,4.233345237522731
2004-10-29 12:00:00,2004,10,29,12,1099051200,25.68360945789551,5.1033285253992595,98.86939257453538,15.498791255102264,0.0,0.21998041064477472,0.661704524877614,6.4145697721031265
2004-10-29 18:00:00,2004,10,29,18,1099072800,22.798767625101117,3.5083884630812854,99.09591914180929,0.20434106023000523,0.0,0.22368477892750543,0.674536717773253,4.979235185752706
2004-10-30 00:00:00,2004,10,30,0,1099094400,16.403327779153024,3.5300383575129746,99.17848172608483,0.6018262583796167,0.0,0.20215766400961993,0.6201432930273764,3.907865636113648
2004-10-30 06:00:00,2004,10,30,6,1099116000,22.250719439677624,3.4401242761104323,98.73199474529169,0.1470627675416507,0.0,0.1964934666426746,0.6603332598387421,4.504312818642249
2004-10-30 12:00:00,2004,10,30,12,1099137600,25.409117336508054,2.5681665393920934,98.84367289930357,15.225978551543111,0.0,0.2001298408850139,0.6239835403951288,6.394356531743208
2004-10-30 18:00:00,2004,10,30,18,1099159200,22.21020846017911,2.6170040528462493,98.79455834329949,0.4615237517731842,0.0,0.19579661844266052,0.6185304553205719,4.289679619151103
2004-10-31 00:00:00,2004,10,31,0,1099180800,12.767215977237631,6.694783966395983,98.89968209079858,0.6897099565721312,0.0,0.18392236959952013,0.6951512456571691,3.835045288496726
2004-10-31 06:00:00,2004,10,31,6,1099202400,18.737600488712015,4.140008834883789,99.07987642682457,0.8351267251406893,0.0,0.2153707329509917,0.5881765496477924,4.021390151885062
2004-10-31 12:00:00,2004,10,31,12,1099224000,27.17043501887822,2.3540364402927954,99.2561142603338,15.028494345906878,0.0,0.19064978087948253,0.6270747230130719,6.87013977792255
2004-10-31 18:00:00,2004,10,31,18,1099245600,19.765407734557098,2.5902072935591294,99.08269232616694,0.04118127615875358,0.0,0.17422006597834036,0.6492431007104849,3.7441537105933014
2004-11-01 00:00:00,2004,11,1,0,1099267200,15.716207283326163,3.705004286060036,99.10687064444173,0.04697037165090712,0.0,0.1924460675423742,0.621239972676532,3.6844590080500264
2004-11-01 06:00:00,2004,11,1,6,1099288800,17.04816537705947,2.725267449204856,98.96928754035802,0.8748242882872412,0.0,0.20636788037520315,0.6437340409908497,3.8618469612410875
2004-11-01 12:00:00,2004,11,1,12,1099310400,24.98187150628385,2.660268797003405,98.675498429261,15.13002607244432,0.0,0.16291582100497207,0.5989377773632473,6.199735503221233
2004-11-01 18:00:00,2004,11,1,18,1099332000,18.68150695937991,2.5643986498603097,98.98341634747544,0.24801258308910237,0.0,0.18665715753045106,0.5838669388985818,3.776002253966866
2004-11-02 00:00:00,2004,11,2,0,1099353600,14.4350241750457,2.5472615227222213,98.91410524992526,0.03228672739930194,0.0,0.17350760469413903,0.6095572540546847,3.404168948516035
2004-11-02 06:00:00,2004,11,2,6,1099375200,20.63825518796894,3.6643501427438334,98.83540564724827,0.528764338045669,4.3149890187625015,0.27635355912360127,0.6403521173526084,4.732378690902608
2004-11-02 12:00:00,2004,11,2,12,1099396800,25.60724593010266,5.78335268953966,99.04671035484056,14.717497671730458,0.0,0.19138502457192755,0.6306418154740424,6.833016036863865
2004-11-02 18:00:00,2004,11,2,18,1099418400,20.091005104014165,2.9111581814493106,98.57280596919364,0.41702806720006813,0.0,0.2205937191001786,0.6548730241815989,4.156356707591514
2004-11-03 00:00:00,2004,11,3,0,1099440000,16.710491464761514,2.4475678040260767,98.91660663832938,0.5160777150160704,0.0,0.19193572348069296,0.5895275339295659,3.4524419997053206
2004-11-03 06:00:00,2004,11,3,6,1099461600,19.696548785310338,2.4523405032084082,98.84940901022867,0.22920032579655725,0.0,0.19372231065478215,0.6149993626369749,4.050740017697574
2004-11-03 12:00:00,2004,11,3,12,1099483200,24.96024860231592,6.323359230373808,98.8040875208306,14.716955678187741,0.0,0.18582500971480556,0.6301096526710128,6.565119216059665
2004-11-03 18:00:00,2004,11,3,18,1099504800,18.561942273424886,3.3817476479958524,99.22986600244676,0.01980807069286117,0.0,0.18259307861028667,0.6031984537185557,3.851728353994868
2004-11-04 00:00:00,2004,11,4,0,1099526400,17.079169523540617,3.2096265408409157,99.10744965398797,0.5855207851045394,0.0,0.18306841515983943,0.6328032791227269,4.03793700330908
2004-11-04 06:00:00,2004,11,4,6,1099548000,19.040065300184096,5.588839622008759,99.21094650662397,0.20044121105642954,0.0,0.17139814024744393,0.620227058410577,3.9532092306093274
2004-11-04 12:00:00,2004,11,4,12,1099569600,23.141810368264558,3.328997989585102,99.19865913842858,15.335095054505551,0.0,0.18432465960792718,0.6432691267916735,6.681852703694401
2004-11-04 18:00:00,2004,11,4,18,1099591200,18.436847518790387,3.2504034422847745,98.77441721071068,0.603776549775849,0.0,0.15207201622199187,0.6373271268996294,4.034380937157866
2004-11-05 00:00:00,2004,11,5,0,1099612800,15.458421581109658,6.201512385882893,99.41237007706388,0.5564143297470507,0.0,0.18549704767659905,0.569374263251429,3.682049565660516
2004-11-05 06:00:00,2004,11,5,6,1099634400,20.020669376817406,3.2476823685886504,98.94132600351327,0.5046846646081359,0.0,0.1579314968894975,0.6691542324190529,3.97880662384498
2004-11-05 12:00:00,2004,11,5,12,1099656000,24.828411590087264,3.026501058983208,99.42309770901714,14.6119743306216,0.0,0.18391675787555667,0.5598083729970937,6.080297818662252
2004-11-05 18:00:00,2004,11,5,18,1099677600,21.670401315644142,3.5898902258232486,98.96968047089749,0.9694104442769927,0.0,0.18844730099212667,0.578420606344856,4.364056371128892
2004-11-06 00:00:00,2004,11,6,0,1099699200,13.594958172701396,7.971526361046229,98.71626932294738,0.9670446294744156,0.0,0.2078423170287645,0.6189610352783695,3.719459857801923
2004-11-06 06:00:00,2004,11,6,6,1099720800,20.81246125455659,7.277206513630156,98.78330691317859,0.32127242457983074,0.0,0.1858363419175492,0.6300883198120386,4.3882001009299065
2004-11-06 12:00:00,2004,11,6,12,1099742400,25.212142163433825,4.539455410942229,99.38278811938018,15.11374586595508,0.0,0.17417387441706791,0.6127410355399553,6.434714748476152
2004-11-06 18:00:00,2004,11,6,18,1099764000,20.681781746849573,3.3355232664442394,99.26147733539698,0.11924606571089612,0.0,0.1669235993598868,0.6049495570374382,4.08244733238045
2004-11-07 00:00:00,2004,11,7,0,1099785600,15.14912049831432,5.512360366590896,98.88784069365731,0.7805288456318465,0.0,0.19129142613780853,0.614894435798386,4.008396684621908
2004-11-07 06:00:00,2004,11,7,6,1099807200,18.854733939959896,3.1290773806560184,99.17739887261443,0.2863319329712851,0.0,0.17498255893619502,0.633176888179284,4.280248263484577
2004-11-07 12:00:00,2004,11,7,12,1099828800,21.641080590862966,3.846654524358743,99.40342221587447,14.568614776610454,0.0,0.16191689203932913,0.5829653342904538,5.155056021425521
2004-11-07 18:00:00,2004,11,7,18,1099850400,21.196990700338983,2.6102098324366327,99.6006776688886,0.5072333094476007,0.0,0.18003270259487156,0.5839322332122002,4.110781215341044
2004-11-08 00:00:00,2004,11,8,0,1099872000,14.875920383198316,3.953462294368722,99.17115997632806,0.39232896166874653,0.0,0.13728218990675947,0.5874669012956468,2.9823416286509765
2004-11-08 06:00:00,2004,11,8,6,1099893600,20.072226499464673,2.8142215086264897,99.2220909527619,0.11783114297379049,0.0,0.17602100424857162,0.6530358907710893,4.088290039245458
2004-11-08 12:00:00,2004,11,8,12,1099915200,24.84348794194626,4.545546457447654,99.07658945615275,14.815610572566554,0.0,0.1588124391666186,0.6246213587103604,6.4492524112049034
2004-11-08 18:00:00,2004,11,8,18,1099936800,17.666629300923436,3.1313122630224886,99.12926644284782,0.21384360938227284,0.0,0.16789409707207742,0.6306048048730488,3.817926959550725
2004-11-09 00:00:00,2004,11,9,0,1099958400,15.140921943229818,3.1081459157020905,99.31124408378281,0.44447978130485655,0.0,0.21175375652287362,0.6571586439825359,3.7230439580389953
2004-11-09 06:00:00,2004,11,9,6,1099980000,19.845908171233376,4.404924466332853,98.81336690245477,0.23101068983084772,0.0,0.16216410111748403,0.6330499031404796,4.232035776971525
2004-11-09 12:00:00,2004,11,9,12,1100001600,24.69316797747236,3.1767870799693614,99.33375435609189,15.02429114512576,0.0,0.1876666025077878,0.6141207900750786,6.251145222365958
2004-11-09 18:00:00,2004,11,9,18,1100023200,22.375379113016283,4.223634979647174,99.02249430428607,0.33802167727206994,0.0,0.19285415816509874,0.6561770575446252,4.4914528240410165
2004-11-10 00:00:00,2004,11,10,0,1100044800,14.897712553183508,5.259751958045669,98.93042622261709,0.8874908251659644,0.0,0.18638744568308802,0.5761950618311911,4.178824894164414
2004-11-10 06:00:00,2004,11,10,6,1100066400,19.527998207780623,2.583341236127179,98.93152020614664,0.3260972435593046,0.0,0.1767355055556573,0.5973856958217858,3.629541015495851
2004-11-10 12:00:00,2004,11,10,12,1100088000,24.486873213282845,3.34061535187247,99.7226649015502,14.291511337185176,0.0,0.1471596903778856,0.640032884057329,5.902411433798696
2004-11-10 18:00:00,2004,11,10,18,1100109600,18.108926887808884,6.710763543774338,99.54111611825036,0.5766346426824986,0.0,0.15630126909057354,0.5395263090404064,3.902691523728979
2004-11-11 00:00:00,2004,11,11,0,1100131200,14.839788313610793,4.887960292614816,98.90582937032161,0.5551377762557467,0.0,0.1434335319276739,0.5772839006397193,3.758941989871245
2004-11-11 06:00:00,2004,11,11,6,1100152800,20.036317132138493,7.831825864808145,99.24601897192639,0.618913557112957,0.0,0.1597097327586994,0.6248744610067594,4.07769859821369
2004-11-11 12:00:00,2004,11,11,12,1100174400,23.636983039227285,5.332019692917507,99.23382201090989,14.360614319423723,0.0,0.15994245483052072,0.6043847306561865,5.949392328502535
2004-11-11 18:00:00,2004,11,11,18,1100196000,20.74614793303842,2.9366153317174035,99.68495411043091,0.3199689158633732,0.0,0.14847367377754037,0.6166014803801838,3.9666245261280255
2004-11-12 00:00:00,2004,11,12,0,1100217600,15.278184435782595,2.6930015704772794,99.04570337477551,0.23743008352758632,0.0,0.17512757866401912,0.5394616926264991,3.404132741057279
2004-11-12 06:00:00,2004,11,12,6,1100239200,19.376195111560182,2.7514870613842985,98.51083528306735,0.9284009702249963,0.0,0.15431198501840104,0.5717250233314146,3.985133184975893
2004-11-12 12:00:00,2004,11,12,12,1100260800,25.79152250260367,2.7636028719741077,99.14130336319556,14.689058867132053,0.0,0.15692529263090882,0.6164299099606316,6.122934344769797
2004-11-12 18:00:00,2004,11,12,18,1100282400,18.970895722787443,2.51501140716355,99.09596073757831,0.7562557487942149,0.0,0.132803388374981,0.5698953096623481,3.8200423687046254
2004-11-13 00:00:00,2004,11,13,0,1100304000,15.664517546715503,5.973966304875212,99.32714315894997,0.1941631401075603,0.0,0.16299352311957455,0.617393892564154,3.5300407051593874
2004-11-13 06:00:00,2004,11,13,6,1100325600,18.734434227674974,3.4619200336522624,99.44779725110642,0.6615782908664943,4.634949350628998,0.20607301801622285,0.6012721640428241,4.107642988312589
2004-11-13 12:00:00,2004,11,13,12,1100347200,26.83828443053345,2.5746948766361992,99.53353615405263,14.717579345387582,0.0,0.14961844394930568,0.5574875521840784,6.0410144769292815
2004-11-13 18:00:00,2004,11,13,18,1100368800,18.591040276912018,4.571810051307411,99.52381059842745,0.342456107076238,0.0,0.16923039526471786,0.6030134845109181,4.1101594813335165
2004-11-14 00:00:00,2004,11,14,0,1100390400,14.153308340902699,3.0235034740658477,99.39738962210876,0.15769260701247456,0.0,0.16140932893066826,0.6107392172392346,3.9788091923127196
2004-11-14 06:00:00,2004,11,14,6,1100412000,18.090408729923126,2.543045439664829,99.51786770817577,0.6970042495111962,0.0,0.17078347930565962,0.599115654313834,4.030206402112728
2004-11-14 12:00:00,2004,11,14,12,1100433600,25.21292033086263,2.7481458621258703,98.79248547309473,14.51606915869307,0.0,0.17168513372627112,0.6043818617829898,5.953355909567293
2004-11-14 18:00:00,2004,11,14,18,1100455200,17.683097799708957,4.039958726765757,99.12533909503627,0.5756182481421986,0.0,0.17333314163999086,0.5364088320976194,3.8467277681743677
2004-11-15 00:00:00,2004,11,15,0,1100476800,14.136578260098926,4.820677017142989,99.21656410038972,0.1825666459055617,0.0,0.18982724732336093,0.6514737496486113,3.7718258389074637
2004-11-15 06:00:00,2004,11,15,6,1100498400,17.2390250190164,2.889707122584193,99.3512136406933,0.2624920904379473,0.0,0.1590252978795103,0.6684468140164277,3.79458455294107
2004-11-15 12:00:00,2004,11,15,12,1100520000,25.11814083505717,3.7415938076913893,99.0260579934734,14.481034093317108,0.0,0.13753199326113727,0.6266838016158093,5.9453177223795945
2004-11-15 18:00:00,2004,11,15,18,1100541600,20.198300996531213,2.4521219174916484,99.01346174450843,0.6135862240850167,0.0,0.14785432489596195,0.5872888599293975,3.755343546100111
2004-11-16 00:00:00,2004,11,16,0,1100563200,14.425209756463001,2.9588212697167218,99.12025533156483,0.5547228334817776,0.0,0.1458078339918484,0.5671568877040677,3.14076944600643
2004-11-16 06:00:00,2004,11,16,6,1100584800,18.443454685331268,2.7700889371412964,99.35730001264756,0.7681393659872465,0.0,0.1354764857324001,0.5677902969285967,3.4084468867558324
2004-11-16 12:00:00,2004,11,16,12,1100606400,25.27918096825593,2.588872650701132,98.21997600713848,14.623258671813911,0.0,0.10360583581954591,0.602822144013647,5.959054424269925
2004-11-16 18:00:00,2004,11,16,18,1100628000,17.824558304499902,3.461589285204457,99.22096555622933,0.2765141353766075,0.0,0.1584972427117186,0.6113750316590648,3.723395793329588
2004-11-17 00:00:00,2004,11,17,0,1100649600,13.049848943095476,3.983835593912496,99.0216115879385,0.15760756429117628,0.0,0.15196438252919062,0.5552305776943113,3.2944397294889254
2004-11-17 06:00:00,2004,11,17,6,1100671200,20.201224997558402,2.559563850837791,98.98049932732758,0.20116778410171166,0.0,0.18956917390258682,0.5740736955904264,3.7877164173899827
2004-11-17 12:00:00,2004,11,17,12,1100692800,24.982298474472636,2.710895232830944,99.33796613172467,14.043604181467568,0.0,0.18829926820101506,0.6124273050130418,6.219438503560895
2004-11-17 18:00:00,2004,11,17,18,1100714400,19.9884733430853,6.5271427846614625,99.28150766901042,0.9477485726091704,0.0,0.16488754079636417,0.5716427875961535,3.9870917480103056
2004-11-18 00:00:00,2004,11,18,0,1100736000,17.541546007387957,2.8862383253323833,99.31116849434933,0.13716211507151244,0.0,0.15996256606660966,0.5734248855518876,3.369731897619661
2004-11-18 06:00:00,2004,11,18,6,1100757600,19.351031968850705,4.64814602401432,99.30065927330524,0.8787614911253463,0.0,0.1321162510522874,0.6113648078868307,4.256442277340845
2004-11-18 12:00:00,2004,11,18,12,1100779200,23.494908403010744,4.573460777910613,99.66987549202075,13.920622479699146,0.0,0.1524816065600883,0.6065330729884931,5.946548567669369
2004-11-18 18:00:00,2004,11,18,18,1100800800,18.881682729903613,3.0895366761601903,99.60331104299789,0.34844571304935645,0.0,0.14637826298943152,0.5942138839100377,3.7154282715884954
2004-11-19 00:00:00,2004,11,19,0,1100822400,10.877419851303035,2.869510101856324,98.84312536543236,0.1258726633963113,0.0,0.14904272734287194,0.533276899603798,2.919703989208445
2004-11-19 06:00:00,2004,11,19,6,1100844000,19.606344181360132,2.946528407954376,99.11461229498511,0.10336035097576057,3.0347776162438875,0.1610963642822023,0.5336470280720313,3.634893926636662
2004-11-19 12:00:00,2004,11,19,12,1100865600,26.14608292276645,3.7787726239558412,99.15031006137713,13.768606771306843,0.0,0.15450953740490905,0.5432776792714433,6.007738100063193
2004-11-19 18:00:00,2004,11,19,18,1100887200,18.505701714578183,3.2469160657521603,98.80531247234562,0.3427589066657959,0.0,0.11874039184606508,0.5496921295859467,3.223639487275536
2004-11-20 00:00:00,2004,11,20,0,1100908800,15.9258171426582,3.573327045810178,100.08954849873244,0.5236920889942278,0.0,0.20425653327265755,0.5670475478561597,3.389175762670034
2004-11-20 06:00:00,2004,11,20,6,1100930400,17.505484312396025,5.050732815463314,99.30306349933369,0.20080754001236,0.0,0.17248800802733394,0.5577746839087805,3.7839721658819494
2004-11-20 12:00:00,2004,11,20,12,1100952000,22.793920660947876,3.5934773426493942,98.91665278772655,14.563638713390892,0.0,0.1700911748492361,0.555721184993868,5.4719858116227424
2004-11-20 18:00:00,2004,11,20,18,1100973600,17.788151669016347,10.564627229732757,99.59235776156314,0.5864187801675705,0.0,0.11803915836937354,0.5528307556792074,3.4945673621362787
2004-11-21 00:00:00,2004,11,21,0,1100995200,11.699169020442884,4.211105101943512,99.32303017981675,0.8850647549504084,0.0,0.1085538216891935,0.5294029904688451,3.191008320537422
2004-11-21 06:00:00,2004,11,21,6,1101016800,21.082574613677455,2.9152964945180226,99.05514087345676,0.14881878364755063,0.0,0.14646343033244702,0.5418879269391667,3.8241595587890838
2004-11-21 12:00:00,2004,11,21,12,1101038400,24.668277984076415,3.6052076888149314,99.49208435292232,13.73325436329355,0.0,0.13487899851904975,0.6287319169419076,5.94911513866602
2004-11-21 18:00:00,2004,11,21,18,1101060000,19.827180515716723,5.085254329472359,99.55795656210266,0.8467527020828017,0.0,0.17792252747929796,0.5767013237297073,3.8717249742300113
2004-11-22 00:00:00,2004,11,22,0,1101081600,12.74695273654862,2.9567140057553383,99.50111380769336,0.5679813545686938,0.0,0.15094741768717734,0.5514216082509856,3.496125750631358
2004-11-22 06:00:00,2004,11,22,6,1101103200,20.02834967630069,4.5480777644693955,99.45788140749079,0.938586795271088,0.0,0.13756718599220416,0.5058072293421177,3.9582793127908076
2004-11-22 12:00:00,2004,11,22,12,1101124800,23.07173298517712,2.638316568899492,99.0816146135669,13.69675897017437,0.0,0.1679896934655675,0.5211069891523774,5.324167021479848
2004-11-22 18:00:00,2004,11,22,18,1101146400,18.14080557823135,6.874735514774212,98.80072999613222,0.02601797962086471,0.0,0.14203456145372487,0.5495519338257212,3.7183903597574317
2004-11-23 00:00:00,2004,11,23,0,1101168000,15.381725931023446,4.2410295179266075,98.9431373944089,0.9165605490855185,0.0,0.14039941521243698,0.5866438606422654,3.498862732151093
2004-11-23 06:00:00,2004,11,23,6,1101189600,17.503843856428542,2.8740369157416152,99.16120213198158,0.698837105247886,0.0,0.15666192424532066,0.5527277955408183,3.6274090864634014
2004-11-23 12:00:00,2004,11,23,12,1101211200,22.27574417125724,5.718632462730279,98.78367445284425,14.318451080678804,0.0,0.12226953292288285,0.5523228007878602,5.873624328620678
2004-11-23 18:00:00,2004,11,23,18,1101232800,17.09739273110139,2.735953825631608,99.84463068953367,0.2960140135991518,0.0,0.15619337122891824,0.57915637069973,3.536597874736688
2004-11-24 00:00:00,2004,11,24,0,1101254400,13.495745873210506,3.409934155242211,99.01543911633968,0.0030664194831129254,0.0,0.14457170779309658,0.5116958202137751,3.3047955545063648
2004-11-24 06:00:00,2004,11,24,6,1101276000,21.808353469757577,4.631912550204788,99.25723263026113,0.4828798495490627,12.3895821712013,0.23873234836505444,0.5830194214235457,4.100574935243802
2004-11-24 12:00:00,2004,11,24,12,1101297600,23.325309272336007,6.785443402174257,99.3549566391915,14.464043466327704,0.0,0.17241223084066717,0.5293316877276442,5.830929472863201
2004-11-24 18:00:00,2004,11,24,18,1101319200,16.764550593687712,3.2722309354925665,99.64458834063238,0.9075374170678547,0.0,0.1241017600481982,0.5755774739983333,3.4686819264809268
2004-11-25 00:00:00,2004,11,25,0,1101340800,12.72178837931692,5.312400286155286,99.47042363828034,0.07202278504409276,0.0,0.09799813936625087,0.5858592671162389,3.0405336599935566
2004-11-25 06:00:00,2004,11,25,6,1101362400,17.961565686724597,2.978585503043404,99.38298029804992,0.18778365997352853,0.0,0.11513602928117136,0.508537703338417,3.3451494561122237
2004-11-25 12:00:00,2004,11,25,12,1101384000,23.730021405463834,2.703559700126774,100.02487836061024,13.749354107265175,0.0,0.10997318216943086,0.535756611104349,5.494367683466913
2004-11-25 18:00:00,2004,11,25,18,1101405600,19.203987774734877,2.693721394223628,99.80662266663619,0.8304004552763855,0.0,0.13460164344748649,0.5594289126445935,3.753717188178909
2004-11-26 00:00:00,2004,11,26,0,1101427200,10.463659041341126,4.281511798059945,99.45208986240581,0.8247144317460068,0.0,0.16058047590160035,0.522021378436526,3.274761138648628
2004-11-26 06:00:00,2004,11,26,6,1101448800,16.770365972084672,2.922568518069716,99.42053016405004,0.18500450283385472,0.0,0.13310410356707517,0.5228574587591753,3.4962096851917135
2004-11-26 12:00:00,2004,11,26,12,1101470400,21.65651323725687,2.748799128291103,99.29386845346336,13.936650228551688,0.0,0.15984737448795697,0.518669925287359,5.178008962700214
2004-11-26 18:00:00,2004,11,26,18,1101492000,20.13505643130476,8.313362635398642,99.55164251223411,0.5017948658774822,0.0,0.14946233956009355,0.4748040460049828,3.9015311711954617
2004-11-27 00:00:00,2004,11,27,0,1101513600,12.032330946179409,3.108624360595924,99.23168690557044,0.41428049579794635,0.0,0.08,0.5571591780339962,2.758218151270321
2004-11-27 06:00:00,2004,11,27,6,1101535200,18.973591525674067,3.6243840743938263,99.12081310008372,0.5359204559019719,0.0,0.14356832949428075,0.49514426471226936,3.7394742339006957
2004-11-27 12:00:00,2004,11,27,12,1101556800,24.252920782974357,4.117302647307106,99.7610005161197,13.663164978056544,0.0,0.11395927662458002,0.4567567326759887,5.642514356563164
2004-11-27 18:00:00,2004,11,27,18,1101578400,17.797055126205766,2.9270189394968273,99.11357335935072,0.5315491726585112,0.0,0.13583303315401318,0.5568413174247481,3.73766078707963
2004-11-28 00:00:00,2004,11,28,0,1101600000,9.863476723166823,3.3776863935375645,99.34132613217932,0.6856081830756234,0.0,0.12187748988228715,0.5347398473772026,3.245801195597298
2004-11-28 06:00:00,2004,11,28,6,1101621600,20.263235170873138,4.279814022896701,99.23577168894765,0.06250327733434036,0.0,0.17875776153389897,0.4806530929955693,3.909822850411718
2004-11-28 12:00:00,2004,11,28,12,1101643200,25.47004930896505,4.246360944828647,99.33194366481251,14.305859834003133,0.0,0.13175638107673793,0.5527817285075406,6.075384447281761
2004-11-28 18:00:00,2004,11,28,18,1101664800,18.473910791564848,5.483161126864261,99.4126287597935,0.1653035989667939,0.0,0.1347110745044849,0.5401597782952235,3.5023427284479647
2004-11-29 00:00:00,2004,11,29,0,1101686400,12.432601491508194,3.5998329698503078,99.36280657842869,0.3602986632197107,0.0,0.14206414738551051,0.5149154614317211,3.068405149959982
2004-11-29 06:00:00,2004,11,29,6,1101708000,21.15078830456541,6.045557233154927,99.09808120389471,0.4706273625122561,0.0,0.09071679863167895,0.5043947825682352,3.8126543410727374
2004-11-29 12:00:00,2004,11,29,12,1101729600,22.385269899079283,4.4564588339778535,99.23847009196528,13.349097481824304,0.0,0.14216821925648246,0.5112350677992378,5.520008171135019
2004-11-29 18:00:00,2004,11,29,18,1101751200,19.650409330057137,3.9756584369107344,99.55720426512782,0.5483618355825723,0.0,0.11618697500933274,0.5211008131488551,3.421407531230104
2004-11-30 00:00:00,2004,11,30,0,1101772800,11.170501461109797,2.9462142441888717,99.43669219527658,0.8699737669656148,17.935865141744053,0.28350150574213134,0.4859078925925073,3.3094210451026407
2004-11-30 06:00:00,2004,11,30,6,1101794400,19.10121082377738,4.041791187730968,99.4881593700234,0.9010181629474432,0.0,0.1343724819191146,0.5431088174875163,3.371476280013165
2004-11-30 12:00:00,2004,11,30,12,1101816000,21.464711413308343,4.113924735314003,99.6408487993944,13.605254083418275,0.0,0.08820539820527871,0.5262364655283414,5.298328178628153
2004-11-30 18:00:00,2004,11,30,18,1101837600,18.981105761815183,4.892557152797332,99.53143116000929,0.558796608675996,0.0,0.1367506408997661,0.5055166468303713,3.434879123757917
2004-12-01 00:00:00,2004,12,1,0,1101859200,13.375952590666842,4.686742691170471,99.19819443770717,0.7767974316097154,1.8767037336880232,0.13107148179434322,0.5564744316580212,3.4474338380200242
2004-12-01 06:00:00,2004,12,1,6,1101880800,17.821375861075413,3.9143698601706354,99.4754887309031,0.25284571188618044,0.0,0.11345133636809396,0.49513458391332404,3.4882364344509575
2004-12-01 12:00:00,2004,12,1,12,1101902400,22.779483839302245,4.129682922753331,99.4681434628274,13.77988329415127,0.0,0.08,0.5506600919954222,5.4234437573951455
2004-12-01 18:00:00,2004,12,1,18,1101924000,19.99589354151602,5.001770095540746,98.90193234280792,0.3667215996648496,0.0,0.13346255849707384,0.5129618510388744,3.7890060529922263
2004-12-02 00:00:00,2004,12,2,0,1101945600,13.202434582580613,3.4541763373740837,98.88435816740969,0.37817495968099224,0.0,0.1178992026730005,0.5214780355214371,3.2532848923394817
2004-12-02 06:00:00,2004,12,2,6,1101967200,18.922896387218742,3.0221631640033806,99.51956826569523,0.0941375326797742,0.0,0.10360311827819234,0.4877366974982502,3.5400020440924225
2004-12-02 12:00:00,2004,12,2,12,1101988800,27.601161742098558,5.91545294617264,99.21724792769484,13.632055860827258,0.0,0.09439790973693599,0.4426598603310082,5.1778214279722725
2004-12-02 18:00:00,2004,12,2,18,1102010400,16.454009336308044,7.8340902881083085,99.24758286029996,0.16087925680311338,0.0,0.1285782956436022,0.513129089580928,3.665510080482463
2004-12-03 00:00:00,2004,12,3,0,1102032000,12.136487370501133,3.6690061074948224,99.47599955963034,0.3012700724578875,0.0,0.11741383163366648,0.4576368566316623,2.9016743511172054
2004-12-03 06:00:00,2004,12,3,6,1102053600,15.816238108466102,9.782614647811098,99.3984636385644,0.3302811028999454,0.0,0.11055384464520308,0.4748936667795183,3.4826963769953374
2004-12-03 12:00:00,2004,12,3,12,1102075200,20.745891205868276,3.4121061845782337,99.37685749035138,13.63093649719072,0.0,0.09068510986803502,0.495549105171154,5.162209590745057
2004-12-03 18:00:00,2004,12,3,18,1102096800,21.150553540051835,2.930996524643374,99.8427962443363,0.9169137389595421,0.0,0.11650590787453993,0.4740217532957971,3.536601261313005
2004-12-04 00:00:00,2004,12,4,0,1102118400,12.627842335559171,4.125396283395909,99.32648986160557,0.6309970856511219,0.0,0.1128302007245574,0.48680522225648953,2.4811047515390587
2004-12-04 06:00:00,2004,12,4,6,1102140000,14.30570393581085,5.89054888731193,99.47961628327661,0.9744620384881,0.0,0.13428320071276373,0.493743486764218,3.206291080379338
2004-12-04 12:00:00,2004,12,4,12,1102161600,22.83251840024768,4.292305250408481,99.22491688650452,13.767580637802585,0.0,0.08401643016300747,0.44353038664449307,4.772593548622302
2004-12-04 18:00:00,2004,12,4,18,1102183200,17.515520232019185,2.86504440876767,99.71206837032098,0.8054900431004641,0.0,0.09364875616856227,0.495982117595355,2.925336468273357
2004-12-05 00:00:00,2004,12,5,0,1102204800,11.64897100742693,2.892064463250788,99.50977328005442,0.8341514662922916,0.0,0.14436534049095634,0.46356175519821735,3.1269041196390974
2004-12-05 06:00:00,2004,12,5,6,1102226400,17.56135879693992,4.80715043520094,99.93721823848331,0.7390038045601277,0.0,0.10932393672791227,0.4501562195762944,3.1876985448365533
2004-12-05 12:00:00,2004,12,5,12,1102248000,23.459507554572127,5.6740278305791865,99.45174185953134,13.824865843849672,0.0,0.11054766427043708,0.4221564042427569,5.37079128868259
2004-12-05 18:00:00,2004,12,5,18,1102269600,17.607860705470806,3.311818451764814,99.50161791002789,0.417914991836469,0.0,0.12481225261874553,0.4355664657925937,3.213410305145712
2004-12-06 00:00:00,2004,12,6,0,1102291200,14.469955129238821,3.8504563860777674,99.40389617714305,0.56727614520502,0.0,0.13928148190054282,0.4773185643261233,3.4363806832977835
2004-12-06 06:00:00,2004,12,6,6,1102312800,18.0995711985823,7.767558718814625,99.88769716784346,0.1937166736328988,0.0,0.08,0.477873602060086,3.389215542893686
2004-12-06 12:00:00,2004,12,6,12,1102334400,23.212089145692484,3.823642750286766,99.52642745818758,13.752654960217132,0.0,0.1466706261647122,0.49215167488349076,5.396019965810126
2004-12-06 18:00:00,2004,12,6,18,1102356000,17.90341120418741,3.1167190720911186,99.39132641061231,0.514296522098336,0.0,0.1021610106438339,0.5280721377625598,3.674828964102476
2004-12-07 00:00:00,2004,12,7,0,1102377600,11.312322419552505,6.561229558888686,99.15444902122621,0.8043252556429555,0.0,0.10586571758688475,0.511647691325201,2.932396133628669
2004-12-07 06:00:00,2004,12,7,6,1102399200,16.372235416288042,3.9467982752003206,98.76087020763875,0.9025436244522131,0.0,0.10179002376588965,0.5008373915314054,3.358124955639276
2004-12-07 12:00:00,2004,12,7,12,1102420800,23.344138190039345,3.5545986391374544,99.4501299991626,13.248102087907007,0.0,0.13054500793998386,0.5065572502532952,5.523147263652924
2004-12-07 18:00:00,2004,12,7,18,1102442400,17.02574342081786,3.0752729592490837,99.33170744246196,0.6909078016153974,0.0,0.11975788987118638,0.47638908009615155,3.0203369549990406
2004-12-08 00:00:00,2004,12,8,0,1102464000,14.033369886911766,3.864889805399285,98.48164257271321,0.9500463080638774,0.0,0.09525897548131107,0.4701749768614832,3.170487034099566
2004-12-08 06:00:00,2004,12,8,6,1102485600,17.633884510492074,5.147794542640619,99.30606900191961,0.91788083741715,0.0,0.08,0.5114108197153827,3.6475649895196494
2004-12-08 12:00:00,2004,12,8,12,1102507200,21.977258224610114,4.83985316140339,99.11703136655015,13.932080448495483,0.0,0.0933002186580571,0.4717854306561418,4.997946305082842
2004-12-08 18:00:00,2004,12,8,18,1102528800,18.524953294159367,3.974931681697659,99.92929622198797,0.04834100043357741,1.299884183416744,0.08440885252455653,0.4724257577667591,3.2111523488497977
2004-12-09 00:00:00,2004,12,9,0,1102550400,13.153267848501086,4.876447175857219,99.41653177314473,0.25248411663987236,0.0,0.11356523026265503,0.4945584870327647,3.2850145844029717
2004-12-09 06:00:00,2004,12,9,6,1102572000,15.62669129829655,3.6174163763381935,99.80660684950412,0.14828846472060897,0.0,0.08217408748693958,0.4512917871327156,2.5806545150575735
2004-12-09 12:00:00,2004,12,9,12,1102593600,20.382138593943054,4.96304289251453,99.57055198331987,14.00838799196886,0.0,0.09369392589828293,0.45555167891629533,5.199097719129642
2004-12-09 18:00:00,2004,12,9,18,1102615200,18.96930010526922,3.1039366585037986,99.74059609515601,0.7488898155456982,0.0,0.11920623114766041,0.41874752481067984,3.03646418368193
2004-12-10 00:00:00,2004,12,10,0,1102636800,11.976725115084221,3.326995477339183,100.13158749535779,0.5317846363302735,0.0,0.10948511569868766,0.43997258076863127,2.662273350667692
2004-12-10 06:00:00,2004,12,10,6,1102658400,18.318322896545876,6.145919076468423,99.68651241954153,0.9794002354210168,0.0,0.10100770010083576,0.4439582972078531,3.3619934370779068
2004-12-10 12:00:00,2004,12,10,12,1102680000,23.439230041725203,3.515193753281569,100.40417592492095,13.26142910088275,0.0,0.08,0.44565114579029685,4.840770499582042
2004-12-10 18:00:00,2004,12,10,18,1102701600,19.89555772886164,3.339612665555864,99.62862905613791,0.6415719177989084,0.0,0.10304776896416001,0.4781637368356161,3.261074379655144
2004-12-11 00:00:00,2004,12,11,0,1102723200,15.545438145631284,3.1579183415246685,99.81298899308855,0.6093810282736377,0.0,0.08,0.41781874525543977,2.824669423264574
2004-12-11 06:00:00,2004,12,11,6,1102744800,16.35504735716768,3.7668240269848385,99.34667937086944,0.34045424491986054,0.0,0.10084853846312337,0.49275450066990695,3.4482377666289685
2004-12-11 12:00:00,2004,12,11,12,1102766400,22.847241146237142,3.1220918066274264,99.01883032780135,13.538809272232537,16.597599768330653,0.2307964342770767,0.38627570235267666,5.593612035732426
2004-12-11 18:00:00,2004,12,11,18,1102788000,17.885775183692292,4.048784901404762,98.6962684567031,0.2353861686599738,0.0,0.1151048585006452,0.46602652983927134,2.9592020238790577
2004-12-12 00:00:00,2004,12,12,0,1102809600,15.332490108522977,6.816373574512909,99.71751952698291,0.6771147557479799,0.0,0.0925876048872463,0.466782282011501,3.279119484173137
2004-12-12 06:00:00,2004,12,12,6,1102831200,15.894776444883858,5.363259224337352,99.30657182350139,0.41824071034030463,0.0,0.08834117621994839,0.4630417522545731,3.1091044258534755
2004-12-12 12:00:00,2004,12,12,12,1102852800,25.207304964520034,3.1049042895070404,99.35041573983163,13.065163497482601,0.0,0.09642032008791902,0.47514977234682365,5.186591751251899
2004-12-12 18:00:00,2004,12,12,18,1102874400,18.897884335923745,3.5771124486451495,99.34589482139572,0.9507852230739448,0.0,0.08628729041660047,0.4359339515527185,3.152315176687814
2004-12-13 00:00:00,2004,12,13,0,1102896000,12.215128691634611,3.3790017900562708,99.2574497546125,0.5014191572724409,0.0,0.08761008293747913,0.47404822979292716,2.841402435235934
2004-12-13 06:00:00,2004,12,13,6,1102917600,19.347587794440336,3.1712047751033206,99.95463024589574,0.7056338797012782,0.0,0.1120759200695233,0.41573390068646304,2.9642818664139567
2004-12-13 12:00:00,2004,12,13,12,1102939200,22.476790186169545,3.2397876118959066,99.19285738329302,13.228197087997142,0.0,0.10739258381455949,0.4182504482513899,4.893324131234571
2004-12-13 18:00:00,2004,12,13,18,1102960800,15.61505835769229,6.648582152944455,99.60418367109244,0.12722971791603768,0.0,0.10050967201751133,0.49852778917522067,3.016168929430712
2004-12-14 00:00:00,2004,12,14,0,1102982400,13.208195891067843,3.648839199007119,99.60898965690069,0.9024219296465643,0.0,0.08896191264749662,0.43591148891575643,2.633182090895873
2004-12-14 06:00:00,2004,12,14,6,1103004000,17.6302703841583,3.8389857871577164,99.01701711739618,0.5909325233188955,0.0,0.08,0.4591595169195771,3.2070512110518337
2004-12-14 12:00:00,2004,12,14,12,1103025600,22.298494592355883,4.0894880855374796,99.63532680060227,13.515744009810621,0.0,0.10538007669186661,0.4454909225766039,5.155243532018812
2004-12-14 18:00:00,2004,12,14,18,1103047200,16.840735247379666,5.141383352686719,99.11736629495924,0.5211500356541119,0.0,0.08,0.45230658151779307,3.2518702448075407
2004-12-15 00:00:00,2004,12,15,0,1103068800,13.939806018835435,5.51895500072574,99.43976953434834,0.23620259720508552,0.0,0.11729368587748842,0.3645746163996982,2.3493785336514383
2004-12-15 06:00:00,2004,12,15,6,1103090400,17.994316482952808,8.092097640762098,99.35178703741806,0.9126863685127253,0.0,0.09584583520846755,0.43602160115833394,3.3731280798415844
2004-12-15 12:00:00,2004,12,15,12,1103112000,22.303414101224288,3.471841586304637,99.48287206552368,13.229234334978639,0.0,0.10525067106291262,0.42520551491534164,5.008005517560557
2004-12-15 18:00:00,2004,12,15,18,1103133600,17.10663591335136,3.654268883067147,99.64748652011158,0.15800627783399993,6.546892383023072,0.15643938465458923,0.4539314492912335,3.003139824427256
2004-12-16 00:00:00,2004,12,16,0,1103155200,12.318965595899892,3.705036558943087,99.20687012712476,0.9300458878555408,0.0,0.08,0.39496431909604324,2.4521092353078475
2004-12-16 06:00:00,2004,12,16,6,1103176800,17.135041653041434,4.025871203345564,99.29606062129332,0.25757385630306917,0.0,0.09829312696285361,0.45463343423872354,3.128504005160505
2004-12-16 12:00:00,2004,12,16,12,1103198400,22.39909455580446,5.612734410394152,98.98317239635294,13.871557046530476,7.322598562172264,0.12440500317095377,0.382643398325002,5.25552324747299
2004-12-16 18:00:00,2004,12,16,18,1103220000,19.098983424406878,3.5525729881064554,99.14481301332155,0.7725128074962383,0.0,0.08,0.4052843147551383,3.2009274413187616
2004-12-17 00:00:00,2004,12,17,0,1103241600,12.446488129906335,5.458363931988482,99.70312907497248,0.38194361755846495,0.0,0.08,0.3655695250123213,2.154156539970205
2004-12-17 06:00:00,2004,12,17,6,1103263200,18.233669747949513,3.5094272836133777,99.36382504196834,0.25400200628909886,0.0,0.08,0.38050157633246995,2.8098508454548945
2004-12-17 12:00:00,2004,12,17,12,1103284800,22.426488903331112,5.024692996119425,99.74814677004134,13.76361799904488,0.0,0.08979980469790931,0.41312672858652605,4.783078822514277
2004-12-17 18:00:00,2004,12,17,18,1103306400,15.342529906386831,5.573803136535142,99.18980974476172,0.5975986909500555,0.0,0.10237677330032115,0.4539704989289812,3.1210648611009777
2004-12-18 00:00:00,2004,12,18,0,1103328000,13.328371006792565,6.076346039063068,99.24752519084012,0.25404034977302326,0.0,0.08,0.40803159589767973,2.654445375207121
2004-12-18 06:00:00,2004,12,18,6,1103349600,16.926312518635175,4.2632424432504115,99.80987220556956,0.8908794660871303,0.0,0.08,0.36846414310688735,2.7902707298452563
2004-12-18 12:00:00,2004,12,18,12,1103371200,24.001327457025813,3.790185459828436,99.54748323349818,13.722649175200427,0.0,0.08,0.34365583569205793,5.568908283552931
2004-12-18 18:00:00,2004,12,18,18,1103392800,20.483228768600835,5.412487708531296,99.03139612152614,0.9092781306896991,0.0,0.08127241895022921,0.42719049552448396,3.2010951581055105
2004-12-19 00:00:00,2004,12,19,0,1103414400,12.00815204870914,3.7981766166399438,99.31232623574073,0.4374703869643328,0.0,0.0896897826070269,0.3813081204244331,2.5117837666010923
2004-12-19 06:00:00,2004,12,19,6,1103436000,19.357905627654556,3.4580693677017695,99.7404755342063,0.12819951421274134,0.0,0.08,0.38531852996266724,3.115932090166996
2004-12-19 12:00:00,2004,12,19,12,1103457600,22.38194689322504,5.917526881414007,99.43161987226232,13.92426056600869,0.0,0.09140781582559225,0.43332930028644334,5.277876109349652
2004-12-19 18:00:00,2004,12,19,18,1103479200,17.53873571119001,4.01226727699112,99.84733056278299,0.6014260305637581,0.0,0.08,0.3969831949624122,3.1040276886561977
2004-12-20 00:00:00,2004,12,20,0,1103500800,13.568583888729695,4.511926699824127,99.09723612339705,0.6060595004707697,0.0,0.08,0.38610273943420265,2.740137610372481
2004-12-20 06:00:00,2004,12,20,6,1103522400,15.051961064264187,7.002759204356997,99.84924795319894,0.5842654412897157,0.0,0.08,0.3999085963833663,2.878106977750013
2004-12-20 12:00:00,2004,12,20,12,1103544000,20.415444162463885,3.46198100241044,99.13056045277696,13.47257822694838,0.0,0.08,0.43952035888536656,4.8440538285027595
2004-12-20 18:00:00,2004,12,20,18,1103565600,18.087965085246456,4.4649613506050905,99.55873960295771,0.2550430798103272,0.0,0.08,0.40268227418314984,2.896393978755461
2004-12-21 00:00:00,2004,12,21,0,1103587200,9.07813501152786,4.49580187926201,99.77223600837418,0.6130218780209203,0.0,0.08,0.3243016497551967,2.0069452817081417
2004-12-21 06:00:00,2004,12,21,6,1103608800,19.63389806115661,6.238108166063765,99.52694617856172,0.7186027443067806,0.0,0.08,0.36454199266043674,2.9365556857833703
2004-12-21 12:00:00,2004,12,21,12,1103630400,25.00856638099875,3.8946739681710563,99.6595799506881,13.918209942470584,0.0,0.11886594816710576,0.3805453875752298,5.44994456546143
2004-12-21 18:00:00,2004,12,21,18,1103652000,18.53643630719493,4.037813503798095,99.79542816041123,0.07214770806485053,0.0,0.09424493794553428,0.41498382711326876,3.328671296019458
2004-12-22 00:00:00,2004,12,22,0,1103673600,12.8164597856422,4.392828359988176,99.63293157152609,0.25470953255249007,0.0,0.08,0.3458097428689685,2.34260855989397
2004-12-22 06:00:00,2004,12,22,6,1103695200,19.675974101041152,3.5685244523722983,99.39685841628963,0.7766857867555,0.0,0.08,0.38755285001339135,3.119092370634306
2004-12-22 12:00:00,2004,12,22,12,1103716800,22.315255178820404,4.248272290459583,99.4221829180974,13.779780117972784,0.0,0.08,0.38063279657594906,5.242747583788312
2004-12-22 18:00:00,2004,12,22,18,1103738400,17.447022626525726,4.1533509366784385,99.23685428718298,0.21203450612575472,0.0,0.08,0.41358379071281526,3.207209079070753
2004-12-23 00:00:00,2004,12,23,0,1103760000,12.815490531089857,3.649525838625471,99.12776078085405,0.18471767887639456,0.0,0.09517579340914153,0.34717747269394134,2.656740620315241
2004-12-23 06:00:00,2004,12,23,6,1103781600,16.780119793331785,6.004532410787189,99.88770208332154,0.36714020925945035,0.0,0.0824831684308879,0.38210369455504956,3.0257514956967992
2004-12-23 12:00:00,2004,12,23,12,1103803200,24.958741653484303,4.165589205354291,99.67678167084236,13.07198769272553,0.0,0.08,0.423078596665381,5.025744229308182
2004-12-23 18:00:00,2004,12,23,18,1103824800,19.91228499872674,3.867755375022118,99.92683146495006,0.7303607855363955,0.0,0.08060574827064343,0.4040535618903316,3.10349762845169
2004-12-24 00:00:00,2004,12,24,0,1103846400,11.62128596343316,3.5548859291662325,99.67718634789877,0.6698087251048863,0.0,0.08,0.38905306710352483,2.5275002852355564
2004-12-24 06:00:00,2004,12,24,6,1103868000,16.90811219216422,3.4863978070682937,99.38833312611013,0.8587254943332,0.0,0.08,0.3617583008697002,2.9421176478463553
2004-12-24 12:00:00,2004,12,24,12,1103889600,22.508743688038827,8.182193916437525,99.1446938200454,13.445043297480522,0.0,0.08145863147538876,0.3756162556505807,4.894312593961192
2004-12-24 18:00:00,2004,12,24,18,1103911200,19.83577526951325,11.339576008535063,99.3404102439578,0.6367360090397334,0.0,0.08,0.367690621855076,3.718701595599758
2004-12-25 00:00:00,2004,12,25,0,1103932800,12.514580552677026,6.7941296045867094,99.69864686830394,0.9539494887790461,0.0,0.09400784991885872,0.3907548414405185,3.0897695730756416
2004-12-25 06:00:00,2004,12,25,6,1103954400,18.282102444494,4.291535242848251,99.28236794037296,0.9588023146253414,0.0,0.08,0.38085144891782646,3.2231131799442263
2004-12-25 12:00:00,2004,12,25,12,1103976000,21.445422688630405,5.845784680191885,99.89169355380767,13.093470752081378,0.0,0.08,0.34623203167724714,5.065427505549215
2004-12-25 18:00:00,2004,12,25,18,1103997600,20.329167635646222,6.067256195040139,99.38789914319743,0.001884344950832158,1.8679840009580404,0.09511332333730368,0.41742083180490464,3.4815781154614505
2004-12-26 00:00:00,2004,12,26,0,1104019200,11.30842855449655,3.931399997068059,99.13606999520059,0.9599843950300175,0.0,0.08067711205923421,0.39516706805684054,2.5818989068678175
2004-12-26 06:00:00,2004,12,26,6,1104040800,17.44493962424729,4.719735575459852,99.40328216341223,0.5353166019467847,0.0,0.08,0.33303878663717185,2.858659997073665
2004-12-26 12:00:00,2004,12,26,12,1104062400,20.502808944789322,8.110433201056882,99.56687298754721,13.73166763874772,0.0,0.08,0.3487196162096248,4.821957294326434
2004-12-26 18:00:00,2004,12,26,18,1104084000,19.91472220129355,3.8896937173208412,100.00776993492084,0.9125971580386526,0.0,0.08,0.3542838724955361,3.101844081640837
2004-12-27 00:00:00,2004,12,27,0,1104105600,13.033484902598254,5.053573354527288,99.53269963886486,0.4331545991033764,0.0,0.08,0.37750080629272315,2.4029159855720774
2004-12-27 06:00:00,2004,12,27,6,1104127200,20.74847107038843,5.052037941739449,99.31207247025392,0.4406532819481064,0.0,0.08,0.328739089528386,3.0904854374743307
2004-12-27 12:00:00,2004,12,27,12,1104148800,21.60923074224494,4.3266273372654975,99.92381421382626,13.208594971426086,5.253312534743358,0.13700321372717283,0.33293680065555503,4.676786480576558
2004-12-27 18:00:00,2004,12,27,18,1104170400,19.65449134419511,4.433554862365501,99.84344539233857,0.9058282805851174,0.0,0.08,0.37936338131930397,3.010980696315938
2004-12-28 00:00:00,2004,12,28,0,1104192000,13.691394814175244,4.362631723129512,99.46697345364399,0.6476733060319608,0.0,0.08,0.3637477343604951,2.8662436246817102
2004-12-28 06:00:00,2004,12,28,6,1104213600,16.911222561523914,4.552690510535011,99.01382858015485,0.18026924729155103,0.0,0.08,0.2885334203656056,2.8799319442541984
2004-12-28 12:00:00,2004,12,28,12,1104235200,22.112361838485278,3.689990695370338,99.32476055380066,13.613220994716055,0.0,0.08,0.3667154384922373,4.65641709513419
2004-12-28 18:00:00,2004,12,28,18,1104256800,18.922884656952277,5.823636272683985,99.71733252065863,0.32816393838945285,0.0,0.08,0.30275940214664543,3.0953116225029356
2004-12-29 00:00:00,2004,12,29,0,1104278400,13.067100327281139,5.097145117432417,99.87443768175477,0.1471819698065262,0.0,0.08,0.321924816114156,2.3250238966902232
2004-12-29 06:00:00,2004,12,29,6,1104300000,17.097552711266925,8.93844949886115,99.54260151822646,0.18186944739479882,0.0,0.0859894734880357,0.3300182989659671,2.8727814421038036
2004-12-29 12:00:00,2004,12,29,12,1104321600,25.746579083681493,3.897014664068846,99.47447317212038,13.625967493351917,0.0,0.08,0.3268850591885564,5.305366979668002
2004-12-29 18:00:00,2004,12,29,18,1104343200,18.190816426410453,3.7108603154501374,99.3459841571073,0.56438522593276,0.0,0.08,0.3214829293763474,2.6133649056103248
2004-12-30 00:00:00,2004,12,30,0,1104364800,12.58694996978561,4.1290891216398515,99.72386509385672,0.7899407810523258,0.0,0.08,0.3038089829649963,2.0302645531853045
2004-12-30 06:00:00,2004,12,30,6,1104386400,16.52708542479616,4.569233417616955,99.1948770321859,0.24798428420332863,0.0,0.08,0.350314691689962,2.6430723185307334
2004-12-30 12:00:00,2004,12,30,12,1104408000,22.368935787292216,3.8441377738345803,99.33554420022534,13.997286913373328,0.0,0.08,0.28654966848712266,4.57738322225985
2004-12-30 18:00:00,2004,12,30,18,1104429600,14.935048780174496,4.425949669692007,99.91163146422386,0.5186129315470166,0.9235473914698494,0.08,0.31899162646751605,2.5211947596719866
2004-12-31 00:00:00,2004,12,31,0,1104451200,13.180214669759913,5.0692251500175445,99.79160116854327,0.20417268884128614,0.0,0.08,0.3526579791304408,2.1898813603477754
2004-12-31 06:00:00,2004,12,31,6,1104472800,19.27714100162503,3.612535913237551,99.94541383667139,0.41328057560339093,0.0,0.08,0.3408492684604651,3.014768124418312
2004-12-31 12:00:00,2004,12,31,12,1104494400,25.330047425614175,5.654231477278137,99.30423843580806,14.021013470232567,0.0,0.08,0.2873880455573422,5.409391365627134
2004-12-31 18:00:00,2004,12,31,18,1104516000,17.550954268797447,7.738735436866699,99.12451099664703,0.47815654286686765,0.0,0.08,0.27103847850062096,2.906310589823119
