datetime,year,month,day,hour,system:time_start,region,temp_c,wind_speed,pressure_kpa,solar_rad,precip,soil_moisture,ndvi,modis_et_mm
2021-01-01 00:00:00,2021,1,1,0,1609459200,kolhapur,12.841304131484833,3.896337673658399,99.47870976704587,0.20381868018488325,0.0,0.08,0.3455542298456665,2.363181027176853
2021-01-01 06:00:00,2021,1,1,6,1609480800,kolhapur,18.057088770581107,5.6725917210034655,99.34642058057435,0.8469234181097952,0.0,0.08,0.33561646445656546,2.9202558413338475
2021-01-01 12:00:00,2021,1,1,12,1609502400,kolhapur,23.59694566187116,5.440395032998658,99.43675350734947,13.378948993720085,0.0,0.08,0.3458815999142211,4.783367601355518
2021-01-01 18:00:00,2021,1,1,18,1609524000,kolhapur,18.575145785130456,7.042207905089153,99.2096754178148,0.7929855833149491,0.0,0.08,0.33272806423414436,3.293366290821313
2021-01-02 00:00:00,2021,1,2,0,1609545600,kolhapur,11.063206652159538,3.6032426563010373,99.616552688902,0.4888059077349419,6.040004065475013,0.132087823290006,0.35087559908969457,2.771101028489095
2021-01-02 06:00:00,2021,1,2,6,1609567200,kolhapur,20.136574488302923,4.441587079804688,99.82194362543423,0.7315486825385661,0.0,0.08,0.3513787144292204,3.2692212479299885
2021-01-02 12:00:00,2021,1,2,12,1609588800,kolhapur,23.388969586471653,5.25683000807499,99.2544234917934,13.496695199187657,0.0,0.08,0.3683491412010359,5.034202069346778
2021-01-02 18:00:00,2021,1,2,18,1609610400,kolhapur,17.903216464387413,3.7016346025512044,99.8837882943601,0.34714059709477757,0.0,0.08,0.33322862966468647,2.832425253795586
2021-01-03 00:00:00,2021,1,3,0,1609632000,kolhapur,13.885757632942562,4.370415164623678,99.53272326523187,0.8413595989593323,0.0,0.08,0.32708276730377006,2.7310403454070613
2021-01-03 06:00:00,2021,1,3,6,1609653600,kolhapur,18.594301915610238,7.852194161906247,99.57099050921022,0.03530225451406965,0.0,0.08,0.36992239636302404,3.1103425297539875
2021-01-03 12:00:00,2021,1,3,12,1609675200,kolhapur,24.390082659422497,4.436306825825106,98.98883796040622,14.109145261091198,0.0,0.08,0.3528342159059368,5.265853152764895
2021-01-03 18:00:00,2021,1,3,18,1609696800,kolhapur,19.046464133414354,9.918021660252613,98.95648812341875,0.648179558265375,0.0,0.08,0.3324741706402748,3.1041907430823144
2021-01-04 00:00:00,2021,1,4,0,1609718400,kolhapur,14.350849842255561,3.69098115616616,99.5408652141405,0.4324833881994421,0.0,0.08,0.26908514681920714,2.5244652687102915
2021-01-04 06:00:00,2021,1,4,6,1609740000,kolhapur,20.300571357352435,5.501070779378026,99.73454994269619,0.6280545311504252,0.0,0.08,0.26040890555423674,3.138251978742859
2021-01-04 12:00:00,2021,1,4,12,1609761600,kolhapur,24.59951732221762,4.908088304913484,99.29621617221311,13.277691817836953,0.0,0.08,0.32930053739598575,4.785223194321858
2021-01-04 18:00:00,2021,1,4,18,1609783200,kolhapur,18.033351168268318,4.6445443168232305,99.99865847548152,0.5140524552935493,0.0,0.08,0.3305370921134335,2.757069978835518
2021-01-05 00:00:00,2021,1,5,0,1609804800,kolhapur,11.626609994906342,8.93176403902212,99.7167789672109,0.9850955233397977,0.0,0.08,0.2832545423017783,2.516394158130268
2021-01-05 06:00:00,2021,1,5,6,1609826400,kolhapur,20.812658628528364,3.8372376624057263,99.22379579942222,0.23526943784670684,0.0,0.08,0.31555505469169,3.0574628977761584
2021-01-05 12:00:00,2021,1,5,12,1609848000,kolhapur,22.954376669000922,7.023978647956694,99.50555277505066,13.899207220580132,0.0,0.08,0.2775437706994013,4.776674111993053
2021-01-05 18:00:00,2021,1,5,18,1609869600,kolhapur,17.601300608980807,5.391735699818361,100.23937691505164,0.43497137583170226,0.0,0.08,0.3221035194033359,2.8689757348056864
2021-01-06 00:00:00,2021,1,6,0,1609891200,kolhapur,10.745031160618097,4.10427657793512,99.12190161907161,0.6524581484879536,0.0,0.08,0.3169169054707005,1.945471368590027
2021-01-06 06:00:00,2021,1,6,6,1609912800,kolhapur,18.857831045232924,7.133778678343351,99.65315180158605,0.20488722869177545,0.0,0.08,0.31672256070947613,3.116457138593016
2021-01-06 12:00:00,2021,1,6,12,1609934400,kolhapur,23.57345129319541,4.495976590744001,99.39784745409452,13.67080153431888,0.0,0.08,0.3090363507009518,4.965567253897684
2021-01-06 18:00:00,2021,1,6,18,1609956000,kolhapur,16.077448982890537,6.179499866218609,99.70673970718707,0.9800927138592768,0.0,0.08,0.2901466129742829,2.9862985174119006
2021-01-07 00:00:00,2021,1,7,0,1609977600,kolhapur,14.071458932838535,4.41889825143822,99.87293081635325,0.19528715101600957,0.0,0.08,0.28666673778439206,2.4928289956460983
2021-01-07 06:00:00,2021,1,7,6,1609999200,kolhapur,17.64425998858661,6.535329320375155,99.37687759584432,0.6364450278487571,0.0,0.08,0.3277905029273692,2.8986466279299945
2021-01-07 12:00:00,2021,1,7,12,1610020800,kolhapur,27.42702038057181,5.198808948405173,99.82842240396988,13.800763974490522,0.0,0.08,0.30546499114300507,5.041707049366046
2021-01-07 18:00:00,2021,1,7,18,1610042400,kolhapur,17.537506081502467,3.9083730373911374,100.15910974073932,0.565051586290405,6.988003201062966,0.11230294740987237,0.3076602154615453,2.762616809776423
2021-01-08 00:00:00,2021,1,8,0,1610064000,kolhapur,12.78243890228617,5.279208453987969,99.51041487333549,0.6151232896516171,0.0,0.08,0.28967638951823127,2.391238206022184
2021-01-08 06:00:00,2021,1,8,6,1610085600,kolhapur,17.123064564201307,4.024492075934159,99.72599905838048,0.5022379736882281,0.0,0.08,0.3066251900764499,2.5908756791468637
2021-01-08 12:00:00,2021,1,8,12,1610107200,kolhapur,25.35204368214582,4.502263289959011,99.31340022107125,13.2683415363005,0.0,0.08,0.31584961565313674,4.839838419497031
2021-01-08 18:00:00,2021,1,8,18,1610128800,kolhapur,17.87606520888573,3.985946809006101,99.4963102448416,0.9000968114631195,0.0,0.08,0.2682426832522942,2.722334847252297
2021-01-09 00:00:00,2021,1,9,0,1610150400,kolhapur,12.393780305816591,3.7648563619019084,99.43502013785123,0.8269788274840308,0.0,0.08,0.2989469071074832,2.1046092729559294
2021-01-09 06:00:00,2021,1,9,6,1610172000,kolhapur,19.541584051345648,4.0886330520257825,99.72710344336127,0.17416768092112134,0.0,0.08,0.27438197267393594,2.645998924161972
2021-01-09 12:00:00,2021,1,9,12,1610193600,kolhapur,21.410622133345058,4.884472466422061,99.84942544639077,13.692335633207872,0.0,0.08,0.2905800885152543,4.67936906552044
2021-01-09 18:00:00,2021,1,9,18,1610215200,kolhapur,19.418817355838257,4.716862495705097,99.45512621092846,0.7705489806935696,0.0,0.08,0.30622158498308355,3.007343333484924
2021-01-10 00:00:00,2021,1,10,0,1610236800,kolhapur,16.201401744317884,4.801158511057402,99.94530696047593,0.9800623153872844,0.0,0.08,0.23171664078654902,2.6828015997406736
2021-01-10 06:00:00,2021,1,10,6,1610258400,kolhapur,19.379213918669233,4.1838437012503364,99.94423433922455,0.9511370464417864,0.0,0.08,0.24275308449173372,2.823790739482429
2021-01-10 12:00:00,2021,1,10,12,1610280000,kolhapur,24.48614964380649,5.49048149496082,99.73927622971003,14.207472240971855,0.0,0.08,0.2554858880955256,4.901666158509006
2021-01-10 18:00:00,2021,1,10,18,1610301600,kolhapur,19.834392494777823,5.584368270747529,99.33041214723954,0.15837389729914128,0.0,0.08,0.25335734520443776,2.9339227028971533
2021-01-11 00:00:00,2021,1,11,0,1610323200,kolhapur,16.144228574379706,4.447015355660758,99.29857696084603,0.9144751060090048,0.0,0.08,0.2645225483922022,2.633477705915255
2021-01-11 06:00:00,2021,1,11,6,1610344800,kolhapur,20.394507471395084,6.977433249601722,99.238411199461,0.8784449129510794,0.0,0.08,0.3201644417731455,3.060440898271191
2021-01-11 12:00:00,2021,1,11,12,1610366400,kolhapur,24.239171114775964,5.331674713052528,99.76687542693945,13.715503845293822,0.0,0.08,0.30474642198054536,4.813510661523013
2021-01-11 18:00:00,2021,1,11,18,1610388000,kolhapur,19.93550363232043,5.654954945031946,99.11859514362119,0.39452259453626365,0.0,0.08,0.25197532139386897,3.1263555377090024
2021-01-12 00:00:00,2021,1,12,0,1610409600,kolhapur,12.303327310069257,4.294881224809943,99.68179137620021,0.45990892195516075,0.0,0.08,0.28960873763433015,2.780768698785011
2021-01-12 06:00:00,2021,1,12,6,1610431200,kolhapur,19.796670084387905,3.80857448322394,99.15440727561968,0.656175630966417,0.0,0.08,0.26224555662101057,2.938932381556871
2021-01-12 12:00:00,2021,1,12,12,1610452800,kolhapur,22.1238957414913,6.815556785156025,99.7258039159195,13.631211730013767,0.0,0.08,0.27385471538085515,4.599809611122244
2021-01-12 18:00:00,2021,1,12,18,1610474400,kolhapur,18.08169607031948,6.400194887421884,99.48390595478608,0.022948429439946322,0.0,0.08,0.23411645698355596,2.959435184192078
2021-01-13 00:00:00,2021,1,13,0,1610496000,kolhapur,9.063132831802474,4.0300829360890695,99.87515610081515,0.14122952459724225,0.0,0.08,0.21809657101386518,1.7442084435340959
2021-01-13 06:00:00,2021,1,13,6,1610517600,kolhapur,19.289120583568522,4.535741573308195,99.81750090575358,0.44011590757677366,0.0,0.08,0.2796875335593763,2.905685613038704
2021-01-13 12:00:00,2021,1,13,12,1610539200,kolhapur,22.721168077854802,5.457017143326943,99.90558415585782,13.68557272083315,0.0,0.08,0.2587024518836001,4.696508843534803
2021-01-13 18:00:00,2021,1,13,18,1610560800,kolhapur,20.353693917324023,5.41668937728133,99.91331014774393,0.7645165610361335,0.0,0.08,0.27339499213709845,3.0222566173912764
2021-01-14 00:00:00,2021,1,14,0,1610582400,kolhapur,14.329178413487016,6.81093672512476,99.51418930207942,0.10669007054927138,0.0,0.08,0.29973169150159534,2.5029707890480686
2021-01-14 06:00:00,2021,1,14,6,1610604000,kolhapur,20.43003333963135,4.0847112803305325,99.12346213195558,0.9174652255548038,0.0,0.08,0.24475526261617317,3.0753048828876404
2021-01-14 12:00:00,2021,1,14,12,1610625600,kolhapur,22.118494680570105,4.701028976158694,99.15534313538375,14.333453390090273,0.0,0.08,0.24503020180019955,4.629453483561909
2021-01-14 18:00:00,2021,1,14,18,1610647200,kolhapur,20.30146855331836,4.011431070940972,98.84504549308818,0.9087568169332898,0.0,0.08,0.30497910086765023,3.1080922655672505
2021-01-15 00:00:00,2021,1,15,0,1610668800,kolhapur,16.961737559327045,4.623479464726982,99.14174806357686,0.7396099986033267,0.0,0.08,0.24666019166579928,2.702178092292427
2021-01-15 06:00:00,2021,1,15,6,1610690400,kolhapur,19.949190492679897,3.905864031036526,99.48749491091668,0.1069999714835993,0.0,0.08,0.22205129579150507,2.662632248912648
2021-01-15 12:00:00,2021,1,15,12,1610712000,kolhapur,24.988476555820487,7.311224689402042,99.29895155935773,13.912171621912579,0.0,0.08,0.2682209780330558,4.798945407693931
2021-01-15 18:00:00,2021,1,15,18,1610733600,kolhapur,19.057349557374458,5.006159309725732,99.41280713228232,0.13140537180546538,0.0,0.08,0.23902022892605201,2.584102864895157
2021-01-16 00:00:00,2021,1,16,0,1610755200,kolhapur,13.077146057475565,6.751641123868879,99.61012370329257,0.9876991927610826,0.0,0.08,0.2157333891402251,2.4684073578356216
2021-01-16 06:00:00,2021,1,16,6,1610776800,kolhapur,20.005937787375874,4.000598276719515,99.37108950003443,0.3330384233986733,0.0,0.08,0.24310313367109282,2.814339861188956
2021-01-16 12:00:00,2021,1,16,12,1610798400,kolhapur,21.60502486272051,4.295040804934239,99.12576043733037,14.096613574218894,0.0,0.08,0.26521311630569794,4.495525759313238
2021-01-16 18:00:00,2021,1,16,18,1610820000,kolhapur,18.237516540942387,4.358338635226894,99.44633897718512,0.7793930542442234,0.0,0.08,0.20563707249153904,2.611093581679111
2021-01-17 00:00:00,2021,1,17,0,1610841600,kolhapur,11.270874716947318,4.666054446704759,99.18793804232318,0.9206160842256454,0.0,0.08,0.19923395782833558,2.094979664243245
2021-01-17 06:00:00,2021,1,17,6,1610863200,kolhapur,17.87197535448047,6.368533850558042,99.37624923926131,0.75554772584136,0.0,0.08,0.23230525942499905,2.8270279489755072
2021-01-17 12:00:00,2021,1,17,12,1610884800,kolhapur,24.890527558293435,4.665727678808223,99.86031827768194,14.224365896592854,0.0,0.08,0.20170605088209267,5.028757573054669
2021-01-17 18:00:00,2021,1,17,18,1610906400,kolhapur,19.685549984783787,4.276189820571729,99.37633359712619,0.465981782038153,0.0,0.09560101056749197,0.1964248507622972,2.3756063930636375
2021-01-18 00:00:00,2021,1,18,0,1610928000,kolhapur,14.069236902149267,4.058179336481019,99.98366484173472,0.605400133750524,0.0,0.08,0.22921917257549657,2.475748392491255
2021-01-18 06:00:00,2021,1,18,6,1610949600,kolhapur,19.248467849939075,4.081625808043278,99.88186837181179,0.09416380885282982,0.0,0.08,0.2622178047731337,2.7633809834845366
2021-01-18 12:00:00,2021,1,18,12,1610971200,kolhapur,21.164069432049743,6.098351436720227,99.27858598315669,14.473682417181994,0.0,0.08,0.2526762112920624,4.532035351114706
2021-01-18 18:00:00,2021,1,18,18,1610992800,kolhapur,18.434022937989685,4.840030222661245,99.11904044580567,0.5437773088398871,3.8269556900687847,0.08,0.22582745972400234,2.6912781675635706
2021-01-19 00:00:00,2021,1,19,0,1611014400,kolhapur,13.03832175251041,5.924837123089544,99.43122150450002,0.0401350504349427,0.0,0.08,0.26187735392146855,2.535779135374842
2021-01-19 06:00:00,2021,1,19,6,1611036000,kolhapur,18.07175962639141,5.701815296571188,99.79298608209514,0.9199021256598975,0.0,0.08,0.2754489815476465,3.1116965725319266
2021-01-19 12:00:00,2021,1,19,12,1611057600,kolhapur,24.959717103883854,4.200071828745998,99.29993048120747,14.120266455781463,0.0,0.08,0.2381368389854891,4.663381068560477
2021-01-19 18:00:00,2021,1,19,18,1611079200,kolhapur,17.769588172405257,4.213184398083783,99.71941484255471,0.8685891415610034,0.0,0.08,0.21241444508512225,2.4602029232821567
2021-01-20 00:00:00,2021,1,20,0,1611100800,kolhapur,13.22286705860246,6.118125387027624,99.80384931425367,0.8568879542053569,0.0,0.08,0.26468068691873564,2.2543144288331822
2021-01-20 06:00:00,2021,1,20,6,1611122400,kolhapur,15.999284465229302,5.922542727213459,99.20910962240406,0.8157515874571148,0.0,0.08,0.26335866887195036,2.6873097805290853
2021-01-20 12:00:00,2021,1,20,12,1611144000,kolhapur,23.68870356322932,4.7185813272329415,99.23850199102627,13.734866747479327,0.0,0.08,0.22540409678328904,4.705072658565951
2021-01-20 18:00:00,2021,1,20,18,1611165600,kolhapur,17.49813201222315,4.127159808232985,99.65511592715094,0.24706664542421053,0.0,0.08,0.25448757688050155,2.7401996557684423
2021-01-21 00:00:00,2021,1,21,0,1611187200,kolhapur,14.320267660814245,4.048771880866847,99.48092221420562,0.8755478724654308,0.0,0.08,0.18880486355261175,2.311334915941532
2021-01-21 06:00:00,2021,1,21,6,1611208800,kolhapur,17.774801197666083,4.540360923024651,99.22954949135004,0.8989910560520938,0.0,0.08,0.15022619475046656,2.586471070050466
2021-01-21 12:00:00,2021,1,21,12,1611230400,kolhapur,24.358276636103604,4.044411776304445,99.32971381487727,14.175313882863788,0.0,0.08,0.1831077299720732,4.421647717377032
2021-01-21 18:00:00,2021,1,21,18,1611252000,kolhapur,18.984434626666264,4.422702805820351,99.41421208349492,0.44004146765420393,0.0,0.08,0.2184404935745737,2.9217110034053078
2021-01-22 00:00:00,2021,1,22,0,1611273600,kolhapur,16.783115414487657,4.870386943794313,98.95968508391654,0.17514063388614975,0.0,0.08,0.20450002521923094,2.633020419973488
2021-01-22 06:00:00,2021,1,22,6,1611295200,kolhapur,20.020879725603965,4.248752051249143,99.65883434334799,0.9684107886911513,0.0,0.08,0.23558129933406521,2.7598908747281587
2021-01-22 12:00:00,2021,1,22,12,1611316800,kolhapur,21.515595946080722,4.219774181805369,99.28553375472143,13.975433860894887,0.0,0.08,0.16215574942976957,4.216594502212476
2021-01-22 18:00:00,2021,1,22,18,1611338400,kolhapur,17.37771948877011,7.455955858979047,98.59402654426376,0.19093678435076725,0.0,0.08,0.16274206701831093,2.624717008062116
2021-01-23 00:00:00,2021,1,23,0,1611360000,kolhapur,14.433447002562037,5.399410110389522,99.41547825834766,0.6607289701491743,0.0,0.08,0.2241190149780652,2.1499879986024215
2021-01-23 06:00:00,2021,1,23,6,1611381600,kolhapur,17.95586306648456,8.166038350040576,99.20016817117244,0.24284430300044768,0.0,0.08,0.15817208129835492,2.479061349048407
2021-01-23 12:00:00,2021,1,23,12,1611403200,kolhapur,19.898082343719757,4.715068346718917,99.9292862065313,14.747373084925519,0.0,0.08,0.19312727626398507,4.245938928043191
2021-01-23 18:00:00,2021,1,23,18,1611424800,kolhapur,21.374954459824153,5.774322777635618,99.24700604256451,0.010906995317796512,0.0,0.08,0.20198676900353815,2.8104637955699543
2021-01-24 00:00:00,2021,1,24,0,1611446400,kolhapur,15.508523598938798,4.445770097084354,99.0865712791937,0.005753262323301311,0.0,0.08,0.17630374963985365,2.157824410768301
2021-01-24 06:00:00,2021,1,24,6,1611468000,kolhapur,20.209652883818343,5.547070909378046,99.56824408925588,0.5048768014355995,0.0,0.08,0.21315426190021539,2.689784302907134
2021-01-24 12:00:00,2021,1,24,12,1611489600,kolhapur,23.517203005374313,4.310410996206899,99.21773007786501,14.344212024040953,0.0,0.08,0.13396240365865664,4.340558135932015
2021-01-24 18:00:00,2021,1,24,18,1611511200,kolhapur,20.06970273009558,4.105356193878569,99.18202742789161,0.16336402190091218,10.087939346663896,0.12867401603513157,0.2507762681753279,2.8762266374619667
2021-01-25 00:00:00,2021,1,25,0,1611532800,kolhapur,13.45114704160979,8.147869247420058,99.56166805218682,0.49451956297028443,0.0,0.08,0.18052857621341878,2.135634260526708
2021-01-25 06:00:00,2021,1,25,6,1611554400,kolhapur,19.81497347826765,5.339955906024899,99.09667744497263,0.41166110516998644,0.0,0.08,0.18532450138645934,2.7663072211078688
2021-01-25 12:00:00,2021,1,25,12,1611576000,kolhapur,23.126812689186394,8.050515398027379,98.97163553987966,14.795255092001968,0.0,0.08,0.2712399733448367,5.1951250353852805
2021-01-25 18:00:00,2021,1,25,18,1611597600,kolhapur,21.782120203775133,4.7351094134459295,99.9266170379678,0.009253920216965177,9.273564405101286,0.11250498993109015,0.14963564361515796,2.864775225348989
2021-01-26 00:00:00,2021,1,26,0,1611619200,kolhapur,12.233756313479821,4.744931348315278,99.57535130541208,0.9762698050329522,0.0,0.08,0.15374123369918086,2.244873505737869
2021-01-26 06:00:00,2021,1,26,6,1611640800,kolhapur,21.437537038868836,4.917040223365162,99.32223889863357,0.6243927642958425,0.0,0.08,0.22722909065698568,2.797770732276598
2021-01-26 12:00:00,2021,1,26,12,1611662400,kolhapur,24.647485036628584,5.985635772694099,99.40045852122131,14.106758473770538,0.0,0.08,0.13840026755911677,4.5175931841430605
2021-01-26 18:00:00,2021,1,26,18,1611684000,kolhapur,18.854910801589604,5.40056824934084,99.55326099156673,0.04676001381116794,0.0,0.08,0.19994958553960623,2.6702467204545073
2021-01-27 00:00:00,2021,1,27,0,1611705600,kolhapur,14.92293912848939,8.064859750472568,99.68591983140328,0.5381056585592319,0.0,0.08,0.16161611504647866,2.471526389449926
2021-01-27 06:00:00,2021,1,27,6,1611727200,kolhapur,20.772456756713055,4.21099918743572,99.16712600912476,0.2348901659718201,0.0,0.08,0.13132033565667892,2.5511279582615174
2021-01-27 12:00:00,2021,1,27,12,1611748800,kolhapur,26.72255485098738,6.019853096214719,99.50376255430896,14.307268672569434,0.0,0.08,0.1956100331831776,4.960971423219084
2021-01-27 18:00:00,2021,1,27,18,1611770400,kolhapur,20.14214928064608,4.773794174880767,99.24190734365618,0.24513216483451533,0.0,0.08,0.19649227424824375,2.53078758627685
2021-01-28 00:00:00,2021,1,28,0,1611792000,kolhapur,13.421589063540381,4.493429287208276,99.32937624818034,0.6501723135725108,0.0,0.08,0.17460694093926848,1.7338581701115263
2021-01-28 06:00:00,2021,1,28,6,1611813600,kolhapur,19.84107837708248,5.266561816693506,99.4342784817736,0.5535289621161336,0.0,0.08,0.2366380336447095,2.912271031418186
2021-01-28 12:00:00,2021,1,28,12,1611835200,kolhapur,27.482823046427356,5.250314978822525,99.38406704961832,14.136449144369184,0.0,0.08,0.1514204455582686,5.003340169807798
2021-01-28 18:00:00,2021,1,28,18,1611856800,kolhapur,21.779150319702733,4.41635545753994,99.6067406910249,0.5265265331751772,0.0,0.08,0.20056257400867805,2.7823188834066612
2021-01-29 00:00:00,2021,1,29,0,1611878400,kolhapur,16.207826602115038,4.556375411987083,99.52408605243556,0.7911897655632999,0.0,0.08,0.17919840855326302,2.304565679781023
2021-01-29 06:00:00,2021,1,29,6,1611900000,kolhapur,21.03821191511208,5.004891009614599,98.92550932188924,0.08119459082032432,0.0,0.08,0.1985238160975205,2.6605377409716002
2021-01-29 12:00:00,2021,1,29,12,1611921600,kolhapur,25.893856520838312,5.006531080139239,98.97061312258126,15.001753241362286,0.0,0.08,0.15425555827054627,4.771406600992068
2021-01-29 18:00:00,2021,1,29,18,1611943200,kolhapur,21.582813636693302,4.791217672884971,99.2670450792731,0.5783066494477309,0.0,0.08,0.1278380813533783,2.826113909410643
2021-01-30 00:00:00,2021,1,30,0,1611964800,kolhapur,14.248610353588644,4.481876534440658,99.91817696807917,0.9506244692703166,0.0,0.08,0.1437841395407218,2.017306759387097
2021-01-30 06:00:00,2021,1,30,6,1611986400,kolhapur,17.90092443350899,4.247238232663001,99.11411183959613,0.14814121772237565,0.0,0.08,0.16233112623448037,2.484861056769106
2021-01-30 12:00:00,2021,1,30,12,1612008000,kolhapur,25.037058783277093,9.51229957985349,99.30712257646279,15.16027090285252,0.0,0.08,0.1846713493121477,5.00483154942232
2021-01-30 18:00:00,2021,1,30,18,1612029600,kolhapur,18.707181152004964,8.550914836285761,99.20868558125966,0.6442728659696786,0.0,0.08,0.16476308605630977,2.4342374899670354
2021-01-31 00:00:00,2021,1,31,0,1612051200,kolhapur,13.441692165361781,5.254463190584707,99.19474770066256,0.5674941994810628,0.0,0.08,0.16561815715025302,2.0887102546988756
2021-01-31 06:00:00,2021,1,31,6,1612072800,kolhapur,18.94380543354566,12.226089358950588,99.4144329390605,0.5152796241120854,0.0,0.08,0.21093271209407505,3.281887829015513
2021-01-31 12:00:00,2021,1,31,12,1612094400,kolhapur,28.752194185228085,5.942703602302783,99.78119419874768,14.246187802734912,0.0,0.08,0.15843918506458962,4.9201449441054255
2021-01-31 18:00:00,2021,1,31,18,1612116000,kolhapur,20.228410249541323,4.370020904650938,99.49775153585317,0.9396391915495799,0.0,0.08,0.1431946380106604,2.5919351566035513
2021-02-01 00:00:00,2021,2,1,0,1612137600,kolhapur,15.659525570829599,4.472989068795432,99.11101823267317,0.6439944728541983,0.0,0.08,0.16735349812356012,2.2932872708344987
2021-02-01 06:00:00,2021,2,1,6,1612159200,kolhapur,18.283119605781735,8.002511793170012,100.17804637434227,0.09162648449929123,0.0,0.08,0.102669288685593,2.4800474957487757
2021-02-01 12:00:00,2021,2,1,12,1612180800,kolhapur,22.351034378099172,5.776713466330995,99.37564948738965,14.300432470937722,0.0,0.08,0.10260504247956781,4.600834703706107
2021-02-01 18:00:00,2021,2,1,18,1612202400,kolhapur,18.888084851609907,7.064143043082263,99.17891123418667,0.05078363923675308,0.0,0.08,0.15012218776709016,2.446712834345805
2021-02-02 00:00:00,2021,2,2,0,1612224000,kolhapur,17.368141071445823,7.73515214246258,99.76657044975806,0.6093957634322407,0.0,0.08,0.12119268846759709,2.473912303079037
2021-02-02 06:00:00,2021,2,2,6,1612245600,kolhapur,20.712260892747484,5.198161036604384,99.20222035197165,0.6140154148945852,0.0,0.08,0.1309325532363557,2.751699232467331
2021-02-02 12:00:00,2021,2,2,12,1612267200,kolhapur,26.10874033079929,4.381622057810778,99.84181563385103,14.837196933713546,0.0,0.08,0.17722290955080583,4.74418417027751
2021-02-02 18:00:00,2021,2,2,18,1612288800,kolhapur,21.31869675243579,4.619908140854722,99.0817487000648,0.3067658206529533,0.0,0.08,0.1649670546624114,2.716684487616564
2021-02-03 00:00:00,2021,2,3,0,1612310400,kolhapur,14.419722952048387,4.431990057156085,99.76256488851499,0.5317427316146414,0.0,0.08,0.1419659102390039,2.261218923714981
2021-02-03 06:00:00,2021,2,3,6,1612332000,kolhapur,22.388695397705852,4.642402711026874,99.39387007112309,0.5163018208762579,0.0,0.08,0.14676414375658944,2.6941157550264023
2021-02-03 12:00:00,2021,2,3,12,1612353600,kolhapur,24.35753562291253,5.121457592928885,99.72087144164931,14.416079812107261,0.0,0.08,0.13153971936229675,4.5574708788485765
2021-02-03 18:00:00,2021,2,3,18,1612375200,kolhapur,22.416095560639633,4.517332553324171,99.90408548444904,0.2824692303274998,0.0,0.08,0.16975538881940583,2.624702175535574
2021-02-04 00:00:00,2021,2,4,0,1612396800,kolhapur,16.067786617789835,4.623654820465173,98.98414081860118,0.05318534146714948,0.0,0.08,0.16320783145908702,2.393045261130518
2021-02-04 06:00:00,2021,2,4,6,1612418400,kolhapur,17.72076565221734,5.235456060869996,99.70665455198505,0.9001547514476554,0.0,0.08,0.16915956334442547,2.554134516347986
2021-02-04 12:00:00,2021,2,4,12,1612440000,kolhapur,24.28231915368602,4.973714374314934,98.90125183442993,15.182089771462838,0.0,0.08,0.16777938775285986,4.688759876535926
2021-02-04 18:00:00,2021,2,4,18,1612461600,kolhapur,17.726925584278668,5.295756692928675,99.00976769918309,0.9961151701929141,0.0,0.08,0.1410530220658721,2.4288587239839527
2021-02-05 00:00:00,2021,2,5,0,1612483200,kolhapur,17.248501061401978,5.212201494059716,99.07302325557049,0.3021712633052879,0.0,0.08,0.11370407572556784,2.279657618439692
2021-02-05 06:00:00,2021,2,5,6,1612504800,kolhapur,20.466474731007064,5.922452740269892,99.46513708436159,0.8784858477569103,7.607925032692754,0.08,0.12963125735781594,2.7330651004642643
2021-02-05 12:00:00,2021,2,5,12,1612526400,kolhapur,22.161064202285996,8.522651110450443,99.32395085658868,15.121173139948121,0.0,0.08,0.13814912621317316,4.581022517062966
2021-02-05 18:00:00,2021,2,5,18,1612548000,kolhapur,21.067198184790154,4.542406016711089,99.26390526825938,0.4531254069036067,0.0,0.08,0.11442959359473734,2.486831589495329
2021-02-06 00:00:00,2021,2,6,0,1612569600,kolhapur,14.798704655753957,4.548898225998066,99.34779854553953,0.2225731112886351,0.0,0.08,0.17882908953399018,2.165623513059435
2021-02-06 06:00:00,2021,2,6,6,1612591200,kolhapur,18.378742266786453,7.266096914109669,99.48131483862088,0.7383921652861428,0.0,0.08,0.1789788498899506,2.7123113945562602
2021-02-06 12:00:00,2021,2,6,12,1612612800,kolhapur,28.121399804789483,5.451124725836313,99.50440239901523,15.484543640781247,0.0,0.08,0.12633097908345808,5.257131026086682
2021-02-06 18:00:00,2021,2,6,18,1612634400,kolhapur,20.765379848481306,6.573339830332936,99.63217801251737,0.23530839807537252,0.0,0.08,0.16085941482182112,2.6198723189877207
2021-02-07 00:00:00,2021,2,7,0,1612656000,kolhapur,15.266775950591807,4.77662904893166,99.83958205278238,0.17539033497361256,0.0,0.08,0.14208149582739357,1.9084775741665572
2021-02-07 06:00:00,2021,2,7,6,1612677600,kolhapur,20.10778588258275,7.060647874511181,99.2871628972197,0.696221915004867,0.0,0.08,0.11038222439714282,2.8511457741787614
2021-02-07 12:00:00,2021,2,7,12,1612699200,kolhapur,23.437003850325116,8.275224109575444,99.13724492031288,15.620673374887863,0.0,0.08,0.1376411648444985,4.6956182680610326
2021-02-07 18:00:00,2021,2,7,18,1612720800,kolhapur,18.75009970468561,5.926488503230788,99.4776324477077,0.7499551011040798,0.0,0.08,0.10205316721531965,2.681591700859058
2021-02-08 00:00:00,2021,2,8,0,1612742400,kolhapur,17.738338689032776,4.600941408002821,98.93970365879768,0.2845807390476489,6.1407435373813986,0.08,0.1,2.4398011122886993
2021-02-08 06:00:00,2021,2,8,6,1612764000,kolhapur,20.100139207041572,7.817980070405204,99.07936886404357,0.41995542414778564,0.0,0.08,0.1350023777443667,2.788455827566865
2021-02-08 12:00:00,2021,2,8,12,1612785600,kolhapur,25.844065063125445,6.791917316445177,99.5827943875949,15.092309711968127,0.0,0.08,0.13535951720892062,5.0589209296038335
2021-02-08 18:00:00,2021,2,8,18,1612807200,kolhapur,17.744467797418537,6.517787591026763,99.24574159123175,0.8520950180470472,0.0,0.08,0.20151790103695838,2.3967569186441025
2021-02-09 00:00:00,2021,2,9,0,1612828800,kolhapur,13.939403539185323,4.509277930084263,98.90969884699174,0.7713707788722238,0.0,0.08,0.1115135503751544,1.8291079878292145
2021-02-09 06:00:00,2021,2,9,6,1612850400,kolhapur,21.83126037269071,6.859544371525537,98.82521566488961,0.5889754347615201,0.0,0.08,0.10030872791081152,2.7735439146424725
2021-02-09 12:00:00,2021,2,9,12,1612872000,kolhapur,26.48310923304933,4.675813217630335,99.2867715883173,15.048218544249153,0.0,0.08,0.143860274075908,4.779860030430388
2021-02-09 18:00:00,2021,2,9,18,1612893600,kolhapur,23.546604390965054,4.830436324039289,99.61472554558956,0.937988527722058,0.0,0.08,0.11542595552789298,2.7286160684018577
2021-02-10 00:00:00,2021,2,10,0,1612915200,kolhapur,18.038060509919898,5.763997205511968,99.59966799192013,0.6533152247691466,0.0,0.08,0.1,2.500838067928807
2021-02-10 06:00:00,2021,2,10,6,1612936800,kolhapur,20.677559553745823,4.934732272774508,99.29436840952863,0.9704766464417824,0.0,0.08,0.1,2.626024327297828
2021-02-10 12:00:00,2021,2,10,12,1612958400,kolhapur,26.733056359542967,6.097118626679753,99.86377708438962,15.419599977105287,0.0,0.08,0.10634335423642721,5.037108000135003
2021-02-10 18:00:00,2021,2,10,18,1612980000,kolhapur,20.54872084811845,5.877954094842695,99.22965814887864,0.8211927583636158,0.0,0.08,0.14336283892341214,2.658960591863223
2021-02-11 00:00:00,2021,2,11,0,1613001600,kolhapur,19.214399767036962,4.664137234229947,99.20825611418535,0.8131053793945268,0.0,0.08,0.12030035017131181,2.4862182281204306
2021-02-11 06:00:00,2021,2,11,6,1613023200,kolhapur,22.85570708315759,6.0931859349239454,98.47959562828287,0.3373287768335921,0.0,0.08,0.1,2.9745405167860213
2021-02-11 12:00:00,2021,2,11,12,1613044800,kolhapur,26.38671267536562,8.35709516163325,99.11561751645621,15.870663706644711,0.0,0.08,0.1623931173244434,4.9667454136756355
2021-02-11 18:00:00,2021,2,11,18,1613066400,kolhapur,21.432777216393518,4.755965292187664,99.50543091167712,0.021941467597565815,0.0,0.08,0.1,2.5121267695150413
2021-02-12 00:00:00,2021,2,12,0,1613088000,kolhapur,18.409461935203606,5.875124368749859,99.70751475506101,0.7687109087674142,0.0,0.08,0.1,2.2975976478461995
2021-02-12 06:00:00,2021,2,12,6,1613109600,kolhapur,22.11155327498466,5.139184078246949,98.98925596390292,0.9655570857640439,0.0,0.08,0.13805653718150107,3.0612147849268574
2021-02-12 12:00:00,2021,2,12,12,1613131200,kolhapur,28.580128529919023,5.4348663355385565,99.37700205279103,15.313627855039478,0.0,0.08,0.14797256068889902,5.446583484546757
2021-02-12 18:00:00,2021,2,12,18,1613152800,kolhapur,17.95171461492558,5.019076592845203,99.55239006370009,0.6481105877909739,0.0,0.08,0.1136524399122018,2.400475751717522
2021-02-13 00:00:00,2021,2,13,0,1613174400,kolhapur,17.04544020461779,5.186316179482348,99.22996997072734,0.5622232498442106,0.0,0.08,0.1,2.3343150107535497
2021-02-13 06:00:00,2021,2,13,6,1613196000,kolhapur,20.580445515347517,4.574586157711043,98.5416233875104,0.7615073096765237,0.0,0.08,0.10172002376924826,2.5252889478488205
2021-02-13 12:00:00,2021,2,13,12,1613217600,kolhapur,28.98816479381158,10.519756814316969,99.30079452464085,15.909870697327161,0.0,0.08,0.1,5.302874123278043
2021-02-13 18:00:00,2021,2,13,18,1613239200,kolhapur,23.673195843154335,6.001022932067783,99.45503671198684,0.6030445692995499,0.0,0.08,0.1733554315842912,3.0321937791190123
2021-02-14 00:00:00,2021,2,14,0,1613260800,kolhapur,16.515639663323018,5.591026527879503,98.93044651753742,0.8159045863814569,0.0,0.08,0.10326989439395023,2.074542565159072
2021-02-14 06:00:00,2021,2,14,6,1613282400,kolhapur,23.769832417887606,5.275256981399393,99.13842702678065,0.3122855758892552,0.0,0.08,0.11869968169861546,2.918617083006131
2021-02-14 12:00:00,2021,2,14,12,1613304000,kolhapur,29.141057729659817,5.711942577970651,98.86802457340433,15.34212897594618,0.0,0.08,0.1,4.880132122771649
2021-02-14 18:00:00,2021,2,14,18,1613325600,kolhapur,21.57799595756028,5.266497662422392,98.44362912146886,0.430667689532842,0.0,0.08,0.14882487130794836,2.6802293317054873
2021-02-15 00:00:00,2021,2,15,0,1613347200,kolhapur,20.28841815330683,5.236699807949584,99.51062879770545,0.6777365995807832,0.0,0.08,0.1,2.5412139907932785
2021-02-15 06:00:00,2021,2,15,6,1613368800,kolhapur,21.533505765654457,5.502767014359671,99.2014029140286,0.18724694893872362,0.0,0.08,0.1,2.475966079716968
2021-02-15 12:00:00,2021,2,15,12,1613390400,kolhapur,26.258736069155177,5.051895612495436,99.68182997318065,15.864598570777298,0.0,0.08,0.1,4.916710589389836
2021-02-15 18:00:00,2021,2,15,18,1613412000,kolhapur,22.879326377535556,4.865252624712951,99.45972413174101,0.39409364857206913,12.697360617496324,0.09916094290539705,0.11697422777724834,2.7386656513636485
2021-02-16 00:00:00,2021,2,16,0,1613433600,kolhapur,16.165272530980133,5.805410483525094,99.08391045974334,0.7955752738926319,0.0,0.08,0.15042745415537606,2.534864562499918
2021-02-16 06:00:00,2021,2,16,6,1613455200,kolhapur,21.823968291385945,7.3604908844506785,99.16521919021164,0.0368358171033033,0.0,0.08,0.13499554610949144,2.6451697663629417
2021-02-16 12:00:00,2021,2,16,12,1613476800,kolhapur,28.810110263769968,4.83424367505727,99.36002660547402,15.9237678464058,0.0,0.08,0.1224191570528165,5.058388153027747
2021-02-16 18:00:00,2021,2,16,18,1613498400,kolhapur,21.72478690601951,4.6353892013346805,99.48023841326969,0.6498223366499696,0.0,0.08,0.1,2.456949244321885
2021-02-17 00:00:00,2021,2,17,0,1613520000,kolhapur,14.270148451612636,5.028285648435631,99.27441597826929,0.9409354761253144,0.0,0.08,0.1,2.223310179701633
2021-02-17 06:00:00,2021,2,17,6,1613541600,kolhapur,22.363654222849394,10.450353278327237,99.50929273263353,0.7133675535640704,0.0,0.08,0.1,2.9205768252670636
2021-02-17 12:00:00,2021,2,17,12,1613563200,kolhapur,25.768234772497006,7.25014245779255,99.08861416804434,16.12443910501839,0.0,0.08,0.1,4.845329997639615
2021-02-17 18:00:00,2021,2,17,18,1613584800,kolhapur,23.110581877017417,5.962138892395941,98.87847172501098,0.9045910158531703,0.0,0.08,0.1,2.7970112680900456
2021-02-18 00:00:00,2021,2,18,0,1613606400,kolhapur,17.974917022922533,8.593339247030581,99.14541262189594,0.6750519182919879,0.0,0.08,0.11975432235650567,2.5516245948764893
2021-02-18 06:00:00,2021,2,18,6,1613628000,kolhapur,24.137732971432946,5.504393438983681,99.22641086518514,0.2901536349599746,0.0,0.08,0.1,2.8718539412896913
2021-02-18 12:00:00,2021,2,18,12,1613649600,kolhapur,28.29193090037221,10.75723669828491,98.8043947795425,16.271054738805944,0.0,0.08,0.1,5.404610901411371
2021-02-18 18:00:00,2021,2,18,18,1613671200,kolhapur,23.56599887467026,5.147567215921773,98.7638387727203,0.747578119475977,0.0,0.08,0.1,2.7796300319421827
2021-02-19 00:00:00,2021,2,19,0,1613692800,kolhapur,16.046150458513615,5.049717555680205,99.28611488482073,0.4244376040008935,0.0,0.08,0.1,2.151244821516371
2021-02-19 06:00:00,2021,2,19,6,1613714400,kolhapur,23.25577534255594,6.161825055260446,99.02999194046758,0.7105291726499621,0.0,0.08,0.1,2.3577778780056144
2021-02-19 12:00:00,2021,2,19,12,1613736000,kolhapur,30.00247253276062,5.35005284339228,99.10214672418012,16.34288360357354,0.0,0.08,0.1,5.131045326260582
2021-02-19 18:00:00,2021,2,19,18,1613757600,kolhapur,21.016820735765034,6.114174729442341,99.04399119616846,0.9756521313912734,0.0,0.08,0.1,2.88873544857816
2021-02-20 00:00:00,2021,2,20,0,1613779200,kolhapur,19.869736716664338,5.199877717755095,99.5949296925805,0.9523515039590553,0.0,0.08,0.1,2.6011592837287716
2021-02-20 06:00:00,2021,2,20,6,1613800800,kolhapur,21.346104142271695,6.097303299224633,99.51727777017003,0.3253278267641415,0.0,0.08,0.1,2.460622521553695
2021-02-20 12:00:00,2021,2,20,12,1613822400,kolhapur,25.89217241149873,5.13804245911251,98.76754331503979,15.971550381572886,0.0,0.08,0.1,4.7567342942279875
2021-02-20 18:00:00,2021,2,20,18,1613844000,kolhapur,22.61442994410595,4.732597813197056,98.9789114581274,0.10953660497737318,0.0,0.08,0.1,2.539423682409742
2021-02-21 00:00:00,2021,2,21,0,1613865600,kolhapur,18.365463456970406,8.318389773999682,99.38041185337612,0.24754428701804598,0.0,0.08,0.1,2.6453782061482634
2021-02-21 06:00:00,2021,2,21,6,1613887200,kolhapur,23.659223018735588,7.891448895857645,99.30599144411622,0.8824212084869503,0.0,0.08,0.1,3.108493307819639
2021-02-21 12:00:00,2021,2,21,12,1613908800,kolhapur,25.84895420161739,9.97072856257144,99.1129731842863,15.986094565944109,0.0,0.08,0.1,4.937632971259854
2021-02-21 18:00:00,2021,2,21,18,1613930400,kolhapur,22.943407978658627,6.561402306751151,98.78413051149597,0.620552658594883,0.0,0.08,0.1,2.809490482057637
2021-02-22 00:00:00,2021,2,22,0,1613952000,kolhapur,16.385833408851457,6.408379974423385,98.90712438742266,0.6659656183070333,0.0,0.08,0.1,2.1111350171472574
2021-02-22 06:00:00,2021,2,22,6,1613973600,kolhapur,20.18078188197085,5.914494532905848,98.95685613100483,0.781829275143312,0.0,0.08,0.1,2.480014493859217
2021-02-22 12:00:00,2021,2,22,12,1613995200,kolhapur,26.021060792777536,4.888332015610298,99.19498470060445,15.884136332985111,0.0,0.08,0.1,4.71373450219126
2021-02-22 18:00:00,2021,2,22,18,1614016800,kolhapur,21.287814717142986,5.00108460929131,99.6230045476779,0.30481313461443743,0.0,0.08,0.1,2.454317645318591
2021-02-23 00:00:00,2021,2,23,0,1614038400,kolhapur,18.32018800012531,5.214657137844171,98.89211684396948,0.4483363414581806,5.429397227660779,0.08,0.1,2.4050789386127613
2021-02-23 06:00:00,2021,2,23,6,1614060000,kolhapur,24.266115754199554,8.01508773584382,98.79037034013935,0.36484106123827353,0.0,0.08,0.1,3.158196245613891
2021-02-23 12:00:00,2021,2,23,12,1614081600,kolhapur,25.32798531478365,4.986912233407504,99.06560497135753,16.761014342336622,0.0,0.08,0.1,4.847865167166772
2021-02-23 18:00:00,2021,2,23,18,1614103200,kolhapur,23.065736870908633,8.545497823529693,99.40770260856013,0.8349408032137143,0.0,0.08,0.1,2.7844848906992286
2021-02-24 00:00:00,2021,2,24,0,1614124800,kolhapur,15.897403900445108,5.826993126504067,98.65023328360016,0.47968675462048604,0.0,0.08,0.1,2.221920390801037
2021-02-24 06:00:00,2021,2,24,6,1614146400,kolhapur,23.606079292622468,6.60320881818092,99.52038841889086,0.8792686260864679,0.0,0.08,0.1,2.9255801041256735
2021-02-24 12:00:00,2021,2,24,12,1614168000,kolhapur,26.728355307595844,4.89252142570531,99.03268876499367,16.203193258020878,0.0,0.08,0.1,4.868965511978433
2021-02-24 18:00:00,2021,2,24,18,1614189600,kolhapur,21.085457652066548,5.187390160476784,98.86400217293436,0.7858283238902665,8.092399461464106,0.08,0.1,2.88937273975217
2021-02-25 00:00:00,2021,2,25,0,1614211200,kolhapur,18.987592859373578,9.505980343277905,98.59018550666313,0.22367559810645365,0.0,0.08,0.1,2.6277665708194684
2021-02-25 06:00:00,2021,2,25,6,1614232800,kolhapur,21.907712178184575,5.196390667864623,99.28219852471797,0.7723220452263659,0.0,0.08,0.10450992673792628,2.7724632469537847
2021-02-25 12:00:00,2021,2,25,12,1614254400,kolhapur,27.31415015932317,5.2597922464447535,99.01889093411933,16.390060364281208,0.0,0.08,0.1,4.64859738374094
2021-02-25 18:00:00,2021,2,25,18,1614276000,kolhapur,19.458112455017652,5.062432004706499,99.12145393751814,0.10749932099224431,0.0,0.08,0.1,2.2482368112121747
2021-02-26 00:00:00,2021,2,26,0,1614297600,kolhapur,19.334519792186356,4.954052761438021,98.78577391435364,0.2732624545555823,0.0,0.08,0.1,2.474342075745614
2021-02-26 06:00:00,2021,2,26,6,1614319200,kolhapur,24.146055531804805,5.145162602650838,98.96028862638174,0.4022746240235646,0.0,0.08,0.1,2.8497878428745067
2021-02-26 12:00:00,2021,2,26,12,1614340800,kolhapur,27.922879516473117,6.288959663135445,98.91004306275062,16.76157884025166,0.0,0.08,0.1,5.072893716463114
2021-02-26 18:00:00,2021,2,26,18,1614362400,kolhapur,20.623321338017508,5.658222618196921,99.02583950504358,0.07298271473095282,0.0,0.08,0.1065935309473161,2.5960533529398204
2021-02-27 00:00:00,2021,2,27,0,1614384000,kolhapur,19.85625742437676,5.971261145354955,98.84076212274323,0.6595469950926396,0.0,0.08,0.1067801781198052,2.692254764764088
2021-02-27 06:00:00,2021,2,27,6,1614405600,kolhapur,22.042808577333428,4.9567140497711835,98.5813735324498,0.7160136409328436,0.0,0.08,0.1,2.596258062460681
2021-02-27 12:00:00,2021,2,27,12,1614427200,kolhapur,27.362173481723733,7.19104241587258,99.86017774424495,16.745475268592457,0.0,0.08,0.1,5.03453283417867
2021-02-27 18:00:00,2021,2,27,18,1614448800,kolhapur,26.510269741413914,7.060300702521172,98.63260654645472,0.7606696381675576,0.0,0.08,0.1,3.0967193823329313
2021-02-28 00:00:00,2021,2,28,0,1614470400,kolhapur,17.115136356425182,4.807465211903374,99.08151541072513,0.1781686160228383,0.0,0.08,0.1,2.275684981573874
2021-02-28 06:00:00,2021,2,28,6,1614492000,kolhapur,24.283905966228776,5.500307798609959,98.49546936011515,0.5871033550630373,0.0,0.08,0.1,2.7722909843751813
2021-02-28 12:00:00,2021,2,28,12,1614513600,kolhapur,29.01372941571295,4.881600085973973,98.42796347765697,17.112532329717535,0.0,0.08,0.1,5.316619988440382
2021-02-28 18:00:00,2021,2,28,18,1614535200,kolhapur,23.755849311909152,7.130814462568767,99.05642565619804,0.6107842698045397,1.3764460031686845,0.08,0.1,2.828000890663119
2021-03-01 00:00:00,2021,3,1,0,1614556800,kolhapur,18.72281761707886,6.793086713447279,99.06468168845892,0.611336346952953,0.0,0.08,0.1,2.396905586762575
2021-03-01 06:00:00,2021,3,1,6,1614578400,kolhapur,23.864399646080894,8.272145418742642,99.39082110936914,0.736439642113269,0.0,0.08,0.1,3.333099403206903
2021-03-01 12:00:00,2021,3,1,12,1614600000,kolhapur,28.707727689657904,5.192720495015055,99.13223546443314,16.584966955869717,0.0,0.08,0.1,4.931262656723282
2021-03-01 18:00:00,2021,3,1,18,1614621600,kolhapur,23.221939265083,5.702171061768859,98.9674281965047,0.7004759013215426,0.0,0.08,0.1,2.9141785082462803
2021-03-02 00:00:00,2021,3,2,0,1614643200,kolhapur,20.696767392627198,5.107093019354299,98.71263321568769,0.9162338333132151,0.0,0.08,0.1,2.3200781518401485
2021-03-02 06:00:00,2021,3,2,6,1614664800,kolhapur,21.460851865262168,5.497180927264832,99.44721690937725,0.010895473025342994,0.0,0.08,0.1,2.661761307123623
2021-03-02 12:00:00,2021,3,2,12,1614686400,kolhapur,29.962029862484147,5.909164887863623,99.27616866272226,17.20276914651793,0.0,0.08,0.1,5.7305221320462385
2021-03-02 18:00:00,2021,3,2,18,1614708000,kolhapur,24.663356154492412,4.883392856656967,98.62361444558266,0.2186183312588611,0.0,0.08,0.1,2.972028674122714
2021-03-03 00:00:00,2021,3,3,0,1614729600,kolhapur,19.60822888474379,6.696054811736854,98.99389686022441,0.4559232737003752,0.0,0.08,0.1,2.7288821926048734
2021-03-03 06:00:00,2021,3,3,6,1614751200,kolhapur,25.236099344209883,5.989408588653323,99.02572341121918,0.852347800952638,0.0,0.08,0.1,2.9762277551149703
2021-03-03 12:00:00,2021,3,3,12,1614772800,kolhapur,28.421731109847098,7.46261568635635,98.87881164477952,17.2379556845111,14.270945494647952,0.17263990382551178,0.1,5.797323836350142
2021-03-03 18:00:00,2021,3,3,18,1614794400,kolhapur,20.757169089009373,5.28956670803263,99.21406288750326,0.8919274781260579,0.0,0.08,0.1,2.6393818483118205
2021-03-04 00:00:00,2021,3,4,0,1614816000,kolhapur,18.583701547383402,8.33064149809787,99.21687915866246,0.9404167926325261,0.0,0.08,0.1,2.8899727541938294
2021-03-04 06:00:00,2021,3,4,6,1614837600,kolhapur,22.2053492105183,14.78757128215837,98.91021350781648,0.4471569567717586,0.0,0.08,0.1,2.973470038879816
2021-03-04 12:00:00,2021,3,4,12,1614859200,kolhapur,27.594351722168035,8.60159729431796,98.8830984434187,17.152264772622672,0.0,0.08,0.1,5.444022422073177
2021-03-04 18:00:00,2021,3,4,18,1614880800,kolhapur,21.828511026206513,7.082991771823366,99.41704675595827,0.3904784405261087,0.0,0.08,0.1,2.7814432938396085
2021-03-05 00:00:00,2021,3,5,0,1614902400,kolhapur,18.108317452061407,7.34788746006984,99.23192387164097,0.3507167174921658,0.0,0.08,0.1,2.2912248045818147
2021-03-05 06:00:00,2021,3,5,6,1614924000,kolhapur,22.929399198751984,6.117045634562606,98.97378032090482,0.4315954105976695,0.0,0.08,0.1,2.720826705841352
2021-03-05 12:00:00,2021,3,5,12,1614945600,kolhapur,25.257979994836504,5.15433852504783,98.46330949220828,17.321280198377657,0.0,0.08,0.1,4.686766375976495
2021-03-05 18:00:00,2021,3,5,18,1614967200,kolhapur,24.87466760665059,6.533315405543501,99.05527223582381,0.5014407471415548,0.0,0.08,0.1,2.45708734646318
2021-03-06 00:00:00,2021,3,6,0,1614988800,kolhapur,22.287656426077827,6.720565524493359,99.14607627143137,0.814059674448342,0.0,0.08,0.1,2.6067948355985804
2021-03-06 06:00:00,2021,3,6,6,1615010400,kolhapur,24.866529429314937,11.188021021471327,98.11029474343655,0.7452184771961559,0.0,0.08,0.1,3.149943230004861
2021-03-06 12:00:00,2021,3,6,12,1615032000,kolhapur,28.652787704269162,6.018488924857575,99.01221206645147,16.681406935313525,0.0,0.08,0.1,5.177094415496861
2021-03-06 18:00:00,2021,3,6,18,1615053600,kolhapur,23.87505404555618,5.324328107352329,98.81164363591735,0.6302381571061636,0.0,0.08,0.1,2.6253818180130697
2021-03-07 00:00:00,2021,3,7,0,1615075200,kolhapur,18.459139069932636,6.586986636801969,98.85484458675722,0.43657112330859105,0.0,0.08,0.1,2.380978543983554
2021-03-07 06:00:00,2021,3,7,6,1615096800,kolhapur,24.225680247752837,10.682457352636398,98.6488865849671,0.4566289891511416,0.0,0.08,0.1,3.1324347134647015
2021-03-07 12:00:00,2021,3,7,12,1615118400,kolhapur,29.03510573084255,5.153109256599583,98.876644083675,17.562422734445796,0.0,0.08,0.1,5.171493802080498
2021-03-07 18:00:00,2021,3,7,18,1615140000,kolhapur,22.829045226354957,5.452303838976689,99.33869834365049,0.5476079860846788,0.0,0.08,0.1,2.5725231340039785
2021-03-08 00:00:00,2021,3,8,0,1615161600,kolhapur,21.748960479388423,6.042131285851613,98.77150617871534,0.8856218234589471,0.0,0.08,0.1,2.608596087977469
2021-03-08 06:00:00,2021,3,8,6,1615183200,kolhapur,21.99389654240202,5.151074294092971,99.19509779599795,0.7128055923916904,0.0,0.08,0.1,2.8730895048389304
2021-03-08 12:00:00,2021,3,8,12,1615204800,kolhapur,30.302125210758046,4.904898838048868,98.66352636269612,17.380383060912006,0.0,0.08,0.10796907442366907,5.085977665864881
2021-03-08 18:00:00,2021,3,8,18,1615226400,kolhapur,24.07283145499038,5.487624231436366,99.13305258615681,0.7545379761511058,0.0,0.08,0.1,3.03390516323741
2021-03-09 00:00:00,2021,3,9,0,1615248000,kolhapur,22.210411723649663,7.8893033676302675,98.89012720621737,0.0383490509254073,14.81089476286188,0.15043981525931296,0.1,3.2324621621112994
2021-03-09 06:00:00,2021,3,9,6,1615269600,kolhapur,24.870460899923376,4.9481191108140195,98.99523789816757,0.027083654828207737,0.0,0.08,0.1,2.7568559093564224
2021-03-09 12:00:00,2021,3,9,12,1615291200,kolhapur,28.819305695276174,5.7218196872893685,98.89177642636002,16.994733174938194,0.0,0.08,0.1,5.270025003844151
2021-03-09 18:00:00,2021,3,9,18,1615312800,kolhapur,23.9876032033993,7.035949749150974,99.08211801926315,0.4375653251471447,6.189150650530601,0.08,0.1,2.7761763106824406
2021-03-10 00:00:00,2021,3,10,0,1615334400,kolhapur,19.55404636303369,9.483562951823501,98.10344417941035,0.2354501456269431,1.2487947122665854,0.08,0.1,2.6769129305832697
2021-03-10 06:00:00,2021,3,10,6,1615356000,kolhapur,22.780000278759445,11.239179695578004,98.4477721207532,0.9842612944157846,0.0,0.08,0.1,3.4064365630102027
2021-03-10 12:00:00,2021,3,10,12,1615377600,kolhapur,28.34388203357718,5.71350518085006,98.99884386419306,17.537837363358193,0.0,0.08,0.1,5.418398897804682
2021-03-10 18:00:00,2021,3,10,18,1615399200,kolhapur,21.816770367466262,9.396484300054665,98.26065820862159,0.6624157460811606,0.0,0.08,0.1,2.7891274058347815
2021-03-11 00:00:00,2021,3,11,0,1615420800,kolhapur,18.24518949898704,4.954848004921672,98.69852413213896,0.27882013624669666,0.0,0.08,0.1,2.112932662321498
2021-03-11 06:00:00,2021,3,11,6,1615442400,kolhapur,24.770514569038852,6.9558969177362115,98.84139598652213,0.3217969085876088,0.0,0.08,0.1,2.8940006690324
2021-03-11 12:00:00,2021,3,11,12,1615464000,kolhapur,30.07991742047496,6.444718387041067,98.60925619754926,17.415470155852756,0.0,0.08,0.1,5.429479860744385
2021-03-11 18:00:00,2021,3,11,18,1615485600,kolhapur,21.660660304053575,5.33132297178176,98.650229818025,0.6987357051503027,0.0,0.08,0.1,2.761509046464136
2021-03-12 00:00:00,2021,3,12,0,1615507200,kolhapur,19.559711880119448,5.971622626493497,98.92304542921394,0.4737062076893085,0.0,0.08,0.1,2.4738205189349576
2021-03-12 06:00:00,2021,3,12,6,1615528800,kolhapur,25.610644360918947,5.1179079675258405,99.1443592559018,0.5176836525300744,27.60667540401783,0.32386693450918674,0.1,4.180242171455055
2021-03-12 12:00:00,2021,3,12,12,1615550400,kolhapur,29.521161144621395,7.9886581355953545,98.55403595479142,17.75674485464875,0.0,0.08,0.1,5.46682473790278
2021-03-12 18:00:00,2021,3,12,18,1615572000,kolhapur,23.81484646601905,5.574296450865149,98.66905331031165,0.7688116562382191,0.0,0.08,0.1,2.7748542659113427
2021-03-13 00:00:00,2021,3,13,0,1615593600,kolhapur,19.28352810552156,6.393822171579579,98.60596379271387,0.09036974851247814,7.754579801850951,0.14561246334593905,0.1,2.7843488314132028
2021-03-13 06:00:00,2021,3,13,6,1615615200,kolhapur,24.09062479062805,5.177741048959377,98.0989281591488,0.7768739122188216,0.0,0.08,0.1,2.954370140697594
2021-03-13 12:00:00,2021,3,13,12,1615636800,kolhapur,28.946673984431797,5.2647137594035005,98.86785562180722,17.81295807715192,0.0,0.08,0.1,5.172098866229125
2021-03-13 18:00:00,2021,3,13,18,1615658400,kolhapur,25.162505110961156,12.152706938633948,99.10575740846052,0.6690954448552593,0.0,0.08,0.1,3.1301355475703363
2021-03-14 00:00:00,2021,3,14,0,1615680000,kolhapur,23.499867982408357,7.0246599423514855,99.1140099565697,0.327551764840762,0.0,0.08,0.1,2.5942353452979314
2021-03-14 06:00:00,2021,3,14,6,1615701600,kolhapur,23.922785765447404,9.830728460467295,98.54778708144272,0.40938683681644916,0.0,0.08,0.1,2.981143879434769
2021-03-14 12:00:00,2021,3,14,12,1615723200,kolhapur,29.56112169181304,5.4527330726191465,98.4335075798189,17.56609228698294,0.0,0.08,0.1,5.497971199168117
2021-03-14 18:00:00,2021,3,14,18,1615744800,kolhapur,24.960788731742333,5.196285059526802,98.81549865865244,0.9792999974174074,0.0,0.08,0.1,3.044110876851074
2021-03-15 00:00:00,2021,3,15,0,1615766400,kolhapur,19.14415476888308,5.983306763667244,99.04138244160329,0.49700297251031667,0.0,0.08,0.1,2.6289180507490357
2021-03-15 06:00:00,2021,3,15,6,1615788000,kolhapur,26.82254012570566,5.958162537597132,98.83905547012647,0.9960769157965979,0.0,0.08,0.1,3.035085044035745
2021-03-15 12:00:00,2021,3,15,12,1615809600,kolhapur,26.618858360460862,5.22281283429853,98.87939172639548,17.910112980083763,0.0,0.08,0.1,5.085355115454298
2021-03-15 18:00:00,2021,3,15,18,1615831200,kolhapur,24.378597664852506,6.916346215217634,99.13514961395423,0.21975126438406947,0.0,0.08,0.1,2.6066146948213933
2021-03-16 00:00:00,2021,3,16,0,1615852800,kolhapur,21.53975221458037,5.6152972222794695,98.55435600532826,0.5074523967368567,0.0,0.08,0.1,2.7860195790175544
2021-03-16 06:00:00,2021,3,16,6,1615874400,kolhapur,24.871140147517476,5.251060226283047,98.71010594709556,0.0395955717990778,0.0,0.08,0.1,3.028406925172479
2021-03-16 12:00:00,2021,3,16,12,1615896000,kolhapur,29.08102317182499,5.546858046737941,99.26647862662583,18.410669107757595,0.0,0.08,0.1,5.223119315643881
2021-03-16 18:00:00,2021,3,16,18,1615917600,kolhapur,25.973416741758573,6.185690490095727,98.71705363616817,0.8185502511944432,0.0,0.08,0.1,3.299246307728051
2021-03-17 00:00:00,2021,3,17,0,1615939200,kolhapur,21.80909543867717,6.893130979319713,98.37931070727983,0.7258205206942847,0.0,0.08,0.1,2.711309261862977
2021-03-17 06:00:00,2021,3,17,6,1615960800,kolhapur,25.76553375340403,5.93496402782497,98.55870496819472,0.60982671544246,0.0,0.08,0.1,2.8386786853782904
2021-03-17 12:00:00,2021,3,17,12,1615982400,kolhapur,29.247750045862116,6.067150711908807,98.47805784170343,18.171452257018252,0.0,0.08,0.1,5.346360682479728
2021-03-17 18:00:00,2021,3,17,18,1616004000,kolhapur,26.133885564309054,5.173006883017859,98.86666057278019,0.996728214079465,0.0,0.08,0.1,3.13323204752176
2021-03-18 00:00:00,2021,3,18,0,1616025600,kolhapur,19.983968711801786,8.647307539040417,98.4740656210193,0.27799743401993793,0.0,0.08,0.1,2.626364039800879
2021-03-18 06:00:00,2021,3,18,6,1616047200,kolhapur,26.70482298505471,8.916893470691576,98.82415999795431,0.779684365365578,0.0,0.08,0.1,3.159087284936638
2021-03-18 12:00:00,2021,3,18,12,1616068800,kolhapur,32.811930989498855,6.680396066504751,98.52203015653375,18.25886252296708,0.0,0.08,0.1,5.808886494471978
2021-03-18 18:00:00,2021,3,18,18,1616090400,kolhapur,21.67867752868117,4.981778923380001,98.10583616057647,0.9758805437588873,0.0,0.08,0.1,2.7731598700900233
2021-03-19 00:00:00,2021,3,19,0,1616112000,kolhapur,20.891228316811482,6.116433479666609,98.81810162160286,0.8278031832982524,0.0,0.08,0.1,2.6203681994342616
2021-03-19 06:00:00,2021,3,19,6,1616133600,kolhapur,23.121026201596592,6.449366100589053,98.77065478997235,0.9985251129895927,0.0,0.08,0.1,2.8084596788382914
2021-03-19 12:00:00,2021,3,19,12,1616155200,kolhapur,34.38730998501269,12.808323234353558,98.88144303022094,18.351718052850288,0.0,0.08,0.1,6.081764863188354
2021-03-19 18:00:00,2021,3,19,18,1616176800,kolhapur,25.022440306323748,13.268662772976487,98.52421951975872,0.2045439575449372,0.0,0.08,0.1,3.331558922934049
2021-03-20 00:00:00,2021,3,20,0,1616198400,kolhapur,21.98185301349138,7.890563786571194,98.47545130335523,0.5036870356947338,8.465098165136455,0.13043886367402371,0.1,2.744639575144543
2021-03-20 06:00:00,2021,3,20,6,1616220000,kolhapur,25.80931786136098,5.065711394352901,98.8297547035075,0.7111111340505746,0.0,0.08,0.1,2.8589689937561156
2021-03-20 12:00:00,2021,3,20,12,1616241600,kolhapur,29.657666279674736,9.562031049176031,99.16502051772234,18.623758861947046,0.0,0.08,0.1,5.631259849407082
2021-03-20 18:00:00,2021,3,20,18,1616263200,kolhapur,24.479213579987185,6.389455969969435,98.71266504881494,0.0005099890159457542,0.0,0.08,0.1,2.729636623025867
2021-03-21 00:00:00,2021,3,21,0,1616284800,kolhapur,23.378518759651136,7.392782140665814,98.81982711078497,0.505027088502294,0.0,0.08,0.1,2.9086202822540814
2021-03-21 06:00:00,2021,3,21,6,1616306400,kolhapur,27.433907090267468,5.756288920116753,98.59597527664312,0.23523457997064656,0.0,0.08,0.1,3.105261283045436
2021-03-21 12:00:00,2021,3,21,12,1616328000,kolhapur,33.915376131066346,5.549724496196516,98.22936242540872,18.810360352879744,0.0,0.08,0.1,6.190059391320044
2021-03-21 18:00:00,2021,3,21,18,1616349600,kolhapur,26.083180002736547,5.905277607817467,98.98268040771704,0.15290544405023074,0.0,0.08,0.1,2.856078047725951
2021-03-22 00:00:00,2021,3,22,0,1616371200,kolhapur,21.569586281115676,5.214983669723056,98.94805576214728,0.6664562495748334,0.0,0.08,0.1,2.634619246783524
2021-03-22 06:00:00,2021,3,22,6,1616392800,kolhapur,25.736919500763744,5.639280854651704,98.888763697974,0.26606219032492484,0.0,0.08,0.1,2.7993045839281145
2021-03-22 12:00:00,2021,3,22,12,1616414400,kolhapur,30.70708354457416,7.900567993908979,98.62094785891871,18.378059834695495,0.0,0.08,0.1,5.917932636905056
2021-03-22 18:00:00,2021,3,22,18,1616436000,kolhapur,24.574876450530624,5.03474476521463,98.854648320343,0.940559260756847,0.0,0.08,0.1,3.1557774874254996
2021-03-23 00:00:00,2021,3,23,0,1616457600,kolhapur,21.401388179368492,5.226352853096537,98.92668792431948,0.24044812540807947,0.0,0.08,0.1,2.3370944998747984
2021-03-23 06:00:00,2021,3,23,6,1616479200,kolhapur,25.091503000652672,5.181520396574318,99.14460699059015,0.09500276182293066,0.0,0.08,0.1,2.823125914416736
2021-03-23 12:00:00,2021,3,23,12,1616500800,kolhapur,31.93823627622827,5.754971229764507,98.95511721649737,18.176865388625338,6.82080245120546,0.09651500303251304,0.1,5.66549625331586
2021-03-23 18:00:00,2021,3,23,18,1616522400,kolhapur,26.53038822145228,13.688203351894245,98.67770575261322,0.5046151100994644,0.0,0.08,0.1,3.3863669579639315
2021-03-24 00:00:00,2021,3,24,0,1616544000,kolhapur,21.844480403299613,5.270473967463804,98.24906431858973,0.641711482284288,0.0,0.08,0.1,2.585505628405169
2021-03-24 06:00:00,2021,3,24,6,1616565600,kolhapur,28.925652247321366,5.220726450469256,98.68823778451856,0.3272936435708872,0.0,0.08,0.1,3.2999990978820604
2021-03-24 12:00:00,2021,3,24,12,1616587200,kolhapur,31.356380413137643,8.68353856554998,98.71851351397183,18.883871146253952,0.0,0.08,0.1,6.046932384561709
2021-03-24 18:00:00,2021,3,24,18,1616608800,kolhapur,27.548047842066172,8.191147026725133,98.85424922781253,0.06103371857324003,0.0,0.08,0.1,3.3117834951501965
2021-03-25 00:00:00,2021,3,25,0,1616630400,kolhapur,24.62768361054693,5.037490622106779,99.03064682168382,0.8573346449228768,0.0,0.08,0.1,3.024591677224271
2021-03-25 06:00:00,2021,3,25,6,1616652000,kolhapur,28.510345018361132,7.078045700177191,98.59593411026975,0.8165672097392378,0.0,0.08,0.1,3.2494929793931213
2021-03-25 12:00:00,2021,3,25,12,1616673600,kolhapur,33.280173962100825,6.586675763902271,99.25477542083071,19.265081221895105,0.0,0.08,0.1,6.026158233086315
2021-03-25 18:00:00,2021,3,25,18,1616695200,kolhapur,26.09038709113781,7.178185312137965,98.09669315787461,0.9365049809018476,0.0,0.08,0.1,3.2806279992479004
2021-03-26 00:00:00,2021,3,26,0,1616716800,kolhapur,22.032182973251267,6.014645005401928,98.73318390840265,0.3561971639189281,0.0,0.08,0.1,2.604854777398958
2021-03-26 06:00:00,2021,3,26,6,1616738400,kolhapur,24.71030395185466,12.121696157089131,98.36782522900896,0.39927538401557716,0.0,0.08,0.1,3.165858843781999
2021-03-26 12:00:00,2021,3,26,12,1616760000,kolhapur,32.43608999134619,5.058582895037028,98.03521474675753,19.111440496968648,0.0,0.08,0.1,5.474905813214786
2021-03-26 18:00:00,2021,3,26,18,1616781600,kolhapur,27.099408656320335,5.391914350367474,98.54684903377442,0.13408277195498544,0.0,0.08,0.1,2.8207511633271483
2021-03-27 00:00:00,2021,3,27,0,1616803200,kolhapur,21.859891267313753,5.751506656922769,98.15309980050476,0.31401471024483485,0.0,0.08,0.1,2.5789884543639183
2021-03-27 06:00:00,2021,3,27,6,1616824800,kolhapur,28.36560576194377,5.890028503665654,98.5418232406212,0.11854093697564827,0.0,0.08,0.1,2.9875086390452457
2021-03-27 12:00:00,2021,3,27,12,1616846400,kolhapur,30.013151345942887,8.80833190661548,98.60068238445939,18.906144499228038,0.0,0.08,0.1,5.800867915738928
2021-03-27 18:00:00,2021,3,27,18,1616868000,kolhapur,29.27710785632,6.225364199935404,98.92581403283184,0.5520042798853199,0.0,0.08,0.1,3.265831795669963
2021-03-28 00:00:00,2021,3,28,0,1616889600,kolhapur,23.314311391105246,5.065227716060142,98.1208195894689,0.2111604699627524,0.0,0.08,0.1,2.793631878576565
2021-03-28 06:00:00,2021,3,28,6,1616911200,kolhapur,26.855713389716858,5.782013244940872,98.84562867959181,0.026631686914105,0.0,0.08,0.1,2.827636546027734
2021-03-28 12:00:00,2021,3,28,12,1616932800,kolhapur,31.73856997746873,5.804029053881866,98.60251926498202,19.25626256507134,0.0,0.08,0.1,5.904852931039851
2021-03-28 18:00:00,2021,3,28,18,1616954400,kolhapur,27.68258118206771,10.045787462844864,98.88174987598096,0.020005164426170778,0.0,0.08,0.1,3.3627315927210444
2021-03-29 00:00:00,2021,3,29,0,1616976000,kolhapur,24.379507025001786,6.369081338693027,98.42639163759127,0.9734026089283562,0.0,0.08,0.1,3.0162925964388454
2021-03-29 06:00:00,2021,3,29,6,1616997600,kolhapur,27.250641754941135,6.512118043914838,98.15624361407157,0.22160725674239545,0.0,0.08,0.1,3.244279229352223
2021-03-29 12:00:00,2021,3,29,12,1617019200,kolhapur,32.31427652987495,6.87138577286518,98.19066719223584,19.286296411550236,0.0,0.08,0.1,5.860882485091502
2021-03-29 18:00:00,2021,3,29,18,1617040800,kolhapur,27.125407893344924,7.202423515361585,98.16837475400047,0.4347517262399914,0.0,0.08,0.1,3.000312925493418
2021-03-30 00:00:00,2021,3,30,0,1617062400,kolhapur,24.90750673436646,6.510871797187701,98.68206652676837,0.0596738603371072,0.0,0.08,0.1,2.9893389147717992
2021-03-30 06:00:00,2021,3,30,6,1617084000,kolhapur,26.681145910908715,5.40500301663148,98.98179888755658,0.47218360663446746,0.0,0.08,0.1,2.913291639065579
2021-03-30 12:00:00,2021,3,30,12,1617105600,kolhapur,32.190209167385646,8.106631773819553,98.3692368228956,19.224462110382014,0.0,0.08,0.1,5.889117260319743
2021-03-30 18:00:00,2021,3,30,18,1617127200,kolhapur,29.429624046705744,6.974698139165271,98.72746287036951,0.8546832080928708,27.408533648343045,0.319351860412021,0.1,4.217150394383133
2021-03-31 00:00:00,2021,3,31,0,1617148800,kolhapur,22.590861403871116,7.031093489374837,98.06448347999553,0.7323490696478979,0.0,0.08,0.1,3.0660379392663453
2021-03-31 06:00:00,2021,3,31,6,1617170400,kolhapur,29.075933443520107,13.506657292508049,98.5756124721894,0.07930247475338636,0.0,0.08,0.1,3.6813720800633507
2021-03-31 12:00:00,2021,3,31,12,1617192000,kolhapur,31.003425068097386,7.432879339078148,98.72208488233736,19.00195960894794,0.0,0.08049409271889836,0.1,5.855245874536947
2021-03-31 18:00:00,2021,3,31,18,1617213600,kolhapur,27.06240637100905,7.650119022836518,98.08707866485315,0.31188768421495,0.0,0.08,0.1,3.04103953877411
2021-04-01 00:00:00,2021,4,1,0,1617235200,kolhapur,24.732464736406293,9.536353979346725,98.44313849760229,0.11640768646481947,0.0,0.08,0.1,3.084220101849225
2021-04-01 06:00:00,2021,4,1,6,1617256800,kolhapur,26.49130410510063,5.245767016145411,98.71907868044191,0.45689907091449056,0.0,0.08,0.1,3.034950882773779
2021-04-01 12:00:00,2021,4,1,12,1617278400,kolhapur,32.27886511909139,6.032904457540152,97.6241723441274,19.861966642969676,0.0,0.08,0.1,5.853938676632843
2021-04-01 18:00:00,2021,4,1,18,1617300000,kolhapur,27.890841525083168,6.3032634136345145,98.90493945680676,0.5146127912377639,0.0,0.08,0.1,2.8875702209564373
2021-04-02 00:00:00,2021,4,2,0,1617321600,kolhapur,21.157104221959475,5.598970711928563,98.59319351669231,0.7418821683231693,0.0,0.08,0.1,2.9261850519076114
2021-04-02 06:00:00,2021,4,2,6,1617343200,kolhapur,27.02012082101611,7.7431639364028655,98.7021079982402,0.6829377976993461,0.0,0.08,0.1,3.194950739649857
2021-04-02 12:00:00,2021,4,2,12,1617364800,kolhapur,32.80979102168742,7.155748904363816,98.36327392016656,19.812169344946287,0.0,0.08,0.1,6.005302477089884
2021-04-02 18:00:00,2021,4,2,18,1617386400,kolhapur,27.710858600191898,6.9140617337356485,97.97027295945539,0.2157234904656118,0.0,0.08,0.1,2.961246939996224
2021-04-03 00:00:00,2021,4,3,0,1617408000,kolhapur,24.695900135289026,13.789679012938503,98.63009858204818,0.7538262616930282,0.0,0.08,0.1,3.5451778833296124
2021-04-03 06:00:00,2021,4,3,6,1617429600,kolhapur,30.0875578962817,5.44972361124343,98.44510259752815,0.8813552403057495,0.0,0.08,0.1,3.562162559288168
2021-04-03 12:00:00,2021,4,3,12,1617451200,kolhapur,31.491244796031957,6.993948053083333,98.4795143317828,19.218083052795485,0.0,0.08,0.1,5.873323553892857
2021-04-03 18:00:00,2021,4,3,18,1617472800,kolhapur,27.942274882784556,6.201769869353969,98.79616179071279,0.34680221978800607,4.196873111580118,0.08845192606466998,0.1,3.2318217061306296
2021-04-04 00:00:00,2021,4,4,0,1617494400,kolhapur,23.920754590684748,5.5614274346941786,98.68129777383635,0.9701017643315615,0.0,0.08,0.1,3.228472084772765
2021-04-04 06:00:00,2021,4,4,6,1617516000,kolhapur,30.183903326746396,5.260898003789233,99.02904983680445,0.7807878459797924,5.5887215246259325,0.10443708864851037,0.1,3.5866648359124356
2021-04-04 12:00:00,2021,4,4,12,1617537600,kolhapur,33.98711757402329,8.39169165121727,98.49883488033961,19.413169260078973,0.0,0.08,0.1,5.833215968190128
2021-04-04 18:00:00,2021,4,4,18,1617559200,kolhapur,28.345752230436098,6.355809813520773,98.24531488034023,0.5639417696444893,0.0,0.08,0.1,3.2567966953093044
2021-04-05 00:00:00,2021,4,5,0,1617580800,kolhapur,24.042640158903442,7.610762700126012,98.37896649647806,0.4043261228494788,0.0,0.08,0.1,3.010031004009965
2021-04-05 06:00:00,2021,4,5,6,1617602400,kolhapur,29.053479612433886,6.179200272616065,98.56019056231226,0.4899651763271299,0.0,0.08,0.1,3.2777918211246373
2021-04-05 12:00:00,2021,4,5,12,1617624000,kolhapur,31.651254922502943,5.3695237052280325,98.74024850624858,19.569414801870387,0.0,0.08,0.1,5.804872092713205
2021-04-05 18:00:00,2021,4,5,18,1617645600,kolhapur,28.3320245496889,5.6145883472796525,97.99538136511906,0.2793310185303429,0.0,0.08,0.1,3.366996111374617
2021-04-06 00:00:00,2021,4,6,0,1617667200,kolhapur,25.36440675155588,5.715769687947253,98.42088488922333,0.6747630413914187,0.0,0.08,0.1,2.9376144040625802
2021-04-06 06:00:00,2021,4,6,6,1617688800,kolhapur,27.864630107231836,10.409248809322499,98.9011861017811,0.7785418150861175,0.0,0.08,0.1,3.356072430006172
2021-04-06 12:00:00,2021,4,6,12,1617710400,kolhapur,33.36983522409401,5.003462160334405,98.34626094336882,20.171516108096345,0.0,0.08,0.1,5.747514905514592
2021-04-06 18:00:00,2021,4,6,18,1617732000,kolhapur,27.81189058598381,11.362672174178169,98.69762716113031,0.1553299673181904,0.0,0.08,0.1,3.101834017877399
2021-04-07 00:00:00,2021,4,7,0,1617753600,kolhapur,19.83707021963456,10.895720940656307,98.54911511943193,0.8228555236452406,0.0,0.08,0.1,2.753657757771592
2021-04-07 06:00:00,2021,4,7,6,1617775200,kolhapur,28.338744728896888,13.332489193054622,98.68793804322462,0.25480082447706354,0.0,0.08,0.1,3.4327071323887655
2021-04-07 12:00:00,2021,4,7,12,1617796800,kolhapur,33.76054735902418,5.963738022600904,98.15825169878714,19.807821255397393,0.0,0.08,0.1,5.9149745921792904
2021-04-07 18:00:00,2021,4,7,18,1617818400,kolhapur,27.53911937672352,9.97107392230875,98.15955936024746,0.9014436858492489,0.0,0.08,0.1,3.2920727112040247
2021-04-08 00:00:00,2021,4,8,0,1617840000,kolhapur,21.707414373923218,5.745161816292618,98.39014696804118,0.454503600982602,0.0,0.09330479280570962,0.1,2.540446024781114
2021-04-08 06:00:00,2021,4,8,6,1617861600,kolhapur,27.11846010757784,5.029854756184861,97.9243988642324,0.1970635340443162,0.0,0.08,0.1,2.9320440809020125
2021-04-08 12:00:00,2021,4,8,12,1617883200,kolhapur,34.58565122145365,5.370960669950177,98.303143218421,19.62287033340386,0.0,0.08,0.1,6.037096960839958
2021-04-08 18:00:00,2021,4,8,18,1617904800,kolhapur,31.39815695682067,9.348619659300104,98.4599283976592,0.4729837666521362,0.0,0.08392752881598989,0.1,3.5414640974811924
2021-04-09 00:00:00,2021,4,9,0,1617926400,kolhapur,25.643807304897067,5.0074615536679055,98.90237597555074,0.7626724239765541,0.0,0.08,0.1,2.935098072795302
2021-04-09 06:00:00,2021,4,9,6,1617948000,kolhapur,26.553638286293086,6.171138841170704,98.48780075024675,0.9972051439743013,0.0,0.08,0.1,3.436710340204821
2021-04-09 12:00:00,2021,4,9,12,1617969600,kolhapur,34.852098259364965,5.104589275123615,98.55455383472773,20.33249360030564,0.0,0.08,0.1,6.214572166384653
2021-04-09 18:00:00,2021,4,9,18,1617991200,kolhapur,27.57541372982498,5.492812950375328,98.7163280475808,0.877011958942856,0.0,0.08,0.1,3.1900935750547115
2021-04-10 00:00:00,2021,4,10,0,1618012800,kolhapur,22.82678260298974,5.121342041471358,98.06054732498683,0.747832360934888,0.0,0.08,0.1,2.781097633172982
2021-04-10 06:00:00,2021,4,10,6,1618034400,kolhapur,28.00721979979598,7.927143665272845,98.30041980294406,0.895435100756106,0.0,0.08,0.1,3.2078403671191094
2021-04-10 12:00:00,2021,4,10,12,1618056000,kolhapur,34.75928362153605,6.324335918513143,99.07756837919652,19.703003966873812,0.0,0.08,0.1,5.968332813326112
2021-04-10 18:00:00,2021,4,10,18,1618077600,kolhapur,30.139063261426465,8.468828548952672,98.32620793494,0.9299315989816479,0.0,0.08,0.1,3.4745651425265005
2021-04-11 00:00:00,2021,4,11,0,1618099200,kolhapur,23.682362370491294,6.727749398295938,98.66787759913254,0.39640615372565613,0.0,0.08,0.1,2.8642962802349996
2021-04-11 06:00:00,2021,4,11,6,1618120800,kolhapur,28.707802865898937,10.291118944289984,98.62206973764981,0.9216142232804446,0.0,0.08,0.1,3.485156482129299
2021-04-11 12:00:00,2021,4,11,12,1618142400,kolhapur,34.52580459226467,6.0485725772671435,97.88951426018157,19.783586683298754,0.793892989807573,0.08,0.1,5.839256609854651
2021-04-11 18:00:00,2021,4,11,18,1618164000,kolhapur,29.68140078669734,6.5060361188670965,98.42609215759965,0.7152429571211383,4.1333273597917435,0.12189590763704657,0.1,3.6126329778502835
2021-04-12 00:00:00,2021,4,12,0,1618185600,kolhapur,25.72213490326318,6.262515484849932,98.3600258900039,0.7356887486702045,0.0,0.08,0.1,2.9431552429030465
2021-04-12 06:00:00,2021,4,12,6,1618207200,kolhapur,27.031238379861588,5.967619851677744,98.41498928469446,0.9969108892977727,0.0,0.08,0.1,3.4388612453385434
2021-04-12 12:00:00,2021,4,12,12,1618228800,kolhapur,33.98783735283143,7.780198103696186,98.08976790440501,20.55734646485544,0.0,0.08,0.1,6.332363016319499
2021-04-12 18:00:00,2021,4,12,18,1618250400,kolhapur,27.35575977928862,6.525840934008668,97.98092579476868,0.3825737058156091,0.0,0.08,0.1,2.8814287824751026
2021-04-13 00:00:00,2021,4,13,0,1618272000,kolhapur,24.00889383135375,7.393451822702032,98.1563064448631,0.5572485516185454,0.0,0.08,0.1,2.8892724466066433
2021-04-13 06:00:00,2021,4,13,6,1618293600,kolhapur,28.746044318427714,7.284642562492667,98.2697709457441,0.36655093816659023,0.0,0.09089743147627519,0.1,3.5627339858735048
2021-04-13 12:00:00,2021,4,13,12,1618315200,kolhapur,34.0151830690948,5.287438816909647,98.65460477914945,20.0646172192572,9.036324575366459,0.14987757293502418,0.1,6.342256135123622
2021-04-13 18:00:00,2021,4,13,18,1618336800,kolhapur,27.885692917783057,6.54485474164626,98.84430269078705,0.24850232750227597,0.0,0.08,0.1,3.1712794565471905
2021-04-14 00:00:00,2021,4,14,0,1618358400,kolhapur,21.98096922383664,5.298071334026473,98.70125612347043,0.22201053427432094,0.0,0.08,0.1,2.2712374901290033
2021-04-14 06:00:00,2021,4,14,6,1618380000,kolhapur,26.07024762357543,6.277172654370856,98.54033233283802,0.5488153301632129,0.0,0.08410684641698649,0.1,3.0191285804220005
2021-04-14 12:00:00,2021,4,14,12,1618401600,kolhapur,34.01513368225053,6.661190277554294,97.9809746909136,20.854312882185834,0.0,0.08,0.1,6.158342097032396
2021-04-14 18:00:00,2021,4,14,18,1618423200,kolhapur,28.565402254898377,13.800126628405291,98.15960791710663,0.9127266260884,0.0,0.11225165685518323,0.1,3.4753764760595627
2021-04-15 00:00:00,2021,4,15,0,1618444800,kolhapur,23.32364232369279,5.0047044509418335,98.32848642615349,0.05476377752582551,0.0,0.08,0.1,2.7847047826505467
2021-04-15 06:00:00,2021,4,15,6,1618466400,kolhapur,31.321371515146023,5.101692615777473,98.07577689900674,0.07989940095189352,0.0,0.08,0.1,3.235105601009049
2021-04-15 12:00:00,2021,4,15,12,1618488000,kolhapur,33.048391540705566,5.078409747508643,98.43867030618797,20.27224769897233,0.0,0.0952336731737221,0.1,6.006590788949429
2021-04-15 18:00:00,2021,4,15,18,1618509600,kolhapur,31.462799944106738,5.720324530641027,98.48165444290588,0.25505945246947737,0.0,0.08,0.1,3.423421282679095
2021-04-16 00:00:00,2021,4,16,0,1618531200,kolhapur,26.897970356807335,7.537399408519999,98.40969695488482,0.09488917523925111,0.0,0.08,0.1,3.071780152052017
2021-04-16 06:00:00,2021,4,16,6,1618552800,kolhapur,26.53585404021938,7.7392973413723425,98.55635031748245,0.3884633411734405,0.0,0.08,0.1,3.2451841214686565
2021-04-16 12:00:00,2021,4,16,12,1618574400,kolhapur,34.60077692890191,6.955192175042777,97.97743257200126,20.693229746671733,0.0,0.08,0.1,6.2112024343009775
2021-04-16 18:00:00,2021,4,16,18,1618596000,kolhapur,28.862660004149465,8.35967398065836,98.52865854734284,0.5781622005994661,0.0,0.08,0.1,3.773760581393627
2021-04-17 00:00:00,2021,4,17,0,1618617600,kolhapur,20.218128816847386,5.530021548320212,98.02349205980177,0.5434296812585927,0.0,0.08,0.1,2.7958500340832506
2021-04-17 06:00:00,2021,4,17,6,1618639200,kolhapur,27.418872854320664,5.083633126874034,97.94990490904496,0.3386719248874972,0.0,0.08,0.1,2.906465065977887
2021-04-17 12:00:00,2021,4,17,12,1618660800,kolhapur,35.748238894585995,5.035074524392626,98.39182053509374,20.8897118450969,0.0,0.08,0.1,6.366400662711446
2021-04-17 18:00:00,2021,4,17,18,1618682400,kolhapur,32.61463361299018,7.8123660654376845,98.59694776349752,0.8264839409810738,3.4960236106752105,0.1209137548146137,0.1,3.7221272541573267
2021-04-18 00:00:00,2021,4,18,0,1618704000,kolhapur,26.06241938127168,6.904502523451099,98.3620448586318,0.34627426647740844,0.0,0.08115837637388082,0.1,2.870258318672803
2021-04-18 06:00:00,2021,4,18,6,1618725600,kolhapur,30.193850875992275,6.737128391174069,98.22188201985077,0.08553535929946199,0.0,0.08,0.1,3.1112103420171175
2021-04-18 12:00:00,2021,4,18,12,1618747200,kolhapur,34.676403594776176,5.560614477516391,98.30868696054945,20.55669127075338,0.0,0.08270444285693146,0.1,6.046040346480184
2021-04-18 18:00:00,2021,4,18,18,1618768800,kolhapur,32.23239653919498,5.654901062057155,98.25656888813918,0.13736865457490524,0.0,0.08,0.1,3.598701810098688
2021-04-19 00:00:00,2021,4,19,0,1618790400,kolhapur,28.05222952386277,9.689710079372741,97.86139492352372,0.46735872722718086,0.0,0.08,0.1,3.378500935980046
2021-04-19 06:00:00,2021,4,19,6,1618812000,kolhapur,28.94960670164003,5.029418321236062,97.82639414888087,0.15593515131607827,0.0,0.08,0.1,3.2324204957731926
2021-04-19 12:00:00,2021,4,19,12,1618833600,kolhapur,31.829890880460873,7.159572463360027,98.1755324285223,20.79964084344799,0.0,0.08,0.1,5.486265997178617
2021-04-19 18:00:00,2021,4,19,18,1618855200,kolhapur,26.682589526019505,5.486320106385212,98.22313724309512,0.22100289232465026,0.0,0.08,0.1,2.971090990364046
2021-04-20 00:00:00,2021,4,20,0,1618876800,kolhapur,26.93302588951952,4.982298929923745,98.18620842492122,0.738731105462403,12.641386528815833,0.20541933789105685,0.1,3.406208983609922
2021-04-20 06:00:00,2021,4,20,6,1618898400,kolhapur,29.879616590118236,6.958054176037994,98.38563919550587,0.027568240835845637,0.0,0.09615728401176157,0.1,3.1392122223595496
2021-04-20 12:00:00,2021,4,20,12,1618920000,kolhapur,35.2250672669679,5.525301645565165,98.1181656965616,20.96728501263802,0.0,0.08592015976055295,0.1,6.023446540985543
2021-04-20 18:00:00,2021,4,20,18,1618941600,kolhapur,27.264227911844745,6.8435397936562605,98.35170246598236,0.1694882749200592,0.0,0.08,0.1,3.1242925702262223
2021-04-21 00:00:00,2021,4,21,0,1618963200,kolhapur,23.939584181634135,6.758869550856578,98.12315519088388,0.0009918644696270684,0.0,0.08,0.1,2.921893372091615
2021-04-21 06:00:00,2021,4,21,6,1618984800,kolhapur,29.62614632996566,6.062031184078267,98.71353890969276,0.8692000880648071,11.370951959230887,0.2095512600965251,0.1,3.7291426640121643
2021-04-21 12:00:00,2021,4,21,12,1619006400,kolhapur,35.381125125862944,7.167528916214794,98.19074533909975,21.15909423234997,0.0,0.08482334599980365,0.1,6.405614059007176
2021-04-21 18:00:00,2021,4,21,18,1619028000,kolhapur,29.471479492446196,6.2191054586542425,98.86874800453951,0.09894282205052592,0.0,0.09757437996648824,0.1,3.4433061504889912
2021-04-22 00:00:00,2021,4,22,0,1619049600,kolhapur,23.631335561472387,5.4119690175959585,98.25595602207603,0.6640723676838556,2.9286924453311203,0.11892963973736705,0.1,3.0159552740288413
2021-04-22 06:00:00,2021,4,22,6,1619071200,kolhapur,29.010474370020617,6.892360809674228,98.0862493935723,0.6116473327375985,0.0,0.11656670982619946,0.1,3.326381790949186
2021-04-22 12:00:00,2021,4,22,12,1619092800,kolhapur,36.99980978784525,6.239575479911869,97.88051815187087,21.035213747685322,0.0,0.08,0.1,6.291588070605087
2021-04-22 18:00:00,2021,4,22,18,1619114400,kolhapur,30.554501788329652,4.924535470499302,97.71748597253146,0.4192580984256165,0.0,0.08129562471403856,0.1,3.365246662744424
2021-04-23 00:00:00,2021,4,23,0,1619136000,kolhapur,26.222276582739724,8.374831201783234,97.83684479118388,0.8870697629157349,0.0,0.09857501337563689,0.1,3.1599190555464935
2021-04-23 06:00:00,2021,4,23,6,1619157600,kolhapur,28.955730655990404,6.079396007376842,97.87039558375353,0.24514801989745127,0.0,0.1000259148036958,0.1,3.3969459229605143
2021-04-23 12:00:00,2021,4,23,12,1619179200,kolhapur,30.873306144205465,7.940660938017361,98.25272348262638,21.033698600225243,0.0,0.08930751784679039,0.1,5.831972228647937
2021-04-23 18:00:00,2021,4,23,18,1619200800,kolhapur,29.519384911979653,8.111087842260229,97.97642786518468,0.3291154128948298,0.0,0.08,0.1,3.4337416680005743
2021-04-24 00:00:00,2021,4,24,0,1619222400,kolhapur,24.119626673702715,5.7695267169179125,98.17438889549969,0.7712010290366336,0.0,0.08,0.1,3.0166314911814776
2021-04-24 06:00:00,2021,4,24,6,1619244000,kolhapur,30.94300090828308,5.949314688851398,98.50290428844635,0.9164653062325394,0.0,0.08,0.1,3.481601259187331
2021-04-24 12:00:00,2021,4,24,12,1619265600,kolhapur,40.34806807586372,5.692586806569125,98.09196827424287,21.55792080202014,0.0,0.08551996212855538,0.1,6.542932261267043
2021-04-24 18:00:00,2021,4,24,18,1619287200,kolhapur,31.462231531768342,5.781656303045806,98.74205778927337,0.797703930299771,0.0,0.08,0.1,3.2272206903806144
2021-04-25 00:00:00,2021,4,25,0,1619308800,kolhapur,29.637554289404175,8.259171577909752,97.74971389161568,0.9867899455700829,0.0,0.08682477536282392,0.1,3.3335855887228387
2021-04-25 06:00:00,2021,4,25,6,1619330400,kolhapur,31.386768593338115,7.204148258562932,98.05728212120496,0.6971445504103851,0.0,0.10044470198620695,0.1,3.67969368239854
2021-04-25 12:00:00,2021,4,25,12,1619352000,kolhapur,34.58878469396987,5.079290255976676,97.94066330863414,21.531140974498754,0.0,0.08623696517506109,0.1,6.168857981583143
2021-04-25 18:00:00,2021,4,25,18,1619373600,kolhapur,31.05548816751027,6.289972491384747,98.38340916753454,0.9828025397050215,0.0,0.09332349066545831,0.1,3.450089535299423
2021-04-26 00:00:00,2021,4,26,0,1619395200,kolhapur,28.317360086846968,13.11349078215707,97.41478390310726,0.006990785399174082,0.0,0.10153315290825822,0.1,3.6376951384863956
2021-04-26 06:00:00,2021,4,26,6,1619416800,kolhapur,33.390746082112265,6.223750285109997,97.65378680546375,0.634048376436365,0.0,0.08,0.1,3.330638791243329
2021-04-26 12:00:00,2021,4,26,12,1619438400,kolhapur,34.78339613556579,7.1776762902571685,98.05451734548181,21.590182995412224,0.0,0.10282843803688933,0.1,6.3543692359970585
2021-04-26 18:00:00,2021,4,26,18,1619460000,kolhapur,31.026177731179356,7.064312528755381,98.55213470851994,0.9178270537571975,0.0,0.08,0.1,3.349440002657018
2021-04-27 00:00:00,2021,4,27,0,1619481600,kolhapur,23.61391317617939,5.501941008672253,98.13886061229871,0.8838443041843428,0.0,0.08738836421364563,0.1,2.6672449283883277
2021-04-27 06:00:00,2021,4,27,6,1619503200,kolhapur,31.99481643272325,5.552496469667213,97.66564382580825,0.8419606812337943,0.0,0.08,0.1,3.431058350873192
2021-04-27 12:00:00,2021,4,27,12,1619524800,kolhapur,38.087845544269946,6.786480716713813,97.71195808428045,21.867282140083546,0.0,0.11362821738642033,0.1,7.085764123437373
2021-04-27 18:00:00,2021,4,27,18,1619546400,kolhapur,30.817512676860133,5.894705069955056,98.573004972941,0.5373791879137101,0.0,0.08,0.1,3.489443476461845
2021-04-28 00:00:00,2021,4,28,0,1619568000,kolhapur,24.86673887938082,6.111706209673657,97.86928138225652,0.006920095584826758,0.0,0.12216822393062317,0.1,2.8648379435437583
2021-04-28 06:00:00,2021,4,28,6,1619589600,kolhapur,31.408011387837355,6.715676226879972,97.77273281016046,0.011054398697009526,0.0,0.14237787295923932,0.1,3.8509004491488357
2021-04-28 12:00:00,2021,4,28,12,1619611200,kolhapur,36.49400350796576,7.098507087726531,98.49883359008464,21.53554362764744,0.0,0.08,0.1,6.2327104856948115
2021-04-28 18:00:00,2021,4,28,18,1619632800,kolhapur,30.98953070869544,5.31894455048444,98.35895092357148,0.43527223886394384,0.0,0.08282025127647909,0.1,3.6062189547278045
2021-04-29 00:00:00,2021,4,29,0,1619654400,kolhapur,26.244446674030872,5.070216951107773,98.42248515352793,0.4512450533654485,0.0,0.10919753617787627,0.1,2.961777036280391
2021-04-29 06:00:00,2021,4,29,6,1619676000,kolhapur,30.715651711822886,5.349617754459533,97.75525469646814,0.400404737210037,0.0,0.08,0.1,3.359212040378815
2021-04-29 12:00:00,2021,4,29,12,1619697600,kolhapur,37.47030637986655,5.89459394220989,97.58273556824358,21.977157815434857,0.0,0.09151108503535518,0.1,6.858501773803758
2021-04-29 18:00:00,2021,4,29,18,1619719200,kolhapur,32.08071515527463,5.460233691921317,98.08021720735671,0.35917035116979246,0.0,0.10046612691192694,0.1,3.4818781059615036
2021-04-30 00:00:00,2021,4,30,0,1619740800,kolhapur,24.608803686405196,6.080272950542206,98.12558676785505,0.8562269417630832,0.0,0.08511514476399831,0.1,3.241587296802148
2021-04-30 06:00:00,2021,4,30,6,1619762400,kolhapur,29.567572502383527,4.902440449515282,98.1344294690444,0.9028647937916409,3.6893578710910377,0.13790480654653717,0.1,3.5096704426811547
2021-04-30 12:00:00,2021,4,30,12,1619784000,kolhapur,35.701896781581574,5.889279286218947,98.46850410862466,21.626554634925185,0.0,0.11834629054943763,0.1,6.456121644422467
2021-04-30 18:00:00,2021,4,30,18,1619805600,kolhapur,32.18871409327919,5.508281311499442,97.50491880093048,0.4469380373650909,0.0,0.09780526285495965,0.1,3.4124533066473037
2021-05-01 00:00:00,2021,5,1,0,1619827200,kolhapur,26.411122609116074,5.95506168895273,98.26787984896028,0.7610206042154468,6.0993032241956655,0.14202949471754042,0.1,3.531945524235687
2021-05-01 06:00:00,2021,5,1,6,1619848800,kolhapur,30.224310873095867,5.631216371510172,97.68098382032674,0.7079715076398824,0.0,0.1251072833169262,0.1,3.460550366507709
2021-05-01 12:00:00,2021,5,1,12,1619870400,kolhapur,36.5813143833686,5.309145371512776,98.2666919298292,21.522282226853843,0.0,0.1295902442571093,0.10923550874875568,6.851859594394326
2021-05-01 18:00:00,2021,5,1,18,1619892000,kolhapur,30.692820708996443,8.324357080379237,97.86748432221454,0.10254812592464917,0.0,0.10918114472188331,0.1,3.4765075095671256
2021-05-02 00:00:00,2021,5,2,0,1619913600,kolhapur,27.613806636274422,5.101131466389634,97.75084740651133,0.26485240018248035,0.0,0.08462596929609924,0.1,3.01615220792323
2021-05-02 06:00:00,2021,5,2,6,1619935200,kolhapur,31.792664598538796,6.510279449551609,97.81206813319372,0.13102850581229897,0.0,0.08670727102782065,0.1,3.6320728476780846
2021-05-02 12:00:00,2021,5,2,12,1619956800,kolhapur,35.820159664760006,8.673024969480489,97.56135588504551,21.554227255170254,0.0,0.08,0.1,6.439499694511113
2021-05-02 18:00:00,2021,5,2,18,1619978400,kolhapur,31.640355104007917,5.955175546391717,98.00716762722853,0.26182156558080166,0.0,0.09241926679672957,0.1,3.523346805976431
2021-05-03 00:00:00,2021,5,3,0,1620000000,kolhapur,28.368121039949866,7.917643375841493,97.74845417064635,0.6377114238867135,0.0,0.12803922395762,0.1,3.307663910374382
2021-05-03 06:00:00,2021,5,3,6,1620021600,kolhapur,30.541103835843998,4.981525756767475,98.21614565711457,0.9544960284547797,0.0,0.09304826871898755,0.1,3.4456277403983626
2021-05-03 12:00:00,2021,5,3,12,1620043200,kolhapur,36.99953442313431,5.802685124699591,98.17227301215436,22.010020722151914,0.0,0.08760898264980643,0.1,6.547395527093611
2021-05-03 18:00:00,2021,5,3,18,1620064800,kolhapur,31.28985843996457,5.697522030405469,98.48670330371533,0.9266494080645723,0.0,0.12718532339928837,0.1,3.91664831639736
2021-05-04 00:00:00,2021,5,4,0,1620086400,kolhapur,27.136897663582484,4.780101502071511,98.07552568678135,0.7841322586084434,0.0,0.13223187014243423,0.1,3.211216279808719
2021-05-04 06:00:00,2021,5,4,6,1620108000,kolhapur,30.51457472539574,5.646351824572032,98.12183077184305,0.7278776220711732,4.669885617852349,0.14518250926828122,0.1,3.692183772972281
2021-05-04 12:00:00,2021,5,4,12,1620129600,kolhapur,36.661925287528405,5.458618448609138,98.38565738526736,21.802135885446784,0.0,0.11939525571809817,0.1,6.7312554292863105
2021-05-04 18:00:00,2021,5,4,18,1620151200,kolhapur,33.158157061414535,6.429952927944865,97.77732863291101,0.32479450286337125,0.0,0.09185123507613559,0.1,3.636924152621894
2021-05-05 00:00:00,2021,5,5,0,1620172800,kolhapur,25.190156144544016,8.932819368420269,97.50467957786837,0.8462773724729192,0.0,0.10484436287236815,0.1,3.395709712267446
2021-05-05 06:00:00,2021,5,5,6,1620194400,kolhapur,29.601558961425553,4.888432466635037,98.0111852594538,0.9053932329290053,0.0,0.08,0.1,3.665934535090641
2021-05-05 12:00:00,2021,5,5,12,1620216000,kolhapur,34.658483269682726,5.348965302273809,97.52436700095096,21.90274943486579,0.0,0.1188990486540274,0.1,6.398490867497674
2021-05-05 18:00:00,2021,5,5,18,1620237600,kolhapur,29.83967282111289,5.634543357637248,98.6873386435929,0.00906309818664704,0.0,0.1096387351373069,0.1,3.5570880311857582
2021-05-06 00:00:00,2021,5,6,0,1620259200,kolhapur,27.586237910093192,5.650495826130457,98.37349876334876,0.7925310589064705,3.4349479107556786,0.13511001771483322,0.1,3.4521939509731054
2021-05-06 06:00:00,2021,5,6,6,1620280800,kolhapur,29.584463449456,6.975745621619438,98.58604217571555,0.28506884047229164,0.0,0.11235848442732062,0.1,3.5778035138298923
2021-05-06 12:00:00,2021,5,6,12,1620302400,kolhapur,36.246409961138895,5.618382262676098,97.95558336872402,21.522525235862705,0.0,0.10989806595085459,0.1,6.558679087818854
2021-05-06 18:00:00,2021,5,6,18,1620324000,kolhapur,32.620686933220256,4.780836780060951,98.10202135383555,0.8049885589761248,0.0,0.0976541639232662,0.1,3.7458869736373086
2021-05-07 00:00:00,2021,5,7,0,1620345600,kolhapur,27.41414089719019,6.582157128134321,97.78486575386248,0.5174141888168982,0.0,0.1246827884587142,0.10172076548518987,3.487405558965835
2021-05-07 06:00:00,2021,5,7,6,1620367200,kolhapur,31.210813836423572,7.966822078634729,98.18758582512429,0.6852107463384691,0.0,0.11075278939204593,0.1,3.6599023028479216
2021-05-07 12:00:00,2021,5,7,12,1620388800,kolhapur,37.07553790399996,5.806832991549689,97.55804541983295,22.48805675135928,0.0,0.11402616771115665,0.1,6.577659593972763
2021-05-07 18:00:00,2021,5,7,18,1620410400,kolhapur,31.94987030097365,6.030022168579576,97.15978042660583,0.541173830138108,0.0,0.08749854573817609,0.1,3.586232112264624
2021-05-08 00:00:00,2021,5,8,0,1620432000,kolhapur,26.546974750389605,4.976502827887628,97.67152536928985,0.5031940725789658,2.104937732894343,0.1377713507601287,0.1,3.0160876224912605
2021-05-08 06:00:00,2021,5,8,6,1620453600,kolhapur,31.56708410573001,5.083654674373694,97.47209651245123,0.2906621213482635,0.0,0.11564772568205371,0.1,3.619813145581856
2021-05-08 12:00:00,2021,5,8,12,1620475200,kolhapur,40.236477335847326,5.111872926566755,98.35211657598428,21.93823145828278,0.0,0.102722043413679,0.11008044198922728,6.905070662049808
2021-05-08 18:00:00,2021,5,8,18,1620496800,kolhapur,33.09730253960883,5.554852134130055,98.45344179166052,0.7965420660296485,0.0,0.12986519990979298,0.1,3.7637439418467986
2021-05-09 00:00:00,2021,5,9,0,1620518400,kolhapur,30.696753077840658,8.64393652614405,97.47406520862721,0.44902924558593704,0.0,0.08,0.11975859358998439,3.567844140027133
2021-05-09 06:00:00,2021,5,9,6,1620540000,kolhapur,31.23033200219169,5.800815849168862,98.28245861260751,0.1635262086081204,0.0,0.11212202598072975,0.1,3.6433574733181806
2021-05-09 12:00:00,2021,5,9,12,1620561600,kolhapur,36.84832680624022,5.014245409351766,98.18035942540138,21.78616053401603,0.0,0.12796508207044888,0.1,6.686850076056969
2021-05-09 18:00:00,2021,5,9,18,1620583200,kolhapur,29.97758805365747,5.158322978676893,97.42401092493549,0.47292011686178204,0.0,0.16373617591511047,0.12364418897766288,3.8159471566072765
2021-05-10 00:00:00,2021,5,10,0,1620604800,kolhapur,25.85209626469414,5.405273854599136,97.76424833745801,0.46495502361773045,0.0,0.09699256967280745,0.15147690631987315,3.2774389856081205
2021-05-10 06:00:00,2021,5,10,6,1620626400,kolhapur,34.91931619082225,6.142770681260247,97.70727948010014,0.653458278205396,0.0,0.12607857762814637,0.1,3.9493586506770364
2021-05-10 12:00:00,2021,5,10,12,1620648000,kolhapur,36.283395033065865,5.548291330815529,98.10572721632566,22.220199483767985,0.0,0.1352640842327813,0.1,6.635335369745683
2021-05-10 18:00:00,2021,5,10,18,1620669600,kolhapur,34.945368418045184,5.4259432572336985,97.512694791466,0.1434757041342174,0.0,0.12557298692568059,0.11021069969336357,3.92531158774099
2021-05-11 00:00:00,2021,5,11,0,1620691200,kolhapur,25.290275224051666,5.910004365021324,97.83823480111481,0.5078028847985135,0.0,0.10220680505374238,0.1,3.2565097631298485
2021-05-11 06:00:00,2021,5,11,6,1620712800,kolhapur,30.575115063961587,5.07760741046008,97.66211623762777,0.9067894038860251,0.0,0.11718022490328552,0.1,3.5670663384416823
2021-05-11 12:00:00,2021,5,11,12,1620734400,kolhapur,36.64347178353637,4.785611397905616,98.0098989438282,21.964962704924083,0.0,0.08,0.1,6.57232762281889
2021-05-11 18:00:00,2021,5,11,18,1620756000,kolhapur,32.05969373255273,4.6994019904318485,97.80285897930628,0.6897546409777516,0.0,0.1269309955969998,0.1,3.3353277342063157
2021-05-12 00:00:00,2021,5,12,0,1620777600,kolhapur,28.626997747241397,5.079876471157003,97.69407817558833,0.5938592649655265,0.0,0.10109032944168148,0.1,3.3180198681744586
2021-05-12 06:00:00,2021,5,12,6,1620799200,kolhapur,32.918522434345604,4.78992546871118,97.79066291408083,0.7485857267118027,0.0,0.1385214030022259,0.1,3.779290648377378
2021-05-12 12:00:00,2021,5,12,12,1620820800,kolhapur,36.61789392255016,5.260812325626857,98.4654647366225,22.011383195923415,0.0,0.11633973660804559,0.1,6.2993259506371695
2021-05-12 18:00:00,2021,5,12,18,1620842400,kolhapur,32.04239309878904,6.869601715093365,97.72958199593464,0.9416053369059972,0.0,0.11445788771300845,0.1,3.500415144592505
2021-05-13 00:00:00,2021,5,13,0,1620864000,kolhapur,26.84897087437717,6.5187271710716805,97.5292968498168,0.6209664277671586,0.0,0.13529979841716525,0.1,3.408767287237556
2021-05-13 06:00:00,2021,5,13,6,1620885600,kolhapur,30.955584651065628,6.044985080797663,98.01662848604873,0.8470711376911368,0.0,0.13717392453757013,0.1117806247015074,3.7245612903480563
2021-05-13 12:00:00,2021,5,13,12,1620907200,kolhapur,35.99562084915179,7.499893376233748,97.79854101447506,22.161507282065553,0.0,0.14939447930280825,0.13434666666513725,6.96603978194045
2021-05-13 18:00:00,2021,5,13,18,1620928800,kolhapur,33.869391091204335,5.126070089755439,97.417028236042,0.7394128893979642,0.0,0.1267415549292348,0.1395515773710786,3.5209085709989556
2021-05-14 00:00:00,2021,5,14,0,1620950400,kolhapur,24.6686413135067,7.856769032589562,98.49818894299321,0.781030704333919,0.0,0.13241911608532184,0.1,3.4001419702811297
2021-05-14 06:00:00,2021,5,14,6,1620972000,kolhapur,34.836926751564995,5.376170581040465,97.72299635875648,0.39743527238707566,0.0,0.10680826376731661,0.1,3.942207130727786
2021-05-14 12:00:00,2021,5,14,12,1620993600,kolhapur,36.896397366994066,5.3803064117769965,97.71537920624407,22.35181149764416,0.0,0.16350273384792202,0.1,6.5994665022289
2021-05-14 18:00:00,2021,5,14,18,1621015200,kolhapur,31.25212579580917,5.391510509349569,97.8766906480049,0.657796265025752,0.0,0.11584593624247927,0.1,3.7732642147219417
2021-05-15 00:00:00,2021,5,15,0,1621036800,kolhapur,28.601951408104796,4.749204406057069,98.33511560913804,0.09340768176021597,0.0,0.15160197416277396,0.14750344032266305,3.7805530982477675
2021-05-15 06:00:00,2021,5,15,6,1621058400,kolhapur,34.720137348279565,10.157377951219573,97.31215698041969,0.7356241502175089,0.0,0.15174902603865947,0.11002414523754285,4.0557642972076104
2021-05-15 12:00:00,2021,5,15,12,1621080000,kolhapur,39.16876113446483,4.817968466901955,97.89887633320156,22.06252656900352,0.0,0.14510333328394256,0.13122259434791003,6.946518871458681
2021-05-15 18:00:00,2021,5,15,18,1621101600,kolhapur,33.24509054609873,5.2196238591757815,98.44226222691348,0.19059030112082867,0.0,0.1323574727108533,0.17153368412117775,3.931451663070205
2021-05-16 00:00:00,2021,5,16,0,1621123200,kolhapur,29.202107661002067,5.1534664741829594,97.84224237862502,0.6641437572413672,0.0,0.13242492061587346,0.1,3.1835928988362587
2021-05-16 06:00:00,2021,5,16,6,1621144800,kolhapur,29.997066060703514,4.692937934099515,97.43302358061207,0.09832366709196383,0.0,0.1383981096328517,0.1,3.4002974926917062
2021-05-16 12:00:00,2021,5,16,12,1621166400,kolhapur,36.78906661418709,4.824287541699821,97.61810471851493,23.04207255901788,5.400935907803914,0.15561122442065145,0.1266683161750639,7.099119616703134
2021-05-16 18:00:00,2021,5,16,18,1621188000,kolhapur,31.205057336382048,4.64535878615844,97.86568853333016,0.8683962094619033,0.0,0.1391576552536255,0.11752807479145136,3.5543347170138953
2021-05-17 00:00:00,2021,5,17,0,1621209600,kolhapur,29.48632310774922,5.077199415872814,98.19061449642749,0.6263023324067365,0.0,0.17197206870977272,0.14540450425486962,4.013620953983063
2021-05-17 06:00:00,2021,5,17,6,1621231200,kolhapur,32.07414798254063,7.580620345303562,97.68957256841071,0.8190574556693498,0.0,0.1377400201390672,0.10243063681262497,3.9055686389992763
2021-05-17 12:00:00,2021,5,17,12,1621252800,kolhapur,38.917474846099545,5.180381402268203,98.03936886096527,23.00719507737734,0.0,0.14160224658112092,0.12012456251846791,6.881294505905206
2021-05-17 18:00:00,2021,5,17,18,1621274400,kolhapur,33.45315042465942,4.75643160520858,97.36076267362147,0.2594756495718212,0.0,0.12177469912109944,0.1,3.689077783773728
2021-05-18 00:00:00,2021,5,18,0,1621296000,kolhapur,26.431486840830303,6.0963127817965965,97.34621733956762,0.8494115879493195,0.0,0.1485505044334336,0.15034378753753913,3.2718065147606707
2021-05-18 06:00:00,2021,5,18,6,1621317600,kolhapur,31.8445099301114,13.066294042515688,97.63449264384066,0.1947937836376018,0.0,0.12927737498419486,0.11969066563894606,4.104822156807806
2021-05-18 12:00:00,2021,5,18,12,1621339200,kolhapur,39.66567378129791,4.936502693859714,98.21074146700812,22.581121123341667,0.0,0.1618338882913446,0.16054099142468048,7.149662481891024
2021-05-18 18:00:00,2021,5,18,18,1621360800,kolhapur,31.561723272049203,5.031784468127847,97.79999524230027,0.558259631248602,0.0,0.16766332351452592,0.16076001548556826,3.852140238653324
2021-05-19 00:00:00,2021,5,19,0,1621382400,kolhapur,27.98583814751344,9.876315043522608,97.85444928705641,0.7138909630740324,0.0,0.17460992908629788,0.1,3.5498740266884976
2021-05-19 06:00:00,2021,5,19,6,1621404000,kolhapur,31.624724802730555,4.816599692549802,97.85092980705849,0.030141317722528038,0.0,0.11854713982667371,0.16992838268861676,3.661295608857085
2021-05-19 12:00:00,2021,5,19,12,1621425600,kolhapur,37.32760845184643,5.594906090895273,98.10026832316245,22.5052170995521,0.0,0.1618722065563326,0.1509122492475618,7.022118877093276
2021-05-19 18:00:00,2021,5,19,18,1621447200,kolhapur,32.72929381626526,4.93212896027724,97.58443972062507,0.6085190982103931,0.0,0.1603577954743708,0.11828294343526995,3.6695601659859425
2021-05-20 00:00:00,2021,5,20,0,1621468800,kolhapur,26.69581190076019,8.542249765526112,97.9623815926751,0.35736867914911874,0.0,0.14169858783424513,0.15283551989039615,3.7167139540159786
2021-05-20 06:00:00,2021,5,20,6,1621490400,kolhapur,31.429441235230605,10.488777469705816,97.5066312609721,0.7750250556294934,0.0,0.17385355055482987,0.11236208245763006,4.14980410673052
2021-05-20 12:00:00,2021,5,20,12,1621512000,kolhapur,38.29952167137259,7.030747079340076,98.35087785690486,22.912039766657266,0.0,0.15828890900664372,0.1684300626182356,7.091927717801244
2021-05-20 18:00:00,2021,5,20,18,1621533600,kolhapur,31.603005553019663,5.06912713605538,97.51577872883962,0.2344014537237385,0.0,0.17746231683732974,0.13057423550422467,3.8317960204623196
2021-05-21 00:00:00,2021,5,21,0,1621555200,kolhapur,26.723664504288763,5.257717096787909,97.47978989500373,0.14592897959233309,0.0,0.12722959962932434,0.15892226540187676,3.450053820037567
2021-05-21 06:00:00,2021,5,21,6,1621576800,kolhapur,31.531071122283816,4.89894741273726,97.90940762997373,0.6290469935870504,0.0,0.13830089695722958,0.11335800939069535,3.884963461763101
2021-05-21 12:00:00,2021,5,21,12,1621598400,kolhapur,37.8227887683398,7.8040185941631135,97.76844321535701,22.75527240714973,0.0,0.15445647434990994,0.1407348781656813,7.354362629479103
2021-05-21 18:00:00,2021,5,21,18,1621620000,kolhapur,34.35520328943653,8.17261565455744,97.8425624078056,0.16895704110132131,0.0,0.17603381408532148,0.15886196775370692,4.54864634726005
2021-05-22 00:00:00,2021,5,22,0,1621641600,kolhapur,30.266926595622344,5.277254971742093,97.80153531934754,0.32637420531837735,0.0,0.16425923085688793,0.14626561214589284,3.5475234497041868
2021-05-22 06:00:00,2021,5,22,6,1621663200,kolhapur,31.918256512163275,6.066078737843089,97.40622352105761,0.3030467483185866,0.0,0.13619648211326185,0.1538750578514583,3.7161000037395038
2021-05-22 12:00:00,2021,5,22,12,1621684800,kolhapur,41.23259983115076,4.73456146648992,98.21734885942368,22.45607891907243,0.0,0.19069008798092685,0.1142407073279479,7.068251699472989
2021-05-22 18:00:00,2021,5,22,18,1621706400,kolhapur,31.50007635009375,5.319306225234605,98.00140384246657,0.5469090192652308,0.0,0.14926909818113884,0.14616921741518457,3.977746795795805
2021-05-23 00:00:00,2021,5,23,0,1621728000,kolhapur,29.697862864538717,5.940612436591447,98.1300878384065,0.7636486339125541,0.0,0.1394162599583074,0.1192078524927308,3.5942505297193392
2021-05-23 06:00:00,2021,5,23,6,1621749600,kolhapur,31.989995398523746,5.173327276933505,97.56390358629324,0.575466888852987,0.0,0.1422410022075804,0.1412948050508634,3.9985321979787964
2021-05-23 12:00:00,2021,5,23,12,1621771200,kolhapur,36.7661551747419,5.106959288899375,97.84735991644092,23.21609178844179,0.0,0.13109813917459162,0.12705766484530084,6.612030299179738
2021-05-23 18:00:00,2021,5,23,18,1621792800,kolhapur,31.95540584437033,4.444643459282191,97.78161339169678,0.12756854721543406,0.0,0.11279688789100324,0.13570686515328814,3.4810500569203815
2021-05-24 00:00:00,2021,5,24,0,1621814400,kolhapur,28.05717922220271,6.869635408856009,98.05009573202993,0.4356118578222239,0.0,0.1579884955782334,0.1,3.4025422971751396
2021-05-24 06:00:00,2021,5,24,6,1621836000,kolhapur,34.00580902822681,7.724833793433387,98.05976938371836,0.6094151036580991,0.0,0.12922829426643756,0.1475138869796399,4.25129806729025
2021-05-24 12:00:00,2021,5,24,12,1621857600,kolhapur,39.14065282853362,9.656177235618758,97.76961018505692,23.106354668612596,0.0,0.16659371797230962,0.14349401005692708,7.517048644249306
2021-05-24 18:00:00,2021,5,24,18,1621879200,kolhapur,31.719873248654554,6.328477189167859,97.2563096046165,0.6957863064234298,0.0,0.18000601702521216,0.10125826349679078,3.6063245772037273
2021-05-25 00:00:00,2021,5,25,0,1621900800,kolhapur,26.712558025951047,5.596177405971569,98.23511919323995,0.728965427097881,0.0,0.1704271207475442,0.16189236366228799,3.5208091783073097
2021-05-25 06:00:00,2021,5,25,6,1621922400,kolhapur,31.82208891717263,4.873032767311392,97.86801685722068,0.6514298121960167,0.0,0.1637744736432959,0.17643507298696104,4.107690692699877
2021-05-25 12:00:00,2021,5,25,12,1621944000,kolhapur,38.03001535363968,15.297958913976483,97.5186895146963,22.563821071537152,0.0,0.13207760403163354,0.1611126074265888,7.61307870152383
2021-05-25 18:00:00,2021,5,25,18,1621965600,kolhapur,32.88181355093164,5.73892935543769,97.82318326859365,0.6953056776022992,0.0,0.17981570677996062,0.17522491278529073,4.220299596403381
2021-05-26 00:00:00,2021,5,26,0,1621987200,kolhapur,26.830847309316397,6.0962487957899985,97.2376549410893,0.7247826567743876,0.0,0.20439653302730845,0.1408382023416179,3.7350452105323653
2021-05-26 06:00:00,2021,5,26,6,1622008800,kolhapur,33.660516043515955,6.102150805568571,98.00758892586637,0.9934799343336271,0.0,0.19363063611260867,0.15026416500967035,4.1277533598081435
2021-05-26 12:00:00,2021,5,26,12,1622030400,kolhapur,41.64996371492406,7.180611836035947,97.24961948234132,23.200870857360545,0.0,0.1388545487640919,0.15887290542874902,7.58826121975349
2021-05-26 18:00:00,2021,5,26,18,1622052000,kolhapur,32.49903730966836,4.396257310994649,97.62473265801393,0.6868303957515517,0.0,0.16390590677777928,0.16102735122617162,3.7808089231820077
2021-05-27 00:00:00,2021,5,27,0,1622073600,kolhapur,27.662756173677366,4.733825401437113,97.75432144821357,0.514813290181972,0.0,0.16237660643902485,0.1,3.1692937465361637
2021-05-27 06:00:00,2021,5,27,6,1622095200,kolhapur,34.15251626096922,6.003488475856642,97.99263702692654,0.8679229085851139,0.0,0.16007047462019208,0.13407162104904524,4.143137260350824
2021-05-27 12:00:00,2021,5,27,12,1622116800,kolhapur,37.474799467877475,7.743434195913453,97.71294851626223,23.54092294865867,0.0,0.16857276749988767,0.1917685165699884,7.297291563137895
2021-05-27 18:00:00,2021,5,27,18,1622138400,kolhapur,34.31647062805994,6.095046477480535,97.87147397541568,0.7790448701974348,0.0,0.211332851083595,0.13822818796610875,4.442988796893172
2021-05-28 00:00:00,2021,5,28,0,1622160000,kolhapur,27.289956241564514,5.139735537718847,97.66277984029063,0.6125003778578084,0.0,0.17273896216873444,0.15939697233683553,3.675807306731552
2021-05-28 06:00:00,2021,5,28,6,1622181600,kolhapur,36.11594971309903,5.012464678555713,97.66157412754221,0.07895482693156819,0.0,0.16170495299058393,0.16524066972588167,4.465460750056913
2021-05-28 12:00:00,2021,5,28,12,1622203200,kolhapur,38.88493276062152,6.348202423477167,97.69687308792999,23.306060573066063,0.0,0.17654988314346842,0.12659399688293962,7.308298853896651
2021-05-28 18:00:00,2021,5,28,18,1622224800,kolhapur,32.437735878118005,6.367151975970802,97.61451253656978,0.7085615685819532,0.0,0.14432567424461626,0.214209463052994,4.270204465391336
2021-05-29 00:00:00,2021,5,29,0,1622246400,kolhapur,27.53729591942966,5.719000520254732,97.1557492218578,0.7755681478094317,0.0,0.15882480505979785,0.17102587686866344,3.517162134661861
2021-05-29 06:00:00,2021,5,29,6,1622268000,kolhapur,32.64963383957152,4.834698674316484,97.43122324667324,0.12455538839948932,0.0,0.19287096457016883,0.1462713423341481,4.1125535323092075
2021-05-29 12:00:00,2021,5,29,12,1622289600,kolhapur,40.479457968006884,8.206360974026602,97.73515274711573,23.26693024432858,0.0,0.17691320962695967,0.19141886453052656,7.585416603355851
2021-05-29 18:00:00,2021,5,29,18,1622311200,kolhapur,31.517206957231647,5.521901802001109,97.58698399373561,0.29572390495167744,0.0,0.21518092485281587,0.16306344926195795,4.027243743390769
2021-05-30 00:00:00,2021,5,30,0,1622332800,kolhapur,27.468785324894146,6.640587654138957,97.60571635245259,0.7602712434028337,0.0,0.1810475805440079,0.1789418359716516,3.656931544159889
2021-05-30 06:00:00,2021,5,30,6,1622354400,kolhapur,32.628206995195264,4.657881204031209,97.55545297627555,0.24037395403146622,2.5038105819789784,0.17581558618453327,0.21944421668904415,4.355224026627534
2021-05-30 12:00:00,2021,5,30,12,1622376000,kolhapur,38.447165880448,4.928580076849178,97.39337955928762,23.329685733836282,8.101771748602191,0.22501050041456275,0.16094275296748933,7.423131386400322
2021-05-30 18:00:00,2021,5,30,18,1622397600,kolhapur,33.064033291613214,7.410220049137019,97.50452923881429,0.2949929469839825,0.0,0.1957268800204288,0.21146210723358763,4.2443332626105565
2021-05-31 00:00:00,2021,5,31,0,1622419200,kolhapur,26.28200671644947,4.351202532267606,97.55139948078242,0.008994292817431138,0.0,0.15740347312688777,0.17217724193283626,3.4829689775114687
2021-05-31 06:00:00,2021,5,31,6,1622440800,kolhapur,32.91911443814196,5.3512229039012835,97.64499194626156,0.6333579119730954,0.0,0.15561153674127667,0.18449076300862585,3.9947732053367115
2021-05-31 12:00:00,2021,5,31,12,1622462400,kolhapur,38.36952243875771,5.259911026376688,97.76146250743992,22.790108829724662,7.108851508316544,0.23902283107235128,0.19153703955154947,7.382537245329442
2021-05-31 18:00:00,2021,5,31,18,1622484000,kolhapur,32.576701710915486,6.360934481825023,97.58928391683328,0.6592914727882169,4.497947042994629,0.2431386383420476,0.17210473753388422,4.841439830122523
2021-06-01 00:00:00,2021,6,1,0,1622505600,kolhapur,29.59493433298864,4.748569373767945,97.32579616892907,0.9256094483569375,10.015124389212996,0.2735624400609975,0.15725531714009702,4.0221685333890065
2021-06-01 06:00:00,2021,6,1,6,1622527200,kolhapur,34.94388374254761,4.62276125841188,97.21526813366117,0.9692459342110903,0.0,0.16393344342253358,0.20135259063439248,4.581839598611973
2021-06-01 12:00:00,2021,6,1,12,1622548800,kolhapur,38.447191049823054,8.16009309640565,98.41392390784937,22.94250967489185,0.0,0.20501781604612263,0.22140201616143584,7.488899468355228
2021-06-01 18:00:00,2021,6,1,18,1622570400,kolhapur,33.91058347969324,5.523793615354133,97.29574823655743,0.8092532276506577,0.0,0.20160467285711678,0.20656159719656728,4.502869963638946
2021-06-02 00:00:00,2021,6,2,0,1622592000,kolhapur,25.366868134337324,4.395286215312779,97.4706053960096,0.3535532768724403,0.0,0.21662954991777425,0.21105754279158384,3.6704617640082287
2021-06-02 06:00:00,2021,6,2,6,1622613600,kolhapur,32.97679797211848,4.551123694249109,97.78129298714309,0.9004570727479824,7.802113817451037,0.2883359760672882,0.17939206323307125,4.68604100282201
2021-06-02 12:00:00,2021,6,2,12,1622635200,kolhapur,40.115684667998096,14.350492939306147,97.73445107925862,23.522428334009753,0.0,0.20446654766853048,0.21377054866678422,7.894466248020429
2021-06-02 18:00:00,2021,6,2,18,1622656800,kolhapur,32.973297255592314,4.555913768088779,97.78245260415738,0.07392171664576642,0.0,0.1682633925352707,0.2038640107249808,3.831633833021815
2021-06-03 00:00:00,2021,6,3,0,1622678400,kolhapur,27.5439860981473,5.6209820769734,97.4851368541845,0.4071369938772773,4.31666863596791,0.24214817379042322,0.2244154241744078,4.1780971277437695
2021-06-03 06:00:00,2021,6,3,6,1622700000,kolhapur,37.06641200178164,5.024161300033503,97.68951939623601,0.3373178260096741,0.0,0.21009362038216556,0.20148894039397314,4.334069910018857
2021-06-03 12:00:00,2021,6,3,12,1622721600,kolhapur,41.37849439802895,7.458808693384723,97.63635507431641,23.54706889937526,0.0,0.22291687975238558,0.21643157000672103,7.7663203960343745
2021-06-03 18:00:00,2021,6,3,18,1622743200,kolhapur,34.35124098145848,6.317517417200465,97.52431256478177,0.4102857106531619,7.895002323347899,0.26817343063563404,0.18403162910874743,4.632524201604419
2021-06-04 00:00:00,2021,6,4,0,1622764800,kolhapur,30.39740418819848,5.5469072195100475,97.68359534609672,0.6845883976530838,5.814851564171931,0.23661231799965046,0.22484323364698483,4.105722857995674
2021-06-04 06:00:00,2021,6,4,6,1622786400,kolhapur,30.350135144041293,4.200055631528408,97.92658208759053,0.6024352555904404,13.53392147102263,0.30595957573623744,0.16619304570656757,4.1746227101034465
2021-06-04 12:00:00,2021,6,4,12,1622808000,kolhapur,37.507711110035345,7.361697620122483,97.60331235653473,23.763064660872832,0.0,0.20789160131442447,0.19394233195830413,7.475032973553401
2021-06-04 18:00:00,2021,6,4,18,1622829600,kolhapur,32.98410146121868,5.066142329782837,97.60530827747225,0.9377849568016177,0.0,0.1749683793568908,0.18306189708086137,3.8344186476943314
2021-06-05 00:00:00,2021,6,5,0,1622851200,kolhapur,28.371949352938422,8.183861872711358,97.92270491692857,0.4276995147387187,0.0,0.19293859059803672,0.31465534588425687,4.07853146686556
2021-06-05 06:00:00,2021,6,5,6,1622872800,kolhapur,32.9910034697779,5.187175334404704,97.89066471441141,0.7235782116411493,8.319624656455687,0.25638465740513205,0.2290432091033637,4.784635087899285
2021-06-05 12:00:00,2021,6,5,12,1622894400,kolhapur,34.90088006396432,5.938134283092117,98.07743753875482,23.641005481251966,0.0,0.1876152904576621,0.1769649184380977,7.262307970589024
2021-06-05 18:00:00,2021,6,5,18,1622916000,kolhapur,34.30495642930168,4.268493761476201,97.0753875361219,0.898885753862148,5.3955425576660545,0.25352886460604873,0.1684473004993224,4.840693482993155
2021-06-06 00:00:00,2021,6,6,0,1622937600,kolhapur,29.575992567232966,6.188130455633099,97.86634256505943,0.06813426377648368,0.0,0.19865737639823733,0.16264678972713362,3.9741193503132197
2021-06-06 06:00:00,2021,6,6,6,1622959200,kolhapur,36.16335956219703,4.756226102053336,97.77528082372926,0.3020787992734968,0.0,0.20803134308712695,0.18082605573991206,4.6465625672584085
2021-06-06 12:00:00,2021,6,6,12,1622980800,kolhapur,37.57804747764961,4.786814354145667,97.32911109078263,23.15446910899491,3.079730009423064,0.19658781508449027,0.18955489158362226,7.2211294061919125
2021-06-06 18:00:00,2021,6,6,18,1623002400,kolhapur,32.4552666381422,4.326961141474318,97.67028318550827,0.4344459512198814,13.205778472846001,0.32299928154135776,0.18575720916671434,4.593225292757895
2021-06-07 00:00:00,2021,6,7,0,1623024000,kolhapur,24.772826912432663,4.35227635245879,97.90296176635667,0.16926475071541902,0.0,0.18633417475027822,0.2065822734722997,3.5434800369558297
2021-06-07 06:00:00,2021,6,7,6,1623045600,kolhapur,33.35245338649304,4.422282373771745,97.33887756528365,0.4962058799500081,5.882420381980887,0.23491534794126379,0.24563145683582396,4.2185241912063205
2021-06-07 12:00:00,2021,6,7,12,1623067200,kolhapur,40.14447131297262,4.710739614224399,97.72039397073611,23.51871458671321,6.240073989046322,0.24314864815370463,0.21462248066270873,7.860357094486735
2021-06-07 18:00:00,2021,6,7,18,1623088800,kolhapur,32.87515184809028,7.452052196090283,97.84903134474858,0.4973639202167205,3.832122908339488,0.216177775783522,0.2419834508808188,4.438395792373539
2021-06-08 00:00:00,2021,6,8,0,1623110400,kolhapur,32.03795395986072,4.779302023465128,97.25940816152193,0.6657930951976158,2.2662101750149217,0.22785116780369105,0.19426075071290744,4.210532898391231
2021-06-08 06:00:00,2021,6,8,6,1623132000,kolhapur,33.43789447836097,6.0233895625908875,97.53802832254785,0.0664416318179003,10.816259082841285,0.3143558180765317,0.2147369527841595,4.928028725936142
2021-06-08 12:00:00,2021,6,8,12,1623153600,kolhapur,39.04327515847808,4.219944156664128,97.67100454327411,23.751309992993384,2.4195780662431416,0.2398987143120293,0.19807364308251335,7.406580114755429
2021-06-08 18:00:00,2021,6,8,18,1623175200,kolhapur,31.778132111172862,5.431807987683579,97.3418745786185,0.9390691921010712,0.0,0.20475170666857426,0.23949499900446988,4.3525481747773105
2021-06-09 00:00:00,2021,6,9,0,1623196800,kolhapur,29.281282279935795,5.052917068589855,97.31032926307807,0.6179074241186486,0.0,0.20380451356518797,0.22643235641010623,4.11777358190197
2021-06-09 06:00:00,2021,6,9,6,1623218400,kolhapur,30.88147206989383,9.788766670032672,97.53356184224731,0.881390998636897,0.0,0.20220625769437983,0.2850593253199206,4.507644040302012
2021-06-09 12:00:00,2021,6,9,12,1623240000,kolhapur,39.89099869469259,6.874791061639662,97.81456713787725,23.025146416482787,0.0,0.21414159236084943,0.21175418749096256,7.6895878994540245
2021-06-09 18:00:00,2021,6,9,18,1623261600,kolhapur,34.93709402652599,4.976547731214305,97.76719542316377,0.797448920076313,0.0,0.15849132038513936,0.2006788931402544,4.287966145470265
2021-06-10 00:00:00,2021,6,10,0,1623283200,kolhapur,30.9147276705215,6.2810049736404965,97.30928696806959,0.11914819347259398,0.0,0.20186879731926416,0.2464578113016768,4.359761277413316
2021-06-10 06:00:00,2021,6,10,6,1623304800,kolhapur,32.3458374558652,4.364290023731197,97.76336115236019,0.4080102314975367,2.992189053396274,0.2393173536035354,0.2322692461346652,4.365422969589008
2021-06-10 12:00:00,2021,6,10,12,1623326400,kolhapur,39.11663371146287,5.282027397585048,97.31692885397554,23.234446563898278,4.313870740078112,0.28198273966003123,0.2526309689407987,7.753229315331863
2021-06-10 18:00:00,2021,6,10,18,1623348000,kolhapur,34.721515373096494,4.158895287741971,97.08465984742746,0.585591825220457,0.0,0.1808199100142216,0.23570545539726634,4.28179386806355
2021-06-11 00:00:00,2021,6,11,0,1623369600,kolhapur,29.562217996647355,4.660189387375429,97.45147953694497,0.30151453523953353,0.0,0.18252148799439327,0.23905685130376653,3.9095799361729617
2021-06-11 06:00:00,2021,6,11,6,1623391200,kolhapur,32.600846626449616,4.402426510991379,97.89851341973487,0.6373136296671327,4.8112341672935335,0.20815171752398356,0.2232384896173054,4.175224210133046
2021-06-11 12:00:00,2021,6,11,12,1623412800,kolhapur,35.31082270481768,5.922038047860195,97.75841077390156,23.29348782293226,2.7738610570909406,0.20538167993584502,0.23518988220204703,7.354100512606512
2021-06-11 18:00:00,2021,6,11,18,1623434400,kolhapur,34.41923598447861,5.028702061486871,97.56115106604719,0.8607903810304672,28.63324649416876,0.48,0.19738750058371723,5.54297921636874
2021-06-12 00:00:00,2021,6,12,0,1623456000,kolhapur,28.690710443233943,6.079990928584788,97.43080084608847,0.6338838402196115,18.62612636428994,0.3796301125597247,0.2849612109881102,4.919724283709867
2021-06-12 06:00:00,2021,6,12,6,1623477600,kolhapur,33.069454071256665,5.08043630844775,97.43888385033087,0.21529829732144612,15.08925503404014,0.34383442959372523,0.28712149572209067,4.883927813064151
2021-06-12 12:00:00,2021,6,12,12,1623499200,kolhapur,40.06537800627202,4.129795031751415,97.58844796292404,23.276242750346576,0.0,0.20830809037859235,0.27715632959115777,7.7504610205320725
2021-06-12 18:00:00,2021,6,12,18,1623520800,kolhapur,33.852080653467176,5.98823338395966,97.23528124541205,0.8474208876266586,0.0,0.21949563190659835,0.23529588084353084,4.768735948415188
2021-06-13 00:00:00,2021,6,13,0,1623542400,kolhapur,26.958985096191757,6.656363433435977,97.44584995364818,0.3864797499874585,19.58257447307188,0.40629904341848727,0.23596674067057996,4.795210506762383
2021-06-13 06:00:00,2021,6,13,6,1623564000,kolhapur,31.040599241699123,7.477464422789506,97.48561131880064,0.5357990655656452,0.0,0.21075716656161306,0.26978750710079336,4.5997636674533355
2021-06-13 12:00:00,2021,6,13,12,1623585600,kolhapur,37.244332777643706,5.242580457704599,97.14495981967312,23.601604196613447,8.566444055029054,0.303959823183768,0.22626561525361746,7.871709214546156
2021-06-13 18:00:00,2021,6,13,18,1623607200,kolhapur,37.527296117493634,6.0707700055684555,97.2987476819393,0.3478096495859196,0.0,0.1735690166792337,0.2889143811470909,4.668432743022498
2021-06-14 00:00:00,2021,6,14,0,1623628800,kolhapur,30.037908416050776,6.036827218738733,97.66818528259067,0.2939786307580683,16.62530070585769,0.3814119391951183,0.18919334923961856,4.8678334997325825
2021-06-14 06:00:00,2021,6,14,6,1623650400,kolhapur,34.23666176811413,4.199028731713789,97.54788679712705,0.4752549026080286,0.0,0.2110803879993833,0.24706824591138676,4.256816654208003
2021-06-14 12:00:00,2021,6,14,12,1623672000,kolhapur,38.68125186437291,4.214155250351951,97.45240470778674,23.17862458438149,0.0,0.2124370379475328,0.22868856659605766,7.424367292668103
2021-06-14 18:00:00,2021,6,14,18,1623693600,kolhapur,33.58265384523046,4.0553541837223275,97.27160501388336,0.28421058691906625,0.0,0.2008978457831577,0.2980337045566298,4.450967834945556
2021-06-15 00:00:00,2021,6,15,0,1623715200,kolhapur,30.718145944216072,4.498649235393964,98.01312225801702,0.062078484032036085,3.8856789011187605,0.24966367254109398,0.2986687709544853,4.533075322196944
2021-06-15 06:00:00,2021,6,15,6,1623736800,kolhapur,33.23145835632228,4.882626400609282,97.28867354593645,0.30397027597100545,0.0,0.22296926725209731,0.28339573220682357,4.730676275718501
2021-06-15 12:00:00,2021,6,15,12,1623758400,kolhapur,39.83273258520387,13.167539950782569,97.61554515251876,23.294058192921174,3.7193861729916033,0.28429115632253127,0.32393332105315675,8.71425126051811
2021-06-15 18:00:00,2021,6,15,18,1623780000,kolhapur,33.44471004374004,4.766140728519585,97.3937065839181,0.9618331662913224,5.403007871854498,0.23511900114470408,0.2667648914124726,4.748611167459421
2021-06-16 00:00:00,2021,6,16,0,1623801600,kolhapur,31.888834732617838,5.838767625500374,97.54626961210026,0.5897288254658801,22.368051979424592,0.45235059886028595,0.29126520804575856,5.5810681224541945
2021-06-16 06:00:00,2021,6,16,6,1623823200,kolhapur,35.0920325462327,5.668800659410386,97.67266874689088,0.7873824254158056,11.626648898677201,0.357858160547878,0.2243998313675533,5.328318999080761
2021-06-16 12:00:00,2021,6,16,12,1623844800,kolhapur,40.84693500689068,4.238640851559074,97.1243088475464,23.026868127453362,0.0,0.19182321112229472,0.2627235115852051,7.496368443174736
2021-06-16 18:00:00,2021,6,16,18,1623866400,kolhapur,33.101985122832886,3.9859310291686305,97.53340095106272,0.10653669360837474,0.0,0.21364615026120304,0.27562879221576175,4.734617100109894
2021-06-17 00:00:00,2021,6,17,0,1623888000,kolhapur,30.57468753809565,5.055042699127487,97.88820876896953,0.8145369608625923,0.0,0.22504805104740339,0.2507120501734064,4.4899018401865645
2021-06-17 06:00:00,2021,6,17,6,1623909600,kolhapur,33.518617231152476,5.678021217533767,98.05944074232319,0.6235495494176357,7.314253906155828,0.33285400992078856,0.28587909814984824,5.059182798665269
2021-06-17 12:00:00,2021,6,17,12,1623931200,kolhapur,39.15253560514379,13.394277738030254,97.49198598229904,23.17913355707313,10.315827274245132,0.3661573668093901,0.21915125293084897,8.651616399511633
2021-06-17 18:00:00,2021,6,17,18,1623952800,kolhapur,36.4400548751737,4.536712105771873,97.54349453644066,0.40479540586174106,0.0,0.19411847504251606,0.2932173745706537,4.503114677744268
2021-06-18 00:00:00,2021,6,18,0,1623974400,kolhapur,27.429837504782842,7.245772419535898,98.1902815713472,0.5386724999816228,0.0,0.2157654285810346,0.27108182589442653,4.123107017417261
2021-06-18 06:00:00,2021,6,18,6,1623996000,kolhapur,34.29887168687557,4.567194804525854,97.8673589472465,0.8436098291374418,0.0,0.22579989598985006,0.2605001789514494,4.57663421056396
2021-06-18 12:00:00,2021,6,18,12,1624017600,kolhapur,39.65100797769556,5.599389103068557,97.34169629199017,23.053746073136875,0.0,0.23293916607251108,0.3064216084700425,7.85264950917102
2021-06-18 18:00:00,2021,6,18,18,1624039200,kolhapur,34.77400666111868,5.213357358502175,97.3411866275009,0.5967222893673652,0.0,0.22582603429693943,0.32803579661672655,4.959752327554666
2021-06-19 00:00:00,2021,6,19,0,1624060800,kolhapur,28.32197127619893,3.9019320618960847,97.810026345759,0.7170359215866839,0.0,0.20510405315499267,0.31680177248732355,4.17495960319086
2021-06-19 06:00:00,2021,6,19,6,1624082400,kolhapur,37.12754416705125,3.9427285205272993,97.2197503682091,0.9778918579104594,0.0,0.2042201292912768,0.2657042870535217,4.586670184333461
2021-06-19 12:00:00,2021,6,19,12,1624104000,kolhapur,37.055750187828735,3.8517554153912044,97.84937953262448,23.804197081990708,0.0,0.19324130404324966,0.3100920384356523,7.385420500939285
2021-06-19 18:00:00,2021,6,19,18,1624125600,kolhapur,36.186476098787836,4.515321794036372,97.62335149634812,0.27622731356527624,0.0,0.18365444187319938,0.2823688457588828,4.29964690724592
2021-06-20 00:00:00,2021,6,20,0,1624147200,kolhapur,30.822524326276977,5.849466403670435,97.67484706884649,0.7095791938782651,0.0,0.19501960171020416,0.32987488230189477,4.580147359116916
2021-06-20 06:00:00,2021,6,20,6,1624168800,kolhapur,36.851259102295046,4.079491613574421,97.44251069859435,0.7632778849269771,0.0,0.24953108072819974,0.3026254064479034,4.964664268395632
2021-06-20 12:00:00,2021,6,20,12,1624190400,kolhapur,36.61758526982779,5.191556228600394,97.33058339836444,23.728994695963976,0.0,0.2405062123613372,0.25175460110443704,7.741077219709432
2021-06-20 18:00:00,2021,6,20,18,1624212000,kolhapur,32.69667868605495,4.306270319187524,97.95812868889885,0.8201440679518728,0.0,0.23736620478032439,0.2887302076061754,5.071766104758802
2021-06-21 00:00:00,2021,6,21,0,1624233600,kolhapur,31.237247857980364,6.161419326871329,97.44226952206034,0.9037299762136376,0.0,0.22405803949770497,0.27719402227190404,4.369887886049041
2021-06-21 06:00:00,2021,6,21,6,1624255200,kolhapur,31.183774537292436,6.171825839787839,97.39301018325423,0.09842986898934025,0.0,0.22768220922343066,0.2786357982739548,4.471469284572968
2021-06-21 12:00:00,2021,6,21,12,1624276800,kolhapur,36.58964491767728,6.009898175515975,97.49224958586244,23.104763857681117,0.0,0.223138392644176,0.292204447729799,7.839782403044953
2021-06-21 18:00:00,2021,6,21,18,1624298400,kolhapur,33.26687158917066,4.885784937233922,97.57419734604177,0.7963999887706488,7.913301041870457,0.2759066462406343,0.310178814306887,4.806931735843937
2021-06-22 00:00:00,2021,6,22,0,1624320000,kolhapur,29.28436092843226,4.246510899323168,97.2040945290925,0.2523724765214709,0.0,0.243654510100961,0.3351686381004121,4.347015708376377
2021-06-22 06:00:00,2021,6,22,6,1624341600,kolhapur,36.384707855972025,6.23092461134662,97.34388061884627,0.05854142195007794,0.0,0.24775435485738706,0.2921644631068532,5.030324839091318
2021-06-22 12:00:00,2021,6,22,12,1624363200,kolhapur,38.71847137310332,4.053088211023646,97.32793244493652,23.40048837702619,0.0,0.2076941670613113,0.3443074586728586,8.181170507431528
2021-06-22 18:00:00,2021,6,22,18,1624384800,kolhapur,33.08401152340205,4.257438185752212,97.76692615849039,0.8198769118260809,0.0,0.20767582397879336,0.25685507809092795,4.526274379938375
2021-06-23 00:00:00,2021,6,23,0,1624406400,kolhapur,29.45812263122491,4.023614056105737,97.24489702562967,0.12656502381398038,5.527449929354357,0.29517514030252356,0.28877751512843386,4.349243024020851
2021-06-23 06:00:00,2021,6,23,6,1624428000,kolhapur,34.69543244962187,5.400952949279194,96.98395543870222,0.6718419718044675,0.0,0.23972427225732074,0.37536228724524034,4.915324306963992
2021-06-23 12:00:00,2021,6,23,12,1624449600,kolhapur,39.65289745793567,5.457370181818639,96.92055742715779,23.00065286547009,0.0,0.24751881508257262,0.2796360214374377,7.821082998534011
2021-06-23 18:00:00,2021,6,23,18,1624471200,kolhapur,33.72405841275325,5.304227851297258,97.06957175562692,0.10973744721245275,0.0,0.2611367576636414,0.3514527166422406,4.626546060592128
2021-06-24 00:00:00,2021,6,24,0,1624492800,kolhapur,26.050708116045914,4.498880429895035,97.91678414095514,0.35085034576848684,0.0,0.21384705117127853,0.3191329323404331,3.98042293613375
2021-06-24 06:00:00,2021,6,24,6,1624514400,kolhapur,32.60691330326364,3.851448078748711,97.51318465994592,0.08360228102441403,0.0,0.23336537103090116,0.3177865455389805,4.540205537981571
2021-06-24 12:00:00,2021,6,24,12,1624536000,kolhapur,41.11374391482433,7.324661522538982,97.65869740614286,23.839235748879492,0.0,0.21499487543670048,0.34797016739115666,8.252854205826699
2021-06-24 18:00:00,2021,6,24,18,1624557600,kolhapur,34.26394069388804,4.756217102421887,97.6692689982371,0.8640705031454716,0.0,0.21643543823001693,0.3437672937679905,4.590293081547996
2021-06-25 00:00:00,2021,6,25,0,1624579200,kolhapur,28.489488035372776,4.4512594990308605,97.52310859508151,0.7555707030995242,0.0,0.22852411225809807,0.36593169008229987,4.473111670994461
2021-06-25 06:00:00,2021,6,25,6,1624600800,kolhapur,35.65052403659432,5.00059266777585,97.48381903056843,0.24247963139561746,15.010082322627154,0.416027983147489,0.3185074907373337,5.443956950907988
2021-06-25 12:00:00,2021,6,25,12,1624622400,kolhapur,37.27809626547994,3.9887464528187127,97.81961134850926,23.511398601772907,9.594962228791074,0.35516602796517993,0.33020887933471127,8.213398755118615
2021-06-25 18:00:00,2021,6,25,18,1624644000,kolhapur,33.63524901346385,3.8807825080691924,97.55005219385761,0.1841885255233742,0.0,0.23562357208982687,0.3184133490789691,4.534100044361661
2021-06-26 00:00:00,2021,6,26,0,1624665600,kolhapur,29.16748009656664,4.4219206073365545,97.92420787136456,0.2812784500731108,0.0,0.19608696788114757,0.2985765185776449,4.292235405877983
2021-06-26 06:00:00,2021,6,26,6,1624687200,kolhapur,33.29877623386364,4.0284477865087425,97.69072761117249,0.5160052921737911,0.0,0.24706456689875514,0.3370519788341776,4.655353574256725
2021-06-26 12:00:00,2021,6,26,12,1624708800,kolhapur,39.11198672315798,4.061952070767345,97.31913974554122,23.716504683133838,0.0,0.24660244613728932,0.3269865029418285,8.18375399790842
2021-06-26 18:00:00,2021,6,26,18,1624730400,kolhapur,33.67930159167293,6.987362074996954,97.35533842042454,0.09465438039364198,8.509215830816233,0.3056292892333389,0.2757915754803612,4.987513206208405
2021-06-27 00:00:00,2021,6,27,0,1624752000,kolhapur,26.847040222460503,4.751038460113561,97.2847593881387,0.29669669762808615,0.0,0.25788545840743177,0.37123424223967416,4.443524667470618
2021-06-27 06:00:00,2021,6,27,6,1624773600,kolhapur,34.2182716169579,4.607009864938142,97.8682632366602,0.9266213485719222,0.0,0.2222150511949263,0.3423955325148462,4.836347500549031
2021-06-27 12:00:00,2021,6,27,12,1624795200,kolhapur,36.95352710687001,5.370338207481095,97.38148354419133,23.40247741733949,0.0,0.2578263102929049,0.3169455708357201,7.728925608618264
2021-06-27 18:00:00,2021,6,27,18,1624816800,kolhapur,34.194477481784396,8.156855730854126,97.2634569910351,0.9388696739093172,19.463364946127715,0.4407264880032477,0.3479251946615159,5.9496871855733255
2021-06-28 00:00:00,2021,6,28,0,1624838400,kolhapur,30.9901162481728,3.7688306704968824,97.59774787786618,0.9914005415521356,0.0,0.21411071385144886,0.32825202247664864,4.399202007835241
2021-06-28 06:00:00,2021,6,28,6,1624860000,kolhapur,33.50737771603355,6.2797713181208525,97.4726643336164,0.5266598261114159,4.403004447463836,0.2801075261099943,0.3500201608807985,5.100899914145832
2021-06-28 12:00:00,2021,6,28,12,1624881600,kolhapur,37.17168781699116,4.905994103901662,97.59018501930069,23.251787622073554,17.12313049768169,0.41743134507375595,0.385591483397842,8.733541515019043
2021-06-28 18:00:00,2021,6,28,18,1624903200,kolhapur,33.738430792140164,3.8273465060557244,98.0687586366963,0.7907768085725818,0.0,0.24931017179507106,0.3559378370429935,5.158485797492211
2021-06-29 00:00:00,2021,6,29,0,1624924800,kolhapur,27.661464059740926,4.093449567281871,97.77484712667642,0.15931073552501496,1.197024997969833,0.27794863794060454,0.33538802866522716,4.457603129086779
2021-06-29 06:00:00,2021,6,29,6,1624946400,kolhapur,34.801184225805926,4.5522503426398915,97.50902905118834,0.2520468596720705,0.0,0.26847032373715035,0.3190715636642413,5.057006877422339
2021-06-29 12:00:00,2021,6,29,12,1624968000,kolhapur,38.68743760057444,5.327014524351162,97.07839886963596,23.737542170160395,22.250110629325306,0.46304345548241466,0.3285698455558438,8.982528563568465
2021-06-29 18:00:00,2021,6,29,18,1624989600,kolhapur,36.47406559935558,3.981342891634725,97.35093713573518,0.43364592473203273,2.493662553953249,0.2814379081695327,0.3743611707139347,5.196936564681799
2021-06-30 00:00:00,2021,6,30,0,1625011200,kolhapur,30.63206959322665,4.686913603516459,97.71364718225308,0.20153793698766675,0.0,0.2794531528271877,0.35432757049434693,4.81459311202923
2021-06-30 06:00:00,2021,6,30,6,1625032800,kolhapur,33.657964442988536,5.269938756068033,97.14902103959095,0.6511257449523244,0.0,0.22692114822306902,0.37281726092260264,4.85535512894116
2021-06-30 12:00:00,2021,6,30,12,1625054400,kolhapur,39.96099880167028,4.43205277112157,98.14262444038859,23.67287518970017,4.717470853875669,0.2823099385699849,0.34763511143831693,8.195617739383923
2021-06-30 18:00:00,2021,6,30,18,1625076000,kolhapur,33.29773058596638,6.520673462848361,97.50465832028016,0.12507123945057189,0.0,0.21419173484767381,0.3280230311855839,4.518208138265718
2021-07-01 00:00:00,2021,7,1,0,1625097600,kolhapur,28.914347743587612,6.567013565011649,97.51469155884658,0.27698025997493414,0.0,0.23661654812859298,0.38001751610171586,4.669154577542619
2021-07-01 06:00:00,2021,7,1,6,1625119200,kolhapur,33.32126112131439,4.467185457110473,97.30004348299634,0.22127675537223324,0.0,0.25336082149179023,0.33778064593163576,4.688284484751037
2021-07-01 12:00:00,2021,7,1,12,1625140800,kolhapur,40.01309635561442,8.926666582825787,97.64905836791645,23.305955162542755,7.794454944840993,0.2848668173850291,0.349809609691625,8.552354327808981
2021-07-01 18:00:00,2021,7,1,18,1625162400,kolhapur,36.01289483090423,3.6308019062323797,97.15263649892707,0.7634448955760672,7.674303589984696,0.33472912853876496,0.32533010792279965,5.307129940320899
2021-07-02 00:00:00,2021,7,2,0,1625184000,kolhapur,30.034881843950632,3.492141570397255,98.14950481761417,0.7137081022743242,0.0,0.24171965549588026,0.34001087255042417,4.437320295141338
2021-07-02 06:00:00,2021,7,2,6,1625205600,kolhapur,35.219814435091955,4.205760845287745,97.89524243227935,0.662523910383704,8.270859904683093,0.3326216666215936,0.39493856549334744,5.2956729062866055
2021-07-02 12:00:00,2021,7,2,12,1625227200,kolhapur,40.221459689017514,4.865645234572581,97.79532597444285,22.916913575208593,0.0,0.22778910321411847,0.39950279759853097,8.316060280622228
2021-07-02 18:00:00,2021,7,2,18,1625248800,kolhapur,34.66379341666598,4.975228809535044,97.0829083391468,0.14214331338039224,11.001578888705318,0.35913711597060655,0.4008111559924921,5.418602366041729
2021-07-03 00:00:00,2021,7,3,0,1625270400,kolhapur,27.09915516624355,4.431944237325653,97.56195733262682,0.22329754910206678,0.0,0.2866419083822917,0.4069286240397806,4.818201913899049
2021-07-03 06:00:00,2021,7,3,6,1625292000,kolhapur,36.3595416841837,3.6613694074882193,97.86305927089369,0.2719558460388496,0.0,0.24506183177915675,0.3634598963337123,4.890631820040624
2021-07-03 12:00:00,2021,7,3,12,1625313600,kolhapur,41.514700645106586,3.7416661122972394,97.67826497129681,23.040126941483475,0.0,0.2087991754942629,0.3940426384824867,8.31952903857659
2021-07-03 18:00:00,2021,7,3,18,1625335200,kolhapur,33.457265000088896,6.3285874341608235,97.19970062009935,0.4103155514738925,0.0,0.27733336065616654,0.40566747456317215,5.178341749029673
2021-07-04 00:00:00,2021,7,4,0,1625356800,kolhapur,28.22089870020822,6.471887158278566,97.30589775830518,0.07518058501402591,0.0,0.2657677059921729,0.35391000911040027,4.667243250883574
2021-07-04 06:00:00,2021,7,4,6,1625378400,kolhapur,34.695563052405554,5.116286719216913,97.36534504349598,0.7500221903877807,7.043452553191118,0.3272341304095454,0.3859008484465768,5.200068586455896
2021-07-04 12:00:00,2021,7,4,12,1625400000,kolhapur,39.60316482580775,5.072406235323963,97.31989453455118,23.66304344858208,0.0,0.2662797921839866,0.37625999439611496,8.071404253731801
2021-07-04 18:00:00,2021,7,4,18,1625421600,kolhapur,33.47402646990297,4.801235815278405,97.95955953561086,0.5742666896009009,10.204216987502368,0.3586112423877759,0.3239471786804483,5.269909313811566
2021-07-05 00:00:00,2021,7,5,0,1625443200,kolhapur,26.86846378081111,3.7498915033378974,96.92551052388116,0.08970487704196783,0.0,0.28961381814045933,0.3958550138203006,4.343748222820113
2021-07-05 06:00:00,2021,7,5,6,1625464800,kolhapur,34.20205405031718,4.248262090220155,97.6985902074258,0.890083169546758,3.726382091754843,0.3090523048314615,0.36464845034132987,5.402566011823396
2021-07-05 12:00:00,2021,7,5,12,1625486400,kolhapur,39.570657071455834,5.195251728504175,97.1141234530496,23.82113608812287,0.0,0.24761999869203616,0.417622325514071,8.37308802365057
2021-07-05 18:00:00,2021,7,5,18,1625508000,kolhapur,34.83223398625071,4.565539939940755,97.21343901929282,0.20236356032179217,4.609331708965908,0.33268090926503957,0.36321502295644165,5.181274009251781
2021-07-06 00:00:00,2021,7,6,0,1625529600,kolhapur,29.231703547044503,3.4120529564443847,96.90007882001437,0.7046398194407197,1.709185083975932,0.31203815387372813,0.40194615920497034,4.7087076489921404
2021-07-06 06:00:00,2021,7,6,6,1625551200,kolhapur,33.301091665970326,7.988208325808724,97.33828250072733,0.8419386306424858,8.357054023056877,0.3603244250085145,0.39543820910804006,5.551143491671648
2021-07-06 12:00:00,2021,7,6,12,1625572800,kolhapur,40.19876744777261,6.17863644330576,97.95621832553675,23.374082590569092,22.332468705736922,0.48,0.34038329602531026,9.015507054705852
2021-07-06 18:00:00,2021,7,6,18,1625594400,kolhapur,33.80653713486207,3.836683085686426,97.58244610281442,0.32332309952675164,0.0,0.24146466808093167,0.38246256657006467,4.931464569073495
2021-07-07 00:00:00,2021,7,7,0,1625616000,kolhapur,27.97235801435129,4.795657752489759,97.1449701634858,0.47855871508035264,0.0,0.2740257336586292,0.40876592259185157,4.641505056074469
2021-07-07 06:00:00,2021,7,7,6,1625637600,kolhapur,33.398762462829794,7.208790244255359,97.80962292989932,0.512268750784452,9.264272886742711,0.3607158062722064,0.4287527934938038,5.783814403247203
2021-07-07 12:00:00,2021,7,7,12,1625659200,kolhapur,36.050788987185896,3.5096020255829097,97.87386990665614,23.21218243145877,2.460196838354936,0.28437846608654965,0.398603691941202,8.073861272033813
2021-07-07 18:00:00,2021,7,7,18,1625680800,kolhapur,33.396379799630566,4.407031733489079,97.53569257189726,0.929842493633709,0.0,0.27429791616718563,0.4252302475049978,5.033863408535199
2021-07-08 00:00:00,2021,7,8,0,1625702400,kolhapur,29.66210275285557,4.246390795264998,98.1166781670096,0.743883110942502,0.0,0.26378696423876175,0.4201290830984935,4.7161910372348235
2021-07-08 06:00:00,2021,7,8,6,1625724000,kolhapur,34.13912250625241,4.124481892885154,97.7527226569512,0.24130164225496398,2.3554644428809364,0.29657611841504194,0.42113246868148246,5.075769083805187
2021-07-08 12:00:00,2021,7,8,12,1625745600,kolhapur,40.910444232515346,6.040586753999386,97.7110491717516,23.372983129095065,0.0,0.2827623888339193,0.4224739470922088,8.437314940242041
2021-07-08 18:00:00,2021,7,8,18,1625767200,kolhapur,33.23498560202001,4.051129264029377,97.26523980741393,0.6886891509311702,0.0,0.2354239231775816,0.39577090331675474,4.605829047073989
2021-07-09 00:00:00,2021,7,9,0,1625788800,kolhapur,29.317862384677348,3.405548004523094,97.69654222578711,0.14015642170213027,0.0,0.24325236335072806,0.38027825850930747,4.597417706418549
2021-07-09 06:00:00,2021,7,9,6,1625810400,kolhapur,34.77600290455603,3.4090354321941287,97.57336006338205,0.3584257423801488,0.0,0.24550143457986184,0.45704524094535126,5.31400995400842
2021-07-09 12:00:00,2021,7,9,12,1625832000,kolhapur,42.10117815252849,3.3724053152666693,97.66427138090201,23.667436160255903,0.0,0.30254605945660307,0.43300244408912625,8.521363715681712
2021-07-09 18:00:00,2021,7,9,18,1625853600,kolhapur,33.80404087677383,4.096155762652895,97.30294699435831,0.5671731001852043,4.721952256902397,0.32363488849632,0.4078982941681424,5.128239904171996
2021-07-10 00:00:00,2021,7,10,0,1625875200,kolhapur,26.975808378827328,5.18223612648469,97.54911546133734,0.21699774606031685,5.5980056484317435,0.3359246647979727,0.43439413863964804,4.957039376810227
2021-07-10 06:00:00,2021,7,10,6,1625896800,kolhapur,34.813982277156285,3.623012436606916,97.26562734596514,0.12278479811915077,7.024912080164176,0.35825010583460715,0.4278010112385793,5.360600069118245
2021-07-10 12:00:00,2021,7,10,12,1625918400,kolhapur,41.340680181076046,4.840975324366154,96.86654616603983,23.253165658855256,5.86541588298478,0.3031332944759337,0.3902553195416631,8.718965809998068
2021-07-10 18:00:00,2021,7,10,18,1625940000,kolhapur,33.05826608178343,5.024053384933752,97.81017716660315,0.5476857230291469,0.0,0.2246466159322016,0.4057446320344767,4.767022624896406
2021-07-11 00:00:00,2021,7,11,0,1625961600,kolhapur,29.75667307827307,3.6977530878170897,97.06262537260149,0.33441445135461234,1.4968720782980194,0.2807558551865423,0.46157979191052373,4.561761446826754
2021-07-11 06:00:00,2021,7,11,6,1625983200,kolhapur,35.338142853206826,4.632318247707151,97.54549800654307,0.6304160284191185,2.5072308889969612,0.3100681257543808,0.42162761307140895,5.409119503301908
2021-07-11 12:00:00,2021,7,11,12,1626004800,kolhapur,40.02064908631868,4.9879366195604184,97.61324270594305,22.775271273783623,4.70778054925609,0.31017032394051824,0.433043512853345,8.418524207915514
2021-07-11 18:00:00,2021,7,11,18,1626026400,kolhapur,33.683388554073815,4.198553291275081,97.61131097186725,0.1451396932661434,5.39643772555297,0.2936099888256067,0.4595751146290835,5.267486196560632
2021-07-12 00:00:00,2021,7,12,0,1626048000,kolhapur,27.39808081098412,3.846179508981196,97.4313669841469,0.5462738210112592,0.0,0.2505372918946801,0.42742304466084624,4.468078262085536
2021-07-12 06:00:00,2021,7,12,6,1626069600,kolhapur,33.323872126283455,4.6783807556353505,97.59765414881038,0.061815693844453956,0.0,0.24505668850760762,0.39973211994641766,4.97328500249919
2021-07-12 12:00:00,2021,7,12,12,1626091200,kolhapur,39.133692129120284,8.945029561708743,97.65758082716194,23.55774851155684,0.0,0.25639455977895886,0.4310718469005547,8.57160352293643
2021-07-12 18:00:00,2021,7,12,18,1626112800,kolhapur,34.80812523444143,4.065239363534456,97.73678015095199,0.14214637045651957,8.929497068075934,0.334749210181957,0.4109221493027415,5.420132141691109
2021-07-13 00:00:00,2021,7,13,0,1626134400,kolhapur,28.895243349543303,3.950707857816883,98.03956324145365,0.6739198740845365,0.0,0.2731397434807812,0.3917881811481646,4.690670462126869
2021-07-13 06:00:00,2021,7,13,6,1626156000,kolhapur,32.82446382773388,4.141169456637044,97.58978908508783,0.3912034417144252,2.890011636303809,0.28815265145697855,0.4576268806123196,5.176544322880026
2021-07-13 12:00:00,2021,7,13,12,1626177600,kolhapur,39.227395261769395,3.3239100530386194,97.53874549314368,23.04549480455812,0.0,0.28287280776457663,0.4258458260871008,8.056355301838165
2021-07-13 18:00:00,2021,7,13,18,1626199200,kolhapur,34.684453379158974,4.413333710318743,97.24751215003333,0.7648895286111466,10.815380734217904,0.3588284116590479,0.34397758163479947,5.440859109733444
2021-07-14 00:00:00,2021,7,14,0,1626220800,kolhapur,28.910084093096867,3.777521510722049,97.65384540439263,0.49946213417291396,0.0,0.2768377966060067,0.44697929770124384,4.896211131385244
2021-07-14 06:00:00,2021,7,14,6,1626242400,kolhapur,32.08638833666766,3.3738947170821056,97.72327643816499,0.7256554636438663,0.0,0.2709788757938651,0.4473485690296203,5.077319139168394
2021-07-14 12:00:00,2021,7,14,12,1626264000,kolhapur,38.06855995639936,4.121479143211044,97.46537055193834,23.118388972955206,0.0,0.2796514377359297,0.4978972243970464,8.358887907758186
2021-07-14 18:00:00,2021,7,14,18,1626285600,kolhapur,34.762400173093845,3.1848032146500636,97.68644525847803,0.5929053414052662,0.0,0.2824651305770804,0.43924869081589674,5.327914651678276
2021-07-15 00:00:00,2021,7,15,0,1626307200,kolhapur,26.210310327637018,3.92524969620243,97.43912680470194,0.7607146278696642,0.0,0.28609437551526656,0.47721367673999926,4.757278288548622
2021-07-15 06:00:00,2021,7,15,6,1626328800,kolhapur,30.14507000716699,3.3221716347882624,97.72817945839341,0.6073087429212753,5.267956532682602,0.34251619174021425,0.4645821881257776,5.2886276306456335
2021-07-15 12:00:00,2021,7,15,12,1626350400,kolhapur,40.54696131596976,3.1914304525131545,97.80066235697566,23.194936550725224,0.0,0.2840673034790795,0.4275026884536042,8.378610111317009
2021-07-15 18:00:00,2021,7,15,18,1626372000,kolhapur,34.051959923286546,5.76450258396823,97.79647002278588,0.7892195914275972,3.6949470662895907,0.3161282737745391,0.4556341503173231,5.296582979357318
2021-07-16 00:00:00,2021,7,16,0,1626393600,kolhapur,29.136941422377635,6.849323958103318,97.56634347211798,0.9490868158193733,0.0,0.26134112027669604,0.44603628708129756,4.920952015381499
2021-07-16 06:00:00,2021,7,16,6,1626415200,kolhapur,31.61162095815689,3.4786414902718974,97.21899972879046,0.37671615393533675,11.896298554042518,0.41065332046647834,0.43033649959996234,5.3242222869276965
2021-07-16 12:00:00,2021,7,16,12,1626436800,kolhapur,39.33313851379728,4.291973387041729,97.34741625848304,23.121205343923467,0.0,0.26073790989887446,0.435471824027551,8.197881415394694
2021-07-16 18:00:00,2021,7,16,18,1626458400,kolhapur,33.63971944995002,3.6179750107631614,97.709537371441,0.08627315773354836,7.574925435955171,0.3445865818756477,0.43140000764846,5.35225529824795
2021-07-17 00:00:00,2021,7,17,0,1626480000,kolhapur,25.79022295910667,4.125077546047228,98.27002951603083,0.3588038805688669,0.0,0.25885969658708635,0.4564317808838998,4.637554984875417
2021-07-17 06:00:00,2021,7,17,6,1626501600,kolhapur,35.30313944729006,3.9652332874978664,97.43316959284914,0.412049225889386,5.819880394332198,0.31664193748755015,0.4565806313802363,5.579879017781505
2021-07-17 12:00:00,2021,7,17,12,1626523200,kolhapur,38.40473931130736,3.5746192576022517,97.67213712782521,23.342745737483472,5.080831706013445,0.32056104852407313,0.4402285663231843,8.466377809677786
2021-07-17 18:00:00,2021,7,17,18,1626544800,kolhapur,32.572588376760365,4.912430157577931,97.36857005706494,0.5133924021256796,0.0,0.2714321809746089,0.4504768534204871,5.312175197190308
2021-07-18 00:00:00,2021,7,18,0,1626566400,kolhapur,27.537473962058115,3.282509186471267,97.24787719706553,0.7310663732984578,0.0,0.2612014506861769,0.4061654167103521,4.522176850706912
2021-07-18 06:00:00,2021,7,18,6,1626588000,kolhapur,30.081625722887377,3.1614535535959494,97.33717255126706,0.01900740002567136,5.191939077925537,0.32983121981938307,0.43219082988945023,4.9970431028132145
2021-07-18 12:00:00,2021,7,18,12,1626609600,kolhapur,38.994463480482985,5.269083821405216,96.91532571732947,22.934085652224603,0.0,0.2806077776978317,0.45367106375181754,8.334839813679535
2021-07-18 18:00:00,2021,7,18,18,1626631200,kolhapur,33.49724439190453,4.7242612180736,97.94609782921259,0.901317665163587,0.0,0.2665749860456545,0.5125946797915091,5.211522099434329
2021-07-19 00:00:00,2021,7,19,0,1626652800,kolhapur,27.748977433288644,4.090236418520358,96.87599416927037,0.2243139093057851,0.0,0.3246073765176724,0.4871301125216982,5.051140924556994
2021-07-19 06:00:00,2021,7,19,6,1626674400,kolhapur,34.95782544296579,4.001005820211095,97.46588477602457,0.03152218530711293,0.0,0.28546855927543124,0.4388137214084395,5.004153021586669
2021-07-19 12:00:00,2021,7,19,12,1626696000,kolhapur,35.96430910329452,4.086905714155749,97.19159487653974,22.863761841384168,0.0,0.28117989172800073,0.5165778311565111,8.101617698584676
2021-07-19 18:00:00,2021,7,19,18,1626717600,kolhapur,32.144938917236864,3.916708394636247,97.27971918053609,0.7044318206475981,0.0,0.2652954748551744,0.46808480981936357,5.10998376859414
2021-07-20 00:00:00,2021,7,20,0,1626739200,kolhapur,26.698638167533996,3.77891303881315,97.96323895513017,0.4544635068414695,5.194656340073332,0.33482185386779945,0.43974769271312736,4.690680346230637
2021-07-20 06:00:00,2021,7,20,6,1626760800,kolhapur,32.555458080017246,4.069132305155846,97.610602254218,0.45997831351126583,0.0,0.2849345059507546,0.47141920648757996,5.18404501035588
2021-07-20 12:00:00,2021,7,20,12,1626782400,kolhapur,38.07485558756041,4.1581419692948565,97.26066330945406,23.05960546474276,0.0,0.28004896704937193,0.503339280004214,8.421698424838711
2021-07-20 18:00:00,2021,7,20,18,1626804000,kolhapur,33.618670835391605,4.796347014937739,97.37342701745962,0.2543888082830517,1.0012334868886872,0.318503808207116,0.43977506783501225,5.24924807206235
2021-07-21 00:00:00,2021,7,21,0,1626825600,kolhapur,27.38467684474162,4.868955777247592,97.32616812503316,0.7518897916419774,0.0,0.24735432699741233,0.4483194824304558,4.6429394032743705
2021-07-21 06:00:00,2021,7,21,6,1626847200,kolhapur,31.589103421666955,3.717215821362749,97.54274878954213,0.15311353090573343,8.40745984261534,0.35785076809665384,0.5335931478268625,5.503017335757853
2021-07-21 12:00:00,2021,7,21,12,1626868800,kolhapur,40.43414744905496,3.806364835306759,97.6076799966021,22.74369755201904,9.679411521261299,0.39245457884543183,0.4882964106914815,8.773765496100614
2021-07-21 18:00:00,2021,7,21,18,1626890400,kolhapur,36.52259731208215,3.707769182320961,98.12448492313436,0.6560081084709207,0.0,0.26345050281557403,0.46525381596584164,5.484837991086695
2021-07-22 00:00:00,2021,7,22,0,1626912000,kolhapur,28.049507365821658,4.135120648677699,96.98673237845983,0.8283690072301977,0.0,0.2516766731365068,0.4817957966779187,4.456688365031847
2021-07-22 06:00:00,2021,7,22,6,1626933600,kolhapur,31.69940680746732,3.887511041665145,97.55117891383176,0.7915310711650553,2.5875049327089736,0.29810737842222,0.49354788693485174,5.533375661045584
2021-07-22 12:00:00,2021,7,22,12,1626955200,kolhapur,40.04775855456206,6.287001194257604,97.46695230049879,23.02649067875267,5.995397378072992,0.36344282368068875,0.4791785892149789,9.013179454875717
2021-07-22 18:00:00,2021,7,22,18,1626976800,kolhapur,30.66444169850592,4.769456524401459,97.84558716657418,0.3590963835363938,0.0,0.26515092794148565,0.5254770927826408,5.262190255027917
2021-07-23 00:00:00,2021,7,23,0,1626998400,kolhapur,27.259832471767268,6.391286996832747,97.67415622227901,0.12230431629372385,0.0,0.27666866800437634,0.49348870316040383,4.95467885601411
2021-07-23 06:00:00,2021,7,23,6,1627020000,kolhapur,31.717816881805057,4.809783729944595,97.74481944925996,0.2168342176929906,0.0,0.29222684330331294,0.5104320510281188,5.242501550250057
2021-07-23 12:00:00,2021,7,23,12,1627041600,kolhapur,36.02268913314877,8.26771252152706,97.67123664263,23.125221420083033,0.0,0.27221114384443434,0.49302026374542496,8.275831042321675
2021-07-23 18:00:00,2021,7,23,18,1627063200,kolhapur,32.34195610944185,4.472247207937422,97.28811344924043,0.8573313701326623,0.0,0.27499817885750494,0.48940036465236475,5.233656297120991
2021-07-24 00:00:00,2021,7,24,0,1627084800,kolhapur,26.39114571658815,7.9011644687184495,97.93745487175404,0.9515608525390158,0.0,0.27190362567859805,0.5228064390295291,5.140585356334293
2021-07-24 06:00:00,2021,7,24,6,1627106400,kolhapur,32.706385531572074,3.1917036349649317,97.81362669419084,0.0759886518955416,10.825023308518423,0.38183927596795236,0.5234353949434397,5.497761327803577
2021-07-24 12:00:00,2021,7,24,12,1627128000,kolhapur,37.72816958685779,3.014295231869231,97.84873416032357,22.751516772051367,0.0,0.26168591998402774,0.4470106231854464,8.086974301673193
2021-07-24 18:00:00,2021,7,24,18,1627149600,kolhapur,31.755406250066127,4.231567814512761,97.95329027395829,0.6486830449042363,5.186881669751069,0.3316677743718706,0.49543940413745075,5.12359364064595
2021-07-25 00:00:00,2021,7,25,0,1627171200,kolhapur,27.05506355490047,9.065589404693604,97.70601656047697,0.7106573770668566,0.0,0.3073367482080736,0.5629627349407614,5.218460248049174
2021-07-25 06:00:00,2021,7,25,6,1627192800,kolhapur,32.26456013793571,3.7205247729124795,98.02501175151663,0.6438632350104302,0.0,0.31770825734712327,0.4880866045102143,5.206704084528462
2021-07-25 12:00:00,2021,7,25,12,1627214400,kolhapur,38.825602681470414,3.267082913218326,97.69400590181738,22.937790249095134,0.0,0.3110483776775914,0.5150935035748627,8.805916952797725
2021-07-25 18:00:00,2021,7,25,18,1627236000,kolhapur,32.388189488194996,4.015393127552906,97.514996453874,0.3594715762893443,0.0,0.288805984477875,0.5388892829734852,5.136792500159308
2021-07-26 00:00:00,2021,7,26,0,1627257600,kolhapur,28.769357022746476,4.455559313099142,97.58564406888426,0.17943277213548214,0.0,0.32029619916814733,0.4736359819349451,5.070916214364621
2021-07-26 06:00:00,2021,7,26,6,1627279200,kolhapur,33.411023886899315,3.453862077954326,97.58047211158843,0.20458337215043854,11.208093864238288,0.44525732553353004,0.4956819498520285,6.1295300884825314
2021-07-26 12:00:00,2021,7,26,12,1627300800,kolhapur,38.389600456918444,4.767651798133017,97.43180784540212,22.131593718257935,0.0,0.29074475420667123,0.4597237068099697,8.42844215153741
2021-07-26 18:00:00,2021,7,26,18,1627322400,kolhapur,34.61407336708629,8.426171448137719,98.07719189654034,0.35032187210622506,15.117931198935668,0.418487223230909,0.5100140451733759,6.409674595859004
2021-07-27 00:00:00,2021,7,27,0,1627344000,kolhapur,25.772753250948693,6.271501959830097,97.68369541975972,0.09174405087997728,0.0,0.31438442469152716,0.5237875849020484,5.2039039976410315
2021-07-27 06:00:00,2021,7,27,6,1627365600,kolhapur,31.742064911106887,3.3795880791516035,97.62322835285848,0.3214886927901909,0.0,0.2640759865050817,0.5315461941729996,5.140519898950891
2021-07-27 12:00:00,2021,7,27,12,1627387200,kolhapur,40.09678777101691,3.4558986782125154,97.71128908658653,22.698440544707335,0.0,0.2704155183600796,0.5594558622861394,8.655918386875495
2021-07-27 18:00:00,2021,7,27,18,1627408800,kolhapur,32.065864819683654,3.559226757408125,98.48876316512975,0.8944780555868226,7.451281809710519,0.3210078286058431,0.5141478760950052,5.449207853466771
2021-07-28 00:00:00,2021,7,28,0,1627430400,kolhapur,23.146777375402152,3.591903650622051,97.26273934988588,0.8396054509905164,0.0,0.3036795195872408,0.4829782091800945,4.626368907456091
2021-07-28 06:00:00,2021,7,28,6,1627452000,kolhapur,32.0650103955391,2.99779519015711,97.34874505295089,0.2526742119575769,0.0,0.24282236602569057,0.4911287035822858,5.007792275731684
2021-07-28 12:00:00,2021,7,28,12,1627473600,kolhapur,37.571872205505805,4.9922145410419665,97.18808530123168,22.153722951362155,2.590276537068105,0.3348910395444059,0.4946885230496124,8.747701906145435
2021-07-28 18:00:00,2021,7,28,18,1627495200,kolhapur,28.44379323411411,3.5212188678747776,97.53247683493512,0.193072273796734,13.421663216059255,0.4595367311267585,0.5237875777575656,5.666115977034327
2021-07-29 00:00:00,2021,7,29,0,1627516800,kolhapur,29.28610230046164,5.994286659106144,97.68362795656353,0.9709866519036069,0.0,0.3246311050723605,0.5933206771415936,5.397881253539689
2021-07-29 06:00:00,2021,7,29,6,1627538400,kolhapur,31.214630144831315,6.74086413953716,97.470375668063,0.5494744796854908,19.160856332547166,0.45636772751607213,0.5206601824852995,6.116647516509298
2021-07-29 12:00:00,2021,7,29,12,1627560000,kolhapur,37.77804351341099,2.8532420180122813,97.4480543841198,22.150360267761315,0.0,0.2528016571968238,0.5640431031857722,8.35388392503047
2021-07-29 18:00:00,2021,7,29,18,1627581600,kolhapur,31.946226522613625,9.514652804031268,97.65269388355377,0.8407461546868178,7.378963982227075,0.3510155199595314,0.5193998711215515,5.711588942365836
2021-07-30 00:00:00,2021,7,30,0,1627603200,kolhapur,25.266545202130263,4.650189853825059,97.46731962759524,0.3951912443125549,0.0,0.30856225241981505,0.4931880657992865,4.639046904131434
2021-07-30 06:00:00,2021,7,30,6,1627624800,kolhapur,30.593310128983195,3.8954407083957383,97.711004723199,0.8992221519747273,0.0,0.3150541818245835,0.5035433237570619,5.411845080567434
2021-07-30 12:00:00,2021,7,30,12,1627646400,kolhapur,35.79644807629501,3.533544052009324,97.95222227906693,22.175577645219803,0.0,0.30426839838225556,0.506162311926575,8.103986296493707
2021-07-30 18:00:00,2021,7,30,18,1627668000,kolhapur,33.82758019471178,3.8895907990495187,97.82106111598439,0.3932217588042388,0.0,0.3015385144552254,0.5243673990017859,5.40290777336278
2021-07-31 00:00:00,2021,7,31,0,1627689600,kolhapur,26.88980162017411,3.3593211065232946,97.89049690053848,0.5049477627900846,0.0,0.3390595568540786,0.545361943972551,5.030166391057013
2021-07-31 06:00:00,2021,7,31,6,1627711200,kolhapur,31.32831062749672,4.232614470071491,97.95196841984092,0.8926153340890316,3.380898598817098,0.31608756068456384,0.5134391771099494,5.409727131336634
2021-07-31 12:00:00,2021,7,31,12,1627732800,kolhapur,35.709195533438994,2.916977564102584,97.71104134442453,22.729540354100877,12.716986871383824,0.40344982218316755,0.5569139089032205,8.901698282281306
2021-07-31 18:00:00,2021,7,31,18,1627754400,kolhapur,33.90533423461353,4.226404864486776,97.57860058857598,0.5743550703038806,0.0,0.2680568420828959,0.5646118939843032,5.5767220690003665
2021-08-01 00:00:00,2021,8,1,0,1627776000,kolhapur,29.21763652904145,3.2312263688074325,97.40301682437183,0.22177550978089067,0.0,0.3013177957945702,0.5304012420225127,4.987520022712686
2021-08-01 06:00:00,2021,8,1,6,1627797600,kolhapur,33.79845046831609,2.7748255426963304,97.51733929654608,0.4033569717378751,0.0,0.2890674556624055,0.5658460367384687,5.662614954751297
2021-08-01 12:00:00,2021,8,1,12,1627819200,kolhapur,37.75999062898732,3.954945269333273,97.47758708583373,22.78115435866938,0.0,0.3091580587332749,0.48003476504814285,8.519418141104866
2021-08-01 18:00:00,2021,8,1,18,1627840800,kolhapur,32.456079683062136,4.043854621430686,97.85419444362307,0.6077732238774047,4.162232113734954,0.32526981016986106,0.4675546640863528,5.490447422738821
2021-08-02 00:00:00,2021,8,2,0,1627862400,kolhapur,25.105869359824915,3.560082921070696,97.74748377047726,0.7810977551241967,0.0,0.3060108659813922,0.5683360257723529,5.06907813432523
2021-08-02 06:00:00,2021,8,2,6,1627884000,kolhapur,31.56104739672218,2.8384544645086205,97.8524763629133,0.4498646953614197,0.0,0.2857580997991438,0.5306948873995004,5.113371548943436
2021-08-02 12:00:00,2021,8,2,12,1627905600,kolhapur,35.90398578176911,6.08311155116991,97.29534794726895,22.28113928148965,0.0,0.29018112717106936,0.6094620633953493,8.396612788717691
2021-08-02 18:00:00,2021,8,2,18,1627927200,kolhapur,29.191507923311704,4.143832447465116,98.07297384937132,0.42895411223254676,0.0,0.29207541950268917,0.5405667300953938,5.062941809235347
2021-08-03 00:00:00,2021,8,3,0,1627948800,kolhapur,28.42202556143995,2.8883658485133994,97.52436496565514,0.702920998061968,0.0,0.26016343593683233,0.5183371882257326,4.9876182658995445
2021-08-03 06:00:00,2021,8,3,6,1627970400,kolhapur,30.792715513103488,3.776781171900535,97.32245408448478,0.8514710138868774,0.0,0.2913697711921171,0.5989463366931629,5.240296521595368
2021-08-03 12:00:00,2021,8,3,12,1627992000,kolhapur,38.63037329384486,3.735411180328231,97.52069374766063,22.198995313240097,0.0,0.3054123240386601,0.5680191845364921,8.385511197385387
2021-08-03 18:00:00,2021,8,3,18,1628013600,kolhapur,33.15908003383192,2.797359450442035,98.39758887488343,0.4808674586362284,0.0,0.2744072360431402,0.5948088736810365,5.1628824749624
2021-08-04 00:00:00,2021,8,4,0,1628035200,kolhapur,27.576492274357825,4.082522455984576,97.54540523483476,0.34028646709839694,0.0,0.3330634445135341,0.5356842124365432,4.934130529216421
2021-08-04 06:00:00,2021,8,4,6,1628056800,kolhapur,32.66074141705247,5.160081364140568,97.56419135334095,0.1770966942940838,0.0,0.2949587054668321,0.5642136646024851,5.364120666933275
2021-08-04 12:00:00,2021,8,4,12,1628078400,kolhapur,35.81844448629714,4.755640985695864,97.60408889059333,22.572285346717937,0.0,0.28232494709678924,0.5270124112318797,8.277436930576167
2021-08-04 18:00:00,2021,8,4,18,1628100000,kolhapur,34.52819053634369,3.022432679273116,97.6171341797528,0.3160797186795077,5.604415780219723,0.3377600679792919,0.5009037133700823,5.381884796679828
2021-08-05 00:00:00,2021,8,5,0,1628121600,kolhapur,26.709357027287,5.63455154105827,97.43678709308512,0.8006914635742854,0.0,0.3229198194634155,0.5804274471153071,5.35659923640618
2021-08-05 06:00:00,2021,8,5,6,1628143200,kolhapur,32.09756640853548,3.289678077285286,97.71419383778733,0.7153470212874742,3.7269541674654882,0.31628299412354444,0.544449112919301,5.451146000122009
2021-08-05 12:00:00,2021,8,5,12,1628164800,kolhapur,35.671054380507464,7.052961467781966,97.993908385285,22.36428453049293,0.0,0.3014715316375538,0.5282803547942796,8.11020294513662
2021-08-05 18:00:00,2021,8,5,18,1628186400,kolhapur,30.247920989691984,2.7722940955785607,97.7655167074691,0.9367681333721051,0.0,0.313170311712237,0.5165102948306648,5.212039012839203
2021-08-06 00:00:00,2021,8,6,0,1628208000,kolhapur,27.262193828309954,3.638248755290003,97.34763552366192,0.6233707602208972,0.0,0.3071993830374553,0.5684488284926225,5.108841795474995
2021-08-06 06:00:00,2021,8,6,6,1628229600,kolhapur,31.872520059004,4.003032687498134,97.5776813418518,0.8979503433820446,0.0,0.2848615223245026,0.5648911226924099,5.6968566573378565
2021-08-06 12:00:00,2021,8,6,12,1628251200,kolhapur,35.36222126624195,3.0661722511434304,97.51552689330143,21.680334693758077,8.226422971597467,0.39516373281405615,0.5484629316227638,8.572043547111564
2021-08-06 18:00:00,2021,8,6,18,1628272800,kolhapur,29.388609736932715,4.852883899934156,97.69686695380236,0.6267125759567903,0.0,0.2992305973932131,0.5427410779701511,4.957323055219554
2021-08-07 00:00:00,2021,8,7,0,1628294400,kolhapur,24.54130264482481,4.097167951035541,98.09011850709375,0.7722756129146127,0.0,0.26227841285380027,0.5906987839360649,4.821135299335266
2021-08-07 06:00:00,2021,8,7,6,1628316000,kolhapur,33.24038785145279,2.645735251718326,97.64631816681879,0.27164113074417406,4.866624270676264,0.3698088060495574,0.4932489016136301,5.562633516907908
2021-08-07 12:00:00,2021,8,7,12,1628337600,kolhapur,35.526306553841025,4.024473367445524,97.66453654496394,22.191620742506824,0.0,0.28440553478004216,0.5866454904551779,8.401295621116025
2021-08-07 18:00:00,2021,8,7,18,1628359200,kolhapur,30.93782445730238,3.6326930129203188,98.22427645127088,0.7784768291162395,0.0,0.29316517613110576,0.5816727843946528,5.772462517722111
2021-08-08 00:00:00,2021,8,8,0,1628380800,kolhapur,28.520021301846864,2.9248524016469077,97.96408242461514,0.8311879560164448,0.0,0.303385278071915,0.5354898089481954,4.999366910726036
2021-08-08 06:00:00,2021,8,8,6,1628402400,kolhapur,29.66128507147865,10.788192736017997,97.8734450117456,0.3128829125959328,0.0,0.2865581318339933,0.5143717492163978,5.2841267278918425
2021-08-08 12:00:00,2021,8,8,12,1628424000,kolhapur,35.254018675132684,6.009467263619166,98.28866011170417,22.06968053540175,0.0,0.3123341249806053,0.5900580770839369,8.563999612852994
2021-08-08 18:00:00,2021,8,8,18,1628445600,kolhapur,30.19136067086723,3.116606693997706,97.84816400355184,0.3042532834097647,0.0,0.27511916202039916,0.5371867641322683,5.324927693564418
2021-08-09 00:00:00,2021,8,9,0,1628467200,kolhapur,28.66835357942174,3.7453624886603434,97.11573680157622,0.7390403874984554,16.656727178687067,0.45275073411731076,0.6242220652621355,6.041636263900505
2021-08-09 06:00:00,2021,8,9,6,1628488800,kolhapur,34.231326108546305,3.1478707305081928,97.96149467153359,0.46297366514571225,9.359424790260263,0.4157797844535271,0.6405623672390116,6.164585265650826
2021-08-09 12:00:00,2021,8,9,12,1628510400,kolhapur,37.36859569577594,4.8178640725182795,97.23409240703388,21.921821364348652,0.0,0.2981766127757832,0.5898230560731963,8.675992460066581
2021-08-09 18:00:00,2021,8,9,18,1628532000,kolhapur,32.416327943904044,6.573082162103034,97.84729655474422,0.4158399814305715,0.0,0.276534788896506,0.5739779301529997,5.782023805620009
2021-08-10 00:00:00,2021,8,10,0,1628553600,kolhapur,25.265905201613414,3.223543488946132,97.20827978078759,0.1619829269298243,0.0,0.29967698069982196,0.5750013553493473,4.722780460674226
2021-08-10 06:00:00,2021,8,10,6,1628575200,kolhapur,34.057430436248936,5.013490329077625,97.58234622990639,0.17802952960536367,0.0,0.30613549170590687,0.5303939088932393,5.397056235297849
2021-08-10 12:00:00,2021,8,10,12,1628596800,kolhapur,36.53798208743051,3.5918067687315207,97.6132674941434,21.337063886655695,0.0,0.2663820312425317,0.5730004070085392,8.169485184555205
2021-08-10 18:00:00,2021,8,10,18,1628618400,kolhapur,32.41610310256712,3.314564912721109,97.49136712085684,0.6180726797216644,16.390682451591385,0.48,0.5678117687436501,6.217886932374192
2021-08-11 00:00:00,2021,8,11,0,1628640000,kolhapur,25.871815108610242,6.7180902500075375,97.62868558154248,0.8486383979530593,7.634516399460413,0.4106231095438375,0.5669700467944944,5.7750123407041265
2021-08-11 06:00:00,2021,8,11,6,1628661600,kolhapur,30.62805363577526,3.608182116837983,98.043109696808,0.020836826262080943,0.0,0.30088988912540215,0.5978090389207429,5.26092041006492
2021-08-11 12:00:00,2021,8,11,12,1628683200,kolhapur,38.52466590616085,3.481924411476625,97.51915530705197,21.25998661234599,0.0,0.2944882410709277,0.5899945490533646,8.520489071459236
2021-08-11 18:00:00,2021,8,11,18,1628704800,kolhapur,31.839688036374135,4.211018347063819,97.896883444553,0.45746699230291293,0.0,0.29894875602337206,0.6096409198299916,5.766054144505927
2021-08-12 00:00:00,2021,8,12,0,1628726400,kolhapur,28.099339991312196,2.971426950771444,97.45481179404513,0.7377207361681893,0.0,0.31669435111543703,0.577161525109786,5.228323087742897
2021-08-12 06:00:00,2021,8,12,6,1628748000,kolhapur,31.30526905732419,3.1063691298206795,97.68765681300968,0.1577076447119513,0.0,0.30788551840558526,0.6085471055147117,5.372292054491515
2021-08-12 12:00:00,2021,8,12,12,1628769600,kolhapur,34.64972699507199,6.550648259317681,97.84165846582556,21.398704184475424,0.0,0.3036178954241398,0.590707030129505,8.444123790057493
2021-08-12 18:00:00,2021,8,12,18,1628791200,kolhapur,30.04726240038889,4.219541321368564,97.44554816094175,0.23200620128180974,0.0,0.3264799330187775,0.6083604728040941,5.41986516085051
2021-08-13 00:00:00,2021,8,13,0,1628812800,kolhapur,25.967440369496295,5.126456907559614,97.36237993025543,0.3990512186711541,0.0,0.3217514618853298,0.5924789480577223,5.200450706275844
2021-08-13 06:00:00,2021,8,13,6,1628834400,kolhapur,29.87324218173439,2.9722565045994567,97.9034595053023,0.22499867701757115,0.0,0.27993441233330174,0.6481515476474349,5.2776273066792685
2021-08-13 12:00:00,2021,8,13,12,1628856000,kolhapur,34.151800392857844,3.6751079019040453,98.09282017993083,21.41203068488837,2.3039655262983625,0.3399202579355342,0.5215606036324162,8.12727484055564
2021-08-13 18:00:00,2021,8,13,18,1628877600,kolhapur,32.61511805347992,7.829231270926555,97.73217655428242,0.7285425986619467,0.0,0.32216509817037614,0.6135789374201505,5.850276583545759
2021-08-14 00:00:00,2021,8,14,0,1628899200,kolhapur,24.88497691210452,3.0544772819990245,97.63031205641941,0.6110092484541891,0.0,0.3049530433946577,0.624773638433564,4.9125333935491415
2021-08-14 06:00:00,2021,8,14,6,1628920800,kolhapur,30.909571140026767,2.7412210584746446,97.81420854469295,0.0811817053916929,0.0,0.31136851776775115,0.561077047897663,5.416832853169758
2021-08-14 12:00:00,2021,8,14,12,1628942400,kolhapur,36.14648240316819,3.5515794427724465,97.78414990401605,21.6286502382753,0.0,0.29323908780027336,0.6538287789731857,8.500760357810394
2021-08-14 18:00:00,2021,8,14,18,1628964000,kolhapur,29.820052330358934,3.2149359365458694,97.8403766905998,0.47707717155921603,3.436686815152727,0.30966631292308344,0.5997501832078856,5.532711756847306
2021-08-15 00:00:00,2021,8,15,0,1628985600,kolhapur,27.766377342697705,2.7208534888495497,97.02085932035203,0.9345655747071387,0.0,0.33734431721033703,0.5995346716666088,4.980156254842342
2021-08-15 06:00:00,2021,8,15,6,1629007200,kolhapur,28.914465501427678,5.751365598246139,97.45860156309635,0.28930431710405324,4.772530408935904,0.32053481047722704,0.6144143535406137,5.375646139616685
2021-08-15 12:00:00,2021,8,15,12,1629028800,kolhapur,35.982616038605755,9.480550984985717,97.52576381881508,21.647657287841,0.0,0.3332239211618868,0.6299005332654993,8.746899530280697
2021-08-15 18:00:00,2021,8,15,18,1629050400,kolhapur,30.95935470279947,3.72109551983188,97.8245931389996,0.7308608230445724,0.0,0.29829376484620007,0.6072419141827888,5.423694208551318
2021-08-16 00:00:00,2021,8,16,0,1629072000,kolhapur,25.39533219498519,4.676953568847065,97.84713668682221,0.22150078100918735,0.0,0.3247141057473488,0.6104163502602244,4.962151990662781
2021-08-16 06:00:00,2021,8,16,6,1629093600,kolhapur,28.53134517937344,5.38052590995681,97.98222746834074,0.9032236249709361,6.536302020313706,0.3655866531452343,0.6325311065419297,5.462504489439044
2021-08-16 12:00:00,2021,8,16,12,1629115200,kolhapur,36.7829404270766,4.252501875149063,97.86864784649866,21.342394663888538,0.0,0.318513528764138,0.6364613279624011,8.682393319903225
2021-08-16 18:00:00,2021,8,16,18,1629136800,kolhapur,31.591980104783307,2.509365500653485,97.40115280061933,0.678883366889305,4.205275420921306,0.35079515646071396,0.6174932319021867,5.592225624152469
2021-08-17 00:00:00,2021,8,17,0,1629158400,kolhapur,24.348570715438385,2.6807960618798203,98.23772515967863,0.14585555888350454,0.0,0.2864999695216272,0.5650119127874049,4.741306621228659
2021-08-17 06:00:00,2021,8,17,6,1629180000,kolhapur,31.42315431913325,2.5339369874472237,98.18519926542983,0.25780391699196925,0.0,0.30256989344822544,0.5808838718611363,5.157228626855518
2021-08-17 12:00:00,2021,8,17,12,1629201600,kolhapur,35.92428503777637,2.438377730178353,97.42616458739505,21.366194301222443,0.0,0.2970288935181541,0.6439802631790646,8.112469950825309
2021-08-17 18:00:00,2021,8,17,18,1629223200,kolhapur,28.441005290283545,2.9714018451670574,97.90343536271537,0.31902726837335205,0.0,0.31274711083265233,0.6030984245698054,5.257052082463235
2021-08-18 00:00:00,2021,8,18,0,1629244800,kolhapur,23.96494701343843,3.152912713545854,97.63745326280248,0.4996929185709734,0.0,0.3027960997137882,0.5974485182357211,4.934512747970685
2021-08-18 06:00:00,2021,8,18,6,1629266400,kolhapur,31.953262552629834,2.81935268195812,97.85773977513556,0.37400519937328924,0.0,0.3056884129749745,0.6286059737196534,5.444044623377458
2021-08-18 12:00:00,2021,8,18,12,1629288000,kolhapur,35.70996466300854,2.505842673058569,98.13207366226796,21.348692899923957,0.0,0.27944784486500457,0.6248858044028339,8.071377477497402
2021-08-18 18:00:00,2021,8,18,18,1629309600,kolhapur,29.399385966579526,3.5377606647767585,98.45511185827168,0.48714536278081144,6.895491415522017,0.34335755185329186,0.6088629730597145,5.670274886288873
2021-08-19 00:00:00,2021,8,19,0,1629331200,kolhapur,23.840785291367858,2.8670691751127153,98.05412335397526,0.004609935973168167,10.679425203637363,0.408205419570769,0.6416017372016465,5.279411261765106
2021-08-19 06:00:00,2021,8,19,6,1629352800,kolhapur,29.35540843095369,4.772893133842166,97.91722046296552,0.649680837945384,1.3317840362668971,0.31694749354397456,0.5812547505054276,5.236246979897455
2021-08-19 12:00:00,2021,8,19,12,1629374400,kolhapur,34.46177983331026,2.400294812373326,97.72679369193999,21.057510100262043,0.0,0.27896726521745835,0.5673222328806184,7.713469092591553
2021-08-19 18:00:00,2021,8,19,18,1629396000,kolhapur,28.859554579182944,5.160919368239519,97.88338050373582,0.3416983404902254,3.6892089393906864,0.3483218317751106,0.6643726719349031,5.55877040109972
2021-08-20 00:00:00,2021,8,20,0,1629417600,kolhapur,22.397288338991252,7.014450630923776,98.24952998330043,0.09414675228322356,9.434314679043322,0.4066315376281644,0.5894193676983047,5.194729589835333
2021-08-20 06:00:00,2021,8,20,6,1629439200,kolhapur,31.719954437167384,4.259884851342101,97.82818578827407,0.22036969056649147,0.0,0.3031101694820832,0.5788371445784007,5.55099757244739
2021-08-20 12:00:00,2021,8,20,12,1629460800,kolhapur,36.46588501648337,4.355382404915646,97.57576461989765,20.785629352222973,0.0,0.30030227039285706,0.613318585632294,8.361317003553184
2021-08-20 18:00:00,2021,8,20,18,1629482400,kolhapur,28.10005132985592,6.438235939467857,97.35569145564696,0.9353694994047316,0.0,0.2746375604800206,0.6222155034414886,5.315925902611514
2021-08-21 00:00:00,2021,8,21,0,1629504000,kolhapur,25.09464860021502,2.7059882344488213,98.00856624699352,0.4325129747465468,0.0,0.2742466739040601,0.6124797262123763,4.685654753579868
2021-08-21 06:00:00,2021,8,21,6,1629525600,kolhapur,28.536824352797368,10.176667545920022,97.92883832445878,0.04206584721517004,5.72222456763101,0.3650483667314756,0.6199777948129295,6.01408304914839
2021-08-21 12:00:00,2021,8,21,12,1629547200,kolhapur,34.49783082202971,4.5815581061308315,97.66087943479177,20.626383126779224,2.983841920422483,0.3132099353112009,0.5841897355458163,8.32385740330859
2021-08-21 18:00:00,2021,8,21,18,1629568800,kolhapur,29.373031787059034,4.299235413676401,98.16245612448265,0.07903267573291457,1.4385024370663477,0.29916170446530954,0.6482441073747148,5.526050244423077
2021-08-22 00:00:00,2021,8,22,0,1629590400,kolhapur,24.127524737814102,3.009662816677325,97.74136352949637,0.5888693902072113,0.0,0.30540770010224233,0.5845876554039071,4.825321333191297
2021-08-22 06:00:00,2021,8,22,6,1629612000,kolhapur,32.77369668750534,3.5214260590872337,97.82750336126522,0.18662149156682672,0.0,0.34058500728920105,0.6311516013416669,5.820734219403689
2021-08-22 12:00:00,2021,8,22,12,1629633600,kolhapur,34.108787534376624,3.929292326952269,97.86289734882327,20.91109634908787,0.0,0.29188313544540273,0.637493890631062,7.8095106226923665
2021-08-22 18:00:00,2021,8,22,18,1629655200,kolhapur,28.556880323790523,3.7904039882096816,97.76261076617124,0.37006206286997806,0.0,0.340845530804301,0.6499433448300999,5.5370855798947956
2021-08-23 00:00:00,2021,8,23,0,1629676800,kolhapur,23.503381403822097,4.152616993942998,97.95208811646238,0.8038763771441993,1.3286669534579767,0.31144911773807,0.6408590447583367,5.320742864315299
2021-08-23 06:00:00,2021,8,23,6,1629698400,kolhapur,31.212918982670303,2.4504859363152245,98.2267831405174,0.3204896372653623,0.0,0.3109646382310287,0.6013896216871997,5.318295722745137
2021-08-23 12:00:00,2021,8,23,12,1629720000,kolhapur,32.169100050528264,2.9807914025039857,97.53858402730198,20.79506156818682,4.222754342640995,0.3611094411128415,0.6217017463567821,8.068826405164028
2021-08-23 18:00:00,2021,8,23,18,1629741600,kolhapur,28.50331917341439,3.1752670625313066,98.0278846382797,0.7212855485978282,0.0,0.32033792359382446,0.6129193308772701,5.317876100117065
2021-08-24 00:00:00,2021,8,24,0,1629763200,kolhapur,26.694384534971263,2.7586594899986143,97.94659153123308,0.43335120693063933,7.263734292476478,0.37891747235693135,0.590326060831551,5.187755176120822
2021-08-24 06:00:00,2021,8,24,6,1629784800,kolhapur,29.89012955680043,2.5899756810596823,97.94107307921456,0.7932155360131891,0.0,0.2949051208991113,0.6505840131421078,5.283355810082297
2021-08-24 12:00:00,2021,8,24,12,1629806400,kolhapur,34.81203328235813,2.5300905298629006,98.15649730131338,20.92204537589819,7.463560781371212,0.3906957827685086,0.6148169849127932,8.561689450500443
2021-08-24 18:00:00,2021,8,24,18,1629828000,kolhapur,32.72236996501951,2.9901925449898674,97.90973315791629,0.4105291139467185,2.13856478477838,0.32936463167891555,0.6419786248647771,5.862642565405048
2021-08-25 00:00:00,2021,8,25,0,1629849600,kolhapur,24.769524649179182,3.310453869581629,98.05280733370813,0.5039819256863627,3.1304627531524276,0.3218531084763481,0.6375764592397078,5.130024441919959
2021-08-25 06:00:00,2021,8,25,6,1629871200,kolhapur,28.33772347771706,2.387850360227831,98.12349794400777,0.9672034558421935,7.250133386990089,0.3999488872060037,0.6068337568577284,5.447408691698989
2021-08-25 12:00:00,2021,8,25,12,1629892800,kolhapur,33.97688713444191,6.681216060020851,97.75742899502224,20.844867656288713,5.518232219955472,0.3635960916213835,0.6048289777373296,8.419671095323237
2021-08-25 18:00:00,2021,8,25,18,1629914400,kolhapur,27.696854256210578,4.464088657039534,97.99849359338056,0.9049952259723273,0.0,0.2842819994363267,0.630857671070202,5.309986023071528
2021-08-26 00:00:00,2021,8,26,0,1629936000,kolhapur,26.158753230548516,4.243932455967248,97.84747210128508,0.17875850347106437,8.982810131533192,0.3714934613749227,0.6048113401739745,5.4229606168901965
2021-08-26 06:00:00,2021,8,26,6,1629957600,kolhapur,30.136690246830042,2.559865842448526,97.8829038495323,0.4832361562451519,3.24020476573985,0.37056890752915755,0.6738797198277126,5.732689141600355
2021-08-26 12:00:00,2021,8,26,12,1629979200,kolhapur,35.9614688954813,3.6639500475790343,97.82608996450477,21.014166023825496,0.0,0.28913622671799577,0.6845648482655388,8.315774979614382
2021-08-26 18:00:00,2021,8,26,18,1630000800,kolhapur,31.094323563349025,3.406849226675412,98.06403250467733,0.3226120614414201,9.931325480163071,0.413360683242349,0.6677073207482289,6.135476039155454
2021-08-27 00:00:00,2021,8,27,0,1630022400,kolhapur,23.527406041860434,8.326132311978222,97.96134268843056,0.9676641981464208,0.0,0.30620418729733445,0.6579080955577308,5.5560766342670345
2021-08-27 06:00:00,2021,8,27,6,1630044000,kolhapur,27.7315929352384,4.3260055108726325,98.05521248602008,0.09707749047365744,0.0,0.31304610113920533,0.6492743233272941,5.490418236215365
2021-08-27 12:00:00,2021,8,27,12,1630065600,kolhapur,34.07115254628966,3.546659281479264,97.93159406685636,20.929799812075025,0.0,0.3369033813968852,0.6159999658170072,8.599876853091807
2021-08-27 18:00:00,2021,8,27,18,1630087200,kolhapur,27.839580607068925,5.114297438007164,97.45561297198398,0.44521212206586114,0.0,0.31861343122269553,0.6722628130639309,5.398209591144924
2021-08-28 00:00:00,2021,8,28,0,1630108800,kolhapur,24.269099034745256,2.4989071123680895,97.9605675665452,0.07374416514116067,0.0,0.3150170530117339,0.6916925729021096,5.219331892805155
2021-08-28 06:00:00,2021,8,28,6,1630130400,kolhapur,30.719809042883753,2.2691120144815526,97.97021842826233,0.8795215925860874,0.0,0.29436418363158995,0.6403845187365195,5.648260270615685
2021-08-28 12:00:00,2021,8,28,12,1630152000,kolhapur,33.76945425255797,4.004015710895625,98.02393582286132,20.200092460063054,0.0,0.2850101742585179,0.6494774572076368,8.01643401640082
2021-08-28 18:00:00,2021,8,28,18,1630173600,kolhapur,29.246656356493325,2.4013409580925016,97.77303828360955,0.022250125495227646,4.2407624600978755,0.3890985767806407,0.6263320923368381,5.4608491685603315
2021-08-29 00:00:00,2021,8,29,0,1630195200,kolhapur,23.752941421503092,2.416113028080136,97.60698652671937,0.1358071055691923,0.0,0.2970554987002898,0.6436726098276232,4.690575300748914
2021-08-29 06:00:00,2021,8,29,6,1630216800,kolhapur,30.09780120449469,4.279987109597788,98.1530094351873,0.6591147418997616,0.0,0.2957584414613067,0.6158832660825881,5.410008042986076
2021-08-29 12:00:00,2021,8,29,12,1630238400,kolhapur,32.89203625440571,2.7052919288190966,97.88354547475878,20.846410063090538,0.0,0.30366807959830844,0.64493201133855,7.869344970278573
2021-08-29 18:00:00,2021,8,29,18,1630260000,kolhapur,25.599040453373494,3.7179659369363622,98.01700065602452,0.11146213958351923,0.0,0.3017213247170712,0.6665904540402332,5.373977858535398
2021-08-30 00:00:00,2021,8,30,0,1630281600,kolhapur,24.47120179042894,5.959260924834299,97.895818163878,0.461948048124762,0.0,0.32929450708442515,0.6663168795712991,5.101497014078401
2021-08-30 06:00:00,2021,8,30,6,1630303200,kolhapur,30.246650133327858,2.789253788115283,97.97843764011242,0.1806365509475325,0.0,0.30823111949761717,0.6640827541366614,5.537275942443957
2021-08-30 12:00:00,2021,8,30,12,1630324800,kolhapur,34.434459868503666,2.585726809731937,97.84547058346375,20.533527728267217,8.68538727288351,0.3580943691265105,0.5833234393055987,7.899288351040636
2021-08-30 18:00:00,2021,8,30,18,1630346400,kolhapur,27.804552758163847,2.387535734339851,97.68983111109834,0.11805889976181659,0.0,0.28424622170659897,0.6580023514549751,5.446687634566183
2021-08-31 00:00:00,2021,8,31,0,1630368000,kolhapur,21.93274971051714,2.414977295691325,98.13715844350908,0.23984174848088957,1.9692761814884596,0.31684900375049646,0.6778182035888882,5.053506967529761
2021-08-31 06:00:00,2021,8,31,6,1630389600,kolhapur,29.377014155466725,2.301650967844202,97.81410291881065,0.19640596764907137,4.968659654736977,0.367141472227119,0.6591606099709907,5.366210502254982
2021-08-31 12:00:00,2021,8,31,12,1630411200,kolhapur,33.84748628719825,2.342871663866015,98.04422438954693,20.260373626206256,14.384543287487908,0.4103788895788201,0.6934859610439099,8.677174635193797
2021-08-31 18:00:00,2021,8,31,18,1630432800,kolhapur,28.44657891630875,3.0537497166995964,98.1181770118491,0.8731840920006347,0.0,0.30681970766101335,0.6564329556113264,5.365323994784088
2021-09-01 00:00:00,2021,9,1,0,1630454400,kolhapur,26.2385513419773,2.772843645463772,97.83392751889002,0.5110902011564186,0.0,0.31102783824276803,0.674108284480243,5.25169245801286
2021-09-01 06:00:00,2021,9,1,6,1630476000,kolhapur,27.084656186214616,4.031567819450856,97.64880564325905,0.05824345277147125,0.0,0.3140489110797051,0.63211217563333,5.307113669265216
2021-09-01 12:00:00,2021,9,1,12,1630497600,kolhapur,36.16741185917781,5.255562723989244,98.73779701772686,20.19009935415673,0.0,0.2947998177261182,0.6797801515065148,8.337545950075329
2021-09-01 18:00:00,2021,9,1,18,1630519200,kolhapur,28.552532184792575,4.496534928535128,97.85163977078732,0.7975209993180118,0.0,0.31738638003402364,0.6857966348858486,5.580726786155935
2021-09-02 00:00:00,2021,9,2,0,1630540800,kolhapur,20.620346838881613,3.3145507483513326,98.21207407551329,0.1321561973043227,7.649189814839243,0.3560093787858503,0.6434632666149189,4.592483626022154
2021-09-02 06:00:00,2021,9,2,6,1630562400,kolhapur,28.104898572709214,2.342098193416322,98.60688799280398,0.07271121434459171,0.0,0.3147275760685887,0.6219870133685331,5.200577781775059
2021-09-02 12:00:00,2021,9,2,12,1630584000,kolhapur,34.81294666908709,4.035590007000888,98.26202125198911,19.732892749432306,0.0,0.29458481095831546,0.6513461020459712,7.852610371394894
2021-09-02 18:00:00,2021,9,2,18,1630605600,kolhapur,27.82612000498047,2.8560568663967802,97.93491608528468,0.7460863228216299,0.0,0.29667544147884717,0.6349259953560894,5.428308771922771
2021-09-03 00:00:00,2021,9,3,0,1630627200,kolhapur,21.029677589736135,2.302227435270175,98.02013234428736,0.5916804195320016,2.758625576240743,0.32341236773474336,0.6854216347880738,4.6559672080797245
2021-09-03 06:00:00,2021,9,3,6,1630648800,kolhapur,27.995073603899474,4.940088849935938,97.79048509462623,0.5405946539617489,6.787012772746796,0.3760632274736798,0.652788307440139,5.731853255134537
2021-09-03 12:00:00,2021,9,3,12,1630670400,kolhapur,31.95608684075617,2.7871392787152565,98.30477618863522,19.71248157279851,0.0,0.27309454227667046,0.6890070887737321,8.000531884143617
2021-09-03 18:00:00,2021,9,3,18,1630692000,kolhapur,28.97956700322567,2.5372421998796217,98.2101484729655,0.33223659524686183,0.0,0.31289647776208646,0.6205407788298144,5.567656236411338
2021-09-04 00:00:00,2021,9,4,0,1630713600,kolhapur,24.269423665925473,5.233421173231502,97.90129407641686,0.9658850129433423,0.0,0.31193782406321324,0.6450963098301707,5.445625195232707
2021-09-04 06:00:00,2021,9,4,6,1630735200,kolhapur,26.524918330201896,5.642473171959011,97.74296937976585,0.2406252267293857,3.9767128432234644,0.32825804579310686,0.6470299988207587,5.572684711043537
2021-09-04 12:00:00,2021,9,4,12,1630756800,kolhapur,32.050617859150584,2.7771770452140263,97.65925170059627,20.282130288742433,5.748687032784575,0.35205680586390886,0.6782137849013787,8.238119682140299
2021-09-04 18:00:00,2021,9,4,18,1630778400,kolhapur,29.24428763948446,2.813536762629106,98.35157602303664,0.5805315044577389,0.0,0.27733166790791514,0.6076537849553562,5.345692994595215
2021-09-05 00:00:00,2021,9,5,0,1630800000,kolhapur,21.687911026399043,3.444891047220935,98.10722000077419,0.1232964663712478,0.0,0.2706001675358637,0.6640992264783022,4.706114578056875
2021-09-05 06:00:00,2021,9,5,6,1630821600,kolhapur,26.35294024010549,4.128208582589387,98.13560342298734,0.467312378155068,2.207397343008245,0.31982994281483695,0.6614067206076563,5.357738499389894
2021-09-05 12:00:00,2021,9,5,12,1630843200,kolhapur,31.208140746153102,2.2428131610849573,97.8242234743288,20.246107702709875,0.0,0.29788512309798676,0.6831868367575077,7.844799806577142
2021-09-05 18:00:00,2021,9,5,18,1630864800,kolhapur,28.504235363284664,3.494646521674299,97.63205713109619,0.418565598137361,15.677757769621257,0.44384399458682644,0.6738521780771844,6.226529733867887
2021-09-06 00:00:00,2021,9,6,0,1630886400,kolhapur,23.306181941121096,6.714772826657481,98.37550546463059,0.8633865647893623,0.0,0.268056568579702,0.6460044137971849,4.870646389197551
2021-09-06 06:00:00,2021,9,6,6,1630908000,kolhapur,26.816376316276337,2.5900010964999147,98.09933310331627,0.2564286946517077,0.0,0.30219329742870976,0.6068771055179237,4.870986808076612
2021-09-06 12:00:00,2021,9,6,12,1630929600,kolhapur,32.850073456037244,5.72659129478526,98.35889179023438,19.785170762280053,0.0,0.28582606654053594,0.6515197155941844,8.121806336177286
2021-09-06 18:00:00,2021,9,6,18,1630951200,kolhapur,30.133143938077595,6.6327502087967165,97.97094145426243,0.8438520582019761,0.0,0.27806532048553473,0.6366359678595025,5.278593732843744
2021-09-07 00:00:00,2021,9,7,0,1630972800,kolhapur,21.247077088141033,2.5939525916460786,98.03141183280638,0.9206884411696955,13.133063093565832,0.4491035076546986,0.6405895032780866,5.355468152555423
2021-09-07 06:00:00,2021,9,7,6,1630994400,kolhapur,24.780553410002693,4.228491570336535,98.31644663870362,0.4858233671513007,13.081999491384272,0.4035711369349457,0.6547985315046311,5.748643307112997
2021-09-07 12:00:00,2021,9,7,12,1631016000,kolhapur,33.390780687098925,2.532864029134362,98.32216160961259,19.770266529686868,0.0,0.30349258919132593,0.7013724018703754,8.200002000106464
2021-09-07 18:00:00,2021,9,7,18,1631037600,kolhapur,27.542565577665986,4.130516200769687,98.34172687252322,0.0029801307823332903,0.0,0.26226347002235556,0.6387670567058898,5.06100308059543
2021-09-08 00:00:00,2021,9,8,0,1631059200,kolhapur,21.50834548812596,4.508494317204227,98.02975040380252,0.2532233075133896,0.0,0.2626898554371252,0.6232998748353167,4.459489620125156
2021-09-08 06:00:00,2021,9,8,6,1631080800,kolhapur,28.551503474380976,2.539508817811861,98.30267495102859,0.27871210374694577,11.561884868828976,0.41668658835877154,0.6615649114670393,5.539858829083548
2021-09-08 12:00:00,2021,9,8,12,1631102400,kolhapur,33.8322208353518,4.001046605777356,98.45104061937636,19.140066241469672,0.0,0.2846914367235748,0.6705974106310303,8.148230956423923
2021-09-08 18:00:00,2021,9,8,18,1631124000,kolhapur,24.260966088528473,4.62136820960641,98.08687917622888,0.279695013356979,0.0,0.2680372156683985,0.6685924555076987,4.953337644979337
2021-09-09 00:00:00,2021,9,9,0,1631145600,kolhapur,21.45923582180727,2.770017681427289,97.98023096737052,0.32112203305813913,0.0,0.309530910306125,0.6611714408618377,4.878505973672315
2021-09-09 06:00:00,2021,9,9,6,1631167200,kolhapur,30.914407032599783,2.379262595781716,98.53710175749777,0.9687660395681933,0.0,0.2979585002873913,0.6736183181554408,5.255422825083324
2021-09-09 12:00:00,2021,9,9,12,1631188800,kolhapur,33.313240059501794,2.2486219209892466,97.93794375643733,19.630860290414986,13.759427560384863,0.38556871365462353,0.6874239560889293,8.503827145241658
2021-09-09 18:00:00,2021,9,9,18,1631210400,kolhapur,28.452288143250225,3.388761063076567,98.32312042563707,0.4260050794163466,8.672062479280596,0.39644085765061854,0.6547981694993176,6.017367500900537
2021-09-10 00:00:00,2021,9,10,0,1631232000,kolhapur,24.061797521455357,7.826452135334828,98.13282585159281,0.9880544606955093,0.0,0.2683308983856698,0.7129346092870636,5.491688941753313
2021-09-10 06:00:00,2021,9,10,6,1631253600,kolhapur,27.32805934130773,4.691665342482418,97.5978828598034,0.1532323202346112,8.690624062884943,0.3423569595857725,0.6773780488663291,5.546587752343213
2021-09-10 12:00:00,2021,9,10,12,1631275200,kolhapur,33.497482343645565,2.953303090208005,98.48893076499235,19.353708646037624,0.0,0.27319737079764084,0.7122522530909121,7.866658014687571
2021-09-10 18:00:00,2021,9,10,18,1631296800,kolhapur,28.379549169263942,3.2484926439364363,97.32299645588456,0.6470622070490517,6.808453442276196,0.3568570791234263,0.6907758587009993,5.683073489892858
2021-09-11 00:00:00,2021,9,11,0,1631318400,kolhapur,22.97495582048814,2.5776311356441473,97.57129280105453,0.05558063448407702,0.0,0.2901911348813534,0.6468744479357563,4.774611562874981
2021-09-11 06:00:00,2021,9,11,6,1631340000,kolhapur,26.683375619432894,2.3528731441621455,98.32473024492602,0.7169988580831188,0.0,0.255946303597865,0.6260334194703038,4.8528805930658425
2021-09-11 12:00:00,2021,9,11,12,1631361600,kolhapur,32.42448195890839,3.0727633725969485,98.32465258068525,18.892664278437664,0.0,0.2603815754943126,0.7166318470681227,7.784934368886156
2021-09-11 18:00:00,2021,9,11,18,1631383200,kolhapur,26.283851228898836,3.0198957391336476,97.97525726371855,0.14028230859967925,0.0,0.2734254927285674,0.6573090311846989,5.322296196860455
2021-09-12 00:00:00,2021,9,12,0,1631404800,kolhapur,22.049206876470393,3.184454652444843,98.22715533850187,0.15968951246208407,0.0,0.2736971926241832,0.6834807982163285,4.600954401674322
2021-09-12 06:00:00,2021,9,12,6,1631426400,kolhapur,25.27724908147175,6.657645444314602,97.4233796976775,0.9288898266555178,2.4503395072082697,0.3273769156600433,0.6683135438918939,5.38248912456248
2021-09-12 12:00:00,2021,9,12,12,1631448000,kolhapur,30.844049432711223,3.466572693631248,98.39490135075208,19.390937021223383,13.163407912230763,0.4110051913222448,0.726667646794683,8.512621076431097
2021-09-12 18:00:00,2021,9,12,18,1631469600,kolhapur,26.606517356733256,3.473695793623531,98.25772635752698,0.6554275011031064,0.0,0.3024901437871915,0.6841551830521838,5.628342334036706
2021-09-13 00:00:00,2021,9,13,0,1631491200,kolhapur,20.47771390982845,2.274969884933601,98.1854873363642,0.5554934964649921,6.1677985892763285,0.3701851771265792,0.6466005263878276,4.870710176768213
2021-09-13 06:00:00,2021,9,13,6,1631512800,kolhapur,26.135746150855798,10.547202905733307,98.20543263700567,0.2928059986951028,0.0,0.29770410457128266,0.6800945196893297,5.274580366391966
2021-09-13 12:00:00,2021,9,13,12,1631534400,kolhapur,31.647383091840286,4.292662149511286,98.34715644522225,19.2432860240333,0.0,0.22510849464182053,0.7217489418530013,7.4399369781559415
2021-09-13 18:00:00,2021,9,13,18,1631556000,kolhapur,27.496665573970127,5.215316748567977,98.19050973531498,0.4101497198886421,0.0,0.2805103566088126,0.6619074145939298,5.6645431989760455
2021-09-14 00:00:00,2021,9,14,0,1631577600,kolhapur,23.18017995131696,2.8643456780638834,97.65342416189964,0.14541615009261488,21.328074725203173,0.48,0.6426715374440427,5.255359018911926
2021-09-14 06:00:00,2021,9,14,6,1631599200,kolhapur,26.06061744147043,3.108041957765157,98.87454048307576,0.6895972903277331,0.0,0.28441489483098614,0.7114280083036616,5.250629349460446
2021-09-14 12:00:00,2021,9,14,12,1631620800,kolhapur,33.758950924440526,3.1694031167772225,98.57588105854754,18.666488901250737,0.0,0.24385978879413575,0.6601541708499218,7.4981007602657375
2021-09-14 18:00:00,2021,9,14,18,1631642400,kolhapur,28.164210616475835,2.3856065311575736,97.83015741413256,0.1906685810211755,0.0,0.27022165966342865,0.638522908907823,4.954182423857055
2021-09-15 00:00:00,2021,9,15,0,1631664000,kolhapur,22.375232581783617,3.8090988595874604,98.12864452569485,0.8176993118476059,0.0,0.25713100939973554,0.6625779801518782,4.666328134991742
2021-09-15 06:00:00,2021,9,15,6,1631685600,kolhapur,26.849565527812633,5.554000726991628,98.16137543779101,0.660117096125154,3.727759447985845,0.30312223605046523,0.6976017327123007,5.168079813430513
2021-09-15 12:00:00,2021,9,15,12,1631707200,kolhapur,32.097773096670515,2.3229564305808412,98.55584056479051,19.08224920436885,0.0,0.2792021145691382,0.7025404138963512,8.02985381757914
2021-09-15 18:00:00,2021,9,15,18,1631728800,kolhapur,28.399668559867276,2.190203660076556,97.5844050142419,0.41820278434272634,0.0,0.26954484153100666,0.7012531225724367,5.327593875240834
2021-09-16 00:00:00,2021,9,16,0,1631750400,kolhapur,23.317075708565255,4.058463288148511,98.09910745678624,0.39628051823937116,0.0,0.26614834712770746,0.6598918038495358,4.766108696866263
2021-09-16 06:00:00,2021,9,16,6,1631772000,kolhapur,28.48412631150181,2.526753019441558,97.72061900311392,0.6902626091854012,0.0,0.2792492095579984,0.7176525303289554,5.312800046287899
2021-09-16 12:00:00,2021,9,16,12,1631793600,kolhapur,31.54369646674185,3.514794257857375,98.16328128136668,19.105481188099436,6.081596023097634,0.33418040280603944,0.7127555120584959,8.273777507161162
2021-09-16 18:00:00,2021,9,16,18,1631815200,kolhapur,27.314156966424264,3.8329927543021345,98.1070596681897,0.5102132023643128,0.0,0.287202396567493,0.7052253890137665,5.363378804076193
2021-09-17 00:00:00,2021,9,17,0,1631836800,kolhapur,23.35949762396932,2.6245372789062493,98.2894168306444,0.9692692443485262,7.727642751018883,0.3508811342839318,0.6603178840904134,5.4834688735001
2021-09-17 06:00:00,2021,9,17,6,1631858400,kolhapur,25.408603811661656,4.574094755894382,98.08404629072683,0.9556995589188719,0.0,0.2506496503549954,0.6739248564211934,4.996344212441938
2021-09-17 12:00:00,2021,9,17,12,1631880000,kolhapur,30.866552583458787,3.2395475235467215,98.04020159301244,18.692014440515777,3.304138650442247,0.29442157072423586,0.7019045060790412,7.870627731147323
2021-09-17 18:00:00,2021,9,17,18,1631901600,kolhapur,26.36823285855646,5.090652859565374,98.45140561795854,0.8206222542831558,13.384391142266287,0.4092847285642344,0.7098410668362404,5.689496206098408
2021-09-18 00:00:00,2021,9,18,0,1631923200,kolhapur,22.555945628786173,4.197385959992886,98.41867859188625,0.5432678415984153,4.221469579088752,0.3140111342418941,0.6631966998470727,4.928586160918904
2021-09-18 06:00:00,2021,9,18,6,1631944800,kolhapur,27.579305747895,5.079969786150696,98.44769627243694,0.5117558875571745,5.9807761505813914,0.31229406391632253,0.7460917284573881,5.7917855903203925
2021-09-18 12:00:00,2021,9,18,12,1631966400,kolhapur,30.86025135502016,2.0665352688142637,98.22920674245621,18.248575465839522,0.0,0.294287556209173,0.6894787204108004,7.839645799584072
2021-09-18 18:00:00,2021,9,18,18,1631988000,kolhapur,23.9436333402475,2.4545757066235474,98.11075519493592,0.5739747104683124,6.7978861701336735,0.35497927860500805,0.7220815190972927,5.608414284128043
2021-09-19 00:00:00,2021,9,19,0,1632009600,kolhapur,21.43813189155346,2.172058570442883,98.26345370026313,0.9005779305631646,2.238651728699501,0.28984198586961774,0.6573767624646599,4.801291709044035
2021-09-19 06:00:00,2021,9,19,6,1632031200,kolhapur,24.69138176911691,2.9058971185229447,98.4494580658899,0.7801338491950921,4.3997853438495405,0.32019535738380045,0.7008341670530485,5.4324524388175925
2021-09-19 12:00:00,2021,9,19,12,1632052800,kolhapur,28.833951668149176,5.340948134709198,97.6460755345778,18.89389763188037,0.0,0.25803384878802044,0.6566846167956082,7.608461292842477
2021-09-19 18:00:00,2021,9,19,18,1632074400,kolhapur,24.173048634008936,2.9759514537537095,98.41734302398062,0.15992903857634144,2.5934142757912677,0.3224668193073856,0.699205780638815,5.077760602005743
2021-09-20 00:00:00,2021,9,20,0,1632096000,kolhapur,21.420715536658836,4.868423336447656,98.40874310454276,0.35844944713356364,0.0,0.31952693259089654,0.7094491917056411,4.824710748653392
2021-09-20 06:00:00,2021,9,20,6,1632117600,kolhapur,27.972700066289708,2.6200224102096703,98.33464692016804,0.2332049166502358,0.0,0.26525658671913455,0.7111136159763098,5.200892527751158
2021-09-20 12:00:00,2021,9,20,12,1632139200,kolhapur,30.98948579924486,2.647906548819798,98.27120762178082,18.337432973936856,0.0,0.3026269724397966,0.6734445418661776,7.53437173964614
2021-09-20 18:00:00,2021,9,20,18,1632160800,kolhapur,26.248215006859443,5.414348826459418,97.5461658325626,0.5795393434937276,4.050312765228324,0.3014356090397167,0.6410051677160504,5.40656382818314
2021-09-21 00:00:00,2021,9,21,0,1632182400,kolhapur,22.56779488649983,2.8532888350161305,98.20099239556775,0.3647838133702479,0.0,0.2661481294550747,0.7060527515078098,4.988289266914043
2021-09-21 06:00:00,2021,9,21,6,1632204000,kolhapur,23.47677011455761,4.360375244880254,98.86977998782109,0.5606978174642661,0.0,0.30546116323970857,0.6844204456203945,4.944011046320338
2021-09-21 12:00:00,2021,9,21,12,1632225600,kolhapur,31.57371711058335,2.4261230524687476,98.33681876316837,18.373949767899532,0.0,0.2743905778652386,0.6844048125092188,7.827473689167531
2021-09-21 18:00:00,2021,9,21,18,1632247200,kolhapur,25.77606780170471,6.479125702618188,98.24076142289546,0.28661555844972986,0.0,0.2905270323376876,0.6687140610318354,5.077283144716009
2021-09-22 00:00:00,2021,9,22,0,1632268800,kolhapur,21.504908324211858,3.2989949761784176,98.35501646033238,0.09540343420515862,4.567147410043021,0.31567107783723575,0.6954645943571585,5.114830891086901
2021-09-22 06:00:00,2021,9,22,6,1632290400,kolhapur,24.93059627335803,4.153436398361331,98.45637646224375,0.8918384573447826,4.8728765438436765,0.2880628747508694,0.6969370017353465,5.179484624832102
2021-09-22 12:00:00,2021,9,22,12,1632312000,kolhapur,29.428916200324032,2.157651549167671,98.5475906750622,17.860771841770106,0.0,0.32213705797433617,0.7287267724240339,7.784668485629637
2021-09-22 18:00:00,2021,9,22,18,1632333600,kolhapur,25.866585492392165,3.0348569418477647,98.28128055270797,0.0016524881419733505,0.0,0.2710533589881025,0.6365796815539365,5.1143344706505705
2021-09-23 00:00:00,2021,9,23,0,1632355200,kolhapur,22.99208076607535,5.482865459723476,98.49446117418391,0.826797739763546,0.0,0.27707548069900995,0.657988127457142,5.055531760007963
2021-09-23 06:00:00,2021,9,23,6,1632376800,kolhapur,26.809658937885853,5.15715644930782,98.86998053429421,0.99681094032579,0.0,0.2593025754123438,0.7114693640525065,5.318093112080941
2021-09-23 12:00:00,2021,9,23,12,1632398400,kolhapur,29.75675462580352,2.085246668562026,98.66886053329561,18.4904958861015,0.0,0.2895557622868566,0.63162368679959,7.572144600562529
2021-09-23 18:00:00,2021,9,23,18,1632420000,kolhapur,23.506835727101738,2.55628762169433,99.06907535822289,0.015273838062886912,0.0,0.28808485598371575,0.6759865071818875,4.7073806234697315
2021-09-24 00:00:00,2021,9,24,0,1632441600,kolhapur,17.857807240585615,2.8887618092027862,98.18703429289899,0.22669022666851335,0.0,0.2413356142646596,0.7694013451894854,4.199762208987187
2021-09-24 06:00:00,2021,9,24,6,1632463200,kolhapur,27.355057343908015,2.2937077258779377,98.8869222526551,0.9718227002619613,0.0,0.27590269946298485,0.689831914609962,5.419803439361204
2021-09-24 12:00:00,2021,9,24,12,1632484800,kolhapur,28.948284733928553,3.9741053227148178,98.14686330842771,18.486062004927255,9.241858540160834,0.38244131316901486,0.7191460675111766,7.863628518601765
2021-09-24 18:00:00,2021,9,24,18,1632506400,kolhapur,24.892638046639888,2.316067575895448,98.49013524442664,0.5667998438047132,0.0,0.296489445050348,0.6477115567177786,5.118744631342692
2021-09-25 00:00:00,2021,9,25,0,1632528000,kolhapur,22.22552269057877,2.645781831574141,98.62092282003856,0.23686070944035897,0.0,0.283900971492898,0.7195551900851214,4.894430967512878
2021-09-25 06:00:00,2021,9,25,6,1632549600,kolhapur,22.82285381824392,3.640100202167267,98.24794670369579,0.01437020592674898,0.0,0.2856587413134561,0.6872342432185848,4.868103728740669
2021-09-25 12:00:00,2021,9,25,12,1632571200,kolhapur,32.482102765674995,2.994270830412938,98.4275691445094,17.612479495985298,4.491985167605725,0.30508996949913114,0.707232326544854,7.708468884184336
2021-09-25 18:00:00,2021,9,25,18,1632592800,kolhapur,24.863245320623655,4.019731069312824,98.67431819200267,0.6119808635302287,0.0,0.24639121790930238,0.7152565636423074,4.969647136416962
2021-09-26 00:00:00,2021,9,26,0,1632614400,kolhapur,18.383852970168338,6.879319686650835,98.20524233517601,0.02183187635242312,0.0,0.26320995326985325,0.6834034077360914,4.580682990526069
2021-09-26 06:00:00,2021,9,26,6,1632636000,kolhapur,24.735701552303077,2.1908868963667123,98.91913864253388,0.9936301419253727,0.0,0.24439212183511388,0.713439653737945,4.998589659470081
2021-09-26 12:00:00,2021,9,26,12,1632657600,kolhapur,29.02283277092423,3.859588896542036,98.00294461725137,17.68928313982938,27.043048571389058,0.48,0.6652166280599735,8.085104356920114
2021-09-26 18:00:00,2021,9,26,18,1632679200,kolhapur,25.76795764138502,2.3977293764914136,99.00023103748809,0.7107073618692794,9.856012257508045,0.35290800623473045,0.7004531150137893,5.540916088299145
2021-09-27 00:00:00,2021,9,27,0,1632700800,kolhapur,18.997815929547688,2.8059982814487223,98.73588939099055,0.15505972141241342,3.935942214568233,0.288392809961874,0.7146198232924899,4.73992935543135
2021-09-27 06:00:00,2021,9,27,6,1632722400,kolhapur,22.10255126400079,2.0532465108377744,98.40857387765234,0.5400934210977145,0.0,0.27849320335008587,0.6828357880293519,4.829322865464724
2021-09-27 12:00:00,2021,9,27,12,1632744000,kolhapur,29.639170778765873,2.2222372379559916,98.31469108717965,17.500938290488715,10.844932330954334,0.3560422563030927,0.6701364966633315,7.616066369636498
2021-09-27 18:00:00,2021,9,27,18,1632765600,kolhapur,22.935197001949547,2.5811267861955876,98.28338307171337,0.7667784245332453,14.043106057810073,0.44499014759702965,0.6853328220198358,5.67809781813517
2021-09-28 00:00:00,2021,9,28,0,1632787200,kolhapur,20.140086250623483,2.6294735896907127,98.41193991960047,0.5849210947248297,0.0,0.2860156070079075,0.7318023288973963,4.879598272722619
2021-09-28 06:00:00,2021,9,28,6,1632808800,kolhapur,23.05291092621602,5.449349180878539,98.43812985321293,0.08616669340141503,0.0,0.29002248089605925,0.7272019219587651,4.812015178686567
2021-09-28 12:00:00,2021,9,28,12,1632830400,kolhapur,29.101587219882877,4.032786625090548,98.82924648566794,18.183512656529025,0.0,0.25244948108242904,0.7219209038058116,7.558085565886718
2021-09-28 18:00:00,2021,9,28,18,1632852000,kolhapur,25.10748813096251,7.374840612731974,99.04327484179295,0.5470186147767041,0.0,0.27023853750100185,0.7452316992217793,5.6769901870463215
2021-09-29 00:00:00,2021,9,29,0,1632873600,kolhapur,19.378855808940465,3.3716388753559503,98.52969367134929,0.921592310013318,0.0,0.24372539804646712,0.7001597553028069,4.7005712301770535
2021-09-29 06:00:00,2021,9,29,6,1632895200,kolhapur,25.073189320993436,2.415722032700226,98.21619114875628,0.9166233736781126,0.0,0.26893040780082084,0.7052476430879177,5.248494987210848
2021-09-29 12:00:00,2021,9,29,12,1632916800,kolhapur,30.717974645068505,2.5961561617383797,98.30616188296224,18.17023079776332,0.0,0.22922887462647373,0.6401818671526613,7.179875310052184
2021-09-29 18:00:00,2021,9,29,18,1632938400,kolhapur,22.96064334689491,2.578812409930526,98.41495245976971,0.07778520020047008,0.0,0.28582922955680734,0.6726702707576248,4.818965092815595
2021-09-30 00:00:00,2021,9,30,0,1632960000,kolhapur,19.46527100325844,2.59301330350197,98.17805307233596,0.12095776175452344,0.0,0.250002117653037,0.7151853772218261,4.461888775585443
2021-09-30 06:00:00,2021,9,30,6,1632981600,kolhapur,19.56761161793331,3.676653339623711,98.13340728329278,0.9877058097161979,0.0,0.2689569209151459,0.7258878458965592,4.757978319467055
2021-09-30 12:00:00,2021,9,30,12,1633003200,kolhapur,29.93286726671929,3.1352396010938497,99.11622786763691,17.65234269388811,0.0,0.2726695071504376,0.6610585056452656,7.335851881197085
2021-09-30 18:00:00,2021,9,30,18,1633024800,kolhapur,24.11064611863324,2.7303594664303352,98.57787376170887,0.23821405282914976,0.0,0.25182074322258724,0.6970485198785134,4.6585661707296815
2021-10-01 00:00:00,2021,10,1,0,1633046400,kolhapur,17.951442236434435,2.2421868536065013,98.25436359819214,0.769664488498658,0.0,0.2452180830499746,0.7643903315940411,4.542082727522338
2021-10-01 06:00:00,2021,10,1,6,1633068000,kolhapur,24.900196015096178,2.0335957590990086,98.74928460940356,0.264285221212482,0.0,0.2587791469313751,0.6969764052610096,4.785871653220577
2021-10-01 12:00:00,2021,10,1,12,1633089600,kolhapur,31.18566324742899,2.3704665970728667,98.1507997008542,17.80722392973024,0.0,0.2772426153034396,0.7429529658275631,7.804499698606527
2021-10-01 18:00:00,2021,10,1,18,1633111200,kolhapur,23.712590260252977,2.1705589786013135,98.17549992393492,0.8372857778497632,0.0,0.2582435930548549,0.7100265514579039,4.90944707104884
2021-10-02 00:00:00,2021,10,2,0,1633132800,kolhapur,17.87461094111905,4.309131207562519,98.28060337711695,0.7842633772952806,0.0,0.27149278883224087,0.7161120653260171,4.326709043998321
2021-10-02 06:00:00,2021,10,2,6,1633154400,kolhapur,24.5393705701397,2.1793639319008187,99.01787008169573,0.2740478081979354,0.0,0.2753154638963023,0.6719866178839082,5.0935063839413734
2021-10-02 12:00:00,2021,10,2,12,1633176000,kolhapur,27.28842267651209,3.9326198002371315,98.4456520777027,17.397165798426062,0.0,0.25558457547775476,0.6510024544230937,7.182507194965655
2021-10-02 18:00:00,2021,10,2,18,1633197600,kolhapur,23.301260620678324,2.731154185183337,97.78900400136547,0.4132510032332784,0.0,0.2571801030849438,0.7209432465050354,4.812632723650094
2021-10-03 00:00:00,2021,10,3,0,1633219200,kolhapur,20.99115788063086,2.1154399594004403,98.90174206084485,0.4912729181044718,0.0,0.2604276846261691,0.7080437529067111,4.605379530904145
2021-10-03 06:00:00,2021,10,3,6,1633240800,kolhapur,24.250823482873535,4.513931158893477,98.44680787164347,0.16737285154013604,0.0,0.2804996295630465,0.7006476648253608,4.875246808063833
2021-10-03 12:00:00,2021,10,3,12,1633262400,kolhapur,26.338354192235855,3.301057022610517,97.98389987912866,17.36385389843168,0.0,0.25078590516547494,0.6590174399444451,6.997108197470453
2021-10-03 18:00:00,2021,10,3,18,1633284000,kolhapur,21.462067167236004,2.4044380570230945,98.44371723450315,0.5107829905154818,0.0,0.2804065475679703,0.6881277274335045,4.8426037639504775
2021-10-04 00:00:00,2021,10,4,0,1633305600,kolhapur,19.266951095122682,5.378491510099846,98.71221815908207,0.5317089965810524,0.0,0.26094009055463613,0.679786731543183,4.879050553197243
2021-10-04 06:00:00,2021,10,4,6,1633327200,kolhapur,25.317408420029047,2.0718185594930465,98.67713174006049,0.8199004299844582,0.0,0.2411053228459263,0.6827243420763881,4.885302732200359
2021-10-04 12:00:00,2021,10,4,12,1633348800,kolhapur,26.59739036821329,2.3404778465499487,99.09544148385004,17.344877550627448,0.0,0.2549976644915047,0.7051411696380001,7.116390000900577
2021-10-04 18:00:00,2021,10,4,18,1633370400,kolhapur,24.69839146739728,4.094120531885806,98.30008663132962,0.23078392251367724,0.0,0.2334248608120028,0.7194737358005091,5.119533194442986
2021-10-05 00:00:00,2021,10,5,0,1633392000,kolhapur,20.88619131941052,3.8576099185548616,98.58711116597757,0.6631287382441872,0.0,0.22707203860077968,0.7062221723124683,4.443372656491063
2021-10-05 06:00:00,2021,10,5,6,1633413600,kolhapur,26.7224645401139,2.51621011716251,98.36322434632456,0.7973141440866252,4.374960315147887,0.30987877215560666,0.7034737337201079,5.379327210095105
2021-10-05 12:00:00,2021,10,5,12,1633435200,kolhapur,29.387510197965756,2.1000603151779105,98.1104372616419,17.063421347014163,0.0,0.2699475624591421,0.7010454568516704,7.22258026303455
2021-10-05 18:00:00,2021,10,5,18,1633456800,kolhapur,24.650879950004654,4.9327298058073925,98.83875334158986,0.6453059290176072,5.8856723777709465,0.31218843288321774,0.6923967033400372,5.295563417837197
2021-10-06 00:00:00,2021,10,6,0,1633478400,kolhapur,15.558377956964055,2.570776987076824,98.72923248077531,0.14693799594601265,0.0,0.2530696387692758,0.6719699426159125,4.223557142957473
2021-10-06 06:00:00,2021,10,6,6,1633500000,kolhapur,26.907783420400257,2.3328209421120203,98.6753551449407,0.34192630457806406,0.0,0.24058073807545421,0.6982953045695605,4.770531017999244
2021-10-06 12:00:00,2021,10,6,12,1633521600,kolhapur,27.89491927876209,3.094818674641327,98.71828866800864,17.57015240373876,0.0,0.25551359992424094,0.7193082049138753,7.481752047598828
2021-10-06 18:00:00,2021,10,6,18,1633543200,kolhapur,22.35794786076871,5.621831361108218,98.38460975422453,0.9113081631625728,0.0,0.29174558683884155,0.6934310157297932,5.1335965172881695
2021-10-07 00:00:00,2021,10,7,0,1633564800,kolhapur,18.24348824415264,2.0754579207775645,98.30567282046871,0.5753245787430636,0.0,0.27040351403710006,0.6684262547878197,4.405956915224826
2021-10-07 06:00:00,2021,10,7,6,1633586400,kolhapur,25.893807567090224,4.186069064562986,98.61867555831498,0.7023514608651067,0.0,0.24868843305349267,0.6601678236517744,5.21216347495119
2021-10-07 12:00:00,2021,10,7,12,1633608000,kolhapur,31.9383665171274,3.2832806914511607,98.95574476738766,17.432219478800924,3.544079094434993,0.2823865834811615,0.6674236851836927,7.490605190234795
2021-10-07 18:00:00,2021,10,7,18,1633629600,kolhapur,23.814410465025844,2.8399230631261028,99.08980448730023,0.9585531853126287,0.0,0.24268175953659998,0.6617251503964255,4.586244169134301
2021-10-08 00:00:00,2021,10,8,0,1633651200,kolhapur,19.992269931418868,4.056004863878193,98.86310907592902,0.48988644028976946,0.0,0.22005210646455417,0.78181820798251,4.542058312227216
2021-10-08 06:00:00,2021,10,8,6,1633672800,kolhapur,23.55994974554164,7.076032768389394,98.63323159191721,0.5615757366260343,0.0,0.23861519663679492,0.6687499870220862,5.012228421213131
2021-10-08 12:00:00,2021,10,8,12,1633694400,kolhapur,26.93845046298611,2.4021682866942338,98.70541444270677,16.911542528469496,0.0,0.2617580894314319,0.6939289356644929,7.012179815399158
2021-10-08 18:00:00,2021,10,8,18,1633716000,kolhapur,25.71025917869582,2.2442762323428114,98.6279574216844,0.07198193705643077,0.0,0.22963308831186224,0.6924787582073352,4.696371333288339
2021-10-09 00:00:00,2021,10,9,0,1633737600,kolhapur,17.431540921669175,5.67583450680625,98.33375729330722,0.42280347244881844,0.0,0.24070706056179525,0.7364237381950983,4.386336093427877
2021-10-09 06:00:00,2021,10,9,6,1633759200,kolhapur,25.668028302261582,3.673343987925485,98.6489345086802,0.7906273393830772,0.0,0.22394458414122742,0.7069055154551814,5.021240488638324
2021-10-09 12:00:00,2021,10,9,12,1633780800,kolhapur,30.312544136857387,2.879444092467307,98.2410922499405,17.218929055045997,0.0,0.26201709958658803,0.7067591285094034,7.44608256210824
2021-10-09 18:00:00,2021,10,9,18,1633802400,kolhapur,24.285786538139572,3.2924702725978223,98.60431712738612,0.8923771145933017,0.0,0.22084357442272057,0.6992558631589668,4.633266846727261
2021-10-10 00:00:00,2021,10,10,0,1633824000,kolhapur,20.978563633015664,4.072328997991515,99.14939091828202,0.051466705175969074,0.0,0.25616798033461186,0.7011175896659146,4.457730510624999
2021-10-10 06:00:00,2021,10,10,6,1633845600,kolhapur,26.58362054841274,4.243394527870542,98.90541715193814,0.5271545895806339,0.0,0.2648872343908368,0.7025324467610632,5.1389663420883
2021-10-10 12:00:00,2021,10,10,12,1633867200,kolhapur,27.972236454187666,5.805586004301336,98.38162362983218,16.440080593346142,14.169596778320075,0.3795428730544865,0.6740425629262207,7.841859725167774
2021-10-10 18:00:00,2021,10,10,18,1633888800,kolhapur,22.021910321009486,2.85386868886322,98.63683066421045,0.20074218316574532,0.0,0.23057595388018806,0.6653440066233163,4.450315167865616
2021-10-11 00:00:00,2021,10,11,0,1633910400,kolhapur,15.309885398277153,2.5442482513812656,98.42521859689501,0.9002165023806065,0.0,0.25179504906126726,0.6933629543165801,3.9791444610489917
2021-10-11 06:00:00,2021,10,11,6,1633932000,kolhapur,26.473313537307245,3.5543679096851366,98.65677735996827,0.49679125842969585,0.0,0.27434119290702724,0.675496003473737,5.128310306072616
2021-10-11 12:00:00,2021,10,11,12,1633953600,kolhapur,27.446767140784186,2.8293719930305503,98.9878638353788,17.010307644640474,0.0,0.26912624121549894,0.6971346926356021,7.203496010654956
2021-10-11 18:00:00,2021,10,11,18,1633975200,kolhapur,24.80884543981447,3.377605121864071,98.8714338719144,0.06438410592868281,0.0,0.2408174811690514,0.6592257284081537,4.549889878558065
2021-10-12 00:00:00,2021,10,12,0,1633996800,kolhapur,16.866453227104056,2.845094330073575,99.43769480619443,0.416826503924852,0.0,0.22257995809410677,0.6460286285856021,3.8643127679257847
2021-10-12 06:00:00,2021,10,12,6,1634018400,kolhapur,25.285734739736334,2.277114709497368,99.0501948027231,0.6742402806643377,0.0,0.2356017601032847,0.651861661723713,4.901275300584463
2021-10-12 12:00:00,2021,10,12,12,1634040000,kolhapur,26.928159890645162,2.978736179044144,98.75365169629414,16.30479386379187,0.0,0.20644543228754753,0.6880250212806732,6.621044977223637
2021-10-12 18:00:00,2021,10,12,18,1634061600,kolhapur,21.190757577942268,3.789262428139842,98.89559657421081,0.32581787910568516,0.0,0.229129506988058,0.6417743083224451,4.562688080597013
2021-10-13 00:00:00,2021,10,13,0,1634083200,kolhapur,17.538518140317645,4.442022508466495,98.64858169370805,0.06454780502388324,0.0,0.24717870675774903,0.7472680166289645,4.257803308671965
2021-10-13 06:00:00,2021,10,13,6,1634104800,kolhapur,22.053614235305815,3.0530595275390247,98.3710633718371,0.6513399408695104,0.0,0.23081364616313962,0.7473451906522822,4.560308729812511
2021-10-13 12:00:00,2021,10,13,12,1634126400,kolhapur,28.74572746494009,2.304140227508704,99.1010476194493,17.062445157724824,0.0,0.22615880504333913,0.7153430220801844,7.158823385366823
2021-10-13 18:00:00,2021,10,13,18,1634148000,kolhapur,22.774185395959485,2.836642104532844,99.01201208904254,0.8270454911428317,0.0,0.23705801575652635,0.6776959503881903,4.592288608423068
2021-10-14 00:00:00,2021,10,14,0,1634169600,kolhapur,18.666705921302913,4.3535798782442585,98.6537994211301,0.9746231168075656,0.0,0.2306787638521828,0.6727066478392464,4.352234160055684
2021-10-14 06:00:00,2021,10,14,6,1634191200,kolhapur,22.28862011984709,2.837585433955007,98.80829640658769,0.8456047950983965,0.0,0.2511757029942563,0.696110766956215,4.794169476850124
2021-10-14 12:00:00,2021,10,14,12,1634212800,kolhapur,26.72749127294682,3.8275620201292284,99.09839744172373,16.8674817347842,0.0,0.20953071617476002,0.7051133074889053,6.869959668115038
2021-10-14 18:00:00,2021,10,14,18,1634234400,kolhapur,21.84981150763092,3.100368762681926,98.9800211133701,0.5771771953713446,0.0,0.24659519147794237,0.6961024271181762,4.556680129333153
2021-10-15 00:00:00,2021,10,15,0,1634256000,kolhapur,20.667405477290107,2.4589753931442906,98.30391934672103,0.5182523114132099,5.808776471230665,0.2911033867580243,0.6462370341221795,4.692113176809146
2021-10-15 06:00:00,2021,10,15,6,1634277600,kolhapur,22.93775367858397,4.430464130015176,98.81593572854288,0.4062542664278276,0.0,0.24262395257475058,0.6798539747334132,4.802531433283217
2021-10-15 12:00:00,2021,10,15,12,1634299200,kolhapur,24.624353966064,2.1768620721099485,98.69256026444943,16.75170185613136,0.0,0.2061563497631436,0.7015492085949312,6.673982350195043
2021-10-15 18:00:00,2021,10,15,18,1634320800,kolhapur,21.819683760062446,3.161218394142865,99.07674993183754,0.18206761227802654,0.0,0.25159931581078626,0.6147050842457359,4.4659221482899
2021-10-16 00:00:00,2021,10,16,0,1634342400,kolhapur,17.62114877390985,2.4028694391285286,99.06882461870461,0.0562249158241932,0.0,0.24264687666454873,0.6506290153853149,4.013452170323448
2021-10-16 06:00:00,2021,10,16,6,1634364000,kolhapur,25.243949247071605,2.155520726555416,99.15509414552322,0.947893822684675,0.0,0.26525021599388254,0.6995644342273499,4.899387526396022
2021-10-16 12:00:00,2021,10,16,12,1634385600,kolhapur,29.01889779903089,3.099938601035656,98.42414349545375,15.859318495641059,0.0,0.21513132770939805,0.6744241572774532,6.874503031289204
2021-10-16 18:00:00,2021,10,16,18,1634407200,kolhapur,21.093272970473166,3.089797906949151,98.52427833685293,0.9768293218758537,0.0,0.2200865437219339,0.6744546455012589,4.407850641570348
2021-10-17 00:00:00,2021,10,17,0,1634428800,kolhapur,20.980280082291003,3.8991720856089715,99.1103217039381,0.7288533698737658,0.0,0.19392585428030498,0.7151798016067361,4.522624928794894
2021-10-17 06:00:00,2021,10,17,6,1634450400,kolhapur,22.30600590473011,4.106577129886108,98.59860322849474,0.32849891969782763,0.0,0.21313754032090457,0.6803122269341001,4.523813764287255
2021-10-17 12:00:00,2021,10,17,12,1634472000,kolhapur,29.22224116854474,4.0100857052040375,98.31966707882317,16.475928952563244,0.0,0.2582955902759031,0.6677229253074352,7.22058605120568
2021-10-17 18:00:00,2021,10,17,18,1634493600,kolhapur,20.620233705832472,2.8486329911675425,98.93587591938169,0.8178751571851293,0.0,0.2355107644989371,0.6726693463026673,4.49997761155203
2021-10-18 00:00:00,2021,10,18,0,1634515200,kolhapur,13.63347929573274,3.563892349741254,98.62843480355356,0.2453620559864359,0.0,0.2128822203585751,0.6716970325788659,4.093878321154762
2021-10-18 06:00:00,2021,10,18,6,1634536800,kolhapur,20.11807670305655,3.356028247561408,99.32953756672588,0.7708956832795819,0.0,0.2300711858674778,0.6549301963255293,4.2194358010914605
2021-10-18 12:00:00,2021,10,18,12,1634558400,kolhapur,22.35522372431553,2.8867829954025632,98.88145570182989,16.50570592774772,10.451671358267184,0.33069506384160335,0.6732904806001936,6.891346124924812
2021-10-18 18:00:00,2021,10,18,18,1634580000,kolhapur,25.39885792948845,3.4296677103550763,98.84067812162586,0.24935463012534734,0.0,0.1892267365786428,0.6457693337753866,4.438488971428347
2021-10-19 00:00:00,2021,10,19,0,1634601600,kolhapur,17.4316177214601,6.4866421086903765,98.69824382689022,0.04192635437798353,0.0,0.1906231336832958,0.6679087782846334,4.083696530599837
2021-10-19 06:00:00,2021,10,19,6,1634623200,kolhapur,20.722852315458432,2.3948651521758455,99.28626759455304,0.20412228455809767,1.8262809564730147,0.2655845740868018,0.66242579218155,4.397917992673935
2021-10-19 12:00:00,2021,10,19,12,1634644800,kolhapur,27.78875438810066,5.616473602829714,98.91658333234189,15.825891048554144,0.0,0.23991848730100404,0.6848490802998966,7.170673765736438
2021-10-19 18:00:00,2021,10,19,18,1634666400,kolhapur,22.393819397400726,2.155821188894125,98.68646713892808,0.0652404541754851,0.0,0.19549567348775482,0.7233441985469504,4.276381856606995
2021-10-20 00:00:00,2021,10,20,0,1634688000,kolhapur,17.921465585854783,2.634703310838969,98.58711697273034,0.7260073846551959,0.0,0.22040357046554576,0.6835403903808416,4.360159690396279
2021-10-20 06:00:00,2021,10,20,6,1634709600,kolhapur,23.804362594138198,2.591427502719368,98.80330016834272,0.3799749244584082,0.0,0.20862680941187345,0.6788478212099356,4.6905975304968885
2021-10-20 12:00:00,2021,10,20,12,1634731200,kolhapur,26.555183762896274,3.5583196928573413,98.53204803356553,16.434242835308563,0.0,0.2447176613742727,0.6827684499489636,7.268543957377866
2021-10-20 18:00:00,2021,10,20,18,1634752800,kolhapur,20.670306533282314,2.2926119939076024,99.13400531721567,0.25217110566518786,0.0,0.231892289628084,0.6498689184871144,4.621208976332947
2021-10-21 00:00:00,2021,10,21,0,1634774400,kolhapur,18.11316369343106,5.3002472108274015,98.29906815296059,0.45323216509992736,0.0,0.1985818270679721,0.694560442780377,4.179493492745104
2021-10-21 06:00:00,2021,10,21,6,1634796000,kolhapur,23.07500003869988,4.735423635776379,98.79971656066793,0.6390174289267628,0.0,0.2230787428375589,0.6856938020286811,4.951531648767572
2021-10-21 12:00:00,2021,10,21,12,1634817600,kolhapur,27.0226045840552,3.673828844271636,99.02461083269424,16.352659676064178,0.0,0.21985171150779897,0.672152125261857,6.818952049240699
2021-10-21 18:00:00,2021,10,21,18,1634839200,kolhapur,25.13783215489434,3.01009555779184,98.94420659520075,0.5246211016193767,0.0,0.21990648746519298,0.6841510988783951,4.860158078768233
2021-10-22 00:00:00,2021,10,22,0,1634860800,kolhapur,16.097426430412057,6.152854337701772,98.64251334692842,0.3735246278123828,0.0,0.20818361632544902,0.6809836502893771,4.4334670697058325
2021-10-22 06:00:00,2021,10,22,6,1634882400,kolhapur,20.40437265725163,4.763781173626652,99.0557758508451,0.8670150784720089,0.0,0.21888251110948612,0.6810381215554773,4.438973668295955
2021-10-22 12:00:00,2021,10,22,12,1634904000,kolhapur,27.381296755964435,3.136911777632192,98.59188642231734,15.711527363910033,0.0,0.20137060785944522,0.7009822531943075,6.79906171015108
2021-10-22 18:00:00,2021,10,22,18,1634925600,kolhapur,20.74175282933429,3.914599503322595,98.85098284188408,0.07942369963257834,0.0,0.19462984588457904,0.6484105390496666,3.972035109882983
2021-10-23 00:00:00,2021,10,23,0,1634947200,kolhapur,17.38135127789214,3.3639711608408804,99.06927218638458,0.44504210751024,0.0,0.19114686796937602,0.7080480023957181,4.280009072761206
2021-10-23 06:00:00,2021,10,23,6,1634968800,kolhapur,20.388564107915634,3.4385750866902662,99.0125935486384,0.7850933064979919,0.0,0.19509572473504008,0.6206318724124626,4.5445851400766175
2021-10-23 12:00:00,2021,10,23,12,1634990400,kolhapur,26.037713067276968,2.7115906479019043,98.67120801136463,15.35891804034863,0.0,0.2245234802426415,0.6885683086384868,6.767169890922678
2021-10-23 18:00:00,2021,10,23,18,1635012000,kolhapur,24.474337121733544,3.038768457911801,99.23296806975978,0.585882244989594,0.0,0.2250672544044763,0.6737444300871109,4.970038667576164
2021-10-24 00:00:00,2021,10,24,0,1635033600,kolhapur,15.914904865597073,2.240555720088667,98.91563882097644,0.5944640485272361,0.0,0.24296055686494583,0.6372872187706805,4.192908726993468
2021-10-24 06:00:00,2021,10,24,6,1635055200,kolhapur,20.325008584692647,2.7817725543005416,99.11252907281253,0.9285417634273816,7.866025164992622,0.28784092149891244,0.6970476223866309,4.664506818055775
2021-10-24 12:00:00,2021,10,24,12,1635076800,kolhapur,28.279304083778342,3.903788532045742,99.34836075153275,15.542250025721428,0.0,0.22777823488893906,0.6117691022585499,6.8117696608978155
2021-10-24 18:00:00,2021,10,24,18,1635098400,kolhapur,19.94672297528855,6.711865068804376,99.22488661416317,0.2788366132106981,5.620187994986287,0.27089318320897887,0.7149312131722789,4.909777836390213
2021-10-25 00:00:00,2021,10,25,0,1635120000,kolhapur,15.370407011544803,7.076665487790074,99.24146455025931,0.44048365133967815,0.0,0.2173953584775354,0.7312481838329742,4.159064094167149
2021-10-25 06:00:00,2021,10,25,6,1635141600,kolhapur,22.274663537528895,3.34576813165876,98.96322970731484,0.35691490147151517,0.0,0.22757074242350164,0.6586477470296089,4.765692900275542
2021-10-25 12:00:00,2021,10,25,12,1635163200,kolhapur,27.81743899257534,3.5282854238778594,99.14360626463315,15.920592241314733,0.0,0.22304433543389152,0.632712201075715,6.710534087999206
2021-10-25 18:00:00,2021,10,25,18,1635184800,kolhapur,23.240536443387015,2.436986689231423,98.9695047007293,0.6417520771315515,0.0,0.21357219361689264,0.6462116377301919,4.495396956667297
2021-10-26 00:00:00,2021,10,26,0,1635206400,kolhapur,15.176885233329486,3.9221605859434456,98.55830353046257,0.7589210379062663,0.0,0.19676702311065108,0.6900734985539437,3.974034569378085
2021-10-26 06:00:00,2021,10,26,6,1635228000,kolhapur,22.191730991139394,2.2493982654066205,99.01192400854761,0.8200417911986891,0.0,0.21455450968009065,0.6511488174515713,4.477926004420843
2021-10-26 12:00:00,2021,10,26,12,1635249600,kolhapur,25.598555682343942,2.6420291297013367,98.99800916591764,16.03652304997551,0.0,0.23632456488834575,0.5727553382773418,6.921006935255424
2021-10-26 18:00:00,2021,10,26,18,1635271200,kolhapur,20.389234531394266,3.7950522741677646,99.09621967925264,0.4309367317846495,0.0,0.21254518944383935,0.672322883979587,4.312611426658969
2021-10-27 00:00:00,2021,10,27,0,1635292800,kolhapur,17.991826667639046,2.7078235681756513,98.89825213939204,0.9846973894715495,0.0,0.1987493765189337,0.6848194357196395,3.968068248463429
2021-10-27 06:00:00,2021,10,27,6,1635314400,kolhapur,20.36267590041124,2.2272518788723352,98.7082145649269,0.21566081340365273,0.0,0.2230842008377169,0.6734336289382848,4.366717725724203
2021-10-27 12:00:00,2021,10,27,12,1635336000,kolhapur,26.604314388232087,4.825084031556326,99.13360305690863,15.758057937629438,0.0,0.17895372696690262,0.6782039396566611,6.5424401850196015
2021-10-27 18:00:00,2021,10,27,18,1635357600,kolhapur,21.420376698046574,2.707866796034383,98.54266954578038,0.5340093173071911,3.149386736554668,0.23095099207810157,0.7061399597773915,4.540965475620564
2021-10-28 00:00:00,2021,10,28,0,1635379200,kolhapur,14.471591635785623,2.2598044344990607,99.38971794468924,0.8169005946848834,0.0,0.1846415612064322,0.6487533950475876,3.822170462226401
2021-10-28 06:00:00,2021,10,28,6,1635400800,kolhapur,22.526862483327857,2.2786268148215076,98.8826467855708,0.476770520606426,0.0,0.20182733699880545,0.7066469792526597,4.384086757445321
2021-10-28 12:00:00,2021,10,28,12,1635422400,kolhapur,26.91814454081181,2.5970728175229336,99.02573065554915,15.758658287118188,0.0,0.2291866596350167,0.6504660503421024,6.662640331657324
2021-10-28 18:00:00,2021,10,28,18,1635444000,kolhapur,18.098287282487746,2.4560794072511096,99.11963964991678,0.9301687146476799,0.0,0.21707465235459467,0.6888967584394254,4.316773636566564
2021-10-29 00:00:00,2021,10,29,0,1635465600,kolhapur,16.38602915008934,4.4067224105888645,99.14456563061127,0.7322942661400873,0.0,0.16448270461412523,0.647827434012688,3.7798410565154534
2021-10-29 06:00:00,2021,10,29,6,1635487200,kolhapur,19.810437331983394,2.7561118726708864,98.54466392717248,0.7760942862183243,0.0,0.18946756300761552,0.7132489195902595,4.3508289697179565
2021-10-29 12:00:00,2021,10,29,12,1635508800,kolhapur,27.615510442852266,4.623694024117585,99.21458519132129,14.973818414953339,0.0,0.17186055228554045,0.6715372724674762,6.64743191885458
2021-10-29 18:00:00,2021,10,29,18,1635530400,kolhapur,18.801797728062187,2.4603598543742233,99.05830536567089,0.20495766223228246,0.0,0.22300763046258726,0.6492145800782401,4.149375745097743
2021-10-30 00:00:00,2021,10,30,0,1635552000,kolhapur,15.328846841163177,3.2046714409849626,98.79192932639363,0.9743037405035937,0.0,0.1877619290368923,0.613025277949645,3.810607654412507
2021-10-30 06:00:00,2021,10,30,6,1635573600,kolhapur,21.40659912059019,3.9334691163651216,98.75760765647743,0.6931870037873944,0.0,0.20092912874917662,0.6551991562171029,4.487623278597301
2021-10-30 12:00:00,2021,10,30,12,1635595200,kolhapur,25.945072735320306,3.7694522186211725,98.88229181714415,15.40093196137426,0.0,0.20189212080529093,0.62443444266504,6.379858870285416
2021-10-30 18:00:00,2021,10,30,18,1635616800,kolhapur,22.00799967917845,3.5648398178315768,98.59288523577807,0.3669763733964519,0.0,0.20352837573063504,0.6622427577535941,4.232412153676908
2021-10-31 00:00:00,2021,10,31,0,1635638400,kolhapur,13.481116163313384,6.080652491430088,99.5141935062033,0.04438900120691791,0.0,0.13911126537148294,0.6656062062640333,3.452974672195907
2021-10-31 06:00:00,2021,10,31,6,1635660000,kolhapur,23.236620647628385,2.587992273262338,99.4433586864502,0.369135907964135,0.0,0.20418860487316365,0.6770479972587183,4.362274492916472
2021-10-31 12:00:00,2021,10,31,12,1635681600,kolhapur,26.546466130509724,3.2198112154846474,99.13302334919997,15.272172307141826,0.0,0.18599679486218487,0.6619683695889447,6.701144717689803
2021-10-31 18:00:00,2021,10,31,18,1635703200,kolhapur,22.798326461828662,5.429966767542048,98.93049376400455,0.21145950938688854,0.0,0.21388207992078076,0.6482389089489042,4.336463302093684
2021-11-01 00:00:00,2021,11,1,0,1635724800,kolhapur,16.966849340141597,2.3334963231350354,98.9532390157472,0.17313679127383252,0.0,0.19856214827254887,0.6823110123423142,4.089040041799037
2021-11-01 06:00:00,2021,11,1,6,1635746400,kolhapur,20.63807391460917,2.2981202024951157,99.23979112398061,0.5084165513575168,0.0,0.20714088982611842,0.6857879499785613,4.26731120721076
2021-11-01 12:00:00,2021,11,1,12,1635768000,kolhapur,23.72919176992499,2.610348070681846,99.539719481979,15.2938963121373,0.0,0.17994362488825766,0.6109927026154378,6.266683552904216
2021-11-01 18:00:00,2021,11,1,18,1635789600,kolhapur,19.810159314418684,3.7155309398420355,98.8412523902494,0.23991791885452665,0.0,0.17192855063808848,0.695436252025542,4.16237423229797
2021-11-02 00:00:00,2021,11,2,0,1635811200,kolhapur,17.938157723477737,2.676688021288263,98.69180189585536,0.587389474456213,0.0,0.20984158822616694,0.6760953543225893,4.173624823573873
2021-11-02 06:00:00,2021,11,2,6,1635832800,kolhapur,22.631969396668445,2.541800204750614,99.49136994072094,0.9003399638742949,0.0,0.20330269137796353,0.613630549449053,4.470581878647335
2021-11-02 12:00:00,2021,11,2,12,1635854400,kolhapur,24.624412754028334,3.146230354040858,98.49093613236703,15.116873470183698,0.0,0.19647888944017525,0.5828499443234141,6.372468290717611
2021-11-02 18:00:00,2021,11,2,18,1635876000,kolhapur,16.326356294880604,3.65159013067995,98.72451846616657,0.8573901695871832,0.0,0.19645013928270194,0.6753581418505231,3.9802553499425124
2021-11-03 00:00:00,2021,11,3,0,1635897600,kolhapur,15.134715583446505,2.667713684320745,98.96757045290272,0.9272714445333184,0.0,0.19796237603028202,0.6419756871348937,3.759757584855992
2021-11-03 06:00:00,2021,11,3,6,1635919200,kolhapur,20.02219585271051,2.7755666535794044,98.57349778031447,0.0923940289370857,0.0,0.16370464206983942,0.622127996948725,4.038485034723804
2021-11-03 12:00:00,2021,11,3,12,1635940800,kolhapur,25.07909126684361,3.6652376866162255,99.37527253949796,14.676214471533743,0.0,0.21106118266920096,0.6452061114049508,6.169944482696806
2021-11-03 18:00:00,2021,11,3,18,1635962400,kolhapur,21.246558987651287,6.609980726222814,99.29869940180751,0.4760441828876032,0.0,0.18646870913296884,0.6713766661430274,4.254034906034066
2021-11-04 00:00:00,2021,11,4,0,1635984000,kolhapur,16.669649988125073,3.9379476516132375,98.88357946849244,0.5881024443177026,0.0,0.18454257347431785,0.5713206614829971,3.8225590510520466
2021-11-04 06:00:00,2021,11,4,6,1636005600,kolhapur,21.840780439791867,4.54436849296779,99.43990167241037,0.4258834644650292,0.0,0.17869101358014988,0.6360534759299385,4.430867242753018
2021-11-04 12:00:00,2021,11,4,12,1636027200,kolhapur,26.02389482934563,2.9387214007706604,99.49080516517819,14.844569642433143,0.0,0.13766225050872422,0.6339901005229099,6.195893327482323
2021-11-04 18:00:00,2021,11,4,18,1636048800,kolhapur,17.654175066258624,2.7299495903466426,99.02206624217003,0.6409941161261576,0.0,0.1985572683851711,0.6771616629935077,4.098233369155604
2021-11-05 00:00:00,2021,11,5,0,1636070400,kolhapur,14.746785091552365,3.1762253635588156,98.93504183942139,0.002081512349920267,0.0,0.16457808364208654,0.6535199856376209,3.55014901635951
2021-11-05 06:00:00,2021,11,5,6,1636092000,kolhapur,23.714719365916093,4.736415508072509,99.74812290101453,0.9680732808637424,0.0,0.1867070155504876,0.6532408467550133,4.868231131233439
2021-11-05 12:00:00,2021,11,5,12,1636113600,kolhapur,25.819909792796025,3.181820664037239,99.28659083931703,14.688945696865725,0.0,0.1681416161353718,0.615348294139007,6.455947672130442
2021-11-05 18:00:00,2021,11,5,18,1636135200,kolhapur,20.810314043258106,5.08107154860499,99.14713968858244,0.9170987685830089,0.0,0.17767533501694427,0.648751355239068,4.37765252601917
2021-11-06 00:00:00,2021,11,6,0,1636156800,kolhapur,15.702768476968886,9.01670576318844,99.49336195762025,0.10901474453450599,0.0,0.1740450762053484,0.6104231213147059,3.8398169643622255
2021-11-06 06:00:00,2021,11,6,6,1636178400,kolhapur,20.786609001067085,2.394819833336945,99.17487736412927,0.23808718204457258,0.0,0.16516130072802274,0.6217152383868321,3.8748071492719056
2021-11-06 12:00:00,2021,11,6,12,1636200000,kolhapur,21.588871295679215,2.352401681837546,98.93261199785262,14.631537953318198,0.0,0.17751022064072494,0.642194075164625,5.9807182256241775
2021-11-06 18:00:00,2021,11,6,18,1636221600,kolhapur,19.804253091941497,2.525745926748348,99.10834610177463,0.996152904200648,0.0,0.17240993722998116,0.6275389185905998,3.9043798219455765
2021-11-07 00:00:00,2021,11,7,0,1636243200,kolhapur,15.0133846655192,3.0256212955477384,99.40977720060184,0.00460054572588442,0.0,0.15869163669149483,0.6306965320091003,3.3836113212967875
2021-11-07 06:00:00,2021,11,7,6,1636264800,kolhapur,21.992467012091353,2.508649458216253,98.50052524450115,0.6396382093034958,2.192529050332327,0.22488363884947166,0.66060074608818,4.439985306547138
2021-11-07 12:00:00,2021,11,7,12,1636286400,kolhapur,25.141733255144675,5.365976321551036,99.01177169257414,15.207216222992958,0.0,0.16347212538605535,0.6102604320245197,6.360120843110227
2021-11-07 18:00:00,2021,11,7,18,1636308000,kolhapur,17.60045683330832,2.3330858659381204,99.51309813398039,0.6722736540247385,0.0,0.19074241359393612,0.5900814236117273,4.063846571597739
2021-11-08 00:00:00,2021,11,8,0,1636329600,kolhapur,15.623799114001562,2.8828230563291077,98.95832588094066,0.36273381821694417,0.0,0.19032976002362356,0.5901581525891761,3.7119076840369565
2021-11-08 06:00:00,2021,11,8,6,1636351200,kolhapur,18.772928407379815,2.6198703371378698,99.57571896939814,0.9583093627029349,3.661253287205335,0.23205616561124573,0.5836267203780872,4.209609873157248
2021-11-08 12:00:00,2021,11,8,12,1636372800,kolhapur,23.153486918121807,6.335825307103239,99.53630954707667,15.173001055232238,0.0,0.16605529714176415,0.6655839910050488,6.465409048579311
2021-11-08 18:00:00,2021,11,8,18,1636394400,kolhapur,18.727426809669062,3.974218236091206,99.09222766662204,0.43395492024951954,0.0,0.17299019675011854,0.6369882371201862,4.166823060871065
2021-11-09 00:00:00,2021,11,9,0,1636416000,kolhapur,15.702647442172431,5.975699743797522,98.95484878151855,0.5733284926111635,0.0,0.17106421921051987,0.6455493968429395,3.8391353806628485
2021-11-09 06:00:00,2021,11,9,6,1636437600,kolhapur,21.77703295731576,7.7105960382910395,99.03920291074036,0.9675191878052407,0.0,0.18496534162107986,0.6401718807001505,4.714763038559711
2021-11-09 12:00:00,2021,11,9,12,1636459200,kolhapur,25.613286015442036,3.360596888525206,99.92479492058568,15.205093791563069,0.0,0.16957358537829612,0.6074813000446668,6.393471071496796
2021-11-09 18:00:00,2021,11,9,18,1636480800,kolhapur,20.83692593310119,2.730040902664364,99.68773790706521,0.44982327571795394,0.0,0.18359064915033124,0.6623300256939924,4.294230712203908
2021-11-10 00:00:00,2021,11,10,0,1636502400,kolhapur,15.510495578320677,2.6688804089603155,99.17636671359355,0.8473500281430886,0.0,0.16675403999343777,0.5887006529363763,3.635204953592333
2021-11-10 06:00:00,2021,11,10,6,1636524000,kolhapur,19.952918434354377,2.724193523101589,98.95630335656541,0.30198022695393634,0.0,0.1942138028248172,0.6697988472131923,4.309949786194186
2021-11-10 12:00:00,2021,11,10,12,1636545600,kolhapur,25.84632362150781,4.195430888460607,99.17386173272591,14.53851877642987,0.0,0.17163501649754997,0.6131390713454888,6.315738293532283
2021-11-10 18:00:00,2021,11,10,18,1636567200,kolhapur,16.172764468459544,2.407807363377684,99.21189750003656,0.164821882990228,0.0,0.1692279799988563,0.6630883937845019,3.4891724639315287
2021-11-11 00:00:00,2021,11,11,0,1636588800,kolhapur,14.881433686327535,2.4416318325088637,98.7788913745959,0.2091845927767303,0.0,0.1761023819853431,0.5738720258116222,3.5411147123971607
2021-11-11 06:00:00,2021,11,11,6,1636610400,kolhapur,18.14741360743691,3.767828519225464,99.17591137664328,0.6568733022593589,0.0,0.20202223256235716,0.5924019745607639,4.184968757998785
2021-11-11 12:00:00,2021,11,11,12,1636632000,kolhapur,26.459155018186493,3.9036141869042895,99.54862029332223,14.622795883138947,0.0,0.15720852106727784,0.5572583909723519,6.236929898413021
2021-11-11 18:00:00,2021,11,11,18,1636653600,kolhapur,19.494068201544994,4.004156143335914,98.61209199151376,0.2311318606256046,0.0,0.19010072652306081,0.6366125789217226,4.1959759157558105
2021-11-12 00:00:00,2021,11,12,0,1636675200,kolhapur,14.676959222140823,3.077079145401,99.41283058750547,0.40290961636165257,0.0,0.15039712683499462,0.6087834925031813,3.5221149082404555
2021-11-12 06:00:00,2021,11,12,6,1636696800,kolhapur,17.372929278358374,4.838961490657954,99.57729478898072,0.37318345986368173,0.0,0.16762543402196042,0.661685292490416,3.941748042374058
2021-11-12 12:00:00,2021,11,12,12,1636718400,kolhapur,26.155783423258356,3.523688413623787,98.99668819443598,15.045834925382707,0.0,0.1508533376848835,0.5866674180306886,6.127052811533835
2021-11-12 18:00:00,2021,11,12,18,1636740000,kolhapur,20.571529270149792,2.5467197980776777,99.6731081254216,0.8535658372113811,0.0,0.159322610775195,0.6412994151132905,4.225128029302492
2021-11-13 00:00:00,2021,11,13,0,1636761600,kolhapur,15.383582252943198,4.789432391072785,98.97051367031219,0.38796633338382425,0.0,0.15060959123641388,0.5993517166727487,3.675215981635193
2021-11-13 06:00:00,2021,11,13,6,1636783200,kolhapur,18.328626151179208,6.985450934661924,99.3099395876048,0.9139165788960331,0.0,0.17814486348865485,0.5941405878858618,4.258724692507842
2021-11-13 12:00:00,2021,11,13,12,1636804800,kolhapur,23.387700662025246,2.4897455185307984,99.0855829836476,14.348738527196346,0.0,0.15423562968159482,0.5882727694945,5.7270821408250105
2021-11-13 18:00:00,2021,11,13,18,1636826400,kolhapur,19.8835596111013,3.141645598435601,99.0855158818979,0.6679015127348611,0.0,0.1747846527546815,0.5715998459552071,4.118594176125782
2021-11-14 00:00:00,2021,11,14,0,1636848000,kolhapur,13.425947973060598,3.4172627557375477,99.00498366731556,0.9666499966821125,0.0,0.1510713924325153,0.6038758669694403,3.382145321729047
2021-11-14 06:00:00,2021,11,14,6,1636869600,kolhapur,20.120035032448683,2.652097160294762,99.39974603250157,0.39027886398855227,0.0,0.16149720480075233,0.5989901815006179,3.962922677500928
2021-11-14 12:00:00,2021,11,14,12,1636891200,kolhapur,21.226326684282594,5.4486602065642,99.4448150255624,14.634799993230198,0.0,0.19075994145444433,0.5454679463322566,5.769140101376026
2021-11-14 18:00:00,2021,11,14,18,1636912800,kolhapur,18.736378753822788,2.915960145218691,99.17084672836981,0.29592381106263493,0.0,0.14669814649862914,0.5173120493558842,3.545525303068018
2021-11-15 00:00:00,2021,11,15,0,1636934400,kolhapur,17.08429660834846,4.72436098773207,98.79453701006747,0.26631231559797464,0.0,0.14450142623699466,0.5788807958525469,3.965196957940998
2021-11-15 06:00:00,2021,11,15,6,1636956000,kolhapur,20.04839515220237,4.100036201187846,99.32347852415947,0.5741566664315519,0.0,0.1541078220681592,0.6231305513444005,4.128433278421185
2021-11-15 12:00:00,2021,11,15,12,1636977600,kolhapur,24.63935690700521,3.799640841221964,99.32913178199237,14.884190164692818,0.0,0.15868036263210425,0.5949328268169939,6.103065116590816
2021-11-15 18:00:00,2021,11,15,18,1636999200,kolhapur,22.367006213715758,2.752570110125392,99.13751297075324,0.45313384872017165,0.0,0.1714480752052605,0.5491892041141764,4.2519246764488825
2021-11-16 00:00:00,2021,11,16,0,1637020800,kolhapur,10.808665736448756,2.8248580830083307,99.7748427721972,0.9376369703165807,0.0,0.1573130328125267,0.5306069744625495,2.689515996138303
2021-11-16 06:00:00,2021,11,16,6,1637042400,kolhapur,18.08962949246875,2.5235715537076318,98.74549460657276,0.9143635202447616,0.0,0.16135727675431635,0.6184662423127427,3.8508459036560243
2021-11-16 12:00:00,2021,11,16,12,1637064000,kolhapur,23.710836407029824,2.8638745488494606,98.5494882729669,14.109912176472475,0.0,0.13336678496343415,0.5342310860246189,5.527338928823934
2021-11-16 18:00:00,2021,11,16,18,1637085600,kolhapur,20.600123014158996,3.0865088181434417,98.99542291613366,0.4018194070843291,0.0,0.16248470552240687,0.6066025612588002,3.8883671102612367
2021-11-17 00:00:00,2021,11,17,0,1637107200,kolhapur,15.551492086017847,5.1553687416382665,99.439734884996,0.6433024784941831,0.0,0.1604387836816718,0.5963759837757235,3.4824818507694353
2021-11-17 06:00:00,2021,11,17,6,1637128800,kolhapur,17.93899747770155,3.153909645990701,98.90985413353842,0.5180458844113917,0.0,0.16730477033853863,0.6283445557505669,3.8621982076438393
2021-11-17 12:00:00,2021,11,17,12,1637150400,kolhapur,25.734939024389316,4.576852621621203,98.93231624921074,13.904560003774304,4.760679470449662,0.19491252230044806,0.5604302473723409,6.240936590733627
2021-11-17 18:00:00,2021,11,17,18,1637172000,kolhapur,18.63303539019293,3.337655446065113,99.51191392562201,0.99369803012716,0.0,0.15373808311882253,0.6074838849421185,3.8883995363002457
2021-11-18 00:00:00,2021,11,18,0,1637193600,kolhapur,15.982882080475136,4.793091975755791,99.37709073084243,0.75265400121128,0.0,0.16541818478120907,0.6167153059943703,3.9319008268008315
2021-11-18 06:00:00,2021,11,18,6,1637215200,kolhapur,17.616458594818297,8.099958553389948,99.35144462689162,0.43769403822471176,0.0,0.13011821011759397,0.53460536425976,3.7345484523303325
2021-11-18 12:00:00,2021,11,18,12,1637236800,kolhapur,23.980455243402144,2.89967715853541,99.47275502984276,14.380463935202135,0.0,0.11539145149883685,0.5787110085942121,5.8723447928288985
2021-11-18 18:00:00,2021,11,18,18,1637258400,kolhapur,18.430171668936545,5.462804739492935,99.11076846802123,0.0875728172662318,0.0,0.12911207047921675,0.5735075504393865,3.632860347726018
2021-11-19 00:00:00,2021,11,19,0,1637280000,kolhapur,15.67890853294928,3.966141789848856,99.13613117898711,0.49530165368961,0.0,0.13592255387084617,0.5381536093650289,3.120229492563844
2021-11-19 06:00:00,2021,11,19,6,1637301600,kolhapur,18.310691150751452,5.057365683380082,99.492760182973,0.9308324158174878,0.0,0.17015707219663334,0.5779962791724478,3.7179897356545353
2021-11-19 12:00:00,2021,11,19,12,1637323200,kolhapur,24.031190182083076,4.089093428549086,98.84636036697022,14.61384597854996,0.0,0.18929399168987043,0.534997244363481,5.90061692163564
2021-11-19 18:00:00,2021,11,19,18,1637344800,kolhapur,19.855080072095284,3.334888014355382,98.607010447285,0.3373808454831473,0.0,0.1305200915329192,0.5815318655493662,3.6395241839504533
2021-11-20 00:00:00,2021,11,20,0,1637366400,kolhapur,14.844237174864606,2.915357366674915,99.13111900657242,0.5313678638213388,0.0,0.14444338614516253,0.6305623922187019,3.4626753639643004
2021-11-20 06:00:00,2021,11,20,6,1637388000,kolhapur,20.356778361535184,2.6359685138260573,99.54036624538048,0.6973835240876468,0.0,0.13559007781247837,0.5592226054052188,3.955247658440647
2021-11-20 12:00:00,2021,11,20,12,1637409600,kolhapur,24.34303661559243,3.677305544675808,99.33777216835682,14.013472995091876,0.0,0.15575113594868079,0.5625028708464319,5.617022111297457
2021-11-20 18:00:00,2021,11,20,18,1637431200,kolhapur,18.39897607740568,9.484540422234073,99.51829170989768,0.06487921809394016,0.0,0.15172514734556752,0.6078448589136857,4.3066637124577385
2021-11-21 00:00:00,2021,11,21,0,1637452800,kolhapur,13.435354250173589,4.556207072277526,98.66726829137221,0.5054416567178047,5.621245847704863,0.18222744375767488,0.5983530598915026,3.467217198949611
2021-11-21 06:00:00,2021,11,21,6,1637474400,kolhapur,18.998410841023134,3.14163682215634,99.36680562699621,0.6016357358233364,0.0,0.13112378746953243,0.5420390613623869,3.4421422976721483
2021-11-21 12:00:00,2021,11,21,12,1637496000,kolhapur,24.33429108232329,5.180323850581319,99.46831593589187,13.636806082066105,0.0,0.14068625401943344,0.5812148891537363,5.8372028968947
2021-11-21 18:00:00,2021,11,21,18,1637517600,kolhapur,18.73914489643906,4.744754009994738,98.86691735771595,0.0955753735385323,0.0,0.1681517246853046,0.47198953360341556,3.8252717171830666
2021-11-22 00:00:00,2021,11,22,0,1637539200,kolhapur,13.924346550412379,3.0630977577571845,99.54159738084103,0.20729064359415228,0.0,0.12789219474771799,0.5256012886869926,3.010705525266246
2021-11-22 06:00:00,2021,11,22,6,1637560800,kolhapur,16.6196606281059,2.5885461205262654,99.24952443472533,0.34805228699093416,0.0,0.10994082397719951,0.5878212774425323,3.3199373231148503
2021-11-22 12:00:00,2021,11,22,12,1637582400,kolhapur,24.896574345646076,2.755551333452834,100.20438111415886,14.130811098051312,0.0,0.1670284609972159,0.5404180908253811,5.764237138535266
2021-11-22 18:00:00,2021,11,22,18,1637604000,kolhapur,19.167209852298203,5.714024946332154,98.62980928300804,0.29384291875966695,0.0,0.15091387203779544,0.5497148820042752,4.004786551194495
2021-11-23 00:00:00,2021,11,23,0,1637625600,kolhapur,15.336091294432363,5.3042765448516,99.70430591925458,0.27618381440650375,0.0,0.11513429391252587,0.5230906806561922,3.2265811397984554
2021-11-23 06:00:00,2021,11,23,6,1637647200,kolhapur,18.83352643523136,3.1120656577293033,99.17532417999433,0.8693493438130818,0.0,0.14451888490238915,0.5182785066477671,3.7073125980782615
2021-11-23 12:00:00,2021,11,23,12,1637668800,kolhapur,21.22568930633805,3.090903840511078,98.80842609462013,13.694912758628043,0.0,0.15462537537418053,0.47593489310722253,5.322416840857976
2021-11-23 18:00:00,2021,11,23,18,1637690400,kolhapur,18.295616390160717,4.948861387992941,99.13548506588265,0.4954601331723619,0.0,0.14026693852168534,0.5399257795484464,3.6649302332246445
2021-11-24 00:00:00,2021,11,24,0,1637712000,kolhapur,13.4732586967249,6.772503185167251,99.38717173423407,0.952824716936136,0.0,0.16307102473586138,0.5598245521644138,3.5078706278788263
2021-11-24 06:00:00,2021,11,24,6,1637733600,kolhapur,19.887508539552922,4.873230732396138,99.61516796270234,0.6250132491160458,0.0,0.1469260504714982,0.5532617509232157,4.175869645491873
2021-11-24 12:00:00,2021,11,24,12,1637755200,kolhapur,20.66774326463243,4.003413359646032,99.82051724827248,14.22848851222327,0.0,0.14192939724887635,0.5208957596043504,5.849774719843719
2021-11-24 18:00:00,2021,11,24,18,1637776800,kolhapur,18.834922856825926,3.0248469279268395,99.73049588844412,0.4312369913906088,0.0,0.13989716896261317,0.5029864897181787,3.3943202597928033
2021-11-25 00:00:00,2021,11,25,0,1637798400,kolhapur,14.48567578293623,3.7478239975996486,99.02443148729688,0.019932167119719568,0.0,0.13596903621548326,0.5296178535079301,3.055845369206776
2021-11-25 06:00:00,2021,11,25,6,1637820000,kolhapur,17.722931131323993,3.027703667644658,99.65309550118806,0.6461303683672054,0.0,0.15081250911132826,0.5009651027957217,3.5085349113945914
2021-11-25 12:00:00,2021,11,25,12,1637841600,kolhapur,23.827104973971544,5.104278672410354,99.43143158064449,14.105958331971138,7.41365013640515,0.2043960084025203,0.5178070340526436,5.625247612582611
2021-11-25 18:00:00,2021,11,25,18,1637863200,kolhapur,17.774608195521505,3.3627898696897796,99.11766518722953,0.11042763646333474,0.0,0.15224181428954542,0.5447073257018964,3.581339916005039
2021-11-26 00:00:00,2021,11,26,0,1637884800,kolhapur,12.564971591694269,5.340865102669467,99.26034982771431,0.4621597136246315,0.0,0.13692652589292548,0.5096103260842755,3.450509999434252
2021-11-26 06:00:00,2021,11,26,6,1637906400,kolhapur,18.04670121632788,3.3708993975658146,99.11097020792413,0.9153289446656504,0.0,0.13279902131687468,0.5743449629296217,3.5993437427892894
2021-11-26 12:00:00,2021,11,26,12,1637928000,kolhapur,22.59329300282434,5.257128172021885,99.33505070833849,13.643211042118338,15.363208299455955,0.27815909822385215,0.5043810272991726,6.243164059035268
2021-11-26 18:00:00,2021,11,26,18,1637949600,kolhapur,19.684758459429354,3.2581101122537297,99.10502564106932,0.461098754634112,0.0,0.12471401741378788,0.5176120932757236,3.8063060465396688
2021-11-27 00:00:00,2021,11,27,0,1637971200,kolhapur,12.503246407202186,3.5414302740489534,99.02515754987334,0.4611031852005204,0.0,0.13451051082332235,0.556113766724212,3.0317520715395245
2021-11-27 06:00:00,2021,11,27,6,1637992800,kolhapur,17.251309211883363,4.105019087866497,99.4772915101734,0.8107614681476384,0.0,0.14839218900661014,0.5513345693248182,3.6812950606542376
2021-11-27 12:00:00,2021,11,27,12,1638014400,kolhapur,26.257567222714552,2.780667034844682,99.52217493631646,14.228146021736393,10.26452134263512,0.2408633178198791,0.5461204382593802,6.328882139662938
2021-11-27 18:00:00,2021,11,27,18,1638036000,kolhapur,20.046784240191307,7.112099231489782,99.2772766718111,0.7592694196633936,8.126772320897228,0.19510840354327216,0.511480391775253,4.218927289379842
2021-11-28 00:00:00,2021,11,28,0,1638057600,kolhapur,10.761938510707363,3.971578706589506,99.75323692853559,0.36545415918827373,0.0,0.09360040074038034,0.5429584843497974,2.955453746435561
2021-11-28 06:00:00,2021,11,28,6,1638079200,kolhapur,17.407056116917364,3.7563584510743384,99.26481236140626,0.0720369250185201,0.0,0.1403741117387713,0.5491965712038047,3.6918896874028397
2021-11-28 12:00:00,2021,11,28,12,1638100800,kolhapur,23.91790300928023,5.4361936503637995,99.25210917381713,13.719859091254765,0.0,0.17923831356849546,0.5386853671776024,5.777973074580904
2021-11-28 18:00:00,2021,11,28,18,1638122400,kolhapur,19.039841152543403,5.705211801310283,99.5410882320585,0.6797912012713413,0.0,0.12006172401109813,0.5244637414087704,3.7075324917315187
2021-11-29 00:00:00,2021,11,29,0,1638144000,kolhapur,11.269209931031208,3.8229108003810834,99.3123498456183,0.7027465744890764,0.0,0.11376274538509361,0.5375082647261613,3.1981956144371257
2021-11-29 06:00:00,2021,11,29,6,1638165600,kolhapur,20.24279746887003,6.646220309953965,99.37751683980915,0.965000209476719,0.0,0.13944553630891157,0.5179222006652826,4.158696846189666
2021-11-29 12:00:00,2021,11,29,12,1638187200,kolhapur,24.742785858408986,2.8152690763419117,98.59594597991558,13.79219516557114,0.0,0.10581735019949406,0.5323132925641284,5.563065923942273
2021-11-29 18:00:00,2021,11,29,18,1638208800,kolhapur,19.227801677697055,2.89512391839335,99.3570897365227,0.632435582940292,0.0,0.15295897923771562,0.5224338666789917,3.5970498695482833
2021-11-30 00:00:00,2021,11,30,0,1638230400,kolhapur,15.493003588944818,4.099433641049743,98.8128022346476,0.5391908707225317,0.0,0.12874527041163425,0.469585165160267,3.3533437814076628
2021-11-30 06:00:00,2021,11,30,6,1638252000,kolhapur,19.136345841733014,3.3925801846787866,98.99467584458932,0.15061856011323738,0.0,0.11996682849174091,0.4973940579358348,3.5223962013701975
2021-11-30 12:00:00,2021,11,30,12,1638273600,kolhapur,24.130782171754408,3.6730555227410377,98.96036425426234,13.769315513427816,0.0,0.10501676194059244,0.5773196508290063,5.7069948349336315
2021-11-30 18:00:00,2021,11,30,18,1638295200,kolhapur,20.79442976061,3.333415827996901,99.04818606982884,0.5448351546889959,0.0,0.1381404464774272,0.4567836874150113,3.7064922551987016
2021-12-01 00:00:00,2021,12,1,0,1638316800,kolhapur,15.064936730994187,3.537435152558452,99.20493323145693,0.9507496060422586,0.0,0.10908791662117522,0.5561344435453909,3.1802374080795306
2021-12-01 06:00:00,2021,12,1,6,1638338400,kolhapur,17.150846171535328,5.35375092642706,99.22364160468297,0.36653905440895607,0.0,0.13215615636176686,0.5283332200389743,3.660267275146229
2021-12-01 12:00:00,2021,12,1,12,1638360000,kolhapur,24.3629001279105,4.109505878906475,99.56887195062376,14.259161558936981,0.0,0.12595364958267635,0.5105940423186686,5.669085412145733
2021-12-01 18:00:00,2021,12,1,18,1638381600,kolhapur,17.416705562464752,11.656047990712754,99.43630573358702,0.5423000740240861,0.0,0.14380034506918563,0.4591549613790114,3.935528312410073
2021-12-02 00:00:00,2021,12,2,0,1638403200,kolhapur,14.126783853381852,5.100743431314791,98.8076377560555,0.24246924330305752,0.0,0.11863370308619649,0.5041470878924769,3.1522489481099387
2021-12-02 06:00:00,2021,12,2,6,1638424800,kolhapur,19.085472287486155,3.2615177368694974,99.40294847596493,0.1916643870158078,0.0,0.1777811101257686,0.4817918802935593,3.7160299352117887
2021-12-02 12:00:00,2021,12,2,12,1638446400,kolhapur,21.295351058272455,3.2423905100973127,99.47343665867592,13.393105703303075,0.0,0.12655358004741094,0.5398509301727052,5.397363482317207
2021-12-02 18:00:00,2021,12,2,18,1638468000,kolhapur,18.187783609989882,3.395879140204849,99.279390129825,0.4529328705734546,0.0,0.11837954967264494,0.4841806049083686,3.2812465192800873
2021-12-03 00:00:00,2021,12,3,0,1638489600,kolhapur,13.728142999472231,5.584419969494947,99.36780482846213,0.02192642978892323,0.0,0.10516577152672049,0.49047528805222607,2.8916946612870453
2021-12-03 06:00:00,2021,12,3,6,1638511200,kolhapur,17.675822177610392,2.8461749035034694,99.44316365915324,0.44504528331486537,0.0,0.13048008363319924,0.5061355260044933,3.518039626544803
2021-12-03 12:00:00,2021,12,3,12,1638532800,kolhapur,23.802322377687766,3.1970749220815957,99.6154505008248,14.213570917879672,0.0,0.10561451103280167,0.4794142696702735,5.262131771811658
2021-12-03 18:00:00,2021,12,3,18,1638554400,kolhapur,19.53910412960323,6.3342046276413875,98.91360662529532,0.6701067957222683,4.902947604553993,0.14649207675122214,0.5275078285501708,3.8145787767341384
2021-12-04 00:00:00,2021,12,4,0,1638576000,kolhapur,13.246346015140675,4.359701404424449,99.32062348492737,0.7597861212004047,0.0,0.1010764818577133,0.4843978819376477,2.929222648517603
2021-12-04 06:00:00,2021,12,4,6,1638597600,kolhapur,18.629134826549198,3.2135736524287175,99.84641942593657,0.11900539071826255,0.0,0.10660709738066187,0.4368494215560544,3.2389096157077018
2021-12-04 12:00:00,2021,12,4,12,1638619200,kolhapur,25.367371729320773,3.1987046350505426,99.81891698900864,13.673437413191367,0.0,0.15544585654642776,0.4977975855112029,5.7977769972717095
2021-12-04 18:00:00,2021,12,4,18,1638640800,kolhapur,19.00203048632465,5.805141966659946,99.64919967485199,0.2862231010257155,0.0,0.11629963693526071,0.5174958098999568,3.3702151085563368
2021-12-05 00:00:00,2021,12,5,0,1638662400,kolhapur,13.557734170319197,6.2138833208915845,99.5625490893186,0.8940975279890293,0.0,0.09474529080220546,0.5308975234373773,3.1000579852587125
2021-12-05 06:00:00,2021,12,5,6,1638684000,kolhapur,16.819378666345443,3.29467229697942,99.89789210865251,0.18129247201391252,0.0,0.12974127138272837,0.5043366658404462,3.1960144554851664
2021-12-05 12:00:00,2021,12,5,12,1638705600,kolhapur,24.26303675289076,3.669247846959568,99.97685608461389,13.635662448680524,0.0,0.1117355844087905,0.5223506431901388,5.479399014587851
2021-12-05 18:00:00,2021,12,5,18,1638727200,kolhapur,18.751722659895393,5.549880710205837,99.36277768771784,0.5880477183456394,0.0,0.13386066734836283,0.502477758234567,3.3409994207530764
2021-12-06 00:00:00,2021,12,6,0,1638748800,kolhapur,15.148663577519624,5.085308234533647,99.117987904353,0.5140410915785326,0.0,0.1437282331351744,0.45341528445477175,3.4063645605496187
2021-12-06 06:00:00,2021,12,6,6,1638770400,kolhapur,18.29337224192248,5.396546096565922,99.32772994205214,0.8302435279704073,0.0,0.08,0.4587607589577316,3.3088878068195187
2021-12-06 12:00:00,2021,12,6,12,1638792000,kolhapur,20.498654676766517,3.9701660385691477,100.33782629147112,13.38640404269761,0.0,0.08,0.4132348588685312,4.777712668567844
2021-12-06 18:00:00,2021,12,6,18,1638813600,kolhapur,15.672873123725118,6.512170244193689,98.93801073452194,0.37739111042369283,0.0,0.1453224559066259,0.47569214707365576,3.508491485339799
2021-12-07 00:00:00,2021,12,7,0,1638835200,kolhapur,14.295436740580655,3.4894479323080607,99.27470254640846,0.7920842965739525,0.0,0.08928749535447687,0.4961844024908288,3.088398455960085
2021-12-07 06:00:00,2021,12,7,6,1638856800,kolhapur,17.336625198393826,3.153367220239631,98.9920569425195,0.5280714117368048,0.0,0.08,0.429265287384233,3.0771411186586195
2021-12-07 12:00:00,2021,12,7,12,1638878400,kolhapur,23.8470672216068,4.7480369390218184,99.4532934471305,13.536525699481647,0.0,0.09253668509704574,0.5154190219905975,5.425899459063733
2021-12-07 18:00:00,2021,12,7,18,1638900000,kolhapur,18.36326456169459,4.060457511104101,99.05505697959883,0.029442514744833115,0.0,0.08368172665602738,0.4735160307632978,3.209840618475516
2021-12-08 00:00:00,2021,12,8,0,1638921600,kolhapur,12.9128309652952,5.813758154435446,99.39001424199041,0.7533854240156094,0.0,0.08513838126302527,0.44407289590468957,2.991502742284888
2021-12-08 06:00:00,2021,12,8,6,1638943200,kolhapur,18.018548538453746,3.0484685759399923,98.83761100083487,0.9721820779667603,0.0,0.1177035965374569,0.42347626809857974,3.319881475172097
2021-12-08 12:00:00,2021,12,8,12,1638964800,kolhapur,21.86500620926824,5.705399051072853,99.60792574836589,13.735594545602602,0.0,0.09340078694844456,0.5207959287157918,5.617576139244955
2021-12-08 18:00:00,2021,12,8,18,1638986400,kolhapur,18.139423933486576,3.4422170888199366,99.78934312578089,0.8565412206887961,0.0,0.08,0.5064272205912576,3.333138437622228
2021-12-09 00:00:00,2021,12,9,0,1639008000,kolhapur,12.259847434968545,4.5411020757685066,99.31395832478414,0.5168757431949261,0.0,0.09880895512513492,0.45319073591650033,2.8956850616947754
2021-12-09 06:00:00,2021,12,9,6,1639029600,kolhapur,17.578202803971585,3.0068474238785865,99.38860240928047,0.23168096542336458,0.0,0.08113511923011807,0.4931632396365161,3.1234006187435597
2021-12-09 12:00:00,2021,12,9,12,1639051200,kolhapur,22.6511140170964,4.356216460462593,99.38011924218378,13.112096302426986,0.0,0.09317119908952058,0.4590062648477969,5.1721084819297225
2021-12-09 18:00:00,2021,12,9,18,1639072800,kolhapur,17.796547679312063,4.840316498057947,99.48341461397068,0.6533982675899908,0.0,0.09431606196839208,0.44715999194384354,3.2956822582264027
2021-12-10 00:00:00,2021,12,10,0,1639094400,kolhapur,14.495674985049988,3.6595662740407047,99.42391707322322,0.49310884824824464,0.0,0.11265258607343934,0.43999010761663987,2.885806289536106
2021-12-10 06:00:00,2021,12,10,6,1639116000,kolhapur,17.917728556482317,3.3333781510287217,99.66580303504236,0.7820981470876015,0.0,0.08563518205779434,0.4526232087306959,3.071072523362169
2021-12-10 12:00:00,2021,12,10,12,1639137600,kolhapur,24.647968305174505,4.126572775676042,99.80527968934842,13.776135948567257,0.0,0.10969860819144636,0.44763080767800145,5.4853480374197705
2021-12-10 18:00:00,2021,12,10,18,1639159200,kolhapur,20.41919722727908,5.65584280867698,99.1911465825655,0.9879523682065663,0.0,0.08,0.46143145446519507,3.576622102017018
2021-12-11 00:00:00,2021,12,11,0,1639180800,kolhapur,14.372996254725502,3.5800549086511015,99.34851876968055,0.5103125834120398,0.0,0.11131909859419858,0.5020998699175802,3.310742547923857
2021-12-11 06:00:00,2021,12,11,6,1639202400,kolhapur,18.892282080744042,3.430185502124824,99.71180315219027,0.42717478967300937,0.0,0.11932241173404805,0.5221995937444488,3.5176228045908378
2021-12-11 12:00:00,2021,12,11,12,1639224000,kolhapur,23.580827592366557,3.484255282446666,99.01481660309513,13.35345002498101,0.0,0.08873910272075515,0.4177725926648929,4.913314503855558
2021-12-11 18:00:00,2021,12,11,18,1639245600,kolhapur,19.388617341716383,7.461502015070938,98.85010093295917,0.47686129179127607,1.0662895613725056,0.08763489616815004,0.467633325740334,3.5027395785445243
2021-12-12 00:00:00,2021,12,12,0,1639267200,kolhapur,13.205128595946723,3.685832389375206,99.51488253894561,0.8728714781229221,0.0,0.08,0.4543696388372741,2.9167963393066314
2021-12-12 06:00:00,2021,12,12,6,1639288800,kolhapur,19.54794225698816,3.0235116336767485,99.59589167639722,0.04243972579174127,0.0,0.09045171776041781,0.46399476103330345,2.9236699035693556
2021-12-12 12:00:00,2021,12,12,12,1639310400,kolhapur,23.99224619598689,5.3007939108235504,99.23029769669,14.031329027434358,0.0,0.11528289688393761,0.4345753236377745,5.414822825000441
2021-12-12 18:00:00,2021,12,12,18,1639332000,kolhapur,17.531326796881782,4.82043306625882,99.27339243683994,0.9933071943077996,0.0,0.08244589525524043,0.46440396592523164,3.3534755845960937
2021-12-13 00:00:00,2021,12,13,0,1639353600,kolhapur,14.397721526014895,3.249044783664307,99.22431987920812,0.5978213785879017,0.0,0.11082545110527,0.4008924546810172,2.8667568729724784
2021-12-13 06:00:00,2021,12,13,6,1639375200,kolhapur,18.191165214827038,9.332631124652542,99.19230000392706,0.3315442036954014,0.0,0.08,0.5437502087418573,3.587334782729584
2021-12-13 12:00:00,2021,12,13,12,1639396800,kolhapur,22.89474719444221,4.447596677366567,99.66042632191177,13.264662368825574,0.0,0.08156574784868859,0.45100119753864454,4.919081643543782
2021-12-13 18:00:00,2021,12,13,18,1639418400,kolhapur,17.339646465262206,4.084679231392379,99.0982280296311,0.2764903956848804,0.0,0.08772468548864054,0.46418380839098866,3.1341551364341727
2021-12-14 00:00:00,2021,12,14,0,1639440000,kolhapur,13.28818578300628,3.789708880369608,99.37782832992504,0.05010542650497185,0.0,0.09057784648952588,0.40291007882883934,2.4444945087331096
2021-12-14 06:00:00,2021,12,14,6,1639461600,kolhapur,19.533851434313895,6.501376284451727,99.18588433810058,0.4751109584833588,0.0,0.08,0.41560331806751544,3.404762597784382
2021-12-14 12:00:00,2021,12,14,12,1639483200,kolhapur,24.372567519583978,3.4867747491301144,99.02089849558467,13.088591368683517,0.0,0.11118281513029389,0.3924002966736608,5.129694717543729
2021-12-14 18:00:00,2021,12,14,18,1639504800,kolhapur,18.569248207382856,3.572099400457556,99.71853864077907,0.7184742147759268,0.0,0.1114968249393715,0.48014632183571726,3.6209616887665144
2021-12-15 00:00:00,2021,12,15,0,1639526400,kolhapur,13.926194247054193,3.287927789707791,99.30636151080209,0.37192945553285406,0.0,0.0804257734794774,0.3973160445252447,2.3451179595164113
2021-12-15 06:00:00,2021,12,15,6,1639548000,kolhapur,19.934273973250477,5.227241723974505,99.51884110158038,0.19936473174716318,0.0,0.08,0.42494165093061315,3.21138662346609
2021-12-15 12:00:00,2021,12,15,12,1639569600,kolhapur,22.80177934921035,4.449900834190694,99.00988631351385,13.567246695763663,0.0,0.08,0.4262737594983628,5.170397669838402
2021-12-15 18:00:00,2021,12,15,18,1639591200,kolhapur,16.35359878067133,4.500888209920607,99.2397272413272,0.9737593072430153,0.0,0.10461001479341696,0.4448030679228971,3.352030501237171
2021-12-16 00:00:00,2021,12,16,0,1639612800,kolhapur,14.96835749134472,3.486723497799022,99.69367417781379,0.6951310490184183,0.0,0.08,0.3859597100730623,2.8562006509993045
2021-12-16 06:00:00,2021,12,16,6,1639634400,kolhapur,17.221995335030783,4.696719002652383,100.24302925035887,0.4917468501041602,0.0,0.08,0.4505207085853236,2.97494530216596
2021-12-16 12:00:00,2021,12,16,12,1639656000,kolhapur,21.981155528061006,5.2921538216535104,98.87398299428818,13.791908449629432,0.0,0.08,0.46208175378836025,5.081153194920407
2021-12-16 18:00:00,2021,12,16,18,1639677600,kolhapur,15.322366080075035,3.7814601006417186,99.40651547501845,0.7374764718989902,0.0,0.09495351091183829,0.4049308356887675,2.560136606343149
2021-12-17 00:00:00,2021,12,17,0,1639699200,kolhapur,13.865886855066176,5.566285480371706,99.594784231326,0.8917354610577937,0.0,0.08,0.41773776867373824,2.8657519174794266
2021-12-17 06:00:00,2021,12,17,6,1639720800,kolhapur,15.5767833384914,3.7853768688384877,99.28627000591118,0.2046689475939475,0.0,0.08,0.4376318694881562,3.048543654314154
2021-12-17 12:00:00,2021,12,17,12,1639742400,kolhapur,21.883574063782127,5.271075658339532,99.72595664798119,13.86794990389944,0.0,0.0813692464679154,0.42650269557886783,5.071181302007757
2021-12-17 18:00:00,2021,12,17,18,1639764000,kolhapur,18.89131746709232,3.1934589888808893,99.21108025068486,0.3010260870417005,0.0,0.08,0.3888439269614536,3.085714497927302
2021-12-18 00:00:00,2021,12,18,0,1639785600,kolhapur,14.086511633113698,4.368766311737067,99.52121883032218,0.9409989278250971,0.0,0.08070454611818069,0.43395622275510026,2.9484948540829943
2021-12-18 06:00:00,2021,12,18,6,1639807200,kolhapur,17.02607353217379,8.403467453627941,99.31844296090769,0.2810651489467352,0.0,0.08,0.45829913274673506,3.2342064430244357
2021-12-18 12:00:00,2021,12,18,12,1639828800,kolhapur,22.802399764012534,9.131528137113925,99.84089385714363,13.931477967651526,0.0,0.08,0.45820485523310855,5.053280091183665
2021-12-18 18:00:00,2021,12,18,18,1639850400,kolhapur,16.69473796489191,3.6635294868204644,99.2721551813465,0.9637907144640816,0.0,0.0809636069369761,0.430176553004815,3.234841147823342
2021-12-19 00:00:00,2021,12,19,0,1639872000,kolhapur,12.178071549045324,4.065823247697687,99.37317794108095,0.14549135745701425,0.0,0.08272974808748366,0.4299616417731178,2.6656189805652586
2021-12-19 06:00:00,2021,12,19,6,1639893600,kolhapur,18.39998962099146,3.2899158796462586,99.76244679121606,0.974499883262783,0.0,0.08,0.3953068120950001,2.8740921366305074
2021-12-19 12:00:00,2021,12,19,12,1639915200,kolhapur,22.248196712567413,6.29173215772413,99.17032848223906,13.087389725876726,5.828032335869041,0.143180281171353,0.37946531705351827,5.241945214834365
2021-12-19 18:00:00,2021,12,19,18,1639936800,kolhapur,17.634344170498593,4.453325745898098,99.49936509699599,0.21856778661252355,0.0,0.08,0.4049212275273441,3.021954299106594
2021-12-20 00:00:00,2021,12,20,0,1639958400,kolhapur,10.80301405968413,3.947105030491903,98.93536530276202,0.44416878087280454,0.0,0.08719368362886645,0.4689628033603329,2.832741624543209
2021-12-20 06:00:00,2021,12,20,6,1639980000,kolhapur,19.699508329319684,3.3971374233539122,99.15574556827929,0.9935973657117101,0.0,0.08,0.3850998134351979,3.21861061707312
2021-12-20 12:00:00,2021,12,20,12,1640001600,kolhapur,23.76517397186708,7.617283141275343,99.59676498863524,13.488748255584051,0.0,0.08,0.4140621134349807,5.327232233283408
2021-12-20 18:00:00,2021,12,20,18,1640023200,kolhapur,19.189432139866284,4.350893063401602,99.18491635300714,0.5504094431784874,0.0,0.08,0.41236259632799077,3.1995541767150004
2021-12-21 00:00:00,2021,12,21,0,1640044800,kolhapur,14.937489971086165,3.7419286729016603,99.32184822720892,0.6944249495236485,0.0,0.08,0.3838322645307769,2.629548951970973
2021-12-21 06:00:00,2021,12,21,6,1640066400,kolhapur,16.764032670842298,3.889731194189808,99.63314602737044,0.9682935582729514,0.0,0.110829615847613,0.4395706344183634,3.2949612289490195
2021-12-21 12:00:00,2021,12,21,12,1640088000,kolhapur,22.464260259618836,3.716559649041286,99.31146426441198,13.783536604542917,9.17205008153779,0.14604474602463763,0.4427261745226269,5.324174873478727
2021-12-21 18:00:00,2021,12,21,18,1640109600,kolhapur,15.159600432787556,4.624298564697307,99.73207272872096,0.22415400442370018,0.0,0.08,0.47507357903331704,2.8356474376869847
2021-12-22 00:00:00,2021,12,22,0,1640131200,kolhapur,17.71663427523589,7.256646508413219,99.55272150190952,0.3029909306643547,0.0,0.08,0.36512848276996457,2.950487332852659
2021-12-22 06:00:00,2021,12,22,6,1640152800,kolhapur,17.78162193710647,6.182694322635304,99.61872759924104,0.0976282396085244,0.0,0.08,0.4012935693805336,2.896190231917635
2021-12-22 12:00:00,2021,12,22,12,1640174400,kolhapur,24.564091759954902,4.193874338721594,99.86031234528525,13.646119121612184,0.0,0.10451813533965316,0.39173741835489667,5.368723729642467
2021-12-22 18:00:00,2021,12,22,18,1640196000,kolhapur,16.148758193579344,5.895897775158774,99.58396958444791,0.18074030653922316,0.0,0.08,0.3684882448032648,3.1464229068996126
2021-12-23 00:00:00,2021,12,23,0,1640217600,kolhapur,14.50709926922,4.119225600365281,99.95218663927304,0.2574048884793657,0.0,0.1097690453041725,0.3631022439079081,2.9175238538938992
2021-12-23 06:00:00,2021,12,23,6,1640239200,kolhapur,20.798902945729985,3.7302263438115615,99.76391113704358,0.8881136551803771,0.0,0.08,0.38809262957994856,3.3036633061076848
2021-12-23 12:00:00,2021,12,23,12,1640260800,kolhapur,22.922095507213513,9.442977176802323,99.3334967231819,13.331385099820865,0.0,0.08529132365265693,0.369080054656502,5.1597300996057
2021-12-23 18:00:00,2021,12,23,18,1640282400,kolhapur,16.496194385871082,3.8374479789633043,99.87847687463861,0.5666467183541686,0.0,0.08,0.3536981883544522,2.7401707677041602
2021-12-24 00:00:00,2021,12,24,0,1640304000,kolhapur,12.81320561371645,3.906419448347915,99.57190852872861,0.39756600878917703,0.0,0.08023954184438278,0.38079277559998737,2.393081054816487
2021-12-24 06:00:00,2021,12,24,6,1640325600,kolhapur,14.681257927698915,10.182066695852253,99.37434480985958,0.07403128740591358,0.0,0.08,0.34389701393355004,3.1642485822298125
2021-12-24 12:00:00,2021,12,24,12,1640347200,kolhapur,22.96457016360199,3.535367904332794,99.576264431054,13.371936157537412,0.0,0.08,0.36309460038314195,4.691199351768524
2021-12-24 18:00:00,2021,12,24,18,1640368800,kolhapur,19.252850924104248,5.463703609490201,99.82644676977482,0.40806820303593244,0.0,0.11579658016827454,0.38793810096456355,3.1679925097200945
2021-12-25 00:00:00,2021,12,25,0,1640390400,kolhapur,12.979011564262295,7.464273681273197,99.63118434818419,0.8957011019115182,0.0,0.10010164333025548,0.3670218090905281,2.807654616091494
2021-12-25 06:00:00,2021,12,25,6,1640412000,kolhapur,17.606438698789116,4.420877255297442,100.04138866967693,0.3244506536463395,8.437878268008836,0.12513542774361772,0.36335202974734926,3.0604768566222056
2021-12-25 12:00:00,2021,12,25,12,1640433600,kolhapur,23.824000204990618,3.349134873878134,99.82062998728117,13.394235270136992,0.0,0.08,0.42534034302971174,5.154341749575765
2021-12-25 18:00:00,2021,12,25,18,1640455200,kolhapur,18.938685301246895,4.050494370240189,99.65161882993216,0.782896768672336,0.0,0.08498975044564194,0.4131533356778506,3.0833952010486727
2021-12-26 00:00:00,2021,12,26,0,1640476800,kolhapur,10.556398401090611,3.548500229104874,99.18847775011226,0.7589566512115979,0.0,0.08,0.36753149244851324,2.0535514467177167
2021-12-26 06:00:00,2021,12,26,6,1640498400,kolhapur,18.179491188266567,4.178316329407343,99.44237842073157,0.7982852766484908,0.0,0.08,0.33462826612220936,2.880926434669294
2021-12-26 12:00:00,2021,12,26,12,1640520000,kolhapur,26.70023443119225,5.712215591059641,99.51779741685986,13.976163878003629,0.0,0.10024637690190996,0.3893805623442558,5.448597531645651
2021-12-26 18:00:00,2021,12,26,18,1640541600,kolhapur,16.04373237637635,4.23733330062656,99.70528762529993,0.7955574983947857,0.0,0.08,0.4408431650259316,2.9761488671988263
2021-12-27 00:00:00,2021,12,27,0,1640563200,kolhapur,12.934094075406943,4.245049420296439,99.68883021768825,0.40760820321789093,0.0,0.08,0.3999862251300026,2.5770722631979077
2021-12-27 06:00:00,2021,12,27,6,1640584800,kolhapur,20.974841507734098,4.617361960421687,99.54849242837207,0.8215085168980919,0.0,0.08,0.3200328274607957,3.0749249077368135
2021-12-27 12:00:00,2021,12,27,12,1640606400,kolhapur,24.718485059472055,4.70409719841834,99.53373527991974,13.539941729909048,0.0,0.08,0.35310722441133996,4.841588000431044
2021-12-27 18:00:00,2021,12,27,18,1640628000,kolhapur,17.29212730349245,6.306799058854971,99.71376737382941,0.2777140325185669,0.0,0.08,0.3370469537817154,3.1139832181856297
2021-12-28 00:00:00,2021,12,28,0,1640649600,kolhapur,13.389743108735082,3.9755951429059255,99.24109094859948,0.3029170681310124,0.0,0.08,0.32523028808032667,2.6502258778892407
2021-12-28 06:00:00,2021,12,28,6,1640671200,kolhapur,18.07737251932394,6.008760403049342,100.00732156206344,0.22384238856339833,0.0,0.08,0.3870637802442919,3.2704621848667292
2021-12-28 12:00:00,2021,12,28,12,1640692800,kolhapur,21.958432332818674,4.674407654788141,98.88451675073944,13.186606358323303,0.0,0.08,0.38643142355996846,4.681033023692885
2021-12-28 18:00:00,2021,12,28,18,1640714400,kolhapur,17.969161878061552,3.9587180939024247,99.93528966094009,0.18449041185365195,0.0,0.08,0.4062757062013815,3.053868248720711
2021-12-29 00:00:00,2021,12,29,0,1640736000,kolhapur,12.681255261638315,3.9729719995331543,99.48585174221215,0.06317804995381937,0.0,0.08,0.3673380219929017,2.395648587127021
2021-12-29 06:00:00,2021,12,29,6,1640757600,kolhapur,18.270327867963232,4.120466664320559,99.80018134502117,0.8884508649323863,0.0,0.08,0.34564417438231265,2.8867931990730678
2021-12-29 12:00:00,2021,12,29,12,1640779200,kolhapur,21.97862968981156,4.910412696074625,99.60855953102748,13.984436789797293,0.0,0.08,0.35262430508119286,4.744207564147537
2021-12-29 18:00:00,2021,12,29,18,1640800800,kolhapur,16.18627716048112,3.8419968577085886,99.60321772401294,0.5867703924938971,0.0,0.08,0.31982010619555684,3.0617990613427315
2021-12-30 00:00:00,2021,12,30,0,1640822400,kolhapur,13.062288305894707,7.269040288619146,99.66612818201708,0.840489556608685,0.0,0.09394590546761265,0.3820665305211437,2.802932869051723
2021-12-30 06:00:00,2021,12,30,6,1640844000,kolhapur,20.696886793251434,4.757370636147057,99.74256812593545,0.18357110265314713,0.0,0.08,0.3187273948813586,2.89416740946525
2021-12-30 12:00:00,2021,12,30,12,1640865600,kolhapur,23.24751385537746,7.263068780077155,99.40120259123294,13.9683841607687,0.0,0.08,0.3287052995039832,5.061650485208065
2021-12-30 18:00:00,2021,12,30,18,1640887200,kolhapur,17.626818797585944,3.5454532957749985,99.81029157836699,0.5063615596305099,0.0,0.08,0.33185273803731413,2.9122837770921812
2021-12-31 00:00:00,2021,12,31,0,1640908800,kolhapur,14.280676945384874,4.129219871014566,99.17465881292637,0.06716499260555508,0.0,0.08,0.24281255006158317,2.2628060845783975
2021-12-31 06:00:00,2021,12,31,6,1640930400,kolhapur,17.91206881893406,3.5346076685837438,99.49840082800216,0.1413127444941602,0.0,0.08,0.3609690829988136,2.8857147759015596
2021-12-31 12:00:00,2021,12,31,12,1640952000,kolhapur,25.95159762526579,3.9767002857236835,99.75079097728168,13.390429991918769,0.0,0.08,0.30651012109737985,5.118371183722109
2021-12-31 18:00:00,2021,12,31,18,1640973600,kolhapur,18.143679473884507,6.470822743132717,99.79850527388477,0.04355758035475304,0.0,0.08,0.3556269243506541,2.8461402892317116
