datetime,year,month,day,hour,system:time_start,temp_c,wind_speed,pressure_kpa,solar_rad,precip,soil_moisture,ndvi,modis_et_mm
2010-01-01 00:00:00,2010,1,1,0,1262304000,10.256917745069481,5.21672267427617,99.9565388709537,0.9727566788707015,5.482317686445408,0.10574988092063949,0.2769637308182476,2.4895322022115316
2010-01-01 06:00:00,2010,1,1,6,1262325600,17.58607457194447,4.733367276788864,99.32628197095187,0.07350387967413619,0.0,0.08,0.341528731978737,2.8296352256570736
2010-01-01 12:00:00,2010,1,1,12,1262347200,20.314303159208148,6.210462668061394,99.5592922252855,13.653350326343741,0.0,0.08,0.3119126661039011,4.408897096008849
2010-01-01 18:00:00,2010,1,1,18,1262368800,19.11537518163909,3.9101178298249635,99.31098753391434,0.028392673307097986,0.0,0.08,0.3857169359474255,3.1803717982899924
2010-01-02 00:00:00,2010,1,2,0,1262390400,11.193660248890328,7.624317298901138,99.43738686520716,0.7306332461301501,0.0,0.08,0.3128603257211552,2.713501566674236
2010-01-02 06:00:00,2010,1,2,6,1262412000,18.57882998426837,4.938579921214651,99.45867564719502,0.7932737158527465,0.0,0.08,0.30810343797799894,3.071407916617372
2010-01-02 12:00:00,2010,1,2,12,1262433600,25.98352652685414,4.324951155027091,99.52696578966986,13.134576300667568,0.0,0.08,0.3237452285406584,4.988483301244066
2010-01-02 18:00:00,2010,1,2,18,1262455200,18.96182061912327,4.980902250073099,99.29653843674805,0.8392447516593172,0.0,0.08,0.3620528906182635,3.047989659036023
2010-01-03 00:00:00,2010,1,3,0,1262476800,15.08630321313407,3.8302143605506034,98.91190389719154,0.40195714208885436,0.0,0.08,0.30819513391384734,2.5467332389298134
2010-01-03 06:00:00,2010,1,3,6,1262498400,20.307969910651515,4.636074777936301,99.37485818434976,0.29587575822639445,0.0,0.08,0.2992573592348722,2.721603267451307
2010-01-03 12:00:00,2010,1,3,12,1262520000,23.43843636687143,4.546827269035202,99.3219371065784,13.26077282025432,0.0,0.08,0.37166124127159517,5.06750602988174
2010-01-03 18:00:00,2010,1,3,18,1262541600,16.464655699194903,3.6868904538716714,99.90497053902767,0.10815507327381385,0.0,0.08,0.3270976938321823,2.4709419024654866
2010-01-04 00:00:00,2010,1,4,0,1262563200,16.046940538037525,5.134464852424178,99.69977493157819,0.34783598998436305,0.0,0.08888723423313406,0.3566621684502087,2.9715145484675545
2010-01-04 06:00:00,2010,1,4,6,1262584800,19.407099634146615,4.568195512585975,99.99552621091311,0.39593623781090925,0.0,0.08,0.29060880440585934,2.810565315157964
2010-01-04 12:00:00,2010,1,4,12,1262606400,24.205068549026038,6.871632166091311,99.34579875158556,14.14027426177276,0.0,0.08,0.35159215147877976,4.992422446686283
2010-01-04 18:00:00,2010,1,4,18,1262628000,18.174846894694436,6.905654884656705,99.84126627341175,0.9259277514292439,9.512383664243716,0.1379925859518351,0.3187763774572634,2.913022870703621
2010-01-05 00:00:00,2010,1,5,0,1262649600,13.839938551023945,4.097656265040009,99.11619032590278,0.9448287659837264,0.0,0.08,0.29766931549453,2.4150237336617826
2010-01-05 06:00:00,2010,1,5,6,1262671200,14.22643325578478,5.432268480876196,99.9192706993055,0.3226095646320216,0.0,0.08,0.35716004938157697,2.628256850579116
2010-01-05 12:00:00,2010,1,5,12,1262692800,26.141614157045595,9.624343055284726,98.95063772635382,13.395159293950293,0.0,0.08,0.33086236664809726,5.127938437280546
2010-01-05 18:00:00,2010,1,5,18,1262714400,19.602875058170365,4.0056350663704166,99.74545094762749,0.10798708539181728,0.0,0.08,0.31698133399515604,2.9411973026650524
2010-01-06 00:00:00,2010,1,6,0,1262736000,13.387674417874349,4.039335687311408,98.49605161082278,0.41607794227446815,3.233468089805611,0.09719937385590707,0.30763538042477034,2.3011906787704977
2010-01-06 06:00:00,2010,1,6,6,1262757600,17.78874698312059,3.745593834467905,99.0386828075588,0.3528789543072477,0.0,0.08,0.29066400033439,2.4863609628573196
2010-01-06 12:00:00,2010,1,6,12,1262779200,22.40042098596056,5.357480161741301,99.47718898622361,13.51059654569948,0.0,0.08,0.2720903920305422,4.756797999417845
2010-01-06 18:00:00,2010,1,6,18,1262800800,19.71194513654344,5.711244296818766,99.43524023830203,0.0676687538607938,0.0,0.08,0.27513228427968445,3.1481305897702265
2010-01-07 00:00:00,2010,1,7,0,1262822400,13.361020670340755,5.5986072512556895,99.65805032052928,0.37155701945703346,0.0,0.08,0.31583096037647423,2.5631846018404287
2010-01-07 06:00:00,2010,1,7,6,1262844000,15.111369599621922,6.822080973140845,99.85690914574788,0.8416485725033025,0.0,0.08,0.2893291165962589,2.874094810253098
2010-01-07 12:00:00,2010,1,7,12,1262865600,21.815413751200122,3.8427070788455016,99.47081435629639,13.858977617367378,0.0,0.08,0.2756874062569017,4.548368877553111
2010-01-07 18:00:00,2010,1,7,18,1262887200,17.660888273148835,4.793971296020097,99.49823394396276,0.8628676172933797,0.0,0.08,0.2689218446835816,2.75692717978053
2010-01-08 00:00:00,2010,1,8,0,1262908800,14.125236432591294,5.721774554843442,99.85232664822388,0.05739282200295459,0.0,0.08,0.30070328247477274,2.7147962277479927
2010-01-08 06:00:00,2010,1,8,6,1262930400,18.629681166594953,4.009588765685046,99.17516463891279,0.25082096745834626,0.0,0.08,0.30308605754387713,2.4394393646129924
2010-01-08 12:00:00,2010,1,8,12,1262952000,22.80463485481373,4.79549441149825,99.01683391758398,13.51343240895684,0.0,0.08,0.3267175800598629,5.05758934741293
2010-01-08 18:00:00,2010,1,8,18,1262973600,14.700322871451156,7.6178476619531414,99.05947050091598,0.5476922486172489,0.0,0.08,0.3078686714062589,2.8170916730509328
2010-01-09 00:00:00,2010,1,9,0,1262995200,13.179497143910908,3.8923153600372036,99.28891894116323,0.9519452366233622,0.0,0.08,0.30821345234154995,2.054815032229605
2010-01-09 06:00:00,2010,1,9,6,1263016800,17.461897410676215,4.372300618767362,99.45888334825348,0.976603942635795,0.0,0.08,0.2435094235790472,2.6898756926626985
2010-01-09 12:00:00,2010,1,9,12,1263038400,21.177393017637183,4.760549038366994,99.22447060706673,14.166138155086749,0.0,0.08,0.31945868475118266,4.439925337326002
2010-01-09 18:00:00,2010,1,9,18,1263060000,18.49461484701341,5.766866384089537,99.3025858089942,0.428923174837243,0.0,0.08,0.2902264851569231,3.030321518424407
2010-01-10 00:00:00,2010,1,10,0,1263081600,13.921381216703164,8.883380434014384,99.2152773907924,0.8538770433613244,0.0,0.08,0.31459369101565693,2.524865870398042
2010-01-10 06:00:00,2010,1,10,6,1263103200,20.071091871357936,4.057590561541686,99.21005821835914,0.8882176152490124,0.0,0.08,0.2784916339631889,2.7516315821795923
2010-01-10 12:00:00,2010,1,10,12,1263124800,21.287730351546283,5.21425384172578,98.93345512770951,13.8949196254214,0.0,0.08,0.2139295190856698,4.665864569204553
2010-01-10 18:00:00,2010,1,10,18,1263146400,16.82356065548942,4.735226799732894,99.68491982120906,0.34977941607912716,0.0,0.08,0.29929254954668544,2.599474354243811
2010-01-11 00:00:00,2010,1,11,0,1263168000,15.378009626407835,4.430965664225744,99.42411931202027,0.46528613463443946,0.0,0.08,0.2976170538995232,2.47910105019865
2010-01-11 06:00:00,2010,1,11,6,1263189600,18.466153008221262,4.053862373209387,99.64737789003709,0.5495888185059489,0.0,0.08,0.3143468493824718,2.757860085720921
2010-01-11 12:00:00,2010,1,11,12,1263211200,23.99321994073965,4.78645360462506,99.6547623572015,13.944537553345041,0.0,0.08,0.2804878046328186,4.903113801096244
2010-01-11 18:00:00,2010,1,11,18,1263232800,20.631943666776824,4.620081322869734,99.3563891078601,0.24389493916494406,0.0,0.08,0.25539641444583394,2.82261808739181
2010-01-12 00:00:00,2010,1,12,0,1263254400,12.481344168441847,4.911567125410494,99.59593264716129,0.17657179406043821,0.0,0.08,0.24608302457600545,2.226315206181849
2010-01-12 06:00:00,2010,1,12,6,1263276000,16.41870362559804,4.916354913697642,99.74931781770057,0.5482130805540554,0.0,0.08,0.26160359226704183,2.615855059453386
2010-01-12 12:00:00,2010,1,12,12,1263297600,23.556084495364356,5.281301695381266,99.24252590696709,13.722645953438036,0.0,0.08,0.28628571243030687,4.859364250153664
2010-01-12 18:00:00,2010,1,12,18,1263319200,18.717804554997986,8.992614085919296,99.27207674125788,0.7561237265269009,0.0,0.08,0.2892274411763581,2.76241716604771
2010-01-13 00:00:00,2010,1,13,0,1263340800,14.476746756115949,4.187145735448105,99.9054418315652,0.4403409302279718,0.0,0.08,0.22985049875247524,2.587382212596136
2010-01-13 06:00:00,2010,1,13,6,1263362400,20.05619616562006,4.40998666167323,99.33605954007129,0.23714376263768466,0.0,0.08,0.251992325028783,2.6895106164164577
2010-01-13 12:00:00,2010,1,13,12,1263384000,24.522366478652685,4.314673758224188,99.60509968431394,13.781952689741964,0.0,0.08,0.2936923763777642,5.111478962526371
2010-01-13 18:00:00,2010,1,13,18,1263405600,20.965280985195744,3.8923851618009144,99.6194481294551,0.7517914261878504,0.0,0.08,0.2668845552971497,2.986281166921171
2010-01-14 00:00:00,2010,1,14,0,1263427200,16.661162492996525,4.532245015992346,99.25091125966394,0.023869149440912674,0.0,0.08,0.2388825376745205,2.385098097071187
2010-01-14 06:00:00,2010,1,14,6,1263448800,18.41417493856627,6.163579984915334,99.24551047474412,0.7368099845442024,0.0,0.08,0.21718824214088633,3.0486242452348744
2010-01-14 12:00:00,2010,1,14,12,1263470400,22.88350708024105,4.167489514253291,99.95752080013783,13.654355068246016,0.0,0.08,0.21812696041487967,4.759646470512764
2010-01-14 18:00:00,2010,1,14,18,1263492000,19.66798497831574,4.49461942261193,99.05478431125317,0.5728155960917112,0.0,0.08,0.21518120122187315,2.652147503659363
2010-01-15 00:00:00,2010,1,15,0,1263513600,14.176944758743627,5.608169983978979,99.7423554922526,0.3678357624615647,0.0,0.08,0.2297091520916153,2.1391171094490966
2010-01-15 06:00:00,2010,1,15,6,1263535200,18.712250724878547,7.4296489255378235,99.14181951747311,0.6423039559126813,0.0,0.08,0.2555533571589811,2.7462960642845857
2010-01-15 12:00:00,2010,1,15,12,1263556800,28.561947416065777,7.059703277103496,99.37874142146187,13.566239489026515,0.0,0.08,0.21578643625529564,5.495836807221779
2010-01-15 18:00:00,2010,1,15,18,1263578400,20.255001058191418,4.486722308160395,99.47868884054495,0.020016442912114893,0.0,0.08,0.2477066002759114,2.6766480783333737
2010-01-16 00:00:00,2010,1,16,0,1263600000,12.459845359926693,4.097667038047671,99.13994651560762,0.7428111383348398,0.0,0.08,0.2468430883696682,2.112825209823049
2010-01-16 06:00:00,2010,1,16,6,1263621600,20.44426009831453,4.010308508554131,99.2587801120699,0.4518356282509871,0.0,0.08,0.2727283932019966,2.761744193637225
2010-01-16 12:00:00,2010,1,16,12,1263643200,22.997208719091187,4.006316658090795,99.21757569825634,13.947124251690674,0.0,0.08,0.2769878278495149,4.7534026359617805
2010-01-16 18:00:00,2010,1,16,18,1263664800,20.70198356143536,5.164485678340956,99.60326659962419,0.21789236979180504,0.0,0.08,0.25044239436601584,2.992450829022378
2010-01-17 00:00:00,2010,1,17,0,1263686400,14.408210815972343,7.616644986557784,99.5316181148471,0.8083649902348751,0.0,0.08,0.2528148952622711,2.377380592090251
2010-01-17 06:00:00,2010,1,17,6,1263708000,17.57938235714168,6.942322983782808,99.47559183902379,0.2656347344047426,0.0,0.08,0.22593162056947222,2.551246570495354
2010-01-17 12:00:00,2010,1,17,12,1263729600,19.80773009810166,6.3791180055144,99.25187360575414,14.345417981209874,0.0,0.08,0.24590103886180945,4.143230532895984
2010-01-17 18:00:00,2010,1,17,18,1263751200,20.560571424304577,5.69530809827789,99.44961487222649,0.25156468852310454,0.0,0.08,0.22138278885466528,2.9088780201730016
2010-01-18 00:00:00,2010,1,18,0,1263772800,15.132788040087078,4.879327431651618,99.64824906732855,0.3925297731766648,0.0,0.08,0.20541985953925113,2.3855118624888947
2010-01-18 06:00:00,2010,1,18,6,1263794400,17.754392666450975,4.533565887791643,99.62377432113328,0.06893851197300205,0.0,0.08,0.22169434211104844,2.6337454810993455
2010-01-18 12:00:00,2010,1,18,12,1263816000,24.48105359363735,5.303630262021126,99.64683053208023,14.065248495618013,0.0,0.08,0.2805132960068151,5.174488742272279
2010-01-18 18:00:00,2010,1,18,18,1263837600,19.052471543144446,4.796978679336208,99.22159223105781,0.7241260769541004,0.0,0.08,0.2504864129407282,2.5554129410285364
2010-01-19 00:00:00,2010,1,19,0,1263859200,13.474884109308489,5.420985350284965,99.6433986858812,0.5796462084383339,0.0,0.08,0.22897722703636297,1.9015020856286535
2010-01-19 06:00:00,2010,1,19,6,1263880800,19.86989334649638,4.310717990633624,99.55711626271494,0.7426031409089109,0.0,0.08,0.1537369648723509,2.6505010091599766
2010-01-19 12:00:00,2010,1,19,12,1263902400,27.211484008953576,6.514780344377115,99.28570799565456,14.191112473634133,0.0,0.08,0.1903565107861327,5.1067082579997205
2010-01-19 18:00:00,2010,1,19,18,1263924000,22.534239856607833,5.048609821980211,99.58575208007987,0.8942262962084977,0.0,0.08,0.18858590767737402,3.1001315423167206
2010-01-20 00:00:00,2010,1,20,0,1263945600,14.615229002158932,5.362976640799255,99.32247949092925,0.9854563472026708,0.0,0.08,0.19025473104448695,2.3605631022006532
2010-01-20 06:00:00,2010,1,20,6,1263967200,18.58180810978932,6.398791202690852,99.16444037974871,0.7479660658847176,0.0,0.08,0.21635825104975678,2.793806887333393
2010-01-20 12:00:00,2010,1,20,12,1263988800,22.79898491436639,4.431163240888503,99.70931328450715,14.123092531185119,0.0,0.08,0.2012099703204325,4.453024103545915
2010-01-20 18:00:00,2010,1,20,18,1264010400,18.52110316875354,4.675752351582191,99.83751327130176,0.47523755896892017,0.0,0.08,0.25963703010065503,2.6486387565017107
2010-01-21 00:00:00,2010,1,21,0,1264032000,13.65531548117704,4.233869998372672,99.47887527251771,0.6465036905542911,0.0,0.08,0.20568544384444196,2.059922722074917
2010-01-21 06:00:00,2010,1,21,6,1264053600,19.273981800009693,4.924232690374786,99.07754191936691,0.2093208024100046,0.0,0.08,0.2092473766347079,2.711322858484231
2010-01-21 12:00:00,2010,1,21,12,1264075200,24.827075556067946,5.651612074691178,99.47292530526639,14.032957887339164,0.0,0.08,0.236323399680437,5.015778648873072
2010-01-21 18:00:00,2010,1,21,18,1264096800,19.237298587447665,4.871566222725435,98.87157272524509,0.4270507995913728,0.0,0.08,0.21041668161256358,2.605126000868853
2010-01-22 00:00:00,2010,1,22,0,1264118400,13.936668229472717,5.943884549410183,99.690038567779,0.1756909772637656,0.0,0.08,0.24144941155367963,2.3509614754135844
2010-01-22 06:00:00,2010,1,22,6,1264140000,18.12213864131992,6.096448852253666,99.40543662256606,0.041376534850536606,0.0,0.08,0.19340339099268875,2.6492788983750732
2010-01-22 12:00:00,2010,1,22,12,1264161600,22.645579297317898,4.058259440821273,99.33994669731936,14.313243384241556,0.0,0.08,0.23002750930440244,4.51577234183781
2010-01-22 18:00:00,2010,1,22,18,1264183200,18.804082620235125,5.369347196355002,99.82354401688633,0.45809174452888257,0.0,0.08,0.20032537515679077,2.6229213873998227
2010-01-23 00:00:00,2010,1,23,0,1264204800,12.944288199380779,9.115149250228757,98.94248416652339,0.8298116963516543,0.0,0.08,0.1693687386131931,2.217963357676587
2010-01-23 06:00:00,2010,1,23,6,1264226400,19.087223961037207,5.893544356929603,98.97552650223477,0.5942433320962475,0.0,0.08,0.1735641915060548,2.52341097648633
2010-01-23 12:00:00,2010,1,23,12,1264248000,25.025316266572137,5.048346601592542,99.35456798072343,14.616816710487235,0.0,0.08,0.20348382255667585,5.01778765592262
2010-01-23 18:00:00,2010,1,23,18,1264269600,19.657691115451854,4.972696575378701,99.73877821920838,0.35794502397154926,7.844413776232647,0.10462611199803808,0.2432566255379935,3.0124166753028967
2010-01-24 00:00:00,2010,1,24,0,1264291200,14.977062000278917,4.42499625121689,99.82831137848706,0.6444017800859972,0.0,0.08,0.1810172912073756,2.5080616041629247
2010-01-24 06:00:00,2010,1,24,6,1264312800,19.328058447372907,7.380836655995908,99.70598754505215,0.5744012474833965,0.0,0.08,0.1639873109089528,2.5310576527522017
2010-01-24 12:00:00,2010,1,24,12,1264334400,23.67626494094498,10.901852600674486,99.21503035774977,14.706100172568807,0.0,0.08,0.16821171783113908,4.8661765150571465
2010-01-24 18:00:00,2010,1,24,18,1264356000,19.519274322879724,4.405953029239712,99.90734008397166,0.649255081466735,0.0,0.08,0.1568372816054384,2.6263573547536256
2010-01-25 00:00:00,2010,1,25,0,1264377600,16.062501540487617,4.301382317763096,99.65792796724124,0.03168780535999094,0.0,0.08,0.1804207677743635,2.202942843588235
2010-01-25 06:00:00,2010,1,25,6,1264399200,20.88811332672329,4.665027602653274,99.02105246558533,0.5535525724947897,0.0,0.08,0.17495353072692654,2.6847838340756534
2010-01-25 12:00:00,2010,1,25,12,1264420800,26.25071451030395,4.707821370192617,99.0177060031185,14.549657738176345,0.0,0.08,0.16032142509558522,4.683037015511079
2010-01-25 18:00:00,2010,1,25,18,1264442400,18.972139211026803,6.187977517421773,99.80046771654271,0.7179550723087408,0.0,0.08,0.18540566325290786,2.578174795443153
2010-01-26 00:00:00,2010,1,26,0,1264464000,14.049480102445319,4.532615017913633,99.03028797234984,0.6790076639578245,0.0,0.08,0.16376098514214096,2.2795494378430954
2010-01-26 06:00:00,2010,1,26,6,1264485600,20.444195751077153,5.382199273077509,99.16972301301956,0.9364540427004728,0.0,0.08,0.18565391219557245,2.933993442604669
2010-01-26 12:00:00,2010,1,26,12,1264507200,25.112804478971444,4.616260063316637,99.67975324680512,14.402372385595871,14.002090375610328,0.13520739884446226,0.20064687064345793,5.02585326569553
2010-01-26 18:00:00,2010,1,26,18,1264528800,20.193199423216367,6.341505496654156,99.47907194899344,0.028046018966788534,0.0,0.08,0.1702007079976706,2.9554292339637285
2010-01-27 00:00:00,2010,1,27,0,1264550400,12.037068549585763,4.8507631760952945,99.73051413243164,0.06037913789537874,0.0,0.08,0.20651435504942567,2.3950088668444334
2010-01-27 06:00:00,2010,1,27,6,1264572000,17.809458490294446,4.83236955288365,99.37609898498374,0.24161881307439936,0.0,0.08,0.1959727402790009,2.50551438688814
2010-01-27 12:00:00,2010,1,27,12,1264593600,24.57844502077516,4.225539569457464,99.7187877869988,14.036568119736602,0.0,0.08,0.1777726665092495,5.402338050047846
2010-01-27 18:00:00,2010,1,27,18,1264615200,20.18470111693585,4.280981490422519,98.76206010106394,0.24456248634677574,0.0,0.08,0.17515933919431836,2.7933893582742706
2010-01-28 00:00:00,2010,1,28,0,1264636800,15.999276214407677,6.136587741139181,99.30037964348709,0.08748629747086734,0.0,0.08,0.1982361719123411,2.3509813592748383
2010-01-28 06:00:00,2010,1,28,6,1264658400,17.407874710713777,5.481798790936742,99.51697508469042,0.21940546498649816,0.0,0.08,0.1392156180454543,2.4259634652441107
2010-01-28 12:00:00,2010,1,28,12,1264680000,25.21305037216274,4.44747535562762,99.68983746615007,14.164298773666653,0.0,0.08,0.18890750653206634,4.992839294422118
2010-01-28 18:00:00,2010,1,28,18,1264701600,21.1466745008161,8.849440063495305,99.0760289387523,0.06288480906854804,0.0,0.08,0.2184215803547091,2.918155618814157
2010-01-29 00:00:00,2010,1,29,0,1264723200,15.084483647250886,5.331009414518879,99.47723619086824,0.06063236363332736,4.01986443126456,0.08,0.132385634692871,2.275428221224568
2010-01-29 06:00:00,2010,1,29,6,1264744800,20.15347536535121,4.503589143977446,99.39760042399678,0.46550602862495605,0.0,0.08,0.10870742967710134,2.5887876674600254
2010-01-29 12:00:00,2010,1,29,12,1264766400,25.20419987196503,4.986089881675284,99.16132243141152,14.371166282702019,16.832776747473464,0.1872748890080358,0.10435808255712582,4.994139707019
2010-01-29 18:00:00,2010,1,29,18,1264788000,20.348522200209363,5.27474966721874,99.6510954435599,0.9798056714662423,0.0,0.08,0.13573732948059042,2.6605034564413303
2010-01-30 00:00:00,2010,1,30,0,1264809600,14.030838427983703,4.445800658801217,99.45386193188435,0.08622886288785303,0.0,0.08,0.17691883603038402,2.234346655532678
2010-01-30 06:00:00,2010,1,30,6,1264831200,20.14060779512692,5.270160163708258,99.38202780973856,0.08443285288750502,0.0,0.08,0.15471619061569866,2.4345255064202944
2010-01-30 12:00:00,2010,1,30,12,1264852800,24.235640332459198,4.37451753079781,99.03162019902744,14.872514521235248,0.0,0.08,0.16104239121304548,4.53803395885048
2010-01-30 18:00:00,2010,1,30,18,1264874400,19.716591513207984,4.8846573092331145,99.70008263343328,0.36594051480893214,0.0,0.08,0.14340943725598665,2.312812625764191
2010-01-31 00:00:00,2010,1,31,0,1264896000,15.582352606655183,5.826027706706303,99.4236840101038,0.06999082180933525,0.0,0.08,0.11188036473318387,2.0401408899798765
2010-01-31 06:00:00,2010,1,31,6,1264917600,18.46094139556858,6.494034995749917,98.9124169846971,0.6470734835265333,0.0,0.08,0.14727163820289293,2.9162357411699595
2010-01-31 12:00:00,2010,1,31,12,1264939200,25.159287087174757,4.767568439672887,99.92021549326033,14.826817100664815,0.0,0.08,0.15067997385428122,4.7891907122051105
2010-01-31 18:00:00,2010,1,31,18,1264960800,20.59683009083004,5.4038948549256896,98.89599471932983,0.5597585365704036,8.740877367863867,0.0904255892379532,0.20177235734117785,2.7311601892539064
2010-02-01 00:00:00,2010,2,1,0,1264982400,16.505942882817415,4.923531519734675,99.30605941371132,0.5229127849132351,0.0,0.08,0.1754440712705489,2.356183867640256
2010-02-01 06:00:00,2010,2,1,6,1265004000,17.117274890635628,13.947840241643927,98.98662088033518,0.5003246497328536,0.0,0.08,0.11773745668226422,2.9070301150580846
2010-02-01 12:00:00,2010,2,1,12,1265025600,23.6291826049912,6.641959099739706,99.12470257274681,14.943905016921189,0.0,0.08,0.1399503684483162,4.943984341850588
2010-02-01 18:00:00,2010,2,1,18,1265047200,20.370838150381616,6.8154657541684855,98.85199963593116,0.33143873902801657,0.0,0.08,0.12744082275602228,2.68033160064662
2010-02-02 00:00:00,2010,2,2,0,1265068800,17.981994164743075,7.8906932410106805,99.7467812166878,0.4702750592301782,10.539105257039767,0.10332904554579679,0.11396319321570975,2.4997753715571704
2010-02-02 06:00:00,2010,2,2,6,1265090400,21.346898722380473,5.753938726734123,99.56466360183393,0.3750343451629595,0.0,0.08,0.17368622730685296,2.357241607171046
2010-02-02 12:00:00,2010,2,2,12,1265112000,23.925342105869394,6.301282572903687,99.59510293425879,14.703794187853049,0.0,0.08,0.1177367946281482,4.466071960723694
2010-02-02 18:00:00,2010,2,2,18,1265133600,20.23578064431256,6.687514138309743,99.2623043453386,0.38070441054397075,0.0,0.08,0.1931185691623931,2.9048769232222558
2010-02-03 00:00:00,2010,2,3,0,1265155200,15.170476978306564,4.807974905685603,99.52851236264375,0.011589830126157552,0.0,0.08,0.12686588783975458,2.120974250716266
2010-02-03 06:00:00,2010,2,3,6,1265176800,17.725939870427602,10.12922886687008,99.10904283125564,0.05401450639613026,0.0,0.08,0.12281507134892636,2.5454954882808964
2010-02-03 12:00:00,2010,2,3,12,1265198400,24.30372228166465,5.226791080781611,99.80739509467529,14.838640380378092,0.0,0.08,0.11887705784478958,4.358079661535706
2010-02-03 18:00:00,2010,2,3,18,1265220000,17.11215247606651,5.563627639125958,99.60220069638437,0.03701015996129263,0.0,0.08,0.11803676372210027,2.544275007763922
2010-02-04 00:00:00,2010,2,4,0,1265241600,16.29581252527663,5.750972265265012,99.7471812159268,0.9364935591039782,0.0,0.08,0.1,2.0350087050911405
2010-02-04 06:00:00,2010,2,4,6,1265263200,24.677718566305394,5.429542174716149,99.94896791694546,0.9059940665815842,0.0,0.08,0.1400616615603109,3.0392115375452304
2010-02-04 12:00:00,2010,2,4,12,1265284800,24.68533267239525,5.104659335164653,99.06283128543456,14.925611367509944,0.0,0.08,0.17929130894837603,4.870805176068373
2010-02-04 18:00:00,2010,2,4,18,1265306400,19.82153373596961,7.574254779522281,99.04185028014935,0.2610921174795907,0.0,0.08,0.18761615500798925,3.0618420887997164
2010-02-05 00:00:00,2010,2,5,0,1265328000,14.826579278711383,4.4382204653028765,99.01746813602755,0.8074765304109238,0.0,0.08,0.10522032053179448,2.0948449064330457
2010-02-05 06:00:00,2010,2,5,6,1265349600,18.821173846599816,4.794401236960141,99.42630702636656,0.6982900336936925,0.0,0.08,0.11260645027170951,2.5381853286144986
2010-02-05 12:00:00,2010,2,5,12,1265371200,26.95343870539384,20.0,99.12634010052228,15.379255823578688,0.0,0.08,0.17099823883609794,5.690124943763061
2010-02-05 18:00:00,2010,2,5,18,1265392800,22.368805393153615,4.72987323936677,99.06717691134082,0.8807004301918556,0.0,0.08,0.1324921995491026,2.8383170447899126
2010-02-06 00:00:00,2010,2,6,0,1265414400,13.903853568457265,5.064432884781405,99.36288071987539,0.5725252931352098,0.0,0.08,0.1087482381570698,1.9802288381522843
2010-02-06 06:00:00,2010,2,6,6,1265436000,21.14997151544999,6.779216332446623,98.96843280965018,0.9176498651991438,0.0,0.08,0.13435044559851586,2.5741779531765503
2010-02-06 12:00:00,2010,2,6,12,1265457600,26.516909011020207,4.815650392560222,99.6636276218987,15.215945996525086,0.0,0.08,0.16198208684438087,5.078060734539571
2010-02-06 18:00:00,2010,2,6,18,1265479200,21.53489858115486,6.5986465968192505,98.40252577090341,0.22327564723853066,0.0,0.08,0.1561560980271995,2.97268777651572
2010-02-07 00:00:00,2010,2,7,0,1265500800,16.692847618274392,7.936312060632708,99.03140932596364,0.2618783538480792,0.0,0.08,0.15397152427586874,2.708620976009488
2010-02-07 06:00:00,2010,2,7,6,1265522400,21.15295904693102,4.49919228711066,99.15563301127563,0.3685104809597467,0.0,0.08,0.12496048245425398,2.498776167368129
2010-02-07 12:00:00,2010,2,7,12,1265544000,25.914044821070604,8.775334731037859,99.53357309349798,15.534978112142516,0.0,0.08,0.14427091828875338,5.108820324722788
2010-02-07 18:00:00,2010,2,7,18,1265565600,20.08024478560877,5.436162264657781,99.17627124107221,0.9892830057944564,0.0,0.08,0.10276937168646014,2.6412377080486955
2010-02-08 00:00:00,2010,2,8,0,1265587200,15.93493497213625,5.810291077086927,100.33428196236515,0.5255958391711878,0.0,0.08,0.16494525208274619,2.5753024025980995
2010-02-08 06:00:00,2010,2,8,6,1265608800,22.76356060886205,4.923327451340964,99.48020105684786,0.06083957168199117,0.0,0.08,0.1,2.651264044601315
2010-02-08 12:00:00,2010,2,8,12,1265630400,28.385287707345288,5.487022202184274,99.15872414828958,14.72358063147081,0.0,0.08,0.13647331063232393,5.184098178223117
2010-02-08 18:00:00,2010,2,8,18,1265652000,19.567623047119444,6.914722628055122,99.32944887220833,0.8805234548690088,0.0,0.08,0.1,2.7169335761811224
2010-02-09 00:00:00,2010,2,9,0,1265673600,17.412702506165086,6.895776640467549,99.14878745313173,0.24441478116960658,0.0,0.08,0.1,2.5788709110884938
2010-02-09 06:00:00,2010,2,9,6,1265695200,22.67988203254648,5.006266969018743,99.18894654537719,0.9249791259385015,0.0,0.08,0.1,2.7414783865229513
2010-02-09 12:00:00,2010,2,9,12,1265716800,26.459409238246018,6.229028089025913,99.47264710387776,14.815267658249091,0.0,0.08,0.10204409593892243,4.788763245001716
2010-02-09 18:00:00,2010,2,9,18,1265738400,21.06747123897682,7.163357799370836,99.61796053732112,0.05754134009176918,0.0,0.08,0.1,2.4461580275455304
2010-02-10 00:00:00,2010,2,10,0,1265760000,14.673410010108423,8.41968364035084,98.80639258550681,0.6483879750817207,0.0,0.08,0.11084667720488174,2.0554527295565648
2010-02-10 06:00:00,2010,2,10,6,1265781600,22.772995711678178,4.703746831341695,98.90899374683123,0.7188966203845569,0.0,0.08,0.1,2.4820773553644555
2010-02-10 12:00:00,2010,2,10,12,1265803200,25.064799770334933,4.846098138148355,99.34679835132981,15.086788043610138,0.0,0.08,0.10096892006392683,4.584722468971421
2010-02-10 18:00:00,2010,2,10,18,1265824800,22.45653486129712,6.4266088422103245,99.31472759048914,0.73490047109084,0.0,0.08,0.1,2.6126885278854255
2010-02-11 00:00:00,2010,2,11,0,1265846400,17.52959314430883,8.114279555315388,99.3084296148167,0.19921911026335215,0.0,0.08,0.1,2.4095050797439916
2010-02-11 06:00:00,2010,2,11,6,1265868000,19.558789750744882,4.617233033809674,99.48622550256697,0.21441736397307654,0.0,0.08,0.1,2.181243343378437
2010-02-11 12:00:00,2010,2,11,12,1265889600,26.131704041586044,4.8958573449942975,99.44242044442879,15.240535484221647,0.0,0.08,0.1,4.800696005390819
2010-02-11 18:00:00,2010,2,11,18,1265911200,20.106581930805376,7.990564136036642,99.65875089897796,0.001873044308042187,0.0,0.08,0.12893011713299812,2.941980612532957
2010-02-12 00:00:00,2010,2,12,0,1265932800,18.709504644960816,4.740261199222695,99.57036469273443,0.3643186562448688,5.938861641882472,0.08,0.12092686629167997,2.3500580167408747
2010-02-12 06:00:00,2010,2,12,6,1265954400,21.398870284482715,5.871135582285198,99.27324537431325,0.6257686129864772,0.0,0.08,0.1,2.4752362885473067
2010-02-12 12:00:00,2010,2,12,12,1265976000,27.813810168902787,4.545020290289622,99.3619469834037,15.968981944045053,0.0,0.08,0.12783837869545253,4.951797356127644
2010-02-12 18:00:00,2010,2,12,18,1265997600,23.377076246933782,4.9475535297612465,99.31986586325155,0.4422556559853105,0.0,0.08,0.11968882012396964,2.929322671138899
2010-02-13 00:00:00,2010,2,13,0,1266019200,15.559568116058257,5.0066003262529035,99.27665964925627,0.1394166448661417,0.0,0.08,0.11970434185563504,2.553265633705526
2010-02-13 06:00:00,2010,2,13,6,1266040800,18.79576303100199,4.5523376086162015,99.3392756086488,0.9076214366132864,0.0,0.08,0.1,2.559608643489298
2010-02-13 12:00:00,2010,2,13,12,1266062400,23.87809501777968,6.771339203695302,99.27511370578685,15.710594245379681,0.0,0.08,0.10222066479508007,4.83882686090283
2010-02-13 18:00:00,2010,2,13,18,1266084000,23.62394297747611,6.447665005631787,99.20476814243584,0.5898160124368698,0.0,0.08,0.1,3.1912453648569565
2010-02-14 00:00:00,2010,2,14,0,1266105600,14.914054316603707,4.558782405931274,99.44283067698841,0.08675409550478907,0.0,0.08,0.1,1.848068508335428
2010-02-14 06:00:00,2010,2,14,6,1266127200,21.50328197178852,4.687579012243269,98.9075110716757,0.10320969135931957,0.0,0.08,0.10755266894946605,2.40654298540023
2010-02-14 12:00:00,2010,2,14,12,1266148800,27.43898092654549,6.768883353292992,98.84775996588657,16.06089839947404,0.0,0.08,0.12772007523548673,5.229772291103699
2010-02-14 18:00:00,2010,2,14,18,1266170400,22.768105113439724,4.929307404197756,99.94341110761037,0.679118090958223,8.317905107927917,0.08,0.1077064796695068,2.6675134185049774
2010-02-15 00:00:00,2010,2,15,0,1266192000,14.341971781039732,5.849106892013049,99.29841999489467,0.841114234632275,0.6295414063405386,0.08,0.1,2.120562186549775
2010-02-15 06:00:00,2010,2,15,6,1266213600,19.689380751433855,8.935618505389606,99.30356168677422,0.07921614778054498,0.0,0.08,0.1,2.6065668420142503
2010-02-15 12:00:00,2010,2,15,12,1266235200,29.539069071465626,4.884552690730944,99.25235531081726,16.13400416268249,0.0,0.08,0.1,5.148159655401407
2010-02-15 18:00:00,2010,2,15,18,1266256800,24.234661121474538,4.650858302240481,99.46410350593807,0.6044444179443736,0.0,0.08,0.1,2.918864064357032
2010-02-16 00:00:00,2010,2,16,0,1266278400,18.73506988999106,5.922292741642703,99.17203650486887,0.7071817741459575,0.0,0.08,0.1,2.578801068855608
2010-02-16 06:00:00,2010,2,16,6,1266300000,24.552440276882766,5.15403269284983,99.67058127576522,0.4280982442645216,0.0,0.08,0.118163209659479,3.0068437583296252
2010-02-16 12:00:00,2010,2,16,12,1266321600,25.247884584264956,6.209191981023289,98.90352005216003,15.324627899016416,9.819061729929045,0.13919739677379256,0.1,4.773909701007722
2010-02-16 18:00:00,2010,2,16,18,1266343200,20.872904994040322,9.504981138612779,98.65457656385064,0.7072161941221898,0.0,0.08,0.1,2.844859214511203
2010-02-17 00:00:00,2010,2,17,0,1266364800,16.0666665856048,5.862981009321244,99.33472856147156,0.5658030525274017,4.309000830939649,0.08,0.1,2.1633984970774915
2010-02-17 06:00:00,2010,2,17,6,1266386400,22.59483745189642,6.321557368681414,99.0613482629643,0.20271026816577786,0.0,0.08,0.1,2.618277676611173
2010-02-17 12:00:00,2010,2,17,12,1266408000,26.81134080793442,4.985110492239849,98.6302430505739,15.74054616660593,0.0,0.08,0.1,5.075134957428915
2010-02-17 18:00:00,2010,2,17,18,1266429600,22.748733446854057,6.690501021908672,98.8820729597801,0.7951391412793359,0.0,0.08,0.1,2.507805339092725
2010-02-18 00:00:00,2010,2,18,0,1266451200,17.84713576567164,4.705201812795954,99.312313688107,0.739571622541501,0.0,0.08,0.1,2.1293061276362346
2010-02-18 06:00:00,2010,2,18,6,1266472800,21.576347523756837,7.77338871772615,99.14142294107477,0.8902771450700557,0.0,0.08,0.1,2.644262832594698
2010-02-18 12:00:00,2010,2,18,12,1266494400,27.483690372983016,5.5044384002979,99.55944312687096,15.62394290589965,0.0,0.08,0.1,4.862824746729723
2010-02-18 18:00:00,2010,2,18,18,1266516000,18.793611389393178,5.128993893740837,99.00679694030387,0.5912873517900228,0.0,0.08,0.11673633124816953,2.4089673726653045
2010-02-19 00:00:00,2010,2,19,0,1266537600,18.007872853932646,6.023366790699116,98.90157269790416,0.9967128654042601,0.0,0.08,0.1,2.101138544748207
2010-02-19 06:00:00,2010,2,19,6,1266559200,23.211270969070508,7.339581570517094,99.67567318734565,0.4500932112586268,0.0,0.08,0.13041546663668518,2.8522196652157157
2010-02-19 12:00:00,2010,2,19,12,1266580800,26.643119912891745,5.402331445452209,98.966235462395,15.586858075641954,0.0,0.08,0.1,4.916576255548686
2010-02-19 18:00:00,2010,2,19,18,1266602400,23.262447321299188,6.280846396087812,99.00343074284265,0.4152816599008714,0.0,0.08,0.1,2.706359304963266
2010-02-20 00:00:00,2010,2,20,0,1266624000,16.712149566430153,8.43163718482876,99.01304904743608,0.8848638461138713,0.0,0.08,0.1,2.154871460081553
2010-02-20 06:00:00,2010,2,20,6,1266645600,20.098319816034714,6.9069577864134555,98.67399817109056,0.41362019753893786,0.0,0.08,0.1,2.8298604066297193
2010-02-20 12:00:00,2010,2,20,12,1266667200,25.47051957516248,9.155800181405521,99.29256989072438,15.936983341001625,0.0,0.08,0.1,4.63484774954593
2010-02-20 18:00:00,2010,2,20,18,1266688800,23.476778268177696,7.477273207319392,99.07290984829353,0.017668332635288903,0.0,0.08,0.1142836625289434,2.763890683739008
2010-02-21 00:00:00,2010,2,21,0,1266710400,15.874724099817547,5.331335597761787,99.08058096943351,0.5344227522731528,0.0,0.08,0.1,2.262107292782765
2010-02-21 06:00:00,2010,2,21,6,1266732000,23.05373224045322,6.100163959695234,99.01002346087002,0.9958648745620274,0.0,0.08,0.1,2.8555547057119153
2010-02-21 12:00:00,2010,2,21,12,1266753600,27.31536443134237,4.962190808257036,98.74905740539856,15.85827636512031,0.0,0.08,0.1,5.005471050406075
2010-02-21 18:00:00,2010,2,21,18,1266775200,22.53496429952004,8.220980150215114,99.08359590196459,0.7579149110148129,0.0,0.08,0.1,2.9254375513153636
2010-02-22 00:00:00,2010,2,22,0,1266796800,19.36079137002352,5.281111983288814,99.30462365654375,0.15334539158447302,0.0,0.08,0.1,2.143894242916364
2010-02-22 06:00:00,2010,2,22,6,1266818400,25.606312073107013,5.770783681142419,99.43980441750026,0.3614454869539919,0.0,0.08,0.1,2.6739445513863576
2010-02-22 12:00:00,2010,2,22,12,1266840000,30.06236397914576,5.790651799740455,99.41580271203681,16.284351814877724,0.0,0.08,0.1,4.8962487661649865
2010-02-22 18:00:00,2010,2,22,18,1266861600,20.25227559941787,5.137381575562338,99.3408130327607,0.21890476869153566,0.0,0.08,0.1,2.681763100412895
2010-02-23 00:00:00,2010,2,23,0,1266883200,18.823282193464216,8.887869172696263,98.75489376040136,0.35950216031594984,0.0,0.08,0.1,2.592326581199359
2010-02-23 06:00:00,2010,2,23,6,1266904800,21.71047065240648,7.281703256583794,99.14935775996273,0.8866276204487765,0.0,0.08,0.1,2.7810413448475693
2010-02-23 12:00:00,2010,2,23,12,1266926400,28.732813125802224,5.395691468404097,99.48541524795857,15.85771485227271,0.0,0.08,0.1,5.141640876404266
2010-02-23 18:00:00,2010,2,23,18,1266948000,21.227282454037912,5.193740618356076,98.67676804805747,0.8850991241859272,0.0,0.08,0.1,2.8371306329573485
2010-02-24 00:00:00,2010,2,24,0,1266969600,14.920572179237546,5.678183106593384,99.09576607514897,0.2825620596648265,0.0,0.08,0.1,2.1110200804899995
2010-02-24 06:00:00,2010,2,24,6,1266991200,24.026226948610624,9.56979016434465,98.9379178183543,0.09623836832179389,0.0,0.08,0.1,2.8678679670569123
2010-02-24 12:00:00,2010,2,24,12,1267012800,28.230362199590484,7.036501551788556,99.44622685111712,16.3373594616612,0.0,0.08,0.1,5.129131521753455
2010-02-24 18:00:00,2010,2,24,18,1267034400,21.731700713432712,5.422991464881388,98.64921302703355,0.2742379725509129,0.0,0.08,0.1,2.370579785193561
2010-02-25 00:00:00,2010,2,25,0,1267056000,20.804519962386397,4.913091263789635,98.52863510426843,0.9680487638418172,0.0,0.08,0.1,2.576807015832227
2010-02-25 06:00:00,2010,2,25,6,1267077600,20.969754980876694,4.86709492056538,99.54970439473328,0.25513387296309453,0.0,0.08,0.1,2.6120694629590933
2010-02-25 12:00:00,2010,2,25,12,1267099200,30.564758127297353,6.44272271136917,98.53343067483125,16.803456952326165,0.0,0.08,0.1,5.505146125175268
2010-02-25 18:00:00,2010,2,25,18,1267120800,21.99523684283173,5.184846290012491,98.51307221389067,0.9703116814605822,0.0,0.08,0.1,2.8796184509705665
2010-02-26 00:00:00,2010,2,26,0,1267142400,19.132003406799683,6.533225504006544,98.9179567999469,0.3644916934849036,0.0,0.08,0.1,2.787560554253802
2010-02-26 06:00:00,2010,2,26,6,1267164000,21.953830350469175,5.185520026438318,99.14369263390569,0.36900640469692225,0.0,0.08,0.1,2.422944242650442
2010-02-26 12:00:00,2010,2,26,12,1267185600,28.47304680812053,7.025959276468849,99.0021418041781,16.895962018086443,0.0,0.08,0.1,5.259179948669321
2010-02-26 18:00:00,2010,2,26,18,1267207200,22.82882500064072,4.809933347127132,98.33009494404165,0.47474789058625516,0.0,0.08,0.1,2.611476032103877
2010-02-27 00:00:00,2010,2,27,0,1267228800,18.831515316060855,6.931673958406654,99.03463645072293,0.7066507553416337,0.0,0.08,0.1,2.405391503708973
2010-02-27 06:00:00,2010,2,27,6,1267250400,25.0195268883101,5.220364708836765,99.37227941244558,0.4637075241232371,7.787600462287178,0.08,0.1,2.8760150016236676
2010-02-27 12:00:00,2010,2,27,12,1267272000,26.7359003438553,5.379992350947343,98.72835562041047,16.483887576369458,0.0,0.08,0.1,4.9518473698773215
2010-02-27 18:00:00,2010,2,27,18,1267293600,21.69915323246663,4.985220417795713,99.18501866878229,0.9297377957898186,0.0,0.08,0.1,2.89023436979992
2010-02-28 00:00:00,2010,2,28,0,1267315200,19.583018553585088,5.053827384278524,99.32220426395493,0.4407149369337664,0.0,0.08,0.1,2.6662753042583085
2010-02-28 06:00:00,2010,2,28,6,1267336800,22.521524445843916,5.756492062965055,98.91076187555879,0.561197949045815,0.0,0.08,0.1,2.3931368331043603
2010-02-28 12:00:00,2010,2,28,12,1267358400,29.142466409746483,6.688681507860884,98.65555127017161,16.935815402828784,0.0,0.08,0.1,5.173103274679802
2010-02-28 18:00:00,2010,2,28,18,1267380000,24.405100123332783,5.74431291364699,98.37788102410725,0.6732862553591676,0.0,0.08,0.1,2.9632875966683057
2010-03-01 00:00:00,2010,3,1,0,1267401600,14.906987893594287,6.3952759096013585,99.11438175073769,0.9627949574190701,0.0,0.08,0.1,2.2933837315194823
2010-03-01 06:00:00,2010,3,1,6,1267423200,23.952997019085245,5.314078666764004,99.08571976927944,0.7400554907572654,0.0,0.08,0.1,2.685252079269805
2010-03-01 12:00:00,2010,3,1,12,1267444800,27.014983618359047,4.8008237609547315,99.14945096927005,17.01687712779517,0.0,0.08,0.1,4.762225576248743
2010-03-01 18:00:00,2010,3,1,18,1267466400,25.110394514173777,4.9733701830692585,98.89593145577615,0.3977268280086387,0.0,0.08,0.1,2.9015150295269567
2010-03-02 00:00:00,2010,3,2,0,1267488000,17.621042208639388,5.995631102758727,98.79817610776257,0.41452664050624777,0.0,0.08,0.1,2.1349032607018663
2010-03-02 06:00:00,2010,3,2,6,1267509600,24.07030231102256,5.4811715368248715,98.42730706137834,0.08048266987675157,0.0,0.08,0.1,2.8015775819435187
2010-03-02 12:00:00,2010,3,2,12,1267531200,27.24088566450865,5.801181341593403,99.24361334906571,17.064982265737,0.0,0.08,0.1,5.164058363719981
2010-03-02 18:00:00,2010,3,2,18,1267552800,23.80163016077619,6.346926190239834,98.51421417212883,0.0330632323346034,0.0,0.08,0.1,2.9254641581525416
2010-03-03 00:00:00,2010,3,3,0,1267574400,17.199944348906183,5.242096108706568,98.83878251182318,0.14452757079326717,0.0,0.08,0.11453184529723098,2.3396740118651076
2010-03-03 06:00:00,2010,3,3,6,1267596000,23.752672186381293,5.788434478131711,99.231302917581,0.8026396884856649,0.0,0.08,0.1,2.8197972784710283
2010-03-03 12:00:00,2010,3,3,12,1267617600,28.2397646703724,6.131615086719863,98.75638441132111,16.601970144612384,0.0,0.08,0.1,5.068982922642911
2010-03-03 18:00:00,2010,3,3,18,1267639200,24.876683093169348,5.27448497940108,98.67869859484725,0.21951198365079672,0.0,0.08,0.1,3.1044507382194366
2010-03-04 00:00:00,2010,3,4,0,1267660800,16.546380085141788,7.14155374321604,99.23004308073143,0.8497071053141889,0.0,0.08,0.1,2.309766491793227
2010-03-04 06:00:00,2010,3,4,6,1267682400,25.51189551028353,6.973736268371132,98.9819697237454,0.385987227135387,0.0,0.08,0.1,2.6561494751503623
2010-03-04 12:00:00,2010,3,4,12,1267704000,31.330901793323417,5.027113622432875,98.81342408354257,16.942244931148753,4.135583510809998,0.08,0.1,5.409860098157935
2010-03-04 18:00:00,2010,3,4,18,1267725600,24.214805760253878,4.885066195888161,99.03029999598935,0.5395055035047207,0.0,0.08,0.1,2.7942652934834107
2010-03-05 00:00:00,2010,3,5,0,1267747200,17.117962399858715,5.088431629855112,98.92094432618512,0.2238267612334196,0.0,0.08,0.1,2.132238000070827
2010-03-05 06:00:00,2010,3,5,6,1267768800,22.885410200854917,6.451211583978921,98.3257294294598,0.7608961578166502,0.0,0.08,0.1,2.8871793229585467
2010-03-05 12:00:00,2010,3,5,12,1267790400,27.706198127957432,5.309359517210756,98.6357516963145,17.26792142335921,0.0,0.08,0.1,5.250139859008112
2010-03-05 18:00:00,2010,3,5,18,1267812000,24.407973246050254,5.83102938184392,99.29695740926854,0.740947280435683,0.0,0.08,0.1,3.0609804605073503
2010-03-06 00:00:00,2010,3,6,0,1267833600,19.288341548741414,7.309699268335841,98.69963017934538,0.29332075414085035,0.0,0.08,0.1,2.659310355383778
2010-03-06 06:00:00,2010,3,6,6,1267855200,25.86715524807016,5.682821290647606,98.75155976931696,0.17118847355673716,0.0,0.08,0.1,3.171152453250399
2010-03-06 12:00:00,2010,3,6,12,1267876800,28.7923791204813,5.887498317233103,99.05136166981127,17.547589528650292,0.0,0.08,0.1,5.283243061381267
2010-03-06 18:00:00,2010,3,6,18,1267898400,22.226399024151032,4.941077310326868,99.08513907067163,0.35133928584773816,0.0,0.08,0.1,2.625795418982601
2010-03-07 00:00:00,2010,3,7,0,1267920000,17.581864140042484,7.923528504393787,99.2234139923097,0.07792092487016067,0.0,0.08,0.1,2.3481877383443606
2010-03-07 06:00:00,2010,3,7,6,1267941600,23.459085685068022,4.898380889694482,98.89539700011588,0.5190957442743633,0.0,0.08,0.1267466222836413,2.800092715586175
2010-03-07 12:00:00,2010,3,7,12,1267963200,28.99768908896457,5.618600789560096,99.16938006019608,17.585971915519675,0.0,0.08,0.1,5.480462295340958
2010-03-07 18:00:00,2010,3,7,18,1267984800,23.277029583677464,6.462656990132697,98.79827269854987,0.28475961070193395,0.0,0.08,0.1,3.0195830254114626
2010-03-08 00:00:00,2010,3,8,0,1268006400,20.41881382378986,5.388417786759914,99.21954152562905,0.05700140918985919,0.0,0.08,0.1,2.637618013809646
2010-03-08 06:00:00,2010,3,8,6,1268028000,24.69099394761933,6.212248047248872,99.40828129734052,0.89230799234465,0.0,0.08,0.1,3.0384591373299625
2010-03-08 12:00:00,2010,3,8,12,1268049600,27.364499614726117,5.427021508287259,98.42600677798117,17.138330339929087,0.0,0.08,0.1,5.31136344664892
2010-03-08 18:00:00,2010,3,8,18,1268071200,22.636366427547088,6.785134485480604,99.61206896580454,0.6180465413781823,0.0,0.08,0.1,3.0041113342548256
2010-03-09 00:00:00,2010,3,9,0,1268092800,23.164882803627243,5.8216472781458215,99.44739439357643,0.17751666995147086,0.0,0.08,0.1,2.9135760625630773
2010-03-09 06:00:00,2010,3,9,6,1268114400,26.013368695290662,6.188965884610097,99.19807651120409,0.5588389857324882,0.0,0.08,0.1,2.983648107034662
2010-03-09 12:00:00,2010,3,9,12,1268136000,29.978170812224402,6.485407858115142,98.87825296499099,17.371591781627792,0.0,0.08,0.1,5.2169275410747105
2010-03-09 18:00:00,2010,3,9,18,1268157600,22.613522857743163,6.119049744747652,98.20127153341048,0.9732972714784545,0.0,0.08,0.1,2.4781283940546865
2010-03-10 00:00:00,2010,3,10,0,1268179200,18.288406886979924,7.040361972896923,99.00224110517716,0.18202070902291823,0.0,0.08,0.1,2.3239258016813213
2010-03-10 06:00:00,2010,3,10,6,1268200800,24.170061355824906,5.821397253695438,98.73229259079437,0.6265781636042622,0.0,0.08,0.1,3.078635633257552
2010-03-10 12:00:00,2010,3,10,12,1268222400,30.3806018677177,6.6576693147817085,99.42137096009345,17.820150772744633,0.0,0.08,0.1,5.726448435790355
2010-03-10 18:00:00,2010,3,10,18,1268244000,26.356276678017785,6.500819754650819,99.47204584543266,0.11050962154929075,0.0,0.08,0.1,2.8665707788875925
2010-03-11 00:00:00,2010,3,11,0,1268265600,18.86948827773291,8.212541522777812,98.81395727679173,0.5918313053432595,0.0,0.08,0.1,2.772075942824949
2010-03-11 06:00:00,2010,3,11,6,1268287200,25.941321607224786,5.186503057952608,99.12662852827593,0.6858440071322699,0.0,0.08,0.1,2.897492896997265
2010-03-11 12:00:00,2010,3,11,12,1268308800,32.241869966702566,6.9342234896252855,97.97596338840964,17.888838245194776,0.0,0.08,0.1,5.662821067487847
2010-03-11 18:00:00,2010,3,11,18,1268330400,25.486834363698293,5.973794642446926,98.44696824372946,0.5069105351448853,0.0,0.08,0.1,2.8352374886030267
2010-03-12 00:00:00,2010,3,12,0,1268352000,18.28358332016215,4.953748081235521,98.59551284144729,0.452997306290844,0.0,0.08,0.1,2.614616989017797
2010-03-12 06:00:00,2010,3,12,6,1268373600,24.392612801802645,9.462634760517007,98.59897790375196,0.6949901241682575,0.0,0.08,0.1,3.380605635678833
2010-03-12 12:00:00,2010,3,12,12,1268395200,29.23799739362793,6.131130233278132,98.75257332712356,18.07028403500767,0.0,0.08,0.1,5.103485212287039
2010-03-12 18:00:00,2010,3,12,18,1268416800,25.668837955094688,5.111970289725963,98.89640701398386,0.38740400092012583,0.0,0.08,0.1,2.8584019615314946
2010-03-13 00:00:00,2010,3,13,0,1268438400,18.95049915541702,6.686731066928521,98.7550995845914,0.44108654418160365,0.0,0.08,0.1,2.6272696131864044
2010-03-13 06:00:00,2010,3,13,6,1268460000,28.470659517163458,6.059005610484951,99.29410204946113,0.30503939110951483,0.0,0.08,0.1,3.0856441939039976
2010-03-13 12:00:00,2010,3,13,12,1268481600,27.602787789606772,5.038434449985081,98.91612015431726,17.88938209658723,0.0,0.08,0.1,5.14990098755834
2010-03-13 18:00:00,2010,3,13,18,1268503200,24.098763377575644,5.713255149162995,98.92678710371013,0.09204516600604651,0.0,0.08,0.1,2.5600079946047893
2010-03-14 00:00:00,2010,3,14,0,1268524800,20.36998101290884,5.957867306592729,98.90194728801343,0.31530116247700946,0.0,0.08,0.1,2.443224073055902
2010-03-14 06:00:00,2010,3,14,6,1268546400,22.51375383221207,9.586026304778322,98.71307504679001,0.276430265947717,0.0,0.08,0.1,2.8310768064339378
2010-03-14 12:00:00,2010,3,14,12,1268568000,30.24399123183673,6.467401109571155,98.92755086798189,17.90726921835078,0.0,0.08,0.1,5.335048475825026
2010-03-14 18:00:00,2010,3,14,18,1268589600,22.63380715206587,6.449367884152952,99.0711066962297,0.5685570304361348,0.0,0.08,0.1,2.8780464667883203
2010-03-15 00:00:00,2010,3,15,0,1268611200,21.034679055402435,8.51739471586107,98.46001014579312,0.40418782547140286,0.0,0.08,0.1,2.8042254403815776
2010-03-15 06:00:00,2010,3,15,6,1268632800,26.17162485264059,4.96576111102088,98.26215041416381,0.5848071878430635,0.0,0.08,0.1,2.8135855192883046
2010-03-15 12:00:00,2010,3,15,12,1268654400,30.15998460221008,5.687717285860946,99.1317578564677,17.573609898836242,0.0,0.08,0.1,5.220061284423329
2010-03-15 18:00:00,2010,3,15,18,1268676000,24.019230093826888,5.879273202999527,98.86516985444945,0.15189619870282958,23.614848402586965,0.24669637599345728,0.1,3.216139751239887
2010-03-16 00:00:00,2010,3,16,0,1268697600,19.633496808569276,6.4487082775184925,98.88487156220445,0.5612292500114219,0.0,0.08,0.1,2.524386694424564
2010-03-16 06:00:00,2010,3,16,6,1268719200,28.29933431444304,8.855486874149053,98.40168289298626,0.6976810365514372,0.0,0.08,0.1,2.9381525656329464
2010-03-16 12:00:00,2010,3,16,12,1268740800,28.65329085497004,4.9895706879812005,98.65149398178035,18.097311414696133,0.0,0.08,0.1,5.334623674702129
2010-03-16 18:00:00,2010,3,16,18,1268762400,25.653559122672824,5.008686470028632,98.76081598990257,0.25478569466043605,0.0,0.08,0.1,3.234253921275788
2010-03-17 00:00:00,2010,3,17,0,1268784000,18.91070095698721,5.666544185640689,98.36169843547022,0.0991049651179573,0.0,0.08,0.1,1.9833157959262855
2010-03-17 06:00:00,2010,3,17,6,1268805600,25.12907538022608,6.567853579169812,98.79848211517843,0.9264386254740549,0.0,0.08,0.1,2.9290382267150163
2010-03-17 12:00:00,2010,3,17,12,1268827200,26.574504676770324,5.288797417436345,98.9258654296816,18.03366275851853,8.972577438208589,0.09478390780517124,0.1,5.078039741876306
2010-03-17 18:00:00,2010,3,17,18,1268848800,25.583134073542574,6.203559761531544,98.79640271010283,0.08731717975290991,0.0,0.08,0.1,3.06534448186777
2010-03-18 00:00:00,2010,3,18,0,1268870400,21.849613041669876,5.180032128645642,98.91448043282732,0.7334744015777864,0.0,0.08,0.1,2.439503666252768
2010-03-18 06:00:00,2010,3,18,6,1268892000,23.282086706128265,5.567448125377855,99.22262196789006,0.021261240727681763,0.0,0.08,0.1,2.909576812020059
2010-03-18 12:00:00,2010,3,18,12,1268913600,32.0243279435819,11.763040342822006,99.18180818513446,18.394235631814738,0.0,0.08,0.1,6.053423087101172
2010-03-18 18:00:00,2010,3,18,18,1268935200,28.714210375653373,5.410273410199636,98.44219980221757,0.09306954815273644,0.0,0.08,0.1,3.0053309476246417
2010-03-19 00:00:00,2010,3,19,0,1268956800,21.359604891889457,6.976487997228466,98.31350825606326,0.7084057237089395,0.0,0.08,0.1,2.7720972729639133
2010-03-19 06:00:00,2010,3,19,6,1268978400,26.64738136805656,6.831281730883145,98.47655851519549,0.8991182283542145,0.0,0.08,0.1,3.1705178379382564
2010-03-19 12:00:00,2010,3,19,12,1269000000,31.02069399660097,5.680198086663278,98.73457268690544,18.307107011095418,0.0,0.08,0.1,5.461726295703276
2010-03-19 18:00:00,2010,3,19,18,1269021600,26.446410334802845,5.847943834430673,98.50413473201866,0.042970752308598995,0.0,0.08,0.1,2.96641018603367
2010-03-20 00:00:00,2010,3,20,0,1269043200,21.552358192041666,7.396668226288034,99.1835823557611,0.4207538433646951,0.0,0.08,0.1,2.900339300886753
2010-03-20 06:00:00,2010,3,20,6,1269064800,23.435882740746624,5.059592071984007,98.53175934839983,0.1416233911554149,0.0,0.08,0.1,3.2688746875841845
2010-03-20 12:00:00,2010,3,20,12,1269086400,31.834132531869344,7.050728191472576,98.55254564411135,18.250377102682897,0.0,0.08,0.1,5.509044108379023
2010-03-20 18:00:00,2010,3,20,18,1269108000,26.63291061122429,6.164834149092757,99.00739964820501,0.47394043759395926,0.0,0.08,0.1,3.0105721374377414
2010-03-21 00:00:00,2010,3,21,0,1269129600,20.82739426694269,8.781854602449723,98.6872731244182,0.08747435849523477,0.0,0.08,0.1,2.320429415566797
2010-03-21 06:00:00,2010,3,21,6,1269151200,24.70895568058973,6.041974042561868,98.48369288172385,0.5945197201741732,0.0,0.08,0.1,3.2448578319367045
2010-03-21 12:00:00,2010,3,21,12,1269172800,31.94536521276678,5.971088960536212,98.51732675832939,17.988441798535302,0.0,0.08,0.1,5.350666234550153
2010-03-21 18:00:00,2010,3,21,18,1269194400,25.226968401797016,8.25556704037291,98.20353553652765,0.7414172582397613,0.0,0.08,0.1,2.837290710680346
2010-03-22 00:00:00,2010,3,22,0,1269216000,20.847091811004038,5.816362916719638,98.53303932132556,0.6707657672578214,8.529423216850327,0.10031218222860869,0.1,3.1947601896323503
2010-03-22 06:00:00,2010,3,22,6,1269237600,25.22226890759492,6.0709209915679745,98.24829991277942,0.3400739305878747,0.0,0.08,0.1,2.8657863958246845
2010-03-22 12:00:00,2010,3,22,12,1269259200,31.647374405533075,6.759917684154869,98.2893658031225,18.096394916828803,0.0,0.08,0.1,5.262797987174811
2010-03-22 18:00:00,2010,3,22,18,1269280800,24.930929572710674,5.525676081500259,98.84883122611033,0.8080020682341662,0.0,0.08,0.1,2.518645256289296
2010-03-23 00:00:00,2010,3,23,0,1269302400,17.3860206320791,7.360975565999459,98.87989652386705,0.7097160122445922,0.0,0.08,0.1,2.780875327949598
2010-03-23 06:00:00,2010,3,23,6,1269324000,26.910690742157037,7.2455649907811255,99.42077323816622,0.3540100944828357,0.0,0.08,0.1,3.413449130790136
2010-03-23 12:00:00,2010,3,23,12,1269345600,29.077475181654588,7.6036098564399035,99.07270606442319,18.404510835439822,0.0,0.08,0.1,5.384183316727296
2010-03-23 18:00:00,2010,3,23,18,1269367200,24.686671862610336,10.5927846000118,98.97360683791004,0.4132348794905989,0.0,0.08,0.1,3.3537371527062367
2010-03-24 00:00:00,2010,3,24,0,1269388800,21.855715488845977,8.143797529719503,98.50046997025092,0.9671039010295893,0.0,0.08,0.1,2.9710827988701594
2010-03-24 06:00:00,2010,3,24,6,1269410400,26.225948187649443,6.608981112266927,98.68674332130175,0.36466912774831994,0.0,0.08,0.1,2.8205815687391205
2010-03-24 12:00:00,2010,3,24,12,1269432000,30.116448754220638,5.346330788074502,99.07581794752991,18.401923711891488,0.0,0.08,0.1,5.326462664794632
2010-03-24 18:00:00,2010,3,24,18,1269453600,26.287959985235585,6.167566359201,98.59831012328661,0.7670336894096881,0.0,0.08,0.1,3.240685880474582
2010-03-25 00:00:00,2010,3,25,0,1269475200,24.160128124076138,5.271163423480627,98.9117725842885,0.705333336954741,0.0,0.08,0.1,2.873429007405871
2010-03-25 06:00:00,2010,3,25,6,1269496800,26.142639133200753,6.541644946964904,98.81801561551721,0.15650616282654461,0.0,0.08,0.1,3.2142488259423487
2010-03-25 12:00:00,2010,3,25,12,1269518400,33.317950458118744,7.265383373050418,99.02991611414606,19.09804941255466,0.0,0.08,0.1,6.0387893812310125
2010-03-25 18:00:00,2010,3,25,18,1269540000,26.963113718224285,5.318006905410217,98.92205367197315,0.5897798338703665,0.0,0.08,0.1,3.0138406243751557
2010-03-26 00:00:00,2010,3,26,0,1269561600,23.00485117061273,5.086039229668026,98.30472736759482,0.2999754092770386,0.0,0.08,0.1,2.304267498666022
2010-03-26 06:00:00,2010,3,26,6,1269583200,26.26232960502472,4.996367433560361,98.89940680032825,0.3481988400730043,10.016084503753875,0.11381337428593033,0.1,3.32586528979212
2010-03-26 12:00:00,2010,3,26,12,1269604800,32.52138295746476,10.12365385199104,98.4760048392487,19.169583683579408,3.250989402731105,0.08,0.1,6.034845476735257
2010-03-26 18:00:00,2010,3,26,18,1269626400,29.601588743992977,5.378931534679156,98.63718922554385,0.3251863920639963,0.0,0.08,0.1,3.8351685083886355
2010-03-27 00:00:00,2010,3,27,0,1269648000,21.416766677334817,6.302559674923471,98.43508871994005,0.6900222636136959,0.0,0.08,0.1,2.5116417590347426
2010-03-27 06:00:00,2010,3,27,6,1269669600,27.069095066779756,5.4720672119672455,99.05708950165034,0.015210051392663626,0.0,0.08,0.1,3.2048249026662603
2010-03-27 12:00:00,2010,3,27,12,1269691200,30.771908217088367,6.022707867781261,98.59341707423026,18.73066129327638,0.0,0.08,0.1,6.15801697102536
2010-03-27 18:00:00,2010,3,27,18,1269712800,24.763225508041593,5.214250006795502,98.78438928383898,0.2538051355751935,0.0,0.08,0.1,2.5338243484801044
2010-03-28 00:00:00,2010,3,28,0,1269734400,20.32703879515548,5.950498270283445,98.35891373721729,0.874073914538312,0.0,0.08,0.1,2.5544213712017307
2010-03-28 06:00:00,2010,3,28,6,1269756000,27.504123319019122,9.166274242334385,98.50772390694192,0.9555235829568735,0.0,0.08,0.1,3.4924880115620422
2010-03-28 12:00:00,2010,3,28,12,1269777600,33.354375266508114,9.687833648050852,98.1314769134819,19.415901672958906,0.0,0.08,0.1,6.252746171879353
2010-03-28 18:00:00,2010,3,28,18,1269799200,26.737491813394975,5.812649638492648,98.54224164641313,0.2336328453610324,0.0,0.08,0.1,3.1465956575640996
2010-03-29 00:00:00,2010,3,29,0,1269820800,21.614162700345307,6.5726059392415,98.64907089657886,0.3062129191962859,0.0,0.08,0.1,2.459746875083878
2010-03-29 06:00:00,2010,3,29,6,1269842400,28.47681048149677,6.532246930788843,98.5169316287774,0.8054341654240466,3.452389739302279,0.08,0.1,3.140129333639447
2010-03-29 12:00:00,2010,3,29,12,1269864000,31.238888190149076,6.522007487804034,98.27407562612457,18.638725075610378,0.0,0.08,0.1,5.637328851639987
2010-03-29 18:00:00,2010,3,29,18,1269885600,27.179951559374857,6.146226794139167,98.23683161057843,0.9726063896649783,0.0,0.08,0.1,2.8945522099729617
2010-03-30 00:00:00,2010,3,30,0,1269907200,25.931454560065454,5.853099549157244,99.05946152094592,0.8494734025921338,0.0,0.08,0.1,2.812464935786941
2010-03-30 06:00:00,2010,3,30,6,1269928800,31.484347485679628,5.289534483403617,98.49983963625303,0.06583666810496147,0.0,0.08,0.1,3.172856926025969
2010-03-30 12:00:00,2010,3,30,12,1269950400,33.99517158186514,6.281271247089049,98.22890465219602,19.102718118742505,0.0,0.08,0.1,5.831353920415796
2010-03-30 18:00:00,2010,3,30,18,1269972000,27.79683611336591,5.047257589704501,98.36492675341428,0.6821903917609089,0.0,0.08,0.1,2.9573732500372323
2010-03-31 00:00:00,2010,3,31,0,1269993600,24.489928821250196,8.970967409635119,98.39560506732556,0.07944161322451515,0.0,0.08,0.1,3.1084381096830205
2010-03-31 06:00:00,2010,3,31,6,1270015200,24.273352798926993,9.219046954554681,98.56512247816356,0.6755039884156204,0.0,0.08,0.1,3.264029576758198
2010-03-31 12:00:00,2010,3,31,12,1270036800,31.602268201007742,9.760149483900179,98.88844172822787,19.466171175017905,3.6000769162626463,0.08,0.1,6.131562619501935
2010-03-31 18:00:00,2010,3,31,18,1270058400,27.644472115154155,5.101904031602089,98.69317167652964,0.5540193906963692,0.0,0.08,0.1,2.819407870385283
2010-04-01 00:00:00,2010,4,1,0,1270080000,20.209641202884775,5.718701588060332,98.27192672089123,0.39336558898900154,0.0,0.08,0.1,2.2514787788618955
2010-04-01 06:00:00,2010,4,1,6,1270101600,27.11976195651931,6.832096145622661,99.11614524479276,0.11210199050288305,0.0,0.08,0.1,3.167474042643846
2010-04-01 12:00:00,2010,4,1,12,1270123200,31.785042071324906,5.401471292461307,98.8489847489202,19.06114211543939,0.0,0.08,0.1,5.564383833985461
2010-04-01 18:00:00,2010,4,1,18,1270144800,28.013378910002707,7.489192022843245,99.25635103088457,0.8149566264630006,0.0,0.08,0.1,2.9774723269539396
2010-04-02 00:00:00,2010,4,2,0,1270166400,23.07554316098339,5.40449069972503,98.31633591329214,0.8964100570484002,0.0,0.08,0.1,2.8702197526479027
2010-04-02 06:00:00,2010,4,2,6,1270188000,25.445090557020745,5.057636594255082,97.81680869526572,0.6108439532166281,0.0,0.08,0.1,2.6542734642477095
2010-04-02 12:00:00,2010,4,2,12,1270209600,32.76309508690244,5.573541739142447,98.76427753397202,19.206221248027003,0.0,0.08,0.1,5.527654032180511
2010-04-02 18:00:00,2010,4,2,18,1270231200,31.626786446640956,5.786652791797456,98.74627217292502,0.5312070154229834,0.0,0.08,0.1,3.18211621529285
2010-04-03 00:00:00,2010,4,3,0,1270252800,24.204742625554047,5.43645275321563,98.78036762502126,0.20815165777557865,0.0,0.08,0.1,2.88148131363023
2010-04-03 06:00:00,2010,4,3,6,1270274400,26.681281525024026,6.137419170050006,98.05498674093666,0.34303919770616953,5.668244776529337,0.08949951286972291,0.1,2.7165666847900756
2010-04-03 12:00:00,2010,4,3,12,1270296000,30.960802186845196,5.9465527436041,98.02380688755754,19.673959804840347,0.0,0.08,0.1,5.308992962079636
2010-04-03 18:00:00,2010,4,3,18,1270317600,27.97108596693732,14.203480854606344,98.5868048671262,0.3482361079098705,0.0,0.08,0.1,3.595005105833782
2010-04-04 00:00:00,2010,4,4,0,1270339200,22.00183397633166,8.575242736247237,98.20857970581562,0.957452791814639,0.0,0.08,0.1,2.999074863379753
2010-04-04 06:00:00,2010,4,4,6,1270360800,27.79721715298192,8.130612752134462,98.90055866986614,0.9663025250781269,0.0,0.08,0.1,3.3857947511605535
2010-04-04 12:00:00,2010,4,4,12,1270382400,33.752102031008285,5.125716844459149,98.9361794488767,19.305761595682476,0.0,0.08,0.1,5.496425076911697
2010-04-04 18:00:00,2010,4,4,18,1270404000,26.304846628438526,5.568051093027609,98.06099731393081,0.43918600584013023,0.0,0.08,0.1,3.1422933182889845
2010-04-05 00:00:00,2010,4,5,0,1270425600,23.28525922222849,5.810555198167039,98.68110883454864,0.6474798625582351,0.0,0.08,0.1,2.7508351342069925
2010-04-05 06:00:00,2010,4,5,6,1270447200,26.20082849445543,6.769779148010447,98.19576142206887,0.7738471576298753,0.0,0.08,0.1,2.6313352406943276
2010-04-05 12:00:00,2010,4,5,12,1270468800,31.566975865988812,9.63832785420201,98.55178062701971,19.766102766880024,0.0,0.08,0.1,5.848982427688237
2010-04-05 18:00:00,2010,4,5,18,1270490400,28.192317044932313,8.163790016050292,98.52121222821762,0.26962206535641964,0.0,0.08,0.1,3.3161254516478174
2010-04-06 00:00:00,2010,4,6,0,1270512000,23.436204811687457,5.853073131131545,98.69227968863964,0.9694038260372049,0.0,0.08,0.1,3.1088569229023904
2010-04-06 06:00:00,2010,4,6,6,1270533600,29.108328737436587,5.009736158429426,98.50708761414619,0.6787857509639104,0.0,0.08,0.1,3.1980639121003214
2010-04-06 12:00:00,2010,4,6,12,1270555200,33.393920348910996,6.7820905785868115,98.52880796437084,19.505421721092485,0.0,0.08,0.1,6.067746195483286
2010-04-06 18:00:00,2010,4,6,18,1270576800,30.1489108095418,7.253186398321161,98.14669501777475,0.7195739185683381,0.0,0.08,0.1,3.562641337537562
2010-04-07 00:00:00,2010,4,7,0,1270598400,23.638976454896838,8.47333924290273,98.67347980643025,0.6824876742407849,0.0,0.08684260082854663,0.1,2.896062244646711
2010-04-07 06:00:00,2010,4,7,6,1270620000,30.74153977599839,5.091686714809071,98.53944594370161,0.11106101495896892,0.0,0.08,0.1,2.958434594495718
2010-04-07 12:00:00,2010,4,7,12,1270641600,31.344267382720734,7.272246688802182,98.32962274642685,19.755832860605473,0.0,0.08,0.1,5.794853470808916
2010-04-07 18:00:00,2010,4,7,18,1270663200,28.363251339963107,5.477858124403941,98.35407147073946,0.9867461455925834,0.0,0.08,0.1,3.4187089932962467
2010-04-08 00:00:00,2010,4,8,0,1270684800,24.24480043236809,8.424146940510274,98.5445917960407,0.6219607746447451,0.0,0.08,0.1,3.212569501529534
2010-04-08 06:00:00,2010,4,8,6,1270706400,26.88579465064016,6.174134392040095,97.97030847502477,0.909886217377718,0.0,0.08,0.1,3.3121597766387745
2010-04-08 12:00:00,2010,4,8,12,1270728000,33.02569321188824,5.40090558249,98.34611974958779,19.931253017916298,0.0,0.08,0.1,5.81178242873626
2010-04-08 18:00:00,2010,4,8,18,1270749600,28.094078153450955,9.856082743089935,98.50355670289369,0.43811012490941253,0.0,0.08,0.1,3.2710866753410426
2010-04-09 00:00:00,2010,4,9,0,1270771200,22.912750107373732,10.67758813538343,98.72016319959226,0.3075153043759621,0.0,0.08,0.1,3.1077285369501544
2010-04-09 06:00:00,2010,4,9,6,1270792800,29.769148560211352,8.871290763924009,97.76332627912251,0.5078944401785537,0.0,0.08555061244617748,0.1,3.5812378310127184
2010-04-09 12:00:00,2010,4,9,12,1270814400,34.09091381824715,6.025419556576007,98.01842501836825,19.671332545595096,6.14893671248798,0.10095078073905275,0.1,5.490249138539997
2010-04-09 18:00:00,2010,4,9,18,1270836000,29.181239819576984,5.111990081397995,98.36611692143441,0.6063694754522406,0.0,0.08,0.1,3.1615767615576873
2010-04-10 00:00:00,2010,4,10,0,1270857600,23.036769140972883,6.7339865041628135,98.57220691662926,0.8290993506707983,0.0,0.08,0.1,2.9119999075913205
2010-04-10 06:00:00,2010,4,10,6,1270879200,29.363432645058904,8.22749202019759,98.30756660533133,0.7081948574606745,0.0,0.08,0.1,3.5344859563506965
2010-04-10 12:00:00,2010,4,10,12,1270900800,31.76254464247155,7.150594960291457,98.56739629036504,20.018986927159723,3.972852555769868,0.08,0.1,5.646210470692307
2010-04-10 18:00:00,2010,4,10,18,1270922400,28.56070140809232,6.570650585803044,98.19499832390619,0.5405449126226913,5.752184272321012,0.11759446227920202,0.1,3.4890425629782733
2010-04-11 00:00:00,2010,4,11,0,1270944000,24.729699737164932,6.246110797232851,98.67496774220649,0.7582208538065494,0.0,0.08,0.1,2.65334052041448
2010-04-11 06:00:00,2010,4,11,6,1270965600,28.1969397481865,9.721717210015399,98.159112394493,0.18033729940725296,0.0,0.08,0.1,3.2522289158221107
2010-04-11 12:00:00,2010,4,11,12,1270987200,33.329438908809685,10.562759955206051,98.67061592072373,19.933126031950312,0.0,0.08,0.1,6.355949116763641
2010-04-11 18:00:00,2010,4,11,18,1271008800,27.687523008294857,6.537584185177559,98.71612695965699,0.9791963231470907,0.0,0.08,0.1,3.593972708690713
2010-04-12 00:00:00,2010,4,12,0,1271030400,23.191741638913317,5.440472616523652,98.44659446738792,0.022767915077081424,0.0,0.08,0.1,2.4939158084144184
2010-04-12 06:00:00,2010,4,12,6,1271052000,30.099344866341433,5.82398397230639,98.3574271445024,0.03480240501301457,0.0,0.08,0.1,3.1854712443360578
2010-04-12 12:00:00,2010,4,12,12,1271073600,31.51409089237814,5.29819352670774,99.03714844717629,20.467914767166274,0.0,0.08,0.1,5.9661308003762
2010-04-12 18:00:00,2010,4,12,18,1271095200,29.538312994161917,5.32476189126849,98.64251045516559,0.4530743580999531,0.0,0.08,0.1,3.1448052880396293
2010-04-13 00:00:00,2010,4,13,0,1271116800,23.82553480076953,5.326189181519786,98.533358996758,0.1742032458360555,0.0,0.08,0.1,2.8559841512987214
2010-04-13 06:00:00,2010,4,13,6,1271138400,28.368570836406267,4.981972215642903,98.00872844709889,0.014493194787345787,0.0,0.09662332950226105,0.1,2.8352198593690625
2010-04-13 12:00:00,2010,4,13,12,1271160000,34.609449224891826,4.975041338342261,98.64327182968673,20.676449955767232,0.0,0.08,0.1,6.3614439319949065
2010-04-13 18:00:00,2010,4,13,18,1271181600,27.48287679622488,7.394126876445187,98.25897659294516,0.9761500502081852,0.0,0.08,0.1,3.2960752320528615
2010-04-14 00:00:00,2010,4,14,0,1271203200,24.64369213750609,5.890193368659109,98.91402599453093,0.6740632976480787,0.0,0.08,0.1,2.9534384760216574
2010-04-14 06:00:00,2010,4,14,6,1271224800,28.52830441415381,5.0090984427909655,98.18476874492964,0.8213694959892175,0.0,0.08,0.1,3.0748709028436236
2010-04-14 12:00:00,2010,4,14,12,1271246400,33.06738657346173,7.6238266104801,98.35615744175699,20.173142172709163,0.0,0.08,0.1,5.7572886378269965
2010-04-14 18:00:00,2010,4,14,18,1271268000,28.951898454238954,5.886440855181769,98.22136942050065,0.9570478562674977,0.0,0.08,0.1,3.567175279409897
2010-04-15 00:00:00,2010,4,15,0,1271289600,25.094961449676084,5.690497080336173,98.28608644438496,0.5048599029994367,0.0,0.08,0.1,3.0203087139512643
2010-04-15 06:00:00,2010,4,15,6,1271311200,29.68215527640903,5.001882664610536,98.26023572984336,0.214310386088013,0.0,0.08,0.1,2.8967782465460323
2010-04-15 12:00:00,2010,4,15,12,1271332800,33.827794140739826,5.6080963782950395,97.72946220738972,20.583423895704236,0.0,0.08220383980202695,0.1,6.007725676024195
2010-04-15 18:00:00,2010,4,15,18,1271354400,28.919707717493218,4.982178568186022,98.07260991403514,0.2032499701226379,0.0,0.08,0.1,3.3701485918735834
2010-04-16 00:00:00,2010,4,16,0,1271376000,23.246040038732783,5.184220633377391,98.03280569001707,0.9306791029392778,0.0,0.08,0.1,2.78222027788874
2010-04-16 06:00:00,2010,4,16,6,1271397600,28.741222768910408,6.003188491071957,98.36850918357722,0.4662882095614408,0.0,0.08496348183163549,0.1,3.427745250337818
2010-04-16 12:00:00,2010,4,16,12,1271419200,33.895122743771935,5.7887837028784,98.37242446702466,20.350662075221514,0.0,0.08,0.1,6.2073382029050155
2010-04-16 18:00:00,2010,4,16,18,1271440800,27.528796208973564,5.0595764956665015,97.9811984584663,0.594732252666463,0.0,0.08,0.1,3.2805370636673024
2010-04-17 00:00:00,2010,4,17,0,1271462400,21.2467044454674,5.00819694471696,98.46534378849192,0.269866607630618,0.0,0.08,0.1,2.3921041327584316
2010-04-17 06:00:00,2010,4,17,6,1271484000,28.06845168587796,6.504174915561948,98.26492603780451,0.9088569763706807,0.0,0.08,0.1,3.3236723150926055
2010-04-17 12:00:00,2010,4,17,12,1271505600,35.82661528062855,5.2545471755664295,98.39330478051545,20.576780885001533,0.0,0.08265039858761529,0.1,6.376595754858441
2010-04-17 18:00:00,2010,4,17,18,1271527200,30.754658282289917,9.047081584560487,98.36191771962226,0.14605558716953518,0.0,0.08,0.1,3.5847889194259017
2010-04-18 00:00:00,2010,4,18,0,1271548800,26.46614956487379,6.238615433725256,97.85469052851751,0.8864843079951524,0.0,0.10407721701487915,0.1,3.410954416224361
2010-04-18 06:00:00,2010,4,18,6,1271570400,29.796500287887582,5.1779653765948055,98.20477980258579,0.3602878692159662,0.0,0.10275313073913708,0.1,3.6349943774544298
2010-04-18 12:00:00,2010,4,18,12,1271592000,35.71640486044446,6.946210274327955,98.43840810564598,20.90471235373835,0.0,0.08532311072476707,0.1,6.355852335348072
2010-04-18 18:00:00,2010,4,18,18,1271613600,29.596437316234613,7.190776051449138,98.29154742892986,0.8550170594341086,0.0,0.08,0.1,3.495201959362256
2010-04-19 00:00:00,2010,4,19,0,1271635200,21.335872760799308,6.3916527671093695,98.27961757980907,0.5033190550261795,0.0,0.08242083088100079,0.1,2.869371764448393
2010-04-19 06:00:00,2010,4,19,6,1271656800,30.744511194358978,6.849729654579561,98.23047922051477,0.92713773703079,0.0,0.09709002074418781,0.1,3.360131159699414
2010-04-19 12:00:00,2010,4,19,12,1271678400,32.90521931777155,9.505979142782548,97.97510821678827,21.088554554314133,0.0,0.08740962924428808,0.1,6.437990450004419
2010-04-19 18:00:00,2010,4,19,18,1271700000,28.53210594678066,5.254348201317657,98.37522225554167,0.37752079990655035,0.0,0.09197602009692482,0.1,3.0186875434426805
2010-04-20 00:00:00,2010,4,20,0,1271721600,27.175012362015874,7.3174397689700434,97.85504910748936,0.12414103376551844,0.0,0.08,0.1,3.286872095053375
2010-04-20 06:00:00,2010,4,20,6,1271743200,27.82434274122856,5.730933085671215,98.06067785651688,0.8440003567819655,0.0,0.08164780991214943,0.1,3.251035697143699
2010-04-20 12:00:00,2010,4,20,12,1271764800,31.99348390423159,5.811563652983713,97.7833866076235,21.07488015927843,0.0,0.08,0.1,5.883789417868363
2010-04-20 18:00:00,2010,4,20,18,1271786400,31.485800106542566,6.391315414970419,98.31046804456432,0.7054084166458633,0.0,0.08,0.1,3.5778098155454616
2010-04-21 00:00:00,2010,4,21,0,1271808000,22.09785960675955,5.7148272095634205,98.2222575619013,0.1708062368643205,0.0,0.08,0.1,2.6494190747677333
2010-04-21 06:00:00,2010,4,21,6,1271829600,25.804183600756005,4.990306022633589,98.40558188773026,0.03734533333112933,0.0,0.08,0.1,2.6167258214668245
2010-04-21 12:00:00,2010,4,21,12,1271851200,32.93338277632547,5.064644718342954,98.15605504711311,20.72756959719993,0.0,0.08720674344242574,0.1,5.861135225002334
2010-04-21 18:00:00,2010,4,21,18,1271872800,30.195606583008924,6.933315297648223,98.03822222834145,0.9823996262833002,0.0,0.08,0.1,3.2614790442361827
2010-04-22 00:00:00,2010,4,22,0,1271894400,25.884842237369273,5.2293553493157665,98.21060887931702,0.4705104007324954,0.0,0.1078758358811231,0.1,2.9016668093278772
2010-04-22 06:00:00,2010,4,22,6,1271916000,30.93415702594197,5.553308938234091,98.58828540906745,0.6659466163104127,0.0,0.08,0.1,3.3324222046889322
2010-04-22 12:00:00,2010,4,22,12,1271937600,36.236331439909364,5.12152187249679,98.6747626432313,20.689503594522474,0.0,0.10936722247271558,0.1,6.455085482452941
2010-04-22 18:00:00,2010,4,22,18,1271959200,29.424263420285172,5.872251981297684,98.24523918328889,0.6640393585722271,0.0,0.10349089158304012,0.1,3.2057675179097553
2010-04-23 00:00:00,2010,4,23,0,1271980800,27.11663480186331,5.1365162941267615,98.74290618155473,0.873891141635822,0.0,0.09013349888063538,0.1,2.851377284226641
2010-04-23 06:00:00,2010,4,23,6,1272002400,31.664107278287307,9.431367830330512,98.37765220779652,0.6624820927942872,0.0,0.08455028569704244,0.1,3.378285752691995
2010-04-23 12:00:00,2010,4,23,12,1272024000,34.20928636839771,10.748484683437155,98.18396528929257,20.977867338036003,0.0,0.08,0.1,6.1827120755018
2010-04-23 18:00:00,2010,4,23,18,1272045600,30.17192482545233,5.11999665531068,97.97031942463288,0.3022607060121192,0.0,0.09502000973741884,0.1,3.149918176184433
2010-04-24 00:00:00,2010,4,24,0,1272067200,28.3915844761187,6.3756032509946925,98.32726649783018,0.09539692582190384,0.0,0.08,0.1,2.9580843800983483
2010-04-24 06:00:00,2010,4,24,6,1272088800,30.899955132667113,7.870957625509702,97.91972246911308,0.9641168457642784,0.0,0.08638903910615985,0.1,3.5084772641570687
2010-04-24 12:00:00,2010,4,24,12,1272110400,39.12033012909272,5.819397038314934,97.68733874716523,20.988892205708172,0.0,0.10215584174588824,0.1,6.496149124604539
2010-04-24 18:00:00,2010,4,24,18,1272132000,26.871984815574983,4.908437154204747,98.0242511521111,0.026376472808737877,0.0,0.08,0.1,3.0181293661611917
2010-04-25 00:00:00,2010,4,25,0,1272153600,24.600655115104225,4.972572619950033,98.07911153121404,0.9790635555830025,0.0,0.0870261555716983,0.1,2.6392991582544223
2010-04-25 06:00:00,2010,4,25,6,1272175200,29.337562911943408,6.464677599232344,98.05903751680998,0.8820002280836303,0.0,0.08616394624353912,0.1,3.2563507618106096
2010-04-25 12:00:00,2010,4,25,12,1272196800,33.60784706973305,6.484168913817275,98.21789295623398,21.575235243987876,0.0,0.10272520218570447,0.1,6.176037126477347
2010-04-25 18:00:00,2010,4,25,18,1272218400,28.832682152122754,6.4434236666802995,98.36220884825937,0.4218710011876421,0.0,0.10408948013593103,0.1,3.178189442153937
2010-04-26 00:00:00,2010,4,26,0,1272240000,26.06351113030502,6.012199301626229,97.49427305488557,0.5540036633209371,0.0,0.09420856173775503,0.1,2.722325379122562
2010-04-26 06:00:00,2010,4,26,6,1272261600,29.802985691228766,9.073064856355803,97.9202545992958,0.8279135713637897,0.0,0.09476611419419749,0.1,3.808640002988292
2010-04-26 12:00:00,2010,4,26,12,1272283200,35.78030186432118,6.574309281443735,97.81875205225775,21.58264249805952,0.0,0.08946966058536793,0.1,6.535439989506503
2010-04-26 18:00:00,2010,4,26,18,1272304800,29.480212963032603,4.872156121248832,97.57448396917562,0.057939996920232106,0.0,0.11482355410181058,0.1,2.7753858625239385
2010-04-27 00:00:00,2010,4,27,0,1272326400,25.000182668986728,6.169284171509675,98.08087385768323,0.7070510284295616,0.0,0.09970546511749329,0.1,2.9544006677237857
2010-04-27 06:00:00,2010,4,27,6,1272348000,26.968637641305726,6.662849097420534,98.03902949768744,0.570398123916679,0.0,0.10182077587022739,0.1,3.168685155938525
2010-04-27 12:00:00,2010,4,27,12,1272369600,37.067788613821286,5.378576156141387,98.27228034441058,21.097316721531513,0.0,0.08,0.1,6.387372179390908
2010-04-27 18:00:00,2010,4,27,18,1272391200,33.22480989172793,6.933813303620254,97.46848121229665,0.5556498216383099,0.0,0.0972641536131631,0.1,4.134340209909877
2010-04-28 00:00:00,2010,4,28,0,1272412800,25.817197738176684,6.806040641367535,97.32501947165314,0.5801453633070229,0.0,0.12373535588215336,0.1,3.032588284091951
2010-04-28 06:00:00,2010,4,28,6,1272434400,31.2855354028034,5.2460666615621925,98.09340912443608,0.10166573668090495,0.0,0.0906159741689531,0.1,3.5084808280507516
2010-04-28 12:00:00,2010,4,28,12,1272456000,34.267589681977356,12.885812966936543,98.27385780894342,21.532652339939787,0.0,0.09554105686064943,0.1,6.4883683692242204
2010-04-28 18:00:00,2010,4,28,18,1272477600,27.99785326600186,5.790005226879729,98.1341045609964,0.07895383803916024,0.0,0.08776735327053856,0.1,3.1154264029761105
2010-04-29 00:00:00,2010,4,29,0,1272499200,25.569267222890165,5.5669300231408,97.74721179074398,0.0780183926645529,0.0,0.13438168569392822,0.1,2.9499662469786947
2010-04-29 06:00:00,2010,4,29,6,1272520800,28.85226974596693,5.3453787780488655,97.77761688161658,0.6768185931260741,0.0,0.08,0.1,3.482516922925801
2010-04-29 12:00:00,2010,4,29,12,1272542400,38.14101113180141,6.938454660539638,97.88324750565863,21.90579628817843,0.0,0.12050783516831949,0.1,6.911265475565582
2010-04-29 18:00:00,2010,4,29,18,1272564000,32.42170080299641,4.936855908077652,97.88538008233714,0.4385004886950181,0.0,0.08626978607357015,0.1,3.892922618685005
2010-04-30 00:00:00,2010,4,30,0,1272585600,27.540401896817205,8.853924556953018,98.29544843108532,0.41296980829550156,0.0,0.08,0.1,3.5318439585711516
2010-04-30 06:00:00,2010,4,30,6,1272607200,29.460122235446402,5.516537843881773,97.71885448375947,0.46064151457840297,0.0,0.11079842469046122,0.1,3.513382870507469
2010-04-30 12:00:00,2010,4,30,12,1272628800,35.55641061560721,9.224922816544264,98.28577872193424,21.70727137800728,0.0,0.1477607591045962,0.1,6.837038937205098
2010-04-30 18:00:00,2010,4,30,18,1272650400,33.090891766099226,6.508309067889487,97.9637665685159,0.9137431880812957,0.0,0.11338473636329614,0.1,3.616411723575081
2010-05-01 00:00:00,2010,5,1,0,1272672000,25.132233656391207,6.088011648129032,97.8408821626359,0.42163043973963876,0.0,0.08,0.12186204273949984,2.784341768262218
2010-05-01 06:00:00,2010,5,1,6,1272693600,30.411832847758458,7.9437880908243,98.22068197658253,0.8891183990150939,0.0,0.10817622729993033,0.1,3.432370325031236
2010-05-01 12:00:00,2010,5,1,12,1272715200,37.62385490675836,8.043860418208224,97.59922559609377,21.26212978150666,0.0,0.09732282674213585,0.1,6.830057177382249
2010-05-01 18:00:00,2010,5,1,18,1272736800,30.705020413161435,6.555162088138771,98.04242414842388,0.03889715022155131,0.0,0.11869499998450456,0.1,3.181669524814412
2010-05-02 00:00:00,2010,5,2,0,1272758400,24.82655336932129,5.158826856136617,97.85794922636119,0.44372533416991666,0.0,0.09055856195388129,0.1,2.9574254746529793
2010-05-02 06:00:00,2010,5,2,6,1272780000,31.76226965188,4.914318656840374,97.99985837705393,0.6684588752738521,0.0,0.09451001789925718,0.1,3.4551405279290797
2010-05-02 12:00:00,2010,5,2,12,1272801600,38.07649612607123,6.555632179992578,97.99599564400731,22.076816913488713,0.0,0.08,0.1,6.4873711754861185
2010-05-02 18:00:00,2010,5,2,18,1272823200,31.94473644813603,6.492543208587164,97.90101150436337,0.1643864414150576,0.0,0.08,0.1,3.6574510689837165
2010-05-03 00:00:00,2010,5,3,0,1272844800,27.331889019398318,7.8598696477582095,97.92621258285308,0.6529859673857058,0.0,0.1404110085579267,0.1,3.6962443192235517
2010-05-03 06:00:00,2010,5,3,6,1272866400,32.06362350187458,6.452314330895365,97.29207646701649,0.8467315169767903,0.0,0.08523974068903958,0.1,3.610767788926232
2010-05-03 12:00:00,2010,5,3,12,1272888000,37.984255983358146,4.867859795572718,98.37836018459807,21.82473686977609,0.0,0.10357084484442196,0.1,6.646855418110473
2010-05-03 18:00:00,2010,5,3,18,1272909600,32.91973098341654,6.723752686500713,98.01934596757013,0.045652230912183234,0.0,0.10932444692128826,0.1,3.403950287025653
2010-05-04 00:00:00,2010,5,4,0,1272931200,24.223483016599502,5.322821882169872,98.17734404004464,0.7062464539142473,0.0,0.1014286425820684,0.1,2.8890233930972995
2010-05-04 06:00:00,2010,5,4,6,1272952800,31.625616821898728,4.900708098765974,98.10409735401471,0.8961269142474904,0.0,0.09787706756167135,0.1,3.865473324188214
2010-05-04 12:00:00,2010,5,4,12,1272974400,35.70902406749971,10.376245517346899,98.11963169080471,21.744714677089895,0.0,0.11190858756245417,0.1,7.0876111478388975
2010-05-04 18:00:00,2010,5,4,18,1272996000,31.389145021551563,9.787430562281981,97.9328057600676,0.6966594777264185,0.0,0.11958952256699508,0.10268897351849035,3.9725678510401763
2010-05-05 00:00:00,2010,5,5,0,1273017600,29.079188820926177,10.80401108211113,98.53622061331198,0.04755061967880547,0.0,0.12712456129014293,0.1,3.6733976204877283
2010-05-05 06:00:00,2010,5,5,6,1273039200,33.1799016880858,5.080271850073921,98.03786103648626,0.555609111104061,0.0,0.146604002378026,0.1,4.016752523207333
2010-05-05 12:00:00,2010,5,5,12,1273060800,34.109346499903864,5.297092197853228,97.5055690225277,21.661965710677627,0.0,0.1089050238328411,0.12752792728079754,6.017968245391267
2010-05-05 18:00:00,2010,5,5,18,1273082400,30.150508715832277,11.04768859813146,97.94892436582766,0.6214034117186928,0.0,0.11149882462393755,0.1,3.92915502970427
2010-05-06 00:00:00,2010,5,6,0,1273104000,25.95498291466355,6.351140231577393,98.02214396124451,0.19439263284213182,0.0,0.11445836356816382,0.1,2.973086288659051
2010-05-06 06:00:00,2010,5,6,6,1273125600,32.50645513373483,5.4356319206542,97.90418378154446,0.25185244106330906,0.0,0.16105535639131335,0.1,3.466023672468358
2010-05-06 12:00:00,2010,5,6,12,1273147200,37.42189471445392,6.122983163389127,98.12776639011679,21.726308216567613,0.0,0.11971545267555384,0.11511860012202432,6.419467466643704
2010-05-06 18:00:00,2010,5,6,18,1273168800,33.47680164953229,7.813034777164718,97.9479286881638,0.5673814790045942,0.0,0.09936657657577337,0.1,4.097518259047788
2010-05-07 00:00:00,2010,5,7,0,1273190400,27.99433324643588,6.633779362436369,98.25300009635242,0.038712812168006594,0.0,0.11374656134454042,0.1,3.623128257638239
2010-05-07 06:00:00,2010,5,7,6,1273212000,30.292411569543916,5.2592878187304,98.08211380606062,0.7434437103584116,0.0,0.11882874914973732,0.1,3.344962004359516
2010-05-07 12:00:00,2010,5,7,12,1273233600,36.143095315239215,4.897571595320832,97.51093752765958,22.14689046379762,0.0,0.14648705863155576,0.11186392892410177,6.593373977903684
2010-05-07 18:00:00,2010,5,7,18,1273255200,32.78116207934236,6.197365233693081,97.62787860920389,0.5593115385300302,0.0,0.09839169971825183,0.1,3.0522147776450246
2010-05-08 00:00:00,2010,5,8,0,1273276800,28.024132637778447,4.752318085544314,98.07069347208471,0.9211729705877054,0.0,0.12610693541883133,0.1276455587381576,3.4455008148577453
2010-05-08 06:00:00,2010,5,8,6,1273298400,34.213973803163036,4.764880752837515,97.7249907104522,0.23176038357195383,0.0,0.16763798644975833,0.1,4.084474788944827
2010-05-08 12:00:00,2010,5,8,12,1273320000,40.8616436426227,5.602621083999754,98.18653200964349,22.3424374515035,0.0,0.09500539536960627,0.10800073127946602,6.555892523038356
2010-05-08 18:00:00,2010,5,8,18,1273341600,32.16583144209424,6.673340625217751,97.84636640376681,0.6840589543857603,0.0,0.11700609909376072,0.1,3.804082535364523
2010-05-09 00:00:00,2010,5,9,0,1273363200,27.96378452454451,5.342845684612756,97.8794693874219,0.5128817405444587,26.89580713596056,0.3716448625466358,0.1,3.9292582609920617
2010-05-09 06:00:00,2010,5,9,6,1273384800,34.38083205495923,4.708528584343067,97.84912406289791,0.011437055494269543,0.0,0.08328106710175881,0.1,3.374668482923309
2010-05-09 12:00:00,2010,5,9,12,1273406400,36.806903659288906,10.316998496447212,97.81970151232422,22.045162575436876,0.0,0.14882004357242667,0.1,7.13428623035551
2010-05-09 18:00:00,2010,5,9,18,1273428000,32.24041160378762,5.1986603929834505,97.5051588605875,0.035966888006559776,0.0,0.08375283363300737,0.1,3.2545925082931606
2010-05-10 00:00:00,2010,5,10,0,1273449600,25.090707108707655,7.376588323150755,97.5271762296433,0.048750023756774286,0.0,0.14613738904630183,0.1,3.474203236862603
2010-05-10 06:00:00,2010,5,10,6,1273471200,32.97561112976682,6.070858050940902,98.05447987672191,0.6523034169261215,0.0,0.0866048583723376,0.1,3.6076028655822694
2010-05-10 12:00:00,2010,5,10,12,1273492800,36.92314672768352,5.5291488704121,97.51384753589306,22.01453462498279,0.0,0.12531777028769617,0.10554555709348656,6.5830410191939235
2010-05-10 18:00:00,2010,5,10,18,1273514400,32.4396193043566,5.441224871534388,98.07085665349655,0.13368239620239275,0.0,0.12504820233507163,0.1,3.726474446157425
2010-05-11 00:00:00,2010,5,11,0,1273536000,27.077341276247388,6.935910961437994,97.92101335476346,0.5850723651622368,0.0,0.11248320718539868,0.1,3.438349043986156
2010-05-11 06:00:00,2010,5,11,6,1273557600,28.969173351738217,5.48865219022095,97.74810300209356,0.8553507697666649,0.0,0.14081710229985023,0.1,3.633353138587948
2010-05-11 12:00:00,2010,5,11,12,1273579200,37.212516087687256,6.156767281369323,97.65678125971735,22.221971899948954,0.0,0.13568052680525242,0.1,6.647710731605005
2010-05-11 18:00:00,2010,5,11,18,1273600800,31.656711500026905,6.207496382107255,98.13363748300868,0.573705058541044,0.0,0.14062852843326842,0.1,3.9916468446558597
2010-05-12 00:00:00,2010,5,12,0,1273622400,24.23474569992539,5.38598451638572,97.98943698603448,0.6522221033210756,0.0,0.11202406099359319,0.1,2.999232413774652
2010-05-12 06:00:00,2010,5,12,6,1273644000,32.03099435950058,4.753659493329215,97.71195329895315,0.12341624670301232,0.0,0.12280130062111512,0.1,3.7079145951363177
2010-05-12 12:00:00,2010,5,12,12,1273665600,35.70971718204102,4.778468124051293,97.86611289056074,22.608914576171205,0.0,0.16741303018882497,0.10214554512522084,6.506430484772688
2010-05-12 18:00:00,2010,5,12,18,1273687200,31.493050008325127,7.558468112292518,97.781528321902,0.5864458846754138,0.0,0.1115110814115229,0.10016048278804514,3.5241109225948617
2010-05-13 00:00:00,2010,5,13,0,1273708800,25.57136159927808,4.982178347671434,97.78664825710295,0.9852752463773364,0.0,0.17365959829827807,0.1,3.3623958581615847
2010-05-13 06:00:00,2010,5,13,6,1273730400,33.46768800396047,6.789176132132187,98.63956793016291,0.07999637040688967,0.0,0.10116847400135767,0.1066668491704591,3.5925848413107233
2010-05-13 12:00:00,2010,5,13,12,1273752000,35.5106140128304,4.8372971589998315,98.02716123817933,22.858361791653085,0.0,0.1180414486772338,0.1,6.748900739406175
2010-05-13 18:00:00,2010,5,13,18,1273773600,32.21599513347877,8.946526355953202,98.26003870064633,0.34416383533228556,0.0,0.1856692702465626,0.10222517927055694,4.18561033931994
2010-05-14 00:00:00,2010,5,14,0,1273795200,28.827202064437458,4.7831820251650194,97.76164759241877,0.46853470292639543,0.0,0.10265835657576156,0.11654110627461825,3.1882858969146946
2010-05-14 06:00:00,2010,5,14,6,1273816800,31.271274055214924,4.625940726261229,97.06888996390815,0.1846570650944952,0.0,0.14955230482702087,0.11429323474584656,3.3022155420320023
2010-05-14 12:00:00,2010,5,14,12,1273838400,36.6160665592192,6.717461162953164,97.75378666133754,22.95754640154772,0.0,0.1340956122645363,0.12396219253148287,6.7207425921605095
2010-05-14 18:00:00,2010,5,14,18,1273860000,31.257236156079703,7.842992412454509,97.86197554042224,0.2657930066429611,0.0,0.1376251994133366,0.13951451562223918,3.496343725285656
2010-05-15 00:00:00,2010,5,15,0,1273881600,25.51292967137658,5.3464298931591445,97.72013611423229,0.2058455637685822,0.0,0.1492818372900548,0.1,2.869512085524266
2010-05-15 06:00:00,2010,5,15,6,1273903200,31.57339908771114,4.637904400143616,97.89170651012418,0.012606438086169902,17.557070361520015,0.3253327086651811,0.1333851567710646,3.9699544370532873
2010-05-15 12:00:00,2010,5,15,12,1273924800,39.39604330595059,7.5378055587226065,97.81482945988695,22.742373933443655,0.0,0.1124942370005875,0.1,6.895468550441361
2010-05-15 18:00:00,2010,5,15,18,1273946400,33.938759412457635,5.219270832776158,97.7994090107333,0.019715855138631087,0.0,0.12637068193551235,0.1,3.8655600014483373
2010-05-16 00:00:00,2010,5,16,0,1273968000,25.636841865842428,9.17325410219765,98.09081998085273,0.19931614392396169,0.0,0.09275860095648636,0.1,3.3468017280525495
2010-05-16 06:00:00,2010,5,16,6,1273989600,33.867051604971,6.9541841820633525,97.95676682715118,0.04772608654526933,0.0,0.139634590020016,0.1,3.966403255199802
2010-05-16 12:00:00,2010,5,16,12,1274011200,37.387657611380696,5.901899340838499,97.63752152571277,22.57726488102661,2.1778908524442073,0.1768775153547614,0.10030120138099619,6.908700623368139
2010-05-16 18:00:00,2010,5,16,18,1274032800,32.33693671420369,6.399954928472915,98.57428862373217,0.6591170695494258,0.0,0.1386427805550773,0.12231341768888088,3.610752332919319
2010-05-17 00:00:00,2010,5,17,0,1274054400,29.52874806185526,6.047884330616472,98.10620379737728,0.717859202884354,0.0,0.1767358299753099,0.1,3.8573071053222936
2010-05-17 06:00:00,2010,5,17,6,1274076000,33.26702357629258,6.447800975766108,98.13841900843727,0.3780882883180202,0.0,0.1699566033523989,0.16177891113218146,4.165974226751928
2010-05-17 12:00:00,2010,5,17,12,1274097600,37.10748564931487,5.671599229264448,97.73821205877499,22.261574124338257,0.0,0.1402433416002601,0.13978202320201916,6.895164014657888
2010-05-17 18:00:00,2010,5,17,18,1274119200,31.27168665313492,5.897637877294614,98.09622561000921,0.5416302530499598,0.0,0.17522687649615296,0.12974092953854113,3.9563566179619714
2010-05-18 00:00:00,2010,5,18,0,1274140800,26.614989091989408,5.517399328337309,97.88770526169922,0.02177353410357752,0.0,0.12643941530656974,0.1,3.186522309711033
2010-05-18 06:00:00,2010,5,18,6,1274162400,31.88602970974961,5.247631911255848,97.62814471554981,0.3476522411889953,0.0,0.1776827289697245,0.11253168972325941,3.8718573490305026
2010-05-18 12:00:00,2010,5,18,12,1274184000,33.58546559226446,4.586112251775352,97.71690941626623,23.08274010346698,0.0,0.1819234153035817,0.12351930002089746,6.498029828482705
2010-05-18 18:00:00,2010,5,18,18,1274205600,32.57294474267621,4.710165141801387,97.61162061509,0.8013619181473344,0.0,0.12803283867423995,0.12099194670900558,3.6632402597790743
2010-05-19 00:00:00,2010,5,19,0,1274227200,27.786047391433737,4.687094602249586,98.23319872284142,0.37983927153155106,0.0,0.16188377429673464,0.10092863053969721,3.4107027968729167
2010-05-19 06:00:00,2010,5,19,6,1274248800,35.92183563584649,5.5026881656691335,97.78695309197717,0.6446940211124912,0.0,0.10436117804892789,0.10849434344571104,4.0552712922699055
2010-05-19 12:00:00,2010,5,19,12,1274270400,39.371625506054095,6.861916548708592,97.66468726671918,22.598156554467042,0.0,0.16380329953562497,0.11648794287675186,7.110553718504196
2010-05-19 18:00:00,2010,5,19,18,1274292000,30.79715951183794,6.2729942244519155,97.70226534369368,0.649304831232099,0.0,0.12349042414921138,0.1344146624306878,3.991419606260961
2010-05-20 00:00:00,2010,5,20,0,1274313600,29.57771756906903,4.849907831503943,97.9601945027282,0.8990023831417276,0.0,0.16036978448302755,0.10423991135642796,3.755913352239595
2010-05-20 06:00:00,2010,5,20,6,1274335200,35.3553667739837,6.6455682952649635,97.37291427777511,0.6501703401516198,0.0,0.13796789257693237,0.1289082671669518,4.078221226870643
2010-05-20 12:00:00,2010,5,20,12,1274356800,36.67301844818869,7.703186032817904,97.5542284373271,22.666006398560214,0.0,0.14192386517883274,0.1175228008696225,7.0038675293745625
2010-05-20 18:00:00,2010,5,20,18,1274378400,33.14252791303325,5.231735556346131,98.05533513774922,0.04156942738631748,0.0,0.13402965468770833,0.17232122440205838,3.7885729820228686
2010-05-21 00:00:00,2010,5,21,0,1274400000,28.126157033311443,5.960906000187467,97.81913859835585,0.24717758397788359,0.0,0.16384850738500453,0.1,3.4866858153668465
2010-05-21 06:00:00,2010,5,21,6,1274421600,34.09905228517775,5.75065115450727,97.68367448982424,0.35488668287994896,0.0,0.12070782168540231,0.1,3.6601541201645107
2010-05-21 12:00:00,2010,5,21,12,1274443200,39.815762132698964,8.289395794550032,98.21073274201976,23.001192784027204,0.0,0.1842159009401776,0.13560245555443168,7.21666896059368
2010-05-21 18:00:00,2010,5,21,18,1274464800,32.40389825583198,7.040977004690008,98.03484524660189,0.28584541287381876,0.0,0.11842427803981884,0.15514636901703707,3.924516923198676
2010-05-22 00:00:00,2010,5,22,0,1274486400,29.31290556750708,4.635931788461757,97.99578674777315,0.8516935596118956,0.0,0.14164694079363732,0.1,3.324537711567368
2010-05-22 06:00:00,2010,5,22,6,1274508000,30.44823675310085,14.566475875688784,97.41842535484564,0.8690936082825756,0.0,0.1368814092375469,0.15505606049997667,4.2727093383443835
2010-05-22 12:00:00,2010,5,22,12,1274529600,38.24671309669384,7.986398751725283,97.59666762174037,22.89834360286464,0.0,0.11173865441006459,0.1782266999682708,6.9986779282143186
2010-05-22 18:00:00,2010,5,22,18,1274551200,33.418998308223316,4.592519001617554,97.53195268362748,0.780066012880461,0.0,0.1358812549652593,0.10177328680209975,3.7224142881040176
2010-05-23 00:00:00,2010,5,23,0,1274572800,29.839473724143016,9.709027550866669,97.77649304696544,0.5898640631616309,0.0,0.1094397886876524,0.17638338321740082,3.8968427460418735
2010-05-23 06:00:00,2010,5,23,6,1274594400,32.22485257999052,4.513258667610711,98.08720733929282,0.594708735403618,0.0,0.20444474929078538,0.1,3.998222840055957
2010-05-23 12:00:00,2010,5,23,12,1274616000,37.887194564580625,6.820234945891306,98.08295450457125,22.95841261824596,0.0,0.16537626689066115,0.13688502674856684,6.7755651345622585
2010-05-23 18:00:00,2010,5,23,18,1274637600,34.05604141898603,5.888317121779531,97.72838406653548,0.6221814395505014,0.0,0.17247962498764494,0.14356077862842476,4.202542018507536
2010-05-24 00:00:00,2010,5,24,0,1274659200,28.11162423858424,5.31349324118557,97.68872548143773,0.4328385116475504,0.0,0.14191274791781988,0.1319025378357184,3.2488898038136127
2010-05-24 06:00:00,2010,5,24,6,1274680800,33.2903120321665,4.617963451091755,97.96672607039793,0.6153472847134945,0.0,0.17540838528507133,0.15224810589875312,3.95297237793634
2010-05-24 12:00:00,2010,5,24,12,1274702400,37.46371300876574,5.245187666453571,97.62008312604678,22.746000815649865,0.0,0.1536950984164907,0.1721943195318577,7.023561360300257
2010-05-24 18:00:00,2010,5,24,18,1274724000,34.12854205581464,4.98297772916972,97.65243634504388,0.7147606715250678,0.0,0.1420326053664567,0.16987186005069388,3.804495659964482
2010-05-25 00:00:00,2010,5,25,0,1274745600,29.561569057241194,8.143540699956395,97.61072594876606,0.43076272548952943,0.0,0.15994950955227277,0.1609478605110292,3.4838788522207023
2010-05-25 06:00:00,2010,5,25,6,1274767200,32.64188720955446,5.395516877440483,98.09343195373513,0.5892254034061184,0.0,0.17454913937169655,0.11996169578138088,4.139388657639152
2010-05-25 12:00:00,2010,5,25,12,1274788800,38.661363227433505,5.085746217642624,97.62320274427555,23.33435566493255,0.0,0.13571846039836977,0.1,7.259950490260812
2010-05-25 18:00:00,2010,5,25,18,1274810400,35.754001750739896,5.397002596968388,97.58205394004142,0.0546337346285287,0.0,0.1789511262056497,0.1478447458274817,3.843311334561725
2010-05-26 00:00:00,2010,5,26,0,1274832000,25.465595219387716,5.775051056512512,97.83158849850014,0.9711698855117833,0.0,0.15384673290025389,0.1636577484616501,3.6037096136766658
2010-05-26 06:00:00,2010,5,26,6,1274853600,34.39200831364327,6.597883986493252,98.37458537858878,0.8967935767599999,0.0,0.1913894665072398,0.1657929426810173,4.406434694715497
2010-05-26 12:00:00,2010,5,26,12,1274875200,35.4806678297715,4.856817400237423,97.68799919829789,23.02043571045443,0.0,0.1747770862311196,0.17907522576643614,6.620715725224593
2010-05-26 18:00:00,2010,5,26,18,1274896800,34.2068842944663,4.871406314746503,97.86036639938493,0.6775991290083027,0.0,0.1790009859733893,0.14870058617791926,3.9883599888431904
2010-05-27 00:00:00,2010,5,27,0,1274918400,29.45938879574245,8.13961997409189,97.63590454204042,0.5013795634156789,0.0,0.16202843628889163,0.1214597385080333,3.7389039243816176
2010-05-27 06:00:00,2010,5,27,6,1274940000,31.0492074201275,5.218637658427676,97.40239472006479,0.7873285832464624,8.651373688092852,0.2454336764435221,0.19201107916046756,4.3659369995135915
2010-05-27 12:00:00,2010,5,27,12,1274961600,39.258238315422766,5.205870542404363,97.56235582399421,22.69024606611197,0.0,0.14897958973978126,0.14219953415807632,6.921387065953779
2010-05-27 18:00:00,2010,5,27,18,1274983200,31.760582865869694,6.619229114530395,97.49277068091483,0.3187557682966019,0.0,0.14640625694788562,0.16033863873901505,3.9470661368679822
2010-05-28 00:00:00,2010,5,28,0,1275004800,31.533828166498385,4.75004157906295,98.02599714053359,0.6942646900932758,0.0,0.15629936066778927,0.15739758166026818,3.6019240802956713
2010-05-28 06:00:00,2010,5,28,6,1275026400,32.30107582961277,4.639196881555905,97.86731078649599,0.7601988364824853,0.0,0.19405274194570907,0.1196687057916073,3.9764603218291956
2010-05-28 12:00:00,2010,5,28,12,1275048000,40.432103652097815,6.90856782755939,97.897129393376,23.395312270843,0.0,0.19588455285842665,0.17325698190568106,7.371255480432155
2010-05-28 18:00:00,2010,5,28,18,1275069600,32.91508737083226,5.151240659804435,97.64640791316006,0.32949458720706204,0.0,0.17449683838558258,0.18869627334088188,3.998665558295108
2010-05-29 00:00:00,2010,5,29,0,1275091200,28.299529063665506,5.636573179400603,97.28047529836427,0.5183089216296856,0.0,0.1689729012381868,0.18018215787401992,3.760863577239161
2010-05-29 06:00:00,2010,5,29,6,1275112800,33.71174028618652,4.433359933297026,97.68747142177105,0.23761574692235732,0.0,0.16442482763776037,0.20219501391491643,4.5561896749258874
2010-05-29 12:00:00,2010,5,29,12,1275134400,39.732821629430276,5.326004316829064,97.18723086926069,23.19696900094583,0.0,0.16057982149978275,0.12383549704130792,7.0296044006128495
2010-05-29 18:00:00,2010,5,29,18,1275156000,31.842641750534987,4.897563637222862,97.04602278546984,0.7292784360660043,0.0,0.18589094531600908,0.19619280642239362,4.345398818110335
2010-05-30 00:00:00,2010,5,30,0,1275177600,27.18462164566673,5.296012794395718,97.6260859370915,0.009069639327382473,2.908682970498095,0.189623334709845,0.19260765783355152,3.765626004564167
2010-05-30 06:00:00,2010,5,30,6,1275199200,34.35614358604026,5.877940956461571,97.10754559052404,0.005737474300926526,12.78517437187783,0.308731231686973,0.16466316158162703,4.479271575705108
2010-05-30 12:00:00,2010,5,30,12,1275220800,38.784858005293714,4.605964933188164,98.04224093647869,23.065171540944757,8.242442522653278,0.2571670909077739,0.19447846150151893,7.787132345354988
2010-05-30 18:00:00,2010,5,30,18,1275242400,33.106124202524704,5.2299166465382445,98.03438609015511,0.41538783137019764,4.33267662521518,0.2564749938928686,0.2107738406077279,4.5122982904634625
2010-05-31 00:00:00,2010,5,31,0,1275264000,28.236106283338263,6.961952532819994,97.65493749078774,0.5580586020377587,7.026873233341901,0.26908002717692936,0.19743350669321258,4.22960107591153
2010-05-31 06:00:00,2010,5,31,6,1275285600,33.97464348536834,4.870092215874969,97.40633807810207,0.39758140756659366,0.0,0.174283239389198,0.1721487728541053,4.259549430605651
2010-05-31 12:00:00,2010,5,31,12,1275307200,39.28097397019743,4.507862598983415,97.90431245074612,23.3644823372309,0.0,0.16021731464957054,0.15793990622820492,6.997699478229958
2010-05-31 18:00:00,2010,5,31,18,1275328800,32.2283952916219,5.255604941803987,98.49008784485817,0.31253717825550165,0.0,0.1711353134975962,0.2050961627064015,4.087245501136565
2010-06-01 00:00:00,2010,6,1,0,1275350400,30.401661113678017,4.362627701397336,97.51259956603882,0.18926208905720532,0.0,0.1684156407984866,0.17361070268785264,4.030015230470039
2010-06-01 06:00:00,2010,6,1,6,1275372000,35.387597962295246,4.466609162101644,98.00558269727668,0.7752314141861513,4.149856452198913,0.20677282519951637,0.22814148416132046,4.12422622483389
2010-06-01 12:00:00,2010,6,1,12,1275393600,40.01891562489009,4.578411636036908,97.35789101981052,22.960518180446385,1.2606268292125964,0.16372096790923635,0.16646420694149858,7.135142363770465
2010-06-01 18:00:00,2010,6,1,18,1275415200,34.941641684428795,7.860773518546977,97.90835259352345,0.6505171756156326,0.0,0.17376810499429282,0.15228402339589664,4.329356992553916
2010-06-02 00:00:00,2010,6,2,0,1275436800,28.486284178601828,5.8732581930305,97.78568560970659,0.06321860162162285,0.0,0.17232350235905294,0.18496354585530925,3.8013732604046924
2010-06-02 06:00:00,2010,6,2,6,1275458400,34.20370386962072,4.354001460619225,97.40924443044166,0.7878204985805095,0.0,0.14145784430214864,0.1978387014737208,4.095444208159899
2010-06-02 12:00:00,2010,6,2,12,1275480000,36.61744321117101,4.700212055622239,97.83518024816802,22.970611600427457,0.0,0.18533773931764852,0.1875370344278456,7.186932750342295
2010-06-02 18:00:00,2010,6,2,18,1275501600,32.58694532879119,9.432953873178553,97.54751292183371,0.39548377555965464,0.0,0.21042339463250306,0.14904749076458002,4.00862857419147
2010-06-03 00:00:00,2010,6,3,0,1275523200,28.74306360566015,7.705348214038344,97.85557346724572,0.67165055264791,0.0,0.19365616945455277,0.16769712421058805,4.182860881028997
2010-06-03 06:00:00,2010,6,3,6,1275544800,31.336926128315984,4.227402178188051,97.67923273752025,0.11535501167002249,4.807794282289079,0.22467975438569293,0.20011393944273442,4.251631305509815
2010-06-03 12:00:00,2010,6,3,12,1275566400,36.33288040758509,4.734353065497288,97.8168437697631,22.9690755064835,0.0,0.19026274921532738,0.20370918583195016,7.129353005552668
2010-06-03 18:00:00,2010,6,3,18,1275588000,33.74750828506205,6.0652818737892975,97.5410614374568,0.3916130138186841,0.0,0.18760069085482997,0.2157696565799599,4.093348966417143
2010-06-04 00:00:00,2010,6,4,0,1275609600,32.81158895214635,5.132844201706769,97.31743082143561,0.3048640544151623,4.349668012466749,0.21740615515809272,0.16268626207739142,4.329927797426082
2010-06-04 06:00:00,2010,6,4,6,1275631200,31.687281409828824,6.140386420867671,97.91652757532444,0.32344876644495735,5.769869422964227,0.23608595022616188,0.21809931396747673,4.317114231345164
2010-06-04 12:00:00,2010,6,4,12,1275652800,40.60547963332216,9.311086711165233,97.42497363633085,22.81204856098367,0.0,0.16812442311692496,0.17468132259350036,7.696957855818957
2010-06-04 18:00:00,2010,6,4,18,1275674400,32.57915137730296,4.527858221989189,98.21875775242535,0.537509338765939,5.882213212334374,0.25475157620408995,0.21918212536960174,4.587679081952676
2010-06-05 00:00:00,2010,6,5,0,1275696000,27.883874131137127,4.598478417500508,97.27865434586566,0.18005183478348974,5.99427132232024,0.24828108201885532,0.21340984656490566,3.9178277660713774
2010-06-05 06:00:00,2010,6,5,6,1275717600,34.44629916196306,7.327382212825199,97.90924510506531,0.9804806644193285,4.906264350023316,0.2677209726025774,0.21010837731539203,4.847529618070932
2010-06-05 12:00:00,2010,6,5,12,1275739200,40.873500370941585,4.163290956296288,98.0346252052969,22.948260558164986,8.021955582300091,0.2552762390877854,0.22893745038686425,8.009009170652417
2010-06-05 18:00:00,2010,6,5,18,1275760800,35.307966008408165,5.055564158174331,97.51021381191838,0.9458805200372895,0.0,0.20631777775605706,0.15838956731660433,4.5779750380860085
2010-06-06 00:00:00,2010,6,6,0,1275782400,29.2524022388321,4.680734253841729,97.61917285572802,0.7646536282178813,0.0,0.18101586488927007,0.16858541017578685,4.061636923965341
2010-06-06 06:00:00,2010,6,6,6,1275804000,34.4702763621471,7.1160433876256715,98.02178351826775,0.3049720217051779,0.0,0.15159911934935408,0.2342771508572366,4.142481394822444
2010-06-06 12:00:00,2010,6,6,12,1275825600,35.39226760429631,4.933517072216427,97.47329173163043,23.4166458033169,0.0,0.21246572659122293,0.2185126404092813,6.9303570432047685
2010-06-06 18:00:00,2010,6,6,18,1275847200,36.38485811798064,5.127504520036205,97.2880674464257,0.5481101350508295,0.0,0.17619211717397737,0.1914390253462996,4.775900055000775
2010-06-07 00:00:00,2010,6,7,0,1275868800,30.618945515796696,5.926343823119258,97.89816062938999,0.00805929238611025,0.0,0.1740652345565006,0.1868668672202947,3.6234591827252913
2010-06-07 06:00:00,2010,6,7,6,1275890400,33.29640620467802,4.951014067677338,97.77571870366334,0.771902544734842,0.0,0.1600584521476035,0.19524491761317156,3.95271981898358
2010-06-07 12:00:00,2010,6,7,12,1275912000,40.84784529831302,4.65037183473712,97.04275699148894,23.719452366282084,0.0,0.23827453221875453,0.24194747632720526,8.005362388830006
2010-06-07 18:00:00,2010,6,7,18,1275933600,32.059644091695105,4.783077941668573,97.72345345373023,0.936962489724806,0.0,0.21993263388651077,0.2163806834656697,4.0827635203037556
2010-06-08 00:00:00,2010,6,8,0,1275955200,27.465233006251896,7.127072662612538,97.95427495081861,0.07118951011836983,0.0,0.22864019182944476,0.17135952923576567,3.469830110977914
2010-06-08 06:00:00,2010,6,8,6,1275976800,33.31190516343427,4.761512963438159,98.13562782679575,0.6141918625564059,0.0,0.22251423619910848,0.2185887749013711,4.448627881762854
2010-06-08 12:00:00,2010,6,8,12,1275998400,40.15307655483331,7.362621792562327,97.65317116975575,23.75159723944283,0.0,0.23793118445571673,0.2173063760871027,7.987241563044499
2010-06-08 18:00:00,2010,6,8,18,1276020000,34.055560315913645,4.4027774543998115,97.6750291914815,0.46387813551836965,4.342984705123608,0.27886688834764684,0.22725697112332374,4.391095316159728
2010-06-09 00:00:00,2010,6,9,0,1276041600,25.457133839746156,10.190585493166573,98.1537385792019,0.10983364805335871,0.0,0.2144098946449504,0.239453781209755,3.994193985794051
2010-06-09 06:00:00,2010,6,9,6,1276063200,35.228752806833896,7.328544854516096,97.50452539417263,0.19980959399943188,0.0,0.20296082779306662,0.19510528491917034,4.777594459532335
2010-06-09 12:00:00,2010,6,9,12,1276084800,36.71056494317473,7.126658760321808,97.64014676442264,23.663862092001455,0.0,0.20671484452129124,0.24253125989076904,7.767020653392577
2010-06-09 18:00:00,2010,6,9,18,1276106400,34.00331491946232,5.735409025501485,97.21235541977785,0.3015221866128989,5.3821807165114635,0.22935439563193086,0.1852778680149178,4.5800887214305455
2010-06-10 00:00:00,2010,6,10,0,1276128000,29.564478959495375,5.29852184583969,97.52657370307311,0.9071758579886313,0.0,0.18909410767106422,0.2404195797889389,4.109481590646168
2010-06-10 06:00:00,2010,6,10,6,1276149600,34.46052279075508,4.089905985257858,97.45021214078035,0.04215410215696813,18.48411786725396,0.40739193049564587,0.21212300088031677,5.147796526859948
2010-06-10 12:00:00,2010,6,10,12,1276171200,39.2291555222846,4.708991359711307,97.43652622685434,23.41860142752345,0.0,0.19428041045913555,0.2676669539136185,7.381693936573345
2010-06-10 18:00:00,2010,6,10,18,1276192800,34.53119094005084,4.0988812928832425,97.4216117816481,0.8694219814579134,0.0,0.2148955540045333,0.24176128431229701,4.4644219360607345
2010-06-11 00:00:00,2010,6,11,0,1276214400,30.96469517512692,4.822918218110068,97.33267022178217,0.9855152008534748,8.295436423084258,0.32813454219092264,0.303823724983292,4.845705130973196
2010-06-11 06:00:00,2010,6,11,6,1276236000,34.720086383967896,4.307381638893161,97.98097456204974,0.25133875083113777,8.16552130153823,0.2801424796508414,0.20899759038558197,4.63169406851667
2010-06-11 12:00:00,2010,6,11,12,1276257600,40.27813990802546,4.2613028459299205,97.51392138775627,23.793776179698582,10.723067886420989,0.31647613551170434,0.2691489258555122,8.359695137503142
2010-06-11 18:00:00,2010,6,11,18,1276279200,35.199921849016015,6.482993607653084,97.38262476608175,0.11572302023503814,6.600321300385012,0.22850633804034334,0.22550832355916706,4.639014457282372
2010-06-12 00:00:00,2010,6,12,0,1276300800,28.200776501508336,4.585488175813013,97.50352890567926,0.2848377563682919,0.0,0.18191882880745566,0.2504402193736018,4.107570843788555
2010-06-12 06:00:00,2010,6,12,6,1276322400,33.237053928254944,4.810489456831604,98.292881671423,0.7474329592083653,6.8166521029084555,0.28706109068078195,0.2582496670970982,4.939183776212733
2010-06-12 12:00:00,2010,6,12,12,1276344000,38.6923690950692,8.487592769087966,97.91580414622592,23.72888134895977,16.77204020425007,0.3570012186266864,0.24023095825346738,8.386606087297936
2010-06-12 18:00:00,2010,6,12,18,1276365600,34.83343270995197,4.303481904122905,96.79174966109268,0.91912201843394,0.0,0.18115290008101173,0.22500173751616936,4.359010941269687
2010-06-13 00:00:00,2010,6,13,0,1276387200,28.89442707086376,5.140499213386363,97.53923072081533,0.1618276585399666,0.9795667442566155,0.23621478638787874,0.20055586374241324,3.9891020006134355
2010-06-13 06:00:00,2010,6,13,6,1276408800,33.62846890323299,9.420063407633775,96.98115679283731,0.9824298705620349,0.0,0.22242650580087753,0.30849295985488046,5.242641394953954
2010-06-13 12:00:00,2010,6,13,12,1276430400,40.881441626297324,11.774699680192942,97.6762723412738,23.534806229708693,9.765250902430612,0.31817789339109265,0.2616808698304635,8.528131934158356
2010-06-13 18:00:00,2010,6,13,18,1276452000,36.34199265107868,4.0743314027018345,97.85527416087953,0.13936191060109362,0.0,0.21692805640365162,0.21787441836254973,4.967532561276757
2010-06-14 00:00:00,2010,6,14,0,1276473600,28.775231755704652,4.178094591814705,97.51355644821913,0.5440869200185264,0.0,0.2282345631178646,0.22792361682012627,4.169294992017467
2010-06-14 06:00:00,2010,6,14,6,1276495200,31.739529578812455,7.985907247062405,98.08487955539455,0.8750748554323585,11.417489109992738,0.35694541874064667,0.2232669227765009,5.066781292241586
2010-06-14 12:00:00,2010,6,14,12,1276516800,36.496450682351316,7.245772381672063,97.83944172940753,23.271329542293525,0.0,0.21122607156872605,0.2871931321737506,7.273091249711306
2010-06-14 18:00:00,2010,6,14,18,1276538400,34.36352033984875,4.336563680886223,96.81191491618141,0.3711220338219408,0.0,0.21585524002606593,0.198241420825691,4.079442633904137
2010-06-15 00:00:00,2010,6,15,0,1276560000,30.474574530091644,6.440441317095276,97.76507865849409,0.09780661320401063,0.0,0.23210756664979632,0.2552618178559383,4.551831747836175
2010-06-15 06:00:00,2010,6,15,6,1276581600,31.702143749364698,5.468373973087536,97.3297598523016,0.2644607592696713,0.0,0.24089399951359775,0.2724532568568021,4.371702123561411
2010-06-15 12:00:00,2010,6,15,12,1276603200,36.56976388402039,4.595957510319722,97.76316329327595,23.5549210155935,0.0,0.1887724848700471,0.3030830459237108,7.508596519330917
2010-06-15 18:00:00,2010,6,15,18,1276624800,33.88586156649693,4.172411315760316,97.73765761087179,0.6949652250387242,0.0,0.21870796583078267,0.22251627666227053,4.380797660321942
2010-06-16 00:00:00,2010,6,16,0,1276646400,29.397654813418555,4.54147640302472,97.1463667409935,0.6629035093108863,0.0,0.22173667875663336,0.2697005888847953,4.441374836629649
2010-06-16 06:00:00,2010,6,16,6,1276668000,35.6410824359872,5.218922072885306,97.12729028789344,0.19578448414280514,0.0,0.2431465545086366,0.29600209914093606,4.7319638830890645
2010-06-16 12:00:00,2010,6,16,12,1276689600,38.93810140856913,4.500277256412513,97.60491158259913,23.08871707866365,0.0,0.1932992755983464,0.29183544844513454,7.904714708303758
2010-06-16 18:00:00,2010,6,16,18,1276711200,34.29597222275668,6.083119695741422,97.24275148964846,0.9623252364716921,0.0,0.2070021471449641,0.2200444523741805,4.706609220409097
2010-06-17 00:00:00,2010,6,17,0,1276732800,27.58113303150257,4.8224107102879605,97.18787232774095,0.1813821040763729,0.0,0.24282156024964277,0.25375958239279706,3.9982361312282517
2010-06-17 06:00:00,2010,6,17,6,1276754400,34.16472757579002,4.282093973224411,97.52525736386524,0.7172880584628069,2.0149842909975217,0.25286266335572277,0.25021141521450657,4.674842311536671
2010-06-17 12:00:00,2010,6,17,12,1276776000,39.91601165982938,7.290325493154856,97.42383834900036,23.183593159978567,0.0,0.20802578418773626,0.24175819835878487,8.022755821953623
2010-06-17 18:00:00,2010,6,17,18,1276797600,33.59704089279539,4.498348165926404,97.44537657831432,0.23116833063004752,0.0,0.22845930132680625,0.287901163554671,4.49589030032314
2010-06-18 00:00:00,2010,6,18,0,1276819200,28.423655417738892,3.857057436882919,97.18474978544764,0.1138766183530352,0.0,0.24442364791940635,0.30262081648670075,4.239614232577874
2010-06-18 06:00:00,2010,6,18,6,1276840800,34.25568874137224,6.216344289658274,97.66856009364277,0.918479216374572,0.0,0.24853580627478306,0.2672722257447835,4.971639582477261
2010-06-18 12:00:00,2010,6,18,12,1276862400,38.48186689518463,4.047326501314416,97.47328031420923,23.897302687191534,0.0,0.2626395792798095,0.24551359764062752,7.712868743666702
2010-06-18 18:00:00,2010,6,18,18,1276884000,36.68715817318025,8.00822612216327,98.18274016089718,0.13871716039123008,0.0,0.208695558504356,0.2872155055698582,5.103815361424734
2010-06-19 00:00:00,2010,6,19,0,1276905600,29.409542464850034,3.8945861626607425,97.43707664730172,0.6813521035568995,0.0,0.19587610030078492,0.261909294967844,4.2188522937110315
2010-06-19 06:00:00,2010,6,19,6,1276927200,35.84981535884717,4.589779318046929,97.31398327572973,0.6123457995388853,4.286730393460459,0.27107080164120656,0.2832046882427013,5.131164761176927
2010-06-19 12:00:00,2010,6,19,12,1276948800,37.63926958659034,5.459562936283847,97.28501466082287,23.22124936844476,4.621628317280452,0.30094836656026375,0.31592974919190414,8.166748437601436
2010-06-19 18:00:00,2010,6,19,18,1276970400,35.80279739269788,3.9705001218450438,97.57870923636452,0.2872765073352072,0.0,0.22733001487731566,0.28748786061210313,4.979102473621596
2010-06-20 00:00:00,2010,6,20,0,1276992000,30.696400698604148,6.724449350372084,98.04185376075417,0.5308385289115086,0.0,0.23077675994539207,0.28633591476586157,4.462389631602325
2010-06-20 06:00:00,2010,6,20,6,1277013600,33.96429562994497,6.524151804850927,97.55533061963321,0.4437304218916278,2.4515698209015473,0.2328825119701253,0.29399400115142676,4.778998028960983
2010-06-20 12:00:00,2010,6,20,12,1277035200,42.36132892946921,6.7066328556382215,97.53098695736523,23.357447013538575,1.1296897420770233,0.2269200283827506,0.3108605557799123,8.362884790013881
2010-06-20 18:00:00,2010,6,20,18,1277056800,34.844637151154686,4.315184564848032,97.6068250437219,0.4207532532570671,0.0,0.24370845076445102,0.25707036099299885,4.539938225993842
2010-06-21 00:00:00,2010,6,21,0,1277078400,30.08125628055718,3.896176231226039,97.04246348464535,0.6006027683241718,0.0,0.25564735102923486,0.31556438536385345,4.222443740905747
2010-06-21 06:00:00,2010,6,21,6,1277100000,35.178660273613275,6.251888973183287,97.69957842555468,0.004008992660486821,0.0,0.21188390842713434,0.32482069910742134,4.900835338987782
2010-06-21 12:00:00,2010,6,21,12,1277121600,39.4596994327172,6.958629477665947,97.24538012842,23.72326944467791,0.0,0.2082126149179484,0.2894315833442001,7.573002513065153
2010-06-21 18:00:00,2010,6,21,18,1277143200,35.84593699345804,4.361884912350667,97.28698412710254,0.2622570111954146,3.056315461443108,0.24632692884052199,0.2953075933868713,4.814611302856485
2010-06-22 00:00:00,2010,6,22,0,1277164800,30.476055290878442,5.037070070394517,97.86542285882308,0.924969318289448,0.0,0.239861235631319,0.28925548758254693,4.4288684210641245
2010-06-22 06:00:00,2010,6,22,6,1277186400,34.17404747218435,5.93782798888334,97.49855809610933,0.9115822018407289,0.0,0.2113499420450952,0.32567979165559213,4.658236175125642
2010-06-22 12:00:00,2010,6,22,12,1277208000,37.9996163533962,5.86361609856988,98.02883905924425,23.07158011950241,2.409297754640673,0.2533849025311238,0.32516600390725287,8.296602754634614
2010-06-22 18:00:00,2010,6,22,18,1277229600,33.883725258242976,4.015180347248175,96.77801858009406,0.43138970743301813,19.040722737147924,0.3855624358686929,0.32440813378039124,5.572088433643768
2010-06-23 00:00:00,2010,6,23,0,1277251200,28.373495066097078,4.581879774773972,97.45070603286572,0.4454970664047605,4.7343191551690325,0.28461369173468015,0.30270422638318245,4.281316602711754
2010-06-23 06:00:00,2010,6,23,6,1277272800,32.97804112511086,3.7427676266503083,97.653116212275,0.5030821387579298,0.0,0.23723317524112933,0.3205425289040369,4.661831960846216
2010-06-23 12:00:00,2010,6,23,12,1277294400,40.29284532613586,5.092247482084364,97.47549184981852,23.07638513611887,3.611181200063789,0.27062116499654065,0.2970349269577477,8.149712813044305
2010-06-23 18:00:00,2010,6,23,18,1277316000,31.516800517160057,3.9805766733937826,97.95775239486466,0.521019475994304,9.02838995720155,0.3288538872975745,0.30592577474994737,4.893899675903004
2010-06-24 00:00:00,2010,6,24,0,1277337600,27.99267733002859,7.637806437810557,97.20785857504627,0.5216090054231424,16.033424439819118,0.40805034039216315,0.3582411567487124,4.935854121033552
2010-06-24 06:00:00,2010,6,24,6,1277359200,34.05292337037025,4.190690922268767,97.65922959698082,0.8072640212608344,0.0,0.24277197166079081,0.3315265223341558,4.811022183002408
2010-06-24 12:00:00,2010,6,24,12,1277380800,38.43900982470923,4.64263952350489,97.88974954644677,23.84047052958871,0.0,0.25197445788255113,0.34031990270137036,7.894232787603962
2010-06-24 18:00:00,2010,6,24,18,1277402400,34.74029765605675,4.135651798606375,97.28945171972644,0.0951443837164661,5.79509843498652,0.31748384237640453,0.3311062541459177,5.141324129956956
2010-06-25 00:00:00,2010,6,25,0,1277424000,28.23085099538026,4.748411183125789,96.90463277981826,0.52249601943363,0.0,0.23708013919782875,0.29333975136817214,4.144751899517984
2010-06-25 06:00:00,2010,6,25,6,1277445600,35.94517300877708,4.2723048681247455,97.45429133635417,0.2346693237573425,0.0,0.20431746895043298,0.3307345478901678,4.4937395554379025
2010-06-25 12:00:00,2010,6,25,12,1277467200,38.911250353988756,5.0993323838476465,97.5139233939545,23.322101760279903,3.201344342948784,0.2562356200076339,0.36955747061937344,7.889993177504071
2010-06-25 18:00:00,2010,6,25,18,1277488800,35.36269336656743,6.924691946584682,98.07642406979605,0.6453943977375971,11.616279523602609,0.36946288993498166,0.332318603933286,5.781290015173692
2010-06-26 00:00:00,2010,6,26,0,1277510400,28.893293669198254,6.138308293155081,97.93256689983808,0.13071966871513663,9.83008631068034,0.3375003183295963,0.29029408273803886,4.825920773219024
2010-06-26 06:00:00,2010,6,26,6,1277532000,34.07704386991817,4.281817853982812,97.68520010189098,0.8883940655964805,0.0,0.2144982701913691,0.3353122211218088,4.639344776371346
2010-06-26 12:00:00,2010,6,26,12,1277553600,36.0740675438795,3.90099785300181,97.41802658841137,23.911449958879487,0.0,0.2459283375668386,0.2923071050577165,7.567488412413023
2010-06-26 18:00:00,2010,6,26,18,1277575200,34.88062899856875,4.945828625920497,97.04823262381194,0.2480116255211963,0.0,0.24782745265836434,0.3462065771291805,5.055957537009733
2010-06-27 00:00:00,2010,6,27,0,1277596800,27.787304718249974,3.70020020995748,97.55739432389292,0.2678802888197458,5.789515423682803,0.2912486379493528,0.3105323673290541,4.425072348559011
2010-06-27 06:00:00,2010,6,27,6,1277618400,33.91492713894984,4.9846698393384745,97.6039448365248,0.17115366088177586,0.0,0.2296035831044238,0.3575767364234336,4.713752595959198
2010-06-27 12:00:00,2010,6,27,12,1277640000,41.75851888963325,4.550453770262999,97.72673078751028,23.379501308440215,0.0,0.23308472760423668,0.3558985248978362,8.145548206451219
2010-06-27 18:00:00,2010,6,27,18,1277661600,31.454547870080447,4.2982008207990985,97.89010961716134,0.08833696428269604,0.0,0.25299589092815195,0.32636413334570114,4.430341419801898
2010-06-28 00:00:00,2010,6,28,0,1277683200,29.61379522160429,3.8571397506297243,97.55048268538565,0.10403021013879132,0.0,0.22626163135905544,0.33288808739987286,4.32711060647961
2010-06-28 06:00:00,2010,6,28,6,1277704800,37.03938323758763,5.705813125277324,98.10791941618632,0.2443714290063259,0.0,0.28727101105636255,0.3303838741016024,5.78803193758189
2010-06-28 12:00:00,2010,6,28,12,1277726400,38.87796693505132,8.690234994875684,97.65099021821956,23.246266601808635,9.334549564085517,0.35688888551872483,0.32925033822286304,8.414875705046835
2010-06-28 18:00:00,2010,6,28,18,1277748000,33.662536132897,3.8603768044038063,97.57292116201808,0.9637411370317903,0.0,0.25553666909604894,0.32234707384645656,4.767965804369221
2010-06-29 00:00:00,2010,6,29,0,1277769600,30.00714926517755,4.267331875598034,97.02364650508304,0.027285264966356304,0.0,0.23921489182836167,0.36423260401858454,4.150189893093742
2010-06-29 06:00:00,2010,6,29,6,1277791200,34.0725303964861,3.950286288896935,97.51502952658106,0.7133402888179401,0.0,0.2429507157454428,0.3231070774717987,4.82027964155833
2010-06-29 12:00:00,2010,6,29,12,1277812800,36.23107285811626,12.412690399749494,97.73747854988497,23.95209397099028,0.0,0.2526563882103657,0.3474230436682167,8.03466458597705
2010-06-29 18:00:00,2010,6,29,18,1277834400,36.046195605353304,8.815091930310462,97.85733965588814,0.5801913950549509,5.6718069298987075,0.30553399030878126,0.3720989689939134,5.27310315515345
2010-06-30 00:00:00,2010,6,30,0,1277856000,31.687013588732423,3.8282034736818553,97.96339196479262,0.47899380516296974,0.47352755404034164,0.24235507202600656,0.35545626237613165,4.30051149034819
2010-06-30 06:00:00,2010,6,30,6,1277877600,34.94813162955649,3.9977763628742933,97.41992894158602,0.9164564149752354,0.0,0.27148529162943846,0.35186288642964286,5.2289354556714445
2010-06-30 12:00:00,2010,6,30,12,1277899200,38.980452787471215,3.736434310123816,97.45804049780118,23.456298552403613,7.961628793972916,0.37094628633178817,0.33729586605417916,8.334360968169388
2010-06-30 18:00:00,2010,6,30,18,1277920800,34.28439482371345,5.027393995441761,97.81632654355039,0.21196803763947705,0.0,0.29054707333865337,0.3621509326554019,4.782983842580525
2010-07-01 00:00:00,2010,7,1,0,1277942400,28.473380407203127,4.3058984944631735,97.3365172543205,0.4845279565040149,0.0,0.24932762600350183,0.3319226719364383,4.340099966452992
2010-07-01 06:00:00,2010,7,1,6,1277964000,36.21830105169852,7.50637640157579,97.5069268096774,0.2961152870832183,6.496093608275166,0.295461383659311,0.37943158238824837,5.302443541271159
2010-07-01 12:00:00,2010,7,1,12,1277985600,40.26370197782673,4.111562697793389,97.70246394939832,23.810413450974483,10.908418843064313,0.35095918722207897,0.32339220048882883,8.450921573149673
2010-07-01 18:00:00,2010,7,1,18,1278007200,34.4037249775288,4.478142040191226,97.21033662836565,0.39856242662784463,0.0,0.23355196586181243,0.3476166163856257,4.9747136222579265
2010-07-02 00:00:00,2010,7,2,0,1278028800,29.19227000282465,5.655982237131512,96.98101137197403,0.005607747894198156,10.532315331712702,0.33900933840139336,0.37202359629448495,5.10579054748808
2010-07-02 06:00:00,2010,7,2,6,1278050400,35.445102120829326,3.977550398083881,97.18113380807186,0.8934703394890215,0.0,0.23813753193113457,0.35525902068911674,4.93096614780249
2010-07-02 12:00:00,2010,7,2,12,1278072000,38.792048081953624,3.6103151599868655,97.55358893662711,22.939584554097163,0.0,0.2725750526400263,0.3630057878100664,8.004502382174257
2010-07-02 18:00:00,2010,7,2,18,1278093600,34.1894636267949,4.550787366260347,97.39973128016958,0.6035630744409728,1.6458903923205515,0.2720029044994616,0.35575635857841315,5.014987544832233
2010-07-03 00:00:00,2010,7,3,0,1278115200,28.145816436797453,4.593749798335331,97.39409574961218,0.0317664953363489,6.441453176827114,0.3301663548340111,0.3330604586555022,4.594978207710627
2010-07-03 06:00:00,2010,7,3,6,1278136800,31.03975528909872,5.423789421004504,97.17723870038292,0.8018872691227188,7.1917909209973265,0.33586105648801634,0.3610894531563091,5.098860118616432
2010-07-03 12:00:00,2010,7,3,12,1278158400,40.08412887497296,4.747210556676269,97.6714947048449,23.441248594678846,16.35536203555942,0.42589398709601356,0.4019078208091186,8.89424471770434
2010-07-03 18:00:00,2010,7,3,18,1278180000,33.81556387100478,5.644574436944447,97.10725307718369,0.16788855391698168,0.0,0.24111501748487002,0.42982975204744955,5.075497037935102
2010-07-04 00:00:00,2010,7,4,0,1278201600,28.802449935444688,6.962610552583261,97.06358705327305,0.4599493360921184,0.0,0.24790785674902996,0.4113544875092519,4.5157066471398455
2010-07-04 06:00:00,2010,7,4,6,1278223200,32.70147011450313,5.404306319543062,97.53154216511817,0.8662111273469475,2.071219424256143,0.25762204123074806,0.4387123161232786,5.0235683988080275
2010-07-04 12:00:00,2010,7,4,12,1278244800,38.716862554627774,5.919296100864167,97.49494179297668,23.3651017572687,0.0,0.2342130001979601,0.3299799250364013,8.015139817686908
2010-07-04 18:00:00,2010,7,4,18,1278266400,35.24614450552039,3.7537343829908685,97.17822827839755,0.38392435606524644,0.0,0.2358915443880509,0.35130663393738193,5.023018307885998
2010-07-05 00:00:00,2010,7,5,0,1278288000,28.645158447407987,3.7062746591903326,97.15932311494083,0.9803257119565294,0.0,0.22177201678264757,0.3811201561907866,4.713344086173664
2010-07-05 06:00:00,2010,7,5,6,1278309600,32.67130595813289,4.150520370601788,97.51251379060001,0.6180254103532833,0.0,0.25058736778756613,0.4088734577061266,5.1775635981458
2010-07-05 12:00:00,2010,7,5,12,1278331200,37.57442783300741,3.611140637490891,97.57370153708192,23.166932103112817,0.0,0.23729555315902134,0.4023316197959843,8.24421757402283
2010-07-05 18:00:00,2010,7,5,18,1278352800,34.25677160074412,4.537746444655967,97.49366236054904,0.5404008920260117,0.0,0.2433403953194589,0.3420957193445668,5.082577818300377
2010-07-06 00:00:00,2010,7,6,0,1278374400,28.431818057159315,4.751305183988142,97.94021536049763,0.7419774846438021,0.0,0.23916332029916715,0.37729365604275433,4.771357256069553
2010-07-06 06:00:00,2010,7,6,6,1278396000,35.60335717578437,3.9165127685443153,97.20672445405025,0.8600349694098836,16.269763451362852,0.4256557843434499,0.3948165280522847,5.996388004821445
2010-07-06 12:00:00,2010,7,6,12,1278417600,37.19402653124785,11.360639639898963,97.12153486233089,23.637202204821993,2.5025385356447387,0.281657654481647,0.41163166248409944,8.879003605004803
2010-07-06 18:00:00,2010,7,6,18,1278439200,35.570462054528875,5.680427367237939,97.2914907547213,0.149575597170067,9.298532871797239,0.3493597001445072,0.3967089953801901,5.562661770324034
2010-07-07 00:00:00,2010,7,7,0,1278460800,28.42051704961644,5.517102081732579,97.97766097472746,0.5569055283636358,0.0,0.26540803522536566,0.37359812899263095,4.891084686916924
2010-07-07 06:00:00,2010,7,7,6,1278482400,33.70324408244067,4.903208635440332,97.9624839574236,0.5322810097327675,0.0,0.24915083257253828,0.3831666578871045,5.046157784049999
2010-07-07 12:00:00,2010,7,7,12,1278504000,38.86208909663531,3.7485928024427078,97.29393447121807,22.90643190328352,0.0,0.27705890220047136,0.3878565120873141,8.147336729045323
2010-07-07 18:00:00,2010,7,7,18,1278525600,35.699643640868906,3.6945338173982543,97.02518031770038,0.24557198725948495,0.0,0.26748101818297093,0.39533506211543334,5.215786843902868
2010-07-08 00:00:00,2010,7,8,0,1278547200,31.69537978344531,3.5986506761218897,97.71741378159832,0.025808774321286143,0.0,0.2685882597530944,0.37270615596660334,5.047000563187616
2010-07-08 06:00:00,2010,7,8,6,1278568800,33.48158602765164,5.63012980381075,97.40773765789068,0.6191668198095741,0.0,0.25796841908034335,0.4274922821279237,5.059764208637502
2010-07-08 12:00:00,2010,7,8,12,1278590400,35.931246099270176,3.9960194206186967,97.82509916350247,23.09857324865397,4.535292405354408,0.3207951946760541,0.43542216531639705,8.426071919369896
2010-07-08 18:00:00,2010,7,8,18,1278612000,33.705512208845676,3.692305928818062,97.59998906624536,0.2904234224004205,5.374930763903999,0.3022908957455974,0.41766516927378206,5.150439461967963
2010-07-09 00:00:00,2010,7,9,0,1278633600,29.469691247620826,6.813405339097818,97.4041831788347,0.028786928365067355,8.048441812070706,0.33947126022592783,0.4490756009257484,4.989778258690628
2010-07-09 06:00:00,2010,7,9,6,1278655200,32.524756448001334,5.886003692563924,97.50237172415754,0.6474176356008776,0.0,0.29430761275722267,0.4181091444048704,5.033279861988097
2010-07-09 12:00:00,2010,7,9,12,1278676800,38.62230045206018,3.3453301298891196,97.68667336394483,23.13242591324541,9.034549911440076,0.355871743386868,0.4530316321990763,8.648759951779818
2010-07-09 18:00:00,2010,7,9,18,1278698400,35.87709911899998,3.803706737136763,97.3056090283693,0.9169546355105991,22.606851906106186,0.48,0.4063682244362885,6.227676030566991
2010-07-10 00:00:00,2010,7,10,0,1278720000,25.951639688668838,4.106735860067953,97.60293233599162,0.8434459954293626,25.784726007008054,0.48,0.46523044094723515,5.368217648968037
2010-07-10 06:00:00,2010,7,10,6,1278741600,32.044662129349305,3.642591723189235,97.42894040270514,0.15872162971482773,0.0,0.24028926658702662,0.39249166027532173,4.469685353403916
2010-07-10 12:00:00,2010,7,10,12,1278763200,40.106346587466014,4.222608867635123,97.23151585866562,23.344218925907974,12.926012969977153,0.3557027466570891,0.3927182647246102,8.668834730039256
2010-07-10 18:00:00,2010,7,10,18,1278784800,36.3165741203729,4.459533587034761,97.32817689527698,0.5978397843735244,17.603532333786582,0.4426164158504715,0.3867635726944528,5.976119449232934
2010-07-11 00:00:00,2010,7,11,0,1278806400,30.668458293124825,4.357132444966446,97.62155492913278,0.3390179777096438,2.9394212716091697,0.28460741908486265,0.4135057371753981,5.156797876461476
2010-07-11 06:00:00,2010,7,11,6,1278828000,32.38036816623336,4.2688664511747145,97.24551519313792,0.13667506771858384,0.0,0.21375402677748445,0.47124215234229316,4.712513059987875
2010-07-11 12:00:00,2010,7,11,12,1278849600,36.941684804338706,6.097495986846548,97.57512075450164,23.131417937870626,12.80980352091779,0.3952333161973198,0.3852276576811718,8.56247780058996
2010-07-11 18:00:00,2010,7,11,18,1278871200,32.87262478788806,3.2662251112028744,97.82469124581785,0.522594709157319,0.0,0.2363771472403638,0.429030103387187,5.025072184591639
2010-07-12 00:00:00,2010,7,12,0,1278892800,29.610107188279596,3.2904516466153773,96.7680560939815,0.5982397187248629,5.85730959721121,0.2921547688190095,0.44012438681229377,5.204355244634755
2010-07-12 06:00:00,2010,7,12,6,1278914400,32.0802186976062,6.325291954267563,97.0962261133663,0.12125876884181475,15.974756785680524,0.4413959448994685,0.4194183570879696,5.804253630366405
2010-07-12 12:00:00,2010,7,12,12,1278936000,39.73819649433914,5.502822335792888,97.74503709975255,23.242032959637623,0.0,0.27827518017329583,0.42050732571663246,8.256929983288833
2010-07-12 18:00:00,2010,7,12,18,1278957600,34.993485495008215,5.23845277558943,97.47635340598778,0.9502763333253607,0.0,0.3037801347549211,0.43106953616412935,5.078094561538784
2010-07-13 00:00:00,2010,7,13,0,1278979200,29.865164511209514,3.679973477747105,97.60232149259255,0.2016957709249827,0.0,0.25967758760590964,0.48524908735250166,4.56998319299666
2010-07-13 06:00:00,2010,7,13,6,1279000800,33.02889814772643,3.356376477403135,97.55401345999073,0.516199215238924,0.0,0.2791865814890165,0.4280244476380498,4.752409701540619
2010-07-13 12:00:00,2010,7,13,12,1279022400,38.59578455350051,3.6401465608560124,97.63936900489293,23.58422019017458,4.244102046912767,0.3123605200963535,0.37507926943326236,8.347184145354893
2010-07-13 18:00:00,2010,7,13,18,1279044000,33.34081227718607,7.006126767720412,97.74237538516219,0.8778514733450167,0.0,0.28275998269317637,0.4482838665100322,5.2416860888222825
2010-07-14 00:00:00,2010,7,14,0,1279065600,26.301328013273828,3.7527455919728547,97.7731696881475,0.3617814652992657,0.0,0.2811442708881354,0.3994884055724153,4.433282988364856
2010-07-14 06:00:00,2010,7,14,6,1279087200,33.71330490528827,4.5041349843918,97.45450135187164,0.10198891145590316,0.0,0.2529177300073277,0.4061561720127434,5.146157534029776
2010-07-14 12:00:00,2010,7,14,12,1279108800,36.72503882381275,4.353747446195581,97.75097244661876,22.652063142342985,0.0,0.277231363124362,0.3922193986743362,7.86121284851601
2010-07-14 18:00:00,2010,7,14,18,1279130400,33.564244038208635,3.2464084953451264,97.6001097610545,0.9473106144717472,0.0,0.2773320464106296,0.438713700746154,5.386424117203605
2010-07-15 00:00:00,2010,7,15,0,1279152000,26.92464958845931,5.4619138525036535,97.30669871860273,0.22956851696101477,5.740842302745167,0.36553004601809364,0.43195273780833926,5.026632436354849
2010-07-15 06:00:00,2010,7,15,6,1279173600,31.19625275336836,3.8297763266041605,97.48035299143137,0.2540548107995707,0.0,0.2681733751478585,0.43169242031136984,4.9375833108111316
2010-07-15 12:00:00,2010,7,15,12,1279195200,36.49504512508841,3.226247557691409,97.82478024254522,22.720365608963903,0.0,0.26033341624038997,0.44944324596801427,8.192929823362766
2010-07-15 18:00:00,2010,7,15,18,1279216800,34.58529115137309,3.510119131443025,97.30083914949442,0.9819902154066853,6.5795454403270375,0.3523316650570109,0.4710660597818942,5.456183117918147
2010-07-16 00:00:00,2010,7,16,0,1279238400,26.45951152660422,3.9876583737723683,98.00456284377492,0.7460354637087503,0.0,0.2801812029009658,0.44979252243633855,4.819345420107255
2010-07-16 06:00:00,2010,7,16,6,1279260000,33.932883609901374,5.94034640747417,97.57380522044454,0.6770334531152464,0.0,0.26789167257402957,0.4609621368759429,5.306390332182578
2010-07-16 12:00:00,2010,7,16,12,1279281600,37.42923721565766,3.7879336616465427,97.84961749087743,23.381053919575262,6.655157914970188,0.33885549567516754,0.42639985343912906,8.42487480123593
2010-07-16 18:00:00,2010,7,16,18,1279303200,32.800668953200656,4.579128280764997,97.6207690720407,0.6421383243523692,10.297991516412159,0.3966717336878148,0.4443265106524318,5.257976246601073
2010-07-17 00:00:00,2010,7,17,0,1279324800,28.99012890464465,4.21000624811086,97.36214254953299,0.46613413553883687,0.0,0.26165487113121655,0.4194906525073379,4.666485212938818
2010-07-17 06:00:00,2010,7,17,6,1279346400,35.39463740523261,3.761714649468516,97.25448777872131,0.2536456161946369,3.2583727101570106,0.3112672692038818,0.5274240526887976,5.817755569891131
2010-07-17 12:00:00,2010,7,17,12,1279368000,37.258591853304374,3.2803215566712445,97.38530252120349,23.225226827191012,0.0,0.31323514998586266,0.4704250999283895,8.351584943874052
2010-07-17 18:00:00,2010,7,17,18,1279389600,34.53137594858921,6.206516140393898,97.9058707872754,0.9238607120772834,0.0,0.26273992345370584,0.44184932622849077,5.50678389123239
2010-07-18 00:00:00,2010,7,18,0,1279411200,28.91347180398676,6.59482043908638,97.93279553738394,0.10757164784829076,8.621960969027363,0.3572423690549384,0.465483855809503,5.381092636345388
2010-07-18 06:00:00,2010,7,18,6,1279432800,32.24405444757136,3.390007161057391,97.12568404540008,0.0031447122648974313,0.0,0.29247096252216104,0.44654508442007296,5.079193306444703
2010-07-18 12:00:00,2010,7,18,12,1279454400,37.45867390391935,3.197288435024311,97.1057095793052,22.738841079625978,0.0,0.2624470422590704,0.4872660149023684,8.254981436743527
2010-07-18 18:00:00,2010,7,18,18,1279476000,35.679861714458596,9.305060938598242,97.63685968547111,0.23117462327835356,15.64411369011954,0.43525935124301746,0.4366809313107872,6.2873587604144525
2010-07-19 00:00:00,2010,7,19,0,1279497600,26.851201946748425,4.1153176641594715,97.50202242256456,0.16804652884918314,0.0,0.2767596628442677,0.4359337075704504,4.385361458095106
2010-07-19 06:00:00,2010,7,19,6,1279519200,32.55631766199689,3.5358326094475334,97.04817360051254,0.25594641535165563,0.0,0.276906165796238,0.47502810781724625,5.0027094214033525
2010-07-19 12:00:00,2010,7,19,12,1279540800,36.25407551723963,3.1990843863561587,98.23156270514038,22.476277879895836,0.0,0.30200181253094077,0.4769338968527273,7.969046078502205
2010-07-19 18:00:00,2010,7,19,18,1279562400,31.12253255360588,4.529865271117869,97.66935519926506,0.853168715240636,4.215514572677164,0.353695840817698,0.4982505267923828,5.775852625733614
2010-07-20 00:00:00,2010,7,20,0,1279584000,26.448643062479345,4.675195732365051,97.80999483594759,0.6307540882590169,3.196665702880329,0.32516408431063265,0.4691712166130998,5.0846605350390295
2010-07-20 06:00:00,2010,7,20,6,1279605600,35.46084131588262,6.022916531468731,97.77784691440421,0.39246267565413384,14.98079791180956,0.38923284677571973,0.4764868154537686,6.04605356929067
2010-07-20 12:00:00,2010,7,20,12,1279627200,39.12640594475065,3.2733121506570337,97.47364093096833,22.973882670868004,0.0,0.29488681652390986,0.5479489687983694,8.74457227150746
2010-07-20 18:00:00,2010,7,20,18,1279648800,35.50882837723076,8.710797909616057,97.70293765054949,0.012480077538048107,0.0,0.30654536167421886,0.42941660874301985,5.633165774266111
2010-07-21 00:00:00,2010,7,21,0,1279670400,26.410735923722367,5.412257052363765,97.83037379365427,0.01788585792582509,0.0,0.2926567996967283,0.5082128242989807,4.836610998617618
2010-07-21 06:00:00,2010,7,21,6,1279692000,33.168000754207064,7.236976697473156,97.59354319263315,0.24210676599858227,0.0,0.2851057706285548,0.46741194494981536,5.369152004122063
2010-07-21 12:00:00,2010,7,21,12,1279713600,38.60093752745895,3.2409902043653296,98.02097801917269,23.272045711546685,0.0,0.2786326009106968,0.47418278121587204,8.649256026178305
2010-07-21 18:00:00,2010,7,21,18,1279735200,32.128591504338125,5.70685158525272,97.81811070050708,0.7533378151889314,5.730713363147605,0.34247416432429,0.49943245735311625,5.493728414317805
2010-07-22 00:00:00,2010,7,22,0,1279756800,26.775926783081044,4.640890649198158,97.10451565376702,0.752654672507133,0.0,0.27037833382010895,0.3887763222068593,4.663099140624216
2010-07-22 06:00:00,2010,7,22,6,1279778400,33.54782508133491,3.3459129680239563,97.79288898379656,0.4284741123613426,0.0,0.27172820053531604,0.5033875376643356,4.8426508928911245
2010-07-22 12:00:00,2010,7,22,12,1279800000,40.613588966597526,5.600239508706412,97.2513786556693,23.191808734467187,0.0,0.3154743422873167,0.5221765697269078,9.300169427904285
2010-07-22 18:00:00,2010,7,22,18,1279821600,30.285581654555465,5.032053411652591,97.1633829219814,0.3909155563257642,0.0,0.2847900673116799,0.46730952099769296,5.342884123296506
2010-07-23 00:00:00,2010,7,23,0,1279843200,25.848490233397285,4.44913703175521,97.71502375307192,0.7201912743263643,0.0,0.2788861227811116,0.5045927089791217,4.613112601369167
2010-07-23 06:00:00,2010,7,23,6,1279864800,30.85366509991328,9.430445152350359,97.51279333398391,0.610951914285691,2.6902951206340338,0.31115306889715544,0.517781300948119,5.2258315005749765
2010-07-23 12:00:00,2010,7,23,12,1279886400,39.81860446812961,4.371245303720878,97.60479937544461,22.924679308728827,0.0,0.2916306483132943,0.5557565537973271,8.708124825181681
2010-07-23 18:00:00,2010,7,23,18,1279908000,31.083119399734453,4.34702959490008,96.86860018496309,0.35009404508523473,0.0,0.26441454943981113,0.45047319151891285,5.083591543127509
2010-07-24 00:00:00,2010,7,24,0,1279929600,27.541404540658995,4.3829045477005515,97.76473084098092,0.41204228666178555,1.7803116224261706,0.32176884407311,0.5294125594344545,4.998139312154111
2010-07-24 06:00:00,2010,7,24,6,1279951200,30.945050076046968,4.114072390882711,98.02638904754406,0.25923487895428865,2.9411092885126564,0.3370810695701414,0.4711033176784644,5.432578800332192
2010-07-24 12:00:00,2010,7,24,12,1279972800,39.32436258440579,7.6123461228141345,97.77548357040305,22.674476677920477,0.0,0.2937762303906701,0.5438573518518549,8.984571066667606
2010-07-24 18:00:00,2010,7,24,18,1279994400,34.10996768644433,6.363267652652298,97.47290806787505,0.01018457300421044,8.876512859952484,0.37864776865399125,0.47394571513697326,5.736938114305186
2010-07-25 00:00:00,2010,7,25,0,1280016000,27.23120164067294,4.798418987925656,97.40376055482844,0.8974274795935013,0.0,0.32168899112985205,0.4758886058326902,4.742206935588911
2010-07-25 06:00:00,2010,7,25,6,1280037600,32.28625023280443,5.559731410589883,97.69287542037361,0.9839727111642772,0.0,0.3060826975030782,0.5249150883589312,5.956405377721185
2010-07-25 12:00:00,2010,7,25,12,1280059200,37.10990099633206,3.679001317551145,97.69424414590252,22.356638826272647,0.0,0.2818832315058393,0.5143144538877019,8.514206894184797
2010-07-25 18:00:00,2010,7,25,18,1280080800,33.920906875847656,8.201047325174528,97.70615941828605,0.3577215029947403,0.0,0.31020636987998873,0.5067360642598504,6.089301965186472
2010-07-26 00:00:00,2010,7,26,0,1280102400,29.144428501097995,4.60581953644742,97.69618239776068,0.15915682592628932,6.9227148186542955,0.3211931582510097,0.4706742271513399,5.185372405650398
2010-07-26 06:00:00,2010,7,26,6,1280124000,31.348070220075666,7.377423521527041,98.01119298419442,0.43865843238823954,0.0,0.2613070594115843,0.4597435820803223,4.979565680543684
2010-07-26 12:00:00,2010,7,26,12,1280145600,41.29808155990415,3.9004309973253886,97.29836247065847,22.57387589778656,5.891703499763372,0.33438713618422555,0.5059670621488279,8.659337792849385
2010-07-26 18:00:00,2010,7,26,18,1280167200,33.3117057308556,2.9004995096700505,96.60352568307714,0.7648622219322754,0.0,0.28879296159239926,0.547003390438534,5.3751033645351445
2010-07-27 00:00:00,2010,7,27,0,1280188800,30.304939330119062,3.179287305239126,97.13345912617378,0.5241817443510142,0.0,0.28480289317223895,0.47850809187316595,5.119861174020605
2010-07-27 06:00:00,2010,7,27,6,1280210400,32.9708811355068,4.689648799634024,97.96757909273703,0.4602332613427611,0.0,0.2949574214066544,0.46878147093705036,5.174716532863686
2010-07-27 12:00:00,2010,7,27,12,1280232000,37.44806589867766,3.947211774766958,97.9726016125125,22.58360029063233,0.0,0.2884342444764939,0.5151300806621206,8.212375768790963
2010-07-27 18:00:00,2010,7,27,18,1280253600,31.084691608798163,5.2910110677859175,97.93809006628449,0.45412602452089396,15.603702960166785,0.4509034511301801,0.5208533670985146,5.884618393725496
2010-07-28 00:00:00,2010,7,28,0,1280275200,25.38925657771592,3.3968921240203453,98.35272125079553,0.040559539242999376,0.0,0.2721484720592813,0.4894277438784595,4.783904617694906
2010-07-28 06:00:00,2010,7,28,6,1280296800,31.290978110999433,6.84368206317562,97.78464478736011,0.5303100932262317,0.0,0.28343480372607766,0.5807851394288093,5.285929924638831
2010-07-28 12:00:00,2010,7,28,12,1280318400,38.243776254157034,2.96267450492315,97.95304744207166,22.87582288512094,0.0,0.2754080531880853,0.47222307959448934,8.110797767945614
2010-07-28 18:00:00,2010,7,28,18,1280340000,32.21082255637639,5.894045686346102,97.60939546287298,0.9861968690015126,0.0,0.31888217974353616,0.49690400725001965,5.3769200038401195
2010-07-29 00:00:00,2010,7,29,0,1280361600,29.1129316401928,4.29757729666674,97.75240920578983,0.5763070067960664,4.413963145724194,0.3096211514960717,0.47385738302412106,5.1658094209914305
2010-07-29 06:00:00,2010,7,29,6,1280383200,31.345560865236187,5.543883854037702,98.24446410871431,0.4625635660202424,5.094527162064612,0.34635076417619576,0.5123123438928002,5.778567504712901
2010-07-29 12:00:00,2010,7,29,12,1280404800,38.82814552080578,4.530709317190756,97.17255565759346,22.36728115042155,11.130500642965885,0.4023070560747718,0.4705944900192174,8.731231605625261
2010-07-29 18:00:00,2010,7,29,18,1280426400,31.621383176410458,5.754013454583627,97.76710211529071,0.06301984458458623,0.0,0.2576977934127888,0.5607720919520947,5.123865285366042
2010-07-30 00:00:00,2010,7,30,0,1280448000,25.385280940667105,3.7884921315935127,97.60122203163381,0.15680268859537538,2.3982231278657244,0.29776069901614877,0.505158995159052,4.660413172715848
2010-07-30 06:00:00,2010,7,30,6,1280469600,32.29846040618875,4.007372631833905,97.69944530310947,0.7089084980741929,7.359266391013625,0.3895158887882022,0.5490086475480276,5.987312718799777
2010-07-30 12:00:00,2010,7,30,12,1280491200,37.444819638278936,2.8133785713681707,97.74242311961885,22.839215816905245,0.0,0.30398737042138774,0.4973283106013455,8.431470685099463
2010-07-30 18:00:00,2010,7,30,18,1280512800,29.407391380332427,5.013231409837646,97.07224466155562,0.11947274920186014,0.0,0.26973224690573416,0.48866084011318556,4.775498551028493
2010-07-31 00:00:00,2010,7,31,0,1280534400,28.317553797170703,2.948538101025819,97.64324427388624,0.9465130290028373,0.0,0.2535149132678799,0.5731502334967835,5.0121501164573194
2010-07-31 06:00:00,2010,7,31,6,1280556000,32.685584281023424,4.193231408224865,97.31531938790084,0.4454790455428361,0.0,0.31741396992996285,0.5848275910399863,5.426386676152384
2010-07-31 12:00:00,2010,7,31,12,1280577600,38.309166945441405,3.6541128091710995,97.54051718458666,22.162091693288815,0.0,0.31785287729219075,0.48488243218460614,8.537208692483686
2010-07-31 18:00:00,2010,7,31,18,1280599200,31.949690348576016,8.026139952026757,97.75124151020871,0.1504781883160361,0.0,0.2758156237811807,0.5604719305124933,5.265083289186785
2010-08-01 00:00:00,2010,8,1,0,1280620800,27.687059719283628,3.3707990705513384,97.69925633360737,0.7714661389760037,5.064919212783348,0.37199715978069886,0.5417297694048812,5.275923638181871
2010-08-01 06:00:00,2010,8,1,6,1280642400,32.836114555503535,4.674208845664209,97.72332528963088,0.30153191637799703,0.0,0.28002121271867497,0.525352076698301,5.2365358728436355
2010-08-01 12:00:00,2010,8,1,12,1280664000,37.24995303030258,5.040840584615474,97.63255951269957,22.299308355289018,0.0,0.3086354360894724,0.5302247984941401,8.571275319007949
2010-08-01 18:00:00,2010,8,1,18,1280685600,30.307519662010183,8.705561846668026,96.82443497798849,0.7800690709232804,0.0,0.25285499892474406,0.5785339553293377,5.869138839645457
2010-08-02 00:00:00,2010,8,2,0,1280707200,26.26882043294535,2.9978814894132606,97.75238042989794,0.8608473667132654,0.0,0.2819452978209385,0.5445662215190897,4.839031221560379
2010-08-02 06:00:00,2010,8,2,6,1280728800,34.46624661312096,5.012647527844454,97.48520697888367,0.03155161118459948,0.0,0.2846480326575759,0.5379748224845513,5.531654795820872
2010-08-02 12:00:00,2010,8,2,12,1280750400,37.573281233518976,3.4051691099974146,97.64139433619793,21.94618035568667,0.0,0.26848672129990003,0.536290055073838,8.279186896177341
2010-08-02 18:00:00,2010,8,2,18,1280772000,33.49415211492389,3.4743451312567184,97.3388563461515,0.4508221695033071,0.0,0.2949868074376167,0.5593788189185293,5.48258415133453
2010-08-03 00:00:00,2010,8,3,0,1280793600,26.657927343418468,3.8689328784312584,97.63278261255203,0.046133803757058,0.0,0.3052485276855137,0.5472596872301616,5.174540946358574
2010-08-03 06:00:00,2010,8,3,6,1280815200,31.350130515127134,3.4465568503487543,97.56953416383591,0.27388600605879554,0.0,0.30636269538762334,0.5433442190334257,5.35699093970101
2010-08-03 12:00:00,2010,8,3,12,1280836800,35.16654481449537,3.840330153713694,97.4271914931806,22.03534743701792,0.0,0.3034541949664726,0.5702045703429346,8.204108788811983
2010-08-03 18:00:00,2010,8,3,18,1280858400,30.28649074981517,3.7095178515083322,97.58138834261848,0.12156438518134625,0.0,0.3223490265642403,0.5911879515129337,5.598722291572862
2010-08-04 00:00:00,2010,8,4,0,1280880000,27.029310217509767,2.8497498370421157,97.41117235228688,0.9776226486566848,0.0,0.2937981439820328,0.5058089276289707,5.19820484801809
2010-08-04 06:00:00,2010,8,4,6,1280901600,33.18903069012323,2.718338400298912,97.2745892488664,0.16861734203916745,7.2717362988619705,0.3632382168518563,0.5234591494754125,5.470211017629863
2010-08-04 12:00:00,2010,8,4,12,1280923200,35.72908135357381,2.795695778638179,97.87046663407926,21.721210374045608,6.707258360700199,0.37928301449185314,0.5780242430286442,8.362878543566481
2010-08-04 18:00:00,2010,8,4,18,1280944800,30.340164641553894,4.449637812295015,97.95321968877619,0.12471185349253532,4.243137251170457,0.3500873236796453,0.6095803527642998,5.5963481020709755
2010-08-05 00:00:00,2010,8,5,0,1280966400,27.059618689771554,4.508066675724491,98.14216390315394,0.5614200000073838,0.0,0.285495454262934,0.5719201764078744,4.780777353111281
2010-08-05 06:00:00,2010,8,5,6,1280988000,30.58810142541971,3.268902472960066,97.31297779347344,0.5981862518484196,3.3146953427525108,0.3115132850321205,0.5983042273859458,5.0841847396653
2010-08-05 12:00:00,2010,8,5,12,1281009600,36.250105952153525,2.9640684303309093,97.78073440962554,22.081871732149402,0.0,0.3177654529122716,0.5499601266974488,8.052452480875745
2010-08-05 18:00:00,2010,8,5,18,1281031200,29.768852969443543,4.411839409579202,97.83340729240268,0.9809648145022536,0.0,0.29847610502328276,0.5535123803455105,5.134668111912819
2010-08-06 00:00:00,2010,8,6,0,1281052800,25.495351967434587,2.9140590245018956,97.87624565668418,0.4021489269412447,0.0,0.2916726374924638,0.5858721058250608,4.494402054552197
2010-08-06 06:00:00,2010,8,6,6,1281074400,34.53718721869005,5.029231817452351,97.68348152326722,0.3138594669938689,0.0,0.30241449190984737,0.5048755034632381,5.6198689327572575
2010-08-06 12:00:00,2010,8,6,12,1281096000,37.868533888062395,3.747719420941444,98.24858004515585,22.0108388866188,17.698728767141297,0.475788182392782,0.5730899501697497,9.438058239647843
2010-08-06 18:00:00,2010,8,6,18,1281117600,31.396685805452663,2.6931496595633146,97.53934918819438,0.9732267809156463,0.0,0.2699798642606313,0.5460856712542879,5.60853996264633
2010-08-07 00:00:00,2010,8,7,0,1281139200,25.70552589604508,3.2711610818326418,97.21186697188475,0.022571463281504944,17.075094025853495,0.4747243784280983,0.543735697658143,5.179271881923055
2010-08-07 06:00:00,2010,8,7,6,1281160800,33.22343643867567,6.443310305480274,98.12032021955639,0.015123941151624853,2.706845225897034,0.34659325076899145,0.5852789497700414,6.0726535013964185
2010-08-07 12:00:00,2010,8,7,12,1281182400,34.32301687112482,4.144190109134765,97.9433909105283,21.63205456311185,0.0,0.2717878747717986,0.572616594706254,8.32374090590379
2010-08-07 18:00:00,2010,8,7,18,1281204000,34.251459409523406,5.610920515810931,98.06073267126101,0.22197378276524035,0.0,0.28090808205224677,0.57401687631419,5.512939565961687
2010-08-08 00:00:00,2010,8,8,0,1281225600,27.44248640096705,4.6638345586008825,97.28223691646204,0.08016880685723826,9.825091234290655,0.37834014307690367,0.5401939056670836,5.042614580564454
2010-08-08 06:00:00,2010,8,8,6,1281247200,31.716164854299265,4.393783670366801,97.24623210322024,0.02887770007255397,5.1656943409712035,0.37763165831668066,0.5891474707563981,5.669572714538289
2010-08-08 12:00:00,2010,8,8,12,1281268800,34.69045867036269,2.6890690186547013,97.7252210778594,22.1261299096181,24.475156943035326,0.48,0.5283371565049735,9.045089028878317
2010-08-08 18:00:00,2010,8,8,18,1281290400,31.649493570876842,3.7416901135943825,97.3919966932094,0.840232510856538,4.8592029246325765,0.3557085331481111,0.5356938108317311,5.534790149515777
2010-08-09 00:00:00,2010,8,9,0,1281312000,26.985487794918416,3.294918997240511,97.7309614853848,0.006514499409558172,0.0,0.29417731318789997,0.6291422184322635,4.93256363674107
2010-08-09 06:00:00,2010,8,9,6,1281333600,32.33355250337592,3.7347219173942174,97.3063497070478,0.14341122027350173,0.0,0.29815748869718733,0.5682619997574734,5.535672565737667
2010-08-09 12:00:00,2010,8,9,12,1281355200,36.900579309129355,3.211764921057216,97.17596577100423,21.341118169814077,0.0,0.26054815807425946,0.5917592529315683,8.04491798601777
2010-08-09 18:00:00,2010,8,9,18,1281376800,29.545864373234323,8.030710733358092,97.51774522136778,0.40732651287113736,0.0,0.3013414612822455,0.5678799286002912,5.369561923862709
2010-08-10 00:00:00,2010,8,10,0,1281398400,26.331591436722803,6.6538523365956435,97.53688060386541,0.47557903985084526,0.0,0.2931715684897248,0.5902626963163763,4.9838792024226635
2010-08-10 06:00:00,2010,8,10,6,1281420000,28.90406653865798,5.727232375661119,97.64117000031142,0.9758345827777916,3.105061479484236,0.3424084689734115,0.5554406410865141,5.462657214677628
2010-08-10 12:00:00,2010,8,10,12,1281441600,35.27408745344722,2.9199999834532266,97.66034628759094,22.013239301786527,0.0,0.27247917076537126,0.5923451110873188,8.18516866097251
2010-08-10 18:00:00,2010,8,10,18,1281463200,30.887154604309217,4.359461443851237,97.9781014178632,0.19865346193085537,0.0,0.29461914414609824,0.6192399230175771,5.311610109943474
2010-08-11 00:00:00,2010,8,11,0,1281484800,25.46906033972426,5.39767150471027,97.90632572462546,0.7288327506478717,1.9914307180869255,0.2785275256101539,0.6345302449990016,5.137497861846236
2010-08-11 06:00:00,2010,8,11,6,1281506400,29.85587567628613,3.9541568022996385,97.67629476268992,0.19051377691235438,0.39465039619227704,0.2974487816489893,0.6222133591601449,5.331365949643039
2010-08-11 12:00:00,2010,8,11,12,1281528000,35.53967888129713,4.845957118197976,97.88597770446529,21.353281570171273,0.0,0.29368039935194,0.5853575418068536,8.751621064856495
2010-08-11 18:00:00,2010,8,11,18,1281549600,31.891908637257245,3.6941636374853832,97.93196203446782,0.8344227308820698,0.0,0.28698062175476124,0.6346999563378558,5.654720251612888
2010-08-12 00:00:00,2010,8,12,0,1281571200,24.69879570398924,3.5104374142526265,97.65971421482324,0.4553945621193114,0.0,0.32731882195495904,0.6007951737699926,4.984118343108657
2010-08-12 06:00:00,2010,8,12,6,1281592800,32.58907801566996,4.222610292049488,97.7153818080071,0.4431744103562807,0.0,0.3048793897747055,0.6289389229004054,5.664296580235581
2010-08-12 12:00:00,2010,8,12,12,1281614400,37.54242177892481,3.025976267413411,97.80300194635971,21.37254544663618,0.0,0.30342638028004976,0.5659803775064657,8.35994438471496
2010-08-12 18:00:00,2010,8,12,18,1281636000,31.505208198497318,5.874748905500931,97.70608563770654,0.5493021814518418,3.686170505678787,0.31161614847328123,0.6310313323220206,5.752034555873462
2010-08-13 00:00:00,2010,8,13,0,1281657600,25.245904271196604,3.0784180439709687,97.67202449225931,0.34778731324436485,0.0,0.29449898699955795,0.592885792595254,4.849145972593181
2010-08-13 06:00:00,2010,8,13,6,1281679200,28.57282628532307,2.5885341891227713,97.78134320433922,0.5816959656207105,8.312049413869598,0.3666433353147869,0.5754580612839574,5.179205890552722
2010-08-13 12:00:00,2010,8,13,12,1281700800,32.30340291971804,4.323557875133677,97.85450701388321,21.340039214122736,5.049412803964466,0.3444069033714611,0.5971131499780528,8.524813991925772
2010-08-13 18:00:00,2010,8,13,18,1281722400,30.401902673233668,6.212559045094979,97.45413484619472,0.07455881090461139,0.0,0.34302523375853733,0.5679956005505965,5.816945844284065
2010-08-14 00:00:00,2010,8,14,0,1281744000,27.294096334436624,3.1837181204239733,97.98318484805392,0.6057533266970111,6.700246269665286,0.36014673006343473,0.5949754155101836,5.702926634185426
2010-08-14 06:00:00,2010,8,14,6,1281765600,30.06551976798421,2.886003193354046,97.70294376751825,0.6938496146763057,3.2556649461350258,0.3052062135738006,0.5872936705767691,5.418661486463042
2010-08-14 12:00:00,2010,8,14,12,1281787200,36.856382262154156,3.418019454066007,97.58703245119702,21.687788345214525,0.0,0.30269677490507063,0.5806893926716443,8.488174378784322
2010-08-14 18:00:00,2010,8,14,18,1281808800,32.61921444605104,5.399559958201227,97.60186762067093,0.3208091079209032,0.0,0.29172032219633737,0.5871019481089708,5.634275778491951
2010-08-15 00:00:00,2010,8,15,0,1281830400,26.879078681973294,3.8713309891885768,98.09066930998031,0.04729702856476481,0.0,0.2827451234225967,0.5681257251141845,4.566305266022448
2010-08-15 06:00:00,2010,8,15,6,1281852000,31.78708415115347,3.6269111459824366,97.67867559335414,0.03250951640059052,6.232427120641439,0.38604564378426,0.6269077324835401,5.513506589704306
2010-08-15 12:00:00,2010,8,15,12,1281873600,33.26004681158137,7.07004130484381,97.46373474148676,21.06413099758449,0.0,0.2933403897845394,0.5996203427782335,8.469793218636969
2010-08-15 18:00:00,2010,8,15,18,1281895200,31.860890603834847,3.473646007656646,97.54665119831535,0.6546266864365845,0.0,0.2784782878790396,0.6080842387049464,5.345793414167425
2010-08-16 00:00:00,2010,8,16,0,1281916800,26.85880540882932,2.7987558922721156,97.87938788048179,0.35802529923676074,9.537353772341353,0.365320858039218,0.6465674040949843,5.256791976686939
2010-08-16 06:00:00,2010,8,16,6,1281938400,29.28889193536037,2.96827273187552,97.7802438833973,0.7557983296233906,0.0,0.2593072612533532,0.6100499324570816,5.0834882016335525
2010-08-16 12:00:00,2010,8,16,12,1281960000,35.99946451517037,3.437917595908994,98.07189522324967,21.343234180384442,0.0,0.34146758413839023,0.6135798399970176,8.473509014380122
2010-08-16 18:00:00,2010,8,16,18,1281981600,30.009876010244525,3.2367181468281476,97.28942872718794,0.46336147329147515,0.0,0.274085547140978,0.6320259973370105,5.359283445652355
2010-08-17 00:00:00,2010,8,17,0,1282003200,24.28722051018936,3.2481396252631383,98.10157017868659,0.7893686748488375,9.856691335167833,0.3961064698280929,0.6456426360450787,5.283828372405289
2010-08-17 06:00:00,2010,8,17,6,1282024800,28.714796585818483,3.1096769882681228,97.7802882002355,0.512571799870957,0.0,0.2954152925066325,0.582766048169301,5.374833533587724
2010-08-17 12:00:00,2010,8,17,12,1282046400,36.29950687177528,6.906295347217187,97.70942724205354,21.01531875333605,0.0,0.28420204964337414,0.5917833226784497,8.162979336264417
2010-08-17 18:00:00,2010,8,17,18,1282068000,28.268529940701278,2.426987093822615,97.78792613928663,0.4114507501685718,4.103012544580603,0.3610983137718919,0.5710823341113196,5.849131616378014
2010-08-18 00:00:00,2010,8,18,0,1282089600,28.15694630564954,3.789769450003563,98.28382737824568,0.08696984618890158,0.0,0.29570851792976344,0.5823723334119614,5.1916741326003955
2010-08-18 06:00:00,2010,8,18,6,1282111200,29.26261684779111,4.53796815119297,98.26175684750442,0.7034619582236414,3.5089365366239456,0.3355243633936561,0.6320148542026615,5.460046876517182
2010-08-18 12:00:00,2010,8,18,12,1282132800,35.73936881666353,3.6256093917568135,98.18027426252284,21.318800445199003,0.0,0.3146346447511547,0.6475202572202379,8.375266600301655
2010-08-18 18:00:00,2010,8,18,18,1282154400,28.70417873038195,5.396474370008637,97.93242240182322,0.5768439478956502,3.744754213581286,0.3252038960683958,0.6554862348642251,5.677934513333973
2010-08-19 00:00:00,2010,8,19,0,1282176000,24.723176500041152,7.200904429397859,98.43204551833678,0.48685948214099894,0.0,0.2979020140287169,0.6454252309728115,5.1973895155158925
2010-08-19 06:00:00,2010,8,19,6,1282197600,30.000187834877085,2.641071935051884,97.5664059325386,0.3482552661182561,0.0,0.3251321145106803,0.6491382185712765,5.852722263886831
2010-08-19 12:00:00,2010,8,19,12,1282219200,35.046075710057416,3.053175646950776,97.50312614185633,20.820314473963055,0.0,0.2964763496776253,0.6636275244399175,8.39729724137799
2010-08-19 18:00:00,2010,8,19,18,1282240800,29.058422227505908,3.113330153053128,98.3731837354695,0.3258814760562143,0.0,0.3051765266711331,0.7071285113601784,5.371726527733188
2010-08-20 00:00:00,2010,8,20,0,1282262400,26.357435721544128,5.950797299552432,97.51279464497338,0.7119141545412069,0.0,0.31147610041148777,0.6313978134444802,5.478077200327583
2010-08-20 06:00:00,2010,8,20,6,1282284000,29.855297408697616,4.279861318022822,98.05025558684038,0.5672692828795435,0.7336426832770373,0.3598021324579593,0.6386215197522886,5.570850062946753
2010-08-20 12:00:00,2010,8,20,12,1282305600,33.81843141184145,5.1161055680879,98.35567433039486,21.416239638480782,0.0,0.27693650798811786,0.5969479985796354,8.280114407482763
2010-08-20 18:00:00,2010,8,20,18,1282327200,30.514205532575605,5.759361889514648,97.92616867718938,0.7944589909544041,3.5448063069035816,0.31582163552588705,0.5738065354817574,5.14526877569505
2010-08-21 00:00:00,2010,8,21,0,1282348800,25.66720655086703,2.37304034268721,98.23304761790665,0.39946014201593716,0.0,0.3067217455253772,0.6340643895333151,4.627515564000119
2010-08-21 06:00:00,2010,8,21,6,1282370400,30.847626424161586,2.916980556509601,97.51680224722782,0.2087206475512896,0.0,0.2798014175922373,0.6688955998083017,5.20623665674242
2010-08-21 12:00:00,2010,8,21,12,1282392000,35.793601177692175,2.658769421415972,98.3185604088516,20.50646328511643,6.84659082713995,0.37000723173030087,0.6217980519273596,8.623925400800044
2010-08-21 18:00:00,2010,8,21,18,1282413600,29.519719553287253,9.070788784281845,98.0668830373654,0.6682385698463564,0.0,0.29625042092936416,0.6674409927824345,5.618066567451051
2010-08-22 00:00:00,2010,8,22,0,1282435200,25.83167752397309,3.000922135726472,97.75975835226564,0.12169311753538603,4.504292500089486,0.3358473771426578,0.6647124497131143,5.113347580802219
2010-08-22 06:00:00,2010,8,22,6,1282456800,28.297024999858653,3.5937335677379414,97.29110834197432,0.9669068520725499,0.0,0.3252363014525901,0.6204132478737138,5.49665097577879
2010-08-22 12:00:00,2010,8,22,12,1282478400,33.47620128577883,2.4852740497311885,98.15362312350292,21.111849850318503,0.0,0.30372979317209053,0.6123429495480559,7.753980626956359
2010-08-22 18:00:00,2010,8,22,18,1282500000,31.322943698037196,3.55087547561181,97.65784872760555,0.5593804707271662,0.0,0.3236771458464918,0.6675153528235074,5.749625060167007
2010-08-23 00:00:00,2010,8,23,0,1282521600,25.520060130857203,4.5013831245150655,97.94989900816762,0.0027603698795419795,0.0,0.2867362480805808,0.6365587851217073,4.8751751636986045
2010-08-23 06:00:00,2010,8,23,6,1282543200,29.31298808573811,3.9875001201432143,97.83336933061571,0.41089506786079144,0.0,0.30195155236087023,0.6591792207638248,5.782453703382446
2010-08-23 12:00:00,2010,8,23,12,1282564800,32.9070165111182,3.5583191900340165,98.01091218805382,20.924368934688037,0.0,0.27369628214918634,0.6135459244029728,7.93348795470425
2010-08-23 18:00:00,2010,8,23,18,1282586400,30.04436259246651,2.675883507190175,98.07260861249698,0.7331070014027692,14.121889179667422,0.45816200797945983,0.7106365378250961,6.057566415592163
2010-08-24 00:00:00,2010,8,24,0,1282608000,24.183401847394258,4.017044061368015,97.9070571927348,0.4887839711505506,0.0,0.2751530086791404,0.6414067171732345,4.417616166040965
2010-08-24 06:00:00,2010,8,24,6,1282629600,29.26426476353504,2.416855340105136,98.03583012339277,0.12566043284810235,6.7816086819094235,0.36258844133937285,0.6597050071000685,5.496402358476722
2010-08-24 12:00:00,2010,8,24,12,1282651200,34.49758911564123,2.507027358076768,98.24048250510404,20.720836428611804,2.5566973952716494,0.3160968308383563,0.6855755901903805,8.193070247033027
2010-08-24 18:00:00,2010,8,24,18,1282672800,28.128937790619368,2.828566854798978,97.57469232868516,0.05056978009712347,5.622360284488596,0.337748522519535,0.6232773496547822,4.991715781318031
2010-08-25 00:00:00,2010,8,25,0,1282694400,25.07345200288317,2.716334059461328,97.91285497916957,0.2626117140030878,11.38215148391606,0.4503220287182529,0.6464320449744639,5.341516531850239
2010-08-25 06:00:00,2010,8,25,6,1282716000,29.68247970692992,2.766857543669809,97.99915697432304,0.7779368504635285,11.287766096338753,0.4310146844941162,0.6142685238204664,6.186462151088599
2010-08-25 12:00:00,2010,8,25,12,1282737600,34.04270227551233,3.0081106593329188,97.69741809940685,20.2527989561459,0.0,0.2820699407983256,0.6302803612751111,8.003055787301733
2010-08-25 18:00:00,2010,8,25,18,1282759200,28.35615159502907,2.3930625215286563,97.78622125755393,0.5605701194167917,0.0,0.30243376040501857,0.62830251902724,5.560202985035646
2010-08-26 00:00:00,2010,8,26,0,1282780800,27.362765394205645,3.1344558927079036,97.7536316317406,0.634500554632252,11.570455326918204,0.4252149437876491,0.6753844889632493,5.8125151435124875
2010-08-26 06:00:00,2010,8,26,6,1282802400,28.537581276703552,3.812845617945056,98.22040347843105,0.8911450850210314,0.0,0.301049072749097,0.6613047192068854,5.367682992449445
2010-08-26 12:00:00,2010,8,26,12,1282824000,32.0120457261956,3.717127519144451,98.02052374516613,20.907847399418245,0.0,0.2974337646258888,0.624747803005705,8.117822305236203
2010-08-26 18:00:00,2010,8,26,18,1282845600,31.345688782154593,2.37489390210032,97.62867689214465,0.6431493050317365,3.29856256306684,0.3513573549735866,0.6126084849115071,5.440260261614733
2010-08-27 00:00:00,2010,8,27,0,1282867200,26.103725519243497,2.9270766432186104,97.90813114810435,0.14550412912007804,0.0,0.29476374446157927,0.694583779359171,5.160220602109063
2010-08-27 06:00:00,2010,8,27,6,1282888800,27.785591931145383,3.1932272422584154,98.0662595232597,0.45206616738697025,0.0,0.3276098569687572,0.6763298961522739,5.369033903423536
2010-08-27 12:00:00,2010,8,27,12,1282910400,36.36803479652942,2.4440086633090785,98.42922610909903,20.713084702418456,0.0,0.3099891502672748,0.6692943025081521,8.870584501042178
2010-08-27 18:00:00,2010,8,27,18,1282932000,31.823216293041085,3.7382314801977374,98.37372175782221,0.8512592208001681,0.0,0.28650193793151013,0.6369926312104273,5.409508144628289
2010-08-28 00:00:00,2010,8,28,0,1282953600,23.486931661084995,4.243095863731041,98.23181983239616,0.6250166915114014,11.256145334771997,0.3967511775667206,0.671941695632745,5.430693638623736
2010-08-28 06:00:00,2010,8,28,6,1282975200,28.539812568017435,2.2578016941660706,98.52411487075054,0.02641479522338097,0.0,0.2901834253750155,0.6634504541967287,5.092476889921588
2010-08-28 12:00:00,2010,8,28,12,1282996800,36.453725400159925,4.924283235627037,97.88587638699941,20.64047722736851,11.369722045030809,0.3932276229347182,0.6139414310344257,8.776170529731623
2010-08-28 18:00:00,2010,8,28,18,1283018400,30.52441739930013,3.649845602035327,97.8593753061062,0.0866974581492721,0.0,0.2714197782628473,0.632275781966589,4.865764095499026
2010-08-29 00:00:00,2010,8,29,0,1283040000,25.42623539037252,2.240061463972122,98.32439321271116,0.5014243428509081,14.210910246006794,0.4463085849840028,0.6595964828357673,5.730137845222354
2010-08-29 06:00:00,2010,8,29,6,1283061600,31.28575514103271,3.8581345686747146,97.78489191572486,0.04399105219566246,0.0,0.29379083263811606,0.6335991006976008,6.059936567505151
2010-08-29 12:00:00,2010,8,29,12,1283083200,32.87476983364068,4.773503246674652,97.90806078680306,20.682168573673703,5.494702643130053,0.3739135473747391,0.6581702572044204,8.74479292740845
2010-08-29 18:00:00,2010,8,29,18,1283104800,27.238151096750666,5.372202626801098,98.5268612417716,0.25315784645519146,12.805721442602366,0.41237029739744635,0.6491161965427493,5.837373335118243
2010-08-30 00:00:00,2010,8,30,0,1283126400,24.445497536640737,3.2508086920566184,97.79115609778846,0.11245501841474514,6.466247976939378,0.3618842296604673,0.6505945651551923,5.1286470372180695
2010-08-30 06:00:00,2010,8,30,6,1283148000,27.36884167224016,2.878759615468754,98.15192685044089,0.7810732867784752,5.1789428069778305,0.3507174480897026,0.6473768190286651,5.569874794174855
2010-08-30 12:00:00,2010,8,30,12,1283169600,35.00642352331164,2.849270609617112,97.78623359845909,19.99273784981882,0.0,0.27036495600611216,0.6950297885006055,8.427311067476976
2010-08-30 18:00:00,2010,8,30,18,1283191200,30.84517850287331,2.331132131917185,98.01602206101829,0.5217075729120926,16.07131104591361,0.45371206829587846,0.6084857257333388,6.168633046997528
2010-08-31 00:00:00,2010,8,31,0,1283212800,23.57372677200018,2.648196173944412,97.79887541473715,0.40074314853440896,0.0,0.28410223926841144,0.6495091282705455,4.779530144131413
2010-08-31 06:00:00,2010,8,31,6,1283234400,28.690731761132007,2.5467140298380553,97.88202427778909,0.22728138747794946,11.472755696217826,0.4386141427563321,0.6410970133911094,5.465187571507656
2010-08-31 12:00:00,2010,8,31,12,1283256000,33.691754483564395,3.7047173733102383,97.68776386905621,19.944224855005906,4.338791221538091,0.33551829833540503,0.6588516022534944,7.911816555571582
2010-08-31 18:00:00,2010,8,31,18,1283277600,28.702206411101365,2.482878674306449,98.1028179424279,0.2939106164759035,11.520841650408599,0.41462840507914833,0.7253194946569875,5.769667002520537
2010-09-01 00:00:00,2010,9,1,0,1283299200,20.680331493863633,3.995336101803107,97.88831591725915,0.45288189690647307,3.909178368448787,0.3113052484218364,0.6440367013658553,4.5391453105211905
2010-09-01 06:00:00,2010,9,1,6,1283320800,27.1447238154566,3.7784100329714168,97.46964067274797,0.21630595108982287,1.2864319503480435,0.320621339503552,0.6638557845954147,5.435375637222639
2010-09-01 12:00:00,2010,9,1,12,1283342400,33.33639191560434,3.164661460493066,98.6005662227641,19.77602045643708,0.0,0.30800228134439994,0.6167540545605741,7.913271617920598
2010-09-01 18:00:00,2010,9,1,18,1283364000,32.379462132874394,2.2166494565704506,98.07687697445705,0.355291453511777,5.133897484347772,0.2995698205697906,0.6505451876841358,6.14529581097202
2010-09-02 00:00:00,2010,9,2,0,1283385600,25.844128192430013,2.885372732146182,97.87946658726885,0.9037587299772563,0.0,0.3020611958483102,0.6741027816783267,5.076967805168317
2010-09-02 06:00:00,2010,9,2,6,1283407200,28.849351281321475,2.3686157555298917,98.23545996243902,0.4963883228168623,0.0,0.30108423815385127,0.618048479052166,5.149360248255785
2010-09-02 12:00:00,2010,9,2,12,1283428800,35.0602586192309,4.620631412509495,98.23404034318504,19.688517645744735,4.050562637679751,0.34126682158437494,0.7080111191326091,8.688285854572836
2010-09-02 18:00:00,2010,9,2,18,1283450400,25.84629350065033,5.067438203165431,98.03257149941632,0.07305520656533954,0.0,0.30222921405286135,0.6401725542802456,5.4431504017948384
2010-09-03 00:00:00,2010,9,3,0,1283472000,24.181131189611875,2.2343030297935598,98.53957962396596,0.6730975362847578,0.5137582629205201,0.2706119614539126,0.6842130925015038,4.996731215158825
2010-09-03 06:00:00,2010,9,3,6,1283493600,27.240188479601567,3.1427336132281267,98.40558018884596,0.3223692029740546,3.6975868533128198,0.3397779309255384,0.6531436398997819,5.493002402945294
2010-09-03 12:00:00,2010,9,3,12,1283515200,33.07280754453221,4.219635800851154,97.77384439012198,20.155876962100677,0.0,0.29578070780139626,0.6782275272602123,8.25149950805976
2010-09-03 18:00:00,2010,9,3,18,1283536800,27.97721835004432,2.7238238058062674,98.38694485476474,0.9740110342305499,0.0,0.28856264003341997,0.6486393442562249,5.332216671410445
2010-09-04 00:00:00,2010,9,4,0,1283558400,22.780408170992878,3.3187052220221265,97.60970168077974,0.5018437020648777,0.0,0.3005577483512731,0.705268984121093,5.168218769582343
2010-09-04 06:00:00,2010,9,4,6,1283580000,27.065308080721074,4.78637463812521,97.98742314062083,0.27141110331930396,0.0,0.3044514817821318,0.7281077035075777,5.202661024997707
2010-09-04 12:00:00,2010,9,4,12,1283601600,31.46196729938408,2.9622013973727395,98.22103897476573,20.07200385158901,10.736560841078035,0.43697412109362344,0.6398539642301889,8.462039420365919
2010-09-04 18:00:00,2010,9,4,18,1283623200,26.60544350912358,2.3858901788795226,98.10653565341316,0.7453172055670614,1.7630428229171429,0.2960167128057981,0.6165148565074984,5.216741551494757
2010-09-05 00:00:00,2010,9,5,0,1283644800,24.760696644998173,5.97725838492001,98.31140169269038,0.8915728483308173,0.0,0.30580865457067086,0.6949520495515608,4.998357007817843
2010-09-05 06:00:00,2010,9,5,6,1283666400,26.197983423296563,2.8936379497636144,97.91356084707087,0.7315636098157636,0.0,0.31173706340790414,0.6888948759110558,5.1158423014427825
2010-09-05 12:00:00,2010,9,5,12,1283688000,33.219897403710966,2.799043124741429,98.06979943594894,19.348908073464425,3.237248979395943,0.3692035571745694,0.6728254202849098,8.394903925398465
2010-09-05 18:00:00,2010,9,5,18,1283709600,26.27524545897815,3.560433542031064,97.65412340597648,0.7128335724124737,5.036033028879191,0.3031912415006034,0.6553149295569536,4.8504103152851945
2010-09-06 00:00:00,2010,9,6,0,1283731200,20.678509269400223,4.780397251609095,97.95179242218012,0.23536642579902445,4.497837235716276,0.35773326438953185,0.6441901223016693,4.739714749112876
2010-09-06 06:00:00,2010,9,6,6,1283752800,26.95554043010755,7.300249370311867,97.59324661929325,0.17284644430220186,1.759267209587789,0.2824815816884681,0.7491574813730021,5.702510573804748
2010-09-06 12:00:00,2010,9,6,12,1283774400,33.78863316253266,3.650907665535941,97.86295119586035,19.373327510887027,2.5215751481012427,0.32615446345833693,0.6781357375013318,8.446837594640373
2010-09-06 18:00:00,2010,9,6,18,1283796000,25.964512947149007,2.767930871712786,98.4223775456032,0.008051193768090291,0.0,0.2856108648343218,0.6490764947770573,5.282502915188791
2010-09-07 00:00:00,2010,9,7,0,1283817600,20.6604981963938,2.9890565023247544,98.04203021317838,0.148161656087212,0.0,0.30667868008284305,0.6428215522383293,4.724011991582264
2010-09-07 06:00:00,2010,9,7,6,1283839200,26.861417082558916,3.8508561918752284,98.16919470943365,0.7734558443632081,0.0,0.32377004478343585,0.6582744101409523,5.538543806348845
2010-09-07 12:00:00,2010,9,7,12,1283860800,35.00654999704885,7.26751759386316,98.21190381924673,20.02109727909262,10.645173947261831,0.3795903710636684,0.6575257257784615,8.737332077326363
2010-09-07 18:00:00,2010,9,7,18,1283882400,29.752856551904582,8.308940517937708,97.64455690120697,0.3168224404715565,0.0,0.2813140731731856,0.7186065632471877,5.649753542850223
2010-09-08 00:00:00,2010,9,8,0,1283904000,24.638271988968636,3.7747601426364934,97.9779738545703,0.4246281626408306,10.08925024897419,0.4009134365372299,0.689539409671078,6.002917691790494
2010-09-08 06:00:00,2010,9,8,6,1283925600,27.252985721336344,2.787904318272922,98.01184483837491,0.045811087625488134,0.0,0.2746636038338453,0.6892208288753267,5.353008368498361
2010-09-08 12:00:00,2010,9,8,12,1283947200,34.46458299717207,2.9718204976081983,97.5734488042872,19.633253907772726,14.0883041087784,0.4197062136775061,0.7107589591571798,8.365486494978208
2010-09-08 18:00:00,2010,9,8,18,1283968800,25.99498801991681,6.27905679968049,97.93941798764979,0.014156344669988165,0.0,0.29504172141466617,0.6653403569111426,5.376228875862675
2010-09-09 00:00:00,2010,9,9,0,1283990400,20.78882007339516,4.063905218742406,97.82767598980533,0.46943810466949576,13.813001967924627,0.3913177766485262,0.6585560347390467,5.229125344704283
2010-09-09 06:00:00,2010,9,9,6,1284012000,26.584316251628355,2.724105949979102,98.07352303707056,0.19624899975574583,0.0,0.27814391179674136,0.6812818615573976,5.359817822984158
2010-09-09 12:00:00,2010,9,9,12,1284033600,31.150338399620182,3.1905696012440905,98.23210902669008,19.485047687588132,0.0,0.28887921785704923,0.6350519618765373,7.245690947984206
2010-09-09 18:00:00,2010,9,9,18,1284055200,27.460632308953592,3.101293733920457,98.20139347588447,0.9798294115658033,2.216262144790212,0.31181129703862176,0.8099070896959505,5.865817516715462
2010-09-10 00:00:00,2010,9,10,0,1284076800,20.40002620189116,4.87896553419092,98.44594495542243,0.2135466830849153,0.0,0.30229896964350317,0.710472561669525,4.718031569870954
2010-09-10 06:00:00,2010,9,10,6,1284098400,27.50790854680019,2.117122759776603,97.84519028345923,0.0660560342099753,0.8341395197450437,0.2986341008744347,0.760926183451031,5.315693503256867
2010-09-10 12:00:00,2010,9,10,12,1284120000,34.71315481894101,4.088361776790714,98.40991268126729,19.20248722491676,0.0,0.29604044627380044,0.7006421466109064,8.58543851097177
2010-09-10 18:00:00,2010,9,10,18,1284141600,28.68723734784381,2.390842831602194,98.27567029337433,0.051192043073520856,0.0,0.27431453235438863,0.6763446231804183,5.3224937759525
2010-09-11 00:00:00,2010,9,11,0,1284163200,22.228363357612825,2.650542406185818,98.11583828289001,0.16313135235089882,2.173710169653177,0.3008409857493844,0.6648149664565228,5.172812263004003
2010-09-11 06:00:00,2010,9,11,6,1284184800,27.589328371744646,3.731611000230568,98.21564873856674,0.044556271161616534,0.0,0.30985171847880516,0.6401630106926537,5.361521387545315
2010-09-11 12:00:00,2010,9,11,12,1284206400,31.432354819723813,4.585593234993255,98.2745908101454,19.469769617293093,0.0,0.27052349271655796,0.6436695211862747,7.9978964055134885
2010-09-11 18:00:00,2010,9,11,18,1284228000,26.813501551228775,4.064940752051979,97.90366022536743,0.3889217164903073,0.0,0.26363119806640856,0.6932555261756208,5.323366950813667
2010-09-12 00:00:00,2010,9,12,0,1284249600,21.526938952071554,2.5703379607607286,97.7712751842018,0.5162713558631759,0.6354277086952107,0.30945332663185854,0.7205489127173073,4.826419326329741
2010-09-12 06:00:00,2010,9,12,6,1284271200,27.000294504084867,3.1766519499446457,97.95197983790983,0.6633540234698507,0.0,0.2821418388329878,0.633216342027453,4.84742216255676
2010-09-12 12:00:00,2010,9,12,12,1284292800,32.503477720651475,2.6447361481435325,98.23208977075747,18.86278171895415,0.0,0.2755209426838534,0.6782536173894989,7.748552187141811
2010-09-12 18:00:00,2010,9,12,18,1284314400,25.086494716252588,3.009293186845481,98.16078440740995,0.7557072203673268,0.0,0.2903019236645508,0.7000531714372029,5.361980554795651
2010-09-13 00:00:00,2010,9,13,0,1284336000,23.462627592237254,3.4968889146005724,98.45584526813718,0.41511681347863827,10.124777118679214,0.4070579574746914,0.6435809744370201,5.500005184817299
2010-09-13 06:00:00,2010,9,13,6,1284357600,29.34376095856643,2.160015664249395,97.8286299510481,0.6371353117402867,18.88417577606764,0.45073845199640544,0.6826314248148112,6.052654890269291
2010-09-13 12:00:00,2010,9,13,12,1284379200,28.24718354923829,6.816491884657487,97.99173210894065,19.54148104444152,0.0,0.25481142414384356,0.6182441183669161,7.164945607302589
2010-09-13 18:00:00,2010,9,13,18,1284400800,27.483094593362324,3.2610653708321267,98.42317434888434,0.08085881365600761,0.0,0.279161201562408,0.6837837976991676,5.818082816604594
2010-09-14 00:00:00,2010,9,14,0,1284422400,19.586661241167068,2.937178551896613,97.97007370504764,0.8556322609481628,0.0,0.2739867646239201,0.6944959152403051,4.606186747635673
2010-09-14 06:00:00,2010,9,14,6,1284444000,29.79987198708201,3.0351741883396652,97.72468832212233,0.5797020981244664,2.829107494360545,0.3300321991831507,0.7100171040380048,5.4617045939594435
2010-09-14 12:00:00,2010,9,14,12,1284465600,31.019482111190637,4.760944216524189,98.46971091762467,18.944484651686793,22.65324218234001,0.48,0.6071963130536783,8.390448610263734
2010-09-14 18:00:00,2010,9,14,18,1284487200,27.60765074440846,2.2504758016720543,98.58783804516808,0.7108504918522497,0.0,0.2664712783330715,0.7198235600374385,5.316333150153925
2010-09-15 00:00:00,2010,9,15,0,1284508800,19.70036029418585,5.591036791712257,98.24859685199806,0.1231208121646381,0.0,0.2734397855023612,0.692049065402602,4.819769692398643
2010-09-15 06:00:00,2010,9,15,6,1284530400,24.42860277584198,2.450714506039915,98.55822739347445,0.653736262934781,4.009096752422155,0.33833327738691554,0.6662269791216487,5.115021209959552
2010-09-15 12:00:00,2010,9,15,12,1284552000,32.9669886708134,3.8155548926653737,98.51382764732757,18.72778256233462,0.0,0.2872782535946752,0.6743163054139462,7.897335119090554
2010-09-15 18:00:00,2010,9,15,18,1284573600,27.172224196536177,3.274289200379313,98.08693337998228,0.17270305528175248,0.0,0.2607622240157928,0.6607954202656697,5.152539236809833
2010-09-16 00:00:00,2010,9,16,0,1284595200,22.745242351236996,4.209283895541351,99.3193504852968,0.11375982701122545,1.950204142462623,0.3210679787125893,0.7063818733370159,5.169016589307776
2010-09-16 06:00:00,2010,9,16,6,1284616800,26.529208067744236,2.296366129051675,98.19694212896468,0.9440373050912891,0.0,0.2790868999281861,0.6888483142864137,4.973196129660785
2010-09-16 12:00:00,2010,9,16,12,1284638400,30.31878158011881,4.594335710368342,98.18860151716372,18.935948542408813,0.0,0.30381994257243833,0.7160718746571226,7.796844135174258
2010-09-16 18:00:00,2010,9,16,18,1284660000,26.83157291162125,3.6248279243975787,98.46404192574857,0.7176012604039584,0.0,0.2623209477892199,0.6699724479585545,5.141822785749291
2010-09-17 00:00:00,2010,9,17,0,1284681600,20.955584882334048,4.303761839372303,97.41366925365885,0.7870149560321965,0.0,0.2835996647804148,0.6908745238207938,4.387174796204062
2010-09-17 06:00:00,2010,9,17,6,1284703200,26.12775431771692,3.047065168559654,98.6919168766424,0.2356174008798394,0.0,0.2923548582947604,0.7127901177524786,5.096759744108731
2010-09-17 12:00:00,2010,9,17,12,1284724800,31.963371698701906,4.681045216665835,98.11771881823265,18.403014003790457,38.315464117938376,0.48,0.703677788884826,8.790714142954176
2010-09-17 18:00:00,2010,9,17,18,1284746400,27.065779969146124,4.303318114916561,97.8794173900261,0.8456792343770215,0.0,0.2505915828320174,0.6198376856242269,5.1017974156244446
2010-09-18 00:00:00,2010,9,18,0,1284768000,22.38543698967097,2.3131476984071044,98.19947883544705,0.30850882589757,0.0,0.2917428190733039,0.7163994526729702,4.823571725098784
2010-09-18 06:00:00,2010,9,18,6,1284789600,23.606202320475994,7.142065968628882,97.86303886284942,0.1178875343757756,0.0,0.3038807154053898,0.6715692326518269,5.019694396523425
2010-09-18 12:00:00,2010,9,18,12,1284811200,30.623416781698193,7.386166738006665,98.84746186268903,18.74106579036617,0.0,0.2746100830190467,0.7149440284239299,7.682177264096086
2010-09-18 18:00:00,2010,9,18,18,1284832800,25.248360905691108,8.14701587088498,97.98252722802613,0.5371669495183554,0.0,0.2813344835015297,0.6843244824138974,4.9989843437374075
2010-09-19 00:00:00,2010,9,19,0,1284854400,20.737668650037346,2.1862594631445,98.39606238866159,0.7351555163054759,0.0,0.2964744791795358,0.750149081162802,4.614164217949661
2010-09-19 06:00:00,2010,9,19,6,1284876000,26.20895141060152,4.098060002287589,98.33281527375938,0.3054397535936386,8.772309168327629,0.3783605536307928,0.7180284314646641,5.604938400832319
2010-09-19 12:00:00,2010,9,19,12,1284897600,29.341371765232967,3.5629742399731756,98.12739874369733,19.092002097904558,0.0,0.28900489870234597,0.6507844648103638,7.202702427322428
2010-09-19 18:00:00,2010,9,19,18,1284919200,24.817425660525807,7.5738951599756525,98.22386547350388,0.28619873352915426,0.8353425650965798,0.26288045577300073,0.7006959440611998,4.975833165586381
2010-09-20 00:00:00,2010,9,20,0,1284940800,22.939732073936298,3.434401493186492,98.23816342000575,0.726402938010634,0.0,0.2929780545861274,0.7527441701366688,4.923969241633855
2010-09-20 06:00:00,2010,9,20,6,1284962400,28.479051254491054,3.7556139817114147,98.09125673893263,0.7545211613092965,0.0,0.3060324596112744,0.6705395579809631,5.563643447586518
2010-09-20 12:00:00,2010,9,20,12,1284984000,30.66493710839887,2.108658111990873,98.8488050572407,18.767842411806953,0.0,0.2631007827224552,0.7088084290089425,7.465382689520016
2010-09-20 18:00:00,2010,9,20,18,1285005600,26.967271582152758,2.6199494246724555,98.06407614239649,0.35498635159656156,0.9930677008877611,0.30195893894032283,0.6894067182950505,5.313022383723934
2010-09-21 00:00:00,2010,9,21,0,1285027200,21.96484982073588,3.517642606920376,98.63777349995095,0.6840457948584916,11.392402034094896,0.42102615668077475,0.67794745461387,5.401191920491371
2010-09-21 06:00:00,2010,9,21,6,1285048800,24.798793203683637,2.5557489301302923,97.99706758074947,0.08239951412532365,0.0,0.2507374639504496,0.6628927062502321,5.0013302920727005
2010-09-21 12:00:00,2010,9,21,12,1285070400,29.009530522503816,2.8623385290079075,98.56117001767483,18.798596930089648,17.919964409242684,0.4391634943643047,0.6696936790438016,8.410230636986546
2010-09-21 18:00:00,2010,9,21,18,1285092000,26.977158852038492,4.907905469172429,98.60200582056757,0.8565821460910262,0.0,0.29382885707018613,0.7444039072350289,5.3265693902269895
2010-09-22 00:00:00,2010,9,22,0,1285113600,19.764002762592778,7.248785201600567,98.16295126447896,0.004576781210431369,0.0,0.2853823143143036,0.6757077500531741,4.899300419933072
2010-09-22 06:00:00,2010,9,22,6,1285135200,24.706497256618547,7.934743920977163,98.56030342936398,0.6402732888224301,1.9673856081735117,0.2804204261102775,0.691837744820458,5.448223535757857
2010-09-22 12:00:00,2010,9,22,12,1285156800,31.438675433586614,3.070139940927642,98.30624561992452,18.068316460513966,0.0,0.29533450902637626,0.7244345230055452,7.765064313104822
2010-09-22 18:00:00,2010,9,22,18,1285178400,26.624981474581634,2.946986730456599,97.86558930136843,0.79613238428062,0.0,0.27667745807008964,0.6794890727330387,5.203641167154724
2010-09-23 00:00:00,2010,9,23,0,1285200000,21.217548619107447,2.864304578637835,97.96772097691704,0.3395289631397356,0.0,0.29558555967931616,0.686284375281131,4.913209979308797
2010-09-23 06:00:00,2010,9,23,6,1285221600,23.423845670581905,2.016519939300342,98.60232692575482,0.4725936495873654,0.0,0.2521160380095656,0.6843999706405111,4.873328547163043
2010-09-23 12:00:00,2010,9,23,12,1285243200,27.234026734923415,3.4607606528112766,98.0291637646782,18.421723761447723,0.0,0.27022045359026675,0.7009198792164889,7.226763366225292
2010-09-23 18:00:00,2010,9,23,18,1285264800,25.694215174983512,2.1071794595155025,98.39201456633315,0.13952695420027722,0.0,0.29038659325849386,0.6905877191199088,4.967674420918098
2010-09-24 00:00:00,2010,9,24,0,1285286400,22.66844724341901,5.738485274179097,98.42992485526105,0.3005715883887998,0.0,0.27895727878277343,0.6862339680422523,4.867606954695032
2010-09-24 06:00:00,2010,9,24,6,1285308000,24.213304382415068,2.6127622912717436,98.47287085662136,0.9351196356257792,5.054289920084981,0.31286005851366755,0.6715739453379748,4.953490831232456
2010-09-24 12:00:00,2010,9,24,12,1285329600,32.049804296561156,3.0902231392336432,98.39953830544349,18.09745865182513,17.965402269612163,0.4411018462175738,0.6394864859562177,8.62323489292577
2010-09-24 18:00:00,2010,9,24,18,1285351200,24.88307613671497,5.530844740990091,98.47451153971475,0.7092140191395917,0.0,0.2708580313284444,0.707735553410428,5.407260170186332
2010-09-25 00:00:00,2010,9,25,0,1285372800,19.499687491366046,3.850151514341302,98.8319495288149,0.4720937988340318,0.0,0.2725585110949547,0.7511475974646347,4.888862314110616
2010-09-25 06:00:00,2010,9,25,6,1285394400,25.958108231786607,2.212267392145666,98.8617586454288,0.6071582826209126,0.0,0.21861657045804567,0.6772385163141542,4.773838167706372
2010-09-25 12:00:00,2010,9,25,12,1285416000,31.327129700763162,3.775802956255382,98.13281824975736,18.41708227880033,0.0,0.28919916385587746,0.7058392439102258,7.831416531786961
2010-09-25 18:00:00,2010,9,25,18,1285437600,25.93291789840463,3.3654370253047756,98.13552936030808,0.30658109815270335,8.966798602409936,0.3600850533853184,0.6635547961194308,5.6783227958458
2010-09-26 00:00:00,2010,9,26,0,1285459200,20.1143167425905,4.326513282352716,98.39585046291232,0.4942241758653323,4.199385599794998,0.30993667928933893,0.6830654966657408,4.94421967149247
2010-09-26 06:00:00,2010,9,26,6,1285480800,24.19571096565391,2.1329668277423517,98.13123675626865,0.450144039600058,6.95954277752542,0.3237794347205016,0.6970592673494451,4.872583859178327
2010-09-26 12:00:00,2010,9,26,12,1285502400,29.558972738543584,6.804492450241266,98.24889862208158,18.287580131640365,0.0,0.24923102059228053,0.6612583140306484,7.8165299294955375
2010-09-26 18:00:00,2010,9,26,18,1285524000,26.034407419964264,2.1015790077815226,98.13432727548926,0.4229893685493528,16.76994839481702,0.4618024606839283,0.6904409743886095,5.7591807476685455
2010-09-27 00:00:00,2010,9,27,0,1285545600,19.821068967345354,2.9495506875939403,98.86168427829061,0.8807081132424686,4.555942824358107,0.3200150328522876,0.7171970728619764,4.595364144985682
2010-09-27 06:00:00,2010,9,27,6,1285567200,25.294210650129184,3.763196861184325,98.39837977438604,0.47135210610894784,0.9162442624815514,0.2794035944696475,0.7009601343491699,5.082896815406646
2010-09-27 12:00:00,2010,9,27,12,1285588800,32.070136446187206,3.9254088058665477,98.68795539604582,17.738558103438667,7.477426551021335,0.3426164718465478,0.6814406523310712,7.8127657519408835
2010-09-27 18:00:00,2010,9,27,18,1285610400,25.66959848274746,2.463649067303398,98.670563984774,0.26090179698550264,0.0,0.2720550639766595,0.64323635173281,4.6344303674764875
2010-09-28 00:00:00,2010,9,28,0,1285632000,22.355935860192382,3.5394027328903013,98.22953579617155,0.610910307237151,0.0,0.2807685272414036,0.7430910425355406,4.8875932364026635
2010-09-28 06:00:00,2010,9,28,6,1285653600,24.27291921238542,2.0816511846483237,98.173991525819,0.14489343176800473,0.0,0.29042464353104375,0.7461000965331347,5.117118285496638
2010-09-28 12:00:00,2010,9,28,12,1285675200,33.2790551931175,2.6363518685166754,98.58640285272021,17.430734982717212,0.0,0.23162485300052693,0.6570956409267692,7.054221537754738
2010-09-28 18:00:00,2010,9,28,18,1285696800,24.308842520087396,6.072898782889761,98.95429702205364,0.6735693636035541,0.0,0.27973101667981726,0.6979313272188666,5.247510034353338
2010-09-29 00:00:00,2010,9,29,0,1285718400,20.504891905270238,2.920049449090306,98.72093798531263,0.922066856885323,0.0,0.2580001578107744,0.7247192091735554,4.629844869248827
2010-09-29 06:00:00,2010,9,29,6,1285740000,25.40390233145948,4.9050323725851515,98.2112663307212,0.40753042322995514,0.0,0.247205253488348,0.7805338082055405,5.4331429141415795
2010-09-29 12:00:00,2010,9,29,12,1285761600,27.784463210492735,2.2373229774948227,98.65355326988855,17.469298622743718,0.0,0.24807652733768099,0.6668766283039984,7.174000730066433
2010-09-29 18:00:00,2010,9,29,18,1285783200,24.841668164273848,2.912848948262503,98.49651745425071,0.5220743053200685,0.0,0.29673150733685105,0.6853411547538604,4.779616222292793
2010-09-30 00:00:00,2010,9,30,0,1285804800,22.78049061092411,3.4150790292065496,98.70779885764628,0.13162807285720213,0.0,0.2640734169034519,0.6807080895828442,4.728921542235563
2010-09-30 06:00:00,2010,9,30,6,1285826400,24.18193497599584,2.5588150746097336,98.40612354322985,0.6157073684876763,0.0,0.25708293648156566,0.684682976204618,5.185486529679167
2010-09-30 12:00:00,2010,9,30,12,1285848000,28.135467288658074,7.819351230904429,98.81908826382137,17.5750256028253,0.0,0.23264587200197076,0.7164014478263179,7.3129240446031005
2010-09-30 18:00:00,2010,9,30,18,1285869600,26.22812202660894,3.0676447855794433,98.2049567935893,0.7909390660598357,0.0,0.2521140158598724,0.7094845072553102,5.271884044776878
2010-10-01 00:00:00,2010,10,1,0,1285891200,19.395246690978805,2.487553192270017,98.71027698793272,0.0968001207373439,0.0,0.28711488224184856,0.7402698473121097,4.802752271360568
2010-10-01 06:00:00,2010,10,1,6,1285912800,25.828090805272353,3.6318115869354637,98.69457434119992,0.26333751188223553,0.0,0.24015989057974113,0.7012047383455965,5.004503722603213
2010-10-01 12:00:00,2010,10,1,12,1285934400,29.231328508801962,4.806874693380314,98.51359631754407,17.8726841381607,0.0,0.25918529807057056,0.6400007648994658,7.219061303527867
2010-10-01 18:00:00,2010,10,1,18,1285956000,23.727329718351815,2.588475890586306,98.68977709601317,0.8688865449482625,5.255009023679721,0.3051442106391953,0.7195902053492544,5.322605267085959
2010-10-02 00:00:00,2010,10,2,0,1285977600,16.884795406877707,2.9020986083957805,98.67796036824508,0.8297288051748698,6.268459983401443,0.3262588521403677,0.720877263365731,4.762220909835881
2010-10-02 06:00:00,2010,10,2,6,1285999200,22.14633360199021,6.409255882433059,98.37126691598029,0.2615696320243599,0.0,0.2512478679020208,0.7163681964045782,4.695052409395873
2010-10-02 12:00:00,2010,10,2,12,1286020800,29.73997753431774,2.221298743516227,98.37703621015584,17.19477740201174,0.0,0.24652106712563598,0.7126606672868732,7.135286317723693
2010-10-02 18:00:00,2010,10,2,18,1286042400,22.713322879747977,2.3186865756585426,98.07240441738641,0.3303255101237668,0.0,0.26663260799322785,0.7303203087103236,5.0781575206904535
2010-10-03 00:00:00,2010,10,3,0,1286064000,17.533630769336227,11.870254490566754,98.57237737787443,0.8893763757450933,0.0,0.24847435102348256,0.6611981207043764,4.729958812296713
2010-10-03 06:00:00,2010,10,3,6,1286085600,24.916426551936812,2.866769882639024,97.99392551143475,0.7334170287324907,0.0,0.28823266115689017,0.7279155447871953,4.906028871012316
2010-10-03 12:00:00,2010,10,3,12,1286107200,30.35269295774198,3.2293650191942174,98.86222507290499,17.363349478143487,0.0,0.24087188867216092,0.6817913365171848,7.402553652896968
2010-10-03 18:00:00,2010,10,3,18,1286128800,22.09523315515178,3.0847726260116413,98.58204013770145,0.3997586625077087,0.0,0.2790227481017695,0.7420733816370949,4.878258278495445
2010-10-04 00:00:00,2010,10,4,0,1286150400,18.33547860662129,3.497586091531236,98.38009079986013,0.7069424825571359,0.0,0.2542535872324197,0.7113551528879416,4.381798678050079
2010-10-04 06:00:00,2010,10,4,6,1286172000,22.91113516924033,2.891762042895769,98.9828263328233,0.7944078230787519,0.0,0.2604145557340859,0.7417404213225972,5.02112235392321
2010-10-04 12:00:00,2010,10,4,12,1286193600,31.248606279609426,2.653396120186228,98.70441313838558,17.2499258906016,0.0,0.26403176454384214,0.7796595973090177,8.03848486683467
2010-10-04 18:00:00,2010,10,4,18,1286215200,24.680041007111832,2.705597645582809,98.46322188323464,0.5992162395112826,0.0,0.23020759363388496,0.7119196220630741,4.92698272642923
2010-10-05 00:00:00,2010,10,5,0,1286236800,19.463722409700758,3.4599049240862008,98.76792299978044,0.6713550691536676,0.0,0.2765928462451781,0.7003882911565514,4.603105245895314
2010-10-05 06:00:00,2010,10,5,6,1286258400,25.230548295772746,2.8554056269568715,98.74674765847652,0.3524279512541556,0.0,0.25555406254955526,0.7268377600494755,4.788707639988274
2010-10-05 12:00:00,2010,10,5,12,1286280000,26.861890315134918,2.824542141319843,99.0089680063308,17.636214087553167,0.0,0.2610432904808441,0.6308032733976157,6.955097046706075
2010-10-05 18:00:00,2010,10,5,18,1286301600,23.17350908297934,2.591191908560106,98.4470229773045,0.37026019141047045,0.0,0.28047908256159226,0.6694865583826385,4.904661850758678
2010-10-06 00:00:00,2010,10,6,0,1286323200,15.807560171320047,4.619342138798041,98.80287416125495,0.18392479912056447,0.0,0.2533279114097765,0.7102793031222412,4.485486341171052
2010-10-06 06:00:00,2010,10,6,6,1286344800,23.914452066156418,2.272854436711388,98.93908107740855,0.25185866554922,0.0,0.2520291405698639,0.7017148915941307,4.994797578236685
2010-10-06 12:00:00,2010,10,6,12,1286366400,28.352414331689207,3.3996104129981743,99.21000038106298,17.574124081750476,0.0,0.26457110813209533,0.6468432796943568,7.172033356026446
2010-10-06 18:00:00,2010,10,6,18,1286388000,21.968657039857717,7.3700486753092465,98.84638820992005,0.5043547756944272,19.8327070595494,0.4393000835373733,0.7343465070266644,5.699919688951768
2010-10-07 00:00:00,2010,10,7,0,1286409600,17.107481082273626,2.3322001879470005,98.60408926637267,0.32708958256633114,0.0,0.25007251458269814,0.712545260445373,4.347422688386241
2010-10-07 06:00:00,2010,10,7,6,1286431200,24.078953990414124,2.8185670367864484,98.3458568128876,0.13978146377992007,2.0382301779224354,0.22893143963151405,0.718465662595906,4.812225763319082
2010-10-07 12:00:00,2010,10,7,12,1286452800,30.004350303043733,3.906692723257316,98.39160876780076,16.665748256051486,0.0,0.23398665107402783,0.6750671596183125,7.6566805170257926
2010-10-07 18:00:00,2010,10,7,18,1286474400,23.350377712627548,2.8538665912478822,98.34320220908718,0.5769623495254247,0.0,0.23930341040006686,0.7042109843869601,4.907579180387681
2010-10-08 00:00:00,2010,10,8,0,1286496000,20.473632157837915,2.0269656134197196,98.71365014009163,0.5338796513966041,0.0,0.2544410586159151,0.7164928937250985,5.0739956931372765
2010-10-08 06:00:00,2010,10,8,6,1286517600,22.915546054457266,3.8579966395651235,98.39016493483341,0.6361213465284197,0.0,0.2377673979829643,0.6555628272130345,4.538611589237307
2010-10-08 12:00:00,2010,10,8,12,1286539200,27.68420936995952,3.906814172096886,98.6965845349585,16.622867584138326,0.0,0.2688276985651614,0.6829083605261665,7.28780768607499
2010-10-08 18:00:00,2010,10,8,18,1286560800,24.641133022334753,4.117487833206916,98.80259800484262,0.7159623009779534,0.0,0.28415063352495346,0.7194279500338504,5.407785833166528
2010-10-09 00:00:00,2010,10,9,0,1286582400,18.42980626711827,3.0841058759735445,98.83000270187507,0.13439071864492502,0.0,0.24051597536608796,0.6927734517553188,4.04012507391752
2010-10-09 06:00:00,2010,10,9,6,1286604000,23.250435830076928,2.557191235655097,98.71269645960037,0.36269875092580806,0.0,0.24480091961511352,0.6924059226993159,4.702721714470247
2010-10-09 12:00:00,2010,10,9,12,1286625600,29.148717904164005,4.289131601117856,98.89400654333504,16.77601177691902,0.0,0.23664679877199163,0.6864240206279598,7.022412018070724
2010-10-09 18:00:00,2010,10,9,18,1286647200,25.18575058039713,2.4811854733753607,98.564863822765,0.9182273208938236,0.0,0.21503193943038895,0.66084046374738,4.807088986851755
2010-10-10 00:00:00,2010,10,10,0,1286668800,18.561223770262348,2.356956347107854,98.51238415811764,0.3285083417263569,0.0,0.25366854252469406,0.688802133785497,4.476542304472074
2010-10-10 06:00:00,2010,10,10,6,1286690400,23.64654275655961,2.48553984214308,98.7291384506366,0.3819977268012651,0.0,0.2979395731776423,0.6834352702980477,4.83966379673056
2010-10-10 12:00:00,2010,10,10,12,1286712000,29.785872188212437,2.4589922763762524,98.49656697759562,16.76174612294273,0.0,0.22829067341144987,0.7333919846568416,7.160700374890958
2010-10-10 18:00:00,2010,10,10,18,1286733600,22.807638364847442,2.6619592742396883,98.7414584894435,0.42448817039112485,0.0,0.23782656387255952,0.6518830924624487,4.526394306030536
2010-10-11 00:00:00,2010,10,11,0,1286755200,18.108910940358864,9.660001358487243,98.3802538507331,0.816254542344256,0.0,0.25079151879029804,0.7335290858117349,4.907131543868494
2010-10-11 06:00:00,2010,10,11,6,1286776800,22.820831192011333,2.1949231732276537,98.9206367451276,0.45491927194603743,0.0,0.22967885947598282,0.7269898801631205,5.0327331564674855
2010-10-11 12:00:00,2010,10,11,12,1286798400,28.64034846243702,2.889688949702701,98.81740748336698,16.355663575242907,0.0,0.26126722951669606,0.7506630941626045,7.702988229079859
2010-10-11 18:00:00,2010,10,11,18,1286820000,19.66130284625222,5.706643142076877,98.73988063348632,0.345340810357055,0.0,0.229610114921417,0.710590327976202,4.552788590424215
2010-10-12 00:00:00,2010,10,12,0,1286841600,19.156932817052187,2.0382707209682853,98.6862799469923,0.3847081565097007,0.0,0.22231724033891992,0.6637184543221502,4.008328215060322
2010-10-12 06:00:00,2010,10,12,6,1286863200,23.453453896992546,5.729782034100116,98.18124415791056,0.4375016923979742,0.0,0.2531155565475396,0.7177476927233378,5.130652506435514
2010-10-12 12:00:00,2010,10,12,12,1286884800,27.79806008898289,2.188386424159048,99.30078370099261,17.007697047325845,0.0,0.28546951498759177,0.6817079584486849,7.092382438017739
2010-10-12 18:00:00,2010,10,12,18,1286906400,22.52326658567161,2.910162309816366,98.92650107446948,0.8785617521520158,0.0,0.2354567526013413,0.687034059083757,4.63366556247726
2010-10-13 00:00:00,2010,10,13,0,1286928000,20.263411451406668,2.405323368126076,99.28991737955609,0.903345877496128,0.0,0.2624711441440066,0.6799298270741124,4.504098399507187
2010-10-13 06:00:00,2010,10,13,6,1286949600,25.22422152728236,3.6640969919098314,99.08412670050618,0.05758529791726319,0.0,0.2534484120180571,0.7285585414177774,5.256406622313018
2010-10-13 12:00:00,2010,10,13,12,1286971200,30.611298618908215,8.250973993727156,99.11324481369765,16.674964589199064,0.0,0.20939469700691254,0.6849240945790126,7.320033277294084
2010-10-13 18:00:00,2010,10,13,18,1286992800,25.060218212324898,4.285346868845997,98.3918433431121,0.06740811274625311,0.0,0.25646872578997726,0.6873778795036666,4.851427232192401
2010-10-14 00:00:00,2010,10,14,0,1287014400,17.807869789638108,4.136323090163731,98.88648854978764,0.8481951836316604,0.0,0.2811368252638533,0.6745329781432942,4.64868364583315
2010-10-14 06:00:00,2010,10,14,6,1287036000,23.639125246559384,2.9859898087114427,98.99529808300602,0.43938112636021076,0.0,0.24187954138197654,0.6697198392945297,4.5951016117727965
2010-10-14 12:00:00,2010,10,14,12,1287057600,28.644936368912497,3.324953522250091,99.01911525884432,16.873951588626884,0.0,0.227807093101762,0.6408956496667977,6.968054291144743
2010-10-14 18:00:00,2010,10,14,18,1287079200,23.25921323297217,3.185298667420644,98.90040697057825,0.3666460590033445,0.0,0.2644533382334792,0.7168495868792818,5.2291123139378
2010-10-15 00:00:00,2010,10,15,0,1287100800,16.186047845825964,2.732746306479082,98.76316280533011,0.7704878186090774,0.0,0.25335171893237335,0.7278217825344905,4.157844461806804
2010-10-15 06:00:00,2010,10,15,6,1287122400,23.207524113108764,7.233333915067881,98.97287648153765,0.027734907918366747,0.0,0.22875748587169903,0.6877182721807358,4.878276242923022
2010-10-15 12:00:00,2010,10,15,12,1287144000,26.92377718620924,5.267882727880162,98.85570154035791,16.166279823683077,15.566610674058044,0.3884777982657138,0.7444209316970642,7.571185165022482
2010-10-15 18:00:00,2010,10,15,18,1287165600,25.094516640026452,5.375052584701746,98.6545635755648,0.04706247274383885,0.0,0.20279635870904839,0.6644592296812404,5.089813051517591
2010-10-16 00:00:00,2010,10,16,0,1287187200,16.525294635931054,2.5042103563471736,99.1178411485999,0.7492551512445339,0.0,0.2403717655911834,0.7525202725023729,4.049782465248963
2010-10-16 06:00:00,2010,10,16,6,1287208800,23.643511729099203,4.125961478597627,99.13214577489929,0.2523783620144264,0.0,0.21959924021360822,0.6690818496448295,4.598313274127216
2010-10-16 12:00:00,2010,10,16,12,1287230400,25.579975795038262,3.2764863111168396,98.4817743539383,16.148662701180726,0.0,0.20194939382082766,0.686876276759952,6.856229208975643
2010-10-16 18:00:00,2010,10,16,18,1287252000,23.130853395249527,3.32662062038789,98.5673395057945,0.8137791196339612,0.0,0.25786256150061687,0.6779542597887109,4.721510050863246
2010-10-17 00:00:00,2010,10,17,0,1287273600,16.237915628762394,2.3310542331632034,98.50229168710248,0.6826358234634948,0.0,0.22274966482735495,0.6775632133732925,3.8093886897300724
2010-10-17 06:00:00,2010,10,17,6,1287295200,22.038362913220055,2.9684355441445076,98.26046024589033,0.959656473323076,1.1053157988500506,0.24846845919174232,0.7326057480838339,4.475366005738723
2010-10-17 12:00:00,2010,10,17,12,1287316800,29.140849106904028,3.0767637682979654,99.16006028642683,16.552273817822215,0.0,0.2021572139224803,0.666410789314417,7.048278429137936
2010-10-17 18:00:00,2010,10,17,18,1287338400,23.714632367444928,3.8010168459475295,99.7431555647132,0.6455342023766851,0.0,0.22075603981730144,0.6720974272006366,4.6455490715072525
2010-10-18 00:00:00,2010,10,18,0,1287360000,18.589695744560764,3.446539457736021,99.04343368974978,0.06197484924205299,0.0,0.23433831744203565,0.7253594148534139,4.591677886764997
2010-10-18 06:00:00,2010,10,18,6,1287381600,22.86759380519626,2.488469773184513,98.70335192658537,0.8300681613494182,0.0,0.23471629966337215,0.69370085264125,4.713801589718433
2010-10-18 12:00:00,2010,10,18,12,1287403200,26.335001472823528,2.165932358906255,98.59679790656983,16.12125363858032,0.0,0.21123788389183748,0.6850612538518353,6.577157607543864
2010-10-18 18:00:00,2010,10,18,18,1287424800,22.761300775670577,4.848014984902996,98.49022656951254,0.7808687385815308,0.0,0.22316455364464347,0.6788295994763272,4.836659645257504
2010-10-19 00:00:00,2010,10,19,0,1287446400,14.564867258124927,3.5128966117548304,99.2023415560221,0.12154817929325212,0.0,0.2449653029382638,0.6649380665403648,3.789181602818588
2010-10-19 06:00:00,2010,10,19,6,1287468000,23.242590049362427,3.302245788961839,98.47648370960478,0.46491043052438785,0.0,0.24026204272715537,0.6546890584294875,4.73090145510643
2010-10-19 12:00:00,2010,10,19,12,1287489600,26.348079454396046,2.3790723256679875,98.99763320915312,16.474804498256777,0.0,0.22711420462799384,0.7217660964699545,6.729392563645375
2010-10-19 18:00:00,2010,10,19,18,1287511200,21.719946497995274,6.6724329483697105,98.80759678195608,0.3208099572084281,0.0,0.20492471846738208,0.6419069636668727,4.458596446332789
2010-10-20 00:00:00,2010,10,20,0,1287532800,16.542954970175977,3.878681885392001,98.99129522244704,0.08673997030028957,0.0,0.21830495129577468,0.6767110004718838,3.954316617866667
2010-10-20 06:00:00,2010,10,20,6,1287554400,23.473742841678174,3.711238534603627,99.06414664670747,0.9757424651531776,0.0,0.21992554233747116,0.6644455229602394,4.9203972126437625
2010-10-20 12:00:00,2010,10,20,12,1287576000,27.157960247831593,2.7794566224113346,98.83154552449876,16.006643181215125,0.0,0.21227200193682394,0.7147746417070078,7.158795858989963
2010-10-20 18:00:00,2010,10,20,18,1287597600,21.222483233265244,3.123221395250359,98.51944933028084,0.895882752696338,0.0,0.20072039290167992,0.7001958281616552,4.756182822254849
2010-10-21 00:00:00,2010,10,21,0,1287619200,14.617552300083988,4.237879460278015,99.29519410554428,0.5481096112612791,0.0,0.2250372449064276,0.6981050001411279,4.35248777476494
2010-10-21 06:00:00,2010,10,21,6,1287640800,23.740963644432927,2.760663586537171,99.17138782387886,0.19512423756640018,0.0,0.21917351163566087,0.6659388961667829,4.728454039687847
2010-10-21 12:00:00,2010,10,21,12,1287662400,27.762987120186835,6.4997472929057825,98.73227276662136,15.909893141105377,0.0,0.24933396687952275,0.683990152118154,7.027972875046275
2010-10-21 18:00:00,2010,10,21,18,1287684000,23.077768363614723,2.812882376386316,98.78793045382193,0.853599373214868,0.0,0.2149391862869495,0.6318020189357374,4.472592991718655
2010-10-22 00:00:00,2010,10,22,0,1287705600,15.094352390431194,2.767409988261945,98.95300203930606,0.3574685985207824,0.0,0.21018229242788672,0.686744449975327,3.9678850642511367
2010-10-22 06:00:00,2010,10,22,6,1287727200,19.610652211579858,3.0399920769204862,99.25798558222822,0.6585985898978206,0.0,0.1741048964276319,0.6705144857980111,4.269693874806002
2010-10-22 12:00:00,2010,10,22,12,1287748800,25.868368971492387,3.4009229609104086,99.45700077862405,16.113508646340048,0.0,0.24659306727651664,0.6475705004668618,6.974975266077151
2010-10-22 18:00:00,2010,10,22,18,1287770400,20.29854133835806,2.893674176668879,98.72528806082445,0.44435657472233625,0.0,0.1843363219907911,0.6262673534627619,4.148285386697401
2010-10-23 00:00:00,2010,10,23,0,1287792000,15.510436207309334,2.3755182528018843,98.11462169047647,0.6534966979999856,0.0,0.190023973343226,0.7010729775449276,4.0594876313552835
2010-10-23 06:00:00,2010,10,23,6,1287813600,22.952775762231838,2.922259771962518,98.81732527971705,0.6303252876795904,0.0,0.23019197792409712,0.7012986960472346,4.951641179748837
2010-10-23 12:00:00,2010,10,23,12,1287835200,23.577644372602478,3.5785003606695525,98.95302274282028,16.024255881929736,0.0,0.22055572853971492,0.6651275967932186,6.569149384054647
2010-10-23 18:00:00,2010,10,23,18,1287856800,19.62423643196395,2.2151701039514275,99.40748381628786,0.36198731746795443,0.0,0.21768265537365092,0.6590998748935266,4.2623540392819015
2010-10-24 00:00:00,2010,10,24,0,1287878400,19.764960758215096,5.575971882522092,99.05049813356062,0.4975043405901449,0.0,0.20519608703860487,0.6718364328095336,4.501027034502609
2010-10-24 06:00:00,2010,10,24,6,1287900000,21.777119810299787,3.2445055092578836,98.63495799433056,0.4168817745653952,0.0,0.18194218798668893,0.6703247838610205,4.337663370945889
2010-10-24 12:00:00,2010,10,24,12,1287921600,25.451719752911465,3.3199378465701033,99.28504443777025,15.272251264231809,0.0,0.22095138880949036,0.6412253877346968,6.585465432494861
2010-10-24 18:00:00,2010,10,24,18,1287943200,19.966276695987,3.7527065833232722,98.71443587213788,0.4712068554990506,0.0,0.22634169655513464,0.6315103092880257,4.258207091270146
2010-10-25 00:00:00,2010,10,25,0,1287964800,16.293192503080682,2.7277822222773045,98.90697116436503,0.16457134231067438,0.0,0.1894140102850901,0.6921972030727915,3.8413509920505997
2010-10-25 06:00:00,2010,10,25,6,1287986400,21.56297259959187,2.6844503913225424,99.03639965081318,0.9684055727956248,0.0,0.21615681928046587,0.646658032019679,4.0226337859439685
2010-10-25 12:00:00,2010,10,25,12,1288008000,27.862247722014136,2.550690879014647,98.98648083904048,15.544913543733209,0.0,0.2355701450873452,0.6819457667963301,6.913487875527746
2010-10-25 18:00:00,2010,10,25,18,1288029600,20.040877001326454,4.990932319902489,99.40506988856457,0.41021126591823326,0.0,0.1770046362105771,0.6401843599215925,3.9391357301019427
2010-10-26 00:00:00,2010,10,26,0,1288051200,16.65933931935522,3.537111681752198,98.93940297684817,0.12174419184123986,0.0,0.2051395518339198,0.6869064451239624,4.1934353383809455
2010-10-26 06:00:00,2010,10,26,6,1288072800,19.12934458687931,2.1916295551055036,99.05356679174571,0.8184853318365604,0.0,0.19177016133565664,0.6254386319265204,3.9535476920260937
2010-10-26 12:00:00,2010,10,26,12,1288094400,25.209061232234127,2.73612693591698,98.34619934307884,16.037735566754332,0.0,0.18828693481591402,0.6598454391813358,6.61505971985066
2010-10-26 18:00:00,2010,10,26,18,1288116000,18.923966310408154,2.2857494319293483,98.64818682560171,0.4846402231183929,0.0,0.21108332431384463,0.6079268234510403,4.269815330274579
2010-10-27 00:00:00,2010,10,27,0,1288137600,15.372024260424014,2.3769114160276477,98.77063599129035,0.10012224389874769,0.0,0.21083771435482618,0.647582083793225,3.7323017558058225
2010-10-27 06:00:00,2010,10,27,6,1288159200,22.254133381607062,3.5798335911214085,98.57772923565861,0.037701525666029245,0.0,0.21126827708350104,0.5741736779154062,4.166844258625567
2010-10-27 12:00:00,2010,10,27,12,1288180800,26.490355379492787,2.2527807652832093,98.76283048398716,15.249679686615178,0.0,0.21825034165530355,0.6098816036487454,6.311354421046829
2010-10-27 18:00:00,2010,10,27,18,1288202400,22.47567701887613,6.232132274383732,98.97685114643627,0.4110497711854387,0.0,0.20923991297989514,0.6334271807610342,4.3509499175844715
2010-10-28 00:00:00,2010,10,28,0,1288224000,14.967812114824525,4.077834988095859,98.37918112006453,0.19856366756065014,1.9738977010013292,0.24113405927719048,0.6829231052996789,3.868728963236914
2010-10-28 06:00:00,2010,10,28,6,1288245600,21.204711539292322,5.282869759706147,98.84620465434072,0.09366988808427412,0.0,0.195714132504843,0.6713933244182356,4.319063783123076
2010-10-28 12:00:00,2010,10,28,12,1288267200,25.504108305761374,9.98827512423814,99.00707565454681,15.679390245397917,0.0,0.22578063638140036,0.6727784001367805,6.91263497079656
2010-10-28 18:00:00,2010,10,28,18,1288288800,20.298403459141134,2.6651025688122063,99.08992130770933,0.5717896287025663,0.0,0.18904337251165468,0.6052716706380299,4.239244484461587
2010-10-29 00:00:00,2010,10,29,0,1288310400,15.91367475951103,4.263901690737553,99.2818860126281,0.008197929137188087,0.0,0.17033378362057988,0.6020181118973184,3.5676719830982497
2010-10-29 06:00:00,2010,10,29,6,1288332000,25.718889909658014,3.563089460034883,99.35837095320868,0.5141317462761178,0.0,0.21497746328685083,0.7104366906982126,4.940608085875337
2010-10-29 12:00:00,2010,10,29,12,1288353600,24.791420625194377,6.543738567400819,98.64658984710228,15.823072113936481,0.0,0.20338135887713196,0.6717912283189911,7.066209362076207
2010-10-29 18:00:00,2010,10,29,18,1288375200,20.25202425258868,4.090227601111139,99.26560701703029,0.840447446612241,0.0,0.17605918664790027,0.6704075840728971,4.654563351881754
2010-10-30 00:00:00,2010,10,30,0,1288396800,15.9272249403596,3.358174296069379,98.82654605869828,0.1639799564916372,0.0,0.233498005394225,0.6672104514315338,3.8883246633115083
2010-10-30 06:00:00,2010,10,30,6,1288418400,21.362334026476628,2.2497012357570805,99.61130282227758,0.16459333719684532,0.0,0.16566219184779032,0.6214388048729694,4.337902906728088
2010-10-30 12:00:00,2010,10,30,12,1288440000,26.88301551249084,2.8274775849323888,98.7294775112442,15.534378484888375,0.0,0.22173254766118702,0.677001433178742,6.63091371237714
2010-10-30 18:00:00,2010,10,30,18,1288461600,19.864149034609397,2.5894661416559916,99.64214490724844,0.5482104191324618,0.0,0.23789959151040893,0.635411165435506,4.326174187115987
2010-10-31 00:00:00,2010,10,31,0,1288483200,13.567347201393087,2.4980461274201304,98.83144436008926,0.08087899252065722,0.0,0.24601954693498554,0.6780762070491645,3.8474620241802504
2010-10-31 06:00:00,2010,10,31,6,1288504800,20.543753805603597,2.992258564742033,99.36673726224807,0.4101549825271392,0.0,0.21444746991421687,0.5991387772579408,4.489198370020366
2010-10-31 12:00:00,2010,10,31,12,1288526400,27.124792135597513,3.2671685832280524,98.87270122936339,15.638073683917156,6.437641957300615,0.27962258029384923,0.7082905254626048,7.39310424787852
2010-10-31 18:00:00,2010,10,31,18,1288548000,22.11143858498009,3.021704518354036,99.15723192819763,0.7649261796834155,0.0,0.22559769063705856,0.6181445755798641,4.024402933439884
2010-11-01 00:00:00,2010,11,1,0,1288569600,11.470494384978053,2.6947397859892726,99.00453802422089,0.7116585622312164,0.0,0.18528226378119406,0.67127850476957,3.7867202371323945
2010-11-01 06:00:00,2010,11,1,6,1288591200,19.6701337165027,4.003231436917891,99.34523275204103,0.30088017540155454,4.743800198371922,0.2193080392959064,0.6770243490365847,4.459771061844667
2010-11-01 12:00:00,2010,11,1,12,1288612800,25.3930163627626,2.7493605811769917,98.66823694730402,15.39050113567825,0.0,0.2301101622940067,0.5752238489671057,6.684951277129294
2010-11-01 18:00:00,2010,11,1,18,1288634400,21.75821763332614,3.2926724092564177,98.41836822254474,0.6928298760178921,0.0,0.17770431339350795,0.6038333000925084,4.149789782932893
2010-11-02 00:00:00,2010,11,2,0,1288656000,16.668736609851603,4.854290684201865,98.71420306482435,0.7086960389722511,0.0,0.2168530527876659,0.6133384731591088,4.303946631165288
2010-11-02 06:00:00,2010,11,2,6,1288677600,19.322110694011684,2.997804194125291,99.27557266524168,0.04891059216339111,0.0,0.21058001864243725,0.6097922740339079,4.138845465018997
2010-11-02 12:00:00,2010,11,2,12,1288699200,27.546473458674363,8.802838144172838,99.2673564098947,15.388853763641567,0.0,0.16269978347953395,0.6516788132525072,6.541448206374735
2010-11-02 18:00:00,2010,11,2,18,1288720800,20.280374722141673,2.9595082295509703,99.60312179151639,0.28883161383886113,0.0,0.22391763785000734,0.6530123939580609,4.282941274089367
2010-11-03 00:00:00,2010,11,3,0,1288742400,15.743126901088472,2.890540392474413,99.33160757331207,0.9137046126897869,0.0,0.17472507748952587,0.6543968103900532,3.95494883200022
2010-11-03 06:00:00,2010,11,3,6,1288764000,21.290026517433372,3.1079313325251134,98.70434859263844,0.940452844122191,0.0,0.17850541922272226,0.5959858346050603,4.323671242789964
2010-11-03 12:00:00,2010,11,3,12,1288785600,25.046129845313413,2.8788052765729804,99.22227457252988,14.855767527605574,0.0,0.16341786748340886,0.6271891004869486,6.197307543004582
2010-11-03 18:00:00,2010,11,3,18,1288807200,22.19991517315352,3.8778734312643746,98.92571758242914,0.1557447386252062,0.0,0.1621329231412193,0.6055165145498937,4.37276214027505
2010-11-04 00:00:00,2010,11,4,0,1288828800,14.646446944142255,4.440848871096039,99.02098005509389,0.6926209679304143,0.0,0.1619613632334193,0.5919936865077495,3.6169796862805152
2010-11-04 06:00:00,2010,11,4,6,1288850400,21.02794291614475,2.7407289525000063,99.13270046965502,0.02630991918853809,0.0,0.20549378946567928,0.6675053806167175,4.392928658886396
2010-11-04 12:00:00,2010,11,4,12,1288872000,25.40860795588674,2.466343243178028,99.94547513440367,15.344881043239322,0.0,0.2179523582470898,0.659372654290195,6.471109076128975
2010-11-04 18:00:00,2010,11,4,18,1288893600,19.97266539378105,3.849984983063073,99.03264672760857,0.7252877929201507,0.0,0.14639667310037302,0.6102470709949814,3.7030585183242217
2010-11-05 00:00:00,2010,11,5,0,1288915200,13.68411795691727,2.6212649264519876,98.90537777948289,0.32598317508609176,0.0,0.1867507801598709,0.6762767065304081,3.3617357651524107
2010-11-05 06:00:00,2010,11,5,6,1288936800,23.33924042786949,3.5692307898812845,99.02551637196548,0.4587352046986022,0.0,0.18618834409194207,0.6738049621151071,4.313088519355359
2010-11-05 12:00:00,2010,11,5,12,1288958400,24.35422356029278,3.55831047948242,98.87735614450503,15.426636957461778,0.0,0.16262815946018871,0.6038775815453248,6.357274273201869
2010-11-05 18:00:00,2010,11,5,18,1288980000,17.843748483451222,2.8332489326539787,99.57056479951717,0.9366728297941417,2.8612121578343257,0.22224998935957294,0.6403913334124695,4.332976360926424
2010-11-06 00:00:00,2010,11,6,0,1289001600,14.83702951582502,3.947013996713488,99.207012049025,0.5040224002555913,0.0,0.2168065781690296,0.6420872076765965,4.157418549256182
2010-11-06 06:00:00,2010,11,6,6,1289023200,19.37033193318414,3.3319011489053576,99.17905184672288,0.8362540760396863,0.0,0.18233979661057959,0.6400618316727174,4.199755012988167
2010-11-06 12:00:00,2010,11,6,12,1289044800,26.425995755071625,2.286051146070427,99.61970949207577,14.491409961236474,0.0,0.19139225396572251,0.5986288862740864,6.326964121535624
2010-11-06 18:00:00,2010,11,6,18,1289066400,21.30144093979156,3.74258172625205,99.21012751682112,0.17633956906247206,0.0,0.1914451713190317,0.6749265174764115,4.547926254350409
2010-11-07 00:00:00,2010,11,7,0,1289088000,12.73470425678174,2.8730165087343478,98.87398578837778,0.5086339707282439,0.0,0.1403822640290486,0.620210700126792,3.3942110402172982
2010-11-07 06:00:00,2010,11,7,6,1289109600,20.201028615608653,3.612283196799665,99.34338075009369,0.6488562695493038,0.0,0.15247378222808186,0.6249649397461404,4.0289834649513
2010-11-07 12:00:00,2010,11,7,12,1289131200,23.734050255882025,3.2625435738350297,99.36584437037382,14.910541331283648,0.0,0.17675461944004298,0.631336727015505,5.95722318956416
2010-11-07 18:00:00,2010,11,7,18,1289152800,18.010292842955973,4.174345170344102,99.06956496706616,0.16081313236254344,0.0,0.18947717288726604,0.6310318828460204,3.9537006725603088
2010-11-08 00:00:00,2010,11,8,0,1289174400,12.165874134684955,2.5583778932496073,98.96031419020453,0.96522341249693,0.0,0.17899829162050948,0.6483489721236353,3.7891587264494224
2010-11-08 06:00:00,2010,11,8,6,1289196000,19.693425432599877,3.0817382838079688,99.64646033080437,0.8351570322141513,0.0,0.19625168315267622,0.642684615477571,4.3640324464972124
2010-11-08 12:00:00,2010,11,8,12,1289217600,24.758945197656473,2.9845644427001843,98.94128972740008,14.850935085340808,0.0,0.1821628413332103,0.6130523284627618,6.2486614994447525
2010-11-08 18:00:00,2010,11,8,18,1289239200,17.309611590264858,3.871221168333839,99.00102974584154,0.1425189091530827,0.0,0.19153332186078792,0.6374246838314125,3.8212035539900224
2010-11-09 00:00:00,2010,11,9,0,1289260800,16.921371297314565,2.9893810464305597,99.09532197818524,0.9351945476781511,0.0,0.1709224238122967,0.6224019424863801,3.646701613205795
2010-11-09 06:00:00,2010,11,9,6,1289282400,18.626570772152316,2.467812644768884,99.12729598357093,0.5698175999655443,0.0,0.17058752788555775,0.6052868373049954,4.218560314781016
2010-11-09 12:00:00,2010,11,9,12,1289304000,22.74641204329008,2.86851735845413,98.93987612345303,14.49740706410909,0.0,0.16481312515428864,0.6296943932240494,5.763494486872794
2010-11-09 18:00:00,2010,11,9,18,1289325600,20.43327846093261,6.072258972535067,98.87187037408803,0.45986640948622565,0.0,0.11137916445828092,0.6546110857429173,4.1035419926905945
2010-11-10 00:00:00,2010,11,10,0,1289347200,10.039681381381552,5.402424502607051,99.6647774523326,0.2501175619883895,0.0,0.18479261126809368,0.6255307913271929,3.77372169116555
2010-11-10 06:00:00,2010,11,10,6,1289368800,17.885727160187468,2.4322131640224236,99.04266620111721,0.16823576938823215,0.0,0.17175504998800617,0.6358850596950659,3.7500681252555306
2010-11-10 12:00:00,2010,11,10,12,1289390400,26.4962178695722,4.358084897711095,98.82453087823947,14.802076389241465,0.0,0.21373947935805737,0.6505304812149979,6.413096399407585
2010-11-10 18:00:00,2010,11,10,18,1289412000,20.94803050845664,3.179144419367187,98.77760988587998,0.17205107010666296,0.0,0.1716289091119777,0.6318396605772724,4.43893950983829
2010-11-11 00:00:00,2010,11,11,0,1289433600,13.205729002636469,3.6807350635672034,99.22032533779652,0.24526396014690066,0.0,0.1756455512629064,0.6470499890982926,3.6835655823043076
2010-11-11 06:00:00,2010,11,11,6,1289455200,21.68517364352235,3.3162348446283914,98.76189691071542,0.3448509025926555,0.0,0.1760934313085214,0.6216134548681881,4.437734739285684
2010-11-11 12:00:00,2010,11,11,12,1289476800,24.60461127973318,4.3882105337171335,98.89750341956619,15.000957536773251,0.0,0.1736294385425498,0.564673113376221,6.223355664699377
2010-11-11 18:00:00,2010,11,11,18,1289498400,19.475103440140643,2.9577751662905274,99.055348147214,0.8945843329872389,0.0,0.17109707968670676,0.5655042200849366,4.028631354963419
2010-11-12 00:00:00,2010,11,12,0,1289520000,14.23321274648724,4.21749943829047,99.77807795125378,0.2822793384029545,0.0,0.18079910858144416,0.60915746173986,3.187462685491007
2010-11-12 06:00:00,2010,11,12,6,1289541600,21.573797738662602,3.72345293474834,99.03121664829035,0.2381767078330489,0.0,0.16007346934375244,0.5725932493936292,3.9222285796002465
2010-11-12 12:00:00,2010,11,12,12,1289563200,26.001604157900164,5.557853045222009,99.69619084129123,14.764853935351978,0.0,0.1774375464187022,0.5892385887900962,5.879660077723278
2010-11-12 18:00:00,2010,11,12,18,1289584800,21.87626743285514,3.32992380284365,99.11140736562494,0.5647506272922455,0.0,0.12960642552308937,0.5570186830430751,4.109469333470896
2010-11-13 00:00:00,2010,11,13,0,1289606400,16.248828694152543,3.3573873145676445,98.55314315564567,0.601958922218224,0.0,0.17435062796979772,0.566714781448581,3.8302247354168424
2010-11-13 06:00:00,2010,11,13,6,1289628000,20.757203703017133,2.5713106167857873,99.82971925157754,0.9668772083941672,0.0,0.15020156081773475,0.626328919521206,3.910977888740226
2010-11-13 12:00:00,2010,11,13,12,1289649600,24.069806294805314,2.4790699663188795,99.06750957920455,14.878931289425179,0.0,0.1767552955063444,0.6659498282695449,5.936144795654677
2010-11-13 18:00:00,2010,11,13,18,1289671200,20.153271042897423,3.286945206114495,98.82235624481174,0.4657186071652352,0.0,0.16788852889111647,0.6657837693395466,4.20004486480289
2010-11-14 00:00:00,2010,11,14,0,1289692800,14.50067926474596,3.5647913263632494,98.81245067197108,0.7359234623284974,0.0,0.14470330572518572,0.642566996014255,3.5950020169025896
2010-11-14 06:00:00,2010,11,14,6,1289714400,18.52969542529078,2.641870115383257,99.11464192259075,0.5931334753311766,0.0,0.11151388203960548,0.5990093093781216,3.4730951845774345
2010-11-14 12:00:00,2010,11,14,12,1289736000,26.245639082638064,5.623113527437563,99.23160036977397,14.890692581346944,0.0,0.16483526123029124,0.56196550982625,6.126912520996589
2010-11-14 18:00:00,2010,11,14,18,1289757600,18.99852461148988,2.6506164041302918,99.09484868594416,0.3760843751508917,0.0,0.15573615407606833,0.548445850726472,3.7883169932576957
2010-11-15 00:00:00,2010,11,15,0,1289779200,13.828241848912945,3.888623480841508,99.29827427163596,0.655148274191967,0.0,0.1745464690843601,0.5691148853566856,3.9692750835986703
2010-11-15 06:00:00,2010,11,15,6,1289800800,18.125881845809417,4.075076101591955,98.7539905550983,0.5469688032560222,0.0,0.16733671723892962,0.6103415751073346,3.9270822334500575
2010-11-15 12:00:00,2010,11,15,12,1289822400,22.271285812641647,3.140239732497533,99.32702370027636,14.586425085283794,0.0,0.16978090727981662,0.6013680402964356,6.1152130337178825
2010-11-15 18:00:00,2010,11,15,18,1289844000,19.10230485596958,2.5679170833514977,98.73558528183048,0.04809247876062276,0.0,0.1191466901696217,0.5925101066144003,3.489971575873842
2010-11-16 00:00:00,2010,11,16,0,1289865600,15.323823547674618,3.2531681416546046,99.44857144529708,0.548568699316443,0.0,0.15112009252809516,0.62419160438924,3.704326599581764
2010-11-16 06:00:00,2010,11,16,6,1289887200,16.5734798653749,2.5565078896934827,99.066587127801,0.6409946570221948,0.0,0.1390620690884874,0.5945154325484048,3.8029576060209016
2010-11-16 12:00:00,2010,11,16,12,1289908800,25.180644537911277,2.4795126966598344,99.40510613589132,14.744451583257108,0.0,0.1594511031081364,0.594005044188506,6.055656430945248
2010-11-16 18:00:00,2010,11,16,18,1289930400,18.146182574029147,4.036548380150222,99.47975179486342,0.8100006661500397,0.0,0.16232581423785353,0.6002539076488336,4.613943928657447
2010-11-17 00:00:00,2010,11,17,0,1289952000,14.704940612288105,3.4897496437581204,99.68791649505313,0.6471477000296592,0.0,0.1086757273526276,0.5732652895607503,3.2192643197387567
2010-11-17 06:00:00,2010,11,17,6,1289973600,18.358164920750525,2.5688999029886626,99.34151162024499,0.8015589217117123,0.0,0.13523743781444478,0.5697517578161168,3.8883909099341647
2010-11-17 12:00:00,2010,11,17,12,1289995200,25.861549172162157,3.84726739856752,98.80774877353922,14.395859028234634,0.0,0.13122686548761586,0.6141953905439153,6.384678890666051
2010-11-17 18:00:00,2010,11,17,18,1290016800,21.848320270043285,2.7871273540823696,99.3525338613802,0.60620461656746,0.0,0.16933754612366692,0.5932255716271281,4.416865381544469
2010-11-18 00:00:00,2010,11,18,0,1290038400,12.472599814612291,3.864845654383884,99.15667750170836,0.34095304608505683,0.0,0.16095845486311758,0.6776941326343872,3.5169033612717597
2010-11-18 06:00:00,2010,11,18,6,1290060000,20.45410529617203,4.879145320911942,99.30926934474856,0.5087250765068551,0.0,0.14575906758542329,0.6036578789961121,4.276279542551198
2010-11-18 12:00:00,2010,11,18,12,1290081600,23.521195024323145,4.305052208122581,99.19804663169381,13.89523664020306,0.0,0.10977971720166435,0.6177408133089576,5.506838516082789
2010-11-18 18:00:00,2010,11,18,18,1290103200,19.305822398924466,3.4615484497372937,98.98837255736306,0.49967377530971835,7.536291421526541,0.19804938714877018,0.5776743771033814,4.131900133236185
2010-11-19 00:00:00,2010,11,19,0,1290124800,15.191622795888392,2.544868075549356,99.56668655067382,0.3595367424480189,0.0,0.1281707209572918,0.5550970060260976,2.9558994934848823
2010-11-19 06:00:00,2010,11,19,6,1290146400,17.049272739907877,4.098846176973526,99.5493907416763,0.258197324107343,0.0,0.10150389396739877,0.5401204856047993,3.329631575567677
2010-11-19 12:00:00,2010,11,19,12,1290168000,23.52920864389512,7.546657438972211,99.1821176438497,14.481082196782513,0.0,0.1275671605698136,0.5190119363897701,5.841146892758821
2010-11-19 18:00:00,2010,11,19,18,1290189600,19.028231590291394,2.692472933819825,99.41382261166225,0.39583998731622005,0.0,0.1356190206864503,0.5767084951666442,4.113646815094581
2010-11-20 00:00:00,2010,11,20,0,1290211200,15.777463025172047,2.696419978847167,99.36734216254025,0.5974282521092931,0.0,0.14435950988088536,0.6112349267004636,3.5290237761065613
2010-11-20 06:00:00,2010,11,20,6,1290232800,19.511025984652623,4.467222850568639,99.14341809306691,0.3124372191284387,0.0,0.14053042649622371,0.5304468249582678,3.755035346873142
2010-11-20 12:00:00,2010,11,20,12,1290254400,23.556972655101095,4.52557279750974,98.97124616422074,14.100234623291168,0.0,0.15913055045794,0.562436895498053,5.982499985548377
2010-11-20 18:00:00,2010,11,20,18,1290276000,18.69593008655161,4.760195130893873,99.62359877675884,0.2209876273598551,0.0,0.12428458709727737,0.55217153760147,3.7834519890377996
2010-11-21 00:00:00,2010,11,21,0,1290297600,17.217991832310673,7.7532270059075845,99.80850734262611,0.46297115925424304,0.0,0.12705321162186423,0.5628126247555642,4.126947560279866
2010-11-21 06:00:00,2010,11,21,6,1290319200,19.853544849103045,2.6962592105029914,99.6539026591459,0.659448745263227,0.0,0.18273777319826226,0.5679336524288876,3.859425945567852
2010-11-21 12:00:00,2010,11,21,12,1290340800,24.595183687851087,3.1784933518382483,99.18007911672932,14.039716641531907,0.0,0.12603793170414818,0.610429690000504,5.849383307226753
2010-11-21 18:00:00,2010,11,21,18,1290362400,20.921923577789407,3.1072531238001795,98.9456002635212,0.45655771089918107,0.0,0.17020850418015962,0.4717709198886978,4.09817281052754
2010-11-22 00:00:00,2010,11,22,0,1290384000,16.478813474205644,2.9612295839996214,99.2391352048555,0.41572270802760947,0.0,0.14201642166757877,0.5103635113045144,3.2364665099691585
2010-11-22 06:00:00,2010,11,22,6,1290405600,18.206322362815598,4.247592176469564,99.17555130163505,0.5602576426783059,0.0,0.12887867205408715,0.576431280826788,4.1278595711527215
2010-11-22 12:00:00,2010,11,22,12,1290427200,25.404932305081026,3.1854222383025856,99.55922615662762,13.945949505689367,7.359794567939361,0.22230820133403623,0.530322284033442,6.1212398359874705
2010-11-22 18:00:00,2010,11,22,18,1290448800,20.54979289381826,2.7903504470831235,99.1959428296753,0.05196598157115584,0.0,0.16486720123093387,0.5320069637492454,3.6064624239806595
2010-11-23 00:00:00,2010,11,23,0,1290470400,13.351280096667375,4.217625650454238,99.04458306756041,0.7637814530663756,0.0,0.14694656662554997,0.5413112057839279,3.587307735096601
2010-11-23 06:00:00,2010,11,23,6,1290492000,19.68988074647344,2.8703547996121306,99.72023905541313,0.26448582697716394,0.0,0.0970492512892053,0.5274990679928004,3.4309852222789408
2010-11-23 12:00:00,2010,11,23,12,1290513600,23.22643396284303,5.687782107351737,99.547017986482,14.160844037793204,0.0,0.14175989835372207,0.5284999345844765,5.938707606587353
2010-11-23 18:00:00,2010,11,23,18,1290535200,18.109978276713857,4.917687999369929,99.37825446145597,0.8477373059954231,0.0,0.14207352372974802,0.5736562460799903,3.629846316093487
2010-11-24 00:00:00,2010,11,24,0,1290556800,12.010794297199151,4.54016808337005,99.21987165074864,0.7117862764009547,0.0,0.16437742005567602,0.49749004587943946,3.1846385035550733
2010-11-24 06:00:00,2010,11,24,6,1290578400,18.250989961943045,3.2327917641711355,99.47916630600865,0.3194955398774474,0.0,0.1631132553093493,0.5133118445877386,3.5272705483369897
2010-11-24 12:00:00,2010,11,24,12,1290600000,23.425542143317724,4.368975304891999,99.65397189436996,14.03561848700058,0.0,0.13966413176301756,0.5628784656811012,5.746985930944393
2010-11-24 18:00:00,2010,11,24,18,1290621600,20.19430712200287,4.12555960587609,98.93392226229,0.45677984278083683,0.0,0.13556954190959644,0.6172738278876734,3.742026359170804
2010-11-25 00:00:00,2010,11,25,0,1290643200,12.033858031447835,3.1529253501853547,98.98030779979693,0.14107755718426374,0.0,0.13912452342185572,0.5809424438938544,3.0515546921363987
2010-11-25 06:00:00,2010,11,25,6,1290664800,22.873802788816377,2.7539356703396956,98.89808883966019,0.32622824992008226,0.0,0.1696556999708673,0.5144619516927335,3.984899157312732
2010-11-25 12:00:00,2010,11,25,12,1290686400,24.743676562020053,4.946100425398519,99.19668076586035,13.872328699481255,0.0,0.1526997125730504,0.5319840571088492,6.157601532538562
2010-11-25 18:00:00,2010,11,25,18,1290708000,18.072186472719167,2.664758157855927,99.253575485156,0.11360498872648882,0.0,0.13948922990551724,0.5329309213243797,3.3363824047224115
2010-11-26 00:00:00,2010,11,26,0,1290729600,13.526612021866038,3.009374537249885,99.9544680789501,0.1614721495321737,0.0,0.09664592173670453,0.4942628541535228,2.9833784172998925
2010-11-26 06:00:00,2010,11,26,6,1290751200,15.108587936363307,3.187496276629907,98.96794677509432,0.5165976597366425,0.0,0.13100625979615166,0.5395995331486632,3.1557932722218163
2010-11-26 12:00:00,2010,11,26,12,1290772800,21.31087769275131,2.850080595930876,99.352607719907,14.338528292339005,0.0,0.139304853718831,0.5074548999297189,5.199623026270878
2010-11-26 18:00:00,2010,11,26,18,1290794400,16.800376686157648,2.9165451986562427,99.3563211837233,0.6686252372953735,0.0,0.11734427154553594,0.5053880452131623,3.3990705972677864
2010-11-27 00:00:00,2010,11,27,0,1290816000,13.794543733291015,2.7437710483526847,99.3999920649908,0.6235249341134728,0.0,0.14192432498292556,0.5575398664575653,3.279179747305506
2010-11-27 06:00:00,2010,11,27,6,1290837600,15.857355995589323,7.712513553019021,99.31780455982873,0.3850147067965958,0.0,0.1553860769935429,0.5237218657984816,3.734208280415644
2010-11-27 12:00:00,2010,11,27,12,1290859200,20.917816294444414,4.185817972127591,99.30277856738066,13.863815564243371,0.0,0.11421594523031144,0.5235907977213551,5.258342477121708
2010-11-27 18:00:00,2010,11,27,18,1290880800,19.120449061111085,4.799009511246727,100.01749233213752,0.18642684898141357,0.0,0.12101909787594892,0.4700683737598426,3.3205154116939433
2010-11-28 00:00:00,2010,11,28,0,1290902400,15.359495751529947,3.365539706746347,99.0791293975048,0.9734960699577615,0.0,0.09500925814607845,0.5343868533355396,2.923281290108046
2010-11-28 06:00:00,2010,11,28,6,1290924000,19.945678094489395,4.698193010411448,98.93692235705537,0.7594205146844439,0.0,0.14494103209504658,0.5278586230147514,3.888131606411406
2010-11-28 12:00:00,2010,11,28,12,1290945600,24.18400342162509,4.003354220147489,99.2046507624288,13.428807088443259,0.0,0.12684512233772471,0.482521749428188,5.797909980445999
2010-11-28 18:00:00,2010,11,28,18,1290967200,17.30859016752864,4.902469382254185,99.52003557235544,0.19214880537730814,0.0,0.09335564326885812,0.5303678503979659,3.54322880971272
2010-11-29 00:00:00,2010,11,29,0,1290988800,11.789611627981689,4.850417436543696,99.84947122402218,0.5956771600971805,0.0,0.12311448739553624,0.5367241260281577,2.9845849648833895
2010-11-29 06:00:00,2010,11,29,6,1291010400,20.465832251967495,4.319193631880168,99.66780793135104,0.9700674794872508,0.0,0.1170943531947562,0.5073222752202641,3.5211046197290923
2010-11-29 12:00:00,2010,11,29,12,1291032000,21.761672920085275,4.525873005928753,99.38872596458629,13.867592973809023,0.0,0.08044710621534168,0.4875870591572459,5.115183124144038
2010-11-29 18:00:00,2010,11,29,18,1291053600,18.750940061263606,3.5660468414371773,99.24998422399906,0.9008116007654032,0.0,0.11530829885427606,0.521954229118857,3.527880641050611
2010-11-30 00:00:00,2010,11,30,0,1291075200,10.424821595199491,3.933649118718563,99.49273889894934,0.3783588369638923,13.798936916786937,0.24205650598447068,0.49935031416067893,3.2798454131676933
2010-11-30 06:00:00,2010,11,30,6,1291096800,17.63345574320386,3.0621745768945603,99.06007594786232,0.2790120443392454,0.0,0.1060999979475693,0.5333056475522439,3.459664013357534
2010-11-30 12:00:00,2010,11,30,12,1291118400,21.439945342461527,3.3546274530025872,99.02043926642895,14.260649966290341,0.0,0.10352089173762348,0.4510300081338558,4.890411602455992
2010-11-30 18:00:00,2010,11,30,18,1291140000,18.581605027597316,4.05092174835308,99.52068246915458,0.17186306120238845,0.0,0.09018766814005813,0.49813471707208756,3.3736619720718966
2010-12-01 00:00:00,2010,12,1,0,1291161600,14.210620768234477,3.2908756183191503,99.14634500249116,0.7364010513517092,0.0,0.1388652207458802,0.5190175694560001,3.26342469624456
2010-12-01 06:00:00,2010,12,1,6,1291183200,15.791518859142654,3.7053013792048013,99.18966836715369,0.42474926207613384,0.0,0.11960916060649365,0.5374884919054537,3.236408153057951
2010-12-01 12:00:00,2010,12,1,12,1291204800,23.372386192528076,4.454473195629928,99.99256280690594,13.452316560588617,0.0,0.12439091648836842,0.47691157208548973,5.525011855601504
2010-12-01 18:00:00,2010,12,1,18,1291226400,18.821965828047855,8.471933201400825,100.01378636662963,0.3930923869248388,0.0,0.13657306773800265,0.4840174934116534,4.000123847427566
2010-12-02 00:00:00,2010,12,2,0,1291248000,11.783327071580022,4.0156102352485,99.40865837927849,0.9754787456780443,0.0,0.10226413292945338,0.5014666091851795,3.1848324726835924
2010-12-02 06:00:00,2010,12,2,6,1291269600,17.619561157601908,4.241205525159701,99.13821524540641,0.22050309336537355,0.0,0.14832956857694915,0.44742615020493,3.3959633497427237
2010-12-02 12:00:00,2010,12,2,12,1291291200,24.84635160258953,2.896709440493024,99.94126915976523,14.234545925006339,0.0,0.1082213811287401,0.5292078146835487,5.356148808181013
2010-12-02 18:00:00,2010,12,2,18,1291312800,20.88170806419453,3.650829589354828,99.31483691434131,0.8766486698701612,0.0,0.13852823615174809,0.47665678001428485,3.6458762914901364
2010-12-03 00:00:00,2010,12,3,0,1291334400,12.613041620531078,4.526956475373089,99.76297437979598,0.47072602708851374,7.557810576741049,0.1805445302479524,0.4722544600007886,3.2033128361702974
2010-12-03 06:00:00,2010,12,3,6,1291356000,18.45295973121483,3.152931049645442,99.40654629194515,0.5984512465036973,0.0,0.10203801009766506,0.4892086618684219,3.4434984331490894
2010-12-03 12:00:00,2010,12,3,12,1291377600,23.97639902459617,3.1058871620542816,99.77770225247333,13.359123179605069,0.0,0.12691215815602852,0.4907440766619197,5.465811777102979
2010-12-03 18:00:00,2010,12,3,18,1291399200,20.876053515475935,7.919770224829052,99.23599289465417,0.8631483830883377,0.0,0.10012657522260048,0.5478353577141033,3.9321835432976626
2010-12-04 00:00:00,2010,12,4,0,1291420800,13.388268227731308,2.880257950402451,99.34695703973676,0.2442052075607688,0.0,0.11470149554866949,0.5024282365071179,3.0490417356921786
2010-12-04 06:00:00,2010,12,4,6,1291442400,17.314973607284795,6.632798203502903,99.35801738270587,0.4589724431517903,0.0,0.113075571219016,0.5097292808990318,3.302910968702405
2010-12-04 12:00:00,2010,12,4,12,1291464000,22.15757154628342,6.826133533567784,99.31841599110159,14.117016715280178,0.0,0.11065016423666474,0.5112988262034844,5.563765680909962
2010-12-04 18:00:00,2010,12,4,18,1291485600,18.84367374764655,4.689096879496047,98.8785577421105,0.1481209871137275,0.0,0.11552183110781256,0.5160813261830866,3.325789088707334
2010-12-05 00:00:00,2010,12,5,0,1291507200,11.711408087615489,2.9599163540068663,99.41767625883861,0.9588645689006987,0.0,0.08897700161399519,0.5065619407598719,2.505104160268614
2010-12-05 06:00:00,2010,12,5,6,1291528800,19.063637582095133,3.9039786356372117,99.45887993652134,0.4947028850954781,0.0,0.1489428745280137,0.491508633648688,3.387125675722298
2010-12-05 12:00:00,2010,12,5,12,1291550400,22.202000885787314,3.050544805976297,99.27630268056204,13.761615091875166,0.0,0.1021042746959999,0.48537842154317323,4.91200122839786
2010-12-05 18:00:00,2010,12,5,18,1291572000,19.796652723284772,2.9033963917395123,99.01377482211633,0.9117170185087382,0.0,0.08268840126916585,0.548225985103767,3.5449852942321707
2010-12-06 00:00:00,2010,12,6,0,1291593600,14.117842441962837,4.9427215785435985,99.61722124185046,0.07193067492266891,0.0,0.11522558373645082,0.5667285459311966,2.9880398311707896
2010-12-06 06:00:00,2010,12,6,6,1291615200,18.045459377775853,5.109465505220031,98.97478664607038,0.641653441895827,0.0,0.08540601884319907,0.4554516817001719,3.3826551846783377
2010-12-06 12:00:00,2010,12,6,12,1291636800,23.559557537474433,3.0787750661623248,99.84169708448874,13.602384242562872,0.0,0.10072926564014892,0.4820415011460855,5.318201606984959
2010-12-06 18:00:00,2010,12,6,18,1291658400,16.012043148125187,4.2471390915287355,99.00063698747404,0.12185979798038643,0.0,0.11526305244714767,0.5068386909443869,3.353190806082333
2010-12-07 00:00:00,2010,12,7,0,1291680000,12.066793909064039,7.205836805262454,99.08201464938779,0.48161840731039873,0.0,0.08,0.5146714793506106,3.066487257881749
2010-12-07 06:00:00,2010,12,7,6,1291701600,16.38890196461473,3.205651953038588,99.71626408927928,0.13019164526061167,0.0,0.08809418136411658,0.4824842041529858,3.390213722082423
2010-12-07 12:00:00,2010,12,7,12,1291723200,22.558675571787266,4.566947872606349,99.43010337805916,13.581276625116741,0.0,0.09004587491220081,0.4251506480135421,5.210752165931021
2010-12-07 18:00:00,2010,12,7,18,1291744800,17.126471734496796,9.615571537799202,99.47467079362653,0.003487197064098223,0.0,0.08861614769121479,0.4799256078392709,3.3354597757161004
2010-12-08 00:00:00,2010,12,8,0,1291766400,14.85890273268065,3.6939412463011094,99.2277248518722,0.8760953409940226,0.0,0.08,0.46893613173714777,3.0069529640288644
2010-12-08 06:00:00,2010,12,8,6,1291788000,20.15747513914073,3.0074628203425204,99.84463673106798,0.5429810653421578,0.0,0.08144759853047494,0.5021354030279018,3.282392841164732
2010-12-08 12:00:00,2010,12,8,12,1291809600,18.892178137211506,3.5549060069279665,99.84592371844283,14.070901880742532,0.0,0.11215434302184313,0.5110673532953223,5.083611695337291
2010-12-08 18:00:00,2010,12,8,18,1291831200,18.613960308867345,7.095257229611747,99.82986274231394,0.41476169251634426,0.0,0.12733712335925274,0.4797171239323345,3.5821615264173574
2010-12-09 00:00:00,2010,12,9,0,1291852800,17.021232711534637,3.7250172477840597,99.4383115572611,0.9270337226890462,0.0,0.12663333816611624,0.45440807202818195,3.3610431316637306
2010-12-09 06:00:00,2010,12,9,6,1291874400,15.511934114476311,4.242788117576339,99.79842217383387,0.5420806233991051,0.0,0.09031057596681145,0.5327550341528462,3.0198285861850818
2010-12-09 12:00:00,2010,12,9,12,1291896000,24.818650807946835,3.04094931275343,99.18153863444698,13.106916755869783,2.5249791032074844,0.11708291421954437,0.43186957398431997,5.273428548401327
2010-12-09 18:00:00,2010,12,9,18,1291917600,19.582889117358267,5.088537399425887,99.63687188804708,0.5562910707368345,0.0,0.08,0.41731616659158666,3.3744195102144787
2010-12-10 00:00:00,2010,12,10,0,1291939200,12.659941237977709,5.113275148054731,99.43249178759275,0.37932486550962197,0.0,0.08,0.4466939800886833,3.069590011971087
2010-12-10 06:00:00,2010,12,10,6,1291960800,19.3904859305038,4.290266304021404,99.4663013150248,0.9174169242279172,0.0,0.10267129395143279,0.48645140698773903,3.524395232122138
2010-12-10 12:00:00,2010,12,10,12,1291982400,22.332589038838055,3.1340368310263407,99.61246491712276,13.96369392183184,0.0,0.08,0.46907871020709063,5.133864192101309
2010-12-10 18:00:00,2010,12,10,18,1292004000,16.348524741578775,4.283944202938359,99.56440490412255,0.6435263883586179,0.0,0.09774393330591864,0.4806547962777694,3.1404177030562166
2010-12-11 00:00:00,2010,12,11,0,1292025600,17.672777705365554,2.9981061609874264,99.62338605453746,0.4093492904440593,0.0,0.09552654224300437,0.4565636586165993,3.5028997567798688
2010-12-11 06:00:00,2010,12,11,6,1292047200,17.834518379102725,8.442036671513602,99.0753680727967,0.9040313232860743,0.0,0.11224888075380007,0.4460063937624817,3.6051344571508745
2010-12-11 12:00:00,2010,12,11,12,1292068800,22.716892616311192,4.488968893097695,99.33707085262148,13.218535691515436,0.0,0.10083053596170766,0.4051345100652986,4.979697094736481
2010-12-11 18:00:00,2010,12,11,18,1292090400,18.45505442059843,3.1803267430361943,99.4480018166273,0.06627846910696593,0.0,0.08234781726551096,0.43776733662565825,3.1099059682063914
2010-12-12 00:00:00,2010,12,12,0,1292112000,13.687974792158762,3.0415252729142264,99.24273665279038,0.5703340711383637,0.0,0.1196707074115928,0.47302215037387485,3.101210162141667
2010-12-12 06:00:00,2010,12,12,6,1292133600,20.680487910683667,3.4225668751604204,99.34060224863029,0.5125007825953919,0.0,0.12196377911995687,0.4022134692018362,3.4751958550554725
2010-12-12 12:00:00,2010,12,12,12,1292155200,24.62004830170602,5.38897504898354,98.97089061250459,13.956802437574831,0.0,0.09381114927482519,0.43051011721548305,5.144544931021639
2010-12-12 18:00:00,2010,12,12,18,1292176800,17.91071141973353,3.640321543168583,99.2494004621615,0.22381743583029495,0.0,0.11008195731058597,0.43986196969149544,3.4493478593065143
2010-12-13 00:00:00,2010,12,13,0,1292198400,14.969519166924153,5.728033727246434,99.02149582313986,0.07888420440964428,0.0,0.12394122513941104,0.4572949439389366,3.2809784396247546
2010-12-13 06:00:00,2010,12,13,6,1292220000,18.344434569397066,3.3495751444809163,100.0051546419125,0.6824689599572182,0.0,0.09085454474931398,0.43953149057642266,2.9788191237370905
2010-12-13 12:00:00,2010,12,13,12,1292241600,21.997937132348206,6.139598117717515,99.52239145575419,13.128140047384907,0.0,0.10240996470277632,0.4444886835583878,5.004695700898299
2010-12-13 18:00:00,2010,12,13,18,1292263200,19.718212252473258,4.169789502010192,99.73761423782699,0.426570856559025,0.0,0.0872144568756483,0.44366594744076704,2.9727698635816027
2010-12-14 00:00:00,2010,12,14,0,1292284800,11.104547152453659,5.553437469020272,99.71384417690416,0.7494398893025526,0.0,0.09910125429895789,0.431040965021118,2.5374111115532267
2010-12-14 06:00:00,2010,12,14,6,1292306400,20.30286378933255,3.443709541893334,99.27550003996751,0.9017098564947197,0.0,0.08,0.4673499259347603,3.5181120651519073
2010-12-14 12:00:00,2010,12,14,12,1292328000,24.41799935919216,5.141542590885523,99.0954237205502,13.672395143222948,0.0,0.08622541826264489,0.4745188528737065,5.213659465051721
2010-12-14 18:00:00,2010,12,14,18,1292349600,17.71135611568057,7.481417719716909,99.16904312758889,0.046358034632126996,0.0,0.08,0.48699567924137765,2.985525015455775
2010-12-15 00:00:00,2010,12,15,0,1292371200,13.9701484926803,3.807433848346325,99.35968357880914,0.30547240038700507,0.0,0.09449258540160596,0.43698890049799743,2.8400305016595815
2010-12-15 06:00:00,2010,12,15,6,1292392800,17.65553402771198,6.806748173460415,99.59221164663975,0.07037500131363772,0.0,0.08,0.3949849711525293,2.916482375751532
2010-12-15 12:00:00,2010,12,15,12,1292414400,23.92998626749636,3.25234833937633,99.51361948829091,13.028738795296997,0.0,0.08,0.4761207201039153,5.51352113730861
2010-12-15 18:00:00,2010,12,15,18,1292436000,16.014545512072058,3.9588245055010325,99.42608299806339,0.9974156494431107,0.0,0.10803898555687162,0.44401117581216004,3.136830788411093
2010-12-16 00:00:00,2010,12,16,0,1292457600,12.916018873798505,3.5524821482708338,99.29899435004415,0.13165033133163362,0.0,0.08,0.42423390282234985,3.0838701624402485
2010-12-16 06:00:00,2010,12,16,6,1292479200,16.76250616058476,3.5603914355808257,99.57532895285355,0.6557046658999708,0.0,0.08,0.41287027252921915,2.8735651075672193
2010-12-16 12:00:00,2010,12,16,12,1292500800,26.581807602253477,3.825247447883505,99.58309768082742,13.291042428995588,0.0,0.08,0.41628221384311187,5.170030774068566
2010-12-16 18:00:00,2010,12,16,18,1292522400,18.310408248543364,4.246897847077384,99.01917867005731,0.7041596046465891,0.0,0.08,0.44652093408980714,3.0708906184112243
2010-12-17 00:00:00,2010,12,17,0,1292544000,13.04180710926467,3.7112769789276197,99.91180216140938,0.18607750364493136,0.0,0.08,0.5066351321571773,2.9535044006772115
2010-12-17 06:00:00,2010,12,17,6,1292565600,18.009875458201506,3.8148387402291073,99.5895952604816,0.2800776946384549,0.0,0.08,0.4422124058180449,2.9730635168868034
2010-12-17 12:00:00,2010,12,17,12,1292587200,21.981541029883637,4.035061026357753,99.31137510365983,13.913937765740295,0.0,0.08182414340368395,0.42630264309404586,4.869163462355451
2010-12-17 18:00:00,2010,12,17,18,1292608800,18.98711903067486,3.5506176674745498,99.41060544952713,0.8030419913157075,3.264166919222346,0.12570443724921934,0.4875783321931765,3.3040325621334077
2010-12-18 00:00:00,2010,12,18,0,1292630400,13.597513798129526,5.611435030563934,98.87819926339628,0.6585097444213723,8.35198055029626,0.15351492257584864,0.44419023431199695,3.0895383907126037
2010-12-18 06:00:00,2010,12,18,6,1292652000,16.356951375590697,5.453068100155461,99.49034459200928,0.46398098436333235,0.0,0.08,0.4295454736407861,3.013031009984888
2010-12-18 12:00:00,2010,12,18,12,1292673600,22.604714077874835,3.827734995830626,99.28178544082509,13.641623562986862,0.0,0.09115143904994463,0.4040699781783965,5.163196552211217
2010-12-18 18:00:00,2010,12,18,18,1292695200,16.273398922001114,4.4645478914413115,99.72370427525618,0.5808228473102338,0.0,0.08,0.4736517605048349,3.085053926598019
2010-12-19 00:00:00,2010,12,19,0,1292716800,13.284192025758884,3.41178955543735,99.11848238423786,0.18904239370142517,0.0,0.08,0.3889956355539152,2.3227941787474147
2010-12-19 06:00:00,2010,12,19,6,1292738400,18.230454456656986,5.818994392854195,99.37330725785678,0.9767422902564642,0.0,0.08,0.39931586135261704,3.0291365024463857
2010-12-19 12:00:00,2010,12,19,12,1292760000,23.483633368992,5.31778252064481,99.19243149311644,13.279146045415505,0.0,0.09960312607287922,0.41883592041761736,4.975346809351482
2010-12-19 18:00:00,2010,12,19,18,1292781600,16.825509957838523,7.331572094501771,98.6410097357181,0.04638674449787176,0.0,0.08,0.4331529383257098,3.3343159060529635
2010-12-20 00:00:00,2010,12,20,0,1292803200,13.460300709717393,5.5267946467948015,99.96394336841837,0.3474257931900434,0.0,0.08,0.4653279829448729,3.0759889466636965
2010-12-20 06:00:00,2010,12,20,6,1292824800,15.169489917603183,4.42946430415272,99.5406642083605,0.5467709922894842,0.0,0.08,0.41330564834847994,2.788926089877249
2010-12-20 12:00:00,2010,12,20,12,1292846400,23.058190986025817,3.9191967529455436,99.47297801808807,13.069705355298098,0.0,0.08,0.3989228109656958,4.753013502911192
2010-12-20 18:00:00,2010,12,20,18,1292868000,16.966155962406003,3.851119719434061,98.9269878874616,0.5893220819974037,0.0,0.09608079696177123,0.4045135254357451,2.9890191144323635
2010-12-21 00:00:00,2010,12,21,0,1292889600,13.594364550593637,3.3238045840999875,99.31186339818736,0.2860919482320492,0.0,0.08379117752081842,0.4212228994812812,2.679814521897037
2010-12-21 06:00:00,2010,12,21,6,1292911200,19.079785174182213,4.806735315765344,99.52870831615138,0.08106850837918367,0.0,0.08650096600000695,0.4317130829250274,2.8933479964867685
2010-12-21 12:00:00,2010,12,21,12,1292932800,21.952693581819545,6.361647501416081,99.59859172252891,13.471282799571929,0.0,0.08274953478569996,0.37320481729010524,4.981905076876614
2010-12-21 18:00:00,2010,12,21,18,1292954400,20.09873034690138,4.881783026564951,99.60427916868038,0.6664981379077752,0.0,0.08884021221568536,0.38030654387351054,2.954380458278652
2010-12-22 00:00:00,2010,12,22,0,1292976000,9.374232445167994,3.9455833832138,99.54794272901424,0.6471508095698265,0.0,0.08,0.3788185909463419,2.114409365039645
2010-12-22 06:00:00,2010,12,22,6,1292997600,16.626620611271242,7.973179481829243,99.1869888691183,0.28856643856414443,0.0,0.11157681237121643,0.378093414140049,3.0800642864314507
2010-12-22 12:00:00,2010,12,22,12,1293019200,21.797037496447032,4.444722244194888,99.91576210319992,13.344187347127935,2.0356785723964776,0.08,0.37067901923785085,4.79260862238977
2010-12-22 18:00:00,2010,12,22,18,1293040800,18.790052167518816,4.263250393282132,99.71469289456806,0.8450993346540925,0.0,0.08,0.41364385951578864,2.9427835778556033
2010-12-23 00:00:00,2010,12,23,0,1293062400,13.370296123637967,3.518794223454462,99.36324749955259,0.14507003903177185,0.0,0.08238919073615,0.38312319435910036,2.3888229448297844
2010-12-23 06:00:00,2010,12,23,6,1293084000,17.02499095234486,3.5242193269034576,99.3350301917802,0.8122477305013792,3.417410798846052,0.08199243780745957,0.36923962626684326,2.916753974548871
2010-12-23 12:00:00,2010,12,23,12,1293105600,22.355493191337477,4.008668766340872,99.14504911758326,13.12266288071418,0.0,0.08,0.38910223294319785,4.83141673000476
2010-12-23 18:00:00,2010,12,23,18,1293127200,18.722728442502994,4.696054800355725,99.35168611904027,0.22530749298773003,0.0,0.08,0.4187574858452122,3.478178681014987
2010-12-24 00:00:00,2010,12,24,0,1293148800,11.591040790253617,3.6288354490566777,99.63752263095421,0.2687922656727061,0.0,0.08,0.3508221105576089,2.1601415225482428
2010-12-24 06:00:00,2010,12,24,6,1293170400,19.735994593523728,7.456273920618941,99.90647097303605,0.691828387555504,0.0,0.09249776381350032,0.35391654751608936,3.2941769939294265
2010-12-24 12:00:00,2010,12,24,12,1293192000,21.592956841169638,3.7180608729939797,99.47056140616117,13.644943111900808,0.0,0.08,0.34713193390307573,4.50605190265132
2010-12-24 18:00:00,2010,12,24,18,1293213600,17.239375857033917,8.078791946270286,99.93620481917645,0.2988694999367188,0.0,0.08,0.35046533150875514,3.2766425395513235
2010-12-25 00:00:00,2010,12,25,0,1293235200,13.935197526644913,4.1076469212168165,99.92311610381607,0.3238882179294855,0.0,0.08,0.39892290183903983,2.96725849440441
2010-12-25 06:00:00,2010,12,25,6,1293256800,20.900924776468674,3.763616068374409,99.22207540893764,0.08521036152374051,0.0,0.08,0.383728127580892,3.3149753519166123
2010-12-25 12:00:00,2010,12,25,12,1293278400,21.486878233931105,3.6623032171013583,99.4234161919347,13.577171212113754,0.0,0.08873316497016936,0.358197524130674,5.108744629181661
2010-12-25 18:00:00,2010,12,25,18,1293300000,18.1941249670925,7.503765373703778,99.55217938925367,0.38073078006787225,0.0,0.08,0.3733409771895928,3.139684762060652
2010-12-26 00:00:00,2010,12,26,0,1293321600,12.175920209018496,4.627323240605479,99.76420516153884,0.670431321114351,0.0,0.08,0.36782482504876024,2.3418512411102226
2010-12-26 06:00:00,2010,12,26,6,1293343200,15.697796082958419,3.413912552916758,99.35298027695217,0.9761829465516247,0.0,0.08,0.40423751038086275,2.7119700838393213
2010-12-26 12:00:00,2010,12,26,12,1293364800,24.644047935001197,4.595300737913606,99.77124307215287,13.975269793251378,0.0,0.08,0.3586110096807988,4.615057963698855
2010-12-26 18:00:00,2010,12,26,18,1293386400,20.968977228569628,6.513640469597886,99.25904908931817,0.1828998743781365,0.0,0.08,0.36428424260519787,2.77235806204221
2010-12-27 00:00:00,2010,12,27,0,1293408000,15.936379930611567,3.630076522091177,99.39052064124947,0.48569368638354826,0.0,0.08,0.3602770208538672,2.8939719317174544
2010-12-27 06:00:00,2010,12,27,6,1293429600,18.237963930900385,4.073360825430399,99.46594596400627,0.38249317003725414,0.0,0.08,0.37470080952221796,2.7726553715555404
2010-12-27 12:00:00,2010,12,27,12,1293451200,26.10805257715692,5.383210508641145,98.8059641876188,13.090506486944202,0.0,0.08,0.35999468658020406,4.883949091803842
2010-12-27 18:00:00,2010,12,27,18,1293472800,19.472261727059223,3.7644928485985503,99.49885329193707,0.45698683019745695,0.0,0.08138498118359955,0.3534488261828474,3.4022907385882926
2010-12-28 00:00:00,2010,12,28,0,1293494400,11.520242695045688,8.159573930698562,99.4775172588117,0.36948932864268347,0.0,0.08203257733741229,0.2649239520628783,2.364317824708331
2010-12-28 06:00:00,2010,12,28,6,1293516000,16.259923181101794,5.281478867363017,99.47470707173323,0.07218559138527192,0.0,0.08,0.3436556240603513,2.962086093826141
2010-12-28 12:00:00,2010,12,28,12,1293537600,21.89825000961845,3.902103449864506,99.78989133318377,13.424422834520394,0.0,0.08,0.3271548867323591,4.6746075481442775
2010-12-28 18:00:00,2010,12,28,18,1293559200,15.638365185572576,3.7493620177470683,99.33426638792558,0.026775570861651207,0.0,0.08,0.2859561586337889,2.3426386727185977
2010-12-29 00:00:00,2010,12,29,0,1293580800,12.888263859150474,8.614305766693985,99.49495695605468,0.6490895923838269,0.0,0.08,0.3086096067360592,3.1702370467894747
2010-12-29 06:00:00,2010,12,29,6,1293602400,16.75568327182721,4.732794481466984,99.13814710617012,0.9464788869541874,0.0,0.08,0.32150758864866835,2.7088246366033486
2010-12-29 12:00:00,2010,12,29,12,1293624000,23.250463976688316,5.038926181686383,99.22345675370325,13.286678818249442,9.330119870282052,0.15879246431044394,0.36868232619447844,5.376702801569035
2010-12-29 18:00:00,2010,12,29,18,1293645600,17.93386079001303,6.020899002214801,99.52337292423626,0.5150744852956876,0.0,0.08,0.32607995656416594,2.9189085642602293
2010-12-30 00:00:00,2010,12,30,0,1293667200,15.568205475900157,4.002866395048756,99.71012561875466,0.6036637269826196,0.0,0.08,0.3363888947366867,2.8778263183247628
2010-12-30 06:00:00,2010,12,30,6,1293688800,18.53651272026963,4.170232210083885,100.37622233652317,0.24190178317996391,16.87064621838221,0.2084183432875363,0.33275519834879175,3.6578875862251192
2010-12-30 12:00:00,2010,12,30,12,1293710400,22.177867819683637,4.145978863653596,99.79637163425062,13.367466178530284,0.0,0.08,0.38328309775881997,4.698920485992644
2010-12-30 18:00:00,2010,12,30,18,1293732000,16.356341773245347,4.201564261213149,99.69011006184357,0.28216438563023455,9.25188913488602,0.1551716167072528,0.33834574560580394,2.993573903646246
2010-12-31 00:00:00,2010,12,31,0,1293753600,11.310435844174744,6.799348089188425,99.52040675731428,0.6847589844724933,0.0,0.08836255833732551,0.4288678622920663,2.3521123279110445
2010-12-31 06:00:00,2010,12,31,6,1293775200,20.68998870831444,8.422034309741711,99.87448956324404,0.7250683503585647,0.0,0.08,0.3895071270003525,3.416669852978936
2010-12-31 12:00:00,2010,12,31,12,1293796800,23.479618427740032,3.8930624421106645,100.10755010626704,13.68671474939789,0.0,0.08,0.33969739422408807,5.08642779935441
2010-12-31 18:00:00,2010,12,31,18,1293818400,15.069231644934872,5.281073987565241,99.76799834686675,0.6888987777223152,0.0,0.08,0.36514006238071584,2.9878992608733057
