datetime,year,month,day,hour,system:time_start,region,temp_c,wind_speed,pressure_kpa,solar_rad,precip,soil_moisture,ndvi,modis_et_mm
2020-01-01 00:00:00,2020,1,1,0,1577836800,kansas,-13.250668542729192,5.180999367884628,97.09831311095114,0.21037987478438036,0.0,0.1305998450651549,0.2767356167778951,1.5160178734283005
2020-01-01 06:00:00,2020,1,1,6,1577858400,kansas,-0.9080131740782842,5.585122807869391,96.94733672168094,0.5053398801380883,0.0,0.13147409447946204,0.27997355378448174,1.6646331690414022
2020-01-01 12:00:00,2020,1,1,12,1577880000,kansas,4.977948576002042,5.372017816331172,96.76882965155178,9.85541599535781,0.0,0.12405313305762805,0.26383132760856715,3.055210245467185
2020-01-01 18:00:00,2020,1,1,18,1577901600,kansas,-0.8114161353323563,8.079558964658714,96.93626538636153,0.5647152346214407,0.0,0.15053224754252154,0.23231505393869428,1.899023395186077
2020-01-02 00:00:00,2020,1,2,0,1577923200,kansas,-8.937331767846153,6.863856043265577,96.20756609246736,0.14885358553728756,0.0,0.15572172783265517,0.24803930941352834,1.3630239901660093
2020-01-02 06:00:00,2020,1,2,6,1577944800,kansas,-3.266620602577143,5.172445171377143,96.67838617864719,0.29570170330507684,0.0,0.12714429259243215,0.32126324589789435,1.9819130665954114
2020-01-02 12:00:00,2020,1,2,12,1577966400,kansas,5.092393880726616,5.377216726194746,95.7874654018666,9.505116404654228,0.0,0.16042457890090178,0.29090879396215075,3.3913534050767313
2020-01-02 18:00:00,2020,1,2,18,1577988000,kansas,-4.1575157939106875,6.887105635787529,96.94409896017994,0.6650400626021483,0.0,0.14600992780612554,0.24884714616339423,1.8057368779617684
2020-01-03 00:00:00,2020,1,3,0,1578009600,kansas,-12.00469956037916,5.864877413254501,97.58615970481762,0.7820324859263148,0.0,0.13066926696577164,0.23212549170786223,1.7680789874422067
2020-01-03 06:00:00,2020,1,3,6,1578031200,kansas,-2.1086222072886156,8.543351605317998,97.4428733355877,0.6533022691524305,0.0,0.14243034785698558,0.25585638054625104,1.6938244000061469
2020-01-03 12:00:00,2020,1,3,12,1578052800,kansas,6.613453796958255,6.429868113724353,96.68209500839755,9.518136712159416,11.38119249564037,0.26100381760051794,0.25567141021736095,3.6582194556205283
2020-01-03 18:00:00,2020,1,3,18,1578074400,kansas,-0.31334170063165123,5.217581244183541,96.62926820850956,0.6200040180697338,0.0,0.12372385072100978,0.20610533428327768,1.7371287571607346
2020-01-04 00:00:00,2020,1,4,0,1578096000,kansas,-10.752472958909499,6.264419385495102,96.35309672622319,0.031228577255371537,0.0,0.17184951305241042,0.23334889859415286,1.7302287403147307
2020-01-04 06:00:00,2020,1,4,6,1578117600,kansas,-1.6590288530040271,8.614133472217372,96.51877194427216,0.543604560245087,0.0,0.1719397334959808,0.24782364419527794,1.8392640098517588
2020-01-04 12:00:00,2020,1,4,12,1578139200,kansas,5.528783155137463,5.526664755555413,97.21449534429628,9.738290466258748,0.0,0.15499929512894095,0.25018600144122904,3.212473506374266
2020-01-04 18:00:00,2020,1,4,18,1578160800,kansas,-2.8262240242348415,5.796189543399251,97.05631018137133,0.17963994635736028,0.0,0.14167112816214936,0.28513309562210454,1.7065859005574076
2020-01-05 00:00:00,2020,1,5,0,1578182400,kansas,-7.372088279350429,7.9749006308064985,96.6925631097209,0.6847814239314902,10.698378989415366,0.26564203819825055,0.21658680824795198,2.0364928907615525
2020-01-05 06:00:00,2020,1,5,6,1578204000,kansas,-3.364019525531167,5.094501928781648,96.93493433746227,0.8958835414763944,0.0,0.15029245721218,0.23840022901526736,1.5288797756029218
2020-01-05 12:00:00,2020,1,5,12,1578225600,kansas,6.479851871531774,6.003690247161615,97.18925867174626,9.769420704226356,0.0,0.13788792851563356,0.2673919798262201,3.2211420351698705
2020-01-05 18:00:00,2020,1,5,18,1578247200,kansas,-0.5038622957646233,5.176538978954688,96.56198663117172,0.5263904263731414,0.0,0.13381274256673056,0.27669694765030656,1.542628301469659
2020-01-06 00:00:00,2020,1,6,0,1578268800,kansas,-13.980891274355008,6.171025012177861,96.85153743677049,0.2304340784996165,0.0,0.11515694642995129,0.2777439334618487,1.8493527144167148
2020-01-06 06:00:00,2020,1,6,6,1578290400,kansas,1.0116128719433042,7.307079153695417,96.3709444464734,0.9193411554767154,0.0,0.14467407739806404,0.21633904193474027,1.5014802269680736
2020-01-06 12:00:00,2020,1,6,12,1578312000,kansas,4.768401616726095,5.845958293857387,96.82493835049776,10.127320582162758,0.0,0.1495219749176934,0.2692575873448421,3.2440395248269507
2020-01-06 18:00:00,2020,1,6,18,1578333600,kansas,-8.176767409286283,14.349910732922137,97.11401945448469,0.4670830356589988,0.0,0.1222030137047776,0.24892270341987088,1.6709649457682005
2020-01-07 00:00:00,2020,1,7,0,1578355200,kansas,-10.056951467194772,6.9643477446708495,96.34590553178549,0.11078783503313983,0.0,0.1489791760333569,0.26321720320391895,1.5456562250288903
2020-01-07 06:00:00,2020,1,7,6,1578376800,kansas,-1.9060274829537054,8.294308035854462,96.60935346965198,0.9527370676705011,0.0,0.18267472051715536,0.2653776453297188,2.2543997847450674
2020-01-07 12:00:00,2020,1,7,12,1578398400,kansas,6.242177638180561,6.475356934934123,96.34618073127206,9.843934370039474,0.0,0.14024775552101384,0.2034076897133954,3.0612309639112993
2020-01-07 18:00:00,2020,1,7,18,1578420000,kansas,-5.2665640421774285,6.370920387180245,96.83039803739682,0.24916270307473967,0.0,0.1201799910694885,0.24986350724779785,1.4810140066313713
2020-01-08 00:00:00,2020,1,8,0,1578441600,kansas,-7.740043455212364,5.0487999091608415,96.04664715370113,0.5242001072917417,0.0,0.14518693708191852,0.22830630254573467,1.288459888922862
2020-01-08 06:00:00,2020,1,8,6,1578463200,kansas,0.22254236561035867,5.312044207862003,96.63107169645234,0.326563963798568,0.0,0.147222363682894,0.2679101114458799,1.5722263537595775
2020-01-08 12:00:00,2020,1,8,12,1578484800,kansas,3.9126821360996757,6.761187052271558,97.00356230473217,10.11800024002032,13.438621481734119,0.3124415384359172,0.23077403244887018,3.620048381105665
2020-01-08 18:00:00,2020,1,8,18,1578506400,kansas,-2.642116872665631,8.620633536284132,95.93668443182722,0.5270947601095797,0.0,0.13557712252485016,0.29360826296007286,1.824975164112189
2020-01-09 00:00:00,2020,1,9,0,1578528000,kansas,-12.753472567836784,7.009945793075341,97.07244999383478,0.8913201926161819,0.0,0.13908486828772337,0.21390589855337422,1.4747030166916362
2020-01-09 06:00:00,2020,1,9,6,1578549600,kansas,-0.24292748565757938,7.188944281999408,97.7315909573201,0.689974859353082,0.0,0.12059117487276534,0.24967109665384452,1.507936658320299
2020-01-09 12:00:00,2020,1,9,12,1578571200,kansas,6.771628233592989,6.376892975160045,96.67618728692345,10.002013872251615,0.0,0.1499656650543839,0.24939817745327625,3.297582858653413
2020-01-09 18:00:00,2020,1,9,18,1578592800,kansas,-3.541075970718324,13.113760357436744,96.7512167568373,0.7765087780546891,0.0,0.11960615658128902,0.2609291749947932,2.020407882763312
2020-01-10 00:00:00,2020,1,10,0,1578614400,kansas,-9.289084314233316,8.10615139641812,96.15396342930201,0.18562311374152618,0.0,0.16964734038024026,0.20198944145132483,1.7719190847702442
2020-01-10 06:00:00,2020,1,10,6,1578636000,kansas,-5.207381019761909,7.6787777202116345,96.58999989361894,0.44518902993599585,0.0,0.1414628851084138,0.2864740692962652,1.8554985346683615
2020-01-10 12:00:00,2020,1,10,12,1578657600,kansas,7.676647324020613,6.850962713633273,96.94440879477281,10.120624467805994,0.0,0.16808628296714345,0.2596694589914769,3.7141144290122017
2020-01-10 18:00:00,2020,1,10,18,1578679200,kansas,-3.12538235253316,5.754385331913829,96.98701672583924,0.4286880862017694,0.0,0.15046618502382822,0.16982613510282657,1.3069183469461576
2020-01-11 00:00:00,2020,1,11,0,1578700800,kansas,-12.547716673454984,6.724105891728332,96.70301137220369,0.1605464178804369,0.0,0.19090295354699846,0.263863825060002,1.8602972444102832
2020-01-11 06:00:00,2020,1,11,6,1578722400,kansas,-4.40786541733125,6.400660661653564,96.64698086461995,0.21561051846952095,0.0,0.1,0.27745872558277973,1.6000600099261957
2020-01-11 12:00:00,2020,1,11,12,1578744000,kansas,4.272419384153623,5.436308223166631,96.46486516712491,9.88087377470788,0.0,0.1,0.2404276987580697,2.792338504822876
2020-01-11 18:00:00,2020,1,11,18,1578765600,kansas,-1.399449823839539,6.264076512112725,96.6642962022923,0.8439170226623673,0.0,0.1672544038790663,0.22217584571749624,1.6983921600759324
2020-01-12 00:00:00,2020,1,12,0,1578787200,kansas,-10.127794646590893,8.721900067888516,96.65510300905777,0.3116508686431241,0.0,0.12323960037821455,0.2805010842803685,1.7284655498178076
2020-01-12 06:00:00,2020,1,12,6,1578808800,kansas,-4.077272717318955,6.083977763423764,96.55049650883515,0.025672779143206426,0.0,0.15351482077038606,0.25413071737820553,1.6847281734000716
2020-01-12 12:00:00,2020,1,12,12,1578830400,kansas,4.35207482715645,5.799100347887669,95.64731975027065,9.980266914532091,0.0,0.14911155309357846,0.20220874303111758,3.1857173672760455
2020-01-12 18:00:00,2020,1,12,18,1578852000,kansas,1.2409564278997722,6.166847562431315,96.4810277437788,0.449709832626698,0.0,0.15810100821511144,0.21640125317235365,1.7052191820933276
2020-01-13 00:00:00,2020,1,13,0,1578873600,kansas,-13.792311905819373,6.5491221883509745,96.58103636964648,0.7805546150961576,0.0,0.13406956099306497,0.26278915666895686,1.7718751598339952
2020-01-13 06:00:00,2020,1,13,6,1578895200,kansas,0.2884924892056735,6.186382816682421,96.79784816720394,0.2726904207134957,0.0,0.13907062800278205,0.2323919200099885,1.515176673624033
2020-01-13 12:00:00,2020,1,13,12,1578916800,kansas,4.058640727010558,5.415012739549528,96.71271931356698,9.775345446184039,0.0,0.14755006138425877,0.26875120782982737,3.3644493310418206
2020-01-13 18:00:00,2020,1,13,18,1578938400,kansas,0.021709983000619104,5.3397659617026765,97.012169249133,0.816840053143661,0.0,0.15214551272742413,0.27805079790158427,1.8282659023859484
2020-01-14 00:00:00,2020,1,14,0,1578960000,kansas,-12.077964125381897,7.065688175615732,97.45599690886468,0.9785387128721172,6.709735075540785,0.22360277270893927,0.29036022858772487,2.0283680981278893
2020-01-14 06:00:00,2020,1,14,6,1578981600,kansas,-4.054970881842313,5.460511284172382,97.81832817893672,0.5671992009041026,0.0,0.11594372887377878,0.2141249599774453,1.315667482773441
2020-01-14 12:00:00,2020,1,14,12,1579003200,kansas,6.0596553470488335,8.964338365323723,97.31350053737202,10.419435435726296,0.0,0.14275200453877512,0.25588670241467176,3.4001325635404367
2020-01-14 18:00:00,2020,1,14,18,1579024800,kansas,-2.995733681737314,6.516076847705806,96.24083377491405,0.06086623161562994,0.0,0.14673506110736215,0.24823507230110176,1.5786762900957567
2020-01-15 00:00:00,2020,1,15,0,1579046400,kansas,-10.093638242875306,7.854915040107402,96.88669654569385,0.4535470344927076,0.0,0.18766755468833263,0.24058399064362923,2.0381403532681457
2020-01-15 06:00:00,2020,1,15,6,1579068000,kansas,-0.9631134276545148,6.794528283233564,97.00892734957762,0.4487617876552933,0.0,0.12635617387171402,0.3176158327471365,1.848453351357773
2020-01-15 12:00:00,2020,1,15,12,1579089600,kansas,4.224762629522076,5.88298512467046,97.15425983222626,9.694936895426045,0.0,0.17925029897117534,0.235433415366924,2.9455419674559966
2020-01-15 18:00:00,2020,1,15,18,1579111200,kansas,-3.3978511437827867,5.448067124699844,96.74570645640541,0.669838133646617,0.0,0.16377356577125898,0.23899922938915352,1.6257710435444315
2020-01-16 00:00:00,2020,1,16,0,1579132800,kansas,-10.371761861233091,5.932293210538439,96.24379219102086,0.386438195283323,0.0,0.14742885784626628,0.23860850691505786,1.646744042868917
2020-01-16 06:00:00,2020,1,16,6,1579154400,kansas,-4.586171105402527,5.7536388022100144,96.09836523608716,0.5383731862060716,0.0,0.17904417577004902,0.2266311890438783,1.651634631445498
2020-01-16 12:00:00,2020,1,16,12,1579176000,kansas,7.163633261967632,5.701156746096597,96.57724773776746,9.86327329045605,0.0,0.14445803114319047,0.27268966960524393,3.46392770559061
2020-01-16 18:00:00,2020,1,16,18,1579197600,kansas,-2.149783384028749,10.348906239470214,97.13321050026359,0.6236362503708235,0.0,0.1,0.3039519182639135,1.7697391996132865
2020-01-17 00:00:00,2020,1,17,0,1579219200,kansas,-11.45426574601339,7.817350882731981,96.8908381592073,0.16141511338463288,0.0,0.14285268606451815,0.2531818985968359,1.6501735646353897
2020-01-17 06:00:00,2020,1,17,6,1579240800,kansas,-3.6559714487460617,6.347367482369059,96.22527694083233,0.575482972269504,0.0,0.16070509847688189,0.19691727060916497,1.5123752252325018
2020-01-17 12:00:00,2020,1,17,12,1579262400,kansas,4.39485245693144,8.270334667103683,97.15941370059022,10.470436579388114,0.0,0.15228934524956061,0.25646624569106824,3.405060794974784
2020-01-17 18:00:00,2020,1,17,18,1579284000,kansas,-0.30520834725634227,5.707561346868491,97.24015266381245,0.7281809849625496,0.0,0.13233776965035815,0.2336199443826479,1.6614743372629992
2020-01-18 00:00:00,2020,1,18,0,1579305600,kansas,-13.125247062162892,5.3739311548147315,96.09352346875116,0.3133196975890711,0.0,0.12190130953818565,0.18608331229454714,1.195707806537218
2020-01-18 06:00:00,2020,1,18,6,1579327200,kansas,-3.9622977632040066,5.7402613130349,96.73349691861081,0.4519953745983959,0.0,0.17157608760158966,0.2379823296452239,1.7974578894499684
2020-01-18 12:00:00,2020,1,18,12,1579348800,kansas,4.672216616229845,6.4071052372072534,97.04603386988418,10.393677808511766,0.0,0.10983417376279091,0.318247736244306,3.276098665409001
2020-01-18 18:00:00,2020,1,18,18,1579370400,kansas,-1.127848972521673,7.009486327389295,96.20352414261367,0.8579493790484428,0.0,0.14377485091940465,0.2945175317826226,1.980953670112461
2020-01-19 00:00:00,2020,1,19,0,1579392000,kansas,-7.605909143293782,6.987631177744179,97.0475332487159,0.9372371424566102,0.0,0.1544926608040182,0.24075268635444505,1.699754769405551
2020-01-19 06:00:00,2020,1,19,6,1579413600,kansas,-0.4143419930138288,5.911418471332619,96.72590010584045,0.9137153440378415,0.0,0.12888502118145082,0.26417125829640964,1.6692561914992567
2020-01-19 12:00:00,2020,1,19,12,1579435200,kansas,8.612206407774782,11.500470855043453,97.14370466399569,10.753203687464309,8.530695226473687,0.2604958956497732,0.2735745058765281,4.493736988770152
2020-01-19 18:00:00,2020,1,19,18,1579456800,kansas,-8.94801946924435,7.341598266239895,96.76374186946447,0.03522424272523604,22.412928502292207,0.4,0.25909492750234686,2.6080900947911285
2020-01-20 00:00:00,2020,1,20,0,1579478400,kansas,-12.14892636348092,5.653369876299467,97.47017704696701,0.5241227111345246,0.0,0.13985691356174285,0.21746907732230894,1.4768405919543859
2020-01-20 06:00:00,2020,1,20,6,1579500000,kansas,-2.424409911485834,7.708088837241168,96.64298758226839,0.6533769844674282,10.478682801878204,0.2941837471189188,0.2587102343539156,2.1195270289075516
2020-01-20 12:00:00,2020,1,20,12,1579521600,kansas,3.794164675812488,10.305145582863409,96.73993821928578,10.529421484955815,0.0,0.1611389217525069,0.25614152747096663,3.2119595786006845
2020-01-20 18:00:00,2020,1,20,18,1579543200,kansas,-3.4425284865482273,5.8394832317744365,96.36441918581744,0.7816188638411261,0.0,0.16389736758969997,0.19759557559219232,1.445148791090896
2020-01-21 00:00:00,2020,1,21,0,1579564800,kansas,-11.7098172933499,5.636036984122894,96.89487809278464,0.9194880283265247,0.0,0.1804725098412288,0.2606965926192018,1.771419135016163
2020-01-21 06:00:00,2020,1,21,6,1579586400,kansas,-2.5796379594925405,10.469315697362315,96.98779739172294,0.003836741132405952,0.0,0.12433914485448726,0.28154287521095833,1.7210597158690881
2020-01-21 12:00:00,2020,1,21,12,1579608000,kansas,5.99009162773957,7.300944216140018,97.20712587063885,10.461536158580625,2.7634092511289268,0.1383730053024965,0.28202016189877727,3.6054279640413434
2020-01-21 18:00:00,2020,1,21,18,1579629600,kansas,-6.13036810999842,8.960190748596517,96.98719021505721,0.3863966845666278,0.0,0.17626641107037264,0.27343275777181864,2.13006381937894
2020-01-22 00:00:00,2020,1,22,0,1579651200,kansas,-12.022218523234654,10.057227366369482,96.9116418808351,0.016830648806585136,5.210223966310496,0.20700558149818726,0.2443984349101814,1.8949785131134573
2020-01-22 06:00:00,2020,1,22,6,1579672800,kansas,-4.142645721983653,8.181165587396423,95.95561169045823,0.07879129842882826,0.0,0.14333928900806417,0.1845736283931364,1.4805208064417987
2020-01-22 12:00:00,2020,1,22,12,1579694400,kansas,5.655939806485705,6.4441957912238195,97.03507675701042,10.450247325831008,0.0,0.14945933003262288,0.22407187015934063,3.3345545276741633
2020-01-22 18:00:00,2020,1,22,18,1579716000,kansas,-2.0788327294148576,7.095747204525875,96.26285683366376,0.42061791277461014,0.0,0.11580268406812194,0.24277866442112297,1.430854928021229
2020-01-23 00:00:00,2020,1,23,0,1579737600,kansas,-12.426302688806313,7.6770411050814475,96.53589360290691,0.8810844473509787,0.0,0.13571365546111164,0.2820724530798738,1.834016871003074
2020-01-23 06:00:00,2020,1,23,6,1579759200,kansas,-3.5333605265079626,8.196754104670557,96.1405527478714,0.12318469205276439,0.0,0.13211314180138098,0.24422613065076237,1.6571696418283153
2020-01-23 12:00:00,2020,1,23,12,1579780800,kansas,3.7229404169069014,6.134781864488071,96.65097465155426,10.911409401821839,0.0,0.1337145585298565,0.2415795254229129,2.9571709820698944
2020-01-23 18:00:00,2020,1,23,18,1579802400,kansas,-2.2337596158161546,6.115225369811677,97.05105362368027,0.9027231500565339,6.036186716709178,0.19886766043425702,0.27549515059052065,2.291743468884035
2020-01-24 00:00:00,2020,1,24,0,1579824000,kansas,-13.135820580144163,6.638515082227995,97.34183229306214,0.612129959315589,0.0,0.14912757751250952,0.24213801221764922,1.614135115205987
2020-01-24 06:00:00,2020,1,24,6,1579845600,kansas,-0.5133213748882222,7.947671943688202,96.49072354034563,0.1555845348085061,0.0,0.14001040297650935,0.2486924549676521,1.7197565771679213
2020-01-24 12:00:00,2020,1,24,12,1579867200,kansas,7.268617953640651,11.205417902054723,96.55689310543814,10.851663878767067,0.0,0.191991571737857,0.20949509119433965,3.687003427126992
2020-01-24 18:00:00,2020,1,24,18,1579888800,kansas,-4.704819539993745,8.077181717719931,96.45239045790386,0.295121815472542,0.0,0.15196808754494734,0.23229192384249878,1.8691798768425762
2020-01-25 00:00:00,2020,1,25,0,1579910400,kansas,-12.913882839435392,7.300075071606678,96.95690808896958,0.5774897260047819,0.0,0.15822702733300595,0.25700390902304554,1.5386525148663661
2020-01-25 06:00:00,2020,1,25,6,1579932000,kansas,-2.543202295464917,6.2328439670163105,96.2704294469932,0.5748454987179391,0.0,0.1439646951497679,0.29734373024526367,1.9031850623744466
2020-01-25 12:00:00,2020,1,25,12,1579953600,kansas,4.316215369362546,6.072522676888536,96.14562151251674,10.352049650881582,0.0,0.15482697933731193,0.24962394130681123,3.2137007284977606
2020-01-25 18:00:00,2020,1,25,18,1579975200,kansas,-4.59070371684689,6.324667323922773,97.27151800627817,0.6788108076448954,0.0,0.1753349824213049,0.2519440018155676,1.8840144199525712
2020-01-26 00:00:00,2020,1,26,0,1579996800,kansas,-12.304888298643554,8.410842539500912,95.74768738417006,0.009111806963124414,0.0,0.16018810251070795,0.24758346834315526,1.7330865994655826
2020-01-26 06:00:00,2020,1,26,6,1580018400,kansas,-5.161263928588081,5.890660518564787,96.73726350426175,0.11777095897915058,0.0,0.1485973638942172,0.26268922608814543,1.6062245178613965
2020-01-26 12:00:00,2020,1,26,12,1580040000,kansas,3.6591166947528686,10.137548973885092,96.24022741243596,10.539441332004388,0.0,0.12448815708383779,0.2541789446973166,3.2168334356956616
2020-01-26 18:00:00,2020,1,26,18,1580061600,kansas,-5.615916760905395,5.769629293113958,97.1435314047089,0.9063410171795648,0.0,0.16211715462517504,0.23899633900332581,1.6185884081555584
2020-01-27 00:00:00,2020,1,27,0,1580083200,kansas,-12.280247056079745,5.845733481365534,97.00486253253149,0.18842160653927487,0.0,0.1302448960089427,0.29599122714955867,1.6333495903041497
2020-01-27 06:00:00,2020,1,27,6,1580104800,kansas,-6.663269193102785,6.368389384313963,96.60122264139596,0.15509739074538575,0.0,0.13033707150016047,0.2595197453552705,1.3967755348759843
2020-01-27 12:00:00,2020,1,27,12,1580126400,kansas,6.009470576587062,7.985098597636671,95.845468201122,10.991049134050739,0.0,0.11806489092473921,0.266954387172521,3.5070184797979698
2020-01-27 18:00:00,2020,1,27,18,1580148000,kansas,-0.7153487268677758,8.745370595355505,96.38506766251305,0.6863341393248061,0.0,0.1406696942158824,0.25983305409453883,1.8577707997945678
2020-01-28 00:00:00,2020,1,28,0,1580169600,kansas,-12.111777582107145,6.1640354567801285,96.64834774515647,0.6595870607749004,0.0,0.2222659853866368,0.29530677029203223,2.080053418817554
2020-01-28 06:00:00,2020,1,28,6,1580191200,kansas,-4.38581115128448,7.370698588851834,96.98531424258186,0.37041030487350113,0.0,0.16632959243124903,0.23566267934193272,1.6646809140923091
2020-01-28 12:00:00,2020,1,28,12,1580212800,kansas,8.725342409777848,6.300102384938254,96.96220517367924,11.38210601156512,0.0,0.1282488767469,0.27783188460155706,3.5467296338983587
2020-01-28 18:00:00,2020,1,28,18,1580234400,kansas,0.6159406584928604,9.925635370500665,96.94315905920327,0.12719169213751308,0.0,0.17280854149120847,0.27934117488162813,1.9957161887384625
2020-01-29 00:00:00,2020,1,29,0,1580256000,kansas,-11.789415586558409,5.699437355921927,96.04756291294392,0.9478165501952898,0.0,0.1407895088626988,0.30032779629832956,1.4578936623096836
2020-01-29 06:00:00,2020,1,29,6,1580277600,kansas,-0.06921301854285389,8.717861417356513,96.48285755663227,0.8198891897587803,0.0,0.1325495367325807,0.27940840215884394,1.841494567869246
2020-01-29 12:00:00,2020,1,29,12,1580299200,kansas,5.129638513302134,7.19603537041875,96.44259458861247,11.248032277010177,0.0,0.1470857039419209,0.25177964450400164,3.422481607365019
2020-01-29 18:00:00,2020,1,29,18,1580320800,kansas,-1.5426519188902887,7.306422117988054,96.60632582040877,0.07893319715660348,0.0,0.14996450928593452,0.31415413260741865,1.7091516508658424
2020-01-30 00:00:00,2020,1,30,0,1580342400,kansas,-10.866242165213572,6.600057795264893,96.7341039519087,0.9189170311967725,0.0,0.15842183143342858,0.2862413815605438,1.8206096410500485
2020-01-30 06:00:00,2020,1,30,6,1580364000,kansas,-8.09485614275327,6.815856305603804,97.27301645129332,0.024368507939416917,0.0,0.16779031450104884,0.3085490819810557,1.8572010689344116
2020-01-30 12:00:00,2020,1,30,12,1580385600,kansas,7.8198565153511685,9.364411906488247,96.52924613334542,11.142050775537099,0.0,0.13645662161588926,0.28871123419453526,3.5788217136260174
2020-01-30 18:00:00,2020,1,30,18,1580407200,kansas,-1.269252986765823,6.5911323535370405,96.81834821248479,0.8569016778096539,6.2679396140637245,0.23036055018354515,0.2506589251670478,1.9930979562038007
2020-01-31 00:00:00,2020,1,31,0,1580428800,kansas,-9.919078163284412,7.287224669955982,97.11469126037996,0.20122777214236676,0.0,0.1433175721463112,0.2763582913333439,1.9547542767728583
2020-01-31 06:00:00,2020,1,31,6,1580450400,kansas,-6.1023167175695505,11.310130841584954,96.15818406370416,0.18533002058883297,0.0,0.12612941720185847,0.24673100212935686,1.9611374279571332
2020-01-31 12:00:00,2020,1,31,12,1580472000,kansas,5.045367250384561,5.763674045488369,96.77245626210184,10.984563050254383,0.0,0.15156770996481464,0.24861702842274186,3.4769364338043784
2020-01-31 18:00:00,2020,1,31,18,1580493600,kansas,-1.8679007283890918,6.052198164883525,96.95865842379197,0.22320346879245698,0.0,0.1261739719544471,0.22349020995055824,1.5208915851028848
2020-02-01 00:00:00,2020,2,1,0,1580515200,kansas,-10.379545192122945,6.6422649751624965,96.22102649759528,0.3418563353057613,0.0,0.16910698815412073,0.22454989900478695,2.0689401133019185
2020-02-01 06:00:00,2020,2,1,6,1580536800,kansas,-1.598161449338519,6.0903447846482255,97.1602046057983,0.03347086650992781,0.0,0.12565491650444288,0.28834876077486155,1.5017916364271473
2020-02-01 12:00:00,2020,2,1,12,1580558400,kansas,3.5017873834066506,5.772076004978111,96.80733582603665,11.28463329936534,0.0,0.1398845515748786,0.30639534698074894,3.2437752704206555
2020-02-01 18:00:00,2020,2,1,18,1580580000,kansas,-2.077512697822205,6.361060986493272,97.19264073816468,0.9415250773539021,0.0,0.14449746875433706,0.2659018764748555,1.7015228784249357
2020-02-02 00:00:00,2020,2,2,0,1580601600,kansas,-9.903130500158188,7.677188762123691,97.14520443814243,0.3488444838038991,0.0,0.16548436684928614,0.2981129734434508,2.021799533167155
2020-02-02 06:00:00,2020,2,2,6,1580623200,kansas,-2.5346905617048345,7.753821364825514,96.7794399566096,0.020279882561071827,0.0,0.16935156455319533,0.24309216757267696,1.6344948819340979
2020-02-02 12:00:00,2020,2,2,12,1580644800,kansas,2.6704897567467234,7.568294110158376,96.47350361245914,11.732955226308546,0.0,0.16490421335821184,0.24573347031796078,3.4745809482419716
2020-02-02 18:00:00,2020,2,2,18,1580666400,kansas,-2.952710940602824,5.8639776325486155,96.97459591079117,0.2403639969000193,0.0,0.13547984058107818,0.305958567588714,1.5190823128895503
2020-02-03 00:00:00,2020,2,3,0,1580688000,kansas,-7.046041069831388,10.541370740400254,95.61301551747576,0.8596416792349045,0.0,0.14523430663962386,0.2585099986696792,1.9560649674085522
2020-02-03 06:00:00,2020,2,3,6,1580709600,kansas,1.0466583713517652,8.970101984944355,96.25850958610636,0.5344158650350052,0.0,0.13305528758409757,0.3041634557610937,1.610003390867197
2020-02-03 12:00:00,2020,2,3,12,1580731200,kansas,3.9911615381591394,6.5873588443511615,96.62264873995288,11.343102294365957,0.0,0.15663899118133753,0.3200100659255562,3.4648492905930617
2020-02-03 18:00:00,2020,2,3,18,1580752800,kansas,-2.5737035306886824,17.453030942414664,96.78244125194388,0.5363034791643823,0.0,0.19242579004582322,0.2786624917125847,2.3629448326309053
2020-02-04 00:00:00,2020,2,4,0,1580774400,kansas,-8.169233060663153,7.18960115265904,97.75516389458703,0.9117236139353843,0.0,0.15080428305530585,0.2529004293493184,1.6969163543433983
2020-02-04 06:00:00,2020,2,4,6,1580796000,kansas,-1.8490552635462698,6.9526577651777615,97.04638256166393,0.5366333566846829,0.0,0.13834199137325978,0.27097141891851906,1.8183465811273853
2020-02-04 12:00:00,2020,2,4,12,1580817600,kansas,5.0658992416838515,13.61227672507523,97.63325616475956,11.99212266941582,0.0,0.162733630432691,0.25883565915960466,3.9852130881726393
2020-02-04 18:00:00,2020,2,4,18,1580839200,kansas,-1.485606403403445,6.494991676263119,96.54054302316474,0.3638226986354317,0.0,0.15832457193752686,0.30307051337173074,1.9574779706550767
2020-02-05 00:00:00,2020,2,5,0,1580860800,kansas,-11.270379575293818,10.248571862698515,96.28465403037599,0.6340664922833307,0.0,0.17374067066400573,0.2997119138989773,1.9092288034692162
2020-02-05 06:00:00,2020,2,5,6,1580882400,kansas,-2.960987037205497,6.287292771349501,96.47778817746455,0.19068119459737465,0.0,0.15711750140227085,0.29136275878427814,1.7820739142766613
2020-02-05 12:00:00,2020,2,5,12,1580904000,kansas,8.955127566735726,9.016672210539104,96.61895526064124,11.484107181521109,17.01693628426039,0.36726281086073814,0.28538184141015305,4.741085950656692
2020-02-05 18:00:00,2020,2,5,18,1580925600,kansas,-2.7035396947177017,9.077514308656546,95.94702093248794,0.7056686765739577,1.5420523889601294,0.19031616932115317,0.24709606321882316,2.048396265529274
2020-02-06 00:00:00,2020,2,6,0,1580947200,kansas,-7.3472462358699895,6.75436379256325,96.64150182582213,0.9918952308551566,0.0,0.15943343610532038,0.33622091068510684,1.7688007567486543
2020-02-06 06:00:00,2020,2,6,6,1580968800,kansas,-0.07910960268274003,7.346258941473162,96.69523118527786,0.2895952874101615,0.0,0.1860794978507689,0.2805575000243993,2.0458918448819396
2020-02-06 12:00:00,2020,2,6,12,1580990400,kansas,6.957977686323146,7.853156876153573,95.85519401248557,11.325427312172987,0.0,0.15869537867345293,0.2722501118772285,3.3543184979686913
2020-02-06 18:00:00,2020,2,6,18,1581012000,kansas,-6.281389629881902,7.242199963608545,96.64696408978642,0.6359558367424836,0.0,0.17336064183366678,0.2936914927008825,2.071180714164389
2020-02-07 00:00:00,2020,2,7,0,1581033600,kansas,-10.734666818910895,5.913699247147893,96.0149590926951,0.32235526176844753,0.0,0.17668003062925486,0.2653579912544963,1.8398603121563282
2020-02-07 06:00:00,2020,2,7,6,1581055200,kansas,-2.829968128688418,9.796285336236657,96.52177616624051,0.990984610562856,0.0,0.1462993623803751,0.2864114219915809,1.8546016151787263
2020-02-07 12:00:00,2020,2,7,12,1581076800,kansas,7.914263787524473,7.886185165898295,96.85845836060707,11.550362164060619,0.0,0.1719153723570744,0.23922829873377965,3.7748456897516114
2020-02-07 18:00:00,2020,2,7,18,1581098400,kansas,-1.552858836304098,6.537807121049091,95.95222141297184,0.5300141987418019,0.0,0.1436033700702859,0.24535065122940433,1.5020497079784643
2020-02-08 00:00:00,2020,2,8,0,1581120000,kansas,-10.816146288568307,9.828976024528316,96.44742624731802,0.1610208348654768,0.0,0.14344243186861597,0.2397630118075387,1.6641484591502818
2020-02-08 06:00:00,2020,2,8,6,1581141600,kansas,-0.43163936343082354,7.5233602305717415,97.04491234860907,0.051973438251355586,0.0,0.19830159287997823,0.29163690622096744,1.8222646384469587
2020-02-08 12:00:00,2020,2,8,12,1581163200,kansas,3.8918277046899497,8.470824910224541,96.82142019496654,12.215090454875789,7.208529862351332,0.2756509947794475,0.3573632845626838,4.206905975997173
2020-02-08 18:00:00,2020,2,8,18,1581184800,kansas,-6.628031014960602,7.23069788836761,96.67108201033112,0.26983354431562717,0.0,0.15913483616736313,0.2956520640759155,1.7981754843198587
2020-02-09 00:00:00,2020,2,9,0,1581206400,kansas,-11.248202346696193,8.11167331968647,96.77219947809157,0.46508996008476233,0.0,0.18972544340940334,0.28602608794199036,1.976889483200198
2020-02-09 06:00:00,2020,2,9,6,1581228000,kansas,-2.153705132850356,6.284428988397911,96.13177277705293,0.027742701310809026,0.0,0.19166701718822127,0.31606300707524027,1.9399933918224987
2020-02-09 12:00:00,2020,2,9,12,1581249600,kansas,10.275940933588885,8.382019020239175,96.30319750725302,12.440817040121674,0.0,0.11630310874775107,0.2321217312085475,3.5608775382437687
2020-02-09 18:00:00,2020,2,9,18,1581271200,kansas,-3.0288183680567102,6.806890028806815,96.55670200368857,0.058428447989491504,0.0,0.18248772739031563,0.26797181356958694,1.6770391372629443
2020-02-10 00:00:00,2020,2,10,0,1581292800,kansas,-8.397861487989221,6.092285656308081,96.42804886030058,0.5910208197467196,0.0,0.14718547215868127,0.28921950717458234,1.5327441826348187
2020-02-10 06:00:00,2020,2,10,6,1581314400,kansas,-2.7901399255872503,6.57465630130611,96.8366997329716,0.8393545390339935,0.0,0.1826049200574359,0.30663956290314637,2.3305215632047744
2020-02-10 12:00:00,2020,2,10,12,1581336000,kansas,3.9971129616839347,9.29070662147478,96.8402962256402,11.748101245430567,0.0,0.18188646434999295,0.25166414394863834,3.603459746231449
2020-02-10 18:00:00,2020,2,10,18,1581357600,kansas,0.33358069496859377,7.083423084076965,96.48468928607973,0.9156366170162819,0.0,0.15777485642108127,0.2633312134815526,1.8768779549347419
2020-02-11 00:00:00,2020,2,11,0,1581379200,kansas,-10.526042561696812,9.287556285560152,97.0396521753961,0.22274673044025983,7.682600944140159,0.2858062649293178,0.27880338795235166,2.6191335100649336
2020-02-11 06:00:00,2020,2,11,6,1581400800,kansas,-1.3119770436978073,10.005324022380622,96.19173247496317,0.6471511544615959,0.0,0.20169259864039324,0.334404875153568,2.413304029497287
2020-02-11 12:00:00,2020,2,11,12,1581422400,kansas,7.206414554753551,9.03626875329556,96.76300149363611,12.449921009371637,0.0,0.1797965658892845,0.28407966736385476,4.28396845141032
2020-02-11 18:00:00,2020,2,11,18,1581444000,kansas,3.8939730382154005,6.119815822374317,97.21875490973659,0.05715487397938855,6.387073240094411,0.24583075076730018,0.28333320580573995,2.3709571651631585
2020-02-12 00:00:00,2020,2,12,0,1581465600,kansas,-8.884658770417868,8.050974005335217,97.08993694840376,0.08981649775949041,0.0,0.17517045613612384,0.2406847432809157,2.035713137427983
2020-02-12 06:00:00,2020,2,12,6,1581487200,kansas,0.754845102933678,7.471310609428963,95.94578087657588,0.2555892994248491,0.0,0.14556803936149584,0.2716495683812512,1.82172554681966
2020-02-12 12:00:00,2020,2,12,12,1581508800,kansas,4.878082543124787,9.885058134812294,97.01448704745182,11.798525731328532,0.0,0.17198407417056888,0.26329584820286916,3.605126633581596
2020-02-12 18:00:00,2020,2,12,18,1581530400,kansas,-2.1740185032010344,6.211596829061209,96.09346542822048,0.28498399404373176,0.0,0.17459073985184256,0.2802265190036656,1.6796411496267802
2020-02-13 00:00:00,2020,2,13,0,1581552000,kansas,-8.911753025444279,7.061966361882143,95.6082447172022,0.6423865705483238,0.0,0.17713284662339057,0.2758925281353823,1.6872279625652953
2020-02-13 06:00:00,2020,2,13,6,1581573600,kansas,-4.0022990124019,6.24268217071474,96.77272132140214,0.9714494741430846,0.0,0.17245461103437373,0.3043489913479915,1.5667163172710612
2020-02-13 12:00:00,2020,2,13,12,1581595200,kansas,4.689548252532295,6.640418776694235,96.95356004583178,12.83022446469456,0.0,0.15754033346260315,0.27327999558418115,3.7750400116054186
2020-02-13 18:00:00,2020,2,13,18,1581616800,kansas,-1.121455756088886,10.386653267799929,96.04306474411302,0.381245826800486,0.0,0.1597427939631454,0.2827387652179673,1.933535314595403
2020-02-14 00:00:00,2020,2,14,0,1581638400,kansas,-9.009310151472212,11.132194380122872,97.16945498917048,0.37206044320841236,0.0,0.15426780295660084,0.2913842772576419,2.3118148230090383
2020-02-14 06:00:00,2020,2,14,6,1581660000,kansas,-1.7028735661185734,6.787626177144938,96.47394342192906,0.7011927149979875,0.0,0.13814244667919034,0.29191402895666946,1.7668649566390735
2020-02-14 12:00:00,2020,2,14,12,1581681600,kansas,9.158617536406087,9.558991987676269,96.22225999824798,12.020440657777025,0.0,0.15163165552658414,0.2562584134955355,3.8616540552216105
2020-02-14 18:00:00,2020,2,14,18,1581703200,kansas,-2.661499352288031,7.513468261857345,96.71665653824347,0.4885052812158043,0.0,0.1328742599664159,0.2851043008998983,1.6917309320244216
2020-02-15 00:00:00,2020,2,15,0,1581724800,kansas,-8.620948540226081,8.539270637527766,96.85183870900974,0.4775576870899114,0.0,0.17460514907671182,0.300850472157539,2.15656626986059
2020-02-15 06:00:00,2020,2,15,6,1581746400,kansas,2.2006706393498447,6.1431978288063425,96.91538155333336,0.5261540705408838,0.0,0.1548011300984696,0.2049069455591567,1.6473397530467997
2020-02-15 12:00:00,2020,2,15,12,1581768000,kansas,7.034682511730026,7.838194942529928,96.26220781236132,12.37397911898425,6.437451408709873,0.21786010163099806,0.268630987868487,4.084971995868563
2020-02-15 18:00:00,2020,2,15,18,1581789600,kansas,-2.894384274011341,7.7044808584363,96.70845330857678,0.3111391150289196,0.0,0.1644926389717722,0.20029511765063668,1.785098927622835
2020-02-16 00:00:00,2020,2,16,0,1581811200,kansas,-11.548092175338898,6.191907430402316,96.61802953305133,0.06672194379557284,0.0,0.2047721448078158,0.20049690858738667,1.7193583734794344
2020-02-16 06:00:00,2020,2,16,6,1581832800,kansas,-2.650018892801844,7.006663539937391,96.03580325853017,0.11929889370134261,0.0,0.15874789770713682,0.3118703209131633,2.010814163205097
2020-02-16 12:00:00,2020,2,16,12,1581854400,kansas,8.261911093670781,9.91726981010221,96.13029134002095,12.825480834803406,0.0,0.1630452630923469,0.29012405349757875,3.9883014770344625
2020-02-16 18:00:00,2020,2,16,18,1581876000,kansas,-2.1363090728954983,9.951169860647322,96.75613630982929,0.6016311523064124,0.0,0.20145860966883467,0.29553887736129625,2.1436062426143483
2020-02-17 00:00:00,2020,2,17,0,1581897600,kansas,-10.27963408069835,6.182419072208107,96.36781290371833,0.7251157959541426,0.0,0.1900346161582227,0.315407358834698,1.9299663575179842
2020-02-17 06:00:00,2020,2,17,6,1581919200,kansas,0.6711208419273629,6.777194999567639,96.73372838782221,0.9236430292150152,0.0,0.1922574912934079,0.270158171981924,1.6432568007001624
2020-02-17 12:00:00,2020,2,17,12,1581940800,kansas,6.597422001781168,8.676799549264512,96.97504653801876,12.314382684970587,0.0,0.1726744762560372,0.29977392489100185,3.9233371624705424
2020-02-17 18:00:00,2020,2,17,18,1581962400,kansas,0.8854051896660423,9.249818757838746,96.61543691008987,0.27364302726246553,0.0,0.1653212390553452,0.2872937142280794,2.1768105178183967
2020-02-18 00:00:00,2020,2,18,0,1581984000,kansas,-7.582972557133862,10.650603949956551,96.92377912710299,0.8121427738934481,0.0,0.17154470385139917,0.25764455948084186,2.054457067421005
2020-02-18 06:00:00,2020,2,18,6,1582005600,kansas,-1.3039559197127757,9.899513238621596,96.67228540058788,0.9122082091293849,0.0,0.17815090717913423,0.2478060147750163,1.9152773624157564
2020-02-18 12:00:00,2020,2,18,12,1582027200,kansas,9.098166323793514,6.511726844703066,97.07279866641785,12.67878433003741,4.96504894985539,0.23880449372291998,0.31847795823069186,4.37129184436819
2020-02-18 18:00:00,2020,2,18,18,1582048800,kansas,-1.9261548105270316,7.159261039847767,96.85659421860383,0.7150388172411909,0.0,0.14781155590768613,0.2671338025602454,1.633410374363229
2020-02-19 00:00:00,2020,2,19,0,1582070400,kansas,-6.852278259848731,8.013752334073608,96.94712953744718,0.3183384867751291,0.0,0.16569701751842336,0.3083520308913172,2.0000215209047276
2020-02-19 06:00:00,2020,2,19,6,1582092000,kansas,-0.5147016548142234,7.673414010197422,96.47168989102236,0.5751085521824426,0.0,0.17611557620314652,0.33157808313711196,2.037633486568443
2020-02-19 12:00:00,2020,2,19,12,1582113600,kansas,8.411203819889757,9.54171947012007,96.30895447015492,12.742476808653377,0.0,0.16690092170113566,0.26557379902154743,3.92177315436625
2020-02-19 18:00:00,2020,2,19,18,1582135200,kansas,0.1048317588863763,7.692098132554546,96.66409535312958,0.7100864919118923,0.0,0.16455050143000233,0.284530849595135,1.8832746931209203
2020-02-20 00:00:00,2020,2,20,0,1582156800,kansas,-7.69570825959895,6.634448177362424,96.28875877688377,0.7178843697974524,0.0,0.21209740483862796,0.30095781330636906,2.3093379184698475
2020-02-20 06:00:00,2020,2,20,6,1582178400,kansas,-0.17971905983454134,9.375121569602518,97.09712491035908,0.37513455343308866,0.0,0.22074893006477483,0.2962452136183571,2.176387550067758
2020-02-20 12:00:00,2020,2,20,12,1582200000,kansas,8.897949195794062,7.08037512933889,96.66344033162927,13.1713829418246,0.0,0.21804376665282343,0.3076011377755371,4.4873300122726665
2020-02-20 18:00:00,2020,2,20,18,1582221600,kansas,-1.4538969351333582,10.735724751229796,96.78194808933146,0.331198145046399,0.0,0.1728179125093815,0.308575484962911,1.9671308913328645
2020-02-21 00:00:00,2020,2,21,0,1582243200,kansas,-8.748418205351491,9.12952886017284,96.47202536691493,0.2564604673595764,0.0,0.17175859804997198,0.2907332558377996,1.8986197050736004
2020-02-21 06:00:00,2020,2,21,6,1582264800,kansas,-1.2202063013767974,6.321727256803282,96.72782908222698,0.9804596579919344,0.0,0.16184132133955564,0.2897729980834931,1.7772799592165656
2020-02-21 12:00:00,2020,2,21,12,1582286400,kansas,5.670874573905638,6.509479889736817,95.40664441764716,13.545138264181883,0.0,0.18589137279897155,0.3158951234122344,4.047665189114224
2020-02-21 18:00:00,2020,2,21,18,1582308000,kansas,-1.6277145688191523,8.546657930085768,96.96813537237847,0.40302630851356713,0.0,0.17195509814376164,0.28968527088403784,2.169464647129583
2020-02-22 00:00:00,2020,2,22,0,1582329600,kansas,-8.707615450248856,10.014437792210945,95.45120019669238,0.12772658256106617,0.0,0.1987704045973463,0.3351036317445499,2.358022507155506
2020-02-22 06:00:00,2020,2,22,6,1582351200,kansas,0.3358088891257813,7.56818931458549,96.18123351245589,0.7871826348571306,0.0,0.1667158264471439,0.2576886064801561,2.054146513431125
2020-02-22 12:00:00,2020,2,22,12,1582372800,kansas,9.657210811354808,8.381955592003447,96.52373797609242,12.84158744438376,0.0,0.17869889463850863,0.329376762955512,4.343532026368516
2020-02-22 18:00:00,2020,2,22,18,1582394400,kansas,-2.6135980039940376,8.53591773643459,96.69514284781236,0.8500650841512819,0.0,0.20568315393890646,0.29350250233961517,2.039806770380419
2020-02-23 00:00:00,2020,2,23,0,1582416000,kansas,-11.378721439545522,7.388645310694411,97.17130529506863,0.31292145718497455,0.0,0.16480276775059394,0.3112825211029488,2.065517483257272
2020-02-23 06:00:00,2020,2,23,6,1582437600,kansas,1.7110563664987075,7.325036258596714,96.45508513004575,0.4022095222931825,0.0,0.17063198955701636,0.34747586876462777,2.0987338759655296
2020-02-23 12:00:00,2020,2,23,12,1582459200,kansas,7.39312213519573,9.367404578788744,96.74841670562829,13.185103105654902,2.8734961463272644,0.19076532584103162,0.31821731469659414,4.262061368173721
2020-02-23 18:00:00,2020,2,23,18,1582480800,kansas,-5.636595672371976,9.816421452732586,96.12103114799937,0.2552930416010988,0.0,0.16546851266576168,0.30800975064026415,2.1019974782629935
2020-02-24 00:00:00,2020,2,24,0,1582502400,kansas,-10.030657680670892,6.613486093278781,96.97485727828408,0.6806867110382439,0.0,0.1989966513576469,0.31490203357852287,2.019396204227994
2020-02-24 06:00:00,2020,2,24,6,1582524000,kansas,-1.6599586909103703,7.249745420469392,96.41810471074412,0.23154740017127706,0.0,0.17595873096106174,0.2761108846233203,2.0958639875172316
2020-02-24 12:00:00,2020,2,24,12,1582545600,kansas,6.336265847728382,13.691491531561613,96.20277926301043,13.587133802709065,0.0,0.20120955219591594,0.3625924876529597,4.828728680221345
2020-02-24 18:00:00,2020,2,24,18,1582567200,kansas,0.41431446749970746,6.262156814466843,96.53543137357548,0.8693501396992859,0.0,0.17274494320208408,0.2896722564336252,2.0908821075675488
2020-02-25 00:00:00,2020,2,25,0,1582588800,kansas,-9.084879201100625,9.25371264798683,96.49524441725704,0.72670815462583,0.0,0.2104413890309647,0.3171218572786929,2.2986906053853247
2020-02-25 06:00:00,2020,2,25,6,1582610400,kansas,2.909031727958526,6.944551376845748,96.85896327839406,0.9090134344947225,0.0,0.15190027635977718,0.3111660431897252,2.077554833763492
2020-02-25 12:00:00,2020,2,25,12,1582632000,kansas,11.049493924426809,6.603942884770219,97.29997679058725,14.014833775556186,0.0,0.19683322878099327,0.3197437461060031,4.687411451110113
2020-02-25 18:00:00,2020,2,25,18,1582653600,kansas,1.2218248641993863,7.122271737576222,96.22597493496312,0.07250982901623276,0.0,0.18857732783310827,0.3240651558035613,2.0480240407198047
2020-02-26 00:00:00,2020,2,26,0,1582675200,kansas,-10.955653821249353,6.53446194244523,95.47768130272506,0.4136628492490896,0.0,0.18035567625521445,0.3016541665477428,1.927893366622214
2020-02-26 06:00:00,2020,2,26,6,1582696800,kansas,1.4170576395692982,7.499814240216017,97.10928786766638,0.9215385213994284,0.0,0.15361146542485177,0.27362710930058376,1.8616531996498913
2020-02-26 12:00:00,2020,2,26,12,1582718400,kansas,4.1917837950169625,9.393729538813822,96.85111595182924,13.908244415117803,4.275620153865239,0.22753006377390833,0.33569959100727087,4.369414123592523
2020-02-26 18:00:00,2020,2,26,18,1582740000,kansas,-1.3417993054302522,6.639491036277234,96.71855810125025,0.8824391673024797,0.0,0.18401838102606824,0.24553870990778282,1.722051588484757
2020-02-27 00:00:00,2020,2,27,0,1582761600,kansas,-5.580152934329842,6.50144082605192,96.52404758335673,0.8006165784021753,5.16195742894454,0.2597878847474815,0.3204646925870557,2.443018557025065
2020-02-27 06:00:00,2020,2,27,6,1582783200,kansas,1.7627707263800647,7.462850836404274,96.83156486595304,0.8581373869257413,0.0,0.19657399752547755,0.23869506036016735,1.76618413304475
2020-02-27 12:00:00,2020,2,27,12,1582804800,kansas,10.950296442112233,7.404604084934725,96.14954979490022,13.39981235835084,0.0,0.17208111349444877,0.2743165763668191,4.524510124297616
2020-02-27 18:00:00,2020,2,27,18,1582826400,kansas,1.2814539073508486,6.840773270484617,96.74667405020044,0.580503894927499,0.0,0.18885012356456313,0.38524582225518844,2.1752197641467874
2020-02-28 00:00:00,2020,2,28,0,1582848000,kansas,-8.478931670284465,7.394568486369869,96.18615282841682,0.9613380850453987,0.0,0.17838313262158847,0.25987047690844167,1.9353198555959288
2020-02-28 06:00:00,2020,2,28,6,1582869600,kansas,3.145277905466162,8.544488203615266,97.2402999041971,0.37757026939891347,0.0,0.180189667744461,0.3162246645683974,2.4247202916201074
2020-02-28 12:00:00,2020,2,28,12,1582891200,kansas,11.20945133691503,8.16690495957586,96.20005018500464,13.964416540603464,0.0,0.17545722359825278,0.29397943430406703,4.570265495678119
2020-02-28 18:00:00,2020,2,28,18,1582912800,kansas,3.706638917165677,6.400148020076182,95.89463507314632,0.06386435816141288,0.0,0.20061806583596362,0.346222810939478,2.2713154064106353
2020-02-29 00:00:00,2020,2,29,0,1582934400,kansas,-5.699148866332301,9.138864164465272,96.69443303397317,0.852461303501641,0.0,0.19997315127842266,0.3105538787719843,2.0977818220849564
2020-02-29 06:00:00,2020,2,29,6,1582956000,kansas,-1.5664288234229247,10.42825091057605,96.7588511360918,0.41813859148249566,0.0,0.18473436664242252,0.38161825505209657,2.0562634910714466
2020-02-29 12:00:00,2020,2,29,12,1582977600,kansas,8.187317987817602,9.392286704942604,96.51283698630318,13.769447992279858,0.0,0.15845628904963727,0.2874743690767443,4.083850059314869
2020-02-29 18:00:00,2020,2,29,18,1582999200,kansas,1.3174761903122028,9.587955172651773,96.19742084209341,0.16816190058258662,0.0,0.2193236527877295,0.27804888064218397,2.0718030230205535
2020-03-01 00:00:00,2020,3,1,0,1583020800,kansas,-4.739077765193493,6.478208839112653,96.06089789878551,0.983267813852754,0.0,0.20815596846735443,0.3159455467028667,2.2030735566046915
2020-03-01 06:00:00,2020,3,1,6,1583042400,kansas,0.8091054612576583,7.482469841180715,97.17545071731345,0.30252482035250194,0.0,0.19626367604073452,0.27655690956506523,2.1426184194877416
2020-03-01 12:00:00,2020,3,1,12,1583064000,kansas,6.264606670804421,11.620044137562331,96.32826104317256,14.341537287835655,0.0,0.21523870680438595,0.30039328995886416,4.598224419078998
2020-03-01 18:00:00,2020,3,1,18,1583085600,kansas,0.8501770292087854,6.3873292055270054,95.91841138043071,0.7325747384057777,0.0,0.18226297570061684,0.30549592007466564,1.9175395845492316
2020-03-02 00:00:00,2020,3,2,0,1583107200,kansas,-6.017708906970508,10.184910867647183,95.94570774361588,0.29652711604244264,0.0,0.16889367257724847,0.367551248979281,2.3074118148484857
2020-03-02 06:00:00,2020,3,2,6,1583128800,kansas,1.0288561164919194,6.380741973466678,96.57911333740051,0.1365592887804028,0.0,0.21899455332394116,0.2930854802820335,2.0935572935361217
2020-03-02 12:00:00,2020,3,2,12,1583150400,kansas,9.905074823006697,11.499732289629726,96.54161412717711,14.679514398109475,0.0,0.1962133856977498,0.36252585585853153,4.633890426214903
2020-03-02 18:00:00,2020,3,2,18,1583172000,kansas,2.388002317311382,6.454600046698643,95.90939501213312,0.6858284535671229,0.0,0.20403078977630562,0.34236556798743784,2.07440487468204
2020-03-03 00:00:00,2020,3,3,0,1583193600,kansas,-5.757553007470669,7.135566964607381,96.11513461355403,0.03419677207295124,0.0,0.2181849007195636,0.3019879394756449,2.134179133692431
2020-03-03 06:00:00,2020,3,3,6,1583215200,kansas,0.7530271645170304,8.554969195904427,96.59248064509933,0.5154631693891354,3.5937421032556096,0.25527871196662877,0.3215212508767418,2.5284839907093994
2020-03-03 12:00:00,2020,3,3,12,1583236800,kansas,9.804940346323283,7.696584875633845,96.7752391235717,14.380535262404642,0.0,0.1592755132643585,0.3166250255521414,4.095404465860557
2020-03-03 18:00:00,2020,3,3,18,1583258400,kansas,0.3243115572392834,6.809873816059507,96.68428916350331,0.0893755887220226,0.0,0.15070675458950816,0.3350282180045501,1.6506536150256639
2020-03-04 00:00:00,2020,3,4,0,1583280000,kansas,-6.812737479682973,8.568789509058728,96.29317113712891,0.7901714913456563,18.591668573796625,0.3929589028392893,0.2993092482121742,2.7690641253244634
2020-03-04 06:00:00,2020,3,4,6,1583301600,kansas,3.262710631941343,8.74992356944637,96.41476664533829,0.40261473172480877,0.0,0.22554327101047802,0.3230377259294399,2.6938351825932894
2020-03-04 12:00:00,2020,3,4,12,1583323200,kansas,11.47531696488041,8.439877722210678,96.45675801331325,14.167589278909922,0.0,0.15697252185219088,0.359638978276712,4.573213309949868
2020-03-04 18:00:00,2020,3,4,18,1583344800,kansas,1.1842890739460588,7.86577725888609,96.287822571468,0.10177662634052548,0.0,0.1993063460700874,0.3145961841229769,2.5396706961999387
2020-03-05 00:00:00,2020,3,5,0,1583366400,kansas,-7.646001955059165,13.993419741958023,96.56926776634934,0.6252798334448608,0.0,0.20052499810127944,0.33379615438376914,2.544054933593869
2020-03-05 06:00:00,2020,3,5,6,1583388000,kansas,1.897617185690934,10.939850828503783,96.4408364388314,0.4016817549974888,0.0,0.20345724309839883,0.3745198681182047,2.437560752847861
2020-03-05 12:00:00,2020,3,5,12,1583409600,kansas,7.64262354138326,8.01002503041708,96.86646194042726,14.268209781660957,0.0,0.2531684913304397,0.34696404430536804,4.40094287349158
2020-03-05 18:00:00,2020,3,5,18,1583431200,kansas,5.40076523368046,6.868886162070609,96.29656164931022,0.5184248948940692,0.0,0.18102243493417391,0.3375594100747142,2.490267535198701
2020-03-06 00:00:00,2020,3,6,0,1583452800,kansas,-5.50660099458137,7.510050128212697,95.87855223552471,0.17147928713378002,0.0,0.21129269467792344,0.30806107956761897,2.1717000928800836
2020-03-06 06:00:00,2020,3,6,6,1583474400,kansas,0.8318696188600774,6.610817717544355,96.06963798829099,0.36868177656171774,0.0,0.16024857691105296,0.36348383041500526,1.8821971681353777
2020-03-06 12:00:00,2020,3,6,12,1583496000,kansas,10.24215749019517,9.178614386201621,96.40644126034432,14.935302735104017,0.0,0.22207278792355242,0.3631030327436778,5.123107591172955
2020-03-06 18:00:00,2020,3,6,18,1583517600,kansas,3.069864066065631,6.773320463974513,95.86263964310722,0.012530360783733896,0.0,0.22876742339829295,0.3662720704224968,2.1827390577748518
2020-03-07 00:00:00,2020,3,7,0,1583539200,kansas,-7.47374247765908,9.74394857783589,96.34546822409695,0.595608867315496,0.0,0.20347462869864377,0.36829562289677986,2.540083823418309
2020-03-07 06:00:00,2020,3,7,6,1583560800,kansas,1.8141393412043603,7.772987138475029,96.50150468414809,0.5094251144294117,0.0,0.21865429195676056,0.384581913208163,2.5665524875793633
2020-03-07 12:00:00,2020,3,7,12,1583582400,kansas,10.963748338957782,8.142889981475943,96.32010958838607,15.069803960755257,0.0,0.20397933262296195,0.34703586644999757,4.6057479407894695
2020-03-07 18:00:00,2020,3,7,18,1583604000,kansas,3.193135511067479,7.894742170764759,95.80441078470591,0.9887575503123304,0.0,0.21075487170268548,0.36066807060196093,2.6284690301598355
2020-03-08 00:00:00,2020,3,8,0,1583625600,kansas,-5.669154374284819,6.963539247362815,96.2112414157831,0.9058925952634351,0.0,0.20231798259009037,0.3524216922927504,2.451639764379597
2020-03-08 06:00:00,2020,3,8,6,1583647200,kansas,0.4718471559170192,9.022304506017353,96.64613104167663,0.46156073907507944,0.0,0.1995323902163364,0.3736969203761569,2.331212985043467
2020-03-08 12:00:00,2020,3,8,12,1583668800,kansas,8.24897102168584,9.107487710635539,96.12948579921132,14.704461610610238,0.0,0.23277715339793065,0.33375409374091053,4.956182018991337
2020-03-08 18:00:00,2020,3,8,18,1583690400,kansas,0.5195261974976293,11.15427039529186,96.44098170698692,0.058945333034531526,0.0,0.18356787690365842,0.39033654491479874,2.014254989651387
2020-03-09 00:00:00,2020,3,9,0,1583712000,kansas,-2.364660019066399,6.754673579604938,96.07185437120086,0.9944873857441008,3.723023953352614,0.2222721310433127,0.3712247190756812,2.2003828033168005
2020-03-09 06:00:00,2020,3,9,6,1583733600,kansas,3.422900074692654,10.876919400086404,96.17256025069112,0.765617016761267,0.0,0.1738363458293041,0.40483591053291934,2.56367324181308
2020-03-09 12:00:00,2020,3,9,12,1583755200,kansas,11.38046696849191,7.368320737903491,96.4301884133538,15.147228420220966,0.0,0.20285906561869949,0.33660017607621245,4.821718301564819
2020-03-09 18:00:00,2020,3,9,18,1583776800,kansas,1.5492819020993474,8.344157932519343,95.97311980417273,0.5805834394463134,0.0,0.17905263674826363,0.3747913246553031,2.3565874609326363
2020-03-10 00:00:00,2020,3,10,0,1583798400,kansas,-4.577861273420652,8.023550124999245,96.9031383895477,0.9107564375647634,0.0,0.23480959453969397,0.3920709313097403,2.7312876707833667
2020-03-10 06:00:00,2020,3,10,6,1583820000,kansas,5.582659156792466,7.984059151714016,96.4974377945673,0.16127388916512375,0.0,0.19667764371841287,0.3885034831702066,2.857870959622162
2020-03-10 12:00:00,2020,3,10,12,1583841600,kansas,12.104473600407763,8.29728207166156,96.0399784985762,15.517521791990001,6.995940940249824,0.29174323259293855,0.3696356941862979,5.420470271642801
2020-03-10 18:00:00,2020,3,10,18,1583863200,kansas,4.677394731688496,8.90034600303106,95.95934088282061,0.8767805660522274,0.0,0.20774789514252365,0.3621396106660299,2.783947932774857
2020-03-11 00:00:00,2020,3,11,0,1583884800,kansas,-2.779936678028995,8.752461166713632,96.67698877040931,0.19633622078483448,9.815776445827677,0.30215813018672605,0.338701466883062,2.6224529290436283
2020-03-11 06:00:00,2020,3,11,6,1583906400,kansas,0.49437944487004293,7.6474464214884215,97.16718925229374,0.6568697377225371,0.0,0.2125224245806634,0.37191663571690087,2.6089689028911676
2020-03-11 12:00:00,2020,3,11,12,1583928000,kansas,10.4842379039875,6.693461851038129,96.10691658368516,15.124302213103745,0.0,0.24877697453997122,0.3395189593363141,4.691441686801159
2020-03-11 18:00:00,2020,3,11,18,1583949600,kansas,5.273395971468224,7.531571173078803,95.0926104331339,0.24524791178732955,0.0,0.19205263997417904,0.37767928744344914,2.7589427470071186
2020-03-12 00:00:00,2020,3,12,0,1583971200,kansas,-5.058284776444687,8.741880792939698,96.18342164605737,0.17735502174080575,0.0,0.23444652150214496,0.33664982938448157,2.398648527335352
2020-03-12 06:00:00,2020,3,12,6,1583992800,kansas,3.686205992737088,10.878288019821722,96.66864403976174,0.8630251110961629,5.526355406018694,0.2468895935196062,0.3650537978863613,2.6722230615962017
2020-03-12 12:00:00,2020,3,12,12,1584014400,kansas,8.229374282837224,7.647777453375996,95.98974343678027,15.556067567838095,0.0,0.2278647929544537,0.3954518868589366,4.641720470727543
2020-03-12 18:00:00,2020,3,12,18,1584036000,kansas,1.7954286081737847,7.231754789351427,96.45902233517344,0.556186429531619,0.0,0.23630257417189526,0.3694565883743436,2.6081769165867845
2020-03-13 00:00:00,2020,3,13,0,1584057600,kansas,-4.055345054397754,8.380393700671272,95.82009769201811,0.001638638717029739,0.0,0.18575511496116914,0.39019098848850103,2.20921115267905
2020-03-13 06:00:00,2020,3,13,6,1584079200,kansas,7.735578097825201,6.784279608653629,96.70665792148463,0.19484647591015636,5.007814665823277,0.27869847294018163,0.38951907052144075,3.351241519267299
2020-03-13 12:00:00,2020,3,13,12,1584100800,kansas,11.475851903278015,7.608927679823209,96.14655350270125,15.733334465429865,3.5688544956087274,0.2222956739467645,0.3799795732316083,4.948609686362313
2020-03-13 18:00:00,2020,3,13,18,1584122400,kansas,4.280873798919137,6.987005232012838,96.43910688847679,0.4751607638709326,0.0,0.20738632737083573,0.34514071068735447,2.4471356051016118
2020-03-14 00:00:00,2020,3,14,0,1584144000,kansas,-3.7782133463825476,7.0059116985687355,96.57986211191646,0.254510655639252,9.223969203856555,0.30007061501377597,0.39379837770024323,2.7501981393394344
2020-03-14 06:00:00,2020,3,14,6,1584165600,kansas,5.834184886456692,7.5552961097557,96.4860058304479,0.6256012186706456,0.0,0.2255629450050601,0.3716167260371679,2.7469123846086383
2020-03-14 12:00:00,2020,3,14,12,1584187200,kansas,10.545500833137508,7.834161125635182,96.69091092951071,15.253417852097625,0.0,0.21862329183116827,0.36018333098951155,4.697547565104813
2020-03-14 18:00:00,2020,3,14,18,1584208800,kansas,4.01633678714784,10.13967483245593,96.2790073579211,0.21268495615578717,0.0,0.2113178575180375,0.33563975195695417,2.5000754443672677
2020-03-15 00:00:00,2020,3,15,0,1584230400,kansas,-5.237191822872826,7.689533448088566,95.9673419473563,0.5764071639920761,0.0,0.19905223299450697,0.37757410007364023,2.1252347437986874
2020-03-15 06:00:00,2020,3,15,6,1584252000,kansas,2.8939348514142944,9.63197216822576,96.2030396527948,0.7574751279660161,0.0,0.1934778761884285,0.36839526669041217,2.533549281570325
2020-03-15 12:00:00,2020,3,15,12,1584273600,kansas,15.471184926333912,11.282788892308073,95.3175286151604,15.760828430856673,0.0,0.18469368988343035,0.3479278115849655,5.44678163897139
2020-03-15 18:00:00,2020,3,15,18,1584295200,kansas,1.7966366992637965,9.544905540231579,96.70829930172049,0.18512085512081977,0.0,0.21827846657252595,0.386301023275741,2.541367471940626
2020-03-16 00:00:00,2020,3,16,0,1584316800,kansas,-1.307703529975932,8.544625656627296,96.33623788977464,0.10368316471110428,0.0,0.22026106985757612,0.41312656195967623,2.473948146951932
2020-03-16 06:00:00,2020,3,16,6,1584338400,kansas,1.495883600084472,8.50030952343154,96.7848844880019,0.41506606437642424,0.0,0.2157833717084948,0.41288978277823846,2.8396073633797436
2020-03-16 12:00:00,2020,3,16,12,1584360000,kansas,9.54147751343233,11.28583791588294,96.18719144364157,16.06500248327786,9.465830116863543,0.33854795060037646,0.353158250235005,5.544959196602248
2020-03-16 18:00:00,2020,3,16,18,1584381600,kansas,2.2140079554667387,9.019932916161427,96.65826987221133,0.5372482652634654,0.0,0.236553453069437,0.3673467939114718,2.455508298372826
2020-03-17 00:00:00,2020,3,17,0,1584403200,kansas,-8.507817413357706,6.899170081120297,96.17024666596382,0.19454323880367785,0.0,0.19653665009089297,0.38009588581760234,2.316878967735339
2020-03-17 06:00:00,2020,3,17,6,1584424800,kansas,3.889888047154735,8.442076258691795,96.2985130481557,0.9059259513417606,0.0,0.22536135255520034,0.40213572081318655,2.7766951670768445
2020-03-17 12:00:00,2020,3,17,12,1584446400,kansas,15.933830193084383,7.438358414433673,96.15292176021151,16.446504021017503,0.0,0.23809080922070017,0.3759809270091063,5.506290242432222
2020-03-17 18:00:00,2020,3,17,18,1584468000,kansas,5.344342564511606,6.723364612882034,96.2186975435097,0.39260027170445555,0.0,0.2393991119008024,0.4331699776613579,3.0604214466431
2020-03-18 00:00:00,2020,3,18,0,1584489600,kansas,-4.414918258191889,9.2532486718952,95.94048713591188,0.7069947122615939,0.0,0.1864795948633632,0.4234130642422283,2.2925495454814118
2020-03-18 06:00:00,2020,3,18,6,1584511200,kansas,5.0232804269477835,7.892946292130983,97.08337969072937,0.21597981327447124,0.0,0.23588242282860758,0.4004918408237908,2.857316887218347
2020-03-18 12:00:00,2020,3,18,12,1584532800,kansas,9.615966371839743,7.107161932789737,96.37313072097041,16.07542132307976,7.7502142863934,0.32884222518076955,0.3785361886437857,5.32151624080326
2020-03-18 18:00:00,2020,3,18,18,1584554400,kansas,5.40345013912512,6.813754576382938,97.09106077741195,0.802023261113059,0.0,0.22173086742564857,0.42688346386073556,2.8056616891897184
2020-03-19 00:00:00,2020,3,19,0,1584576000,kansas,-3.9542087766674343,6.804482545127618,96.28856089030728,0.8766991547618022,0.0,0.21170896202750975,0.41132520621436136,2.6603463996097405
2020-03-19 06:00:00,2020,3,19,6,1584597600,kansas,3.3535883401322977,15.40255984478694,96.11918616151672,0.05639767557808606,0.0,0.2014354965550269,0.42908879505476333,2.7469261832972145
2020-03-19 12:00:00,2020,3,19,12,1584619200,kansas,12.457735669639293,9.365320410491698,96.2650413910958,16.388722757565624,0.0,0.21845677827254,0.41781207302040757,5.403654051424378
2020-03-19 18:00:00,2020,3,19,18,1584640800,kansas,7.056123130682137,9.05127311408489,96.3739162713059,0.3751839694018238,0.0,0.24508125508403575,0.4360153363360165,3.4200242764073483
2020-03-20 00:00:00,2020,3,20,0,1584662400,kansas,-2.3256552975252687,7.137272079452969,96.8165679391211,0.5290967131260516,0.0,0.2456067485364713,0.4298704739302701,2.375668324368801
2020-03-20 06:00:00,2020,3,20,6,1584684000,kansas,5.4571880712055645,8.083513442106845,95.85053329618816,0.38978108080157226,0.0,0.2344251689528136,0.4206699524102558,2.8041762214463786
2020-03-20 12:00:00,2020,3,20,12,1584705600,kansas,8.989185498003682,9.882780929703125,97.06863894986495,16.306447750150195,0.0,0.23281310380037934,0.3847312244666734,5.031030652936366
2020-03-20 18:00:00,2020,3,20,18,1584727200,kansas,6.302259405246945,6.802237892434894,95.6099686822491,0.6791783466550344,0.0,0.23372265132047498,0.40084988803891,3.055362799351756
2020-03-21 00:00:00,2020,3,21,0,1584748800,kansas,-0.5544641118819427,7.8232831727442775,95.49038802121403,0.7416437416460158,0.0,0.1895032341060718,0.3547536824352452,2.0505130317260787
2020-03-21 06:00:00,2020,3,21,6,1584770400,kansas,5.696762091756138,6.665800628967705,96.47078822311822,0.17885796843486346,0.0,0.2064749832658352,0.41377947039513024,2.692258251186861
2020-03-21 12:00:00,2020,3,21,12,1584792000,kansas,14.971177607744943,6.619067550106867,96.04846376749467,16.188582424852505,0.0,0.2349906948812282,0.4452272655592719,5.350092792225621
2020-03-21 18:00:00,2020,3,21,18,1584813600,kansas,8.058113031877358,6.719101651923646,95.94999534353977,0.8439507450051853,0.0,0.22956414191320554,0.4507546030177401,3.242288681066516
2020-03-22 00:00:00,2020,3,22,0,1584835200,kansas,-1.9746959155178345,9.414964364720452,95.81294410119713,0.30094479135997876,0.0,0.23539888910475326,0.4338105738327759,2.6595302647742893
2020-03-22 06:00:00,2020,3,22,6,1584856800,kansas,4.430319583737571,6.936223453323863,96.42275664216523,0.619084819015585,0.0,0.21250999512750884,0.4446700370393373,2.969570509038465
2020-03-22 12:00:00,2020,3,22,12,1584878400,kansas,16.25472917744812,6.785038665034093,95.80387701004827,16.916105483323634,0.0,0.21469070687010694,0.39197571701874295,5.578777329118771
2020-03-22 18:00:00,2020,3,22,18,1584900000,kansas,9.71630850069861,7.278939439108876,96.1305692347758,0.7805287751379643,16.84092434703194,0.4,0.39123648870769795,4.1445036200013705
2020-03-23 00:00:00,2020,3,23,0,1584921600,kansas,-3.0135969062311716,6.713497753530677,96.00713758823541,0.7574686188933607,0.0,0.22651584634636027,0.38858180593982644,2.117934871100525
2020-03-23 06:00:00,2020,3,23,6,1584943200,kansas,6.9620896797058265,8.34874319027868,95.62975025046707,0.36469380625551895,0.0,0.22491412003976058,0.4276629820371621,2.998264019852083
2020-03-23 12:00:00,2020,3,23,12,1584964800,kansas,12.332940729883738,7.210065491971403,96.43216769694509,17.221501147523103,0.0,0.21977074352292075,0.41477514206314925,5.4854799030012975
2020-03-23 18:00:00,2020,3,23,18,1584986400,kansas,7.650960915210798,7.275604562653675,95.12306725333482,0.5993414264166359,0.0,0.23229923696957494,0.41834040749148615,3.004735787720153
2020-03-24 00:00:00,2020,3,24,0,1585008000,kansas,-3.492761778647118,9.36676350298257,96.0307705862736,0.47242765632073946,0.0,0.23396198060282944,0.46486468145976456,2.58216967818004
2020-03-24 06:00:00,2020,3,24,6,1585029600,kansas,4.719297066635329,6.762901527538853,96.88911719079115,0.4747547198027918,0.0,0.2675020426235424,0.4353791528969387,2.8669911683929135
2020-03-24 12:00:00,2020,3,24,12,1585051200,kansas,14.021943256618172,6.749064408629304,95.9882119875834,16.46996716728898,0.0,0.2550258016354835,0.448696222151761,5.705331032638605
2020-03-24 18:00:00,2020,3,24,18,1585072800,kansas,3.9588628767237113,7.935977053752943,96.5758740964122,0.05553703560723811,0.0,0.24109900239879614,0.42472236360260385,2.917142698885824
2020-03-25 00:00:00,2020,3,25,0,1585094400,kansas,-3.1340200159904414,8.240352938490135,95.41548296183288,0.06896020006512216,0.0,0.23889182853048152,0.4737374214440725,2.7199723516232686
2020-03-25 06:00:00,2020,3,25,6,1585116000,kansas,3.75811810346215,7.065297372734745,96.07493136603371,0.2848295823568653,0.0,0.2080650875174825,0.4205901161164108,2.6290352537531256
2020-03-25 12:00:00,2020,3,25,12,1585137600,kansas,13.378264713920109,9.807771880704749,95.74535285680696,17.28711395487474,4.15272311663742,0.25079743451465547,0.3930990134689063,5.740474198609083
2020-03-25 18:00:00,2020,3,25,18,1585159200,kansas,5.897774847609841,11.619383429933237,95.39167743831848,0.21513158350659714,0.0,0.2174800221952944,0.4391021888902717,3.4280192334070323
2020-03-26 00:00:00,2020,3,26,0,1585180800,kansas,0.4274958721513076,12.017188010722943,96.40576449824101,0.8847254393161162,0.0,0.25200392621722706,0.43440475072018214,2.7881398836229634
2020-03-26 06:00:00,2020,3,26,6,1585202400,kansas,4.343567544011283,25.0,95.99018458808273,0.13189793131948668,11.200370719387342,0.3861131132811,0.42053887638662296,4.237535682964713
2020-03-26 12:00:00,2020,3,26,12,1585224000,kansas,16.78274351677153,7.583244842790593,96.1134584343306,16.886020487258847,0.0,0.25243799545189305,0.4710734828156888,6.097274922450802
2020-03-26 18:00:00,2020,3,26,18,1585245600,kansas,6.316740970164708,9.426610386081256,95.46109975274435,0.5497524524727211,4.27659577679411,0.2879724738003136,0.46657632450475095,3.360028916928765
2020-03-27 00:00:00,2020,3,27,0,1585267200,kansas,-1.6278368776941408,7.1265402686576165,95.77213250215904,0.44882799558654674,0.0,0.24383949510211952,0.47205643016134236,2.608943448566855
2020-03-27 06:00:00,2020,3,27,6,1585288800,kansas,5.964373486455556,7.783719333367159,96.31719695927916,0.8232414783964788,0.0,0.22726919621310313,0.45269242873007703,3.118102791264996
2020-03-27 12:00:00,2020,3,27,12,1585310400,kansas,16.71707629001973,8.686135633285797,95.56362380366303,17.45653129536474,3.898215763836333,0.28020814838227337,0.4070839614186571,6.237913625015725
2020-03-27 18:00:00,2020,3,27,18,1585332000,kansas,5.841383692697509,7.394554158054844,95.48743829131244,0.16243946310935725,0.0,0.20700383455962018,0.47691800367366904,2.9894553088434463
2020-03-28 00:00:00,2020,3,28,0,1585353600,kansas,1.4787768992098047,6.611730603686179,96.70379194224309,0.4366031735971303,0.0,0.2425207823592355,0.4606795672231241,2.905672680455786
2020-03-28 06:00:00,2020,3,28,6,1585375200,kansas,4.423358984963487,7.625270376819917,95.3193089524877,0.5550999625626296,5.971322674068664,0.3064625449515206,0.48025865066494605,3.122435033722414
2020-03-28 12:00:00,2020,3,28,12,1585396800,kansas,16.342010112724555,8.250976151380522,96.08263848758091,17.838953774400814,0.0,0.23300202798125977,0.48497648976725,6.153405572015924
2020-03-28 18:00:00,2020,3,28,18,1585418400,kansas,11.022483974880835,8.002197250675572,96.62932674551138,0.07959046451591874,9.13707153518325,0.3320914197934324,0.47939878514296685,3.7061898598986
2020-03-29 00:00:00,2020,3,29,0,1585440000,kansas,-0.7830741214125144,11.644571051792727,95.93763002448158,0.6049701673463137,0.0,0.26696746416975436,0.4692073735222733,2.682897074195015
2020-03-29 06:00:00,2020,3,29,6,1585461600,kansas,10.436891509381542,10.032556138867257,95.61720429683224,0.13663190670916825,0.0,0.23186723913683976,0.45502405067640783,3.4722496272137398
2020-03-29 12:00:00,2020,3,29,12,1585483200,kansas,15.042493380107363,7.564064944979219,95.63339323080852,17.84611630902024,0.0,0.2190079064895299,0.45885109763311405,5.8868379868673495
2020-03-29 18:00:00,2020,3,29,18,1585504800,kansas,7.032303668968047,6.608348183233668,96.46727753045458,0.5438969391760344,8.576279710428762,0.32896533667500194,0.46764833154394725,3.5762143885779856
2020-03-30 00:00:00,2020,3,30,0,1585526400,kansas,4.590991597754499,7.430800259773494,96.20511058356095,0.20992017419563613,0.0,0.234456048748055,0.4959937124322211,2.9810120746966566
2020-03-30 06:00:00,2020,3,30,6,1585548000,kansas,7.699152433910092,8.976680348644509,95.84531838031917,0.5838558566567517,10.327748026201238,0.3445798590148488,0.5180609620625884,3.9017154584047664
2020-03-30 12:00:00,2020,3,30,12,1585569600,kansas,17.319013980997752,8.55360685167274,96.47807075758922,17.442672500698727,0.0,0.2658758618973974,0.44711510519769804,6.146328439168139
2020-03-30 18:00:00,2020,3,30,18,1585591200,kansas,9.8097892544787,11.09111749489308,95.8958308064678,0.2551187300723313,0.0,0.21695982564231076,0.46615776711380597,3.362026948135693
2020-03-31 00:00:00,2020,3,31,0,1585612800,kansas,2.484216483171405,7.1092986923876005,95.88942264032089,0.009541359248526726,0.0,0.22284533786010174,0.48970843153394006,2.4980872659265896
2020-03-31 06:00:00,2020,3,31,6,1585634400,kansas,7.795440785345803,6.620731145004773,95.9579909296906,0.674312704245835,0.0,0.25054653804341953,0.4445238442679898,3.182702931292238
2020-03-31 12:00:00,2020,3,31,12,1585656000,kansas,17.174074374788013,10.463388060778522,96.1552317408282,17.615194323684523,0.0,0.22392202962242427,0.4622509182192711,6.139017033573606
2020-03-31 18:00:00,2020,3,31,18,1585677600,kansas,6.472759821358503,10.082485948826998,95.34962796307774,0.8665617085766715,22.08415632938596,0.4,0.5216874504333949,4.2329494795789655
2020-04-01 00:00:00,2020,4,1,0,1585699200,kansas,-0.6651705489764361,7.396826691841639,96.73691124491805,0.9787291682858995,6.691720585751557,0.29898790405888254,0.5205141212884169,3.077697474855341
2020-04-01 06:00:00,2020,4,1,6,1585720800,kansas,7.631571569386801,12.965159271603092,96.07510987496923,0.4471350617706784,0.0,0.2575908186091426,0.4886783446195645,4.094604749736231
2020-04-01 12:00:00,2020,4,1,12,1585742400,kansas,16.678335048012293,6.686679764929698,96.1355211201777,17.768833848347168,0.0,0.27376115830083614,0.4637236509518585,6.087435569154814
2020-04-01 18:00:00,2020,4,1,18,1585764000,kansas,9.019963411262024,8.934684584661973,95.86802264976093,0.6768594856619166,0.0,0.2503157088114032,0.49357708623395613,3.518257569365536
2020-04-02 00:00:00,2020,4,2,0,1585785600,kansas,2.5790737315088244,16.578638425853917,96.67626934033896,0.45706060675019633,0.0,0.23775350718507668,0.48222220338330357,3.210336717015413
2020-04-02 06:00:00,2020,4,2,6,1585807200,kansas,11.66522663312181,10.095165852191306,96.28564881882947,0.12772674602298584,0.0,0.23753518853864464,0.5205644878328165,3.823754705555879
2020-04-02 12:00:00,2020,4,2,12,1585828800,kansas,17.76748722347189,14.36250883154265,96.22935322314218,17.69789877233576,16.71059059148136,0.4,0.5399999901220274,7.400133822838296
2020-04-02 18:00:00,2020,4,2,18,1585850400,kansas,13.7201760156527,7.663176855584018,95.56468172159074,0.24283245348341168,0.0,0.2642004977696295,0.5034783922182682,4.16942355455632
2020-04-03 00:00:00,2020,4,3,0,1585872000,kansas,1.5566046298166571,7.385999873866978,96.19963223185177,0.886991777631278,9.712021150019845,0.36719396304409163,0.5205344088160031,3.7054279959277117
2020-04-03 06:00:00,2020,4,3,6,1585893600,kansas,9.492573856936056,9.884895125994548,95.43713883990021,0.36750596182140405,5.738221539998741,0.2791321588012902,0.5092723242559892,3.7422718302605635
2020-04-03 12:00:00,2020,4,3,12,1585915200,kansas,19.754826261812283,7.794065842038917,96.23434391868891,18.522056646294626,11.854739954549828,0.3454453339270068,0.517847386029683,7.131209052313309
2020-04-03 18:00:00,2020,4,3,18,1585936800,kansas,9.792816255148471,6.792873411828309,95.97921249402667,0.26034457239671543,5.172846242575945,0.3482960533308303,0.5054598678139623,3.8823777020625796
2020-04-04 00:00:00,2020,4,4,0,1585958400,kansas,2.449757644331966,7.274174651818966,95.92087006938942,0.940263305841716,0.0,0.24961201162801144,0.5394661801968135,3.14449670066539
2020-04-04 06:00:00,2020,4,4,6,1585980000,kansas,10.288293746228039,7.027328985838486,95.3830779178953,0.3672286614206496,0.0,0.23421840342537767,0.4590326801226015,3.2370954439262203
2020-04-04 12:00:00,2020,4,4,12,1586001600,kansas,17.15422021364911,7.46843934069396,95.70485519859842,18.32512496019053,4.016540732257329,0.2844002181341807,0.4911673164914281,6.588302772615468
2020-04-04 18:00:00,2020,4,4,18,1586023200,kansas,7.1667066346366655,7.704302516049083,95.75552222650734,0.4265068204761289,0.0,0.26156757173827694,0.5500324492703047,3.3639695854843135
2020-04-05 00:00:00,2020,4,5,0,1586044800,kansas,3.877096519638629,9.493492349487983,96.47329345832574,0.1371789164584304,1.5688341873536449,0.2557599020139512,0.5861652745480094,3.2914019010061524
2020-04-05 06:00:00,2020,4,5,6,1586066400,kansas,12.37233657873066,8.935072872150842,96.16843915613612,0.8283197842550233,0.0,0.28651517472917615,0.5093885673537719,3.9405541067012355
2020-04-05 12:00:00,2020,4,5,12,1586088000,kansas,20.48735575121967,11.281344836759121,95.42781614147957,18.32232780189402,16.15910155293303,0.4,0.5173236887849251,7.53087158029936
2020-04-05 18:00:00,2020,4,5,18,1586109600,kansas,9.970334303243648,8.041039725280992,96.34611083806833,0.2954332512892794,0.0,0.2664069035640539,0.534409547049602,3.631207212821169
2020-04-06 00:00:00,2020,4,6,0,1586131200,kansas,2.100583028470642,7.351661138284646,95.93246349820485,0.972951426442841,0.0,0.23381674776900557,0.5188558746296252,2.7476503472742975
2020-04-06 06:00:00,2020,4,6,6,1586152800,kansas,7.5384046635388895,7.622267222235749,95.8672995406531,0.15162224477177333,0.0,0.2557233293312469,0.5264307446983356,3.6637125547043428
2020-04-06 12:00:00,2020,4,6,12,1586174400,kansas,15.236249873565297,7.719076472647689,95.62905855717263,18.131326413117957,0.0,0.22631664349296796,0.45335566710946373,5.891437657167009
2020-04-06 18:00:00,2020,4,6,18,1586196000,kansas,9.842551551543043,9.22175025433257,95.93105376912,0.8821673715079905,0.0,0.2593067064009212,0.48976021030399697,3.9251217504077642
2020-04-07 00:00:00,2020,4,7,0,1586217600,kansas,5.416949877716461,6.743938648102962,95.80512216524053,0.7176487504954638,0.0,0.24157414362552776,0.5612791741944743,3.3456577609914504
2020-04-07 06:00:00,2020,4,7,6,1586239200,kansas,8.534196777140632,8.378377218517212,96.39388418693581,0.9074442510620581,4.564179402122898,0.3294470622792103,0.5584838299583574,3.884069229958423
2020-04-07 12:00:00,2020,4,7,12,1586260800,kansas,16.24466832998876,7.482501227362637,95.61270449861368,18.777032382647395,0.0,0.24325391583783681,0.5364254572266164,6.044414732493028
2020-04-07 18:00:00,2020,4,7,18,1586282400,kansas,10.29849061568729,7.455776345901893,95.87273750759496,0.3068832368601886,3.9146888919024434,0.2874670884439493,0.5031409407574607,3.9888913165147777
2020-04-08 00:00:00,2020,4,8,0,1586304000,kansas,2.0027932378923037,10.36432499596332,95.58840708954361,0.9276161187197577,0.0,0.24709398910970531,0.5641777998940957,3.328353239044146
2020-04-08 06:00:00,2020,4,8,6,1586325600,kansas,10.805419259206195,8.435749979375414,95.56560467763228,0.2587494180543126,0.0,0.21467211149388998,0.48926205329189604,3.7439429124858066
2020-04-08 12:00:00,2020,4,8,12,1586347200,kansas,17.685310387520786,8.88413867845933,95.33495822985725,18.523038537833166,6.601806822927236,0.36745042718358767,0.5593453986937863,7.009888070585387
2020-04-08 18:00:00,2020,4,8,18,1586368800,kansas,12.414325464283873,7.36574765551547,95.45185892989451,0.6900628501131157,0.0,0.24015133937342442,0.513162993632036,3.616918941018606
2020-04-09 00:00:00,2020,4,9,0,1586390400,kansas,1.5620799169244193,7.627501586190597,96.21227282220505,0.24745113919345685,4.9382597521729465,0.3079563030583821,0.5337776486835925,3.0964458208230234
2020-04-09 06:00:00,2020,4,9,6,1586412000,kansas,13.144576644823934,7.671829454505767,95.65053906446256,0.052006575274201716,0.0,0.25956005041438035,0.5365416357511887,3.96864424088337
2020-04-09 12:00:00,2020,4,9,12,1586433600,kansas,17.094167884112476,7.164152160763435,96.1462677701285,18.501792714042825,0.0,0.2929906768624178,0.6044152110678128,6.747109721837662
2020-04-09 18:00:00,2020,4,9,18,1586455200,kansas,9.896326552844123,11.329992093222431,96.49774331071238,0.019030811101603113,8.923589730625856,0.3372104508932916,0.4802876806244928,4.026695546714443
2020-04-10 00:00:00,2020,4,10,0,1586476800,kansas,3.110443506415452,10.172542078059513,96.37491462213268,0.8255833143067288,0.0,0.2806124025226402,0.6158941515283993,3.605847264925641
2020-04-10 06:00:00,2020,4,10,6,1586498400,kansas,8.717877165932817,6.703415431272932,95.63507716505408,0.08712478796897527,7.8158128874463095,0.34663628632663535,0.616814237886714,4.1654631801430595
2020-04-10 12:00:00,2020,4,10,12,1586520000,kansas,17.953818772146306,8.849583745328431,95.13690632534023,19.345851806336817,0.0,0.2989955025077682,0.5869472363553883,6.956338622596982
2020-04-10 18:00:00,2020,4,10,18,1586541600,kansas,14.279890437157816,10.431891246650647,95.7749088068803,0.93090209844722,5.147315748328912,0.34415650201661274,0.6119962602584577,4.937409719478781
2020-04-11 00:00:00,2020,4,11,0,1586563200,kansas,2.408598440059637,7.935899058415719,95.44297716963739,0.006715135305631836,0.0,0.27011042589488843,0.5519713221095014,3.13244456814092
2020-04-11 06:00:00,2020,4,11,6,1586584800,kansas,11.321442947894857,7.594745973581116,95.6301603558317,0.45800898875727547,0.0,0.23918941079074638,0.5911906390513008,3.9404439539483667
2020-04-11 12:00:00,2020,4,11,12,1586606400,kansas,18.809656956485583,6.5779975644275686,96.64975040510282,19.20440289039481,0.0,0.2657206538937819,0.5770535135836362,6.900924346437603
2020-04-11 18:00:00,2020,4,11,18,1586628000,kansas,13.890123607059419,8.910860413756396,95.0988582337158,0.007902703767453768,3.643586693514618,0.2833706499959938,0.5535449079467336,4.243148709140767
2020-04-12 00:00:00,2020,4,12,0,1586649600,kansas,3.7549927445127635,8.162473195320395,95.87467540172882,0.533922806033109,8.999957103509354,0.3867946515004874,0.5786047076584625,3.843590276548749
2020-04-12 06:00:00,2020,4,12,6,1586671200,kansas,12.270969036416966,12.381608444070674,95.73185903530698,0.2818468527826088,0.0,0.25727622887856344,0.613084385386052,4.310626920929531
2020-04-12 12:00:00,2020,4,12,12,1586692800,kansas,18.73577800916735,7.499923716119934,96.02262918922897,19.15563337708554,1.0445676081738144,0.30314191288567216,0.6128712733267845,7.097126463709194
2020-04-12 18:00:00,2020,4,12,18,1586714400,kansas,14.670516058208364,8.702874118029095,95.05631559248708,0.6235364481873612,0.0,0.2508259331626267,0.5178856821680954,3.986013020398725
2020-04-13 00:00:00,2020,4,13,0,1586736000,kansas,5.092640958002639,7.432452598378298,95.6030823781133,0.9893136153230757,0.0,0.27478572307687943,0.5642838675199799,3.4598528090981175
2020-04-13 06:00:00,2020,4,13,6,1586757600,kansas,13.491602678944052,10.380471923989166,95.63536201534899,0.1466092194028802,0.0,0.2691840899881166,0.5477904652094966,4.190443323473935
2020-04-13 12:00:00,2020,4,13,12,1586779200,kansas,20.48771373048906,6.920523492971276,96.18837541352413,18.93893836467021,0.0,0.2865013167530329,0.6090352857015559,6.9940039199685105
2020-04-13 18:00:00,2020,4,13,18,1586800800,kansas,11.133548230421884,7.05178376297059,95.90479578983087,0.48766888571815464,0.0,0.2896983444865053,0.5525866240740345,4.431883072520574
2020-04-14 00:00:00,2020,4,14,0,1586822400,kansas,3.252720362987834,9.376752511642351,95.64502686240964,0.2611543875459238,10.125108575529246,0.4,0.650368294352066,4.010837499670355
2020-04-14 06:00:00,2020,4,14,6,1586844000,kansas,14.815016779935778,8.812126023070881,95.22122763095875,0.5343255873933577,0.0,0.28078569094817774,0.6093425759082237,4.32644776776179
2020-04-14 12:00:00,2020,4,14,12,1586865600,kansas,23.18265527515235,7.466238892626506,96.72634868446889,19.75159787145667,0.0,0.25351677518751475,0.6342457190818843,7.234814112059138
2020-04-14 18:00:00,2020,4,14,18,1586887200,kansas,11.836176701805805,8.122933221999103,95.6323714010758,0.9620361902358531,4.979317496133232,0.30546731413226025,0.574514546988971,4.451051771974366
2020-04-15 00:00:00,2020,4,15,0,1586908800,kansas,5.805479612406529,6.718565329649229,95.4193195570852,0.2719766763391336,0.0,0.27223083501962725,0.6196100914147123,3.6857977968191493
2020-04-15 06:00:00,2020,4,15,6,1586930400,kansas,11.36342061443951,7.649200610000477,95.63349206232597,0.7992025439588014,0.0,0.2709208251379772,0.6273480384571302,4.176829369026108
2020-04-15 12:00:00,2020,4,15,12,1586952000,kansas,20.87505528986611,9.944687921240316,95.80337902898333,19.91608014028645,0.0,0.27711313772550816,0.5995472342795419,7.289772604483913
2020-04-15 18:00:00,2020,4,15,18,1586973600,kansas,9.97085235918417,6.910471889893309,95.84990624544027,0.3438332608872747,0.0,0.2940612143752105,0.5118598141211277,3.7385126206437524
2020-04-16 00:00:00,2020,4,16,0,1586995200,kansas,3.9904311388084746,11.295854246394724,95.41101525272785,0.8473824477307996,0.0,0.2623983594545367,0.5642193460313587,3.406272678524248
2020-04-16 06:00:00,2020,4,16,6,1587016800,kansas,12.42512646890047,9.359688785113947,95.29299519770652,0.26851339605023006,12.279675157951143,0.38724124873621624,0.5917957008005263,4.641156771951091
2020-04-16 12:00:00,2020,4,16,12,1587038400,kansas,23.183920409317032,9.067228681509773,95.31266052131848,19.36884856072381,1.9891018126630513,0.2540902123428711,0.6098973107826829,7.372571049036683
2020-04-16 18:00:00,2020,4,16,18,1587060000,kansas,14.38073379024842,12.042844694709457,95.19462687386977,0.735206697128737,0.0,0.2609800373312516,0.5513996676732016,4.31252700596199
2020-04-17 00:00:00,2020,4,17,0,1587081600,kansas,3.532645770098428,13.676216535897566,95.70486891856753,0.627303513846472,0.0,0.25524890362871094,0.6258466275999199,3.640511990117004
2020-04-17 06:00:00,2020,4,17,6,1587103200,kansas,13.709619551368831,11.483501316455886,95.60126289918136,0.6225404494697114,0.0,0.27497256106139417,0.5643870883648283,4.359470685929794
2020-04-17 12:00:00,2020,4,17,12,1587124800,kansas,20.742262650769078,7.30504463863638,95.61569235589126,19.549903990490822,0.0,0.2943664950746597,0.6225322750087945,7.027562936814414
2020-04-17 18:00:00,2020,4,17,18,1587146400,kansas,10.894815700088973,6.536079005950578,96.04088462288962,0.669977375720865,0.0,0.24809838773104498,0.6700404873582327,3.6033653899221965
2020-04-18 00:00:00,2020,4,18,0,1587168000,kansas,3.8312962037291918,7.852915049663998,95.64482481883611,0.5834373272680671,0.0,0.28213549323360604,0.6010726332285318,3.460141146027862
2020-04-18 06:00:00,2020,4,18,6,1587189600,kansas,11.308704135282806,7.449317432449714,94.6950037035514,0.05520398478326616,0.0,0.26029831280930205,0.5941473011240662,3.997042813539932
2020-04-18 12:00:00,2020,4,18,12,1587211200,kansas,20.625104653810947,7.017319327252051,95.51526083376345,20.019218504901843,0.0,0.30294286972733225,0.5495717314623272,6.645737596537555
2020-04-18 18:00:00,2020,4,18,18,1587232800,kansas,15.887316001171786,6.588487465158263,95.89756054616642,0.39579239917297854,23.831502337131646,0.4,0.5828646519713269,4.77670234352748
2020-04-19 00:00:00,2020,4,19,0,1587254400,kansas,6.1474277240595665,7.874054497311577,95.77311200678967,0.5877909557929744,0.0,0.26030844817321475,0.6111880895027202,3.9309058605906246
2020-04-19 06:00:00,2020,4,19,6,1587276000,kansas,14.213300251912912,7.37238541581438,95.66271804201352,0.21586067637630846,0.0,0.3270832979296744,0.6350502636712376,4.377658426347491
2020-04-19 12:00:00,2020,4,19,12,1587297600,kansas,23.207039309028225,7.265243886188463,95.647272340609,20.111509381729256,0.0,0.27428975302131287,0.6273061084986689,7.2363138886241085
2020-04-19 18:00:00,2020,4,19,18,1587319200,kansas,14.65148190745135,6.863614021071599,96.11684175893893,0.8005883511254867,0.0,0.28720794691867085,0.6311344655835834,4.735582994193407
2020-04-20 00:00:00,2020,4,20,0,1587340800,kansas,2.845111210303601,10.001759575978106,95.77715415631896,0.850273531489961,6.505333336357529,0.344914974173911,0.6014489641594292,3.635366170284448
2020-04-20 06:00:00,2020,4,20,6,1587362400,kansas,14.309831800171166,13.682298947288245,95.60330955047269,0.5196992025141545,17.312442566044545,0.4,0.6363618908704718,5.180537051130123
2020-04-20 12:00:00,2020,4,20,12,1587384000,kansas,22.126411827485473,11.134595225443633,95.99191981467959,20.432390165779818,4.295394606300397,0.36513508441431786,0.5976130021823715,7.869185820913187
2020-04-20 18:00:00,2020,4,20,18,1587405600,kansas,13.388642837652617,6.967095888604723,95.15513384079843,0.7671069684241227,6.098993380735347,0.3351253430730032,0.5681157265678165,4.388960091468136
2020-04-21 00:00:00,2020,4,21,0,1587427200,kansas,6.996746852264658,6.906806327086783,95.615587573446,0.4304021882593212,12.918764784282391,0.39937602081294044,0.6312534258682148,4.306142687146416
2020-04-21 06:00:00,2020,4,21,6,1587448800,kansas,11.814136179643178,9.377512486055801,95.72238715531769,0.8181380644934151,0.0,0.2651520401125565,0.6128515976129053,4.289876851390161
2020-04-21 12:00:00,2020,4,21,12,1587470400,kansas,24.253879646668853,7.494367632736418,95.73280194023373,19.840534255591834,0.0,0.26023138357230513,0.6435024623936149,7.391640713053372
2020-04-21 18:00:00,2020,4,21,18,1587492000,kansas,12.73397750969087,10.393917948680366,95.66225343962975,0.25360944300539295,0.0,0.27786231864167554,0.6396836894226522,4.450410747747515
2020-04-22 00:00:00,2020,4,22,0,1587513600,kansas,4.6093250563674335,7.0506144976576905,95.48641939607958,0.3159992453110192,0.0,0.2883900632338792,0.612086127448989,3.6592024443451736
2020-04-22 06:00:00,2020,4,22,6,1587535200,kansas,13.60323423322817,9.198502558615264,95.47106787004061,0.23951179794170108,12.36795304730488,0.4,0.6154617515752154,4.772830429652974
2020-04-22 12:00:00,2020,4,22,12,1587556800,kansas,23.50257451128028,6.73583932816945,94.80404825180008,20.0480943829423,17.756065686554955,0.4,0.6880905791771631,8.294316837499492
2020-04-22 18:00:00,2020,4,22,18,1587578400,kansas,12.576791724769294,7.088772878587646,95.38399884873985,0.6053403717840948,0.0,0.2752159281104809,0.6915083018805508,4.497993263701773
2020-04-23 00:00:00,2020,4,23,0,1587600000,kansas,4.313709922896637,10.566427021307007,95.39547454361019,0.2745022072661697,0.0,0.2732391506958266,0.629240540676706,3.414286241941579
2020-04-23 06:00:00,2020,4,23,6,1587621600,kansas,14.742934831815285,8.204238379094072,96.17545751689798,0.7146847213119669,4.0205208616588,0.3353332384951259,0.6293577637964056,4.791962945899964
2020-04-23 12:00:00,2020,4,23,12,1587643200,kansas,19.95698675349809,7.214534537571352,95.99540757824354,20.39616596855886,0.0,0.29437628722577414,0.6057819979191346,7.051433448071096
2020-04-23 18:00:00,2020,4,23,18,1587664800,kansas,16.82769934017049,7.713818190561669,95.73067605323413,0.6970700363359735,0.0,0.3077064625268307,0.6333692531526691,4.669170276260792
2020-04-24 00:00:00,2020,4,24,0,1587686400,kansas,7.6755402950155425,10.926892827116832,95.11219613114822,0.46589243925152257,0.0,0.2755131749413272,0.7163250466575228,4.004575408042857
2020-04-24 06:00:00,2020,4,24,6,1587708000,kansas,16.672494521327057,10.686027783697687,95.65914621970113,0.9266248800911224,6.495481505098953,0.39255745869214514,0.663831384488733,5.586630742953231
2020-04-24 12:00:00,2020,4,24,12,1587729600,kansas,20.097350549978362,7.150037207606517,95.45746442228766,20.249026688085678,2.821336262920423,0.29871089898522857,0.6754310261135666,7.4348172984402074
2020-04-24 18:00:00,2020,4,24,18,1587751200,kansas,15.293008195655045,9.30780870767935,95.36724444784602,0.6578807039210821,0.0,0.2853691674537729,0.6820121292897623,4.915934684936439
2020-04-25 00:00:00,2020,4,25,0,1587772800,kansas,3.640657561234665,8.682295198490074,94.73977197728095,0.533226947341115,0.0,0.2672093416057206,0.642408369528314,3.384334390531192
2020-04-25 06:00:00,2020,4,25,6,1587794400,kansas,15.786700082906702,7.161633729108044,95.63746549480997,0.9269368759803059,0.0,0.2689396766686114,0.633648950084755,4.492324623378502
2020-04-25 12:00:00,2020,4,25,12,1587816000,kansas,22.171291833792854,6.495605706971647,95.34025186395665,20.471490616949833,2.3627192182275905,0.3054999428587066,0.7022910051664103,7.7358297788571555
2020-04-25 18:00:00,2020,4,25,18,1587837600,kansas,20.809308367752347,7.251740678963861,95.8635577438207,0.9881920221384638,0.0,0.28129100472186214,0.7031832755994751,5.1348382027426585
2020-04-26 00:00:00,2020,4,26,0,1587859200,kansas,6.481346218933149,6.434481371785577,96.1566578341262,0.2872161497796434,1.9792195316172125,0.2779305515718683,0.6535202685961964,3.7577780685769904
2020-04-26 06:00:00,2020,4,26,6,1587880800,kansas,16.114128080436675,9.15323331640583,96.47569264650147,0.8499088674247841,6.758131038687765,0.4,0.7312779418179998,5.241030620369115
2020-04-26 12:00:00,2020,4,26,12,1587902400,kansas,20.33316595398437,8.199363599442574,95.47382839438383,21.07641695743577,0.0,0.28134239781874265,0.6617796082351712,7.423496405296652
2020-04-26 18:00:00,2020,4,26,18,1587924000,kansas,13.943389466663838,12.680710619632162,95.46928779173065,0.14700808956346437,0.0,0.289383622629436,0.6939451993725563,4.777922857328065
2020-04-27 00:00:00,2020,4,27,0,1587945600,kansas,5.039684390768474,6.547664354797502,96.05360403620593,0.35957135123644945,0.0,0.2629724411954218,0.6999566269999886,3.662617246865722
2020-04-27 06:00:00,2020,4,27,6,1587967200,kansas,15.983725778043514,7.085609417649409,95.18846164528901,0.7062508610514106,18.08646946925006,0.4,0.6853098204915282,5.078269628270685
2020-04-27 12:00:00,2020,4,27,12,1587988800,kansas,28.597824176351175,6.933359896995136,96.05736148633696,21.08296160917369,0.0,0.29652498648863373,0.6484330392682385,8.119149843180791
2020-04-27 18:00:00,2020,4,27,18,1588010400,kansas,13.491705404766446,7.268461870110254,95.5802998046449,0.7461102322085725,0.0,0.3184461719888116,0.675973788768464,4.961907909150678
2020-04-28 00:00:00,2020,4,28,0,1588032000,kansas,3.9896584074148125,11.031587521644703,95.37159847516308,0.1090382108857546,6.603062744022839,0.33638144490484456,0.6080041562876909,3.723792715165442
2020-04-28 06:00:00,2020,4,28,6,1588053600,kansas,18.667354472175997,7.3867485314779096,95.66280405764131,0.5512861436260685,0.0,0.29327870889752883,0.6903865235537441,4.761275546844416
2020-04-28 12:00:00,2020,4,28,12,1588075200,kansas,26.023812378977347,6.924118918881037,95.42668588306044,20.636647226588423,0.0,0.28590374041206046,0.6998178454349804,8.137080965820045
2020-04-28 18:00:00,2020,4,28,18,1588096800,kansas,16.065278120321874,6.556280540128579,96.05966207312306,0.10307171061354108,0.0,0.25825997861351957,0.6895670368853184,4.465757992802962
2020-04-29 00:00:00,2020,4,29,0,1588118400,kansas,7.645426204810485,7.655577594046438,96.09735136555773,0.667997021528509,0.0,0.26176066654077346,0.7336425487853632,4.205719221478691
2020-04-29 06:00:00,2020,4,29,6,1588140000,kansas,17.287793446570127,10.346087739057259,95.36540400908355,0.3872033759147151,0.0,0.2791105309655377,0.7095157038108488,4.957587655540197
2020-04-29 12:00:00,2020,4,29,12,1588161600,kansas,28.00471117493828,8.801494399252263,95.51310094430782,20.378179775166018,2.87051251306592,0.38175930068177066,0.6844598732409358,8.206718425219318
2020-04-29 18:00:00,2020,4,29,18,1588183200,kansas,14.882618312464553,7.786081833750057,95.41238633352792,0.16027909463742412,0.0,0.29191822509750326,0.68728108769034,4.7136751413915725
2020-04-30 00:00:00,2020,4,30,0,1588204800,kansas,10.397214680545842,7.988895711258117,95.62276969885542,0.901983360585598,4.3345031803947265,0.357686635530872,0.6890851429768395,4.477076721522178
2020-04-30 06:00:00,2020,4,30,6,1588226400,kansas,17.649565276531547,7.855633866194232,96.00984994389468,0.838393240912315,10.47005045196835,0.4,0.6844831686482434,5.455988768928587
2020-04-30 12:00:00,2020,4,30,12,1588248000,kansas,26.58361515845692,7.49318534688994,95.28375408192224,21.40855337083643,0.0,0.28134238729423555,0.7132693104211093,7.9923839685883475
2020-04-30 18:00:00,2020,4,30,18,1588269600,kansas,16.21807170303558,10.125832334366336,95.3431567230493,0.46987926809312724,0.0,0.2706275363831344,0.6994369948840067,4.710729242503884
2020-05-01 00:00:00,2020,5,1,0,1588291200,kansas,10.757190091512957,7.46569314566078,95.68564410775663,0.6879842997551255,0.0,0.27724109609567804,0.7069277289755882,4.228856163235667
2020-05-01 06:00:00,2020,5,1,6,1588312800,kansas,19.808692023216718,13.647979701384171,95.5856898316243,0.5527019561083683,0.0,0.29756857619348615,0.7040017150479884,5.56475314364606
2020-05-01 12:00:00,2020,5,1,12,1588334400,kansas,28.7012876448864,7.297041957246685,95.74379788812426,21.1022099930276,11.69579859580791,0.4,0.6732569045641197,8.807022765287106
2020-05-01 18:00:00,2020,5,1,18,1588356000,kansas,16.312181949227906,6.566302090763361,95.9998194927682,0.27749753387711135,15.687411053261991,0.4,0.6950224761969511,5.411238637552042
2020-05-02 00:00:00,2020,5,2,0,1588377600,kansas,13.719274144152394,6.747273868981295,95.72893066238552,0.858631438305995,5.58663792304971,0.3623369578587081,0.690441350977978,4.753704205640631
2020-05-02 06:00:00,2020,5,2,6,1588399200,kansas,16.60796976251928,8.200924988703312,94.8667710053191,0.19301452909858008,0.0,0.3056140444351655,0.7220344239904013,4.959438455037131
2020-05-02 12:00:00,2020,5,2,12,1588420800,kansas,26.372351471442048,6.360912535328667,95.7429854694595,21.295201584166442,0.0,0.2679579568818843,0.6644281005605295,7.741069201627378
2020-05-02 18:00:00,2020,5,2,18,1588442400,kansas,20.060396007472683,10.33795929871106,95.35684301737155,0.9383900881620363,0.0,0.26179281013072525,0.6757076422656805,4.914735357037677
2020-05-03 00:00:00,2020,5,3,0,1588464000,kansas,11.312373696133816,6.414909981271817,95.76730596641538,0.6932770155553077,0.0,0.2819016875438334,0.7206921031144259,4.447255103376071
2020-05-03 06:00:00,2020,5,3,6,1588485600,kansas,16.20923319150468,7.601632112866923,95.93349642731894,0.6237443525798759,0.0,0.2760457982302427,0.7106126871994123,4.8165974042393955
2020-05-03 12:00:00,2020,5,3,12,1588507200,kansas,23.695926998144472,6.655725888676365,95.72038264347245,21.069063274256994,0.0,0.276849368066058,0.7564912487778115,7.772352981363674
2020-05-03 18:00:00,2020,5,3,18,1588528800,kansas,16.82461331660262,8.192980831241295,94.41481229798181,0.46276585362194467,0.0,0.3248312597889994,0.720265557268678,5.023809060979061
2020-05-04 00:00:00,2020,5,4,0,1588550400,kansas,11.626734238283836,6.666061906560789,95.42097792476095,0.060732913713918535,3.4414460692375703,0.35124763269246984,0.7486456536469107,4.716218815463213
2020-05-04 06:00:00,2020,5,4,6,1588572000,kansas,17.633528770808322,11.745185933449651,95.51184311120481,0.04060173719899374,11.979784486727917,0.4,0.7824515760087473,5.72577612184543
2020-05-04 12:00:00,2020,5,4,12,1588593600,kansas,25.54326115588601,7.060154517207151,95.172992825232,20.83509049930313,0.0,0.26752261686133133,0.7090046345359685,7.978411313894205
2020-05-04 18:00:00,2020,5,4,18,1588615200,kansas,19.347669738494464,7.5247160301153,95.883095938818,0.37168473680822434,7.066828218256437,0.38385967103460383,0.6947148027020857,5.3034477467963175
2020-05-05 00:00:00,2020,5,5,0,1588636800,kansas,9.877114814434362,6.444044513905225,95.64713188592599,0.006512242701892101,0.0,0.28584265231367784,0.7492009915770395,4.226866914629812
2020-05-05 06:00:00,2020,5,5,6,1588658400,kansas,17.29374975383197,12.118430878465867,95.69864548654556,0.696843542536357,2.7246847902262537,0.32895671690965167,0.6931080202218811,5.553514092786626
2020-05-05 12:00:00,2020,5,5,12,1588680000,kansas,29.13065638601679,7.3887701383628395,95.73773359374812,21.66912826658183,0.0,0.2926893161902186,0.7776018473572708,8.511730343838245
2020-05-05 18:00:00,2020,5,5,18,1588701600,kansas,17.691068360574608,6.584094325787207,95.17065209686746,0.5348216411837593,1.782530141387343,0.31775785832125336,0.7580670685644623,4.922192891052576
2020-05-06 00:00:00,2020,5,6,0,1588723200,kansas,8.326999725543285,6.48703554440111,95.49211497810792,0.3735601298855029,0.0,0.3165060793768135,0.6853131805891377,4.04301708498669
2020-05-06 06:00:00,2020,5,6,6,1588744800,kansas,19.3020760546873,7.138191263596082,96.36242997572691,0.015707399997508364,0.0,0.312707618556124,0.665517455944453,4.8592833753356235
2020-05-06 12:00:00,2020,5,6,12,1588766400,kansas,28.827579399157987,6.592048818465784,95.12412685756821,21.85344206574126,0.0,0.30300568817869744,0.7691022718021315,8.490297281643903
2020-05-06 18:00:00,2020,5,6,18,1588788000,kansas,16.742268914361983,7.95406139529755,95.28400696518136,0.7468763415680952,9.927606848956083,0.4,0.6971466194832281,5.119073611130643
2020-05-07 00:00:00,2020,5,7,0,1588809600,kansas,10.86756831092155,8.140717579236266,95.37439266850569,0.22667814191105307,0.0,0.3030362472719016,0.7122305650083715,4.650605308911649
2020-05-07 06:00:00,2020,5,7,6,1588831200,kansas,18.123328627425877,6.45506919023525,95.3022852393241,0.456989605019545,0.0,0.2921621070445119,0.6885370166191138,5.003065256326241
2020-05-07 12:00:00,2020,5,7,12,1588852800,kansas,28.428793876827804,6.271324556895019,95.5258811620287,22.064148045757072,0.0,0.32565448572126166,0.7368928313017182,8.668899562363688
2020-05-07 18:00:00,2020,5,7,18,1588874400,kansas,18.49503638140745,8.713431408585464,94.79459047037109,0.6954681161491396,0.0,0.3063136983925491,0.7032852257120706,5.232559976268224
2020-05-08 00:00:00,2020,5,8,0,1588896000,kansas,8.459423946702314,7.766447322568544,95.60257428673633,0.28784784702943034,0.0,0.32772271427192395,0.704428574169222,4.298274723239481
2020-05-08 06:00:00,2020,5,8,6,1588917600,kansas,18.695695823415683,7.4044083122064155,96.01905300706389,0.32072777016331433,0.0,0.3323054178875953,0.7572803864542867,5.513544065435343
2020-05-08 12:00:00,2020,5,8,12,1588939200,kansas,28.83199005052668,10.127618066768028,95.61074022682,22.099166982589537,0.0,0.2972306078246385,0.7186782265292284,8.466828503987145
2020-05-08 18:00:00,2020,5,8,18,1588960800,kansas,19.423890778937945,6.795556718280897,95.9603336785063,0.4605782560351987,0.0,0.29094131459763356,0.7297144679944728,5.176381320651227
2020-05-09 00:00:00,2020,5,9,0,1588982400,kansas,10.802437099201404,7.816284355698821,95.70782954277776,0.22931376602519338,0.0,0.29253875211635955,0.6987934875164806,4.375602861866815
2020-05-09 06:00:00,2020,5,9,6,1589004000,kansas,17.265186251717147,6.893994526544316,95.1986928178919,0.5469299751028275,0.0,0.34066071267659215,0.7142897004513156,4.906613860389283
2020-05-09 12:00:00,2020,5,9,12,1589025600,kansas,27.249806717998414,7.235674901684341,94.66406203989537,21.977544107502762,0.0,0.29074588112401717,0.7123688591819229,8.151992869792227
2020-05-09 18:00:00,2020,5,9,18,1589047200,kansas,19.271918620226895,6.433659821496765,95.47420287087543,0.49603751017825964,0.0,0.2926489752403239,0.7724345370471803,5.196809607901627
2020-05-10 00:00:00,2020,5,10,0,1589068800,kansas,10.422818425993421,8.584263018698145,95.58958348350095,0.28586683365337295,0.0,0.30977578938600975,0.7557983417616903,4.714317300892113
2020-05-10 06:00:00,2020,5,10,6,1589090400,kansas,22.28708049412233,6.198004284139403,95.52757050896439,0.6368205512900895,0.0,0.3011186010274378,0.7680531258200076,5.683371605018998
2020-05-10 12:00:00,2020,5,10,12,1589112000,kansas,28.292685950626012,7.043960195285177,96.46041915674964,22.031993149616866,5.916380978461488,0.37491700450738125,0.7632460453721075,8.845701519019844
2020-05-10 18:00:00,2020,5,10,18,1589133600,kansas,15.743750987305589,10.074943001806426,95.8015384397749,0.5752163941277684,3.291321564817107,0.3163281306271599,0.7746324743674643,4.977375400645595
2020-05-11 00:00:00,2020,5,11,0,1589155200,kansas,8.69626431052426,9.605350818309779,94.91427344179962,0.25341499786622634,0.0,0.3371674227512705,0.6968842027908383,4.645839085220201
2020-05-11 06:00:00,2020,5,11,6,1589176800,kansas,23.58864302348892,6.453336370762302,95.34569860978569,0.05456522774636341,1.2948492481460123,0.3024436647282165,0.7503507647261626,5.313385786831892
2020-05-11 12:00:00,2020,5,11,12,1589198400,kansas,28.03957056824572,7.3232819647801755,95.69735244768458,21.621138369316114,8.230806091520732,0.4,0.7343596077826317,8.767609160623255
2020-05-11 18:00:00,2020,5,11,18,1589220000,kansas,20.072317758946642,6.445969947448649,96.00282191569184,0.3905495132651136,0.0,0.3034573289472221,0.769868678311406,5.3353742070819274
2020-05-12 00:00:00,2020,5,12,0,1589241600,kansas,15.091871065432915,6.356537910146749,95.23803705757405,0.7275261633802382,9.431297719681067,0.4,0.7174163602316596,5.230458094592657
2020-05-12 06:00:00,2020,5,12,6,1589263200,kansas,22.18639237341123,9.560038777165136,95.1313664573789,0.9271959985659024,0.0,0.31678924607673553,0.7560398348301487,5.577665429397113
2020-05-12 12:00:00,2020,5,12,12,1589284800,kansas,27.505831735693725,6.5015602259831935,94.82103943767933,22.160652251134398,0.0,0.31909337601520377,0.7467598977043003,8.496009129870776
2020-05-12 18:00:00,2020,5,12,18,1589306400,kansas,21.966579938296906,6.253349516394149,95.77364563451121,0.006110480972246057,0.0,0.30684635871120247,0.7751294135778682,5.352311822650384
2020-05-13 00:00:00,2020,5,13,0,1589328000,kansas,16.17672542800699,7.00788114025906,95.66093559860079,0.6239136244313761,0.0,0.3101686238254648,0.780021904768592,5.330521557953494
2020-05-13 06:00:00,2020,5,13,6,1589349600,kansas,22.504647877479652,6.4356244148904365,95.27006872757039,0.09495856281977366,3.2574749439185604,0.3536039822007596,0.6799715006828042,5.596458082999901
2020-05-13 12:00:00,2020,5,13,12,1589371200,kansas,28.759472369011345,11.914689161457428,95.14324616613617,22.359558334283804,0.0,0.31538518248698905,0.7617392583736979,8.739994033791573
2020-05-13 18:00:00,2020,5,13,18,1589392800,kansas,19.696907309377238,7.849726280987133,95.36716771344337,0.316994409364188,13.362222120106159,0.4,0.7777290603459136,5.493528111015471
2020-05-14 00:00:00,2020,5,14,0,1589414400,kansas,13.003627795337158,6.639556563506689,94.91118767987116,0.2620970147328643,0.0,0.297346575629903,0.6805520931097542,4.499237759718642
2020-05-14 06:00:00,2020,5,14,6,1589436000,kansas,23.607554351444673,9.420799319108452,95.11155100460616,0.5006502570046331,14.914100790169583,0.4,0.7141040112252047,6.1130070035477875
2020-05-14 12:00:00,2020,5,14,12,1589457600,kansas,29.557907009897647,7.127021190693993,94.69923683783858,22.117459405618725,0.0,0.2923900005060095,0.7851984178574585,8.574820772773798
2020-05-14 18:00:00,2020,5,14,18,1589479200,kansas,23.458548731917748,7.148144706868944,95.04496722631427,0.17622998512861496,0.0,0.3110956567444455,0.7312298121772953,5.51567487924898
2020-05-15 00:00:00,2020,5,15,0,1589500800,kansas,11.562385422514982,6.399849777355944,95.51358928071778,0.8800684134470221,0.0,0.28319960822832435,0.7676851586255329,4.589997395780513
2020-05-15 06:00:00,2020,5,15,6,1589522400,kansas,20.367855736786026,6.266193069287089,96.12597133785971,0.9567921966680346,0.0,0.3213061144773793,0.7516412646640757,5.101131442294179
2020-05-15 12:00:00,2020,5,15,12,1589544000,kansas,26.88945386142996,6.282805974099423,95.19705666432867,21.90188692767619,0.0,0.2874283732312792,0.784236722506886,8.546902275815803
2020-05-15 18:00:00,2020,5,15,18,1589565600,kansas,25.302164104219397,7.8410808987144724,95.69955182058457,0.26763735819750367,9.40469013263064,0.4,0.7097697671848932,6.0531970672047555
2020-05-16 00:00:00,2020,5,16,0,1589587200,kansas,15.593382864657803,6.139383375009645,95.09803828434931,0.052789669301639974,0.0,0.29680323905488926,0.7330217755603935,4.811671871384684
2020-05-16 06:00:00,2020,5,16,6,1589608800,kansas,19.04901850537224,6.4054688937167965,95.36362308486159,0.426954830041972,0.0,0.32525541477118414,0.7238405150273113,5.121826655141094
2020-05-16 12:00:00,2020,5,16,12,1589630400,kansas,29.09717113861965,6.78163019126788,95.56438561033829,22.114887443263477,0.0,0.343283154557523,0.7717868001425916,8.40127165546222
2020-05-16 18:00:00,2020,5,16,18,1589652000,kansas,20.06661685269522,7.184666118684158,95.78089190603198,0.29617730363433903,0.0,0.34168081539862394,0.7378986552303564,5.454881910325331
2020-05-17 00:00:00,2020,5,17,0,1589673600,kansas,14.079357444407187,6.0944789530517784,95.37311513789288,0.9146517752211885,0.0,0.3119512186451988,0.7285133032437084,4.799715774326293
2020-05-17 06:00:00,2020,5,17,6,1589695200,kansas,21.975278097728427,7.136917924740647,95.56265422676469,0.31011953691036387,0.0,0.3145367184722273,0.8051172043789347,5.408293025115639
2020-05-17 12:00:00,2020,5,17,12,1589716800,kansas,33.17345151433632,8.068019646972258,95.26798594984095,22.20030234117337,0.0,0.30267213269644305,0.7822111215505344,9.07349475698086
2020-05-17 18:00:00,2020,5,17,18,1589738400,kansas,22.883227027801542,6.296442155500259,95.70943980607512,0.4093432166138157,0.0,0.3147232659091579,0.7860230859020488,5.550550674357397
2020-05-18 00:00:00,2020,5,18,0,1589760000,kansas,14.899256472513445,7.633936865815787,96.008509905096,0.3364943691427672,0.0,0.2994611832207349,0.7271469382365796,4.6145792789922915
2020-05-18 06:00:00,2020,5,18,6,1589781600,kansas,24.647196886421472,6.502419939205436,95.69742668920338,0.6600118992867167,0.0,0.3290973961987139,0.7450504458121917,5.654499100632189
2020-05-18 12:00:00,2020,5,18,12,1589803200,kansas,33.27017824050571,7.47821980591754,95.27416418735969,22.834050118612463,0.0,0.3023275083904181,0.7138784189522711,8.996781624063413
2020-05-18 18:00:00,2020,5,18,18,1589824800,kansas,22.507789038716346,7.091119531115235,95.44306217609281,0.0578041056251142,0.0,0.33840309765686605,0.7536842831913045,5.524093555404324
2020-05-19 00:00:00,2020,5,19,0,1589846400,kansas,10.902233886709737,7.8083591175604035,95.50174584089115,0.0636655164609019,23.223808837110745,0.4,0.7770267692523282,5.004195530980605
2020-05-19 06:00:00,2020,5,19,6,1589868000,kansas,23.98156341626243,7.245459143219237,95.40131129152299,0.999399032320463,0.0,0.3087767088267078,0.7658119649618443,5.674694055826965
2020-05-19 12:00:00,2020,5,19,12,1589889600,kansas,26.530440071788348,7.084035664493091,95.01411261589898,22.73626430747782,0.0,0.30498756946771804,0.723494332195569,8.569938598883711
2020-05-19 18:00:00,2020,5,19,18,1589911200,kansas,21.362828483436267,6.527076524810643,95.00506609759663,0.3724956307940358,0.0,0.3025410878725411,0.7551711139449186,5.091654718895692
2020-05-20 00:00:00,2020,5,20,0,1589932800,kansas,17.09632643876893,7.93822579192521,95.10230159733423,0.5187478379990438,0.0,0.33041744162599423,0.7444374876946288,4.965412077851732
2020-05-20 06:00:00,2020,5,20,6,1589954400,kansas,23.54373433643592,8.594742143863225,95.57398843633663,0.7770568070526233,27.520783968034998,0.4,0.7632072742133851,6.3406350609161395
2020-05-20 12:00:00,2020,5,20,12,1589976000,kansas,26.799033493507444,6.802357882506441,95.56094239384345,22.125642788490527,0.0,0.31665273840847435,0.7667622699721216,8.424194854420485
2020-05-20 18:00:00,2020,5,20,18,1589997600,kansas,23.865317455841502,10.99292327047517,95.3907418793555,0.33601290913123166,0.0,0.31487541161450455,0.7101737592612113,5.4660114453492055
2020-05-21 00:00:00,2020,5,21,0,1590019200,kansas,15.066934486190473,12.232854590479695,94.58821117099215,0.7421088588229121,0.0,0.31582407091956555,0.6649964477145022,5.029793376927365
2020-05-21 06:00:00,2020,5,21,6,1590040800,kansas,22.49930443611736,8.417828875013814,96.57753706909261,0.6486942123289468,0.0,0.36584374865559044,0.7038684376595733,5.516754239568151
2020-05-21 12:00:00,2020,5,21,12,1590062400,kansas,32.42443927239469,7.566891709404407,95.10361035073403,22.489477280834787,0.0,0.2879613280611115,0.7755652398110854,8.933478240996818
2020-05-21 18:00:00,2020,5,21,18,1590084000,kansas,22.74926016561321,6.088509414301459,95.04297791106255,0.3992808364273222,0.0,0.33003255620457117,0.765852943026768,5.380450046828019
2020-05-22 00:00:00,2020,5,22,0,1590105600,kansas,13.257683217062334,6.1658654896916625,96.38810049146036,0.9535294591165993,0.0,0.3059511391165222,0.7564038885121014,5.152456621754962
2020-05-22 06:00:00,2020,5,22,6,1590127200,kansas,23.544746237292756,6.254154829809137,95.83111934122323,0.7767768734787766,0.0,0.3485547942728011,0.718690400266437,5.646300737448811
2020-05-22 12:00:00,2020,5,22,12,1590148800,kansas,28.613407959519826,13.852261970014265,95.51349993106967,23.121180309578765,0.0,0.34339977950207007,0.7382405938077164,9.159270522626816
2020-05-22 18:00:00,2020,5,22,18,1590170400,kansas,19.972459815211856,7.1686730214966525,94.41816490888463,0.5068839594686408,0.0,0.3438786821092056,0.7457107391893667,5.345404977103827
2020-05-23 00:00:00,2020,5,23,0,1590192000,kansas,15.8232122420714,6.904025970519248,94.57310487383182,0.603314161211056,0.0,0.3195962403904065,0.7620344235069005,4.846348034081398
2020-05-23 06:00:00,2020,5,23,6,1590213600,kansas,24.088468048086725,9.314250397596348,95.28124312774365,0.6935542298899744,0.0,0.31727241979407295,0.7410183369570507,5.878918141103387
2020-05-23 12:00:00,2020,5,23,12,1590235200,kansas,34.24209920858355,6.31851572549684,94.7131578780791,22.60224719995274,7.320755491867267,0.3872558716513068,0.7334133155738463,9.36784356525839
2020-05-23 18:00:00,2020,5,23,18,1590256800,kansas,22.79866642709715,6.823731293355555,95.47742362653052,0.36753316158628785,7.367463611518561,0.4,0.7914009075282896,6.129360273053598
2020-05-24 00:00:00,2020,5,24,0,1590278400,kansas,14.882821635680529,6.8009585142620566,95.43803324587026,0.016812074064032068,0.0,0.3119273360620106,0.7299463076921143,4.992976128781378
2020-05-24 06:00:00,2020,5,24,6,1590300000,kansas,21.396914527277758,6.6882715054977036,95.23025836802132,0.37124365156689587,0.0,0.29474998031951194,0.7854113475572312,5.372612569493717
2020-05-24 12:00:00,2020,5,24,12,1590321600,kansas,28.63083750281188,8.092889970843922,94.91976808796574,22.484464393761836,0.0,0.29506269569978494,0.7084818089442301,8.651387319249022
2020-05-24 18:00:00,2020,5,24,18,1590343200,kansas,19.44329728998361,7.9026971184497725,94.95874997798548,0.3845880877364008,7.290567233553135,0.4,0.7284288242920828,5.293784963731119
2020-05-25 00:00:00,2020,5,25,0,1590364800,kansas,16.632577172724208,6.747600906998078,95.25688241033586,0.37209679555035446,0.0,0.28294350197231477,0.7165587434188494,4.554467822005163
2020-05-25 06:00:00,2020,5,25,6,1590386400,kansas,25.500385405987434,6.305834875214286,95.69416857537377,0.2639234895428073,0.0,0.3377974533026305,0.7880339130938566,5.907720824738536
2020-05-25 12:00:00,2020,5,25,12,1590408000,kansas,33.62726263807951,8.969947484178508,95.50644412836661,23.150151196660822,12.116575072906459,0.4,0.743312471307058,9.39364958751174
2020-05-25 18:00:00,2020,5,25,18,1590429600,kansas,24.438131460817388,9.068129867799398,95.09734467972412,0.9611047478299646,7.8414817498583815,0.4,0.8001621680108886,6.437616440847109
2020-05-26 00:00:00,2020,5,26,0,1590451200,kansas,15.29182217831466,8.07773958842481,95.58516941130418,0.5386974904769858,0.0,0.32112474127259444,0.770825887349951,5.21813750258637
2020-05-26 06:00:00,2020,5,26,6,1590472800,kansas,23.430564111322298,8.392070073785513,95.0482596364336,0.888007273081185,13.100693110619583,0.4,0.7500344591547429,6.073387848492828
2020-05-26 12:00:00,2020,5,26,12,1590494400,kansas,30.508335934088766,6.225225984650603,95.23657462445178,23.177446894930235,8.797030644963526,0.3938960644816632,0.7559339046499528,9.243330347841615
2020-05-26 18:00:00,2020,5,26,18,1590516000,kansas,26.541448331693385,6.801351168335826,94.96370242368204,0.929611263262035,0.0,0.3535322056289063,0.7533917650113515,5.955271637128205
2020-05-27 00:00:00,2020,5,27,0,1590537600,kansas,15.014711512817879,7.75662415798212,95.38597122376022,0.9267952198916372,0.0,0.3041032816340631,0.7128197613938237,4.712152058418638
2020-05-27 06:00:00,2020,5,27,6,1590559200,kansas,19.2967060169759,7.523757871823368,95.63605360897913,0.053967841739134825,0.0,0.3298581598329514,0.6919414986638432,5.065120469600094
2020-05-27 12:00:00,2020,5,27,12,1590580800,kansas,31.54155457833633,9.199294028223225,95.67378576257718,22.64063341984414,0.0,0.28222053065087177,0.7803809633358565,8.708391371390016
2020-05-27 18:00:00,2020,5,27,18,1590602400,kansas,25.448961553278874,8.983526186684928,95.42058948779555,0.5663216019705631,9.438583259406705,0.4,0.7633164738726695,6.187415636072209
2020-05-28 00:00:00,2020,5,28,0,1590624000,kansas,16.847044731927113,7.440363304437532,96.29302086636572,0.6985219354314688,0.0,0.32018632691658605,0.7288914069670666,4.817939129847983
2020-05-28 06:00:00,2020,5,28,6,1590645600,kansas,22.935756245340865,6.416567914461298,95.4855787989791,0.862248209066728,0.0,0.3573693111271046,0.7323051032485212,5.505905752662446
2020-05-28 12:00:00,2020,5,28,12,1590667200,kansas,31.64284199936232,7.252304311810024,95.25808009483332,22.518336318402696,0.0,0.3080123692684956,0.7085339463784033,8.462243466033595
2020-05-28 18:00:00,2020,5,28,18,1590688800,kansas,21.544230590845537,7.101907411011554,95.21355443179301,0.07663893311641842,2.9256431157289313,0.37466783216755123,0.7608688792870912,5.872609362483144
2020-05-29 00:00:00,2020,5,29,0,1590710400,kansas,18.12862910275196,6.019331043449684,95.73541176858014,0.18283756491327452,1.4304790169095676,0.3672267540719535,0.7615287747660612,5.397032437904489
2020-05-29 06:00:00,2020,5,29,6,1590732000,kansas,20.75927536259517,7.39029819418642,95.46787501146495,0.849564934995911,6.415009532332744,0.38020616291644993,0.7331062182733981,5.8074303578435105
2020-05-29 12:00:00,2020,5,29,12,1590753600,kansas,36.765821609785064,6.84904869895775,95.14319305523739,22.813232467905742,0.0,0.29703584144219985,0.694592292265992,9.203435944745564
2020-05-29 18:00:00,2020,5,29,18,1590775200,kansas,24.620001904547735,6.205883074712914,95.11439840259862,0.07852403985994459,0.0,0.35954790867256664,0.7307964479340034,5.9004470528582695
2020-05-30 00:00:00,2020,5,30,0,1590796800,kansas,14.479622549272573,6.418909303880678,95.23974743830215,0.7991106960441878,9.013968959948096,0.4,0.7231922059823284,4.924987931013741
2020-05-30 06:00:00,2020,5,30,6,1590818400,kansas,20.243177376831028,6.302041554156581,95.15169719676133,0.19229096428167802,0.0,0.3245487454824014,0.7406794338886737,5.24771522668008
2020-05-30 12:00:00,2020,5,30,12,1590840000,kansas,30.65466140666089,6.076891452936782,95.43805240644072,22.67344429213678,0.0,0.3514026836174064,0.7247281699219932,8.690458918864456
2020-05-30 18:00:00,2020,5,30,18,1590861600,kansas,23.70909234180528,5.7803726200160375,95.14943844043584,0.34748531531697924,0.0,0.3383425901088773,0.7047194189540013,5.398579848516698
2020-05-31 00:00:00,2020,5,31,0,1590883200,kansas,15.39787311496993,6.715061028292201,95.48820476185442,0.7232003813628647,0.0,0.34427987730547305,0.6833006524702486,4.965524595456567
2020-05-31 06:00:00,2020,5,31,6,1590904800,kansas,22.533363602008922,6.078081726551708,95.81043090817256,0.17010774405402618,9.097331425954508,0.4,0.7045163535218746,5.7623407519274075
2020-05-31 12:00:00,2020,5,31,12,1590926400,kansas,34.18436263276407,7.317428829372829,94.7259682910782,23.083486828775705,0.0,0.3174068763801614,0.713574573707456,9.059566791586752
2020-05-31 18:00:00,2020,5,31,18,1590948000,kansas,23.997080000239816,6.929746500688591,95.15487631921171,0.3537625821416984,0.0,0.34823574049434625,0.7423419377456041,5.741581020678651
2020-06-01 00:00:00,2020,6,1,0,1590969600,kansas,15.15243136683743,8.802308715613432,94.78641287180767,0.00623606240734198,0.0,0.338737039269833,0.7329361313318772,4.743063615801213
2020-06-01 06:00:00,2020,6,1,6,1590991200,kansas,31.579450057802074,7.250421561026528,95.57777557991233,0.3372821355459128,5.642141472286313,0.3919092258610901,0.7181246231844126,6.359903791148833
2020-06-01 12:00:00,2020,6,1,12,1591012800,kansas,31.077953622752364,5.737823529804085,95.69176726015307,23.114363080162434,5.617042443551634,0.38721996713791024,0.7213738691424991,9.03791978566966
2020-06-01 18:00:00,2020,6,1,18,1591034400,kansas,25.090497867434987,6.800435810785775,95.82961517807973,0.20465326382922655,8.407639632205376,0.4,0.7215411683354361,5.695884485019882
2020-06-02 00:00:00,2020,6,2,0,1591056000,kansas,15.80472372341823,5.712034840900287,95.39875419665331,0.2267337842457573,0.0,0.34939642058072357,0.7181693093069437,4.713078118273103
2020-06-02 06:00:00,2020,6,2,6,1591077600,kansas,31.321593537668996,6.420495405304889,95.40785972173344,0.1046177559793825,5.88511858046037,0.4,0.7599885492704945,6.6380124938484695
2020-06-02 12:00:00,2020,6,2,12,1591099200,kansas,36.211859695370556,7.224859914199242,95.56443224717366,22.95458545234642,0.0,0.33310455654454424,0.736259568977895,9.313247079382265
2020-06-02 18:00:00,2020,6,2,18,1591120800,kansas,27.352561153928875,8.288189804066135,95.72042676902487,0.6263154688335458,0.0,0.3218729077731467,0.6748201231504489,5.810343940703179
2020-06-03 00:00:00,2020,6,3,0,1591142400,kansas,15.89747296723951,7.518707901777422,94.67345867330602,0.7259818941384253,9.695342504268375,0.4,0.7421594801997053,5.667759894264101
2020-06-03 06:00:00,2020,6,3,6,1591164000,kansas,28.75654592557624,7.422912053479431,95.60735954418664,0.9378271497015351,0.0,0.3395519107212192,0.7470206995969655,6.179225342872335
2020-06-03 12:00:00,2020,6,3,12,1591185600,kansas,28.250135016675593,11.431133118684489,94.764149642818,23.557829330143026,10.88111387365601,0.4,0.7362867290252326,9.286618499041886
2020-06-03 18:00:00,2020,6,3,18,1591207200,kansas,30.39554326213015,6.203695315306855,95.2253978822551,0.10758271697341881,11.281088466159254,0.4,0.7252975910071331,6.277680569297047
2020-06-04 00:00:00,2020,6,4,0,1591228800,kansas,17.10710374135353,8.14680190016012,95.39111382767135,0.7473913387525836,0.0,0.3566690485277338,0.7056704340127372,5.462984784245014
2020-06-04 06:00:00,2020,6,4,6,1591250400,kansas,25.537261300233244,6.531841023674649,95.68520597817712,0.5386640427042375,0.0,0.3599769788378269,0.7270433510610468,5.698141221912771
2020-06-04 12:00:00,2020,6,4,12,1591272000,kansas,33.13448692753644,6.796559825217966,95.44516596246382,23.27626818157739,0.0,0.326986539288099,0.6896692729950167,8.97309553657329
2020-06-04 18:00:00,2020,6,4,18,1591293600,kansas,27.785631796562402,6.795016386236438,95.51974917509062,0.3101177934920121,5.106884260207393,0.4,0.6964825768066644,5.9632437579034745
2020-06-05 00:00:00,2020,6,5,0,1591315200,kansas,16.550298166675383,8.210549046687216,95.29298752558972,0.4682754917282633,0.0,0.3288088266956752,0.7463338788981798,5.168046342995057
2020-06-05 06:00:00,2020,6,5,6,1591336800,kansas,24.941106040874722,5.628767947835321,94.98193421440763,0.7172148014422669,0.0,0.3470382934115986,0.7116219213552527,5.427354126078938
2020-06-05 12:00:00,2020,6,5,12,1591358400,kansas,33.86878741428529,6.0114832305255055,94.77953426388378,23.53059212961351,9.139212462575928,0.39342789178206794,0.6662154514682325,9.082711289957482
2020-06-05 18:00:00,2020,6,5,18,1591380000,kansas,28.592821338558277,6.6037919149804605,95.48080945568827,0.4503098570888945,9.270941895322665,0.4,0.6850575752368017,6.219190377210106
2020-06-06 00:00:00,2020,6,6,0,1591401600,kansas,22.637586445455916,12.669514501122496,94.97108033563104,0.7052064047970121,0.0,0.3096933871609286,0.7182577271351898,5.960232829041283
2020-06-06 06:00:00,2020,6,6,6,1591423200,kansas,26.032228917982028,5.5648900048945835,95.56279483825575,0.7093592917567973,0.0,0.3347353660456483,0.685150486444413,5.744225075334898
2020-06-06 12:00:00,2020,6,6,12,1591444800,kansas,32.65747627726045,6.143388381766651,95.33080085096847,23.709802830646296,0.0,0.35437348028813,0.6625761845969298,9.178996890856311
2020-06-06 18:00:00,2020,6,6,18,1591466400,kansas,27.980899973615077,6.788092296161094,95.30236998401875,0.4253359652695875,0.0,0.299446186659985,0.7199877527378714,5.576034440846111
2020-06-07 00:00:00,2020,6,7,0,1591488000,kansas,22.140914303520713,6.476652202165093,95.16717036686882,0.23655197787852977,3.287972611477513,0.34483253511579,0.7015562219031808,5.35745719531184
2020-06-07 06:00:00,2020,6,7,6,1591509600,kansas,24.03269558671978,5.727211938033534,95.22826674952331,0.34728942178630795,0.0,0.3479792527246949,0.7159164375739093,5.603108758913856
2020-06-07 12:00:00,2020,6,7,12,1591531200,kansas,35.765514269338,8.48703478097565,94.95881157003419,23.246762535864335,0.0,0.31973589273828773,0.6984397209903478,9.100244124248679
2020-06-07 18:00:00,2020,6,7,18,1591552800,kansas,30.99892997164858,7.009790001130539,96.10456124675932,0.1965823773656338,0.0,0.30667889032735085,0.66886974539208,5.92982413599074
2020-06-08 00:00:00,2020,6,8,0,1591574400,kansas,18.940116391904652,8.279940878153283,95.8719312536493,0.11686306379767775,0.0,0.2973735445607433,0.7016439186101742,4.909663974544793
2020-06-08 06:00:00,2020,6,8,6,1591596000,kansas,27.93062302710733,5.90918898650707,95.44905673996469,0.9131712524989068,0.0,0.357358076816511,0.6800946163746449,5.79740256074046
2020-06-08 12:00:00,2020,6,8,12,1591617600,kansas,35.553764185743525,5.866529391945107,94.65304453747679,23.143155262704152,13.11859142675038,0.4,0.7223731808944955,9.605682620323865
2020-06-08 18:00:00,2020,6,8,18,1591639200,kansas,26.5647189928616,10.508679507402888,95.4193347786979,0.9374590538162729,0.0,0.32242646041017964,0.7133818123681381,6.06004323979829
2020-06-09 00:00:00,2020,6,9,0,1591660800,kansas,24.602184276074325,5.941853305704242,95.3056029277225,0.7060269651133508,0.0,0.35864007312908247,0.6562391662390192,5.607288422057101
2020-06-09 06:00:00,2020,6,9,6,1591682400,kansas,28.10266643837979,10.555954107198039,95.46403683353921,0.3031403860131827,0.0,0.3442765716802521,0.705175557388975,6.117949079665665
2020-06-09 12:00:00,2020,6,9,12,1591704000,kansas,36.65432096921176,9.154252508433835,95.79774120222363,23.18617327893941,0.0,0.3398135568665371,0.6591324301620993,9.4180241677706
2020-06-09 18:00:00,2020,6,9,18,1591725600,kansas,23.677824242836852,11.08571721725502,95.0872154601529,0.29035070642926375,0.0,0.33451075594337015,0.7351292518817137,5.779804484519134
2020-06-10 00:00:00,2020,6,10,0,1591747200,kansas,18.878195425052933,9.508832362123911,95.06172076467158,0.44505462238572246,1.7879771010961882,0.3591843821222947,0.6815452948785996,5.404746253063207
2020-06-10 06:00:00,2020,6,10,6,1591768800,kansas,28.92156685814333,10.255357538981198,95.66193305293221,0.05425097930575851,0.0,0.3097442342698387,0.6578559660977809,5.74566481783762
2020-06-10 12:00:00,2020,6,10,12,1591790400,kansas,34.35050395740401,9.381310546753696,95.71497708090624,23.006405449889865,0.0,0.3326877653305193,0.6406458126604558,9.220142356850069
2020-06-10 18:00:00,2020,6,10,18,1591812000,kansas,29.6603031472529,6.284500058478338,95.32559205621114,0.0239354935752997,0.0,0.2892216001312319,0.7200634089253436,5.876943590132668
2020-06-11 00:00:00,2020,6,11,0,1591833600,kansas,18.369667912762093,7.479575115866508,95.80431252513516,0.07405241727625678,0.0,0.33741536907934655,0.6318030853841173,5.032546594040521
2020-06-11 06:00:00,2020,6,11,6,1591855200,kansas,27.741818247473425,5.681457501093632,94.47011580357672,0.42651839263395763,0.0,0.33444424787904486,0.695147703974544,5.668677070218811
2020-06-11 12:00:00,2020,6,11,12,1591876800,kansas,38.565981499873224,6.690798054543524,95.4206833745801,22.966798546526487,0.0,0.3312369828310767,0.6705160886268354,9.42224255902955
2020-06-11 18:00:00,2020,6,11,18,1591898400,kansas,27.355343308249477,5.622120158496172,95.35875014548088,0.4118309380677802,0.0,0.35471733049801357,0.6892503968017781,5.992581768775312
2020-06-12 00:00:00,2020,6,12,0,1591920000,kansas,21.89797019304634,7.468185267996789,95.76606557284515,0.852104486190169,4.442276215843316,0.399686116098055,0.7084402090389383,5.535808965020951
2020-06-12 06:00:00,2020,6,12,6,1591941600,kansas,28.997031959255597,5.62493398588427,94.81757839150015,0.40009538629771,0.0,0.3538400034906488,0.6227391512634161,5.692033057408817
2020-06-12 12:00:00,2020,6,12,12,1591963200,kansas,34.056276571141616,9.131068109719948,95.69043403700809,23.167596234645202,4.434301141256054,0.3858123995678655,0.6730652857680762,9.276840132626631
2020-06-12 18:00:00,2020,6,12,18,1591984800,kansas,25.64532881803174,5.495066412967714,94.99734484703208,0.34338298577848,7.210909148817301,0.4,0.6155595146207973,5.6491135246607245
2020-06-13 00:00:00,2020,6,13,0,1592006400,kansas,22.91786821701289,6.200892288831176,95.17092447302352,0.5493890394656337,0.0,0.33138755496652106,0.6345430489196477,5.208272793243893
2020-06-13 06:00:00,2020,6,13,6,1592028000,kansas,29.26082575231795,11.17539699357522,94.92120673665183,0.05072210928851628,2.444194157241826,0.36824724323779323,0.6648084576615854,6.349330414505646
2020-06-13 12:00:00,2020,6,13,12,1592049600,kansas,34.469165920331875,7.854538252332804,94.6964116429514,23.40373346059692,0.0,0.3310777695288124,0.7207324753672905,9.171277610139926
2020-06-13 18:00:00,2020,6,13,18,1592071200,kansas,27.286835446016003,7.514746897099613,95.52732107504417,0.5724069568690721,0.0,0.34301876520427443,0.6439306330060931,5.964407829344176
2020-06-14 00:00:00,2020,6,14,0,1592092800,kansas,18.02621839483723,7.029589034598479,95.05621232878053,0.8179751526658936,0.0,0.32425251272166655,0.6382517998310162,4.842135506968833
2020-06-14 06:00:00,2020,6,14,6,1592114400,kansas,24.325790268599267,5.494559939639282,94.88694321919354,0.6566540907046556,0.0,0.34072802946353037,0.6719608610732475,5.542411058435079
2020-06-14 12:00:00,2020,6,14,12,1592136000,kansas,36.80784678876814,6.167248911939319,94.87999221422304,23.341130507432233,2.530384023448529,0.37767653603837864,0.6310370579103788,9.417921837473557
2020-06-14 18:00:00,2020,6,14,18,1592157600,kansas,27.70874094973215,7.394467100012902,95.16982367195871,0.8228645927028568,4.249997902047502,0.4,0.643695231960141,6.273646822542545
2020-06-15 00:00:00,2020,6,15,0,1592179200,kansas,18.285197587051524,5.383522647604816,95.3766484415195,0.10411318740353348,9.204224556625668,0.4,0.6455452431184111,4.979881354752382
2020-06-15 06:00:00,2020,6,15,6,1592200800,kansas,23.973537414647517,11.88580545806043,95.84839803439536,0.25342333262079164,0.0,0.3271425800183943,0.6491401825153412,5.576142410100568
2020-06-15 12:00:00,2020,6,15,12,1592222400,kansas,37.0600298330516,11.598392626955814,94.44589746603772,23.532669182921076,0.0,0.33086478498559324,0.6606382080481531,9.417939867733788
2020-06-15 18:00:00,2020,6,15,18,1592244000,kansas,30.142606718484437,6.5042755561386905,95.16054523617018,0.9077504763972678,0.0,0.33260138945245593,0.6041270829951055,5.882151218231722
2020-06-16 00:00:00,2020,6,16,0,1592265600,kansas,19.667113665933247,5.244819074614369,95.35303199012337,0.42820616670894174,0.0,0.32149104337041423,0.6614849491808914,4.7605591444048825
2020-06-16 06:00:00,2020,6,16,6,1592287200,kansas,29.640813819870885,5.921188710343639,95.0542477888564,0.859551718161933,12.956588790207412,0.4,0.6518479133065483,6.103083360321163
2020-06-16 12:00:00,2020,6,16,12,1592308800,kansas,36.8182191937476,5.28889080307302,95.73998846844941,23.243153386646355,0.0,0.33934435951708786,0.6618390348443749,9.20037882825254
2020-06-16 18:00:00,2020,6,16,18,1592330400,kansas,28.837889922172845,5.331081628386468,95.11622667031895,0.41218951514796615,0.0,0.36369991657964973,0.645349681546438,5.834522737112509
2020-06-17 00:00:00,2020,6,17,0,1592352000,kansas,21.17378853337298,6.762787009799044,95.1867879272635,0.4461915805611556,0.0,0.3884890239518538,0.6114795559311399,5.412655419356116
2020-06-17 06:00:00,2020,6,17,6,1592373600,kansas,29.333569477207764,6.25939833461419,94.79051683773365,0.5828955073893608,0.0,0.323913934492105,0.5645183285020375,5.519720636387751
2020-06-17 12:00:00,2020,6,17,12,1592395200,kansas,37.16913205731038,11.293855240849538,95.41051739186271,23.789777427189204,0.0,0.2812223352604352,0.6159805896333292,9.376740103518879
2020-06-17 18:00:00,2020,6,17,18,1592416800,kansas,29.31803504082777,10.756211196665388,95.15945778908096,0.9278109598571557,0.0,0.3334865560472269,0.6112611657609761,5.852984092309533
2020-06-18 00:00:00,2020,6,18,0,1592438400,kansas,21.179066467892813,5.797797441841113,95.65734718473136,0.42473286400992005,0.0,0.34158073637980096,0.6202720875728722,5.304632975316396
2020-06-18 06:00:00,2020,6,18,6,1592460000,kansas,31.572759284094815,5.515705455436442,94.89525485915308,0.44946858405772594,1.9232676130447004,0.3491922378003,0.6090157700129837,6.228030917797883
2020-06-18 12:00:00,2020,6,18,12,1592481600,kansas,35.61554547891351,5.405190148817465,95.30027483010718,23.101203690709276,2.203394654722747,0.3710189765046179,0.5598629272296336,8.864640574724124
2020-06-18 18:00:00,2020,6,18,18,1592503200,kansas,26.615580293694997,6.208630078277219,95.37075698725715,0.7078446467738627,0.0,0.3221310990884973,0.652405836131798,5.398216375975132
2020-06-19 00:00:00,2020,6,19,0,1592524800,kansas,19.90906334583846,8.001884363873014,95.46102788967859,0.41835755938761854,0.0,0.3334703452070925,0.6352843786401866,4.9387697912506425
2020-06-19 06:00:00,2020,6,19,6,1592546400,kansas,26.554063635945475,5.257052678482408,95.3846413025591,0.6574879213954742,0.0,0.34489308476600156,0.5510557470645193,5.166139006998266
2020-06-19 12:00:00,2020,6,19,12,1592568000,kansas,35.43836077006811,7.895929607499469,95.94605663055009,23.601769905172475,0.0,0.3409717897037111,0.6047458262175048,9.024208699528238
2020-06-19 18:00:00,2020,6,19,18,1592589600,kansas,25.82817927558902,6.801054750423488,94.06357022128402,0.0058300284320810655,0.0,0.31465721794330215,0.6185425742657913,5.581305632936111
2020-06-20 00:00:00,2020,6,20,0,1592611200,kansas,21.252981927915737,7.660113339084371,95.18365862701471,0.039994849377100516,0.0,0.3348696239881348,0.5760457170682889,4.973272899495005
2020-06-20 06:00:00,2020,6,20,6,1592632800,kansas,29.028182973229587,8.50190001480103,94.91059864472106,0.8682043217858688,4.9820414485011995,0.38530919388668533,0.6029332131116445,5.956002023423832
2020-06-20 12:00:00,2020,6,20,12,1592654400,kansas,38.00007682724925,5.726469369247776,94.70050708798718,23.163632117059407,0.0,0.3585190300889195,0.5596038005331783,9.142125634968462
2020-06-20 18:00:00,2020,6,20,18,1592676000,kansas,27.47180352889038,8.373909285414841,95.42232984598586,0.4754034672048029,0.18331042063172712,0.36011811365888147,0.6271709606754227,5.865524182482885
2020-06-21 00:00:00,2020,6,21,0,1592697600,kansas,24.47200913541002,7.375200809042636,95.52383572661573,0.35310677528316625,0.0,0.3728204013737176,0.6130281199489812,5.463119577355891
2020-06-21 06:00:00,2020,6,21,6,1592719200,kansas,30.31088770188227,6.055109243175293,96.04870051341274,0.5578412906636152,0.0,0.33297429604558376,0.6089758637493227,5.740681391966623
2020-06-21 12:00:00,2020,6,21,12,1592740800,kansas,34.5693795118203,5.66593808958491,95.63366674224983,23.309133995357804,0.0,0.3432110699444448,0.6159296995960849,8.92754876888935
2020-06-21 18:00:00,2020,6,21,18,1592762400,kansas,26.392166896412018,6.83076634034983,94.80204058276557,0.4162411302966373,0.0,0.34591206724113266,0.6093357980680036,5.616799653094171
2020-06-22 00:00:00,2020,6,22,0,1592784000,kansas,20.151660274467066,6.6804640681191785,94.51967748545461,0.17061603033390793,0.0,0.3712754820262426,0.5993243684967292,5.002639757789431
2020-06-22 06:00:00,2020,6,22,6,1592805600,kansas,26.57679068891701,6.757729647793731,95.3071702299886,0.497142002623703,2.3253809005030117,0.3985520273926762,0.5831349446122934,5.916788368376304
2020-06-22 12:00:00,2020,6,22,12,1592827200,kansas,37.47572566443619,5.708803851720635,95.28972813307278,23.863933748704085,0.0,0.32866939785257643,0.577865414450448,9.219990655378798
2020-06-22 18:00:00,2020,6,22,18,1592848800,kansas,29.489716077019498,5.113485606710547,95.20510831918794,0.9536417106186486,0.0,0.320670966749353,0.6039137095480205,5.725442233762885
2020-06-23 00:00:00,2020,6,23,0,1592870400,kansas,19.771606219909145,5.085585628142638,95.15330840929053,0.20550870029936974,0.0,0.28610635107442234,0.6349465704439851,4.573669698025943
2020-06-23 06:00:00,2020,6,23,6,1592892000,kansas,28.028638089026835,5.4352795784942005,95.1617543576069,0.14953747115647142,0.0,0.3422625838182236,0.6451434394984544,5.3299341410923855
2020-06-23 12:00:00,2020,6,23,12,1592913600,kansas,36.01833006995939,7.582690889863992,94.90506144288821,23.1709066082038,0.0,0.34888851295801876,0.5528895241315965,8.606614082666576
2020-06-23 18:00:00,2020,6,23,18,1592935200,kansas,29.676362510542045,6.862951937904844,95.41407545079625,0.41855252775725454,6.43618967627845,0.4,0.5528868100282969,5.977676835054881
2020-06-24 00:00:00,2020,6,24,0,1592956800,kansas,21.614406097687986,8.066526776250809,94.94090150476116,0.09106215334794698,0.0,0.3227910987407829,0.5334447526503353,4.980819053763991
2020-06-24 06:00:00,2020,6,24,6,1592978400,kansas,28.09173073290084,5.102886172266641,95.5743727668503,0.8194681571086511,2.142438013843341,0.3940889142696748,0.5684985963771579,5.9256032054484775
2020-06-24 12:00:00,2020,6,24,12,1593000000,kansas,36.769069863035185,5.168982522583569,95.33685661534989,23.24539234143785,0.0,0.33086203722564134,0.5365277359502318,8.570608241171271
2020-06-24 18:00:00,2020,6,24,18,1593021600,kansas,26.2563211831059,5.401900884332729,94.77982512832459,0.42995587697886445,7.697480848685883,0.4,0.5690602391604143,5.4948938993339125
2020-06-25 00:00:00,2020,6,25,0,1593043200,kansas,20.155845269517325,6.179794258213804,94.87209026132362,0.2285808446746228,13.443684097800194,0.4,0.5664817528261348,4.998064933722802
2020-06-25 06:00:00,2020,6,25,6,1593064800,kansas,30.731899496198878,7.712529197007308,94.4977504806595,0.18909795226285886,0.0,0.29431651388095004,0.630160890992008,5.764544999530212
2020-06-25 12:00:00,2020,6,25,12,1593086400,kansas,37.04816922492991,6.454293867234013,95.83998252867191,22.99969096977842,0.0,0.3744747076703545,0.604478165085323,9.293651653994067
2020-06-25 18:00:00,2020,6,25,18,1593108000,kansas,26.305779811270206,6.302133999417578,94.6938491425,0.4381147698711179,0.0,0.3230723722347603,0.5841627462555791,5.440801434566566
2020-06-26 00:00:00,2020,6,26,0,1593129600,kansas,21.351331990819666,5.344326110133314,94.89093539972032,0.8715325131498298,0.0,0.3226870177617866,0.6065813396789143,5.03861164780127
2020-06-26 06:00:00,2020,6,26,6,1593151200,kansas,31.000681030905543,5.062911720769104,95.28577739785003,0.23509433367463928,0.0,0.33425978449248284,0.5535084245005896,5.186337747418243
2020-06-26 12:00:00,2020,6,26,12,1593172800,kansas,39.991881514140765,5.78021230563485,96.02478969476716,23.134825950717918,0.0,0.3625994074971528,0.501038347283948,9.1639235620805
2020-06-26 18:00:00,2020,6,26,18,1593194400,kansas,26.507078702304817,5.065916487686159,95.24380713903686,0.42862269135552994,0.0,0.35599158871898823,0.5912130323083508,5.470635025321303
2020-06-27 00:00:00,2020,6,27,0,1593216000,kansas,22.671777234759045,5.911914672151029,95.01892117429527,0.9043728912843108,0.0,0.34839121650212457,0.543423386174747,5.213953054845067
2020-06-27 06:00:00,2020,6,27,6,1593237600,kansas,31.03251407893192,5.198273801061708,95.38718778900586,0.35427839781615234,8.662876578730529,0.4,0.5732008899313427,6.076310987534989
2020-06-27 12:00:00,2020,6,27,12,1593259200,kansas,37.74498451423427,5.703368179921214,94.84834698721623,23.34213806416962,0.0,0.363025673751834,0.5467903777853654,8.678421859717545
2020-06-27 18:00:00,2020,6,27,18,1593280800,kansas,30.71934182968871,7.08387590484036,94.43162300115515,0.8884655834592265,0.0,0.32308526875032245,0.5599366847840314,5.7575331185676575
2020-06-28 00:00:00,2020,6,28,0,1593302400,kansas,18.77871411178096,6.9591117401310605,96.34651354824285,0.45434909442608507,6.460408193481113,0.4,0.5519102174616625,4.7043711379775655
2020-06-28 06:00:00,2020,6,28,6,1593324000,kansas,30.316669808515297,6.627264095216791,95.12893804172701,0.6178851752003256,0.0,0.3617294962851147,0.6267200126212187,6.359391091339456
2020-06-28 12:00:00,2020,6,28,12,1593345600,kansas,36.59828559868167,7.6896708372045435,95.08116834377222,23.181394940889177,0.0,0.3489916631424825,0.4847328089792964,8.641441185654562
2020-06-28 18:00:00,2020,6,28,18,1593367200,kansas,27.859766532312175,13.185830612081787,95.52408765451656,0.4985804425101085,8.725970492353131,0.4,0.6309056656537751,6.400126373312074
2020-06-29 00:00:00,2020,6,29,0,1593388800,kansas,25.146821899119566,5.899931856925762,94.58545723536389,0.6332881913330258,0.0,0.3351479286147185,0.46204787039270045,5.01026151153961
2020-06-29 06:00:00,2020,6,29,6,1593410400,kansas,31.79312164655004,5.585784504260825,95.35156425028636,0.4058854525218244,0.0,0.35768480915484574,0.5565954011211349,5.915548143721456
2020-06-29 12:00:00,2020,6,29,12,1593432000,kansas,34.670334729199155,6.422562396951737,94.73887382277171,23.815580874079224,0.0,0.3454877120725455,0.5851654197695906,8.76015851182709
2020-06-29 18:00:00,2020,6,29,18,1593453600,kansas,35.51238020321999,7.3409303061793825,95.26828795812573,0.6060758827405632,2.492381290542021,0.3993117087942075,0.553647167363703,6.415371442576662
2020-06-30 00:00:00,2020,6,30,0,1593475200,kansas,23.113061128249296,5.556273788294937,94.93529628558827,0.9061331773056602,6.740668665699434,0.4,0.6142034642855035,5.691678313915778
2020-06-30 06:00:00,2020,6,30,6,1593496800,kansas,27.66758729839117,5.118697110586532,95.24895318994622,0.21395830716291964,0.0,0.33480030878936035,0.5131816416136784,5.156445105636754
2020-06-30 12:00:00,2020,6,30,12,1593518400,kansas,37.68658815687771,8.342415763931475,94.62164383931349,22.919537635010187,0.0,0.3301983161670288,0.5155192121196011,8.810664784112054
2020-06-30 18:00:00,2020,6,30,18,1593540000,kansas,32.22861536410588,6.563366397799868,94.82007160431,0.3008588152457306,0.0,0.35910048118214244,0.5336770286250134,5.837060871473634
2020-07-01 00:00:00,2020,7,1,0,1593561600,kansas,24.149523265801935,4.835135389596774,95.19791793149822,0.9181148765553252,0.0,0.35491287655954873,0.6089353984271572,5.550409261341176
2020-07-01 06:00:00,2020,7,1,6,1593583200,kansas,28.410120877170378,9.669205876488608,95.3476303427684,0.8167397053004757,0.0,0.34751989944077905,0.5378961638578275,5.812921706601977
2020-07-01 12:00:00,2020,7,1,12,1593604800,kansas,37.95320131233914,5.984668829178987,95.24553262603925,23.472442042189993,0.0,0.2828636683531368,0.5610821753434195,8.926042775736153
2020-07-01 18:00:00,2020,7,1,18,1593626400,kansas,32.81884687343023,6.824340506187246,94.5407407663163,0.6585416489171577,0.0,0.350788134639192,0.4499160245466912,5.761545397558455
2020-07-02 00:00:00,2020,7,2,0,1593648000,kansas,23.633336749954953,5.63867008171353,95.59034659022493,0.9086775712601172,5.656834942415408,0.39126624686747946,0.6052723648639526,5.433144996281542
2020-07-02 06:00:00,2020,7,2,6,1593669600,kansas,31.502370127249616,9.254349793900829,95.4796435477261,0.8385595818299609,0.0,0.33277586710382595,0.5078462795301709,5.701789525385297
2020-07-02 12:00:00,2020,7,2,12,1593691200,kansas,38.474978801421706,8.695128253631704,94.72496813718162,23.648634059141806,7.884138897340949,0.4,0.49944637801024455,9.258733641601996
2020-07-02 18:00:00,2020,7,2,18,1593712800,kansas,24.429971454129394,6.496301930441587,95.23252762856433,0.0359348203851765,0.0,0.37081205419252344,0.5081072491639467,5.03679003174639
2020-07-03 00:00:00,2020,7,3,0,1593734400,kansas,22.962885129923073,7.235911392590078,94.86399585692742,0.5267667901058237,0.0,0.33514298257322905,0.5289440772634328,5.060427275243989
2020-07-03 06:00:00,2020,7,3,6,1593756000,kansas,28.39199197451684,5.161750988422291,94.22521898508943,0.46332109733657456,0.0,0.3487308118257176,0.4742851011807158,5.189193078130716
2020-07-03 12:00:00,2020,7,3,12,1593777600,kansas,38.87951505221332,6.381942581880846,95.26489630113986,23.809251266743257,0.0,0.35383214730024865,0.48811249172839,8.974352584675708
2020-07-03 18:00:00,2020,7,3,18,1593799200,kansas,23.141083939683025,5.211740743771379,95.84478295002579,0.500897158598134,0.0,0.3315141828152377,0.5259757931132206,5.033029268044037
2020-07-04 00:00:00,2020,7,4,0,1593820800,kansas,20.595580187762216,5.959770157405558,94.99214632000583,0.1676979046484618,0.0,0.3226162920158415,0.4714185117752917,4.429919126997456
2020-07-04 06:00:00,2020,7,4,6,1593842400,kansas,32.98552529358793,6.5453981709170135,95.5150029314914,0.09884755923233512,12.469547380355603,0.4,0.49807611493414056,6.279677692484898
2020-07-04 12:00:00,2020,7,4,12,1593864000,kansas,37.90579914116646,5.46315193375976,95.4600095137891,22.91368251645283,0.0,0.3434977589164024,0.505329430806456,8.847292192130226
2020-07-04 18:00:00,2020,7,4,18,1593885600,kansas,29.947995896765338,5.396192395382516,95.50878370072844,0.8608524790705664,5.160547319517573,0.4,0.5377028702441958,5.835598360884473
2020-07-05 00:00:00,2020,7,5,0,1593907200,kansas,23.64189936851637,5.473336206631009,94.96994406443474,0.3903392118223792,0.0,0.3329736879710788,0.49458796106876596,4.67657468067964
2020-07-05 06:00:00,2020,7,5,6,1593928800,kansas,29.803938450213494,6.093111822803324,95.44671540247637,0.5616288246527221,0.0,0.3272056144183419,0.47884235165796396,5.474660015694827
2020-07-05 12:00:00,2020,7,5,12,1593950400,kansas,39.36520339962967,4.974844359713706,95.20629214679752,23.67672294081,0.0,0.3350943539110993,0.5107690989717726,9.328660876603667
2020-07-05 18:00:00,2020,7,5,18,1593972000,kansas,28.02662056593377,8.35834516697313,95.30604803438494,0.9723283001635993,0.0,0.3541161701034702,0.4809748587781326,5.400379733158457
2020-07-06 00:00:00,2020,7,6,0,1593993600,kansas,20.678619190790396,4.89691194423682,94.45958041050886,0.8950355262786298,0.0,0.330358624970084,0.5142753307692632,4.917754361417036
2020-07-06 06:00:00,2020,7,6,6,1594015200,kansas,33.83776065153465,11.167465363634513,94.93960128092567,0.5582375988850973,20.966619741633146,0.4,0.4634416073033599,6.328262600974624
2020-07-06 12:00:00,2020,7,6,12,1594036800,kansas,38.31265006170172,15.188858248339802,95.25852470157591,22.89241217182679,0.0,0.32197043905187167,0.48890696581601434,9.014538792334564
2020-07-06 18:00:00,2020,7,6,18,1594058400,kansas,34.74317335671378,5.418614547857157,95.28301211973537,0.2286016292165315,9.177124017001148,0.4,0.5033176595064496,6.188252485600353
2020-07-07 00:00:00,2020,7,7,0,1594080000,kansas,22.71427089689298,6.413349008824285,94.55455656815353,0.8996127170346153,0.0,0.32765958632819425,0.49278568527112043,5.189848549509244
2020-07-07 06:00:00,2020,7,7,6,1594101600,kansas,29.162270380713988,4.70059804160084,96.23532891919724,0.6809564383220825,0.0,0.3410162912352062,0.4763702535752451,5.715650162316689
2020-07-07 12:00:00,2020,7,7,12,1594123200,kansas,35.9932620886756,5.929871928081384,95.25369408729038,22.829025203689163,12.701808302175138,0.4,0.5000014833241898,8.962026823368282
2020-07-07 18:00:00,2020,7,7,18,1594144800,kansas,33.12528689155465,5.935463306920891,95.18472487566905,0.4831737013266896,0.0,0.3813973342183218,0.5553812395675132,5.997265144296401
2020-07-08 00:00:00,2020,7,8,0,1594166400,kansas,23.14671501391597,5.2329414196913815,95.18332463670595,0.20026529067292775,0.0,0.3249464176696416,0.4800944951984528,4.7381876483766066
2020-07-08 06:00:00,2020,7,8,6,1594188000,kansas,29.32779351902681,4.5943211806956,95.01304261702727,0.09092526923590505,0.0,0.3026258878641703,0.4601371497323592,5.107304890226018
2020-07-08 12:00:00,2020,7,8,12,1594209600,kansas,40.361483896805154,4.756870404484399,95.00883159179736,23.3133912603593,0.0,0.3463412305041059,0.4536770421053447,9.038881693456345
2020-07-08 18:00:00,2020,7,8,18,1594231200,kansas,32.99225715558308,5.892265968962961,94.6613525557173,0.6542085653122532,0.0,0.3510293960489616,0.4799121559209319,5.743623373269179
2020-07-09 00:00:00,2020,7,9,0,1594252800,kansas,21.58761959953339,5.53735519350175,95.53462340290805,0.11921828770314258,0.770687281839442,0.35291164160216726,0.4654698100428962,4.461839432885606
2020-07-09 06:00:00,2020,7,9,6,1594274400,kansas,35.57546524466838,7.649716092186065,95.08696453025686,0.6718865086362867,8.289148765158135,0.4,0.5081900787434996,6.300404240601558
2020-07-09 12:00:00,2020,7,9,12,1594296000,kansas,38.84244746801494,8.796903791013658,95.68166894355251,23.177638585078146,0.0,0.37377063501637975,0.40609373132254045,8.98043214948153
2020-07-09 18:00:00,2020,7,9,18,1594317600,kansas,30.48965503934692,6.549915093934405,94.78291970573997,0.5732866323069421,4.237829589543639,0.4,0.4980361958936897,5.7422508771059295
2020-07-10 00:00:00,2020,7,10,0,1594339200,kansas,26.987192245214942,5.915849256838545,95.83569965224325,0.3310108231521821,0.0,0.3611521777591071,0.4882181613729738,5.305919896633514
2020-07-10 06:00:00,2020,7,10,6,1594360800,kansas,32.549287540139794,7.666834840473642,95.04762590937456,0.4486742254431264,0.0,0.33388645144848483,0.4188578069085434,5.438456544084514
2020-07-10 12:00:00,2020,7,10,12,1594382400,kansas,39.77580799957538,5.029956453643103,95.61139838411393,22.664379755889396,0.0,0.3583571864909482,0.49832388250824877,8.79574663803746
2020-07-10 18:00:00,2020,7,10,18,1594404000,kansas,34.67824279914979,7.5050117590127865,95.03631691047202,0.9180803681125519,0.0,0.3281615319806568,0.39803516534093597,5.594628083825172
2020-07-11 00:00:00,2020,7,11,0,1594425600,kansas,22.127416436156697,5.379793660967132,94.6990202447113,0.033721995904721136,7.041974713099287,0.4,0.39929247121227035,4.974025702672261
2020-07-11 06:00:00,2020,7,11,6,1594447200,kansas,30.825080510419834,4.6925417596974555,95.12857399875664,0.48145132089506704,9.686569812478172,0.4,0.4437522277448979,5.711176312269666
2020-07-11 12:00:00,2020,7,11,12,1594468800,kansas,39.15876403171033,7.121875546249481,95.01535650928273,23.14481024076771,0.0,0.3643379574098937,0.4260879968925104,9.111240909064048
2020-07-11 18:00:00,2020,7,11,18,1594490400,kansas,32.336765286886276,5.019787656212403,95.53297253481256,0.1961892206673925,0.0,0.32393164776660804,0.43408304724655805,5.248729430696051
2020-07-12 00:00:00,2020,7,12,0,1594512000,kansas,18.927771827617846,5.670393321201917,95.39357105037925,0.99020828042899,0.0,0.3362991951506303,0.4618648940229642,4.504869407107756
2020-07-12 06:00:00,2020,7,12,6,1594533600,kansas,29.40095616311258,6.201265991185187,95.30850627719427,0.04883092743963269,0.0,0.313973102317872,0.4750390821991046,5.112241191229171
2020-07-12 12:00:00,2020,7,12,12,1594555200,kansas,35.81274648379443,6.815165716188234,95.95190550358727,22.561981369666796,0.0,0.33653921042760615,0.4622178517713252,8.573071257467332
2020-07-12 18:00:00,2020,7,12,18,1594576800,kansas,29.1887727967997,5.669622366389989,95.10938336521858,0.23853809938114498,11.603121027011495,0.4,0.4936683816430679,5.310929893913788
2020-07-13 00:00:00,2020,7,13,0,1594598400,kansas,24.726461162359076,5.537564073789203,94.93657301984867,0.7818121361454482,0.0,0.35173166780137555,0.49909000632474887,5.106545893446717
2020-07-13 06:00:00,2020,7,13,6,1594620000,kansas,32.238373311768804,5.954308412113429,94.64953698000446,0.8476831062910064,0.0,0.32085436325508465,0.4195723158614036,5.276519568546942
2020-07-13 12:00:00,2020,7,13,12,1594641600,kansas,38.97654542129877,8.034059019116038,94.7523177448176,22.7376217726447,4.341695443784759,0.35902262242047217,0.4901319569604825,9.056404309941104
2020-07-13 18:00:00,2020,7,13,18,1594663200,kansas,33.12835739863165,9.884300738819874,95.07040587221444,0.5110751514177804,0.0,0.33019455237785034,0.4486585050498382,5.867948564392858
2020-07-14 00:00:00,2020,7,14,0,1594684800,kansas,23.738470312876355,6.244512386447132,95.30550951623704,0.3854972516977361,0.0,0.3283629529073109,0.4521946715953599,4.635615898342427
2020-07-14 06:00:00,2020,7,14,6,1594706400,kansas,32.42742436271863,4.875978218579205,95.39745817749359,0.8177937718009802,3.3914116153890888,0.3844279144383252,0.44155110410024556,5.510609701169559
2020-07-14 12:00:00,2020,7,14,12,1594728000,kansas,38.15659585193327,7.790065334512477,95.11330061217443,22.673089149438294,0.0,0.33879590646094165,0.4483614211887093,8.909950900824786
2020-07-14 18:00:00,2020,7,14,18,1594749600,kansas,27.61093396698789,5.703143077195369,95.72451519621679,0.6485100232808824,0.0,0.3288736270055778,0.4256444923359914,5.072031398244033
2020-07-15 00:00:00,2020,7,15,0,1594771200,kansas,27.070897012759264,13.350432214089324,94.95342126083025,0.5137175051264145,0.0,0.3506673793939131,0.4254770430885671,5.510217917572616
2020-07-15 06:00:00,2020,7,15,6,1594792800,kansas,29.494764463079242,4.759577515187692,95.5033726621558,0.8618713220817298,0.0,0.330558475361711,0.4219624312492649,5.275390405153866
2020-07-15 12:00:00,2020,7,15,12,1594814400,kansas,36.47567453438567,4.716138607558352,94.05268491306701,22.669951992917966,0.0,0.36240618731959934,0.40094241759607385,8.460358873629891
2020-07-15 18:00:00,2020,7,15,18,1594836000,kansas,30.626415039913244,13.109440846602194,95.08086732060076,0.2727918239842873,0.0,0.34544115253912855,0.41822495488343425,5.514023115944861
2020-07-16 00:00:00,2020,7,16,0,1594857600,kansas,21.781685053981434,8.108709877532739,95.36856922134109,0.3033900464704623,0.0,0.3468006545452552,0.4449451231857761,4.800152823595588
2020-07-16 06:00:00,2020,7,16,6,1594879200,kansas,31.66981605931894,15.931146924033676,96.16660369491615,0.3977049426992022,0.0,0.3494306212667543,0.46690862567249486,5.996053960481437
2020-07-16 12:00:00,2020,7,16,12,1594900800,kansas,37.52440846256082,5.563140042923552,95.56691405851956,22.726867180595598,0.0,0.3355476546196993,0.4535872353240719,8.614130886014038
2020-07-16 18:00:00,2020,7,16,18,1594922400,kansas,30.223129894997207,9.283233744438943,94.40937371624715,0.2864593720621043,0.0,0.3135631513905458,0.42340886646009723,5.2982282329022
2020-07-17 00:00:00,2020,7,17,0,1594944000,kansas,20.809653381925724,8.275469222088505,95.58333792728251,0.5478569981568748,3.331347230480568,0.38369381625599264,0.3773103378575482,4.830736244411732
2020-07-17 06:00:00,2020,7,17,6,1594965600,kansas,30.502664636265816,6.41922478278627,95.51567589986382,0.9596525077923188,0.0,0.3244156099474181,0.438532492006225,5.465409413117768
2020-07-17 12:00:00,2020,7,17,12,1594987200,kansas,36.78577983354168,4.354753790073454,95.58876991357629,23.13904882620254,0.0,0.3332679784664777,0.39993066583583053,8.508915287456773
2020-07-17 18:00:00,2020,7,17,18,1595008800,kansas,30.408291581352223,7.04751502081427,95.69333968439774,0.616651077833358,0.0,0.32440342923348736,0.40478580051005847,5.373905003580591
2020-07-18 00:00:00,2020,7,18,0,1595030400,kansas,22.03403390057002,5.6753193721302715,95.20088781403015,0.8843687376908832,0.0,0.33327524155431687,0.3850294747869873,4.675819008817886
2020-07-18 06:00:00,2020,7,18,6,1595052000,kansas,30.968624395809258,4.472370649141913,95.22959038931202,0.4239305345707086,0.0,0.3324969517479182,0.40574261435173964,5.305726058408644
2020-07-18 12:00:00,2020,7,18,12,1595073600,kansas,37.06805768169852,5.079126926073883,94.5349691674674,22.900495828450484,0.0,0.3351205024854759,0.43760018090844927,8.600655166267638
2020-07-18 18:00:00,2020,7,18,18,1595095200,kansas,28.629890272031794,4.404370303436401,95.4491943473229,0.6741692204794816,0.0,0.3438140121177329,0.3877161287249786,5.082498098182917
2020-07-19 00:00:00,2020,7,19,0,1595116800,kansas,21.49709667896113,4.709389608700444,95.02381462841383,0.7768408102817229,0.0,0.3320467021843187,0.36158760337291834,4.191182768422234
2020-07-19 06:00:00,2020,7,19,6,1595138400,kansas,27.328892775182315,6.696502765851328,94.93595514497771,0.05830342937540145,0.0,0.3421997514800794,0.35645112277835644,4.769874636606796
2020-07-19 12:00:00,2020,7,19,12,1595160000,kansas,37.8290718147352,4.40827914696059,94.84993292868552,22.342366328010403,0.0,0.35170336356956783,0.3907299411078466,8.45699237291381
2020-07-19 18:00:00,2020,7,19,18,1595181600,kansas,26.434006582453655,5.375008105983275,94.60883599369046,0.4819468651296884,0.0,0.3416771372953059,0.3656043248206812,4.7717287867714715
2020-07-20 00:00:00,2020,7,20,0,1595203200,kansas,21.732133677025047,4.61592856347462,95.16111280796541,0.4383208521522013,0.0,0.3610478773156479,0.3962184927741566,4.6018140678656705
2020-07-20 06:00:00,2020,7,20,6,1595224800,kansas,32.103619338850244,4.266817535953703,95.87965197418164,0.1299515413097122,20.641411287768584,0.4,0.40072458121385507,5.643729068479216
2020-07-20 12:00:00,2020,7,20,12,1595246400,kansas,39.853842973368096,6.996992981162106,95.19057788747942,22.160631012623305,0.0,0.3235645370798813,0.4096572195679851,8.481866132761544
2020-07-20 18:00:00,2020,7,20,18,1595268000,kansas,31.13131138212383,5.145463903347394,94.97983088295182,0.42831070572328794,0.0,0.3641630036266812,0.3889490268092811,5.473829641591952
2020-07-21 00:00:00,2020,7,21,0,1595289600,kansas,21.406910810679758,4.3585728169820905,95.25890814242408,0.13708096115030077,0.0,0.32327340751092315,0.41748947981670326,4.360804306455458
2020-07-21 06:00:00,2020,7,21,6,1595311200,kansas,32.5787703519914,4.633422480654221,95.2815716539567,0.7480111284408671,0.0,0.31953067431699694,0.3821430904234425,5.226649225148352
2020-07-21 12:00:00,2020,7,21,12,1595332800,kansas,35.902554391581035,5.226163620081093,95.53954463640939,22.269876198908214,0.0,0.30519507813963725,0.4216601385776493,8.473011111781249
2020-07-21 18:00:00,2020,7,21,18,1595354400,kansas,29.843916765826837,5.013229089310721,95.13072007939002,0.6747100680828236,0.0,0.34086256638000145,0.3991577226058594,4.852493098066601
2020-07-22 00:00:00,2020,7,22,0,1595376000,kansas,21.57547969851678,6.679644316569046,94.80045818306475,0.8936708027033865,0.0,0.26751747323977004,0.35036437210801763,4.3138170599973105
2020-07-22 06:00:00,2020,7,22,6,1595397600,kansas,31.080949241432034,4.786627072366913,95.10698577111157,0.3381553046165624,0.0,0.3176991287163117,0.387731561105267,5.3458451579526205
2020-07-22 12:00:00,2020,7,22,12,1595419200,kansas,37.88446958683866,4.580441882133122,95.42177728843315,22.338050657329394,0.0,0.36340032759433527,0.4112426283461558,8.656306271306224
2020-07-22 18:00:00,2020,7,22,18,1595440800,kansas,30.510102533411974,5.239914249980832,94.7914221965067,0.8896180744457604,0.0,0.3263326402866276,0.3918982508021611,5.126148341337983
2020-07-23 00:00:00,2020,7,23,0,1595462400,kansas,21.719594216006126,4.1400629905496045,94.901562895831,0.7810891113333219,0.0,0.3314636078167468,0.43083415964923427,4.415470997425798
2020-07-23 06:00:00,2020,7,23,6,1595484000,kansas,34.0017783402609,8.634221306721646,95.9209645284299,0.8604397315511119,0.0,0.33618356549717265,0.3732744125925749,5.576161721182605
2020-07-23 12:00:00,2020,7,23,12,1595505600,kansas,38.46920053723884,6.497276205911711,95.29860228642784,22.40894886182899,0.0,0.3323801431187607,0.4011868043435363,8.525082213695722
2020-07-23 18:00:00,2020,7,23,18,1595527200,kansas,26.92357176099634,5.188945205832545,95.59739122804099,0.36934748694570907,0.0,0.3315722318469703,0.37619582757837694,4.549252268563984
2020-07-24 00:00:00,2020,7,24,0,1595548800,kansas,25.65683623074132,7.742374429610793,94.51025082632788,0.6786362210267772,0.0,0.3277229700725099,0.38852430484007544,5.103959426868539
2020-07-24 06:00:00,2020,7,24,6,1595570400,kansas,30.73879557543177,4.2673086196593975,95.41313598074868,0.24782199392904503,0.0,0.3309682681951546,0.3610513022081964,4.8926614277165035
2020-07-24 12:00:00,2020,7,24,12,1595592000,kansas,42.54926693087333,4.378614597005949,94.95701274182419,22.4077420378832,0.0,0.3384140376653578,0.4318832150437023,8.688498585749876
2020-07-24 18:00:00,2020,7,24,18,1595613600,kansas,32.64885716605949,5.431041997299609,95.13172131455715,0.6635341502041175,0.0,0.2959748275533547,0.3895989782387194,5.205936020687124
2020-07-25 00:00:00,2020,7,25,0,1595635200,kansas,19.94239672653069,4.203465798254531,94.88320134203072,0.48351824110616515,0.0,0.35404652870654996,0.3793839038344824,4.4745857275606475
2020-07-25 06:00:00,2020,7,25,6,1595656800,kansas,27.600402075318257,4.584695373529133,95.0417081152632,0.6212953306741776,0.0,0.35086458304768786,0.35485807793799534,4.937324449013717
2020-07-25 12:00:00,2020,7,25,12,1595678400,kansas,41.02492888402057,6.933056510365246,95.40551565050963,22.63808366703381,0.0,0.3590501061644351,0.406997761638345,9.166339629691883
2020-07-25 18:00:00,2020,7,25,18,1595700000,kansas,31.107554122463164,7.939390171373517,95.80183157113055,0.24356747468404683,0.0,0.34283872192138726,0.3510617605809155,5.452614306093141
2020-07-26 00:00:00,2020,7,26,0,1595721600,kansas,18.959168194148923,6.478264801719945,95.44067683340026,0.032625204061431545,0.0,0.311978362179559,0.35185111088369914,4.157558521719198
2020-07-26 06:00:00,2020,7,26,6,1595743200,kansas,28.64513817939251,4.402074001066545,95.49420167723247,0.881156885437891,0.0,0.3342093698437753,0.33991440952270174,4.855595147562129
2020-07-26 12:00:00,2020,7,26,12,1595764800,kansas,36.28265349569221,5.762460449430934,95.07671776736653,22.31078085311837,5.040200033954847,0.3963888974500301,0.4119831117039394,8.469912935987056
2020-07-26 18:00:00,2020,7,26,18,1595786400,kansas,29.3509340199865,5.704225912759626,94.99286969080445,0.588555700187502,0.0,0.30625333196006177,0.32519189929360215,4.823658953719793
2020-07-27 00:00:00,2020,7,27,0,1595808000,kansas,21.11944790595911,5.405885692244192,95.91455021627606,0.5896139979030406,0.0,0.33502004936779856,0.3637151396437643,4.435375935037509
2020-07-27 06:00:00,2020,7,27,6,1595829600,kansas,33.82288610646583,4.186511464395799,95.44675386957465,0.6951178742604069,0.0,0.32526466479766636,0.4020901852988785,5.480564065305668
2020-07-27 12:00:00,2020,7,27,12,1595851200,kansas,35.94135033100025,4.486272261130561,95.55175430551557,22.178138964514716,0.0,0.3462797934520575,0.3771339678358738,8.164971169619012
2020-07-27 18:00:00,2020,7,27,18,1595872800,kansas,28.3357751672856,4.827380696122541,95.63457295066166,0.7930397408234348,0.0,0.33541939931592896,0.34562949817866995,4.885107491583863
2020-07-28 00:00:00,2020,7,28,0,1595894400,kansas,21.297176595211997,7.013922461596499,95.54283567158173,0.4228187775386675,0.0,0.315069660125381,0.32518980534975367,4.192796858537986
2020-07-28 06:00:00,2020,7,28,6,1595916000,kansas,31.472856934647606,4.8182185654173795,95.24540042454282,0.589113655955212,0.0,0.3281974649448359,0.34964755582482776,5.206027334328625
2020-07-28 12:00:00,2020,7,28,12,1595937600,kansas,39.08702549292997,4.02110655495264,95.2164400342939,22.234040044495412,0.0,0.33092866515922564,0.3595589951313068,8.386659815745263
2020-07-28 18:00:00,2020,7,28,18,1595959200,kansas,29.4788594409178,4.259689097690384,94.9282436190998,0.7608506808869421,0.0,0.3436820186606319,0.3388421066138644,5.007012435857706
2020-07-29 00:00:00,2020,7,29,0,1595980800,kansas,22.43123420640311,5.633373679560547,94.93084793832833,0.44835057638209597,0.0,0.34361132117873905,0.35664584279976624,4.65894404943995
2020-07-29 06:00:00,2020,7,29,6,1596002400,kansas,32.19894531055397,4.180576538797291,95.39528222993671,0.15586128251174336,0.0,0.31302618297293017,0.38623092172031437,5.58673692891011
2020-07-29 12:00:00,2020,7,29,12,1596024000,kansas,36.47606313968015,5.238385989468785,94.68597097532592,21.84856628431687,0.0,0.34603583428347506,0.33653201034617236,8.075704326409342
2020-07-29 18:00:00,2020,7,29,18,1596045600,kansas,31.991859716308042,7.460702980481974,95.64230485881649,0.532245665694555,0.7474858425977563,0.37570088751828773,0.36345867781944563,5.663712780238623
2020-07-30 00:00:00,2020,7,30,0,1596067200,kansas,23.89150174652889,7.033370825871595,95.69940159821931,0.9409427843093572,0.0,0.32663750128885555,0.3482577079634154,4.318293198594528
2020-07-30 06:00:00,2020,7,30,6,1596088800,kansas,27.534270282208688,4.9155457264912386,95.38977382575165,0.791085083977974,0.0,0.287947245554138,0.36706241105454024,4.55004115652607
2020-07-30 12:00:00,2020,7,30,12,1596110400,kansas,40.56085523028159,3.9882913706278953,95.46799618998617,22.33976763489085,0.0,0.3057344830706435,0.3907592227118914,8.29536153732283
2020-07-30 18:00:00,2020,7,30,18,1596132000,kansas,31.896918590945432,4.509896709375264,94.85006507237496,0.879672200190443,0.0,0.3310381772399232,0.3399058907449718,5.127087512946426
2020-07-31 00:00:00,2020,7,31,0,1596153600,kansas,24.07242062812038,6.012182464871755,95.83814987024428,0.3967156051872067,0.0,0.3474961268342986,0.339028160458264,4.683854108153016
2020-07-31 06:00:00,2020,7,31,6,1596175200,kansas,27.03712231571595,4.2389354881052945,95.19684538328478,0.3794476214531698,0.0,0.3316808732064554,0.3151902667169666,4.642514462726601
2020-07-31 12:00:00,2020,7,31,12,1596196800,kansas,41.45427358563501,6.402039328625227,95.69637157927576,21.98573281669541,0.0,0.33236713656825684,0.3915545456886294,8.417453011499333
2020-07-31 18:00:00,2020,7,31,18,1596218400,kansas,31.00765743122138,3.977829015221669,95.64213730010354,0.3562039466343128,0.0,0.3298602819368333,0.3414254637369628,5.12850002042464
2020-08-01 00:00:00,2020,8,1,0,1596240000,kansas,23.89681181598215,3.873957728497083,94.69875445790835,0.6759152634796203,0.0,0.3034765151120292,0.3556262012816015,4.426937353727993
2020-08-01 06:00:00,2020,8,1,6,1596261600,kansas,32.82280879049926,5.027938636085108,95.38772288159035,0.42600428304245785,0.0,0.33099976776053214,0.39397940965788203,5.215594134103559
2020-08-01 12:00:00,2020,8,1,12,1596283200,kansas,38.9571984834701,8.788638681882519,95.5703254676283,21.43325842725604,0.0,0.30800159568020063,0.3489652793033152,8.33911030111524
2020-08-01 18:00:00,2020,8,1,18,1596304800,kansas,32.97125824512584,4.965584592630572,95.32294924863137,0.7509153038087355,0.0,0.3536329121593924,0.39225823346859234,5.494792651488814
2020-08-02 00:00:00,2020,8,2,0,1596326400,kansas,22.077031806254695,3.9289583477700964,95.1756803767152,0.12429372331641175,0.0,0.31843900768605865,0.34445971869837916,3.9944751624516552
2020-08-02 06:00:00,2020,8,2,6,1596348000,kansas,28.54245567809434,4.120255992513145,94.91028266508033,0.15399201009248842,0.0,0.33639849230955676,0.36256911239358197,4.81137535158219
2020-08-02 12:00:00,2020,8,2,12,1596369600,kansas,37.96536294943435,6.190518711057708,94.82087605957707,21.405308026417156,0.0,0.31330349878528607,0.37572552881061455,8.253005468774642
2020-08-02 18:00:00,2020,8,2,18,1596391200,kansas,31.29865151358832,3.9138592744739524,95.47101803580776,0.5209108811094347,0.0,0.3264530788498817,0.3296862447497417,4.833164276745352
2020-08-03 00:00:00,2020,8,3,0,1596412800,kansas,22.31951003799424,5.596776277781069,95.30110499341427,0.6422510248744286,0.0,0.3384544236154894,0.32298249351258707,4.433345552206728
2020-08-03 06:00:00,2020,8,3,6,1596434400,kansas,33.70180064557706,9.405779925294576,96.17112803235453,0.12933116808572076,0.0,0.3451838359698335,0.35219224230873014,5.538722148819915
2020-08-03 12:00:00,2020,8,3,12,1596456000,kansas,39.63347593399441,7.346224403412346,95.0375129079289,21.42533902038563,11.543800227382633,0.4,0.36153202610891416,8.782497963381566
2020-08-03 18:00:00,2020,8,3,18,1596477600,kansas,26.64699615305561,5.27045977680563,95.62358444574343,0.6335157607505078,0.0,0.32413250713145453,0.32227246597088427,4.656800786804117
2020-08-04 00:00:00,2020,8,4,0,1596499200,kansas,23.503366168493475,4.113737128821177,95.05963223562536,0.3957554907406259,10.321295497013836,0.4,0.3075485934622515,4.427631467098068
2020-08-04 06:00:00,2020,8,4,6,1596520800,kansas,34.30443351098641,4.861802326254377,95.33132078124437,0.1374604525356613,0.0,0.31120214967007503,0.327570591792215,4.929295123826551
2020-08-04 12:00:00,2020,8,4,12,1596542400,kansas,40.13978460366068,5.128454119167797,94.81677839223084,21.545905064611095,0.0,0.34734474756917216,0.3102967554181503,8.520784230255636
2020-08-04 18:00:00,2020,8,4,18,1596564000,kansas,33.728675315177675,6.203574363460754,96.03926459216719,0.6508428463061117,0.0,0.3092524847990173,0.31947058665714445,5.36127069942102
2020-08-05 00:00:00,2020,8,5,0,1596585600,kansas,26.62496901938125,7.724148851468781,94.59568838462688,0.045634499112235716,0.0,0.3219477995700434,0.3184540579371759,4.569618039840303
2020-08-05 06:00:00,2020,8,5,6,1596607200,kansas,26.037441023437253,6.133320398645667,95.53777637022736,0.5012684942736573,0.0,0.31867667753155854,0.2874500002572632,4.702777024374355
2020-08-05 12:00:00,2020,8,5,12,1596628800,kansas,41.62584616344544,4.441862693655715,95.6784047952772,21.36005946465846,0.0,0.3424454725763934,0.3256377828779982,8.43870977835301
2020-08-05 18:00:00,2020,8,5,18,1596650400,kansas,31.562777611072438,5.690101045715294,95.65359309802349,0.008476344737541339,0.0,0.35028545821336554,0.28796973995762226,5.240264959149392
2020-08-06 00:00:00,2020,8,6,0,1596672000,kansas,21.625421351348482,7.868291284379266,96.00914397458388,0.45146859146479457,0.0,0.29531519000355705,0.35390620653115745,4.566350115665439
2020-08-06 06:00:00,2020,8,6,6,1596693600,kansas,32.272848608400096,8.17390433598175,95.39200958778149,0.5639755891650113,0.0,0.3270678523225147,0.3823116826745109,5.479687128264576
2020-08-06 12:00:00,2020,8,6,12,1596715200,kansas,42.3337051162508,4.809188142900227,95.60815775347207,21.062567094026498,0.0,0.31016380776490565,0.32250020655391615,8.127548041914494
2020-08-06 18:00:00,2020,8,6,18,1596736800,kansas,31.700484044531166,8.376218106123318,95.47868739309264,0.032716862013353776,0.0,0.35837972087920184,0.31136797041813535,5.603556538611242
2020-08-07 00:00:00,2020,8,7,0,1596758400,kansas,22.41974908365115,6.001081575319834,95.65679023047322,0.12313834989380479,4.143834820888495,0.37934138531736644,0.32193955044346373,4.378896525975986
2020-08-07 06:00:00,2020,8,7,6,1596780000,kansas,34.96214878932656,4.801799095246418,95.66269587480892,0.966232882748149,0.0,0.31265952028985744,0.3738957231572185,5.3636174619366
2020-08-07 12:00:00,2020,8,7,12,1596801600,kansas,40.88189124374392,4.3683347371444645,94.83194593691697,21.147060167678116,0.0,0.31806879827303186,0.37727626117462315,8.450703009592921
2020-08-07 18:00:00,2020,8,7,18,1596823200,kansas,31.392328290840528,7.70926495863952,95.5149986135254,0.2395968832825076,0.0,0.3443984274287285,0.3125890119134669,5.1129349422853805
2020-08-08 00:00:00,2020,8,8,0,1596844800,kansas,22.519897825959113,7.613952921153388,95.73963342049088,0.5421664055670545,0.0,0.3317130227777934,0.33941512725064227,4.67849911370324
2020-08-08 06:00:00,2020,8,8,6,1596866400,kansas,29.933747908578443,4.227332100381916,95.51151940380545,0.8014529051751251,0.0,0.2934829396111442,0.2449920258646459,4.541265197259451
2020-08-08 12:00:00,2020,8,8,12,1596888000,kansas,33.528053193847214,3.975208062278126,95.33440034585828,21.09204022339181,0.0,0.3211481612101563,0.3008356522690355,7.44750632876531
2020-08-08 18:00:00,2020,8,8,18,1596909600,kansas,27.601571372844983,5.367805856315952,96.12090756607857,0.8621180713713117,0.0,0.29356932572097855,0.353381809770258,4.986676527091583
2020-08-09 00:00:00,2020,8,9,0,1596931200,kansas,24.2488916283611,5.3817963547196985,95.81147845740965,0.9048845387031567,0.0,0.32054402232836404,0.2925259589233711,4.3498098982207
2020-08-09 06:00:00,2020,8,9,6,1596952800,kansas,31.410452448788117,3.9671022934934475,95.30465891134052,0.6344928639034183,0.0,0.31036221968404376,0.33632550474152273,4.770594661952971
2020-08-09 12:00:00,2020,8,9,12,1596974400,kansas,39.135881739628374,6.800126520529993,94.9604805567625,21.119885694455014,0.0,0.3186411311108801,0.33120413553339095,8.259638944546714
2020-08-09 18:00:00,2020,8,9,18,1596996000,kansas,29.072879402914502,5.108659478510755,95.08513628496868,0.018579160108368208,0.0,0.3373554017406741,0.35056309756671683,4.839345562209099
2020-08-10 00:00:00,2020,8,10,0,1597017600,kansas,24.27762001760366,6.065549484571002,95.33503622737845,0.593369970888328,0.0,0.30691130897335883,0.2834394975572625,4.375203275695368
2020-08-10 06:00:00,2020,8,10,6,1597039200,kansas,29.65345347654463,10.700858549270212,95.44574623088127,0.5228115758564365,0.0,0.33545610219786315,0.2266636765867726,5.016059125514302
2020-08-10 12:00:00,2020,8,10,12,1597060800,kansas,35.78240247882743,4.868409041836037,94.96522675828506,20.671901163765888,0.0,0.3067930405484545,0.29126635536439094,7.836560686885792
2020-08-10 18:00:00,2020,8,10,18,1597082400,kansas,31.631682052672264,5.976931662618888,94.97207762500385,0.18112640826010334,0.0,0.3149505173720786,0.257454501936392,4.788373387406121
2020-08-11 00:00:00,2020,8,11,0,1597104000,kansas,22.24676654595042,5.4151328997033605,96.11705016793577,0.9583781879829788,0.0,0.33413630559637486,0.2868291324739631,4.198158765192493
2020-08-11 06:00:00,2020,8,11,6,1597125600,kansas,30.46398347654939,4.509907289413857,95.20412400127154,0.7983716067964536,0.0,0.31362821444955336,0.29665317638328087,4.755000646101782
2020-08-11 12:00:00,2020,8,11,12,1597147200,kansas,38.098861163503194,4.780967663929378,95.92481797666015,20.597691735389365,0.0,0.3277305617098962,0.2989528646353612,7.711876862666467
2020-08-11 18:00:00,2020,8,11,18,1597168800,kansas,29.12986802124873,4.774465003389888,95.64699659479827,0.6822537942265701,0.0,0.30271842603720533,0.3344761975260499,4.937512086630607
2020-08-12 00:00:00,2020,8,12,0,1597190400,kansas,23.608723109074806,3.743091337419759,95.4913713887846,0.4990528005653797,0.0,0.262280929645899,0.31124171071961926,3.8890407665079545
2020-08-12 06:00:00,2020,8,12,6,1597212000,kansas,35.508486765146664,4.8338480278615075,95.94101263067331,0.845705474628702,0.0,0.3274823883135173,0.27830101166801563,5.18370980537579
2020-08-12 12:00:00,2020,8,12,12,1597233600,kansas,38.056027571676445,7.504495792175808,95.41501014588647,20.467432847244506,0.0,0.3170784578447934,0.3485823527081323,7.976317351042341
2020-08-12 18:00:00,2020,8,12,18,1597255200,kansas,28.22799041779451,7.269233010508605,95.25664171687347,0.09514642622414764,0.0,0.2821601866719574,0.2340665073335727,4.341884546653266
2020-08-13 00:00:00,2020,8,13,0,1597276800,kansas,20.713858588598203,3.610681474324618,96.14528089018489,0.6265323267753877,5.3106033616697115,0.39675190346814115,0.3234656006068318,4.517472810617479
2020-08-13 06:00:00,2020,8,13,6,1597298400,kansas,29.36084924118228,5.2376741256732124,95.28269493914722,0.0358917155682591,0.0,0.31385605962758867,0.26813574273555124,4.710373079810818
2020-08-13 12:00:00,2020,8,13,12,1597320000,kansas,36.360112961926326,3.8232381380691947,95.64640529218303,21.076974290842234,0.0,0.30802926825027266,0.35562818074546726,8.138649517275487
2020-08-13 18:00:00,2020,8,13,18,1597341600,kansas,31.489488323633584,7.536306037338629,95.48428721029748,0.9442316068974601,0.0,0.31276885121201736,0.2748287083865024,4.9370738081466055
2020-08-14 00:00:00,2020,8,14,0,1597363200,kansas,22.744510794060403,3.830085953500714,95.25616270067236,0.4720102815558789,0.0,0.32206957872994396,0.3306996685042684,3.958936560942401
2020-08-14 06:00:00,2020,8,14,6,1597384800,kansas,30.85285960234571,9.951548719391106,95.4030615659021,0.58700746363094,0.0,0.2974677613676178,0.3055951919854675,5.046080972993252
2020-08-14 12:00:00,2020,8,14,12,1597406400,kansas,38.129176726977015,8.4504165338276,96.06330358789407,20.692404670742892,0.0,0.2899602111625896,0.3161504607426258,7.748322296611139
2020-08-14 18:00:00,2020,8,14,18,1597428000,kansas,30.284449241279535,4.375714055402967,94.48476217562255,0.355978693060227,0.0,0.29185679276024334,0.3051686925389356,4.798237941134998
2020-08-15 00:00:00,2020,8,15,0,1597449600,kansas,18.932524673774136,3.758781954345186,95.80166011705882,0.10187673253637852,0.0,0.3277606221059538,0.28371533439592916,3.7848512706617687
2020-08-15 06:00:00,2020,8,15,6,1597471200,kansas,27.853170456961976,3.78006992326504,95.23044095994791,0.36907302250957497,0.0,0.26681985207557335,0.2498788817378027,4.119967264398436
2020-08-15 12:00:00,2020,8,15,12,1597492800,kansas,38.665001917724965,8.659321356866808,95.77669801848236,20.435930885162506,0.0,0.31531616665467765,0.27627042284809866,8.146669515513828
2020-08-15 18:00:00,2020,8,15,18,1597514400,kansas,27.731659101925654,5.9695311028115725,96.47356442697196,0.9978292927844209,0.0,0.2873446205690115,0.27670596457076635,4.6965003419241125
2020-08-16 00:00:00,2020,8,16,0,1597536000,kansas,18.371790800733528,7.110981758497114,95.17492448527689,0.7714913653894798,0.0,0.32541036003338575,0.23768968491470877,4.068011213010261
2020-08-16 06:00:00,2020,8,16,6,1597557600,kansas,30.139759050114687,3.685542266297146,95.77036138044382,0.9782733235466391,0.0,0.2931259573110608,0.3111260802380111,4.848154702595008
2020-08-16 12:00:00,2020,8,16,12,1597579200,kansas,37.82620436414554,9.052884625161283,95.44845262305286,20.51621011016577,0.0,0.2829135249742626,0.35470621029223903,7.860975794113565
2020-08-16 18:00:00,2020,8,16,18,1597600800,kansas,29.034982376389575,5.0293129100472935,95.63431353036506,0.3959816731126248,0.0,0.2529783892051988,0.2646072462824009,4.174268992752019
2020-08-17 00:00:00,2020,8,17,0,1597622400,kansas,20.75227810393099,6.1745554665944935,95.63044137193906,0.4212741220909554,0.0,0.325278081842297,0.2943833478986005,4.2758681079234995
2020-08-17 06:00:00,2020,8,17,6,1597644000,kansas,28.500803728684783,6.110727998489609,95.47705826167402,0.6782415626694758,0.0,0.2695771050333328,0.3004021858586078,4.539672361818195
2020-08-17 12:00:00,2020,8,17,12,1597665600,kansas,35.86011494729335,8.231328535964442,94.61911601550293,20.58419206028891,0.0,0.31371164366244797,0.25946236459277394,7.950571859860907
2020-08-17 18:00:00,2020,8,17,18,1597687200,kansas,31.178490267692997,3.770701162006585,95.62874243558356,0.5272884138479702,0.0,0.3074909801435816,0.32715255932415294,4.861601770641822
2020-08-18 00:00:00,2020,8,18,0,1597708800,kansas,20.950522006599233,8.014600042713168,95.40491145814406,0.006794739460956545,0.0,0.2744809354387369,0.31177650302345455,4.144282516805645
2020-08-18 06:00:00,2020,8,18,6,1597730400,kansas,25.047415685958214,7.360457776303445,95.68177652482834,0.32595877947693763,0.0,0.33361303094413475,0.33734407992603965,4.586081634121715
2020-08-18 12:00:00,2020,8,18,12,1597752000,kansas,36.796092546659565,5.562877556117017,95.91116075448659,20.413365430161196,0.0,0.261355038238166,0.2738915260868295,7.505889405783608
2020-08-18 18:00:00,2020,8,18,18,1597773600,kansas,24.32638644001595,4.364159650698272,95.61685412646682,0.09271640359610009,0.0,0.3333110335268312,0.2963864752996602,4.304583300043502
2020-08-19 00:00:00,2020,8,19,0,1597795200,kansas,22.129470268343795,4.505255782349917,95.36923069514546,0.11106061392139288,0.0,0.3048954479581394,0.30860924586946437,3.980025450971812
2020-08-19 06:00:00,2020,8,19,6,1597816800,kansas,27.317699062845428,3.620785958469125,94.76278619350177,0.9299443014286639,0.0,0.30070479791663635,0.2739799492993446,4.485424911202152
2020-08-19 12:00:00,2020,8,19,12,1597838400,kansas,35.85914518674067,5.980401239450731,95.12437429774556,19.59623963185424,0.0,0.28860658764895614,0.3292522385524855,7.886275440481918
2020-08-19 18:00:00,2020,8,19,18,1597860000,kansas,30.534391690896573,4.470376744500777,95.75158377879315,0.794605745490388,0.0,0.2833599953619162,0.2875925331918133,4.859014592819169
2020-08-20 00:00:00,2020,8,20,0,1597881600,kansas,22.680719185688332,4.378840550333237,95.59681748532188,0.34274876217572015,0.0,0.2670941802925568,0.3023579155458674,4.294575710462211
2020-08-20 06:00:00,2020,8,20,6,1597903200,kansas,27.234633120548693,4.320603293224643,95.85503131780192,0.8346573626783594,0.0,0.30304445709572286,0.25849495568465286,4.200315846414657
2020-08-20 12:00:00,2020,8,20,12,1597924800,kansas,37.80776512394826,3.845372236259041,95.67167944130817,19.79603979193052,0.0,0.29437518542025015,0.27421932905676233,7.713693189111239
2020-08-20 18:00:00,2020,8,20,18,1597946400,kansas,28.235615370415132,7.195387565668421,95.59168088408276,0.6416448762859919,0.0,0.31285086144501456,0.2859261752612861,4.646984166953054
2020-08-21 00:00:00,2020,8,21,0,1597968000,kansas,22.099211022589156,5.8817262447002,95.3559803796473,0.7087749767874095,0.0,0.30746326042570665,0.3224712097878714,4.231594404473128
2020-08-21 06:00:00,2020,8,21,6,1597989600,kansas,32.581995358600075,5.24434941544764,95.57704114792514,0.08826928798645339,4.5594564620682885,0.37506904445715805,0.28821753177764026,5.116908712295044
2020-08-21 12:00:00,2020,8,21,12,1598011200,kansas,37.046064110723876,9.03037337536945,95.41754883674244,20.1989139015253,0.0,0.3056254463789077,0.2706522170624607,7.971528769830925
2020-08-21 18:00:00,2020,8,21,18,1598032800,kansas,25.578890390516072,6.404315065584656,95.53245653018834,0.9766475316591738,0.0,0.31973458221050916,0.27773154992565385,4.605974153763849
2020-08-22 00:00:00,2020,8,22,0,1598054400,kansas,21.237689495098937,4.005622010849083,95.04025396099206,0.06385335651054769,0.0,0.3114976820065462,0.269937210441053,3.86082373533942
2020-08-22 06:00:00,2020,8,22,6,1598076000,kansas,27.00495993558488,6.119968853756676,96.07521754686205,0.2589336976943931,0.0,0.31833174001747416,0.21069839115050004,4.172053875094095
2020-08-22 12:00:00,2020,8,22,12,1598097600,kansas,36.747166813747185,4.797895971249003,95.3879560019972,19.69264559345929,0.0,0.2752034403283504,0.3135619692085419,7.601295317093157
2020-08-22 18:00:00,2020,8,22,18,1598119200,kansas,26.95757970905936,4.187670902818867,94.59706588878889,0.027353587043726507,1.440042692027423,0.3242036100507021,0.3255559899044306,4.693410753209538
2020-08-23 00:00:00,2020,8,23,0,1598140800,kansas,21.90725690383811,5.013095994151921,95.11165192203765,0.551436713079557,0.0,0.26258507372691375,0.24009240614871638,3.7449852069628085
2020-08-23 06:00:00,2020,8,23,6,1598162400,kansas,28.268112965470635,5.673260232947349,95.38910288117152,0.28905270855807996,0.0,0.3007199535200407,0.2550911796659231,4.630941494241888
2020-08-23 12:00:00,2020,8,23,12,1598184000,kansas,36.933292630216826,6.269358778225947,95.90048421659537,19.868191293179073,0.0,0.2953608115522637,0.26808931721903717,7.791142730643069
2020-08-23 18:00:00,2020,8,23,18,1598205600,kansas,28.726912413203095,7.5122973204022685,95.74655519862893,0.608254129912489,0.0,0.283669970864214,0.28351510985987166,4.773714609693176
2020-08-24 00:00:00,2020,8,24,0,1598227200,kansas,21.52122559616741,3.575023854116176,95.76083101772824,0.6281719150891661,0.0,0.28811499446990496,0.2905501291047445,3.893850396272229
2020-08-24 06:00:00,2020,8,24,6,1598248800,kansas,25.986463468684114,5.198996561910726,94.52146247414582,0.7154801517521354,0.0,0.27503946964849246,0.22696339394250886,4.267740704924249
2020-08-24 12:00:00,2020,8,24,12,1598270400,kansas,37.95726278365901,6.827318448159472,95.6800846792175,19.76445201005663,0.0,0.31727659624372334,0.34575081424650733,8.0760881021884
2020-08-24 18:00:00,2020,8,24,18,1598292000,kansas,25.05306061534003,5.7663458281472595,95.77980629821391,0.21412227722727395,0.0,0.2991564302858415,0.29106241136356414,4.221317034457382
2020-08-25 00:00:00,2020,8,25,0,1598313600,kansas,18.343511752238626,4.16893845063312,94.80875843265862,0.0842031149010416,0.0,0.32973081004657256,0.30039647081091136,4.041493003566524
2020-08-25 06:00:00,2020,8,25,6,1598335200,kansas,30.441100325812748,3.3395480300760334,95.22226050421926,0.23221830744470884,0.0,0.30154611611088167,0.2975598940390434,4.548370246435996
2020-08-25 12:00:00,2020,8,25,12,1598356800,kansas,33.97687530568897,7.548020751120491,96.135425264222,19.82933115788885,10.631818228339444,0.4,0.20897454855369924,7.648042959509609
2020-08-25 18:00:00,2020,8,25,18,1598378400,kansas,28.45456350688115,4.691510446920967,95.58812715027194,0.027171367455707796,0.0,0.2741408296441585,0.2756205017898564,4.347077795235493
2020-08-26 00:00:00,2020,8,26,0,1598400000,kansas,16.97541584777,4.1405786127926065,95.72303037436271,0.8902309240464406,0.0,0.28452578652167687,0.30013772955393925,3.4589872621214424
2020-08-26 06:00:00,2020,8,26,6,1598421600,kansas,26.859929423571366,6.302646900665047,95.12255067265922,0.23244282890090961,0.0,0.2612822182343409,0.24927473808482548,4.31963619166903
2020-08-26 12:00:00,2020,8,26,12,1598443200,kansas,33.91553641044719,4.027068514750298,96.20627322453464,19.53021714258096,2.3058355538818525,0.32215279101173544,0.25649388869769674,7.523057223378605
2020-08-26 18:00:00,2020,8,26,18,1598464800,kansas,29.00266502544308,3.406720071277006,95.63034543968283,0.15578073047456606,0.0,0.304115196803523,0.2759223424696303,4.124397934689556
2020-08-27 00:00:00,2020,8,27,0,1598486400,kansas,17.00225854934851,5.008716855126754,96.0031139973793,0.1718422277032996,0.0,0.2970693253799815,0.315703893956988,3.81552062988911
2020-08-27 06:00:00,2020,8,27,6,1598508000,kansas,24.12014843109486,5.018238314337602,95.26843121686058,0.912914653392097,6.237004302298241,0.3589814749870529,0.268330098831722,4.757398376743674
2020-08-27 12:00:00,2020,8,27,12,1598529600,kansas,36.75611646701238,4.368933957117692,95.29386356843186,19.564908278606048,0.0,0.25674736637029844,0.2776506601657299,7.100341762903944
2020-08-27 18:00:00,2020,8,27,18,1598551200,kansas,26.032890770478456,7.0341562543651985,95.72065172286888,0.09605330193432789,0.0,0.28502669234415745,0.20960868228033394,4.2402747948647965
2020-08-28 00:00:00,2020,8,28,0,1598572800,kansas,19.3801039760971,3.6223748981841655,96.09694618249455,0.9700949866012509,0.0,0.29598173397998967,0.2518070390305126,3.684050022932052
2020-08-28 06:00:00,2020,8,28,6,1598594400,kansas,25.420476202647393,6.102749779281323,95.76924473670343,0.29515418165441176,0.0,0.31006299425741085,0.2640407930010935,4.296299946735411
2020-08-28 12:00:00,2020,8,28,12,1598616000,kansas,32.477992277762795,4.317907478244278,95.31184193207575,18.743775768203342,0.0,0.2951584352116688,0.2843479347856982,6.902142027935696
2020-08-28 18:00:00,2020,8,28,18,1598637600,kansas,24.720924732620215,3.6244054003804016,95.21211695762256,0.14320141818228077,0.0,0.27691787843663457,0.26912287513313005,4.244781069187398
2020-08-29 00:00:00,2020,8,29,0,1598659200,kansas,15.919312574671578,4.943835149295367,95.54622761697706,0.9059766778778149,0.0,0.2717256540986565,0.28079048222610364,3.6301917372223977
2020-08-29 06:00:00,2020,8,29,6,1598680800,kansas,25.282111945345626,7.014333890953669,95.64357595950716,0.19141331826757135,0.0,0.30323716894086544,0.3176323082663061,4.366209772532996
2020-08-29 12:00:00,2020,8,29,12,1598702400,kansas,35.88838474536852,3.452416550955293,95.58591577064863,18.706293505263602,0.0,0.3014664866332177,0.1980749369908873,6.928627111323025
2020-08-29 18:00:00,2020,8,29,18,1598724000,kansas,29.301985606214238,5.767131621026428,95.27244830552307,0.34463792118125275,0.0,0.2819672498344376,0.25069283627245875,4.198505014073281
2020-08-30 00:00:00,2020,8,30,0,1598745600,kansas,16.37118199161608,5.585818723676179,95.19101117828433,0.5266880520107435,0.0,0.30078166775272064,0.22623651682251122,3.610083498616859
2020-08-30 06:00:00,2020,8,30,6,1598767200,kansas,27.041808189185303,4.948131370177162,95.5645425782214,0.8604294678670763,0.0,0.2691693528015662,0.25809920872186026,4.401320824375881
2020-08-30 12:00:00,2020,8,30,12,1598788800,kansas,33.61157916175469,5.143275573611018,95.0883409637459,18.591325436797774,0.0,0.2824187803973277,0.23385498498089088,7.063477615921159
2020-08-30 18:00:00,2020,8,30,18,1598810400,kansas,24.432031964286498,5.694307324451838,95.81073106545274,0.7457189527942081,0.0,0.27271375627048194,0.29122185499564324,4.0092687865067695
2020-08-31 00:00:00,2020,8,31,0,1598832000,kansas,19.34274304741656,4.285335923295161,95.77329432639091,0.6823601932011226,0.0,0.2695358075770209,0.22869767797770457,3.709493583214578
2020-08-31 06:00:00,2020,8,31,6,1598853600,kansas,27.223012306115194,4.356982243208232,96.01795941729821,0.4324580019219131,0.0,0.29997581406034785,0.24003691464578117,4.276073172292916
2020-08-31 12:00:00,2020,8,31,12,1598875200,kansas,36.13529953640482,8.694053828726911,96.34229455654689,19.05061207248438,0.0,0.2842885734591355,0.2603266670853944,7.264211913369974
2020-08-31 18:00:00,2020,8,31,18,1598896800,kansas,26.234267647941504,3.2900667881493413,95.42120817850181,0.3740035345958318,0.0,0.3130083508977978,0.32077285993809385,4.295469497034916
2020-09-01 00:00:00,2020,9,1,0,1598918400,kansas,16.489859575649213,8.20805267104815,95.04210821117205,0.7474400287662019,0.0,0.291054310586456,0.27932345534741126,3.812894792108563
2020-09-01 06:00:00,2020,9,1,6,1598940000,kansas,27.85743526634133,5.536598438859025,95.38872109077697,0.07398562855111623,6.251087510537446,0.36929016622947414,0.2674190318312143,4.91027055019796
2020-09-01 12:00:00,2020,9,1,12,1598961600,kansas,33.46315687418848,4.287935742648102,95.4959827581872,18.647990071479892,0.0,0.26546699844128907,0.29582474532793795,6.865718670668185
2020-09-01 18:00:00,2020,9,1,18,1598983200,kansas,28.764067618377517,4.068480630495287,96.01879197876902,0.7136622548116389,0.0,0.2995598995263885,0.30186823294520576,4.349180395725684
2020-09-02 00:00:00,2020,9,2,0,1599004800,kansas,18.362136927503634,4.651664740783043,95.43621351300371,0.3483958969101355,0.0,0.2946178172941402,0.2464272004625456,3.534232557313464
2020-09-02 06:00:00,2020,9,2,6,1599026400,kansas,27.187333389818907,5.553108780019308,96.00267366065194,0.5108566539418026,0.0,0.3121953663161819,0.2677618074543196,4.55588389590583
2020-09-02 12:00:00,2020,9,2,12,1599048000,kansas,35.13075723144582,3.8297309314861865,95.41980035524894,18.952123700371644,0.0,0.3041273521823376,0.2766977389966195,7.142632527747449
2020-09-02 18:00:00,2020,9,2,18,1599069600,kansas,24.327752765854836,3.3099287725216433,95.7449689566852,0.14462291038328223,0.0,0.28534614297445887,0.223550232769752,3.496732358962812
2020-09-03 00:00:00,2020,9,3,0,1599091200,kansas,18.327400670985316,3.491698957924331,95.44353233427012,0.6970354833016523,0.0,0.2929728429157848,0.29729629760051435,3.9953746751656083
2020-09-03 06:00:00,2020,9,3,6,1599112800,kansas,27.30125430950511,6.3870608988428295,94.77899933292635,0.01862350725580575,0.0,0.292295282516293,0.31867268514555275,4.7113605265124265
2020-09-03 12:00:00,2020,9,3,12,1599134400,kansas,33.27781701058915,3.5762912566838865,95.09912735444432,18.54764022057091,0.0,0.306983764595159,0.2455203303816088,7.223766951257372
2020-09-03 18:00:00,2020,9,3,18,1599156000,kansas,30.009188730706178,6.931136378757344,95.11220932759511,0.8785363240091639,0.0,0.30509599018361533,0.2633452405924752,4.905707716072653
2020-09-04 00:00:00,2020,9,4,0,1599177600,kansas,16.9699278739871,3.779120246480262,95.45367480035917,0.5781708400386893,0.0,0.2476232775735258,0.2609864397686096,3.437870092111321
2020-09-04 06:00:00,2020,9,4,6,1599199200,kansas,30.498091522674972,8.171836128354771,96.24247879995633,0.4782478785670634,6.463436510663213,0.38287226050974826,0.3161751242149126,5.297623449174298
2020-09-04 12:00:00,2020,9,4,12,1599220800,kansas,35.87601924744652,4.4824682988630915,95.72730436230728,18.012295052302136,0.0,0.26263447232231335,0.27850674902794914,7.08503266352794
2020-09-04 18:00:00,2020,9,4,18,1599242400,kansas,27.78759876326261,3.9529072920033346,95.43514649589025,0.26875326738494726,0.0,0.27016379510704763,0.26503063064215093,4.395171958596421
2020-09-05 00:00:00,2020,9,5,0,1599264000,kansas,22.323958541155204,4.4337553052897,95.82070627314793,0.9640128528366604,0.0,0.2393764316882405,0.30499833157082595,4.1166617040857485
2020-09-05 06:00:00,2020,9,5,6,1599285600,kansas,27.71959120178998,7.1026737721795605,96.3220087472987,0.22243397279974397,0.0,0.31499636080392623,0.3144896139670313,4.673836738971773
2020-09-05 12:00:00,2020,9,5,12,1599307200,kansas,35.06321378539192,6.181247871166908,94.67194145355862,17.8683133459009,0.0,0.288822058345493,0.2810123575498647,7.191065972153737
2020-09-05 18:00:00,2020,9,5,18,1599328800,kansas,24.290531890969916,3.9139970666777852,95.70118759489584,0.47361981222747324,0.0,0.2646039803687242,0.3065310337835969,3.7600628256639586
2020-09-06 00:00:00,2020,9,6,0,1599350400,kansas,16.983281862691793,4.043258864264024,95.16689432499356,0.31331307820816157,0.0,0.2917458532958765,0.27221377119295875,3.591923408018563
2020-09-06 06:00:00,2020,9,6,6,1599372000,kansas,24.12395174283402,10.673084984467113,96.21886133226533,0.5041406794250733,0.0,0.2864900146366499,0.21417867806581684,4.114929635822773
2020-09-06 12:00:00,2020,9,6,12,1599393600,kansas,32.294640477677675,3.424842373611477,95.8231761431072,18.080000091339276,0.0,0.282716626503756,0.29967375081830394,7.134058768098622
2020-09-06 18:00:00,2020,9,6,18,1599415200,kansas,28.44980136521039,4.2301300578136845,95.09142638764227,0.8797464610577549,0.0,0.26200277203066363,0.2637530995047336,4.433134585724819
2020-09-07 00:00:00,2020,9,7,0,1599436800,kansas,15.899226439955756,6.0987024823010625,95.69014053545284,0.8758036576047944,0.0,0.2850905905527008,0.2232349341967011,3.3308731881477422
2020-09-07 06:00:00,2020,9,7,6,1599458400,kansas,26.13981203892929,4.101595726327149,95.70341665229414,0.1892764023736765,0.0,0.26036024383362555,0.21980534820020148,4.076538695439352
2020-09-07 12:00:00,2020,9,7,12,1599480000,kansas,35.72050113658727,3.2841012533679574,96.17914683303906,17.766559488299936,0.0,0.28398792461502304,0.24897780768272498,6.703929980534667
2020-09-07 18:00:00,2020,9,7,18,1599501600,kansas,26.56988389030195,3.892629232501387,95.93174517311044,0.3098890829168172,0.0,0.26432073366645226,0.2545242313173366,4.066468298028274
2020-09-08 00:00:00,2020,9,8,0,1599523200,kansas,18.550654456107598,6.2412067575212,95.79378662013255,0.7059934525057487,0.0,0.26340477608445295,0.2726768072913139,3.9222286508317965
2020-09-08 06:00:00,2020,9,8,6,1599544800,kansas,22.23164136199412,4.711679903307957,95.73177144502392,0.8338131599775126,0.0,0.30196481005234665,0.2665280925226694,3.9690709804248576
2020-09-08 12:00:00,2020,9,8,12,1599566400,kansas,34.11307063466827,4.402069405325342,96.11474829936627,18.06147028812351,0.0,0.25315829494344333,0.2911610773559749,7.001035738527848
2020-09-08 18:00:00,2020,9,8,18,1599588000,kansas,26.416238867150604,3.138453923904019,96.11499322649456,0.22675300353113673,0.0,0.27462562131439255,0.29307636295981937,4.208590043963614
2020-09-09 00:00:00,2020,9,9,0,1599609600,kansas,18.030614277572475,5.544387948944896,95.45503791516286,0.4936057547580043,8.951262691638426,0.4,0.30041987663478936,4.22236687191618
2020-09-09 06:00:00,2020,9,9,6,1599631200,kansas,23.99189770393824,6.04298270891972,95.95176556322214,0.5433120164678364,2.5773007653746953,0.31615878230142896,0.25967957523741503,4.243686141522885
2020-09-09 12:00:00,2020,9,9,12,1599652800,kansas,30.944162917448377,3.467582485239915,95.36740086876948,17.757460279216918,10.080269175497655,0.4,0.22547459263144162,7.323464688619679
2020-09-09 18:00:00,2020,9,9,18,1599674400,kansas,22.23702160418556,4.646344283433052,96.1259880651967,0.8057916763304506,0.0,0.25959260887323427,0.2383203987623166,3.77898475759215
2020-09-10 00:00:00,2020,9,10,0,1599696000,kansas,14.17058100196222,6.373127883083357,95.9935835213336,0.29374124036598737,0.0,0.2618963704572341,0.20976684812804325,3.115993342585404
2020-09-10 06:00:00,2020,9,10,6,1599717600,kansas,26.11652694329178,4.6006562434601,95.53413568974965,0.023680661959480376,0.0,0.2681262147964446,0.20936551349857185,4.075329464360808
2020-09-10 12:00:00,2020,9,10,12,1599739200,kansas,27.454060342836808,4.058664917707108,95.85731353802124,18.040312309576194,0.0,0.2843085074839003,0.25215138017592226,6.235373012221701
2020-09-10 18:00:00,2020,9,10,18,1599760800,kansas,24.589540544077877,3.3429887558587357,95.55616944757324,0.19259241800774804,0.0,0.27766282044178076,0.2245315827269878,3.8601928806092607
2020-09-11 00:00:00,2020,9,11,0,1599782400,kansas,14.995069955342487,12.20045420121621,94.95063296134158,0.09150675434545819,3.856065992772683,0.3557794475202819,0.2973725417873921,4.0984179547047885
2020-09-11 06:00:00,2020,9,11,6,1599804000,kansas,25.630821234027785,4.604011733400685,96.29179137870155,0.3631398596315285,0.0,0.26465163564567024,0.29146368430124525,4.213327951552745
2020-09-11 12:00:00,2020,9,11,12,1599825600,kansas,34.772302768351274,3.592059394240371,95.176551652263,17.661816196074625,2.041415545922655,0.3070240618321791,0.2654659921921406,7.277927780604112
2020-09-11 18:00:00,2020,9,11,18,1599847200,kansas,24.50801717737988,5.694204527765001,95.17574309433887,0.8350212465281796,0.0,0.2743493863328254,0.2354038810455823,4.116276865171189
2020-09-12 00:00:00,2020,9,12,0,1599868800,kansas,15.248462822294357,4.110801833001733,95.91237820647831,0.6928945060471355,0.0,0.26599776165801275,0.2322802448825458,3.194363969242331
2020-09-12 06:00:00,2020,9,12,6,1599890400,kansas,22.620388408517403,3.6375290123432604,95.71939947447049,0.7396182405170698,0.0,0.2880642143417398,0.3080946686150656,3.996938189771709
2020-09-12 12:00:00,2020,9,12,12,1599912000,kansas,30.733887784296023,5.874281090020994,95.63856244801963,17.548033405021737,0.0,0.2815662346012339,0.26898308422336464,6.8023351428304775
2020-09-12 18:00:00,2020,9,12,18,1599933600,kansas,24.38452761530383,7.335377605459124,95.86135926162335,0.6630055885874665,0.0,0.27370486660653354,0.27636356864746336,4.096906973119851
2020-09-13 00:00:00,2020,9,13,0,1599955200,kansas,15.080390556010048,5.5916841366729635,95.71169728102987,0.8497305623440125,0.0,0.2815027460334224,0.30414790648585416,3.5220388627810286
2020-09-13 06:00:00,2020,9,13,6,1599976800,kansas,22.91638635525439,5.77532678371826,95.33001322866639,0.18856540531884425,0.0,0.2769806208564861,0.2622897624045102,3.8380112564408506
2020-09-13 12:00:00,2020,9,13,12,1599998400,kansas,34.985575657812575,3.166174850077865,96.06475780843486,16.819048975334326,0.0,0.2339036780856667,0.2650398424996692,6.716335225934011
2020-09-13 18:00:00,2020,9,13,18,1600020000,kansas,23.135676869252862,3.0863363988823087,96.05230339094928,0.6221932469947832,0.0,0.2608539129664967,0.29948944851050324,3.936858470542525
2020-09-14 00:00:00,2020,9,14,0,1600041600,kansas,14.146586022219523,4.7541500874752565,95.83620567057028,0.7163442297922712,0.0,0.2743754335068032,0.1715154622445595,3.1889978211153442
2020-09-14 06:00:00,2020,9,14,6,1600063200,kansas,22.571151720547867,3.4887268706441077,95.67202862381956,0.023569625340629896,0.0,0.2509092220877118,0.21649078576689645,3.462910268132457
2020-09-14 12:00:00,2020,9,14,12,1600084800,kansas,35.23957605190934,6.824473037188401,95.93525791691411,17.305785773491287,0.0,0.25582086137017407,0.3319668821609521,7.243868458361838
2020-09-14 18:00:00,2020,9,14,18,1600106400,kansas,22.404063142088454,3.1558202087124134,95.84686174016848,0.3837860363844748,0.0,0.25719333267250605,0.23153945471484688,3.533976360994229
2020-09-15 00:00:00,2020,9,15,0,1600128000,kansas,13.811733970401376,3.697299600307339,96.04064756148993,0.6804577697361761,0.0,0.25056794352237277,0.2617722488763576,3.1395730936260318
2020-09-15 06:00:00,2020,9,15,6,1600149600,kansas,18.94848655529124,3.8183462961652612,95.34518856374959,0.5755459964535018,0.0,0.2719253214380557,0.22146700066520847,3.498662252904354
2020-09-15 12:00:00,2020,9,15,12,1600171200,kansas,32.56025793864217,5.443834007869391,95.13985752570554,16.863825266844557,0.0,0.2586188871306307,0.2406872560952926,6.694256639277849
2020-09-15 18:00:00,2020,9,15,18,1600192800,kansas,25.77323036716415,5.933126638359921,96.11193965639524,0.9387196192787927,0.0,0.2580242564131631,0.24037098894726736,4.130577831959994
2020-09-16 00:00:00,2020,9,16,0,1600214400,kansas,15.16104166670884,4.0417377505784735,96.05591343626388,0.11872922513261108,0.0,0.24629387947058548,0.2712412890441272,3.1387145669950987
2020-09-16 06:00:00,2020,9,16,6,1600236000,kansas,23.007261838174617,3.38556502557933,95.80931561821914,0.228536940163935,0.0,0.2197891687441669,0.2572328435839052,3.8565694676591074
2020-09-16 12:00:00,2020,9,16,12,1600257600,kansas,30.43902899415963,4.077460738315428,95.97606491255013,16.59092845408681,0.0,0.24528543559030774,0.2414880593014882,6.203847883909847
2020-09-16 18:00:00,2020,9,16,18,1600279200,kansas,21.852724579726022,6.486110615621552,95.39856597960676,0.106929586647611,0.0,0.27389763497825065,0.24711912239588327,3.6950745593735617
2020-09-17 00:00:00,2020,9,17,0,1600300800,kansas,16.079261926243422,3.2715901680686637,95.547499955364,0.23401252926229676,0.0,0.2917698595133348,0.2054751186231173,3.1581342999080286
2020-09-17 06:00:00,2020,9,17,6,1600322400,kansas,21.44546905348413,3.2209531703043175,95.98509639713167,0.6464156554332675,0.0,0.2846794545852465,0.2796168600929639,3.64415188495278
2020-09-17 12:00:00,2020,9,17,12,1600344000,kansas,28.461845426156923,12.659289224856868,95.50609328787787,16.531500447743284,0.0,0.26923423288456655,0.25120915721231246,6.836521428607737
2020-09-17 18:00:00,2020,9,17,18,1600365600,kansas,23.72995251753071,3.563136326677541,95.50662068907883,0.40277165421320593,0.0,0.2800051161600944,0.2220398058715102,3.812173597919655
2020-09-18 00:00:00,2020,9,18,0,1600387200,kansas,14.763143728560628,5.660221504565881,94.59290141344401,0.8585684859284771,0.0,0.3101987563890485,0.21817620913890054,3.493866885932512
2020-09-18 06:00:00,2020,9,18,6,1600408800,kansas,19.59524895334866,4.211106073322506,95.65928629102257,0.7117203516652949,0.0,0.2670914859249228,0.29776981884999304,3.781446257884034
2020-09-18 12:00:00,2020,9,18,12,1600430400,kansas,31.172590734392323,5.958706952450531,95.62988956433776,17.14281846310927,8.623475695805407,0.3482860722125751,0.25146987467449516,7.045269488333921
2020-09-18 18:00:00,2020,9,18,18,1600452000,kansas,25.599595435312178,5.96477257444388,95.95064295704071,0.10981269221861821,0.0,0.26516795056086345,0.24139070359741693,3.902977447013431
2020-09-19 00:00:00,2020,9,19,0,1600473600,kansas,15.498567114083523,3.267279318556872,95.83983414238945,0.2190826965654763,0.0,0.3008253907757574,0.26036382230702754,3.3335036009008627
2020-09-19 06:00:00,2020,9,19,6,1600495200,kansas,23.51220396707875,6.385604730169169,95.70501011699044,0.7327102900774215,0.0,0.24210365112598464,0.29372789766476115,4.161338761742805
2020-09-19 12:00:00,2020,9,19,12,1600516800,kansas,29.6822287372308,3.37005884523921,95.74824008398332,16.304822718891664,2.112547502179627,0.2888631553993845,0.352719372993798,6.75862829718104
2020-09-19 18:00:00,2020,9,19,18,1600538400,kansas,25.80065495290473,3.7469682644206994,95.55576184406752,0.22348403703365458,0.0,0.24601497086825153,0.19197968351548508,3.9008823399757855
2020-09-20 00:00:00,2020,9,20,0,1600560000,kansas,15.46592676613616,3.4743621080875653,96.11878343574173,0.6542374624717383,0.0,0.26026834492322826,0.24088795595246917,3.496922599455481
2020-09-20 06:00:00,2020,9,20,6,1600581600,kansas,23.645882845421234,5.058395771007575,95.95915586804523,0.1998595101643249,0.0,0.2850398522281486,0.26217519426755176,4.12401000387826
2020-09-20 12:00:00,2020,9,20,12,1600603200,kansas,30.210325401181414,6.181643362254718,95.41085624512854,15.959117840532942,0.0,0.2710696380539822,0.23800455097572853,6.467945611755488
2020-09-20 18:00:00,2020,9,20,18,1600624800,kansas,23.694026004442435,5.730131444310706,95.95901185404666,0.21304640573167472,0.0,0.26667167694796906,0.2584523758570112,4.197215441048301
2020-09-21 00:00:00,2020,9,21,0,1600646400,kansas,13.237297730166388,3.4662530977539316,96.30825896544474,0.10706647594754648,0.0,0.2852649826926771,0.26946341065956336,3.2351804460583065
2020-09-21 06:00:00,2020,9,21,6,1600668000,kansas,23.86862906575576,3.6370576567530195,95.78961443178619,0.15042216441159395,0.0,0.2440080147567304,0.2408157724665504,3.9317258229320426
2020-09-21 12:00:00,2020,9,21,12,1600689600,kansas,30.3674521110274,3.403196907951104,96.19637984088466,16.45243775948288,0.0,0.2604781641817596,0.26604903354529824,6.328132267531549
2020-09-21 18:00:00,2020,9,21,18,1600711200,kansas,20.826871595582134,4.3543929991090025,96.30950824723274,0.1137751932225574,0.0,0.2622236118502659,0.21829522952605307,3.3145585234521104
2020-09-22 00:00:00,2020,9,22,0,1600732800,kansas,16.899772390972515,4.432910166497729,95.32123327894381,0.4281497873017197,0.0,0.23945507593919807,0.22795612244094393,3.3223334157660815
2020-09-22 06:00:00,2020,9,22,6,1600754400,kansas,21.013085079653766,4.524520782270425,96.11015906954543,0.8571652709355688,0.0,0.23804429918934167,0.2779091622003057,3.707315989272834
2020-09-22 12:00:00,2020,9,22,12,1600776000,kansas,27.807085545596884,4.242805516510397,95.68609243122114,15.748212246522302,0.0,0.25281930552802134,0.2727598581273824,6.201991148463613
2020-09-22 18:00:00,2020,9,22,18,1600797600,kansas,26.366765456156827,6.115465899178798,95.92586550597308,0.4233317646393239,0.0,0.26355773600090526,0.29748846285130165,4.200219548657207
2020-09-23 00:00:00,2020,9,23,0,1600819200,kansas,13.376256281700767,3.7604501849935548,95.62639794198748,0.9948152948539782,0.0,0.2608622536808028,0.2752825365628111,3.2539098081508997
2020-09-23 06:00:00,2020,9,23,6,1600840800,kansas,21.218779321355385,3.9560737828928705,95.87715897459253,0.8288735769728671,0.0,0.2509476081044087,0.28902430511048105,3.7847497477687284
2020-09-23 12:00:00,2020,9,23,12,1600862400,kansas,30.263722387604066,4.759558783822771,95.55554144386241,15.668019896864793,0.0,0.2594653118900266,0.24955242700419036,6.335939500336319
2020-09-23 18:00:00,2020,9,23,18,1600884000,kansas,22.122514312800785,3.702203521233459,95.63273377931156,0.016863790169491816,0.0,0.23392492776097532,0.21088058043419136,3.337037708288889
2020-09-24 00:00:00,2020,9,24,0,1600905600,kansas,11.780775785821998,3.8231962841787293,95.46613232867749,0.3035820854609135,0.0,0.2520875040225004,0.22321126269992642,2.826911666603001
2020-09-24 06:00:00,2020,9,24,6,1600927200,kansas,16.409532920695476,4.851390634737799,96.08154731005742,0.8851388493796116,1.969492241550638,0.3015116762375425,0.2829015694857528,3.8806893731085728
2020-09-24 12:00:00,2020,9,24,12,1600948800,kansas,32.29082947675505,4.523672747824899,96.3594313987215,15.48312126209671,0.0,0.23433470870747672,0.27918184976348687,6.248717200110503
2020-09-24 18:00:00,2020,9,24,18,1600970400,kansas,20.668424616525584,4.32185623809735,95.47848321374686,0.25005129492294953,0.0,0.22769461861138995,0.29390803287266565,3.638263363734502
2020-09-25 00:00:00,2020,9,25,0,1600992000,kansas,16.567711891093712,3.1496917938833913,96.63191912091631,0.8740155281614429,0.0,0.24583760017915232,0.2793156235698616,3.1900665286221543
2020-09-25 06:00:00,2020,9,25,6,1601013600,kansas,23.469878344321728,5.059653427165262,95.6758382689329,0.4982635399271603,0.0,0.27238167806756763,0.26326654376301334,4.0272049855615215
2020-09-25 12:00:00,2020,9,25,12,1601035200,kansas,33.12227470331159,6.512135304288256,95.87845304659491,15.42613259058581,0.0,0.2774481013389473,0.2951720792085435,6.771150438202053
2020-09-25 18:00:00,2020,9,25,18,1601056800,kansas,21.412869920841153,9.100460870968341,95.62867780761626,0.49070879908439147,15.449426770149714,0.3978783531393565,0.26168709626983144,4.490179208044432
2020-09-26 00:00:00,2020,9,26,0,1601078400,kansas,11.77757725913945,6.807466486863557,96.30230013723866,0.2203115301659756,0.0,0.2265064959173602,0.23328272615044485,2.7156587773510124
2020-09-26 06:00:00,2020,9,26,6,1601100000,kansas,17.959064244761674,3.15095395761225,96.02788370831595,0.08649847049274284,0.0,0.21163816113376283,0.25178918437230785,3.0005556348282547
2020-09-26 12:00:00,2020,9,26,12,1601121600,kansas,27.620912093276303,9.301368565343667,96.02406130712662,15.962715937071259,0.0,0.2619118920446154,0.2976089082923937,6.6344626659942145
2020-09-26 18:00:00,2020,9,26,18,1601143200,kansas,20.814868889159207,3.174862014494314,95.63735769823384,0.5817518098281703,0.0,0.27684767027799706,0.24818437327466625,3.3761896967382317
2020-09-27 00:00:00,2020,9,27,0,1601164800,kansas,11.999416177960686,5.563072426525402,96.05315642451683,0.989183858510832,0.0,0.2346112999417992,0.23254178350780422,2.885949881459121
2020-09-27 06:00:00,2020,9,27,6,1601186400,kansas,18.775642654413733,3.1438135405840377,96.21135582147731,0.381438096922626,0.0,0.2497580826029434,0.2845727088297162,3.2626046969726934
2020-09-27 12:00:00,2020,9,27,12,1601208000,kansas,26.355967903083112,3.196540092962015,95.8733767235192,15.565840337608492,0.0,0.2613952851253139,0.22463919497287116,5.816600533321779
2020-09-27 18:00:00,2020,9,27,18,1601229600,kansas,19.26515401236536,3.496755431890479,96.06797520287894,0.14667192537948587,0.0,0.2432914251172729,0.2768746794000216,3.4891226582832395
2020-09-28 00:00:00,2020,9,28,0,1601251200,kansas,11.249942582453981,4.287403069035406,95.93732504776781,0.8294793259249966,0.0,0.2663014831389174,0.29444713700034214,3.1119921499696956
2020-09-28 06:00:00,2020,9,28,6,1601272800,kansas,22.244088852446296,3.70024314362557,96.30304177049142,0.20659603394467685,0.0,0.26461553462160375,0.20505315525582324,3.5129554104508482
2020-09-28 12:00:00,2020,9,28,12,1601294400,kansas,28.26540137567841,5.381005248152713,95.3576455749551,15.206003640626578,0.0,0.21431014797115389,0.2432229993411651,5.839120280677565
2020-09-28 18:00:00,2020,9,28,18,1601316000,kansas,18.30914395533116,5.457532447967175,95.73033047801688,0.9010006722343669,0.0,0.2642644055716606,0.2657950363775009,3.939085848193425
2020-09-29 00:00:00,2020,9,29,0,1601337600,kansas,13.651506458143057,4.535200896478559,95.67329466235955,0.7188010956781984,0.0,0.23101415862809796,0.26838463796334605,3.197683102504642
2020-09-29 06:00:00,2020,9,29,6,1601359200,kansas,19.415582949529465,3.666753274556043,96.03888742807143,0.39971681555875993,0.0,0.2526861037741582,0.27295770566849836,3.528429856143985
2020-09-29 12:00:00,2020,9,29,12,1601380800,kansas,29.64917505051594,3.1474358559164957,95.24542717888447,14.896937813724755,0.0,0.22370893275530615,0.262070186744732,5.894809971814735
2020-09-29 18:00:00,2020,9,29,18,1601402400,kansas,18.688026543061717,4.716021076023612,95.39058958119094,0.44659931264519653,0.0,0.23310449009549528,0.2424808190564456,3.2882153847507785
2020-09-30 00:00:00,2020,9,30,0,1601424000,kansas,13.214356209725391,3.094719331940543,96.74502830515297,0.7800067623328728,0.0,0.2842827616720831,0.23098674265319294,3.1672763221503533
2020-09-30 06:00:00,2020,9,30,6,1601445600,kansas,22.205186759376012,4.177143436546272,95.82425625050989,0.9669659967033298,0.0,0.22455440668748897,0.2760537695142081,3.664034036880336
2020-09-30 12:00:00,2020,9,30,12,1601467200,kansas,29.226256684463596,4.090278831777885,95.37946125088642,14.722014844982828,0.0,0.2249421475261053,0.24890700259103854,6.066577883094224
2020-09-30 18:00:00,2020,9,30,18,1601488800,kansas,19.08978877892067,7.6065901571297125,96.1022251279485,0.1888049777633937,0.0,0.23412008852995922,0.2506751785240622,3.520241100446511
2020-10-01 00:00:00,2020,10,1,0,1601510400,kansas,8.208726250878028,5.819109704587816,96.71128423061997,0.5072093981332153,0.0,0.1747334843453141,0.23835840541673345,2.3408024569001635
2020-10-01 06:00:00,2020,10,1,6,1601532000,kansas,24.262284993277273,5.926050885191612,96.12345138970024,0.4041118985143841,0.0,0.24768460195694136,0.2714971100183527,4.024817346264784
2020-10-01 12:00:00,2020,10,1,12,1601553600,kansas,24.07292754616253,3.043843051458789,95.90358261850791,15.532351315524373,0.0,0.22325741589823195,0.31322913919840906,5.770495802828014
2020-10-01 18:00:00,2020,10,1,18,1601575200,kansas,18.023679108499962,5.4919683545210445,96.13216708168555,0.4793106931210652,0.0,0.19937153229639412,0.2584722566881861,3.34903391600102
2020-10-02 00:00:00,2020,10,2,0,1601596800,kansas,14.690965663234495,3.592647462293586,96.28478271988577,0.8827906271254924,0.0,0.1922098993731272,0.24465184614969954,3.1198914886976166
2020-10-02 06:00:00,2020,10,2,6,1601618400,kansas,20.608257426061936,3.593229676316903,95.89223156888163,0.751144840779834,0.0,0.24554464789007355,0.2841590603630985,3.391929648164441
2020-10-02 12:00:00,2020,10,2,12,1601640000,kansas,28.045109283242166,3.140631393487697,95.93326841843016,14.785423038729915,0.0,0.2270708992249449,0.30392169245777245,5.825604445792636
2020-10-02 18:00:00,2020,10,2,18,1601661600,kansas,16.838290750405612,3.173425697500399,96.17025052820699,0.2686111292100687,0.0,0.27326209182743155,0.2530382342911642,3.387833411235382
2020-10-03 00:00:00,2020,10,3,0,1601683200,kansas,10.560808667281377,3.8436867482173023,96.10462575075891,0.24583930804294063,0.0,0.2807082468342781,0.2591973518691045,2.91315703226643
2020-10-03 06:00:00,2020,10,3,6,1601704800,kansas,18.143580081177575,11.537794698059788,94.99114884915197,0.8214489909242442,0.0,0.20851678940555624,0.24737899605294775,3.7342566271286186
2020-10-03 12:00:00,2020,10,3,12,1601726400,kansas,27.414388588213242,3.7762228972617584,96.33840406618519,14.393363979211163,0.0,0.1957390724885811,0.23554634308067743,5.619044156685165
2020-10-03 18:00:00,2020,10,3,18,1601748000,kansas,15.738863223251286,3.1616106557134547,96.43162102250862,0.1457427935648312,0.0,0.24868147182913156,0.23277640460118088,3.1079377769923937
2020-10-04 00:00:00,2020,10,4,0,1601769600,kansas,10.943627588848893,4.449187309891886,96.05457295201421,0.24681273957708072,0.0,0.21629393041989003,0.2859004988665166,2.819793774885053
2020-10-04 06:00:00,2020,10,4,6,1601791200,kansas,18.4353968350704,5.706316327406963,96.40734267657831,0.5084119965813351,0.0,0.21591519976756038,0.22590060038457857,3.3729982674561314
2020-10-04 12:00:00,2020,10,4,12,1601812800,kansas,27.295158877136753,5.440701874522254,95.8676978013843,14.66242905188645,0.0,0.22967115478841799,0.24998637073876986,5.913406783771999
2020-10-04 18:00:00,2020,10,4,18,1601834400,kansas,22.687636756861497,7.304787968226572,96.00206152802701,0.31903713231496295,0.0,0.20824262538027852,0.3197262279384545,4.001618928444542
2020-10-05 00:00:00,2020,10,5,0,1601856000,kansas,7.292645003316508,4.313507073018231,95.92237688465893,0.9742944297496,0.0,0.17257270721968837,0.22874381187451082,2.1417314163982906
2020-10-05 06:00:00,2020,10,5,6,1601877600,kansas,17.30888176712407,6.413794461074471,96.0876072255996,0.5096232530591718,0.0,0.22990169582338527,0.24823090993799243,3.440596119553039
2020-10-05 12:00:00,2020,10,5,12,1601899200,kansas,26.55371155900873,3.0718019077393177,95.6365338615059,14.421790605589136,0.0,0.21415937810882651,0.24313608561346117,5.443889604303878
2020-10-05 18:00:00,2020,10,5,18,1601920800,kansas,21.902406735575838,7.248799551780527,96.4078944378943,0.872653179427976,0.0,0.21077962105256806,0.23939550532770873,3.7635779079865483
2020-10-06 00:00:00,2020,10,6,0,1601942400,kansas,9.260298242081674,3.4266672788049237,96.44909447618866,0.8595750379570053,0.0,0.2022897544870768,0.23574993528003577,2.3729408296524137
2020-10-06 06:00:00,2020,10,6,6,1601964000,kansas,20.44618618349642,3.262621859493312,96.71923550495751,0.16605020731351183,0.0,0.238259644663698,0.27324044700682515,3.6974808425524435
2020-10-06 12:00:00,2020,10,6,12,1601985600,kansas,25.4529017362611,7.065670861114386,96.26177753515523,14.980231297143163,0.0,0.21956028488422596,0.23528204735111988,5.768537769347566
2020-10-06 18:00:00,2020,10,6,18,1602007200,kansas,20.503551865950197,3.1462336407234823,96.03368365847842,0.6676310705064572,0.0,0.23163341132924037,0.19026103267767547,3.509148452863948
2020-10-07 00:00:00,2020,10,7,0,1602028800,kansas,7.469588617788059,4.6956487885237745,96.14537717893904,0.6424657719958492,0.0,0.21761632450533933,0.24759848720054123,2.341018884369032
2020-10-07 06:00:00,2020,10,7,6,1602050400,kansas,12.5719770890428,4.427580036304038,96.33081941307995,0.6090974346616537,0.0,0.21090272811547375,0.25502912970591435,2.8284420984800844
2020-10-07 12:00:00,2020,10,7,12,1602072000,kansas,24.95747998775013,3.0406494553531966,96.09090422081891,14.41550626694306,0.0,0.22408535361496937,0.21526402573153297,5.164215399206951
2020-10-07 18:00:00,2020,10,7,18,1602093600,kansas,16.41828768689045,5.463207755000296,96.56515797305711,0.3308121863972138,0.0,0.18959926077456443,0.17770022811662672,2.7267850480529443
2020-10-08 00:00:00,2020,10,8,0,1602115200,kansas,7.673491386921156,3.7267873344394173,96.52773214956684,0.11362138886857787,0.0,0.22091143094915147,0.2158875848127882,2.336566141836559
2020-10-08 06:00:00,2020,10,8,6,1602136800,kansas,15.520955116299334,3.09749858067764,95.24660208328693,0.2497379724921739,0.0,0.24377842164633626,0.2820501979751382,3.2257562600490632
2020-10-08 12:00:00,2020,10,8,12,1602158400,kansas,25.31634782395866,3.1836521767031893,96.06170714832255,13.787707568265256,0.0,0.22424829387238296,0.2285532321401072,5.453307469393734
2020-10-08 18:00:00,2020,10,8,18,1602180000,kansas,16.524160684339087,3.6214515131010634,95.99740890326675,0.886421800731752,0.0,0.1903505696568781,0.2731888987209608,3.1087607964853317
2020-10-09 00:00:00,2020,10,9,0,1602201600,kansas,11.413132498162682,4.961826384417372,95.53518369503797,0.7578366758837448,0.0,0.21173265563239496,0.2571766586967966,2.728772959583612
2020-10-09 06:00:00,2020,10,9,6,1602223200,kansas,18.440154100799372,5.42037313176186,96.43891135014138,0.43094732733212515,0.0,0.1888999576674269,0.26549950035188064,3.0119969860649953
2020-10-09 12:00:00,2020,10,9,12,1602244800,kansas,25.576768415855526,7.065015938394856,96.15898908375515,14.401488024883378,0.0,0.1990120415215402,0.1911444011596224,5.467049471161546
2020-10-09 18:00:00,2020,10,9,18,1602266400,kansas,18.02561015138732,4.446563838048505,95.98812940499461,0.5642568251297578,0.0,0.22253340117257397,0.25554200310371106,3.296326754900718
2020-10-10 00:00:00,2020,10,10,0,1602288000,kansas,6.246732824520883,3.9771416748154866,96.00980780664025,0.6862037169054536,0.0,0.1892474133194953,0.2453958264882528,2.0889892661519416
2020-10-10 06:00:00,2020,10,10,6,1602309600,kansas,16.364532202078777,6.8398817516882495,96.30308771602526,0.6273289195287194,0.0,0.22140301367207876,0.2778968043778036,3.566422237613113
2020-10-10 12:00:00,2020,10,10,12,1602331200,kansas,24.378200704954917,3.912060524973016,96.1988971075624,14.46050829636982,0.0,0.2013552877126863,0.24636509593508366,5.481161287208355
2020-10-10 18:00:00,2020,10,10,18,1602352800,kansas,15.785540581122985,4.195241990034461,96.74514242652931,0.012303812028713551,0.0,0.217192785560774,0.2949503974425164,3.089082595521886
2020-10-11 00:00:00,2020,10,11,0,1602374400,kansas,7.7827446506626545,3.9690848868228925,96.85158929803698,0.06748295103886515,0.0,0.23899853064076837,0.2916760374928,2.5180804588754215
2020-10-11 06:00:00,2020,10,11,6,1602396000,kansas,18.72257013842596,5.1378609379329045,95.58658835457884,0.5481175324162505,2.2525560482921887,0.2560356129700275,0.24356929204883443,3.5680899582102246
2020-10-11 12:00:00,2020,10,11,12,1602417600,kansas,24.48751142978199,5.2055360145283185,96.15056576661291,13.466782632451444,0.0,0.21406289503493212,0.2724313956500504,5.576990430104849
2020-10-11 18:00:00,2020,10,11,18,1602439200,kansas,17.20636167729333,4.4866860403140105,95.97464999938747,0.5948778357286381,0.0,0.2253610272675119,0.240941252503741,3.044086832167459
2020-10-12 00:00:00,2020,10,12,0,1602460800,kansas,7.162280072123849,4.891505045739295,96.27318996456445,0.36697532352561624,0.0,0.21220132450734813,0.21390099273450935,2.179953645677015
2020-10-12 06:00:00,2020,10,12,6,1602482400,kansas,19.673915997200865,3.301911198763935,95.9012658049413,0.5148713462990155,0.0,0.21478279637686495,0.20331701292936238,3.3203283838001507
2020-10-12 12:00:00,2020,10,12,12,1602504000,kansas,26.773122301705556,5.9831910000688175,96.81809017005166,13.8551516055559,0.0,0.24343398625617668,0.2430457609287521,5.603609504050569
2020-10-12 18:00:00,2020,10,12,18,1602525600,kansas,16.668916839603956,5.513854713273065,96.72793226898537,0.04683985918310559,10.261435773176458,0.34085088840804156,0.24309004036731308,3.796703881353345
2020-10-13 00:00:00,2020,10,13,0,1602547200,kansas,9.95314174523995,3.22325719391082,96.40696010455702,0.1043624062642271,0.0,0.1936002163598108,0.25622040695354475,2.3213709992499907
2020-10-13 06:00:00,2020,10,13,6,1602568800,kansas,14.894968229061467,4.642351557348479,95.97072832235656,0.45730331547841785,0.0,0.18480337979359657,0.27555152986336695,3.0398418825025995
2020-10-13 12:00:00,2020,10,13,12,1602590400,kansas,23.751584071427903,3.6842198058228264,95.84188430906164,13.612200371959396,0.0,0.2196047341048113,0.31866196193585006,5.45316809218446
2020-10-13 18:00:00,2020,10,13,18,1602612000,kansas,14.353229740655621,5.38145676611451,96.67111798505218,0.7719654896621975,0.0,0.19447734683934886,0.1904860275986353,2.9260302892680117
2020-10-14 00:00:00,2020,10,14,0,1602633600,kansas,9.932012840490561,9.88385764092068,95.73055417955578,0.3840748854222693,0.0,0.19851142696227936,0.21600647922136962,2.722128580117593
2020-10-14 06:00:00,2020,10,14,6,1602655200,kansas,17.818114584683922,3.2113713155908052,96.3017999404203,0.5384475370024369,0.0,0.23111193081775172,0.2090940973515576,3.0082281126261354
2020-10-14 12:00:00,2020,10,14,12,1602676800,kansas,27.00029288024219,4.90585191621609,96.14892027355633,13.113639343222475,0.0,0.21787393340902036,0.24137722805822528,5.413852320411424
2020-10-14 18:00:00,2020,10,14,18,1602698400,kansas,15.759646666757508,6.058117743183672,95.83432183162729,0.60732287549042,0.0,0.2016650129790551,0.2745135003545926,3.137142929432632
2020-10-15 00:00:00,2020,10,15,0,1602720000,kansas,7.867021087121454,3.4775360206435657,96.19876347660322,0.013104211026488732,0.0,0.21843972691691405,0.24501072857062584,2.4417067812133677
2020-10-15 06:00:00,2020,10,15,6,1602741600,kansas,15.200636917898784,3.4491089445519667,96.02933444617865,0.7066622446881232,0.0,0.184932183729634,0.2713735321169056,2.887040714975752
2020-10-15 12:00:00,2020,10,15,12,1602763200,kansas,21.930470377273902,4.488547844298911,96.16225331740227,13.917389384467164,0.0,0.2674457673949845,0.23578955860756085,5.215823114208307
2020-10-15 18:00:00,2020,10,15,18,1602784800,kansas,14.618996044488783,3.4031230217825232,95.70797137574267,0.04759620770897569,0.0,0.18947851015656084,0.25287522779907234,2.8647643050757665
2020-10-16 00:00:00,2020,10,16,0,1602806400,kansas,5.530990327341223,4.056284582029495,95.56008218069907,0.3965405315189202,0.0,0.195473818658927,0.21566368598926067,1.7825715230869
2020-10-16 06:00:00,2020,10,16,6,1602828000,kansas,10.785705060607901,3.95774380368334,96.66430828106358,0.421121501979303,8.416789342395115,0.31828963628945234,0.2303132739393127,3.2669948757951124
2020-10-16 12:00:00,2020,10,16,12,1602849600,kansas,25.559559236959245,4.225941063664209,96.25881691312688,13.234481264566867,0.0,0.2289675559855489,0.269948397446334,5.313224390226558
2020-10-16 18:00:00,2020,10,16,18,1602871200,kansas,13.54129582050367,6.508835915246841,96.05528235386723,0.017968397409205996,0.0,0.18814330315855116,0.30185108031269337,2.9360227479546444
2020-10-17 00:00:00,2020,10,17,0,1602892800,kansas,5.698985930472085,7.692457053315875,96.541509607684,0.35506323605565815,0.0,0.21123038194639177,0.25072290864070573,2.5401052705763245
2020-10-17 06:00:00,2020,10,17,6,1602914400,kansas,14.471446091879441,6.8901463427492,96.23077020718395,0.1865771970987823,0.0,0.19887974753889567,0.265014548743982,3.10411543991267
2020-10-17 12:00:00,2020,10,17,12,1602936000,kansas,22.110055332675103,3.7470777249895457,95.71824254769928,12.97086948265851,0.0,0.1787872607788377,0.21858082103528345,4.87217679563081
2020-10-17 18:00:00,2020,10,17,18,1602957600,kansas,13.763572200649989,5.627117400497681,95.56308248230519,0.03089376113014831,0.0,0.1893183230032803,0.20079220196387362,2.932527966651483
2020-10-18 00:00:00,2020,10,18,0,1602979200,kansas,7.060257891242494,3.924711670498083,96.13125844934684,0.1225683436914925,0.0,0.19590149745131424,0.257257497624024,2.4146225094268914
2020-10-18 06:00:00,2020,10,18,6,1603000800,kansas,12.832162818212327,7.896664727221212,96.35299432187433,0.36473091274830327,0.0,0.20906086711060098,0.296542572821713,3.2501788581281335
2020-10-18 12:00:00,2020,10,18,12,1603022400,kansas,26.677979683870454,3.753908151198089,96.16837161740933,13.192045952311208,5.08228056039909,0.2564225521492362,0.24584640987678472,5.637850166820743
2020-10-18 18:00:00,2020,10,18,18,1603044000,kansas,12.989202052416207,3.4887317000633016,95.58923831480514,0.24127872993992883,0.0,0.20074993534918828,0.26594543795267306,2.478656656706988
2020-10-19 00:00:00,2020,10,19,0,1603065600,kansas,4.851384677534046,6.278371430290391,95.9318824523212,0.9175538937291886,0.0,0.1789920230155533,0.30648125019498396,2.3001608599069825
2020-10-19 06:00:00,2020,10,19,6,1603087200,kansas,16.439766725048926,3.7266986951487455,96.0988609824977,0.46060257807544136,0.0,0.20306436551676366,0.2538178347470437,3.102093951646351
2020-10-19 12:00:00,2020,10,19,12,1603108800,kansas,24.147511734170852,5.013793374642015,96.94314269969743,12.657892114764707,0.0,0.17664792866128065,0.2710194418017611,5.07251090524325
2020-10-19 18:00:00,2020,10,19,18,1603130400,kansas,14.953125622222279,4.41158711562549,96.70484286403284,0.23802360721523816,0.0,0.22374068984577555,0.2422342301458022,3.016546729563665
2020-10-20 00:00:00,2020,10,20,0,1603152000,kansas,6.134842441103161,3.495743898043743,96.41505830292323,0.3520198783436037,0.0,0.21841730874554582,0.23917245028058626,2.4152187917335186
2020-10-20 06:00:00,2020,10,20,6,1603173600,kansas,14.527519385366764,5.251896127247753,96.39070499031443,0.7233081131309433,0.0,0.19593193052715638,0.28949135740010384,3.0710509176278165
2020-10-20 12:00:00,2020,10,20,12,1603195200,kansas,22.475315711749538,4.724382386693386,96.37361169795854,12.562224544543545,9.467576705561722,0.36552842187782847,0.23233238486684735,5.768777604285101
2020-10-20 18:00:00,2020,10,20,18,1603216800,kansas,12.429160529252933,4.1051732547738045,96.78688867046293,0.16728666037485226,0.0,0.20182454643409564,0.28917901314346633,2.7202161631017208
2020-10-21 00:00:00,2020,10,21,0,1603238400,kansas,5.153213008927627,4.397545541020545,95.62955435194998,0.6297862292530313,0.0,0.22372138489853294,0.1978957238714057,2.1382083715583287
2020-10-21 06:00:00,2020,10,21,6,1603260000,kansas,17.12695266774998,3.1998581591387136,96.55716293633729,0.3410042910990516,0.0,0.22852247923406696,0.2522165967717685,2.897713662147889
2020-10-21 12:00:00,2020,10,21,12,1603281600,kansas,22.420821523708977,4.236512880348713,96.19307799412962,13.002404554966775,0.0,0.20084930359320774,0.22641888752364878,4.939253914477427
2020-10-21 18:00:00,2020,10,21,18,1603303200,kansas,12.224509063472638,3.4380004019599406,96.52519894406022,0.5646537837058735,0.0,0.17914448776535963,0.2706249377678551,2.567158742134892
2020-10-22 00:00:00,2020,10,22,0,1603324800,kansas,6.33042987666315,3.1305125777257667,96.36942250804537,0.2751336278904264,0.0,0.1969808871956737,0.2869698794966439,2.246827830535789
2020-10-22 06:00:00,2020,10,22,6,1603346400,kansas,10.553745255883435,3.487798161172525,96.22942136257636,0.5977872069369626,0.0,0.18787782383655008,0.27828985014466107,2.744510783815406
2020-10-22 12:00:00,2020,10,22,12,1603368000,kansas,18.78194340929206,4.604441226295864,96.29909695230961,12.940436587865385,0.0,0.2113772487430924,0.3027285510733874,4.952680250590277
2020-10-22 18:00:00,2020,10,22,18,1603389600,kansas,13.730188066887797,4.457744026535089,96.2962856543321,0.9934781655371774,0.0,0.20193527479510426,0.15921914079210292,2.862727262159014
2020-10-23 00:00:00,2020,10,23,0,1603411200,kansas,7.201798199057517,3.4255026343479487,96.03658002892477,0.2322333217678102,0.0,0.1854170254886356,0.2212014036912587,1.9701983709895474
2020-10-23 06:00:00,2020,10,23,6,1603432800,kansas,12.695681150192863,3.1537579728433363,96.25725373326189,0.19631662431720565,0.0,0.22292447868359594,0.22976855801212162,2.6938447957242366
2020-10-23 12:00:00,2020,10,23,12,1603454400,kansas,18.71598793939568,4.0328018119421305,95.72944518646635,12.82648308690331,0.0,0.22043465407404583,0.2079453018462446,4.7061629562570415
2020-10-23 18:00:00,2020,10,23,18,1603476000,kansas,13.211724052129874,3.484742981663315,96.07177367779714,0.3939512361833701,0.0,0.19069077926156897,0.31523768924269396,3.1862845650511327
2020-10-24 00:00:00,2020,10,24,0,1603497600,kansas,6.57758105025986,4.782292939997395,96.21510046185776,0.5168293538491088,0.0,0.1848968168450741,0.2646439530631829,2.2935772601699074
2020-10-24 06:00:00,2020,10,24,6,1603519200,kansas,13.821932077576816,4.373904683167916,96.22442492220655,0.38542681801785705,0.0,0.1745378378402872,0.22160707069153776,2.605360985913075
2020-10-24 12:00:00,2020,10,24,12,1603540800,kansas,21.550032530745717,4.981047883024102,96.43171853041628,12.11516204881907,2.8502252156347163,0.2185358180213733,0.19246004426982824,4.625649325418649
2020-10-24 18:00:00,2020,10,24,18,1603562400,kansas,11.679247143374054,3.6299229429559685,95.98125376427576,0.5180354339323182,0.0,0.18207410306803742,0.26874395145395763,2.6546139284474894
2020-10-25 00:00:00,2020,10,25,0,1603584000,kansas,0.6378675526364184,5.669522941106664,96.11765525775623,0.34603282790658807,0.0,0.1931622215261811,0.2524339206770938,2.012789414510742
2020-10-25 06:00:00,2020,10,25,6,1603605600,kansas,15.233605420673026,3.2122304584194072,96.5488940562833,0.4335548840530362,0.0,0.16122672386134068,0.21728124763087064,2.730660547167916
2020-10-25 12:00:00,2020,10,25,12,1603627200,kansas,21.899350752152156,4.217569249230468,96.85571321998155,12.433451839866883,0.0,0.17970761497896648,0.32212089526619697,4.902062347882503
2020-10-25 18:00:00,2020,10,25,18,1603648800,kansas,13.161224461436742,4.1720915209511915,96.73770250291894,0.7920412799638572,0.0,0.1651067091118193,0.2404841248113882,2.5160466831622985
2020-10-26 00:00:00,2020,10,26,0,1603670400,kansas,3.758588207002189,8.003171288143172,96.28782273977107,0.9802611041934852,0.0,0.20274138243630016,0.23096326209029883,2.2201041537438275
2020-10-26 06:00:00,2020,10,26,6,1603692000,kansas,8.32381220531008,4.898181856686078,96.17675209444998,0.8697000116210387,0.0,0.20490897418486861,0.2979735303224566,2.4615555687667747
2020-10-26 12:00:00,2020,10,26,12,1603713600,kansas,24.984096425024283,6.926865478130756,96.18061863195162,12.274833957507418,0.0,0.20821507771511197,0.2669873097246153,5.300736878081117
2020-10-26 18:00:00,2020,10,26,18,1603735200,kansas,13.790136673180111,5.053176813005575,96.1516319932764,0.2693090320310737,0.0,0.20410666617640333,0.24660425836078478,2.9310713726713744
2020-10-27 00:00:00,2020,10,27,0,1603756800,kansas,6.540026817022931,4.1337623142747955,96.60423225376994,0.38986872776419945,0.0,0.18001322420540877,0.28425746695920884,2.2776497598064824
2020-10-27 06:00:00,2020,10,27,6,1603778400,kansas,11.911353306882221,7.569258258373303,96.11240779909531,0.810003432223561,0.0,0.1794767502032736,0.2495115562952415,2.716379373745887
2020-10-27 12:00:00,2020,10,27,12,1603800000,kansas,18.887828892032893,7.958291328616619,96.60820024375306,12.556669406781845,0.0,0.2041755284613521,0.27170188130468026,4.890014510749588
2020-10-27 18:00:00,2020,10,27,18,1603821600,kansas,11.483115561169077,9.926790249393857,96.37829347165234,0.7859854321923202,0.0,0.1559628748263223,0.22674125331873426,2.682645911669262
2020-10-28 00:00:00,2020,10,28,0,1603843200,kansas,1.7665994360095552,3.9901059720788745,96.58558106512169,0.3245427817781632,0.0,0.20055064778560547,0.21730479828376345,1.645511323416266
2020-10-28 06:00:00,2020,10,28,6,1603864800,kansas,7.975384231496957,3.3793378719254386,95.96500015475388,0.5144929269932952,0.0,0.19536346476711602,0.2091437855142494,2.1662053364131144
2020-10-28 12:00:00,2020,10,28,12,1603886400,kansas,16.439665018735706,3.421381040616079,96.24078630828043,12.551330344064608,0.0,0.2018133192102138,0.2910518487069299,4.297503143330339
2020-10-28 18:00:00,2020,10,28,18,1603908000,kansas,10.123556062094933,4.218431003303222,96.02409107426132,0.3872167926325458,0.0,0.1611188460509081,0.20375393814382628,2.435826548919785
2020-10-29 00:00:00,2020,10,29,0,1603929600,kansas,4.413871974852853,3.4907436712986835,97.23426259618745,0.5022398527099661,0.0,0.18396336968049506,0.2450966642510073,1.9654036553732672
2020-10-29 06:00:00,2020,10,29,6,1603951200,kansas,11.276118040836371,7.865283932175859,96.27177430224302,0.42707858678335575,0.0,0.16731804985866455,0.26972412651385336,2.873072241133757
2020-10-29 12:00:00,2020,10,29,12,1603972800,kansas,20.816291100546835,3.7610407342937484,95.92089091035116,11.711274042827176,0.0,0.20813445850505696,0.20490914625238857,4.885867656063267
2020-10-29 18:00:00,2020,10,29,18,1603994400,kansas,10.54668570901782,5.555709979785746,96.02688194381595,0.8383859815002105,0.0,0.21766078786427986,0.2719196960933696,2.879888061145683
2020-10-30 00:00:00,2020,10,30,0,1604016000,kansas,0.413018594288558,4.581415899031866,96.15089571887658,0.5089035696477712,0.0,0.1876537372821582,0.29586145758922827,2.0021147670215025
2020-10-30 06:00:00,2020,10,30,6,1604037600,kansas,9.777745860569038,7.647811387027861,96.58071556783288,0.8405563096690754,0.0,0.24010743884624478,0.27760456800486427,3.3053174037313506
2020-10-30 12:00:00,2020,10,30,12,1604059200,kansas,19.122148141788358,4.747317809754426,96.4016518585266,11.974585081095606,0.0,0.17098185929869192,0.25361081546528497,4.580058183638069
2020-10-30 18:00:00,2020,10,30,18,1604080800,kansas,11.189208660121949,10.813079037149002,96.7812893563623,0.2486294796597461,0.0,0.19497413054043294,0.2219687983628602,2.9643288119516527
2020-10-31 00:00:00,2020,10,31,0,1604102400,kansas,2.1827029909095557,3.407051572545619,96.64631646121552,0.03962630045256754,16.17813418772453,0.3856101016686289,0.2449850639073974,2.7028515886907285
2020-10-31 06:00:00,2020,10,31,6,1604124000,kansas,9.026384634424291,5.225379000415952,96.90466162421681,0.47181026477824917,0.0,0.1855404082745691,0.2735059623074935,2.3678504642885874
2020-10-31 12:00:00,2020,10,31,12,1604145600,kansas,18.86117365274317,4.9716000077905305,96.06459269501856,11.924199079413162,0.0,0.17756835069833024,0.22537813418867586,4.670443656328397
2020-10-31 18:00:00,2020,10,31,18,1604167200,kansas,11.841874136875942,5.284816349962326,95.97936008669537,0.40792375669255193,0.0,0.17871856473651884,0.2258573962567866,2.236224117476559
2020-11-01 00:00:00,2020,11,1,0,1604188800,kansas,-2.9198178110219164,3.9571511800564094,96.61573647291608,0.3719740850140988,0.0,0.2035218625466892,0.24016731864730048,2.0448213585897874
2020-11-01 06:00:00,2020,11,1,6,1604210400,kansas,8.650167156464356,3.4371816955282424,97.04084616925643,0.2023778641088324,0.0,0.17979810186765757,0.2582566125105289,2.1494340582225364
2020-11-01 12:00:00,2020,11,1,12,1604232000,kansas,16.264204181403553,3.7043741246184587,96.70202849780252,12.147715611605292,0.0,0.14266619882341744,0.22711411934211154,4.3019923948608
2020-11-01 18:00:00,2020,11,1,18,1604253600,kansas,11.26955281940915,6.824713960456506,96.42211323080699,0.2609891212673719,0.0,0.20174492528613977,0.31216299944257986,2.8959440324112684
2020-11-02 00:00:00,2020,11,2,0,1604275200,kansas,2.4526732939952316,6.4640428070541915,96.41401832895,0.6656066103242203,2.1284120351602027,0.23465625082919794,0.22959750556309075,2.090640663910599
2020-11-02 06:00:00,2020,11,2,6,1604296800,kansas,11.097304801878078,3.7424549141034418,95.69868427793628,0.9320458929630366,0.0,0.1421806798877885,0.18892764978342233,2.1281373809352426
2020-11-02 12:00:00,2020,11,2,12,1604318400,kansas,16.23840855221848,3.3388653293139963,96.59282796820854,11.239725741413883,0.0,0.1947680850193056,0.314897320971593,4.541941445693379
2020-11-02 18:00:00,2020,11,2,18,1604340000,kansas,9.744612105447775,5.247534393854353,95.85875375611953,0.8127219348377202,0.0,0.20463007266035474,0.24044615468073663,2.823036349849085
2020-11-03 00:00:00,2020,11,3,0,1604361600,kansas,1.4018504654375379,3.7503632315580337,97.366785316575,0.905819667611432,10.50858416780205,0.30312085629580454,0.26284995087585783,2.2955541980774745
2020-11-03 06:00:00,2020,11,3,6,1604383200,kansas,7.431831667804216,4.5268517284362755,96.90172364116286,0.048334942224508626,0.0,0.14785151433319138,0.2512565017246837,2.13438963322438
2020-11-03 12:00:00,2020,11,3,12,1604404800,kansas,16.448594309100645,4.344493436041379,97.18361061887668,11.945832353317572,0.0,0.16795082371962888,0.24077820934438315,4.416359305647337
2020-11-03 18:00:00,2020,11,3,18,1604426400,kansas,8.292829916155704,5.268961233214019,96.21334445419987,0.4350835514116799,0.0,0.18898132098927614,0.2789617808383248,2.532246428083016
2020-11-04 00:00:00,2020,11,4,0,1604448000,kansas,-0.9719888544287354,4.101606930182824,96.05535748804645,0.2758365186045687,0.0,0.17280283875423533,0.25977234623359496,1.6023266067503943
2020-11-04 06:00:00,2020,11,4,6,1604469600,kansas,6.124044085691805,4.355659907876401,96.88530229854747,0.05109072569953377,0.0,0.21075965906943475,0.2640167850009011,2.258706906072501
2020-11-04 12:00:00,2020,11,4,12,1604491200,kansas,17.989881190832154,6.50337293360494,96.73269562870452,11.971652189699041,0.0,0.15465400596337534,0.25626752961434385,4.184532907163192
2020-11-04 18:00:00,2020,11,4,18,1604512800,kansas,10.897293956149053,3.9996122996886125,96.75089152659777,0.62821246218454,0.0,0.1803564288448887,0.26658438897212755,2.5405604693779695
2020-11-05 00:00:00,2020,11,5,0,1604534400,kansas,2.27575638515438,3.7115849904419473,96.92022054153063,0.1848767772096147,0.0,0.15846993163385278,0.20705377779239476,1.7099059274969628
2020-11-05 06:00:00,2020,11,5,6,1604556000,kansas,8.041551034828831,4.2095477797652014,96.87494936206217,0.7030420326529568,0.0,0.1849140347266724,0.25439706959313,2.5138419758872512
2020-11-05 12:00:00,2020,11,5,12,1604577600,kansas,21.854034731002077,3.8887652812440328,96.60945632294379,11.646324508505666,0.0,0.1692730539320138,0.2857068888442596,4.802369426942448
2020-11-05 18:00:00,2020,11,5,18,1604599200,kansas,7.700155782655577,7.561889132016804,96.54135921796609,0.896475879174311,0.0,0.20324588903136476,0.2670031863749412,2.7874398544209114
2020-11-06 00:00:00,2020,11,6,0,1604620800,kansas,1.0362460124490285,3.377072551273886,96.18822538286527,0.810668965373438,0.0,0.19989483069838745,0.23495158025793997,1.9494904384406717
2020-11-06 06:00:00,2020,11,6,6,1604642400,kansas,10.200051242933547,6.490507399373232,96.22000036722237,0.35791683246662354,0.0,0.21088558848143113,0.29823494920629445,2.8987759944943488
2020-11-06 12:00:00,2020,11,6,12,1604664000,kansas,16.838164003750254,3.8586573950731933,96.72570372855864,11.380001605032943,0.0,0.16854932719809665,0.29938326058492254,4.424529432118376
2020-11-06 18:00:00,2020,11,6,18,1604685600,kansas,11.963117436203344,3.929710281015077,96.47450464531752,0.8003167129822923,0.0,0.18867393446107322,0.23330969951676334,2.3543112597615012
2020-11-07 00:00:00,2020,11,7,0,1604707200,kansas,3.68505545366695,3.5820615237242794,96.71895320673555,0.4969596908715558,0.0,0.15648787581085982,0.2653911578909701,1.9634683587681043
2020-11-07 06:00:00,2020,11,7,6,1604728800,kansas,9.849525716571849,4.702803990102161,97.20062458138452,0.797489001782325,0.0,0.1952407898683379,0.31491775081641477,2.3897103173687344
2020-11-07 12:00:00,2020,11,7,12,1604750400,kansas,15.93265411549692,3.4603276783594303,96.79588089166332,11.595877799433834,0.0,0.16304943494803545,0.27215696349789653,4.246189772254771
2020-11-07 18:00:00,2020,11,7,18,1604772000,kansas,7.440592766004913,4.409681933476456,96.41024535090799,0.9471384326462231,0.0,0.1717065788119416,0.26649202555431967,2.3742877032565843
2020-11-08 00:00:00,2020,11,8,0,1604793600,kansas,-0.9204604656354753,5.77210114965191,96.12715082077158,0.11428749884612288,1.8874268224940882,0.22096978492231167,0.25723900854987547,2.0435948294453214
2020-11-08 06:00:00,2020,11,8,6,1604815200,kansas,12.077117648833484,5.672246604285966,96.3613118409775,0.5821032579184534,0.0,0.1773149272766407,0.2132064379814444,2.6048325903206373
2020-11-08 12:00:00,2020,11,8,12,1604836800,kansas,15.900658228106836,3.650610561205866,96.1143360202919,10.975103420814245,0.0,0.16731304309662015,0.292871416086604,3.9194393713733326
2020-11-08 18:00:00,2020,11,8,18,1604858400,kansas,11.212682918981736,4.140079052727016,96.29435232668465,0.9326076608068448,2.5613999124262605,0.20689147461120108,0.24886039433803595,2.6284660561314452
2020-11-09 00:00:00,2020,11,9,0,1604880000,kansas,1.284132553954116,6.212025050189274,95.81350726316542,0.8343096561813036,0.0,0.20627930700468217,0.26034183198455746,2.2369407706610733
2020-11-09 06:00:00,2020,11,9,6,1604901600,kansas,5.96790513829075,3.6964427118195116,96.0903207919811,0.29664985446034386,0.0,0.17989112719261693,0.28539415761957393,2.0051079420001185
2020-11-09 12:00:00,2020,11,9,12,1604923200,kansas,17.801263162504632,3.8456114029106385,96.60689547352465,11.595015448247704,0.0,0.12952332993721782,0.23930266628942792,4.049189427736023
2020-11-09 18:00:00,2020,11,9,18,1604944800,kansas,7.939703542381666,3.78647301721835,96.01304074731134,0.5578446360601041,0.0,0.1694842030980166,0.2101287032825515,2.3088049384681293
2020-11-10 00:00:00,2020,11,10,0,1604966400,kansas,-0.8017025590101612,8.118606126289848,96.18172341350322,0.6301175539552607,0.0,0.19275508074169645,0.2310664677469792,2.190603340080323
2020-11-10 06:00:00,2020,11,10,6,1604988000,kansas,7.192330304897302,3.4939935381312877,96.92364763142659,0.27169996015649,0.0,0.16612763477814887,0.23436971174758417,2.0642024829759964
2020-11-10 12:00:00,2020,11,10,12,1605009600,kansas,15.300764294393957,3.6443446634870087,96.7523480020022,10.814728128821423,0.0,0.18620801003048362,0.2670722248736641,4.353917650598957
2020-11-10 18:00:00,2020,11,10,18,1605031200,kansas,5.9811303494979535,11.374269852345492,96.32077860264458,0.9738936511326497,0.0,0.18600911832202358,0.2372027724936482,2.555819513755239
2020-11-11 00:00:00,2020,11,11,0,1605052800,kansas,-2.280652238769486,5.743100878089896,97.48654268210785,0.04674742582060343,0.0,0.18517265056182391,0.19198226076218722,1.092271665241532
2020-11-11 06:00:00,2020,11,11,6,1605074400,kansas,8.029303606451336,5.681904862075584,96.67734469809135,0.7078987908334556,0.0,0.14174494079067604,0.20163776180508713,2.132998517000066
2020-11-11 12:00:00,2020,11,11,12,1605096000,kansas,16.127184824598736,4.055678063672946,96.22086604107886,10.592770644894221,0.0,0.17468855308536127,0.2271408689477167,4.124947342875969
2020-11-11 18:00:00,2020,11,11,18,1605117600,kansas,7.117247645851106,5.264220338146524,97.32331593158096,0.47509051802772245,0.0,0.2199373204117431,0.2396633633546739,2.3087076547157754
2020-11-12 00:00:00,2020,11,12,0,1605139200,kansas,-7.885914107609428,4.589226721701654,96.88293273349935,0.4709220378686537,1.5730625518036794,0.19063234375496085,0.23188729978913508,1.5732344797293507
2020-11-12 06:00:00,2020,11,12,6,1605160800,kansas,6.044860730798535,4.177030376869714,97.68814481790008,0.8139421347882243,0.0,0.1988964196558098,0.23352224674744831,2.2187112592702976
2020-11-12 12:00:00,2020,11,12,12,1605182400,kansas,15.739615143772781,3.607516587136234,97.12945605293109,10.669408119773712,1.0154381497574094,0.2142414455643053,0.2505425016524587,4.468690668271941
2020-11-12 18:00:00,2020,11,12,18,1605204000,kansas,9.859125901334805,13.399700426581692,96.86441240948056,0.14902317797817605,0.0,0.16269094443383084,0.2613464307973919,2.8132665752434636
2020-11-13 00:00:00,2020,11,13,0,1605225600,kansas,2.187994727896398,3.634057907790608,96.2805251717099,0.6938317128898337,0.0,0.19967186561225503,0.2032049157617201,1.6625020673899498
2020-11-13 06:00:00,2020,11,13,6,1605247200,kansas,8.439118819017263,4.807745957797373,97.28345684548611,0.5709167809514811,0.0,0.18188927977428523,0.279837265248013,2.552759954287018
2020-11-13 12:00:00,2020,11,13,12,1605268800,kansas,14.745024765139418,4.782625396229746,95.76244230561295,10.935682822504308,0.0,0.18009392484002473,0.25331532271442697,4.523440574045457
2020-11-13 18:00:00,2020,11,13,18,1605290400,kansas,10.007921900300962,5.851738961035878,95.72522585020003,0.40174498651914253,0.0,0.16345783324967728,0.21582517397573514,2.4000325920176326
2020-11-14 00:00:00,2020,11,14,0,1605312000,kansas,1.4319398922534714,3.8750822736206962,97.53909847969436,0.2947294908921926,0.0,0.167829361950082,0.21999601877262565,1.712079724594713
2020-11-14 06:00:00,2020,11,14,6,1605333600,kansas,3.5860745259613362,7.2513433280888115,96.11872713190562,0.7389450171373061,0.0,0.18321356804465577,0.29338284491943895,2.449791910912884
2020-11-14 12:00:00,2020,11,14,12,1605355200,kansas,14.202837490176181,6.300044604415955,96.10672155645481,10.963130634752043,0.0,0.13482430061202508,0.22498862097109498,3.8663986674883786
2020-11-14 18:00:00,2020,11,14,18,1605376800,kansas,8.244576970631151,5.087343348713761,96.07316328114887,0.8470085293882309,0.0,0.20598294984029505,0.24359383336559925,2.492609389779869
2020-11-15 00:00:00,2020,11,15,0,1605398400,kansas,-3.469612668418293,5.236701302972537,96.29856789039222,0.7915890374282153,0.0,0.1490847130396129,0.24456040584039013,1.8293757591793791
2020-11-15 06:00:00,2020,11,15,6,1605420000,kansas,6.655828896119588,4.304899185758245,96.92798289451227,0.577701702132134,0.0,0.1976552457474919,0.26803267803231634,2.2724373866653016
2020-11-15 12:00:00,2020,11,15,12,1605441600,kansas,11.711594888111556,3.70109957344,96.62853218431543,11.030169803020314,0.0,0.1986893327832205,0.20199215280192062,3.749475744911709
2020-11-15 18:00:00,2020,11,15,18,1605463200,kansas,4.964982168253916,3.987051502889613,96.62334711134977,0.2587441462846791,0.0,0.14646937829157242,0.21832718435452841,1.6432228951144734
2020-11-16 00:00:00,2020,11,16,0,1605484800,kansas,-2.7926661898686396,5.925001711240421,96.43248711726064,0.6111697793875326,0.0,0.19091580564935784,0.23269126979863192,1.584262754989411
2020-11-16 06:00:00,2020,11,16,6,1605506400,kansas,2.8156815936034403,3.6114622227230373,96.93963821176466,0.3326513897186095,0.0,0.18179573550452918,0.28219423781339786,2.0773269125665617
2020-11-16 12:00:00,2020,11,16,12,1605528000,kansas,15.026695466043739,3.8132325150888216,96.42270771632906,10.903099604924465,0.0,0.14285518221691934,0.19562651190681268,3.9844849502937043
2020-11-16 18:00:00,2020,11,16,18,1605549600,kansas,6.517506176779278,7.240226377717253,97.42790795542078,0.9304148329087948,0.0,0.19292900206100533,0.2673594779427731,2.3652070397585443
2020-11-17 00:00:00,2020,11,17,0,1605571200,kansas,-5.1472646089204535,6.694688752008059,96.3101826661991,0.7151677491829113,0.0,0.1697609280298864,0.2532452975530239,1.7550592495561634
2020-11-17 06:00:00,2020,11,17,6,1605592800,kansas,7.857328436028313,6.435173744938367,97.4592426137415,0.2919745978209327,0.0,0.17579901107621768,0.24261818712062916,2.4709793881802318
2020-11-17 12:00:00,2020,11,17,12,1605614400,kansas,13.849714020799404,4.991049533976427,96.73651662064864,10.321852955758356,0.0,0.18370544132437924,0.29884958419945234,3.980348318142562
2020-11-17 18:00:00,2020,11,17,18,1605636000,kansas,2.975374469868781,6.604542320255758,97.35926604163011,0.1132579785155985,0.0,0.15218125424360296,0.23437051982428117,2.0932265541556423
2020-11-18 00:00:00,2020,11,18,0,1605657600,kansas,-3.198666984722982,5.052361653631281,97.26530791396921,0.6922637506221212,0.0,0.17371714406231106,0.292642834728499,1.9579176150131523
2020-11-18 06:00:00,2020,11,18,6,1605679200,kansas,7.870387091856349,4.646704125341861,96.46376514113116,0.9387967040693359,0.0,0.16115676674583182,0.228770117049037,2.1367807950092823
2020-11-18 12:00:00,2020,11,18,12,1605700800,kansas,14.611643690834553,9.988765480172681,96.65418996674092,10.263270757651703,0.0,0.1589812173998626,0.192832270912334,4.0326522080096545
2020-11-18 18:00:00,2020,11,18,18,1605722400,kansas,4.723673664020247,10.670957748740602,96.41302137768032,0.9886531048290043,0.0,0.17043433583853787,0.2756495047989181,2.3737206732536213
2020-11-19 00:00:00,2020,11,19,0,1605744000,kansas,-3.5285958132651833,4.079782533770058,96.51631046680818,0.5436925900786621,0.0,0.15909123996592353,0.21837143681926313,1.4660680901029095
2020-11-19 06:00:00,2020,11,19,6,1605765600,kansas,5.3905465627473275,4.21428703635112,97.1286479441594,0.7230198776970208,0.0,0.17732580447314958,0.24701590733847847,2.0254070621533296
2020-11-19 12:00:00,2020,11,19,12,1605787200,kansas,15.277409842876642,4.224946370989805,96.08360552492101,10.169235778681374,0.0,0.15673867737583685,0.31365160359526506,4.035010449556153
2020-11-19 18:00:00,2020,11,19,18,1605808800,kansas,6.119143239568035,3.668630676110778,96.65850488695261,0.14057049141509526,0.0,0.15724333011223554,0.29604709762177756,2.13170474796839
2020-11-20 00:00:00,2020,11,20,0,1605830400,kansas,-2.1124925290653245,5.620873720093572,96.15161573947147,0.9917951923025132,10.216203732457231,0.2728514766512823,0.23396383130235426,2.3303350935381726
2020-11-20 06:00:00,2020,11,20,6,1605852000,kansas,4.307367517801599,6.100550600750589,96.72735671494377,0.3521015937949661,0.0,0.13722380234363032,0.23202210937019302,1.7621227033118192
2020-11-20 12:00:00,2020,11,20,12,1605873600,kansas,16.231043087108436,3.8895592646033803,96.67536497820906,10.082482050491105,0.0,0.19101742095213947,0.28249922998002036,4.312677328029773
2020-11-20 18:00:00,2020,11,20,18,1605895200,kansas,7.695310120255739,7.781830048315116,96.69474965668266,0.8386448038685917,0.0,0.16902312625109833,0.2510722043744528,2.6673076469988692
2020-11-21 00:00:00,2020,11,21,0,1605916800,kansas,-3.502244294498445,4.00021096157949,96.33897078925233,0.07959718624460577,0.0,0.2049662635120679,0.2726580713147538,1.7060910552028319
2020-11-21 06:00:00,2020,11,21,6,1605938400,kansas,6.139597573917084,5.5157837948001625,96.91417249496257,0.1298100224736336,0.0,0.16936313768610647,0.28727889681664565,2.470099178650277
2020-11-21 12:00:00,2020,11,21,12,1605960000,kansas,16.02437915462645,6.742167907047756,96.91399328097066,10.63891774588354,0.0,0.13582594654447624,0.267403768794129,3.918034204676301
2020-11-21 18:00:00,2020,11,21,18,1605981600,kansas,6.286528927391803,4.875353110682298,97.08082126667034,0.47552657426254574,0.0,0.1743451988880475,0.22973454986402067,2.0436786097689676
2020-11-22 00:00:00,2020,11,22,0,1606003200,kansas,-3.7012189506951403,4.118453201826463,96.57272204879192,0.2714477929039658,0.0,0.15944486217653117,0.2847350204716421,1.8568119721445526
2020-11-22 06:00:00,2020,11,22,6,1606024800,kansas,6.641069988874452,3.806060536553994,97.13987867928408,0.4341967658737753,0.0,0.17533573204834751,0.27506541516539523,2.218314501915148
2020-11-22 12:00:00,2020,11,22,12,1606046400,kansas,13.808273763239956,5.233099949378311,96.45645559447826,10.745183087925543,0.0,0.14571716869588072,0.23943029324232226,3.9444876427635394
2020-11-22 18:00:00,2020,11,22,18,1606068000,kansas,6.397089383094448,4.597784284149663,96.13751762395965,0.20801654187887372,0.0,0.13631838684544328,0.2474175475632648,2.0232244093225824
2020-11-23 00:00:00,2020,11,23,0,1606089600,kansas,-3.5840427275197833,3.908309260312243,96.79855415055049,0.09604041100874894,0.0,0.1652834646590185,0.2501478644320862,1.918245944783989
2020-11-23 06:00:00,2020,11,23,6,1606111200,kansas,4.508534791362243,7.2387565439720145,96.65902708922206,0.9269061210204651,0.0,0.1379667196495594,0.3250582064206139,2.196678889908616
2020-11-23 12:00:00,2020,11,23,12,1606132800,kansas,15.444873126994853,3.7924346231215553,96.3648945235762,9.945529225147347,0.0,0.1377905652657999,0.2537174481171913,3.597109040437761
2020-11-23 18:00:00,2020,11,23,18,1606154400,kansas,5.2263678963496325,6.438859334124071,96.73125598763768,0.9332241917980865,0.0,0.15979084813288988,0.26024217517023945,1.8438668422277027
2020-11-24 00:00:00,2020,11,24,0,1606176000,kansas,-5.997075948803422,6.387870597261899,96.15282507647123,0.3529205897001495,0.0,0.1554751126101503,0.2386300563363143,1.6409120314132808
2020-11-24 06:00:00,2020,11,24,6,1606197600,kansas,1.162319389956854,3.7603610765059052,96.71579809149607,0.022659968600364455,0.0,0.15900587578400388,0.23618560225979954,1.7209328799139263
2020-11-24 12:00:00,2020,11,24,12,1606219200,kansas,8.72241741605064,4.037016176922461,96.95513704150012,10.143731124242125,0.0,0.16719981781825574,0.22215887299614945,3.2640826816006245
2020-11-24 18:00:00,2020,11,24,18,1606240800,kansas,2.349268058006933,5.84959687231612,96.58137692149097,0.20118700557291166,6.58768789656831,0.23067786537556112,0.2789589743698577,2.2722239726818847
2020-11-25 00:00:00,2020,11,25,0,1606262400,kansas,-2.379402790419656,4.856782992156203,96.29653717525315,0.45953327298581637,0.0,0.13658748704606363,0.2862396168756969,1.4993475088418966
2020-11-25 06:00:00,2020,11,25,6,1606284000,kansas,2.902265352944921,5.375139744653155,96.62023425635373,0.5528941080056404,0.0,0.19419575302662742,0.2838048752097277,1.919486555213152
2020-11-25 12:00:00,2020,11,25,12,1606305600,kansas,12.660019938579076,4.365183558225374,97.05602330086822,10.226165940190704,7.445675077868339,0.22673397242017201,0.27067799939771864,4.039051570419376
2020-11-25 18:00:00,2020,11,25,18,1606327200,kansas,7.075213825038924,4.290745561032933,96.60937589301453,0.9427341161933416,0.0,0.1800066301595753,0.25126092480493833,2.2791209052824
2020-11-26 00:00:00,2020,11,26,0,1606348800,kansas,-9.492617245513415,5.302510540842838,96.9338278799346,0.8284125230506133,0.0,0.11237196827356502,0.25333020193820266,1.6627357556121576
2020-11-26 06:00:00,2020,11,26,6,1606370400,kansas,1.987451152562992,4.4840083596214,96.9961840877641,0.009091761491475947,0.0,0.15922646358197134,0.28780018396114804,1.907136089634435
2020-11-26 12:00:00,2020,11,26,12,1606392000,kansas,10.93842092056321,3.8205385195076214,96.30514645041461,10.4553102247288,0.0,0.13729267575676987,0.30503527296451927,3.647060476924844
2020-11-26 18:00:00,2020,11,26,18,1606413600,kansas,2.86055031225338,4.329108801513881,96.41769418487321,0.20740081490106027,0.0,0.14381691780528458,0.28173708066726627,1.795372551278317
2020-11-27 00:00:00,2020,11,27,0,1606435200,kansas,-5.0749874991970705,4.324759134285379,97.21615976405712,0.2482538313128576,0.0,0.15432736768382285,0.2862106640339603,1.6244983839945415
2020-11-27 06:00:00,2020,11,27,6,1606456800,kansas,1.1722726651902406,4.381258495647432,96.95950342179991,0.8154501649636594,0.0,0.1747434239769088,0.27228087793339123,1.540803905031811
2020-11-27 12:00:00,2020,11,27,12,1606478400,kansas,10.18871187660372,6.089495868747198,96.56564618609593,10.031555646544039,0.0,0.16226833980325855,0.2783197006463273,3.460470825961079
2020-11-27 18:00:00,2020,11,27,18,1606500000,kansas,3.862940165695576,3.958590189350787,97.03005318406987,0.4110858743429277,0.0,0.14028903913463706,0.2735922490990106,1.7938409869197167
2020-11-28 00:00:00,2020,11,28,0,1606521600,kansas,-4.889428248620046,3.9324222079044757,97.2471255231103,0.00026723790090676935,0.0,0.173814371404821,0.23358068167991977,1.4255455482777548
2020-11-28 06:00:00,2020,11,28,6,1606543200,kansas,1.8088135131694063,4.901945952901537,96.25720911676082,0.3103416604198723,0.0,0.15566359510997124,0.22001015468487856,1.8605717107977933
2020-11-28 12:00:00,2020,11,28,12,1606564800,kansas,11.33717019696277,4.724374690344169,96.5081216974451,10.09078982305092,0.0,0.1978629440479996,0.23516352674279667,3.67552042644554
2020-11-28 18:00:00,2020,11,28,18,1606586400,kansas,4.779402475373044,6.670270179878363,96.46104336424602,0.0922467828734948,0.0,0.17461288664574975,0.2866104608990904,2.020944138928135
2020-11-29 00:00:00,2020,11,29,0,1606608000,kansas,-4.973601768032092,7.159375566037706,96.63422968136015,0.5524673358120523,0.0,0.15860343578566757,0.21384949869680517,1.803416263188284
2020-11-29 06:00:00,2020,11,29,6,1606629600,kansas,2.8733778689359264,5.011293581625467,97.18695577308722,0.012445358992333566,0.0,0.15834190107132531,0.28413254941413574,1.5664675091283389
2020-11-29 12:00:00,2020,11,29,12,1606651200,kansas,10.854999087580616,4.306055040400344,97.23057344906775,10.093579481623252,0.0,0.1725384918278078,0.22186169481183218,3.8029847198998885
2020-11-29 18:00:00,2020,11,29,18,1606672800,kansas,3.8134164108650586,4.508408923888053,97.02849880887258,0.05611249457583549,0.0,0.14236699881951173,0.253901495469453,1.6269863956370667
2020-11-30 00:00:00,2020,11,30,0,1606694400,kansas,-1.6444918148913388,6.533429528531084,97.3146849966959,0.06652072472581394,0.0,0.17492911847286435,0.2589798551722168,1.6766440033378867
2020-11-30 06:00:00,2020,11,30,6,1606716000,kansas,3.9917773698496815,4.117323977659728,95.95431486271201,0.721385431588074,0.0,0.14614119971998707,0.2472972208067608,1.8608748128949166
2020-11-30 12:00:00,2020,11,30,12,1606737600,kansas,8.04303390785414,5.125386092820689,96.3496614169621,10.119256699616919,0.0,0.1375904124343805,0.277880730736214,3.342182624361467
2020-11-30 18:00:00,2020,11,30,18,1606759200,kansas,2.271485969222989,8.256080742267347,96.67092410076458,0.20188886417156018,0.0,0.14031523317692138,0.2557133595050379,1.9228488960123717
2020-12-01 00:00:00,2020,12,1,0,1606780800,kansas,-6.138087531014183,4.33923398989427,97.06699027638355,0.09377153793312576,0.0,0.1328572634979705,0.26111447279700084,1.3770852473234716
2020-12-01 06:00:00,2020,12,1,6,1606802400,kansas,2.0557570149444295,3.9478825127743056,96.64798891609655,0.7841131192678684,0.0,0.12124916375028458,0.22711223162178798,1.716839352844095
2020-12-01 12:00:00,2020,12,1,12,1606824000,kansas,10.988119665474505,5.1373462955837805,96.8210811924927,10.124177932192856,0.0,0.1534322040875958,0.17797385576521998,3.46977041889681
2020-12-01 18:00:00,2020,12,1,18,1606845600,kansas,0.11837604793532686,4.676619473225735,96.3557246078045,0.19978557548219592,0.0,0.1333529762860978,0.2933574149985481,1.710258365640819
2020-12-02 00:00:00,2020,12,2,0,1606867200,kansas,-6.8564872072475485,6.22690185757342,96.8872161877279,0.29334289794332835,0.0,0.17929875520656302,0.27255156531445285,1.7258803371772407
2020-12-02 06:00:00,2020,12,2,6,1606888800,kansas,-0.6741987305511765,7.240663901592145,96.77800762905724,0.21844114760027855,0.0,0.12131419721687334,0.25043237065904017,1.5228941647619054
2020-12-02 12:00:00,2020,12,2,12,1606910400,kansas,8.078669111887056,4.4563688313098035,95.9256973413299,9.863255293297208,0.0,0.14484998087667178,0.24221543276775875,3.3600870847211635
2020-12-02 18:00:00,2020,12,2,18,1606932000,kansas,-0.15933430390555436,4.638092375240249,96.03530693173094,0.645629385447108,10.088568432783056,0.29972223824327904,0.2746750528415354,2.276208887075594
2020-12-03 00:00:00,2020,12,3,0,1606953600,kansas,-6.432873012637203,4.040694411172605,96.87046629335133,0.94396819902837,0.0,0.18216829140134227,0.24949599147085244,1.4963589971909381
2020-12-03 06:00:00,2020,12,3,6,1606975200,kansas,1.4300611601210025,5.696280697450753,96.34753924848754,0.20399697778164338,0.0,0.11045120870120519,0.22860412916244616,1.721350462634957
2020-12-03 12:00:00,2020,12,3,12,1606996800,kansas,10.857345634598815,5.487878149253023,96.96437880027203,9.8086192376507,0.0,0.17149532118506589,0.23815226650135973,3.7251255504113074
2020-12-03 18:00:00,2020,12,3,18,1607018400,kansas,0.9605012371641528,5.19952937263903,97.50817393771996,0.11380651260865485,0.0,0.12892648918695382,0.27682711195002696,1.8713000396119097
2020-12-04 00:00:00,2020,12,4,0,1607040000,kansas,-7.34891180774825,4.5115943474345785,97.221046125697,0.4751071985961167,0.0,0.14318793793588808,0.24195122385222786,1.4197593172812986
2020-12-04 06:00:00,2020,12,4,6,1607061600,kansas,3.5168768968357798,5.639173876240392,97.04405272531287,0.7895100654413347,0.0,0.17816535194175387,0.270739652849543,1.8662999588864113
2020-12-04 12:00:00,2020,12,4,12,1607083200,kansas,7.095476563014721,5.743660132565463,97.68014349975734,9.55836183803531,0.0,0.14767040758370445,0.27359580777406634,3.4548337651089294
2020-12-04 18:00:00,2020,12,4,18,1607104800,kansas,0.1788445042027469,7.1741129084545765,96.96852501283828,0.5915723852404499,0.0,0.16226468583048292,0.27318462501417384,2.1120628173092597
2020-12-05 00:00:00,2020,12,5,0,1607126400,kansas,-3.658500592629113,4.821766184003733,96.66037109368341,0.6722077818427894,0.0,0.12505222900802723,0.26143967904287924,1.3571580950470206
2020-12-05 06:00:00,2020,12,5,6,1607148000,kansas,1.0454496678032066,7.414518393691273,96.54613226211735,0.17379233355793755,0.0,0.11761872030500874,0.24185762668569777,1.4883394477206235
2020-12-05 12:00:00,2020,12,5,12,1607169600,kansas,7.194784026855319,6.8187728815045645,96.8962693819326,9.256535926468201,1.731274929832385,0.16221502086225045,0.2308699627194988,3.416285096280198
2020-12-05 18:00:00,2020,12,5,18,1607191200,kansas,-1.3721151710099546,7.2434053975182,96.46052825791166,0.17598277114714025,0.0,0.14031650264171905,0.2783750932055004,1.714463131317605
2020-12-06 00:00:00,2020,12,6,0,1607212800,kansas,-4.943292252732797,4.387050077717955,97.30769968610711,0.5546520930604538,0.0,0.1344966063397886,0.26949145256563434,1.5167898249638478
2020-12-06 06:00:00,2020,12,6,6,1607234400,kansas,-0.29267680768695326,4.442952130338679,96.96645075113214,0.584458235753545,0.0,0.14285858236972213,0.20625020386776116,1.4637926078469425
2020-12-06 12:00:00,2020,12,6,12,1607256000,kansas,7.004576920433952,7.343599246124587,97.32334435038692,9.850065369949546,0.0,0.1793338729616399,0.2598362714548461,3.5106901426731016
2020-12-06 18:00:00,2020,12,6,18,1607277600,kansas,0.6058228371027784,5.5734604036779025,97.11721261165535,0.5339310480396475,0.0,0.11646570866266476,0.2627868595782185,1.7610393998745635
2020-12-07 00:00:00,2020,12,7,0,1607299200,kansas,-6.2146778413608805,5.93891384784564,96.70432169283448,0.457103909648106,0.0,0.10071615851815437,0.20809395811962444,1.224686359943671
2020-12-07 06:00:00,2020,12,7,6,1607320800,kansas,1.8749462777689851,5.304260361948732,97.02671598379517,0.8732790166073342,0.0,0.16597724115859408,0.26984434365915483,2.026104115174728
2020-12-07 12:00:00,2020,12,7,12,1607342400,kansas,9.83905300755666,6.330680365663763,96.73545238348335,9.394874355595507,0.0,0.15660356759976538,0.30061957903050157,3.450034054434941
2020-12-07 18:00:00,2020,12,7,18,1607364000,kansas,1.6965498190262904,5.625966144882128,96.27568004508453,0.5027333857374368,0.0,0.18058082299445166,0.22046229577590018,1.7586999213145784
2020-12-08 00:00:00,2020,12,8,0,1607385600,kansas,-5.475967266613227,4.326809130231633,96.84902957471624,0.5685986638488723,0.0,0.10822084330648413,0.28291530702605266,1.2624077325944605
2020-12-08 06:00:00,2020,12,8,6,1607407200,kansas,-0.6064332020552139,4.715070055952368,97.1340414126692,0.11976025573028604,0.0,0.1443903183766348,0.183731418810264,1.4629767672508283
2020-12-08 12:00:00,2020,12,8,12,1607428800,kansas,11.328308987873463,8.689258603474634,97.10678316030592,10.03268138609743,0.0,0.1526164306827216,0.22862840474425647,3.8731359735017614
2020-12-08 18:00:00,2020,12,8,18,1607450400,kansas,5.6555259469504335,5.202616792968836,97.35578506126086,0.6569218693631484,0.0,0.1560872902451005,0.33002144908126296,2.499519496099276
2020-12-09 00:00:00,2020,12,9,0,1607472000,kansas,-7.457105349738446,4.562022815693599,96.39010538297036,0.04357833042460002,0.0,0.16261092533457366,0.2756016311437541,1.8993893187420228
2020-12-09 06:00:00,2020,12,9,6,1607493600,kansas,1.377603408547275,4.981643677455312,96.90864349303475,0.06515224948339926,4.615323791770667,0.17032498976367094,0.24379545049646908,1.6280630839171526
2020-12-09 12:00:00,2020,12,9,12,1607515200,kansas,9.500937896247635,4.759559451091851,96.00891144360072,9.944147398177806,1.859826751836202,0.16896095448421267,0.2525177003508332,3.475316498965402
2020-12-09 18:00:00,2020,12,9,18,1607536800,kansas,2.9971984157804545,6.009424484789961,96.88605199477125,0.2258333355500176,0.0,0.14116315893926848,0.26177538702264314,1.5229269826534748
2020-12-10 00:00:00,2020,12,10,0,1607558400,kansas,-7.655275161108721,5.643017481002939,96.9430326281312,0.7728383457160931,0.0,0.16258866325653204,0.25815507653982583,1.7263151392396425
2020-12-10 06:00:00,2020,12,10,6,1607580000,kansas,-1.9332585785792502,4.405850254679448,96.23183206478598,0.5795454167915588,0.0,0.13782526458002475,0.2544596003669385,1.6476118946714358
2020-12-10 12:00:00,2020,12,10,12,1607601600,kansas,7.2491453231484755,8.103625565432527,96.09401537863889,9.955890985704597,0.0,0.16782581992168707,0.2768302074827087,3.4783171011386695
2020-12-10 18:00:00,2020,12,10,18,1607623200,kansas,-0.4166602377825651,4.962731872028564,96.93402165338567,0.6072552486702335,0.0,0.1131942366756348,0.2736605116045181,1.3777202502313257
2020-12-11 00:00:00,2020,12,11,0,1607644800,kansas,-8.632924830644484,6.412610986424349,96.43122651005582,0.6358296080770977,0.0,0.16398245087664637,0.31051046456155285,1.7611453629726739
2020-12-11 06:00:00,2020,12,11,6,1607666400,kansas,1.3464592225237388,5.302816768272378,96.55727737551769,0.8399630286992896,0.0,0.12429132666175999,0.2231212998263386,1.5517754407274749
2020-12-11 12:00:00,2020,12,11,12,1607688000,kansas,9.219453740599649,10.750295671377007,96.64478730988951,9.623535864472638,0.0,0.16172818370182734,0.2450117089120427,3.940457251773277
2020-12-11 18:00:00,2020,12,11,18,1607709600,kansas,0.5541958067065009,6.092234673751557,96.51869967653317,0.367034147972236,0.0,0.12328680083652092,0.23671942297161908,1.6492986664485358
2020-12-12 00:00:00,2020,12,12,0,1607731200,kansas,-11.017428337588317,10.542642912740884,96.88279510125015,0.8123055905423114,14.287559940474132,0.32025169678678483,0.2349542302485059,2.8095546459827667
2020-12-12 06:00:00,2020,12,12,6,1607752800,kansas,0.5612761342100351,7.149203912855266,97.08113620290868,0.3733067097037228,0.0,0.1409950095754107,0.2733049738802837,1.556615421853262
2020-12-12 12:00:00,2020,12,12,12,1607774400,kansas,9.188161815634999,5.843877702504557,96.23102594859814,9.82317842815412,0.0,0.13747633850612392,0.227181255064596,3.2697267757431083
2020-12-12 18:00:00,2020,12,12,18,1607796000,kansas,1.9356269875549779,6.04953088146288,96.72123196699026,0.5730340699615524,10.00448791946158,0.2611767428998624,0.21943539122020056,2.2581074830619032
2020-12-13 00:00:00,2020,12,13,0,1607817600,kansas,-11.217016058372208,6.430460708484195,97.84207797997801,0.6092900429488056,0.0,0.16188743425662946,0.24054684193304549,1.5712814550169352
2020-12-13 06:00:00,2020,12,13,6,1607839200,kansas,4.104007141706765,6.271405059422207,97.05880611394967,0.38877899938318894,0.0,0.11946744026776304,0.21056104865442443,1.7453387488828878
2020-12-13 12:00:00,2020,12,13,12,1607860800,kansas,5.922322884545043,4.434696229869831,97.08944646493144,9.679323135152485,0.0,0.15294095262698634,0.2828547096129134,3.315350677884334
2020-12-13 18:00:00,2020,12,13,18,1607882400,kansas,2.0098322116962484,6.011059211084493,96.5887446581319,0.34483201925999396,0.0,0.13934882920813024,0.2295096445530111,1.7682645868897002
2020-12-14 00:00:00,2020,12,14,0,1607904000,kansas,-7.509295876426195,4.941319493057988,96.96194404301072,0.5818501818598923,0.0,0.155889454762486,0.2574711425416687,1.626520804008331
2020-12-14 06:00:00,2020,12,14,6,1607925600,kansas,2.94928746708325,5.118081671604816,97.2695226095161,0.11453266473872081,0.0,0.12826606564286863,0.2546072356510019,1.5613144658931406
2020-12-14 12:00:00,2020,12,14,12,1607947200,kansas,3.8022138586921157,4.456816587369334,97.03001731213759,9.98159559601271,7.124458527987592,0.22942269363320542,0.25617900864767357,3.189746791524797
2020-12-14 18:00:00,2020,12,14,18,1607968800,kansas,-2.23846412520065,6.891664645607186,96.91695534365093,0.05740263854492388,0.0,0.19105083194451505,0.23521673135990687,1.6586583277777063
2020-12-15 00:00:00,2020,12,15,0,1607990400,kansas,-7.087226164733245,4.981788710651256,96.63818735591032,0.014396758228221507,0.0,0.16352154606609523,0.2257957164560853,1.739588901472209
2020-12-15 06:00:00,2020,12,15,6,1608012000,kansas,0.16467519757186067,5.2381238618312,96.60542659646168,0.6028999312225806,0.0,0.1616629550372539,0.26451400156057847,1.9380144504126477
2020-12-15 12:00:00,2020,12,15,12,1608033600,kansas,7.005009778133291,6.264023148396248,96.57806615361491,9.628731231121154,0.0,0.12349707589499184,0.2193268319693036,3.344325516224961
2020-12-15 18:00:00,2020,12,15,18,1608055200,kansas,-1.7708916746795327,11.554988031200384,96.08402114362086,0.9260668074182588,0.0,0.11914264515968305,0.25536876261099595,1.8045062566247216
2020-12-16 00:00:00,2020,12,16,0,1608076800,kansas,-7.309162038086875,4.450385353353468,97.12490698042392,0.032230341437356924,0.0,0.17313561313019013,0.22143897544478475,1.1980083556626129
2020-12-16 06:00:00,2020,12,16,6,1608098400,kansas,-4.000934313033763,4.466986893717425,97.40926821290029,0.4133377947107296,0.0,0.12537956860274274,0.25218302997635783,1.4215950106036257
2020-12-16 12:00:00,2020,12,16,12,1608120000,kansas,12.283301088439854,5.076756636506526,96.50419994332384,9.424783690666263,0.0,0.1,0.2662962567208439,3.3969956178157528
2020-12-16 18:00:00,2020,12,16,18,1608141600,kansas,1.430133192483408,6.918346023861698,96.5730753036826,0.27513120764884613,0.0,0.14943982696467756,0.19078120719369163,1.7762481048575243
2020-12-17 00:00:00,2020,12,17,0,1608163200,kansas,-9.518338477918386,8.4221047509679,96.56074561527248,0.835517904857296,11.108468943362798,0.2628601755962124,0.22382925833442627,2.41378489346379
2020-12-17 06:00:00,2020,12,17,6,1608184800,kansas,0.40580177651361116,4.599845887870501,97.01420145404326,0.7646020824412553,0.0,0.13888092681931055,0.24598939237146086,1.3458141969641966
2020-12-17 12:00:00,2020,12,17,12,1608206400,kansas,7.20702545871253,5.146782268449984,96.11558665628695,9.85218937237745,11.42521913879601,0.2680032048676167,0.28289258433964154,3.8322917058405377
2020-12-17 18:00:00,2020,12,17,18,1608228000,kansas,-2.698758742004696,5.135995175875481,97.05566159510167,0.5481739733055467,4.566834489419959,0.16346509534913134,0.2380285690954006,1.8635213312317722
2020-12-18 00:00:00,2020,12,18,0,1608249600,kansas,-9.240003752742105,4.946835791507984,96.1414944947296,0.5793748904529608,0.0,0.1275556549403622,0.20391679550823819,1.2919645140834743
2020-12-18 06:00:00,2020,12,18,6,1608271200,kansas,1.0919689293285235,6.678300910357381,96.8905937707187,0.666301313401064,0.0,0.14911152944398895,0.2174554190843085,1.712873964002578
2020-12-18 12:00:00,2020,12,18,12,1608292800,kansas,7.427038458585573,5.736807482743983,97.68063115856398,9.769578700283228,0.0,0.13225766379249962,0.1965891512104587,3.26021472586485
2020-12-18 18:00:00,2020,12,18,18,1608314400,kansas,-1.7247653565778789,4.489124841905759,96.95909209551597,0.36665517314039275,5.894487161978942,0.19673264511937147,0.2545218942683597,1.874193103302976
2020-12-19 00:00:00,2020,12,19,0,1608336000,kansas,-6.671465826581764,4.544981966365428,97.28121017789371,0.7931333254317002,8.341968566748509,0.2445066017695783,0.2196388048554754,2.0029631413637574
2020-12-19 06:00:00,2020,12,19,6,1608357600,kansas,-2.7144407490762568,5.595642159127887,96.57600095839813,0.0455787693470705,0.0,0.14170951296183992,0.29331165328121134,1.5898402763951103
2020-12-19 12:00:00,2020,12,19,12,1608379200,kansas,6.075288205311284,5.0274655800121835,96.78295794577592,9.444061127660573,0.0,0.15088955107200608,0.25686852307276037,3.273852178308199
2020-12-19 18:00:00,2020,12,19,18,1608400800,kansas,-0.5029508335404393,4.549520205110096,97.01324680540017,0.06352239750296772,0.0,0.13282822948048184,0.22808457327010298,1.2066189672658318
2020-12-20 00:00:00,2020,12,20,0,1608422400,kansas,-8.06779768265133,4.915733283664901,96.39900644521838,0.000952131024139935,0.0,0.1544035424694728,0.28939740806345704,1.9079866664911314
2020-12-20 06:00:00,2020,12,20,6,1608444000,kansas,-3.211021004455645,4.677729777026665,96.69116797505019,0.5236144000280599,0.0,0.15482531503212318,0.2572600445788593,1.7048833028285006
2020-12-20 12:00:00,2020,12,20,12,1608465600,kansas,8.763208081942999,8.206824837673906,96.40953919353524,9.010447404489138,0.0,0.15662563603764487,0.2366110582836949,3.4262388000583486
2020-12-20 18:00:00,2020,12,20,18,1608487200,kansas,-3.0450689297886693,4.9866475304975895,96.7882719347265,0.8688129284028934,1.479663377195444,0.16130249445564354,0.24977594152318341,1.6657270778210957
2020-12-21 00:00:00,2020,12,21,0,1608508800,kansas,-10.847870628132608,5.944890076785409,96.190461725889,0.0028649046178768067,0.0,0.12917977685953475,0.2820416971683263,1.3691395609791037
2020-12-21 06:00:00,2020,12,21,6,1608530400,kansas,-3.972789777442767,4.616535710620659,96.31522966668544,0.5755770879775464,0.0,0.14117836799811892,0.2186455893639301,1.511293645840667
2020-12-21 12:00:00,2020,12,21,12,1608552000,kansas,5.6717478229461715,7.249621363576653,96.58328525961544,9.446273188636575,16.49987200081139,0.33000515273733605,0.23965364761537916,3.92616450724603
2020-12-21 18:00:00,2020,12,21,18,1608573600,kansas,-3.2265893405741006,4.636191558670532,97.0614948302393,0.320805501053388,0.0,0.13276742826943014,0.26259692061686446,1.695394380325755
2020-12-22 00:00:00,2020,12,22,0,1608595200,kansas,-9.385884552486129,4.95643221443357,97.15427015169313,0.5992487854270007,0.0,0.14037937110518864,0.22266810498517167,1.5255315391597803
2020-12-22 06:00:00,2020,12,22,6,1608616800,kansas,-1.8137104067556724,6.529051252138815,97.16789448406944,0.13188415958962785,0.0,0.1264230039379202,0.26812440813101024,1.5492269847365643
2020-12-22 12:00:00,2020,12,22,12,1608638400,kansas,6.518298569757933,11.208777709383316,96.74021201801685,9.2432488132355,0.0,0.13590023776160412,0.24290939451005156,3.5809239982933825
2020-12-22 18:00:00,2020,12,22,18,1608660000,kansas,-0.5730717033626544,4.968105475864494,96.64209425967694,0.8168444429239474,0.0,0.14628738455864715,0.2579801534358713,1.6408118882216653
2020-12-23 00:00:00,2020,12,23,0,1608681600,kansas,-9.615517535782464,4.680772466417463,96.41810093092221,0.7108046551562901,0.0,0.17198744121684548,0.2428859427574222,1.7046869590113853
2020-12-23 06:00:00,2020,12,23,6,1608703200,kansas,-3.567352813231543,5.465391868238781,97.00303494378502,0.13960142226156558,0.0,0.14713927052687795,0.23478697754298408,1.4821064503739838
2020-12-23 12:00:00,2020,12,23,12,1608724800,kansas,4.5714369231301175,5.801120572134117,96.34909507021639,9.58584754721621,0.0,0.1401801648575137,0.2870569089645441,3.0712471702764237
2020-12-23 18:00:00,2020,12,23,18,1608746400,kansas,-3.3307629344346834,6.702437680930668,97.40754395472426,0.6746662099482795,0.0,0.15822851751243452,0.20560333950064907,1.5556059272311764
2020-12-24 00:00:00,2020,12,24,0,1608768000,kansas,-12.585811554672544,7.97298765283532,96.73321073321968,0.9212293478980909,0.0,0.15354172898551743,0.25226299757045834,1.8328296858757598
2020-12-24 06:00:00,2020,12,24,6,1608789600,kansas,-3.3502979445387338,5.635818777487776,96.25009236314223,0.48545641558536456,0.0,0.1566530267607979,0.27503369853593146,2.0500978719306464
2020-12-24 12:00:00,2020,12,24,12,1608811200,kansas,6.466914591020137,6.77324339867164,96.76236758670316,9.697761057890233,0.0,0.16925623054135303,0.28021450722877106,3.3970417202173917
2020-12-24 18:00:00,2020,12,24,18,1608832800,kansas,-1.4947456622567143,5.023953321568974,96.63400894527932,0.3542635330175268,0.0,0.13791167773067867,0.2520850727590878,1.4601947274666203
2020-12-25 00:00:00,2020,12,25,0,1608854400,kansas,-9.326819903513275,9.422689989987994,96.27561799302303,0.6185790808985555,0.0,0.14771149027315306,0.24258614220007746,1.7707792484327
2020-12-25 06:00:00,2020,12,25,6,1608876000,kansas,0.16389971488400645,5.49308841439627,97.49443716147186,0.2968752621365659,0.0,0.15291331867076263,0.23095590970033397,1.6685153207174848
2020-12-25 12:00:00,2020,12,25,12,1608897600,kansas,5.435681303561843,4.923641133982626,96.94859371335093,9.507623517573501,0.0,0.15822453680661155,0.26753540179107044,3.1086170358940457
2020-12-25 18:00:00,2020,12,25,18,1608919200,kansas,-3.3159456301909813,5.506409243422333,96.41967371553086,0.6169752810372428,0.0,0.1,0.22741443044280577,1.431281500907084
2020-12-26 00:00:00,2020,12,26,0,1608940800,kansas,-7.882601962033047,5.017567916272056,96.36793251899438,0.8879369276434201,0.0,0.125761237276966,0.25853011943803106,1.5293638647864556
2020-12-26 06:00:00,2020,12,26,6,1608962400,kansas,-2.569064033404519,5.417798516234742,97.011584889418,0.7779717395790356,0.0,0.17068307088763085,0.22714978422811488,1.6054602585963564
2020-12-26 12:00:00,2020,12,26,12,1608984000,kansas,9.51103652267382,7.351206885245627,97.20477042552868,9.907275647792394,0.0,0.1644959216348249,0.26961508742914986,3.723244271556378
2020-12-26 18:00:00,2020,12,26,18,1609005600,kansas,-3.3884493643482476,4.876107684806273,97.1359671731359,0.5078448859201269,0.0,0.13828471874997916,0.28164138111849246,1.5262398697403128
2020-12-27 00:00:00,2020,12,27,0,1609027200,kansas,-10.208549616699433,4.849013680115128,97.07096231394951,0.5398745116402867,4.20947698458916,0.18715167622829473,0.31600727999035655,1.9294479700642655
2020-12-27 06:00:00,2020,12,27,6,1609048800,kansas,-1.6699352975243957,4.997605578249519,96.89689024667199,0.3258921850225972,0.0,0.17470002357883235,0.25731375800771106,1.64969697480853
2020-12-27 12:00:00,2020,12,27,12,1609070400,kansas,6.786199180478722,5.71533779948429,97.40478290932552,9.536179131075018,0.0,0.1692326140206888,0.22177265647479127,3.3206521394658295
2020-12-27 18:00:00,2020,12,27,18,1609092000,kansas,-1.4293081651700377,4.986795350491154,97.17008152507184,0.651796836248322,5.550081453589952,0.21710789310911513,0.2200823968344051,1.751252060162748
2020-12-28 00:00:00,2020,12,28,0,1609113600,kansas,-5.919666231584236,7.34245143261411,96.87042125535068,0.439472539863494,3.4154311502417274,0.16050453061248438,0.2540480719458913,2.0834550973308055
2020-12-28 06:00:00,2020,12,28,6,1609135200,kansas,-4.039019833955342,6.755225044205703,96.91975809324072,0.5369226866992238,0.0,0.14768012004066458,0.27674504491211704,1.4134997047777564
2020-12-28 12:00:00,2020,12,28,12,1609156800,kansas,6.029684647471072,9.197210247330762,96.17685079025584,9.807567170979508,0.0,0.1360086059527547,0.23417269021217454,3.4465400942975952
2020-12-28 18:00:00,2020,12,28,18,1609178400,kansas,-0.1312029843311091,9.934738784803997,96.56677427588198,0.5146017123462119,0.0,0.12057249939375192,0.2681366350607576,1.6673204004839453
2020-12-29 00:00:00,2020,12,29,0,1609200000,kansas,-9.458568338536427,5.636217354898234,96.26515824941039,0.4545231446648855,0.0,0.1332919414982674,0.24838807638924607,1.5470644223142895
2020-12-29 06:00:00,2020,12,29,6,1609221600,kansas,-2.899855378714747,6.224315399113355,96.8695143399908,0.9849395750427395,0.0,0.1444078888668149,0.23376743324919064,1.6649208859686764
2020-12-29 12:00:00,2020,12,29,12,1609243200,kansas,4.385509813184342,6.955988848920011,96.06354868485562,9.169318523368172,0.0,0.16906165350589342,0.2606718965903411,3.2624834166313494
2020-12-29 18:00:00,2020,12,29,18,1609264800,kansas,-3.7189564360746035,6.698513035024412,97.27489090148107,0.8715496894639372,0.0,0.14655641244221496,0.2937358937859418,1.9656295959008965
2020-12-30 00:00:00,2020,12,30,0,1609286400,kansas,-10.392071508217734,4.878688010359826,97.79214527583481,0.20194603573023595,0.0,0.15698828528106906,0.24271035396610532,1.4915219967143314
2020-12-30 06:00:00,2020,12,30,6,1609308000,kansas,-1.9850446779816449,6.130079043645269,96.73796658847128,0.5609768473400336,0.0,0.14412935872855642,0.2313368837336784,1.5277563364346958
2020-12-30 12:00:00,2020,12,30,12,1609329600,kansas,2.759667959245063,6.149185845842688,96.55887816304714,9.693947365384394,0.0,0.15120973494728673,0.1753057569978557,2.655572300902592
2020-12-30 18:00:00,2020,12,30,18,1609351200,kansas,-5.244770601457494,5.603458451431094,96.51722983933124,0.4906393912891802,2.5888387062515865,0.1709825775341041,0.22488207669668078,1.8690450650283923
2020-12-31 00:00:00,2020,12,31,0,1609372800,kansas,-10.68210396866114,5.576922440480553,96.05215976565972,0.2455843532940334,0.0,0.14485424170915148,0.2663330512681691,1.4578017704594886
2020-12-31 06:00:00,2020,12,31,6,1609394400,kansas,-1.951967991152558,5.99745336891886,97.06293940854485,0.9199767108750062,7.864154706155029,0.2168040599347748,0.25324505759699134,2.0944311446180155
2020-12-31 12:00:00,2020,12,31,12,1609416000,kansas,6.317430399147727,5.271323292245745,96.78225572501708,9.140994616519572,0.0,0.13790780532519015,0.296794715148254,3.073216976300637
2020-12-31 18:00:00,2020,12,31,18,1609437600,kansas,1.7285247614553128,7.697979353596076,96.93486380771674,0.9747842428050705,13.564411511444371,0.28071987710890994,0.22883565328139366,2.4355402096447176
