datetime,year,month,day,hour,actual_modis_et_mm,predicted_modis_et_mm,residual_error,absolute_error
2023-01-01 00:00:00,2023,1,1,0,1.6892041509856357,1.7469391123698903,-0.0577349613842546,0.0577349613842546
2023-01-01 06:00:00,2023,1,1,6,1.93465313751121,1.7463187975199703,0.1883343399912396,0.1883343399912396
2023-01-01 12:00:00,2023,1,1,12,3.488795530253546,3.464659289618166,0.024136240635380002,0.024136240635380002
2023-01-01 18:00:00,2023,1,1,18,1.9510448060334749,1.7445812142603523,0.20646359177312257,0.20646359177312257
2023-01-02 00:00:00,2023,1,2,0,1.65855783459857,1.616080813147459,0.042477021451110986,0.042477021451110986
2023-01-02 06:00:00,2023,1,2,6,1.5563791622478833,1.4125597020394065,0.1438194602084768,0.1438194602084768
2023-01-02 12:00:00,2023,1,2,12,3.3587213213257083,3.38085714959654,-0.022135828270831492,0.022135828270831492
2023-01-02 18:00:00,2023,1,2,18,1.595269312160109,1.5997199661434756,-0.004450653983366637,0.004450653983366637
2023-01-03 00:00:00,2023,1,3,0,1.715878702499699,1.426791230726698,0.2890874717730012,0.2890874717730012
2023-01-03 06:00:00,2023,1,3,6,1.8376806622968171,1.6806355024784536,0.15704515981836353,0.15704515981836353
2023-01-03 12:00:00,2023,1,3,12,3.130760095373788,3.2169664904330846,-0.08620639505929661,0.08620639505929661
2023-01-03 18:00:00,2023,1,3,18,1.5841015990058982,1.5121700179136,0.07193158109229825,0.07193158109229825
2023-01-04 00:00:00,2023,1,4,0,1.5278883235698502,1.760130194304842,-0.2322418707349918,0.2322418707349918
2023-01-04 06:00:00,2023,1,4,6,1.614385933413739,1.5613556595650435,0.05303027384869541,0.05303027384869541
2023-01-04 12:00:00,2023,1,4,12,3.205172499176612,3.4521183574544048,-0.24694585827779258,0.24694585827779258
2023-01-04 18:00:00,2023,1,4,18,1.968951184402414,1.9483474703166257,0.020603714085788205,0.020603714085788205
2023-01-05 00:00:00,2023,1,5,0,1.8373004355756892,1.809603492779327,0.027696942796362256,0.027696942796362256
2023-01-05 06:00:00,2023,1,5,6,1.9929984654373685,1.865162284475056,0.12783618096231253,0.12783618096231253
2023-01-05 12:00:00,2023,1,5,12,3.1742487929049705,3.078013964439803,0.09623482846516751,0.09623482846516751
2023-01-05 18:00:00,2023,1,5,18,1.835109588015581,1.645367011524122,0.1897425764914591,0.1897425764914591
2023-01-06 00:00:00,2023,1,6,0,1.186960503083582,1.3127542440209685,-0.1257937409373866,0.1257937409373866
2023-01-06 06:00:00,2023,1,6,6,1.7345521547858744,1.7429074795004438,-0.008355324714569345,0.008355324714569345
2023-01-06 12:00:00,2023,1,6,12,3.3765630817557297,3.4289774215992024,-0.05241433984347266,0.05241433984347266
2023-01-06 18:00:00,2023,1,6,18,1.2611349241427017,1.4886069463905212,-0.22747202224781948,0.22747202224781948
2023-01-07 00:00:00,2023,1,7,0,1.4304897227457276,1.6074103213508228,-0.17692059860509524,0.17692059860509524
2023-01-07 06:00:00,2023,1,7,6,1.5333294724881708,1.6344945164755171,-0.10116504398734638,0.10116504398734638
2023-01-07 12:00:00,2023,1,7,12,3.3001033603279164,3.2736085748338257,0.026494785494090678,0.026494785494090678
2023-01-07 18:00:00,2023,1,7,18,1.9348682605452336,1.9173583882013114,0.017509872343922206,0.017509872343922206
2023-01-08 00:00:00,2023,1,8,0,1.899629598047156,1.9242996600252857,-0.02467006197812971,0.02467006197812971
2023-01-08 06:00:00,2023,1,8,6,1.7110497440213517,1.692455950257007,0.01859379376434478,0.01859379376434478
2023-01-08 12:00:00,2023,1,8,12,3.209544369053648,2.9457434290037825,0.2638009400498653,0.2638009400498653
2023-01-08 18:00:00,2023,1,8,18,1.773005041626406,1.7923870257634043,-0.01938198413699821,0.01938198413699821
2023-01-09 00:00:00,2023,1,9,0,1.8919223322038283,2.025352247461078,-0.1334299152572498,0.1334299152572498
2023-01-09 06:00:00,2023,1,9,6,1.198518682709115,1.3980393453470468,-0.19952066263793178,0.19952066263793178
2023-01-09 12:00:00,2023,1,9,12,3.305036579291329,3.1297910042804764,0.17524557501085258,0.17524557501085258
2023-01-09 18:00:00,2023,1,9,18,1.450161294150293,1.5239727400461112,-0.07381144589581812,0.07381144589581812
2023-01-10 00:00:00,2023,1,10,0,2.097488060768397,1.713515391908058,0.3839726688603389,0.3839726688603389
2023-01-10 06:00:00,2023,1,10,6,1.4031010371650066,1.5836097372809068,-0.18050870011590026,0.18050870011590026
2023-01-10 12:00:00,2023,1,10,12,4.003648029946198,4.2262283057952175,-0.22258027584901985,0.22258027584901985
2023-01-10 18:00:00,2023,1,10,18,1.6816741618494104,1.6601418444816924,0.02153231736771799,0.02153231736771799
2023-01-11 00:00:00,2023,1,11,0,1.7092192458195874,1.648689907968632,0.06052933785095549,0.06052933785095549
2023-01-11 06:00:00,2023,1,11,6,2.100669888962447,1.7865004865499035,0.31416940241254365,0.31416940241254365
2023-01-11 12:00:00,2023,1,11,12,3.228558512814807,3.0898995822321136,0.13865893058269352,0.13865893058269352
2023-01-11 18:00:00,2023,1,11,18,1.8838361357405176,1.8078345837113543,0.07600155202916326,0.07600155202916326
2023-01-12 00:00:00,2023,1,12,0,1.6075923410261406,1.5538112520457275,0.053781088980413116,0.053781088980413116
2023-01-12 06:00:00,2023,1,12,6,2.455966274520893,2.531787266162607,-0.0758209916417143,0.0758209916417143
2023-01-12 12:00:00,2023,1,12,12,3.0886676360914653,3.129080609886131,-0.040412973794665685,0.040412973794665685
2023-01-12 18:00:00,2023,1,12,18,1.9248108681425105,1.9182920812264264,0.006518786916084096,0.006518786916084096
2023-01-13 00:00:00,2023,1,13,0,1.7498589741783548,1.8222048681143224,-0.07234589393596758,0.07234589393596758
2023-01-13 06:00:00,2023,1,13,6,2.228355339136032,1.8572618815782809,0.3710934575577509,0.3710934575577509
2023-01-13 12:00:00,2023,1,13,12,2.9222324342461987,3.024907091326028,-0.10267465707982915,0.10267465707982915
2023-01-13 18:00:00,2023,1,13,18,2.096840941704736,1.7642639837591463,0.3325769579455895,0.3325769579455895
2023-01-14 00:00:00,2023,1,14,0,2.0788898454911644,1.8314016314020247,0.24748821408913968,0.24748821408913968
2023-01-14 06:00:00,2023,1,14,6,1.6801980251374518,1.5515999247424075,0.12859810039504427,0.12859810039504427
2023-01-14 12:00:00,2023,1,14,12,3.1150470426716024,3.2310812842069865,-0.11603424153538411,0.11603424153538411
2023-01-14 18:00:00,2023,1,14,18,1.6819716838496426,1.6543037126746765,0.02766797117496611,0.02766797117496611
2023-01-15 00:00:00,2023,1,15,0,1.8332156707517333,1.630916643522837,0.20229902722889626,0.20229902722889626
2023-01-15 06:00:00,2023,1,15,6,1.884616543448053,1.8051906139080285,0.07942592954002459,0.07942592954002459
2023-01-15 12:00:00,2023,1,15,12,3.173396896420462,3.1713204933927526,0.002076403027709617,0.002076403027709617
2023-01-15 18:00:00,2023,1,15,18,1.6785683507259324,1.6905946596372778,-0.012026308911345485,0.012026308911345485
2023-01-16 00:00:00,2023,1,16,0,1.4340294784594494,1.4582486315726473,-0.02421915311319789,0.02421915311319789
2023-01-16 06:00:00,2023,1,16,6,1.828940881898567,1.961743445590333,-0.13280256369176602,0.13280256369176602
2023-01-16 12:00:00,2023,1,16,12,3.381525142717459,3.401874231570042,-0.02034908885258302,0.02034908885258302
2023-01-16 18:00:00,2023,1,16,18,1.336117839789274,1.5967737388325043,-0.2606558990432304,0.2606558990432304
2023-01-17 00:00:00,2023,1,17,0,1.3371572131961729,1.582290845610326,-0.2451336324141531,0.2451336324141531
2023-01-17 06:00:00,2023,1,17,6,1.3542906201293423,1.5200836354265244,-0.16579301529718204,0.16579301529718204
2023-01-17 12:00:00,2023,1,17,12,3.0598131721171646,3.2628221850730745,-0.2030090129559099,0.2030090129559099
2023-01-17 18:00:00,2023,1,17,18,1.7275993030320993,1.61185335817746,0.1157459448546394,0.1157459448546394
2023-01-18 00:00:00,2023,1,18,0,1.4321390255191278,1.658386766847072,-0.22624774132794423,0.22624774132794423
2023-01-18 06:00:00,2023,1,18,6,1.998456336218784,1.7730124247935328,0.2254439114252511,0.2254439114252511
2023-01-18 12:00:00,2023,1,18,12,3.00269360472425,3.309405781543291,-0.30671217681904084,0.30671217681904084
2023-01-18 18:00:00,2023,1,18,18,1.7543647556926036,1.6879694598097115,0.06639529588289217,0.06639529588289217
2023-01-19 00:00:00,2023,1,19,0,1.7256430860288698,1.7076577981237817,0.017985287905088132,0.017985287905088132
2023-01-19 06:00:00,2023,1,19,6,1.60188539741212,1.53001844868642,0.07186694872570021,0.07186694872570021
2023-01-19 12:00:00,2023,1,19,12,3.4389335928870817,3.4754154279815275,-0.0364818350944458,0.0364818350944458
2023-01-19 18:00:00,2023,1,19,18,1.7130185252291854,1.6692854866525055,0.04373303857667987,0.04373303857667987
2023-01-20 00:00:00,2023,1,20,0,1.9902166328304705,1.7872141657391396,0.20300246709133085,0.20300246709133085
2023-01-20 06:00:00,2023,1,20,6,1.8622537722605403,1.8167623562563324,0.04549141600420792,0.04549141600420792
2023-01-20 12:00:00,2023,1,20,12,3.347334493086746,3.4212520662714936,-0.07391757318474745,0.07391757318474745
2023-01-20 18:00:00,2023,1,20,18,2.0567924566710016,1.8813927714906207,0.17539968518038096,0.17539968518038096
2023-01-21 00:00:00,2023,1,21,0,1.6014826429818547,1.3987987697729733,0.20268387320888137,0.20268387320888137
2023-01-21 06:00:00,2023,1,21,6,1.7652059958322617,1.8079202565515566,-0.04271426071929496,0.04271426071929496
2023-01-21 12:00:00,2023,1,21,12,3.426496560901593,3.3805059072938235,0.04599065360776944,0.04599065360776944
2023-01-21 18:00:00,2023,1,21,18,1.550809102203555,1.7400051374043337,-0.18919603520077866,0.18919603520077866
2023-01-22 00:00:00,2023,1,22,0,1.559567619658174,1.5592699984176244,0.00029762124054966144,0.00029762124054966144
2023-01-22 06:00:00,2023,1,22,6,1.8229258740312069,1.9804969271363997,-0.15757105310519282,0.15757105310519282
2023-01-22 12:00:00,2023,1,22,12,2.96975504654696,2.9776885627737144,-0.0079335162267542,0.0079335162267542
2023-01-22 18:00:00,2023,1,22,18,2.0766044687160727,1.825045918773998,0.2515585499420747,0.2515585499420747
2023-01-23 00:00:00,2023,1,23,0,1.9645108643391036,2.1592034685763686,-0.19469260423726498,0.19469260423726498
2023-01-23 06:00:00,2023,1,23,6,2.049708753403164,1.9031183277745776,0.1465904256285866,0.1465904256285866
2023-01-23 12:00:00,2023,1,23,12,3.472784569765963,3.273788386113762,0.19899618365220118,0.19899618365220118
2023-01-23 18:00:00,2023,1,23,18,1.6770746999182744,1.7061184470742574,-0.029043747155983013,0.029043747155983013
2023-01-24 00:00:00,2023,1,24,0,1.8885454560648935,1.7574641022105688,0.13108135385432473,0.13108135385432473
2023-01-24 06:00:00,2023,1,24,6,1.865848736690009,1.7474005231446879,0.11844821354532109,0.11844821354532109
2023-01-24 12:00:00,2023,1,24,12,4.1789003160638485,4.243281061068216,-0.06438074500436741,0.06438074500436741
2023-01-24 18:00:00,2023,1,24,18,1.886941685480548,1.6741898088238847,0.2127518766566634,0.2127518766566634
2023-01-25 00:00:00,2023,1,25,0,1.8600371326114065,1.6222254111624397,0.23781172144896678,0.23781172144896678
2023-01-25 06:00:00,2023,1,25,6,1.741915669244271,1.6400615338640114,0.10185413538025956,0.10185413538025956
2023-01-25 12:00:00,2023,1,25,12,3.5040836409570795,3.2542246633616374,0.24985897759544207,0.24985897759544207
2023-01-25 18:00:00,2023,1,25,18,1.8148707492940637,1.77672007281157,0.038150676482493706,0.038150676482493706
2023-01-26 00:00:00,2023,1,26,0,1.8579938716021929,1.7400648336968025,0.11792903790539033,0.11792903790539033
2023-01-26 06:00:00,2023,1,26,6,2.076655675021105,1.8576803979154881,0.21897527710561682,0.21897527710561682
2023-01-26 12:00:00,2023,1,26,12,3.580561256007833,3.7243365171885587,-0.1437752611807257,0.1437752611807257
2023-01-26 18:00:00,2023,1,26,18,2.0818065559249628,2.075352495631657,0.006454060293305641,0.006454060293305641
2023-01-27 00:00:00,2023,1,27,0,2.2672276113516627,2.24440571108105,0.022821900270612705,0.022821900270612705
2023-01-27 06:00:00,2023,1,27,6,1.7486546392587634,1.678740324447324,0.0699143148114394,0.0699143148114394
2023-01-27 12:00:00,2023,1,27,12,4.240070547653347,3.9148124240447446,0.3252581236086023,0.3252581236086023
2023-01-27 18:00:00,2023,1,27,18,1.728073511902022,1.801022588871046,-0.07294907696902397,0.07294907696902397
2023-01-28 00:00:00,2023,1,28,0,2.098793205319308,1.7649796022802593,0.3338136030390486,0.3338136030390486
2023-01-28 06:00:00,2023,1,28,6,1.5115289755849957,1.6423051997261242,-0.13077622414112855,0.13077622414112855
2023-01-28 12:00:00,2023,1,28,12,3.56987060720649,3.26399811918194,0.30587248802455,0.30587248802455
2023-01-28 18:00:00,2023,1,28,18,1.9311061716442457,1.8340996318104263,0.09700653983381935,0.09700653983381935
2023-01-29 00:00:00,2023,1,29,0,1.9015542329336024,1.8157883990241759,0.08576583390942649,0.08576583390942649
2023-01-29 06:00:00,2023,1,29,6,1.9612159282709567,1.9487109307642796,0.012504997506677107,0.012504997506677107
2023-01-29 12:00:00,2023,1,29,12,3.9618077105100418,3.7091954959760294,0.2526122145340124,0.2526122145340124
2023-01-29 18:00:00,2023,1,29,18,1.443051493422626,1.5208445199992928,-0.07779302657666687,0.07779302657666687
2023-01-30 00:00:00,2023,1,30,0,1.901708777221874,1.8063483147680741,0.09536046245379981,0.09536046245379981
2023-01-30 06:00:00,2023,1,30,6,1.89919901690751,1.670932925537572,0.22826609136993792,0.22826609136993792
2023-01-30 12:00:00,2023,1,30,12,3.83656164048406,3.4379878142308633,0.3985738262531968,0.3985738262531968
2023-01-30 18:00:00,2023,1,30,18,1.8512137086309552,1.8827982162786885,-0.03158450764773324,0.03158450764773324
2023-01-31 00:00:00,2023,1,31,0,1.9712029445112889,1.9916280688336083,-0.020425124322319466,0.020425124322319466
2023-01-31 06:00:00,2023,1,31,6,1.885033634138416,1.8938269633350335,-0.008793329196617572,0.008793329196617572
2023-01-31 12:00:00,2023,1,31,12,3.4158356587750047,3.4339165285279702,-0.018080869752965523,0.018080869752965523
2023-01-31 18:00:00,2023,1,31,18,1.6583505708332775,1.6160650838801645,0.04228548695311307,0.04228548695311307
2023-02-01 00:00:00,2023,2,1,0,1.555311197275303,1.742658063988188,-0.1873468667128848,0.1873468667128848
2023-02-01 06:00:00,2023,2,1,6,1.9169533117059383,1.7189759134400324,0.19797739826590588,0.19797739826590588
2023-02-01 12:00:00,2023,2,1,12,3.5314865755404927,3.519288594087356,0.012197981453136553,0.012197981453136553
2023-02-01 18:00:00,2023,2,1,18,1.9184662171851643,1.658023591363398,0.26044262582176625,0.26044262582176625
2023-02-02 00:00:00,2023,2,2,0,2.2784796753171235,2.0251206969178797,0.2533589783992438,0.2533589783992438
2023-02-02 06:00:00,2023,2,2,6,1.531648257705302,1.709272935541407,-0.1776246778361048,0.1776246778361048
2023-02-02 12:00:00,2023,2,2,12,3.821365447959177,3.6347355229686773,0.18662992499049968,0.18662992499049968
2023-02-02 18:00:00,2023,2,2,18,2.3578727470976943,2.183106203418931,0.17476654367876332,0.17476654367876332
2023-02-03 00:00:00,2023,2,3,0,2.0387264531125906,1.9250194022268208,0.11370705088576982,0.11370705088576982
2023-02-03 06:00:00,2023,2,3,6,1.598572164230018,1.551771833193474,0.04680033103654391,0.04680033103654391
2023-02-03 12:00:00,2023,2,3,12,3.9002997976365545,3.769830351677941,0.13046944595861376,0.13046944595861376
2023-02-03 18:00:00,2023,2,3,18,1.968135442492796,1.8082446202298257,0.15989082226297024,0.15989082226297024
2023-02-04 00:00:00,2023,2,4,0,1.8527835186113493,1.7939703589298535,0.05881315968149581,0.05881315968149581
2023-02-04 06:00:00,2023,2,4,6,1.5670746464819376,1.840105448424949,-0.27303080194301144,0.27303080194301144
2023-02-04 12:00:00,2023,2,4,12,3.744493926864063,3.7507145472884584,-0.006220620424395307,0.006220620424395307
2023-02-04 18:00:00,2023,2,4,18,1.7990153327369691,1.9363545901419166,-0.13733925740494746,0.13733925740494746
2023-02-05 00:00:00,2023,2,5,0,1.871285471823708,1.7605238401996186,0.11076163162408936,0.11076163162408936
2023-02-05 06:00:00,2023,2,5,6,1.6207836570351413,1.628122713839896,-0.007339056804754662,0.007339056804754662
2023-02-05 12:00:00,2023,2,5,12,3.279295370293076,3.473112496603661,-0.1938171263105848,0.1938171263105848
2023-02-05 18:00:00,2023,2,5,18,2.185647023633213,2.3112653709464235,-0.12561834731321042,0.12561834731321042
2023-02-06 00:00:00,2023,2,6,0,1.763938886870157,1.7534835615906748,0.010455325279482341,0.010455325279482341
2023-02-06 06:00:00,2023,2,6,6,1.8551430873846937,1.8684706721633129,-0.013327584778619173,0.013327584778619173
2023-02-06 12:00:00,2023,2,6,12,3.485177152670854,3.4904268746600033,-0.005249721989149414,0.005249721989149414
2023-02-06 18:00:00,2023,2,6,18,1.1994673274461107,1.6602999035451778,-0.460832576099067,0.460832576099067
2023-02-07 00:00:00,2023,2,7,0,1.823152733052434,1.9335869421708092,-0.1104342091183752,0.1104342091183752
2023-02-07 06:00:00,2023,2,7,6,1.6136919812211714,1.7892539250570685,-0.17556194383589707,0.17556194383589707
2023-02-07 12:00:00,2023,2,7,12,3.4805036997059107,3.586486026841613,-0.10598232713570255,0.10598232713570255
2023-02-07 18:00:00,2023,2,7,18,2.28082191179975,2.0480987350394417,0.23272317676030818,0.23272317676030818
2023-02-08 00:00:00,2023,2,8,0,1.9544168663497,2.010021779827818,-0.05560491347811802,0.05560491347811802
2023-02-08 06:00:00,2023,2,8,6,1.755044704270428,1.887563411304464,-0.1325187070340359,0.1325187070340359
2023-02-08 12:00:00,2023,2,8,12,3.245565822893983,3.536207631082673,-0.2906418081886897,0.2906418081886897
2023-02-08 18:00:00,2023,2,8,18,2.2490295027273786,2.005294149657235,0.24373535307014338,0.24373535307014338
2023-02-09 00:00:00,2023,2,9,0,1.8172282510704827,1.8245685074303701,-0.007340256359887443,0.007340256359887443
2023-02-09 06:00:00,2023,2,9,6,2.1068055058175337,1.9037003961489536,0.20310510966858009,0.20310510966858009
2023-02-09 12:00:00,2023,2,9,12,3.935807140164596,3.9150189169363268,0.02078822322826923,0.02078822322826923
2023-02-09 18:00:00,2023,2,9,18,1.6684649751503806,1.8584995047245794,-0.19003452957419875,0.19003452957419875
2023-02-10 00:00:00,2023,2,10,0,1.7956599606904349,1.859404067167938,-0.06374410647750306,0.06374410647750306
2023-02-10 06:00:00,2023,2,10,6,2.0408104477974773,1.985000262169242,0.055810185628235365,0.055810185628235365
2023-02-10 12:00:00,2023,2,10,12,3.623749223253101,3.6680992249241156,-0.04435000167101455,0.04435000167101455
2023-02-10 18:00:00,2023,2,10,18,1.7157328834889607,1.9634286542570312,-0.24769577076807048,0.24769577076807048
2023-02-11 00:00:00,2023,2,11,0,1.7001569234178162,1.5974261307855546,0.10273079263226159,0.10273079263226159
2023-02-11 06:00:00,2023,2,11,6,2.331444031077242,1.9987704377952684,0.33267359328197355,0.33267359328197355
2023-02-11 12:00:00,2023,2,11,12,3.550215220281912,3.6965750418845937,-0.1463598216026818,0.1463598216026818
2023-02-11 18:00:00,2023,2,11,18,1.9084662026412595,1.7235056818231547,0.18496052081810488,0.18496052081810488
2023-02-12 00:00:00,2023,2,12,0,1.9143472142017108,2.0821137257532176,-0.1677665115515068,0.1677665115515068
2023-02-12 06:00:00,2023,2,12,6,1.7400813079181303,1.9962808993674996,-0.2561995914493693,0.2561995914493693
2023-02-12 12:00:00,2023,2,12,12,3.54715256489332,3.786240986681937,-0.23908842178861667,0.23908842178861667
2023-02-12 18:00:00,2023,2,12,18,1.7862855401320756,1.6786583517691152,0.10762718836296048,0.10762718836296048
2023-02-13 00:00:00,2023,2,13,0,2.12038039980956,1.9716412868840423,0.14873911292551778,0.14873911292551778
2023-02-13 06:00:00,2023,2,13,6,2.6326334656375816,2.5001763849226117,0.13245708071496987,0.13245708071496987
2023-02-13 12:00:00,2023,2,13,12,3.5858839325264595,3.6154359611069364,-0.029552028580476897,0.029552028580476897
2023-02-13 18:00:00,2023,2,13,18,2.425493507187761,2.808898316844685,-0.3834048096569238,0.3834048096569238
2023-02-14 00:00:00,2023,2,14,0,2.0138663200029363,1.8739757389062135,0.1398905810967228,0.1398905810967228
2023-02-14 06:00:00,2023,2,14,6,2.0858672549498625,2.257517185560587,-0.17164993061072442,0.17164993061072442
2023-02-14 12:00:00,2023,2,14,12,4.20634849178724,4.058755391467743,0.14759310031949635,0.14759310031949635
2023-02-14 18:00:00,2023,2,14,18,1.9948466412316563,2.2510804882310285,-0.25623384699937213,0.25623384699937213
2023-02-15 00:00:00,2023,2,15,0,1.852682676003011,1.8901938437560217,-0.037511167753010666,0.037511167753010666
2023-02-15 06:00:00,2023,2,15,6,1.9163600276052848,1.81483311477591,0.10152691282937476,0.10152691282937476
2023-02-15 12:00:00,2023,2,15,12,3.9839419957325655,3.840144319819978,0.1437976759125874,0.1437976759125874
2023-02-15 18:00:00,2023,2,15,18,1.977240215048803,1.8893728202833253,0.08786739476547778,0.08786739476547778
2023-02-16 00:00:00,2023,2,16,0,1.7785944991984255,1.985760215574218,-0.2071657163757925,0.2071657163757925
2023-02-16 06:00:00,2023,2,16,6,1.931940998456652,1.9891446191229707,-0.05720362066631868,0.05720362066631868
2023-02-16 12:00:00,2023,2,16,12,3.820411287405733,3.9726723415711853,-0.15226105416545233,0.15226105416545233
2023-02-16 18:00:00,2023,2,16,18,2.030809399487889,1.9983686396957037,0.032440759792185414,0.032440759792185414
2023-02-17 00:00:00,2023,2,17,0,2.114267399348624,2.1187303461930473,-0.004462946844423499,0.004462946844423499
2023-02-17 06:00:00,2023,2,17,6,1.787638270800462,1.899202906280554,-0.1115646354800921,0.1115646354800921
2023-02-17 12:00:00,2023,2,17,12,3.6469760409922856,3.759744296096557,-0.11276825510427146,0.11276825510427146
2023-02-17 18:00:00,2023,2,17,18,2.39572188893898,1.9832737102735547,0.4124481786654255,0.4124481786654255
2023-02-18 00:00:00,2023,2,18,0,2.037680551211443,1.8846902352651171,0.15299031594632595,0.15299031594632595
2023-02-18 06:00:00,2023,2,18,6,2.176441004765906,1.750496321759721,0.42594468300618504,0.42594468300618504
2023-02-18 12:00:00,2023,2,18,12,4.194887969095888,4.189564546645636,0.005323422450251414,0.005323422450251414
2023-02-18 18:00:00,2023,2,18,18,2.667533176627329,2.6308059340362733,0.03672724259105564,0.03672724259105564
2023-02-19 00:00:00,2023,2,19,0,2.013677143643512,2.253945115168824,-0.24026797152531199,0.24026797152531199
2023-02-19 06:00:00,2023,2,19,6,1.8384311098639508,1.8701100892374254,-0.031678979373474636,0.031678979373474636
2023-02-19 12:00:00,2023,2,19,12,4.164037443032363,4.2018236549736505,-0.037786211941287284,0.037786211941287284
2023-02-19 18:00:00,2023,2,19,18,1.835963103613255,1.9460844052237538,-0.11012130161049871,0.11012130161049871
2023-02-20 00:00:00,2023,2,20,0,1.883386875915802,1.9803092480273965,-0.0969223721115946,0.0969223721115946
2023-02-20 06:00:00,2023,2,20,6,2.142895749386913,2.048790688398548,0.09410506098836535,0.09410506098836535
2023-02-20 12:00:00,2023,2,20,12,4.299000293645757,4.120461965831181,0.17853832781457601,0.17853832781457601
2023-02-20 18:00:00,2023,2,20,18,2.230529529217147,2.059733861293059,0.17079566792408807,0.17079566792408807
2023-02-21 00:00:00,2023,2,21,0,1.8655921389341237,2.042469545150159,-0.1768774062160352,0.1768774062160352
2023-02-21 06:00:00,2023,2,21,6,1.4445224235220302,1.7913568415721361,-0.34683441805010595,0.34683441805010595
2023-02-21 12:00:00,2023,2,21,12,4.004466542275959,4.2204736486148695,-0.2160071063389104,0.2160071063389104
2023-02-21 18:00:00,2023,2,21,18,2.0501053947760988,2.0251191021445427,0.02498629263155605,0.02498629263155605
2023-02-22 00:00:00,2023,2,22,0,2.24344180932949,1.9422301434243125,0.30121166590517734,0.30121166590517734
2023-02-22 06:00:00,2023,2,22,6,2.0345304197672163,2.1725210521589378,-0.1379906323917215,0.1379906323917215
2023-02-22 12:00:00,2023,2,22,12,4.181942984598122,4.098788844124994,0.08315414047312863,0.08315414047312863
2023-02-22 18:00:00,2023,2,22,18,2.9579015384459333,2.530471673097612,0.4274298653483215,0.4274298653483215
2023-02-23 00:00:00,2023,2,23,0,2.016404179112667,2.1070071174827705,-0.09060293837010347,0.09060293837010347
2023-02-23 06:00:00,2023,2,23,6,1.999380050027702,2.1306689927963824,-0.13128894276868053,0.13128894276868053
2023-02-23 12:00:00,2023,2,23,12,3.8860791077737336,4.012462588396509,-0.12638348062277505,0.12638348062277505
2023-02-23 18:00:00,2023,2,23,18,2.083141235102646,2.272153472637875,-0.18901223753522878,0.18901223753522878
2023-02-24 00:00:00,2023,2,24,0,1.9425576817685533,1.9153329744736758,0.02722470729487747,0.02722470729487747
2023-02-24 06:00:00,2023,2,24,6,2.139376176611707,2.191599761986949,-0.05222358537524219,0.05222358537524219
2023-02-24 12:00:00,2023,2,24,12,4.550115085978264,4.455675684981863,0.0944394009964018,0.0944394009964018
2023-02-24 18:00:00,2023,2,24,18,2.0432962654513704,2.2012103327144943,-0.15791406726312385,0.15791406726312385
2023-02-25 00:00:00,2023,2,25,0,2.005211900212416,2.120453251149171,-0.11524135093675536,0.11524135093675536
2023-02-25 06:00:00,2023,2,25,6,1.7062853371413609,1.9060338165528228,-0.1997484794114619,0.1997484794114619
2023-02-25 12:00:00,2023,2,25,12,4.534404138142612,4.456512882080245,0.07789125606236702,0.07789125606236702
2023-02-25 18:00:00,2023,2,25,18,2.3959406126149503,2.3488259136267273,0.04711469898822296,0.04711469898822296
2023-02-26 00:00:00,2023,2,26,0,2.1791761734376007,2.161601069899979,0.017575103537621928,0.017575103537621928
2023-02-26 06:00:00,2023,2,26,6,2.5437163740724795,2.66166720975826,-0.11795083568578058,0.11795083568578058
2023-02-26 12:00:00,2023,2,26,12,4.2705900830627845,4.180077967871492,0.09051211519129243,0.09051211519129243
2023-02-26 18:00:00,2023,2,26,18,2.126689387262022,2.4139741302327584,-0.2872847429707366,0.2872847429707366
2023-02-27 00:00:00,2023,2,27,0,2.125615019116496,2.2168493902561863,-0.09123437113969013,0.09123437113969013
2023-02-27 06:00:00,2023,2,27,6,2.120330571723888,2.02540252503349,0.09492804669039767,0.09492804669039767
2023-02-27 12:00:00,2023,2,27,12,4.651992692585066,4.505678997895047,0.14631369469001854,0.14631369469001854
2023-02-27 18:00:00,2023,2,27,18,2.3752410726783246,2.1687984616736684,0.20644261100465622,0.20644261100465622
2023-02-28 00:00:00,2023,2,28,0,2.154503441425325,2.1689628607957183,-0.014459419370393523,0.014459419370393523
2023-02-28 06:00:00,2023,2,28,6,2.0059161781232286,2.173504271072248,-0.16758809294901944,0.16758809294901944
2023-02-28 12:00:00,2023,2,28,12,4.4987296527844,4.304125497358247,0.19460415542615284,0.19460415542615284
2023-02-28 18:00:00,2023,2,28,18,2.380779330541696,2.107453783936512,0.27332554660518404,0.27332554660518404
2023-03-01 00:00:00,2023,3,1,0,1.756010083745595,2.0573869255698325,-0.3013768418242375,0.3013768418242375
2023-03-01 06:00:00,2023,3,1,6,2.500181718694508,2.3515454566448732,0.14863626204963465,0.14863626204963465
2023-03-01 12:00:00,2023,3,1,12,4.369345449455914,4.427929012914157,-0.05858356345824234,0.05858356345824234
2023-03-01 18:00:00,2023,3,1,18,1.700241247424968,2.0218012975353474,-0.32156005011037947,0.32156005011037947
2023-03-02 00:00:00,2023,3,2,0,2.0431980519078814,2.195383821155334,-0.15218576924745264,0.15218576924745264
2023-03-02 06:00:00,2023,3,2,6,2.158709012589154,2.3830958852679087,-0.22438687267875457,0.22438687267875457
2023-03-02 12:00:00,2023,3,2,12,4.795777617364071,4.494787271279263,0.30099034608480846,0.30099034608480846
2023-03-02 18:00:00,2023,3,2,18,2.139451709809321,2.262079185326976,-0.12262747551765507,0.12262747551765507
2023-03-03 00:00:00,2023,3,3,0,2.331958636524577,2.5286382760535306,-0.19667963952895384,0.19667963952895384
2023-03-03 06:00:00,2023,3,3,6,2.467099422731025,2.2401839475769263,0.2269154751540987,0.2269154751540987
2023-03-03 12:00:00,2023,3,3,12,4.163041406354803,4.465760839126834,-0.3027194327720313,0.3027194327720313
2023-03-03 18:00:00,2023,3,3,18,2.001317359641127,2.3486907488515474,-0.3473733892104205,0.3473733892104205
2023-03-04 00:00:00,2023,3,4,0,2.0922624203458358,2.036648381608241,0.05561403873759474,0.05561403873759474
2023-03-04 06:00:00,2023,3,4,6,2.376390071711109,2.3292542212344443,0.047135850476664576,0.047135850476664576
2023-03-04 12:00:00,2023,3,4,12,4.462891840361997,4.556114779853902,-0.09322293949190552,0.09322293949190552
2023-03-04 18:00:00,2023,3,4,18,2.1959875616331503,2.152735805754032,0.04325175587911856,0.04325175587911856
2023-03-05 00:00:00,2023,3,5,0,2.315982633208538,2.234614852323833,0.08136778088470509,0.08136778088470509
2023-03-05 06:00:00,2023,3,5,6,2.68863780749467,2.428421507013243,0.2602163004814271,0.2602163004814271
2023-03-05 12:00:00,2023,3,5,12,4.777661323077486,4.873917127365573,-0.096255804288087,0.096255804288087
2023-03-05 18:00:00,2023,3,5,18,2.3603014138116607,2.2032710442627286,0.15703036954893212,0.15703036954893212
2023-03-06 00:00:00,2023,3,6,0,1.957804989950016,2.193846542585463,-0.2360415526354469,0.2360415526354469
2023-03-06 06:00:00,2023,3,6,6,2.2688942450703817,2.1455287762344675,0.12336546883591426,0.12336546883591426
2023-03-06 12:00:00,2023,3,6,12,4.686742623799709,4.65014948160657,0.036593142193139805,0.036593142193139805
2023-03-06 18:00:00,2023,3,6,18,3.329434452803942,2.9341628694242545,0.3952715833796874,0.3952715833796874
2023-03-07 00:00:00,2023,3,7,0,2.305404168690745,2.06484630779968,0.240557860891065,0.240557860891065
2023-03-07 06:00:00,2023,3,7,6,2.3211015839712985,2.4408776324635886,-0.11977604849229007,0.11977604849229007
2023-03-07 12:00:00,2023,3,7,12,5.032895674446051,5.228545740320192,-0.19565006587414135,0.19565006587414135
2023-03-07 18:00:00,2023,3,7,18,2.3074338101897647,2.2774449765819416,0.029988833607823118,0.029988833607823118
2023-03-08 00:00:00,2023,3,8,0,2.3390603991495733,2.5250145210579675,-0.18595412190839422,0.18595412190839422
2023-03-08 06:00:00,2023,3,8,6,2.178750918746754,2.2541280817389207,-0.07537716299216646,0.07537716299216646
2023-03-08 12:00:00,2023,3,8,12,5.235620317850423,5.175633181274248,0.059987136576174827,0.059987136576174827
2023-03-08 18:00:00,2023,3,8,18,2.710889849175267,2.59876205760289,0.11212779157237707,0.11212779157237707
2023-03-09 00:00:00,2023,3,9,0,2.1945560226879945,2.312974549914724,-0.11841852722672952,0.11841852722672952
2023-03-09 06:00:00,2023,3,9,6,3.3464301501822176,3.1739913072878547,0.17243884289436284,0.17243884289436284
2023-03-09 12:00:00,2023,3,9,12,5.161395732553968,5.26644253355781,-0.10504680100384167,0.10504680100384167
2023-03-09 18:00:00,2023,3,9,18,2.3007898285070985,2.232180395998636,0.0686094325084623,0.0686094325084623
2023-03-10 00:00:00,2023,3,10,0,2.1361142370323587,2.4254449361333354,-0.28933069910097675,0.28933069910097675
2023-03-10 06:00:00,2023,3,10,6,2.005973472968021,2.332727949487142,-0.3267544765191208,0.3267544765191208
2023-03-10 12:00:00,2023,3,10,12,4.946203741723249,5.01259247962873,-0.0663887379054815,0.0663887379054815
2023-03-10 18:00:00,2023,3,10,18,2.208736444897554,2.424287457165015,-0.21555101226746087,0.21555101226746087
2023-03-11 00:00:00,2023,3,11,0,2.447371228789035,2.4315057766026413,0.01586545218639346,0.01586545218639346
2023-03-11 06:00:00,2023,3,11,6,2.581812347519556,2.566522025136346,0.015290322383210153,0.015290322383210153
2023-03-11 12:00:00,2023,3,11,12,5.077815201787328,4.926301620005506,0.15151358178182228,0.15151358178182228
2023-03-11 18:00:00,2023,3,11,18,2.409263128539449,2.5099755369777608,-0.10071240843831175,0.10071240843831175
2023-03-12 00:00:00,2023,3,12,0,2.378731685343193,2.4637150120904288,-0.08498332674723574,0.08498332674723574
2023-03-12 06:00:00,2023,3,12,6,2.3919075904880125,2.446354367662157,-0.05444677717414459,0.05444677717414459
2023-03-12 12:00:00,2023,3,12,12,4.734452169127466,4.87320179903028,-0.13874962990281414,0.13874962990281414
2023-03-12 18:00:00,2023,3,12,18,2.838839913502557,2.624597902140219,0.21424201136233778,0.21424201136233778
2023-03-13 00:00:00,2023,3,13,0,2.4198285642204684,2.2621213723852014,0.15770719183526705,0.15770719183526705
2023-03-13 06:00:00,2023,3,13,6,2.6740828932190253,2.740541269228691,-0.06645837600966553,0.06645837600966553
2023-03-13 12:00:00,2023,3,13,12,4.904641881119854,5.014530851296994,-0.10988897017714017,0.10988897017714017
2023-03-13 18:00:00,2023,3,13,18,2.1062515649114077,2.4574771966527837,-0.351225631741376,0.351225631741376
2023-03-14 00:00:00,2023,3,14,0,2.3177604294298053,2.5113979362918095,-0.1936375068620042,0.1936375068620042
2023-03-14 06:00:00,2023,3,14,6,2.5867064650921736,2.524719986619106,0.061986478473067486,0.061986478473067486
2023-03-14 12:00:00,2023,3,14,12,4.769449587804232,4.917800576874537,-0.14835098907030542,0.14835098907030542
2023-03-14 18:00:00,2023,3,14,18,2.150718318257746,2.4789961515729364,-0.32827783331519056,0.32827783331519056
2023-03-15 00:00:00,2023,3,15,0,2.520635571336133,2.453126844436068,0.06750872690006515,0.06750872690006515
2023-03-15 06:00:00,2023,3,15,6,2.3966096753143886,2.510237122328288,-0.11362744701389937,0.11362744701389937
2023-03-15 12:00:00,2023,3,15,12,5.557845641667383,5.616998712204194,-0.05915307053681129,0.05915307053681129
2023-03-15 18:00:00,2023,3,15,18,2.994187607818149,3.167292405864615,-0.17310479804646617,0.17310479804646617
2023-03-16 00:00:00,2023,3,16,0,2.541169795217753,2.3843772487847983,0.1567925464329547,0.1567925464329547
2023-03-16 06:00:00,2023,3,16,6,3.0599955323620858,2.8215148841933355,0.23848064816875025,0.23848064816875025
2023-03-16 12:00:00,2023,3,16,12,5.107862090854301,5.00917237474864,0.09868971610566124,0.09868971610566124
2023-03-16 18:00:00,2023,3,16,18,2.819433591681473,2.8573170272277966,-0.037883435546323785,0.037883435546323785
2023-03-17 00:00:00,2023,3,17,0,2.470067619503831,2.403396939019695,0.06667068048413594,0.06667068048413594
2023-03-17 06:00:00,2023,3,17,6,2.462625715238497,2.4491418017264435,0.01348391351205347,0.01348391351205347
2023-03-17 12:00:00,2023,3,17,12,4.718664695919723,4.954280472488605,-0.23561577656888222,0.23561577656888222
2023-03-17 18:00:00,2023,3,17,18,2.2576987305216067,2.630066403705434,-0.37236767318382746,0.37236767318382746
2023-03-18 00:00:00,2023,3,18,0,2.897171716315808,2.5853751844382713,0.31179653187753686,0.31179653187753686
2023-03-18 06:00:00,2023,3,18,6,2.881291187936527,2.749032657286685,0.1322585306498416,0.1322585306498416
2023-03-18 12:00:00,2023,3,18,12,5.497145135602181,5.464142482092805,0.033002653509376145,0.033002653509376145
2023-03-18 18:00:00,2023,3,18,18,3.2410617230089027,3.3082609737335593,-0.0671992507246566,0.0671992507246566
2023-03-19 00:00:00,2023,3,19,0,2.496123850031032,2.478709670104623,0.017414179926408924,0.017414179926408924
2023-03-19 06:00:00,2023,3,19,6,2.402725296937213,2.4917137089797388,-0.08898841204252594,0.08898841204252594
2023-03-19 12:00:00,2023,3,19,12,5.973934864139432,5.557158910075986,0.4167759540634455,0.4167759540634455
2023-03-19 18:00:00,2023,3,19,18,2.7655102037217354,2.724334176953032,0.041176026768703355,0.041176026768703355
2023-03-20 00:00:00,2023,3,20,0,2.221158576246543,2.2265797066009165,-0.005421130354373638,0.005421130354373638
2023-03-20 06:00:00,2023,3,20,6,2.970243000156948,3.016727392388725,-0.046484392231776805,0.046484392231776805
2023-03-20 12:00:00,2023,3,20,12,5.437907383033916,5.417617516051039,0.020289866982876603,0.020289866982876603
2023-03-20 18:00:00,2023,3,20,18,2.823355214417971,2.722114710357829,0.10124050406014229,0.10124050406014229
2023-03-21 00:00:00,2023,3,21,0,2.624091043348613,2.643675574226806,-0.019584530878193007,0.019584530878193007
2023-03-21 06:00:00,2023,3,21,6,3.1058492755390827,3.2556139467312866,-0.14976467119220382,0.14976467119220382
2023-03-21 12:00:00,2023,3,21,12,5.612137037137831,5.603519009196108,0.00861802794172295,0.00861802794172295
2023-03-21 18:00:00,2023,3,21,18,2.664093666474823,2.846375451148345,-0.18228178467352185,0.18228178467352185
2023-03-22 00:00:00,2023,3,22,0,2.4643130614528053,2.5597298356166727,-0.0954167741638674,0.0954167741638674
2023-03-22 06:00:00,2023,3,22,6,3.3338997496871694,3.2255310335851033,0.10836871610206611,0.10836871610206611
2023-03-22 12:00:00,2023,3,22,12,5.519647508726117,5.636515588228507,-0.11686807950238975,0.11686807950238975
2023-03-22 18:00:00,2023,3,22,18,2.669716634924298,2.831804144193689,-0.1620875092693912,0.1620875092693912
2023-03-23 00:00:00,2023,3,23,0,2.7708568623589547,2.8873040030143193,-0.11644714065536466,0.11644714065536466
2023-03-23 06:00:00,2023,3,23,6,2.8762316763661517,3.073158534953251,-0.19692685858709913,0.19692685858709913
2023-03-23 12:00:00,2023,3,23,12,5.7218062138957855,5.555144635447612,0.1666615784481733,0.1666615784481733
2023-03-23 18:00:00,2023,3,23,18,3.195023945898176,3.1474991428582695,0.04752480303990669,0.04752480303990669
2023-03-24 00:00:00,2023,3,24,0,3.001533458029141,2.7598038971624335,0.2417295608667076,0.2417295608667076
2023-03-24 06:00:00,2023,3,24,6,2.997063933190755,3.0716085541631877,-0.07454462097243253,0.07454462097243253
2023-03-24 12:00:00,2023,3,24,12,5.995179802813773,6.275689544164176,-0.28050974135040274,0.28050974135040274
2023-03-24 18:00:00,2023,3,24,18,3.276823908449296,3.0681177692449646,0.20870613920433145,0.20870613920433145
2023-03-25 00:00:00,2023,3,25,0,2.712141756810277,2.6694918329565844,0.042649923853692595,0.042649923853692595
2023-03-25 06:00:00,2023,3,25,6,3.1859094091029343,3.0379224864493133,0.147986922653621,0.147986922653621
2023-03-25 12:00:00,2023,3,25,12,5.682036257796776,5.6553911877850815,0.02664507001169447,0.02664507001169447
2023-03-25 18:00:00,2023,3,25,18,3.3973527419811966,3.3998729555657836,-0.0025202135845869833,0.0025202135845869833
2023-03-26 00:00:00,2023,3,26,0,3.135303795704408,2.9879455353341635,0.14735826037024458,0.14735826037024458
2023-03-26 06:00:00,2023,3,26,6,3.301359054161613,3.1347593360287584,0.16659971813285468,0.16659971813285468
2023-03-26 12:00:00,2023,3,26,12,5.319808938951337,5.5611172490935425,-0.24130831014220533,0.24130831014220533
2023-03-26 18:00:00,2023,3,26,18,3.0756585046503404,3.1139362079945485,-0.0382777033442081,0.0382777033442081
2023-03-27 00:00:00,2023,3,27,0,2.5908332055766654,2.476464666262869,0.11436853931379654,0.11436853931379654
2023-03-27 06:00:00,2023,3,27,6,3.291236539916555,3.397432225675634,-0.1061956857590789,0.1061956857590789
2023-03-27 12:00:00,2023,3,27,12,5.903505185568213,5.927750497210234,-0.02424531164202115,0.02424531164202115
2023-03-27 18:00:00,2023,3,27,18,3.829908891871534,3.9319101767460203,-0.10200128487448623,0.10200128487448623
2023-03-28 00:00:00,2023,3,28,0,2.6610689712075586,2.892941451626536,-0.23187248041897757,0.23187248041897757
2023-03-28 06:00:00,2023,3,28,6,3.5496211049201745,3.392152903224138,0.15746820169603648,0.15746820169603648
2023-03-28 12:00:00,2023,3,28,12,5.930105983029888,6.135170677963953,-0.2050646949340651,0.2050646949340651
2023-03-28 18:00:00,2023,3,28,18,3.2937694427537467,3.4180717249837476,-0.12430228223000084,0.12430228223000084
2023-03-29 00:00:00,2023,3,29,0,2.722649525486593,2.6771603702545432,0.04548915523204977,0.04548915523204977
2023-03-29 06:00:00,2023,3,29,6,3.2838403601010016,3.067319033790682,0.2165213263103194,0.2165213263103194
2023-03-29 12:00:00,2023,3,29,12,5.488766124591205,5.5299670211051914,-0.04120089651398651,0.04120089651398651
2023-03-29 18:00:00,2023,3,29,18,3.2814581740050026,3.1781732103793887,0.1032849636256139,0.1032849636256139
2023-03-30 00:00:00,2023,3,30,0,2.7618221717933435,2.6136900621061145,0.148132109687229,0.148132109687229
2023-03-30 06:00:00,2023,3,30,6,3.3774370431372738,3.4430146894870535,-0.0655776463497797,0.0655776463497797
2023-03-30 12:00:00,2023,3,30,12,6.4469057928097815,6.16584994332158,0.28105584948820184,0.28105584948820184
2023-03-30 18:00:00,2023,3,30,18,3.853324123590714,3.484119814745592,0.3692043088451218,0.3692043088451218
2023-03-31 00:00:00,2023,3,31,0,2.5625949980386644,2.506316392688316,0.05627860535034834,0.05627860535034834
2023-03-31 06:00:00,2023,3,31,6,3.5284115618209184,3.249788017874592,0.27862354394632627,0.27862354394632627
2023-03-31 12:00:00,2023,3,31,12,6.274354258379429,6.251314567133909,0.0230396912455193,0.0230396912455193
2023-03-31 18:00:00,2023,3,31,18,3.23432279587171,3.3553654766753653,-0.12104268080365532,0.12104268080365532
2023-04-01 00:00:00,2023,4,1,0,2.888358470045412,2.971604951610988,-0.08324648156557579,0.08324648156557579
2023-04-01 06:00:00,2023,4,1,6,3.75415850637783,3.6350490039707593,0.11910950240707097,0.11910950240707097
2023-04-01 12:00:00,2023,4,1,12,6.226415757895269,6.010399813156283,0.21601594473898533,0.21601594473898533
2023-04-01 18:00:00,2023,4,1,18,3.2042610315907543,3.279193719867238,-0.0749326882764838,0.0749326882764838
2023-04-02 00:00:00,2023,4,2,0,2.5178706795546484,2.7802688138595735,-0.2623981343049251,0.2623981343049251
2023-04-02 06:00:00,2023,4,2,6,3.8299592661018975,3.638273248168397,0.1916860179335007,0.1916860179335007
2023-04-02 12:00:00,2023,4,2,12,6.214395882882345,6.302865044542476,-0.08846916166013141,0.08846916166013141
2023-04-02 18:00:00,2023,4,2,18,3.290094422880548,3.6083731753285475,-0.3182787524479993,0.3182787524479993
2023-04-03 00:00:00,2023,4,3,0,3.583619048322016,3.5921311116363754,-0.008512063314359608,0.008512063314359608
2023-04-03 06:00:00,2023,4,3,6,3.390232685216224,3.4396994998898585,-0.04946681467363456,0.04946681467363456
2023-04-03 12:00:00,2023,4,3,12,6.254733179485032,6.165636746223437,0.08909643326159511,0.08909643326159511
2023-04-03 18:00:00,2023,4,3,18,3.463708746213606,3.4616780622345305,0.002030683979075576,0.002030683979075576
2023-04-04 00:00:00,2023,4,4,0,3.419659626772097,3.5754719193326263,-0.1558122925605292,0.1558122925605292
2023-04-04 06:00:00,2023,4,4,6,3.65878852652498,3.7356817222481973,-0.07689319572321729,0.07689319572321729
2023-04-04 12:00:00,2023,4,4,12,6.780802815820702,6.839711497590913,-0.05890868177021069,0.05890868177021069
2023-04-04 18:00:00,2023,4,4,18,3.5489628171605334,3.4028599228685903,0.14610289429194312,0.14610289429194312
2023-04-05 00:00:00,2023,4,5,0,3.4695833460585725,3.5295103406695407,-0.059926994610968176,0.059926994610968176
2023-04-05 06:00:00,2023,4,5,6,4.264976729286479,4.289057534713773,-0.024080805427294294,0.024080805427294294
2023-04-05 12:00:00,2023,4,5,12,6.797030995755012,6.359381649519795,0.4376493462352169,0.4376493462352169
2023-04-05 18:00:00,2023,4,5,18,3.663101172239334,3.644209477622473,0.01889169461686091,0.01889169461686091
2023-04-06 00:00:00,2023,4,6,0,3.007745488820171,3.1583314590040765,-0.15058597018390563,0.15058597018390563
2023-04-06 06:00:00,2023,4,6,6,3.5881739823776333,3.4683773762386045,0.11979660613902876,0.11979660613902876
2023-04-06 12:00:00,2023,4,6,12,6.784102336050312,6.748586126776515,0.03551620927379684,0.03551620927379684
2023-04-06 18:00:00,2023,4,6,18,4.383732131210034,4.10580604625188,0.2779260849581542,0.2779260849581542
2023-04-07 00:00:00,2023,4,7,0,3.260754364506244,3.2421698983740574,0.01858446613218634,0.01858446613218634
2023-04-07 06:00:00,2023,4,7,6,3.5372416150540475,3.7065368137925425,-0.16929519873849497,0.16929519873849497
2023-04-07 12:00:00,2023,4,7,12,6.871058084460117,6.879917174854387,-0.00885909039427002,0.00885909039427002
2023-04-07 18:00:00,2023,4,7,18,4.216302634611949,4.022913454221258,0.19338918039069153,0.19338918039069153
2023-04-08 00:00:00,2023,4,8,0,3.148791441727399,3.330630134841404,-0.1818386931140048,0.1818386931140048
2023-04-08 06:00:00,2023,4,8,6,4.041264743809385,3.892936564882026,0.1483281789273585,0.1483281789273585
2023-04-08 12:00:00,2023,4,8,12,6.698260021920488,6.94974298544752,-0.2514829635270317,0.2514829635270317
2023-04-08 18:00:00,2023,4,8,18,3.4659083033606426,3.636881901187305,-0.17097359782666244,0.17097359782666244
2023-04-09 00:00:00,2023,4,9,0,2.967717557812658,3.2822808928679543,-0.31456333505529654,0.31456333505529654
2023-04-09 06:00:00,2023,4,9,6,4.167019622298628,3.932026977309723,0.23499264498890549,0.23499264498890549
2023-04-09 12:00:00,2023,4,9,12,6.953299838893868,6.746654894025854,0.20664494486801388,0.20664494486801388
2023-04-09 18:00:00,2023,4,9,18,3.4527418084257877,3.6671764050031874,-0.21443459657739972,0.21443459657739972
2023-04-10 00:00:00,2023,4,10,0,3.3295707581580687,3.456204148541895,-0.12663339038382615,0.12663339038382615
2023-04-10 06:00:00,2023,4,10,6,3.934362269565139,4.026751192753168,-0.09238892318802927,0.09238892318802927
2023-04-10 12:00:00,2023,4,10,12,7.685716277032739,7.217838486308952,0.46787779072378743,0.46787779072378743
2023-04-10 18:00:00,2023,4,10,18,3.638782832609324,3.6812355003945307,-0.04245266778520662,0.04245266778520662
2023-04-11 00:00:00,2023,4,11,0,3.9853200970900855,3.9266800043622982,0.05864009272778725,0.05864009272778725
2023-04-11 06:00:00,2023,4,11,6,3.7990596501477194,3.7862321528865794,0.012827497261139964,0.012827497261139964
2023-04-11 12:00:00,2023,4,11,12,6.760527520343765,6.89456178078356,-0.13403426043979483,0.13403426043979483
2023-04-11 18:00:00,2023,4,11,18,4.021402411911534,3.984334351334487,0.03706806057704748,0.03706806057704748
2023-04-12 00:00:00,2023,4,12,0,3.4164059118719807,3.3467842346269143,0.0696216772450664,0.0696216772450664
2023-04-12 06:00:00,2023,4,12,6,3.774739988349744,3.7013373470456963,0.07340264130404783,0.07340264130404783
2023-04-12 12:00:00,2023,4,12,12,7.234242149835187,7.24502300383201,-0.010780853996823048,0.010780853996823048
2023-04-12 18:00:00,2023,4,12,18,3.9526499359984575,3.9975152366899582,-0.04486530069150074,0.04486530069150074
2023-04-13 00:00:00,2023,4,13,0,3.686371275993611,3.7057681686705273,-0.019396892676916355,0.019396892676916355
2023-04-13 06:00:00,2023,4,13,6,4.154775119393428,4.214318946652435,-0.059543827259006754,0.059543827259006754
2023-04-13 12:00:00,2023,4,13,12,6.749092674677392,6.585786319456047,0.16330635522134518,0.16330635522134518
2023-04-13 18:00:00,2023,4,13,18,4.290227537333052,3.901692579748636,0.3885349575844157,0.3885349575844157
2023-04-14 00:00:00,2023,4,14,0,3.5882876456782578,3.6082637570923906,-0.019976111414132802,0.019976111414132802
2023-04-14 06:00:00,2023,4,14,6,4.173126768169415,4.265277933914956,-0.09215116574554116,0.09215116574554116
2023-04-14 12:00:00,2023,4,14,12,7.348831541978106,7.214352683010181,0.13447885896792489,0.13447885896792489
2023-04-14 18:00:00,2023,4,14,18,4.227092571163997,4.483183322652537,-0.2560907514885402,0.2560907514885402
2023-04-15 00:00:00,2023,4,15,0,3.723356803317072,3.645886306977396,0.07747049633967595,0.07747049633967595
2023-04-15 06:00:00,2023,4,15,6,4.134185570577139,3.978580834805963,0.15560473577117584,0.15560473577117584
2023-04-15 12:00:00,2023,4,15,12,6.8135990007342,7.021475307650431,-0.20787630691623082,0.20787630691623082
2023-04-15 18:00:00,2023,4,15,18,3.892846129709336,3.9388413301913805,-0.04599520048204431,0.04599520048204431
2023-04-16 00:00:00,2023,4,16,0,3.269417137199538,3.451410847660452,-0.18199371046091395,0.18199371046091395
2023-04-16 06:00:00,2023,4,16,6,4.317310321870486,4.170520788632875,0.14678953323761057,0.14678953323761057
2023-04-16 12:00:00,2023,4,16,12,7.178639210638049,6.924681350769954,0.2539578598680947,0.2539578598680947
2023-04-16 18:00:00,2023,4,16,18,4.7658272351461095,4.43519326076579,0.3306339743803193,0.3306339743803193
2023-04-17 00:00:00,2023,4,17,0,3.694273217814885,3.656315592127058,0.037957625687827345,0.037957625687827345
2023-04-17 06:00:00,2023,4,17,6,4.601226215626895,4.450098463338163,0.15112775228873154,0.15112775228873154
2023-04-17 12:00:00,2023,4,17,12,7.308703253284794,6.918078034455865,0.3906252188289292,0.3906252188289292
2023-04-17 18:00:00,2023,4,17,18,4.808550534968095,4.444233194617995,0.3643173403500999,0.3643173403500999
2023-04-18 00:00:00,2023,4,18,0,3.863428118708134,3.820660743923317,0.04276737478481696,0.04276737478481696
2023-04-18 06:00:00,2023,4,18,6,4.840439908804878,4.657362958325862,0.18307695047901618,0.18307695047901618
2023-04-18 12:00:00,2023,4,18,12,7.392606282440663,7.127405565154836,0.2652007172858264,0.2652007172858264
2023-04-18 18:00:00,2023,4,18,18,4.549127093379568,4.617070954645209,-0.06794386126564067,0.06794386126564067
2023-04-19 00:00:00,2023,4,19,0,3.5143728644293946,3.5159948244507175,-0.0016219600213229768,0.0016219600213229768
2023-04-19 06:00:00,2023,4,19,6,4.09183109658274,4.323774506668463,-0.23194341008572295,0.23194341008572295
2023-04-19 12:00:00,2023,4,19,12,7.221204914601427,7.240001379652083,-0.018796465050655797,0.018796465050655797
2023-04-19 18:00:00,2023,4,19,18,4.420130056918001,4.653441304363841,-0.23331124744583942,0.23331124744583942
2023-04-20 00:00:00,2023,4,20,0,4.045874075256666,4.117692259702148,-0.07181818444548149,0.07181818444548149
2023-04-20 06:00:00,2023,4,20,6,4.693065134702,4.714456951188726,-0.02139181648672661,0.02139181648672661
2023-04-20 12:00:00,2023,4,20,12,7.181041798169506,7.138667646861483,0.04237415130802269,0.04237415130802269
2023-04-20 18:00:00,2023,4,20,18,4.421805083107559,4.314294750989689,0.10751033211786964,0.10751033211786964
2023-04-21 00:00:00,2023,4,21,0,3.629510578347462,3.8486354868088264,-0.21912490846136423,0.21912490846136423
2023-04-21 06:00:00,2023,4,21,6,4.379941293900412,4.099352195648063,0.28058909825234934,0.28058909825234934
2023-04-21 12:00:00,2023,4,21,12,7.93965034194143,7.8930159440852945,0.046634397856135656,0.046634397856135656
2023-04-21 18:00:00,2023,4,21,18,4.166927976009192,4.217009626745562,-0.050081650736370165,0.050081650736370165
2023-04-22 00:00:00,2023,4,22,0,3.5632614390527517,3.5844639305728956,-0.021202491520143862,0.021202491520143862
2023-04-22 06:00:00,2023,4,22,6,4.825925272176855,4.63403777543632,0.1918874967405353,0.1918874967405353
2023-04-22 12:00:00,2023,4,22,12,7.503429397871289,7.3094862813064205,0.19394311656486884,0.19394311656486884
2023-04-22 18:00:00,2023,4,22,18,4.586390193976478,4.603572082793808,-0.01718188881732985,0.01718188881732985
2023-04-23 00:00:00,2023,4,23,0,3.833377327270328,3.9522491845656367,-0.11887185729530847,0.11887185729530847
2023-04-23 06:00:00,2023,4,23,6,5.061450258342286,4.650176023725133,0.41127423461715296,0.41127423461715296
2023-04-23 12:00:00,2023,4,23,12,7.383553343076168,7.479314976523004,-0.09576163344683586,0.09576163344683586
2023-04-23 18:00:00,2023,4,23,18,5.201701074228882,4.852544829287833,0.3491562449410486,0.3491562449410486
2023-04-24 00:00:00,2023,4,24,0,4.194329821746097,4.0811133317014185,0.11321649004467815,0.11321649004467815
2023-04-24 06:00:00,2023,4,24,6,5.002183900337303,5.0303493171360065,-0.028165416798703546,0.028165416798703546
2023-04-24 12:00:00,2023,4,24,12,8.432632269956605,8.364886828246982,0.06774544170962216,0.06774544170962216
2023-04-24 18:00:00,2023,4,24,18,4.721214847301282,4.731279662988107,-0.010064815686824602,0.010064815686824602
2023-04-25 00:00:00,2023,4,25,0,4.177167410660827,4.183076587620306,-0.005909176959479012,0.005909176959479012
2023-04-25 06:00:00,2023,4,25,6,4.690211142968191,4.732987147778958,-0.04277600481076682,0.04277600481076682
2023-04-25 12:00:00,2023,4,25,12,7.260354454106732,7.363270624294964,-0.10291617018823196,0.10291617018823196
2023-04-25 18:00:00,2023,4,25,18,4.996338698953931,5.039018130899698,-0.042679431945766844,0.042679431945766844
2023-04-26 00:00:00,2023,4,26,0,4.394889136805852,4.254911562565594,0.13997757424025803,0.13997757424025803
2023-04-26 06:00:00,2023,4,26,6,4.618475181960761,4.563903028263144,0.05457215369761759,0.05457215369761759
2023-04-26 12:00:00,2023,4,26,12,7.743221465633608,7.827009432776535,-0.08378796714292669,0.08378796714292669
2023-04-26 18:00:00,2023,4,26,18,4.384734139985273,4.606259834269896,-0.22152569428462332,0.22152569428462332
2023-04-27 00:00:00,2023,4,27,0,4.392657614794092,4.089059255782943,0.30359835901114884,0.30359835901114884
2023-04-27 06:00:00,2023,4,27,6,5.38669799821158,4.96746324699865,0.4192347512129295,0.4192347512129295
2023-04-27 12:00:00,2023,4,27,12,7.88865064713417,7.7336974665991765,0.15495318053499396,0.15495318053499396
2023-04-27 18:00:00,2023,4,27,18,5.262743047841543,4.938459490957066,0.32428355688447663,0.32428355688447663
2023-04-28 00:00:00,2023,4,28,0,3.826167808571369,3.7475314920159883,0.0786363165553805,0.0786363165553805
2023-04-28 06:00:00,2023,4,28,6,5.181759943705463,5.102730955299258,0.07902898840620498,0.07902898840620498
2023-04-28 12:00:00,2023,4,28,12,8.49668425177894,8.215759627758635,0.2809246240203045,0.2809246240203045
2023-04-28 18:00:00,2023,4,28,18,4.902429681569874,5.00501123939091,-0.10258155782103628,0.10258155782103628
2023-04-29 00:00:00,2023,4,29,0,4.226983009345301,4.4366401011331495,-0.20965709178784842,0.20965709178784842
2023-04-29 06:00:00,2023,4,29,6,4.742922942563784,4.655668310325708,0.08725463223807672,0.08725463223807672
2023-04-29 12:00:00,2023,4,29,12,7.872106815849047,7.947071125488204,-0.07496430963915746,0.07496430963915746
2023-04-29 18:00:00,2023,4,29,18,5.155106489962449,5.257251103226597,-0.10214461326414792,0.10214461326414792
2023-04-30 00:00:00,2023,4,30,0,4.540446847061996,4.410612196542218,0.12983465051977827,0.12983465051977827
2023-04-30 06:00:00,2023,4,30,6,4.846652673681949,5.104193946693675,-0.2575412730117259,0.2575412730117259
2023-04-30 12:00:00,2023,4,30,12,7.895631278774574,7.908305526282159,-0.012674247507584724,0.012674247507584724
2023-04-30 18:00:00,2023,4,30,18,5.425728292972355,5.292013342523248,0.1337149504491073,0.1337149504491073
2023-05-01 00:00:00,2023,5,1,0,4.062107602585003,3.9369616398259573,0.1251459627590461,0.1251459627590461
2023-05-01 06:00:00,2023,5,1,6,4.745174789710287,4.68400548095211,0.06116930875817683,0.06116930875817683
2023-05-01 12:00:00,2023,5,1,12,7.9311302597947,8.008183064168056,-0.07705280437335649,0.07705280437335649
2023-05-01 18:00:00,2023,5,1,18,4.675466475815716,4.815378117531036,-0.13991164171532056,0.13991164171532056
2023-05-02 00:00:00,2023,5,2,0,3.8728028666917393,4.169967935061641,-0.29716506836990186,0.29716506836990186
2023-05-02 06:00:00,2023,5,2,6,5.230088470093937,5.140550800162547,0.08953766993139034,0.08953766993139034
2023-05-02 12:00:00,2023,5,2,12,8.303830856055457,7.956404091870521,0.34742676418493623,0.34742676418493623
2023-05-02 18:00:00,2023,5,2,18,5.149017102090592,5.108412027069614,0.0406050750209781,0.0406050750209781
2023-05-03 00:00:00,2023,5,3,0,3.963834968884192,4.020880064973499,-0.057045096089306746,0.057045096089306746
2023-05-03 06:00:00,2023,5,3,6,4.847537544576616,4.855070247532151,-0.007532702955534987,0.007532702955534987
2023-05-03 12:00:00,2023,5,3,12,7.767800956266131,7.820432968185411,-0.0526320119192798,0.0526320119192798
2023-05-03 18:00:00,2023,5,3,18,4.994996472155726,5.101978991377251,-0.10698251922152568,0.10698251922152568
2023-05-04 00:00:00,2023,5,4,0,4.646135393769108,4.485690199216268,0.1604451945528398,0.1604451945528398
2023-05-04 06:00:00,2023,5,4,6,5.13384083914819,5.164352946037719,-0.0305121068895291,0.0305121068895291
2023-05-04 12:00:00,2023,5,4,12,8.06761589007173,8.076017167120906,-0.008401277049175704,0.008401277049175704
2023-05-04 18:00:00,2023,5,4,18,5.016586715275077,5.0603314762969935,-0.04374476102191682,0.04374476102191682
2023-05-05 00:00:00,2023,5,5,0,4.5704318887791135,4.474430934953892,0.09600095382522156,0.09600095382522156
2023-05-05 06:00:00,2023,5,5,6,5.041786946716647,4.821655324656944,0.2201316220597036,0.2201316220597036
2023-05-05 12:00:00,2023,5,5,12,8.52317711183996,8.255092029403434,0.2680850824365262,0.2680850824365262
2023-05-05 18:00:00,2023,5,5,18,4.9637124652814535,5.069161642392817,-0.10544917711136392,0.10544917711136392
2023-05-06 00:00:00,2023,5,6,0,5.051205459481865,4.894904764225736,0.156300695256129,0.156300695256129
2023-05-06 06:00:00,2023,5,6,6,5.918885471653688,5.508088296838851,0.4107971748148369,0.4107971748148369
2023-05-06 12:00:00,2023,5,6,12,7.911244088230551,7.8126281420065515,0.09861594622399927,0.09861594622399927
2023-05-06 18:00:00,2023,5,6,18,5.119103991393335,5.258299778579025,-0.13919578718568992,0.13919578718568992
2023-05-07 00:00:00,2023,5,7,0,4.615806750687,4.551605293116516,0.06420145757048346,0.06420145757048346
2023-05-07 06:00:00,2023,5,7,6,5.231412544866815,5.088128872062093,0.14328367280472243,0.14328367280472243
2023-05-07 12:00:00,2023,5,7,12,8.75605318554238,8.60486815280593,0.1511850327364499,0.1511850327364499
2023-05-07 18:00:00,2023,5,7,18,5.0501487123426125,5.161401339155737,-0.11125262681312442,0.11125262681312442
2023-05-08 00:00:00,2023,5,8,0,4.83698382155867,4.451282103880856,0.38570171767781414,0.38570171767781414
2023-05-08 06:00:00,2023,5,8,6,5.14677399204315,5.048463244710301,0.0983107473328495,0.0983107473328495
2023-05-08 12:00:00,2023,5,8,12,8.701643740000524,8.448750946179347,0.2528927938211769,0.2528927938211769
2023-05-08 18:00:00,2023,5,8,18,5.2689224037010725,5.083036518510691,0.1858858851903813,0.1858858851903813
2023-05-09 00:00:00,2023,5,9,0,4.948451831369598,4.898448234711814,0.050003596657784755,0.050003596657784755
2023-05-09 06:00:00,2023,5,9,6,5.504537606902826,5.313725060541481,0.19081254636134481,0.19081254636134481
2023-05-09 12:00:00,2023,5,9,12,8.169383799545907,8.469520187158984,-0.3001363876130778,0.3001363876130778
2023-05-09 18:00:00,2023,5,9,18,5.349028524551179,5.542205669984982,-0.19317714543380315,0.19317714543380315
2023-05-10 00:00:00,2023,5,10,0,4.995136071385354,4.7942299535059885,0.20090611787936563,0.20090611787936563
2023-05-10 06:00:00,2023,5,10,6,5.292498253874526,5.1687651871503375,0.12373306672418849,0.12373306672418849
2023-05-10 12:00:00,2023,5,10,12,8.715075286879836,8.325855980685207,0.3892193061946294,0.3892193061946294
2023-05-10 18:00:00,2023,5,10,18,5.1422435032991824,5.294597474884211,-0.15235397158502817,0.15235397158502817
2023-05-11 00:00:00,2023,5,11,0,5.012467287837135,4.740815953852443,0.27165133398469177,0.27165133398469177
2023-05-11 06:00:00,2023,5,11,6,5.4274482659253565,5.2321125773305495,0.195335688594807,0.195335688594807
2023-05-11 12:00:00,2023,5,11,12,8.369780023992469,8.32910740273594,0.040672621256529595,0.040672621256529595
2023-05-11 18:00:00,2023,5,11,18,5.546132878093125,5.347173874131512,0.1989590039616136,0.1989590039616136
2023-05-12 00:00:00,2023,5,12,0,4.899423910236524,4.701738808536497,0.19768510170002696,0.19768510170002696
2023-05-12 06:00:00,2023,5,12,6,5.716874992002813,5.6484324152675915,0.06844257673522147,0.06844257673522147
2023-05-12 12:00:00,2023,5,12,12,8.49093111099926,8.616328342056221,-0.12539723105696154,0.12539723105696154
2023-05-12 18:00:00,2023,5,12,18,5.666884764423057,5.871236231346974,-0.20435146692391726,0.20435146692391726
2023-05-13 00:00:00,2023,5,13,0,4.760002711848317,4.6907050894556415,0.06929762239267578,0.06929762239267578
2023-05-13 06:00:00,2023,5,13,6,5.590848606264732,5.424208803456182,0.16663980280855029,0.16663980280855029
2023-05-13 12:00:00,2023,5,13,12,8.81327031131639,8.429794953903126,0.3834753574132641,0.3834753574132641
2023-05-13 18:00:00,2023,5,13,18,5.96804773686662,5.734693283379247,0.23335445348737238,0.23335445348737238
2023-05-14 00:00:00,2023,5,14,0,4.565886426865284,4.572348927548522,-0.006462500683237948,0.006462500683237948
2023-05-14 06:00:00,2023,5,14,6,5.31991107926972,5.441598810220625,-0.1216877309509048,0.1216877309509048
2023-05-14 12:00:00,2023,5,14,12,8.65503540708935,8.521755274971479,0.13328013211787137,0.13328013211787137
2023-05-14 18:00:00,2023,5,14,18,5.404459806670355,5.34052176462364,0.06393804204671483,0.06393804204671483
2023-05-15 00:00:00,2023,5,15,0,4.130055797164907,4.182843437764849,-0.05278764059994234,0.05278764059994234
2023-05-15 06:00:00,2023,5,15,6,5.574981292120319,5.419625620468172,0.15535567165214736,0.15535567165214736
2023-05-15 12:00:00,2023,5,15,12,8.91826077970759,8.803276804794443,0.11498397491314627,0.11498397491314627
2023-05-15 18:00:00,2023,5,15,18,5.320281131954599,5.415756283044166,-0.09547515108956706,0.09547515108956706
2023-05-16 00:00:00,2023,5,16,0,4.894755356888726,4.990462856773602,-0.09570749988487659,0.09570749988487659
2023-05-16 06:00:00,2023,5,16,6,5.2146387805030345,5.505523046694398,-0.2908842661913633,0.2908842661913633
2023-05-16 12:00:00,2023,5,16,12,8.816342107155629,8.66526216659713,0.15107994055849971,0.15107994055849971
2023-05-16 18:00:00,2023,5,16,18,5.243456292079003,5.400707239819573,-0.1572509477405699,0.1572509477405699
2023-05-17 00:00:00,2023,5,17,0,4.9905838776523455,5.0979563988610135,-0.10737252120866803,0.10737252120866803
2023-05-17 06:00:00,2023,5,17,6,5.882476192752061,5.7674494515648576,0.11502674118720346,0.11502674118720346
2023-05-17 12:00:00,2023,5,17,12,8.847747189037499,8.625501643818005,0.22224554521949358,0.22224554521949358
2023-05-17 18:00:00,2023,5,17,18,5.382175988518391,5.537346723054871,-0.15517073453648056,0.15517073453648056
2023-05-18 00:00:00,2023,5,18,0,4.941491835301278,5.069290665030863,-0.1277988297295849,0.1277988297295849
2023-05-18 06:00:00,2023,5,18,6,5.183779966069192,5.2570311102274685,-0.07325114415827638,0.07325114415827638
2023-05-18 12:00:00,2023,5,18,12,8.840176209602992,8.580310865546428,0.25986534405656414,0.25986534405656414
2023-05-18 18:00:00,2023,5,18,18,5.368832212502808,5.547017446027831,-0.17818523352502336,0.17818523352502336
2023-05-19 00:00:00,2023,5,19,0,5.19429605775029,5.179152389420665,0.015143668329625548,0.015143668329625548
2023-05-19 06:00:00,2023,5,19,6,5.373071250386884,5.540438588621759,-0.16736733823487526,0.16736733823487526
2023-05-19 12:00:00,2023,5,19,12,9.029093115480942,8.969486200169404,0.05960691531153728,0.05960691531153728
2023-05-19 18:00:00,2023,5,19,18,5.437030484418623,5.504024197706332,-0.06699371328770898,0.06699371328770898
2023-05-20 00:00:00,2023,5,20,0,4.784113369294095,4.8473388435850895,-0.06322547429099412,0.06322547429099412
2023-05-20 06:00:00,2023,5,20,6,5.897397483534988,5.947859714577855,-0.05046223104286707,0.05046223104286707
2023-05-20 12:00:00,2023,5,20,12,8.441437302053325,8.512040338521675,-0.07060303646835031,0.07060303646835031
2023-05-20 18:00:00,2023,5,20,18,5.902151411752856,5.6405371785348635,0.26161423321799226,0.26161423321799226
2023-05-21 00:00:00,2023,5,21,0,5.375914207974559,5.049169076939159,0.32674513103540015,0.32674513103540015
2023-05-21 06:00:00,2023,5,21,6,5.875525395137164,5.692504092131805,0.18302130300535957,0.18302130300535957
2023-05-21 12:00:00,2023,5,21,12,8.993610611857571,8.86619821624085,0.12741239561672124,0.12741239561672124
2023-05-21 18:00:00,2023,5,21,18,5.344457270449836,5.3940015965520685,-0.04954432610223236,0.04954432610223236
2023-05-22 00:00:00,2023,5,22,0,5.125144794103924,5.209740905607933,-0.08459611150400903,0.08459611150400903
2023-05-22 06:00:00,2023,5,22,6,5.728372705233822,5.568747219806778,0.15962548542704358,0.15962548542704358
2023-05-22 12:00:00,2023,5,22,12,9.011754459077762,9.210095719581691,-0.19834126050392875,0.19834126050392875
2023-05-22 18:00:00,2023,5,22,18,6.293985361996599,6.303235782500804,-0.009250420504204548,0.009250420504204548
2023-05-23 00:00:00,2023,5,23,0,5.250831757929636,5.292488685264098,-0.041656927334462246,0.041656927334462246
2023-05-23 06:00:00,2023,5,23,6,5.680869861010984,5.885782934991529,-0.2049130739805456,0.2049130739805456
2023-05-23 12:00:00,2023,5,23,12,9.015074759595452,8.955627956890963,0.05944680270448899,0.05944680270448899
2023-05-23 18:00:00,2023,5,23,18,5.684416678747778,5.725860341198225,-0.041443662450447505,0.041443662450447505
2023-05-24 00:00:00,2023,5,24,0,5.192686157151847,4.97723511358386,0.21545104356798728,0.21545104356798728
2023-05-24 06:00:00,2023,5,24,6,5.676484178991962,5.801529822278321,-0.12504564328635936,0.12504564328635936
2023-05-24 12:00:00,2023,5,24,12,8.907850410442787,8.873973989341039,0.03387642110174838,0.03387642110174838
2023-05-24 18:00:00,2023,5,24,18,5.412175845811195,5.331980392000051,0.08019545381114401,0.08019545381114401
2023-05-25 00:00:00,2023,5,25,0,5.579712888405544,5.256973681449286,0.3227392069562578,0.3227392069562578
2023-05-25 06:00:00,2023,5,25,6,5.63897865268826,5.539313658140995,0.09966499454726474,0.09966499454726474
2023-05-25 12:00:00,2023,5,25,12,8.972341393424376,8.797089365768283,0.17525202765609293,0.17525202765609293
2023-05-25 18:00:00,2023,5,25,18,5.81032102840817,5.785890007554556,0.024431020853613816,0.024431020853613816
2023-05-26 00:00:00,2023,5,26,0,4.943773670699415,4.9753696901577165,-0.03159601945830115,0.03159601945830115
2023-05-26 06:00:00,2023,5,26,6,5.2263819263457565,5.4872325429018165,-0.26085061655606,0.26085061655606
2023-05-26 12:00:00,2023,5,26,12,8.72781730276844,9.012579801561781,-0.2847624987933415,0.2847624987933415
2023-05-26 18:00:00,2023,5,26,18,5.668403750152277,5.5812236632396,0.08718008691267709,0.08718008691267709
2023-05-27 00:00:00,2023,5,27,0,4.959778319436478,4.897065790229453,0.06271252920702519,0.06271252920702519
2023-05-27 06:00:00,2023,5,27,6,5.671282197788544,5.618706649384622,0.05257554840392231,0.05257554840392231
2023-05-27 12:00:00,2023,5,27,12,9.118015311657238,9.00892466440953,0.109090647247708,0.109090647247708
2023-05-27 18:00:00,2023,5,27,18,5.621536244187658,5.534883387817587,0.0866528563700717,0.0866528563700717
2023-05-28 00:00:00,2023,5,28,0,5.139311860741231,4.998238192384891,0.1410736683563405,0.1410736683563405
2023-05-28 06:00:00,2023,5,28,6,5.802097703524186,5.661382738449772,0.14071496507441417,0.14071496507441417
2023-05-28 12:00:00,2023,5,28,12,8.978668158535623,9.075224079092962,-0.09655592055733919,0.09655592055733919
2023-05-28 18:00:00,2023,5,28,18,5.1449069685657225,5.404392134219899,-0.25948516565417634,0.25948516565417634
2023-05-29 00:00:00,2023,5,29,0,5.251093899077542,5.093623337047117,0.15747056203042487,0.15747056203042487
2023-05-29 06:00:00,2023,5,29,6,5.99120181992858,6.11339990132801,-0.12219808139942945,0.12219808139942945
2023-05-29 12:00:00,2023,5,29,12,9.34159174574872,9.456368173988738,-0.11477642824001677,0.11477642824001677
2023-05-29 18:00:00,2023,5,29,18,5.621741980485599,5.59342528835439,0.028316692131208576,0.028316692131208576
2023-05-30 00:00:00,2023,5,30,0,5.43108933180323,5.135311791812472,0.29577753999075806,0.29577753999075806
2023-05-30 06:00:00,2023,5,30,6,6.05146648089622,5.916161299670072,0.13530518122614854,0.13530518122614854
2023-05-30 12:00:00,2023,5,30,12,8.95065567024316,8.976693410162309,-0.026037739919148706,0.026037739919148706
2023-05-30 18:00:00,2023,5,30,18,6.128897181374467,5.818027406246266,0.310869775128201,0.310869775128201
2023-05-31 00:00:00,2023,5,31,0,4.589638609848938,4.69034985677233,-0.1007112469233915,0.1007112469233915
2023-05-31 06:00:00,2023,5,31,6,5.631800428415709,5.570894132338203,0.06090629607750664,0.06090629607750664
2023-05-31 12:00:00,2023,5,31,12,9.527725701971706,9.810519727761807,-0.2827940257901016,0.2827940257901016
2023-05-31 18:00:00,2023,5,31,18,5.354556583782774,5.510128994172369,-0.15557241038959546,0.15557241038959546
2023-06-01 00:00:00,2023,6,1,0,5.087011087454577,5.010214596153887,0.07679649130069066,0.07679649130069066
2023-06-01 06:00:00,2023,6,1,6,5.91303967756366,5.758816466337179,0.15422321122648075,0.15422321122648075
2023-06-01 12:00:00,2023,6,1,12,8.631163277563486,8.515241388311413,0.11592188925207303,0.11592188925207303
2023-06-01 18:00:00,2023,6,1,18,5.777824054846328,5.849434088332544,-0.0716100334862162,0.0716100334862162
2023-06-02 00:00:00,2023,6,2,0,5.348809181624902,5.40416455866544,-0.055355377040537945,0.055355377040537945
2023-06-02 06:00:00,2023,6,2,6,5.894096920212317,5.997139614325858,-0.10304269411354117,0.10304269411354117
2023-06-02 12:00:00,2023,6,2,12,8.895375053820198,9.22817105497099,-0.33279600115079155,0.33279600115079155
2023-06-02 18:00:00,2023,6,2,18,6.1619024866924805,5.870648831329248,0.29125365536323233,0.29125365536323233
2023-06-03 00:00:00,2023,6,3,0,5.072338873074624,5.196224609022725,-0.12388573594810026,0.12388573594810026
2023-06-03 06:00:00,2023,6,3,6,5.813532451156616,5.67342381957253,0.14010863158408604,0.14010863158408604
2023-06-03 12:00:00,2023,6,3,12,8.903744579229166,9.029125061638506,-0.12538048240934074,0.12538048240934074
2023-06-03 18:00:00,2023,6,3,18,5.961414909051364,6.106252028657435,-0.1448371196060707,0.1448371196060707
2023-06-04 00:00:00,2023,6,4,0,5.140480884356473,5.131090474637615,0.00939040971885774,0.00939040971885774
2023-06-04 06:00:00,2023,6,4,6,5.57832033198119,5.692298260794007,-0.1139779288128171,0.1139779288128171
2023-06-04 12:00:00,2023,6,4,12,9.042548347091252,8.774719723528415,0.26782862356283665,0.26782862356283665
2023-06-04 18:00:00,2023,6,4,18,5.709829034206756,5.797122840218686,-0.08729380601192993,0.08729380601192993
2023-06-05 00:00:00,2023,6,5,0,5.624770304916517,5.192047259667946,0.4327230452485704,0.4327230452485704
2023-06-05 06:00:00,2023,6,5,6,5.872263099678196,5.861715739132361,0.010547360545834827,0.010547360545834827
2023-06-05 12:00:00,2023,6,5,12,9.398725320359604,9.48014803795051,-0.08142271759090569,0.08142271759090569
2023-06-05 18:00:00,2023,6,5,18,5.886335695865574,5.719101980559799,0.16723371530577502,0.16723371530577502
2023-06-06 00:00:00,2023,6,6,0,5.79501838967622,5.685945450517956,0.10907293915826433,0.10907293915826433
2023-06-06 06:00:00,2023,6,6,6,5.6875765170334525,5.973275511945692,-0.2856989949122397,0.2856989949122397
2023-06-06 12:00:00,2023,6,6,12,9.205841337505383,9.27590183348397,-0.07006049597858599,0.07006049597858599
2023-06-06 18:00:00,2023,6,6,18,6.158038230617715,6.027031458341107,0.1310067722766073,0.1310067722766073
2023-06-07 00:00:00,2023,6,7,0,4.951335653183401,5.110151492541776,-0.1588158393583754,0.1588158393583754
2023-06-07 06:00:00,2023,6,7,6,6.3283085305672735,6.033446614603967,0.29486191596330613,0.29486191596330613
2023-06-07 12:00:00,2023,6,7,12,9.31616397859769,9.18751044238202,0.1286535362156691,0.1286535362156691
2023-06-07 18:00:00,2023,6,7,18,6.027878060748908,6.03341719260764,-0.005539131858731672,0.005539131858731672
2023-06-08 00:00:00,2023,6,8,0,5.519102868500254,5.311878037446428,0.20722483105382583,0.20722483105382583
2023-06-08 06:00:00,2023,6,8,6,5.2178390853092695,5.609647579228134,-0.3918084939188642,0.3918084939188642
2023-06-08 12:00:00,2023,6,8,12,9.343742789153412,9.456015510256574,-0.112272721103162,0.112272721103162
2023-06-08 18:00:00,2023,6,8,18,5.811074041027105,5.68807827500789,0.12299576601921469,0.12299576601921469
2023-06-09 00:00:00,2023,6,9,0,5.248134628519641,5.110713518017486,0.13742111050215478,0.13742111050215478
2023-06-09 06:00:00,2023,6,9,6,5.764876741641852,6.044036276855332,-0.2791595352134797,0.2791595352134797
2023-06-09 12:00:00,2023,6,9,12,9.300424606300432,9.302927064252735,-0.0025024579523034163,0.0025024579523034163
2023-06-09 18:00:00,2023,6,9,18,5.436661181664969,5.479529094547191,-0.04286791288222158,0.04286791288222158
2023-06-10 00:00:00,2023,6,10,0,5.10944634447308,5.133510521554164,-0.024064177081083216,0.024064177081083216
2023-06-10 06:00:00,2023,6,10,6,5.769377480171048,5.851398455585898,-0.0820209754148502,0.0820209754148502
2023-06-10 12:00:00,2023,6,10,12,9.499027898188864,9.420228169060522,0.07879972912834177,0.07879972912834177
2023-06-10 18:00:00,2023,6,10,18,6.084920213188121,6.049266341417339,0.03565387177078172,0.03565387177078172
2023-06-11 00:00:00,2023,6,11,0,4.444599317723144,4.731323820493746,-0.2867245027706016,0.2867245027706016
2023-06-11 06:00:00,2023,6,11,6,5.432323772430597,5.605308621119872,-0.17298484868927488,0.17298484868927488
2023-06-11 12:00:00,2023,6,11,12,9.288250960606998,9.423580727655219,-0.13532976704822097,0.13532976704822097
2023-06-11 18:00:00,2023,6,11,18,5.68533400182194,5.557613832968002,0.127720168853938,0.127720168853938
2023-06-12 00:00:00,2023,6,12,0,5.051070500838841,5.171000877179186,-0.11993037634034565,0.11993037634034565
2023-06-12 06:00:00,2023,6,12,6,5.58407922769728,5.527899523221639,0.05617970447564069,0.05617970447564069
2023-06-12 12:00:00,2023,6,12,12,9.428449481976369,9.134801773063076,0.2936477089132925,0.2936477089132925
2023-06-12 18:00:00,2023,6,12,18,5.387348727385763,5.657234874234051,-0.2698861468482878,0.2698861468482878
2023-06-13 00:00:00,2023,6,13,0,5.287476497430573,5.329788569465973,-0.04231207203539977,0.04231207203539977
2023-06-13 06:00:00,2023,6,13,6,5.502166650930448,5.559422296636244,-0.057255645705796,0.057255645705796
2023-06-13 12:00:00,2023,6,13,12,8.999822013642286,9.04432537870399,-0.04450336506170416,0.04450336506170416
2023-06-13 18:00:00,2023,6,13,18,5.968780528400004,5.730799785153176,0.23798074324682883,0.23798074324682883
2023-06-14 00:00:00,2023,6,14,0,5.136493150292463,5.036875731949073,0.09961741834338955,0.09961741834338955
2023-06-14 06:00:00,2023,6,14,6,5.335596668233242,5.474052210283943,-0.13845554205070076,0.13845554205070076
2023-06-14 12:00:00,2023,6,14,12,8.975306869516912,9.019379400921563,-0.04407253140465173,0.04407253140465173
2023-06-14 18:00:00,2023,6,14,18,5.322405778024124,5.422664055614334,-0.10025827759020967,0.10025827759020967
2023-06-15 00:00:00,2023,6,15,0,5.576261926238273,5.259736721645747,0.3165252045925264,0.3165252045925264
2023-06-15 06:00:00,2023,6,15,6,5.503440106212688,5.765041483774469,-0.2616013775617807,0.2616013775617807
2023-06-15 12:00:00,2023,6,15,12,9.00413699530916,9.065172935703439,-0.0610359403942784,0.0610359403942784
2023-06-15 18:00:00,2023,6,15,18,5.687256780328418,5.9432870905960815,-0.2560303102676631,0.2560303102676631
2023-06-16 00:00:00,2023,6,16,0,5.719714925805304,5.724576329723305,-0.0048614039180012725,0.0048614039180012725
2023-06-16 06:00:00,2023,6,16,6,5.888144285632723,5.541368417684393,0.34677586794833015,0.34677586794833015
2023-06-16 12:00:00,2023,6,16,12,9.086750298197288,9.021104734586883,0.06564556361040452,0.06564556361040452
2023-06-16 18:00:00,2023,6,16,18,5.696844326386939,5.55542136436189,0.14142296202504934,0.14142296202504934
2023-06-17 00:00:00,2023,6,17,0,4.993580719287758,5.043588793520001,-0.05000807423224263,0.05000807423224263
2023-06-17 06:00:00,2023,6,17,6,5.195093721883005,5.4876397227556835,-0.29254600087267857,0.29254600087267857
2023-06-17 12:00:00,2023,6,17,12,8.963203130844411,9.064032673461918,-0.10082954261750743,0.10082954261750743
2023-06-17 18:00:00,2023,6,17,18,5.793016002821456,5.7609233075903035,0.03209269523115221,0.03209269523115221
2023-06-18 00:00:00,2023,6,18,0,4.87941143278797,5.210729444579817,-0.33131801179184706,0.33131801179184706
2023-06-18 06:00:00,2023,6,18,6,6.215468405385021,6.167447556748304,0.04802084863671752,0.04802084863671752
2023-06-18 12:00:00,2023,6,18,12,8.897213781872003,8.87827739554308,0.018936386328922694,0.018936386328922694
2023-06-18 18:00:00,2023,6,18,18,5.580540533726285,5.6577447227555,-0.07720418902921544,0.07720418902921544
2023-06-19 00:00:00,2023,6,19,0,5.150325837630928,5.219312431265446,-0.0689865936345182,0.0689865936345182
2023-06-19 06:00:00,2023,6,19,6,5.802305820914759,5.864292135638908,-0.06198631472414906,0.06198631472414906
2023-06-19 12:00:00,2023,6,19,12,9.505377452236,9.390792215333244,0.1145852369027569,0.1145852369027569
2023-06-19 18:00:00,2023,6,19,18,5.558696257901711,5.62144024275574,-0.06274398485402877,0.06274398485402877
2023-06-20 00:00:00,2023,6,20,0,4.964732119841563,5.156945643345442,-0.1922135235038791,0.1922135235038791
2023-06-20 06:00:00,2023,6,20,6,5.724520606297409,5.621300358475079,0.10322024782233008,0.10322024782233008
2023-06-20 12:00:00,2023,6,20,12,8.83565798087661,8.920445872046162,-0.08478789116955276,0.08478789116955276
2023-06-20 18:00:00,2023,6,20,18,5.79026632536053,5.809680241126958,-0.01941391576642726,0.01941391576642726
2023-06-21 00:00:00,2023,6,21,0,5.648592638161142,5.489515354119483,0.15907728404165944,0.15907728404165944
2023-06-21 06:00:00,2023,6,21,6,5.853738884284001,5.731653870184882,0.12208501409911854,0.12208501409911854
2023-06-21 12:00:00,2023,6,21,12,8.83362221511123,8.987730503016735,-0.15410828790550468,0.15410828790550468
2023-06-21 18:00:00,2023,6,21,18,5.273396250313338,5.40017521553133,-0.1267789652179916,0.1267789652179916
2023-06-22 00:00:00,2023,6,22,0,5.525468598103459,5.405287965439982,0.12018063266347756,0.12018063266347756
2023-06-22 06:00:00,2023,6,22,6,5.404346479970879,5.677993556195009,-0.27364707622412965,0.27364707622412965
2023-06-22 12:00:00,2023,6,22,12,8.941295150916245,9.008259826218705,-0.06696467530245975,0.06696467530245975
2023-06-22 18:00:00,2023,6,22,18,5.235317081869471,5.440865915601517,-0.20554883373204547,0.20554883373204547
2023-06-23 00:00:00,2023,6,23,0,5.606782690496494,5.364759955903374,0.24202273459312007,0.24202273459312007
2023-06-23 06:00:00,2023,6,23,6,5.126404155697178,5.331767808727616,-0.2053636530304379,0.2053636530304379
2023-06-23 12:00:00,2023,6,23,12,9.029125896774111,8.935861102158093,0.09326479461601878,0.09326479461601878
2023-06-23 18:00:00,2023,6,23,18,5.598271300913631,5.491370372478388,0.1069009284352429,0.1069009284352429
2023-06-24 00:00:00,2023,6,24,0,5.341083761725294,5.1985212075392635,0.14256255418603025,0.14256255418603025
2023-06-24 06:00:00,2023,6,24,6,5.736615107395612,5.707953553529483,0.028661553866128564,0.028661553866128564
2023-06-24 12:00:00,2023,6,24,12,9.49075326401462,9.37516917186363,0.11558409215098919,0.11558409215098919
2023-06-24 18:00:00,2023,6,24,18,6.03952136867199,5.930291881804912,0.10922948686707823,0.10922948686707823
2023-06-25 00:00:00,2023,6,25,0,5.117284572042996,5.0831865285895335,0.034098043453462346,0.034098043453462346
2023-06-25 06:00:00,2023,6,25,6,5.758684991651487,5.489673177096779,0.269011814554708,0.269011814554708
2023-06-25 12:00:00,2023,6,25,12,8.73710013322814,8.854669104041317,-0.11756897081317774,0.11756897081317774
2023-06-25 18:00:00,2023,6,25,18,5.714225388346881,5.820182291837536,-0.10595690349065556,0.10595690349065556
2023-06-26 00:00:00,2023,6,26,0,5.19081295818955,5.080107415188734,0.11070554300081614,0.11070554300081614
2023-06-26 06:00:00,2023,6,26,6,5.244548470872642,5.548529750299084,-0.3039812794264414,0.3039812794264414
2023-06-26 12:00:00,2023,6,26,12,9.215735831915296,9.564205891820869,-0.3484700599055728,0.3484700599055728
2023-06-26 18:00:00,2023,6,26,18,5.392566521394248,5.2995425924614565,0.09302392893279166,0.09302392893279166
2023-06-27 00:00:00,2023,6,27,0,5.1029441818584775,5.074289910837107,0.028654271021370192,0.028654271021370192
2023-06-27 06:00:00,2023,6,27,6,5.620390899060926,5.356968617474066,0.2634222815868599,0.2634222815868599
2023-06-27 12:00:00,2023,6,27,12,9.220081716879733,9.241716529224117,-0.021634812344384358,0.021634812344384358
2023-06-27 18:00:00,2023,6,27,18,5.269525289148469,5.505809028622699,-0.23628373947422965,0.23628373947422965
2023-06-28 00:00:00,2023,6,28,0,5.024528073415308,5.324803368859984,-0.3002752954446759,0.3002752954446759
2023-06-28 06:00:00,2023,6,28,6,5.587611772599294,5.4771845183644405,0.11042725423485322,0.11042725423485322
2023-06-28 12:00:00,2023,6,28,12,9.355045499463868,9.060392669885498,0.2946528295783697,0.2946528295783697
2023-06-28 18:00:00,2023,6,28,18,5.763826787775657,5.8755201751393935,-0.11169338736373646,0.11169338736373646
2023-06-29 00:00:00,2023,6,29,0,4.639302377326061,4.741760533435559,-0.10245815610949816,0.10245815610949816
2023-06-29 06:00:00,2023,6,29,6,5.24502996351689,5.201179891146067,0.04385007237082306,0.04385007237082306
2023-06-29 12:00:00,2023,6,29,12,8.806392794364763,8.873372339859321,-0.06697954549455787,0.06697954549455787
2023-06-29 18:00:00,2023,6,29,18,5.744091710943106,5.833348674335665,-0.0892569633925584,0.0892569633925584
2023-06-30 00:00:00,2023,6,30,0,5.294995632597207,5.435511888529135,-0.14051625593192796,0.14051625593192796
2023-06-30 06:00:00,2023,6,30,6,5.769929156327293,5.709753658520698,0.060175497806595146,0.060175497806595146
2023-06-30 12:00:00,2023,6,30,12,9.473694618090498,9.157306472157389,0.31638814593310904,0.31638814593310904
2023-06-30 18:00:00,2023,6,30,18,5.357283222750206,5.563894557158924,-0.20661133440871815,0.20661133440871815
2023-07-01 00:00:00,2023,7,1,0,5.215769216041013,5.247281455727639,-0.03151223968662542,0.03151223968662542
2023-07-01 06:00:00,2023,7,1,6,6.124924902178272,5.9267759599744645,0.1981489422038072,0.1981489422038072
2023-07-01 12:00:00,2023,7,1,12,9.279528334425631,9.277066392609607,0.0024619418160245488,0.0024619418160245488
2023-07-01 18:00:00,2023,7,1,18,5.406514875260676,5.734449520020714,-0.3279346447600382,0.3279346447600382
2023-07-02 00:00:00,2023,7,2,0,4.979080817298476,4.9458854993119745,0.033195317986501216,0.033195317986501216
2023-07-02 06:00:00,2023,7,2,6,5.906804837889736,5.629090513984232,0.27771432390550466,0.27771432390550466
2023-07-02 12:00:00,2023,7,2,12,9.23621418398446,8.934719984526874,0.3014941994575864,0.3014941994575864
2023-07-02 18:00:00,2023,7,2,18,5.489236392260052,5.643155097326094,-0.153918705066042,0.153918705066042
2023-07-03 00:00:00,2023,7,3,0,5.086408931235817,5.195189609947595,-0.10878067871177777,0.10878067871177777
2023-07-03 06:00:00,2023,7,3,6,5.82651621359716,5.893805256440255,-0.067289042843095,0.067289042843095
2023-07-03 12:00:00,2023,7,3,12,8.930027763791797,8.93630751785511,-0.006279754063312382,0.006279754063312382
2023-07-03 18:00:00,2023,7,3,18,5.749972542116114,5.5085042807887366,0.24146826132737775,0.24146826132737775
2023-07-04 00:00:00,2023,7,4,0,5.203190465357125,5.020618725931166,0.18257173942595895,0.18257173942595895
2023-07-04 06:00:00,2023,7,4,6,5.896440155313329,5.796067285770893,0.1003728695424364,0.1003728695424364
2023-07-04 12:00:00,2023,7,4,12,9.144557585420731,9.132614202882026,0.011943382538705194,0.011943382538705194
2023-07-04 18:00:00,2023,7,4,18,5.675698398972887,5.4544180049243485,0.22128039404853883,0.22128039404853883
2023-07-05 00:00:00,2023,7,5,0,4.824974222621074,4.84477941308807,-0.01980519046699669,0.01980519046699669
2023-07-05 06:00:00,2023,7,5,6,5.488576526233013,5.469406072958032,0.019170453274981014,0.019170453274981014
2023-07-05 12:00:00,2023,7,5,12,8.847621099354596,8.960600311829023,-0.11297921247442666,0.11297921247442666
2023-07-05 18:00:00,2023,7,5,18,5.53584531131175,5.531538580769136,0.004306730542613657,0.004306730542613657
2023-07-06 00:00:00,2023,7,6,0,4.52637649703938,4.60624391188515,-0.07986741484576942,0.07986741484576942
2023-07-06 06:00:00,2023,7,6,6,5.217428957526765,5.239162736907707,-0.021733779380941343,0.021733779380941343
2023-07-06 12:00:00,2023,7,6,12,8.713218966684922,8.940439639046577,-0.22722067236165522,0.22722067236165522
2023-07-06 18:00:00,2023,7,6,18,5.270300855978902,5.361912599772392,-0.09161174379349024,0.09161174379349024
2023-07-07 00:00:00,2023,7,7,0,5.143287548983229,4.8984916540890815,0.2447958948941471,0.2447958948941471
2023-07-07 06:00:00,2023,7,7,6,5.361072508628146,5.3374785732823415,0.02359393534580434,0.02359393534580434
2023-07-07 12:00:00,2023,7,7,12,9.085622707708213,9.035458864108005,0.05016384360020787,0.05016384360020787
2023-07-07 18:00:00,2023,7,7,18,5.465884975756494,5.518318392990359,-0.052433417233864965,0.052433417233864965
2023-07-08 00:00:00,2023,7,8,0,4.365310078920599,4.585652633712843,-0.22034255479224374,0.22034255479224374
2023-07-08 06:00:00,2023,7,8,6,5.467049529493698,5.621264075185994,-0.1542145456922963,0.1542145456922963
2023-07-08 12:00:00,2023,7,8,12,8.81902730952502,8.62699807492229,0.19202923460272991,0.19202923460272991
2023-07-08 18:00:00,2023,7,8,18,5.634442416349378,5.473590277982525,0.1608521383668533,0.1608521383668533
2023-07-09 00:00:00,2023,7,9,0,4.904680652354497,5.093148779612297,-0.18846812725780016,0.18846812725780016
2023-07-09 06:00:00,2023,7,9,6,5.585088168874712,5.648292263460419,-0.06320409458570708,0.06320409458570708
2023-07-09 12:00:00,2023,7,9,12,8.85975248493972,8.95567592869204,-0.09592344375231932,0.09592344375231932
2023-07-09 18:00:00,2023,7,9,18,5.270588358960712,5.248229840049414,0.022358518911297587,0.022358518911297587
2023-07-10 00:00:00,2023,7,10,0,5.268645970082891,5.0303946395366115,0.23825133054627923,0.23825133054627923
2023-07-10 06:00:00,2023,7,10,6,5.360842348293707,5.356044530844104,0.004797817449603059,0.004797817449603059
2023-07-10 12:00:00,2023,7,10,12,8.907755851190341,8.812041969170227,0.09571388202011377,0.09571388202011377
2023-07-10 18:00:00,2023,7,10,18,5.195421012600542,5.445789601866522,-0.2503685892659808,0.2503685892659808
2023-07-11 00:00:00,2023,7,11,0,4.857856778751764,4.846471987602376,0.011384791149388285,0.011384791149388285
2023-07-11 06:00:00,2023,7,11,6,5.1370097143559015,5.179378487429488,-0.04236877307358622,0.04236877307358622
2023-07-11 12:00:00,2023,7,11,12,8.404498841757086,8.536099267793203,-0.1316004260361172,0.1316004260361172
2023-07-11 18:00:00,2023,7,11,18,5.575729300953257,5.2640779762604915,0.31165132469276546,0.31165132469276546
2023-07-12 00:00:00,2023,7,12,0,4.743444122701936,4.851030257244456,-0.10758613454251975,0.10758613454251975
2023-07-12 06:00:00,2023,7,12,6,5.654276825203591,5.553136618182056,0.10114020702153503,0.10114020702153503
2023-07-12 12:00:00,2023,7,12,12,9.123468150424042,9.120124075245542,0.0033440751785001055,0.0033440751785001055
2023-07-12 18:00:00,2023,7,12,18,5.778186589954325,5.682307561384886,0.0958790285694393,0.0958790285694393
2023-07-13 00:00:00,2023,7,13,0,4.757572631684521,4.604437833573258,0.15313479811126296,0.15313479811126296
2023-07-13 06:00:00,2023,7,13,6,5.112298380119914,5.165026792698527,-0.05272841257861316,0.05272841257861316
2023-07-13 12:00:00,2023,7,13,12,8.677396254435388,8.792034629577497,-0.11463837514210873,0.11463837514210873
2023-07-13 18:00:00,2023,7,13,18,5.516638100072061,5.478133254790347,0.038504845281714495,0.038504845281714495
2023-07-14 00:00:00,2023,7,14,0,5.081650878985933,4.585659173023187,0.4959917059627461,0.4959917059627461
2023-07-14 06:00:00,2023,7,14,6,5.981227330772586,6.073443788549588,-0.0922164577770026,0.0922164577770026
2023-07-14 12:00:00,2023,7,14,12,9.390811067175267,9.076760016491198,0.31405105068406947,0.31405105068406947
2023-07-14 18:00:00,2023,7,14,18,5.586842669512812,5.628589165955655,-0.04174649644284312,0.04174649644284312
2023-07-15 00:00:00,2023,7,15,0,4.746819196325123,4.745997234060545,0.000821962264577536,0.000821962264577536
2023-07-15 06:00:00,2023,7,15,6,5.392601257006864,5.329900805522035,0.06270045148482861,0.06270045148482861
2023-07-15 12:00:00,2023,7,15,12,8.39847438386289,8.577307846617712,-0.17883346275482204,0.17883346275482204
2023-07-15 18:00:00,2023,7,15,18,5.525253439548344,5.516046616702406,0.009206822845937879,0.009206822845937879
2023-07-16 00:00:00,2023,7,16,0,5.064739480773317,5.0014194464586526,0.06332003431466404,0.06332003431466404
2023-07-16 06:00:00,2023,7,16,6,5.244635479871647,5.366517880855149,-0.12188240098350178,0.12188240098350178
2023-07-16 12:00:00,2023,7,16,12,8.452615754808193,8.722084566436356,-0.2694688116281636,0.2694688116281636
2023-07-16 18:00:00,2023,7,16,18,5.0198378536420725,5.113059497856066,-0.09322164421399393,0.09322164421399393
2023-07-17 00:00:00,2023,7,17,0,4.539001009844886,4.359470058248059,0.17953095159682686,0.17953095159682686
2023-07-17 06:00:00,2023,7,17,6,5.24875065918677,4.988585769024571,0.26016489016219957,0.26016489016219957
2023-07-17 12:00:00,2023,7,17,12,8.751965420917024,8.665617091058614,0.08634832985841001,0.08634832985841001
2023-07-17 18:00:00,2023,7,17,18,5.58191880356914,5.442748825568118,0.13916997800102227,0.13916997800102227
2023-07-18 00:00:00,2023,7,18,0,4.370684577249715,4.2879030350696645,0.08278154218005085,0.08278154218005085
2023-07-18 06:00:00,2023,7,18,6,5.534541791594157,5.758194050873933,-0.22365225927977583,0.22365225927977583
2023-07-18 12:00:00,2023,7,18,12,8.586838149289704,8.632127614019048,-0.045289464729343365,0.045289464729343365
2023-07-18 18:00:00,2023,7,18,18,6.02647137301178,5.896081341867188,0.13039003114459202,0.13039003114459202
2023-07-19 00:00:00,2023,7,19,0,4.636953392048106,4.687551085026819,-0.050597692978713305,0.050597692978713305
2023-07-19 06:00:00,2023,7,19,6,5.235588271280404,5.2982043119711735,-0.0626160406907692,0.0626160406907692
2023-07-19 12:00:00,2023,7,19,12,8.892451559363053,8.63452056431178,0.25793099505127337,0.25793099505127337
2023-07-19 18:00:00,2023,7,19,18,5.04621920062337,5.197904589938342,-0.15168538931497189,0.15168538931497189
2023-07-20 00:00:00,2023,7,20,0,4.59443916664471,4.657967715419982,-0.06352854877527214,0.06352854877527214
2023-07-20 06:00:00,2023,7,20,6,4.814974740122196,4.909548590937341,-0.09457385081514502,0.09457385081514502
2023-07-20 12:00:00,2023,7,20,12,8.806329629871865,8.672978123957526,0.13335150591433909,0.13335150591433909
2023-07-20 18:00:00,2023,7,20,18,5.269200457182019,5.384812830343645,-0.11561237316162565,0.11561237316162565
2023-07-21 00:00:00,2023,7,21,0,4.490310164890919,4.559045637736569,-0.06873547284564996,0.06873547284564996
2023-07-21 06:00:00,2023,7,21,6,4.990633350930441,5.1066714221523455,-0.11603807122190446,0.11603807122190446
2023-07-21 12:00:00,2023,7,21,12,8.401410779532274,8.591787347170559,-0.19037656763828537,0.19037656763828537
2023-07-21 18:00:00,2023,7,21,18,5.167693373887179,5.165348439084048,0.002344934803130805,0.002344934803130805
2023-07-22 00:00:00,2023,7,22,0,4.424076411497697,4.675627766964951,-0.25155135546725393,0.25155135546725393
2023-07-22 06:00:00,2023,7,22,6,5.502473856530667,5.363149236955926,0.13932461957474107,0.13932461957474107
2023-07-22 12:00:00,2023,7,22,12,8.435806387296696,8.505537981872132,-0.06973159457543687,0.06973159457543687
2023-07-22 18:00:00,2023,7,22,18,5.192012462795443,5.150942501764816,0.04106996103062688,0.04106996103062688
2023-07-23 00:00:00,2023,7,23,0,4.553590929212447,4.447858554723577,0.10573237448886985,0.10573237448886985
2023-07-23 06:00:00,2023,7,23,6,5.495227759222008,5.593174156245,-0.09794639702299257,0.09794639702299257
2023-07-23 12:00:00,2023,7,23,12,9.028873805881846,8.851734125816925,0.1771396800649203,0.1771396800649203
2023-07-23 18:00:00,2023,7,23,18,5.38348073757526,5.409360264397506,-0.025879526822246035,0.025879526822246035
2023-07-24 00:00:00,2023,7,24,0,4.713799465853913,4.845162954337854,-0.13136348848394164,0.13136348848394164
2023-07-24 06:00:00,2023,7,24,6,5.688063756369151,5.46638882857735,0.22167492779180087,0.22167492779180087
2023-07-24 12:00:00,2023,7,24,12,8.096445579717711,8.33146434068632,-0.23501876096860919,0.23501876096860919
2023-07-24 18:00:00,2023,7,24,18,4.959587433581605,5.175108392343995,-0.21552095876239008,0.21552095876239008
2023-07-25 00:00:00,2023,7,25,0,4.438709040983662,4.636295600633057,-0.19758655964939464,0.19758655964939464
2023-07-25 06:00:00,2023,7,25,6,5.2851861419577855,5.372556121237567,-0.08736997927978152,0.08736997927978152
2023-07-25 12:00:00,2023,7,25,12,8.66769143111066,8.580620381245748,0.0870710498649121,0.0870710498649121
2023-07-25 18:00:00,2023,7,25,18,4.809375789597076,4.821957254900714,-0.01258146530363824,0.01258146530363824
2023-07-26 00:00:00,2023,7,26,0,4.40337587735624,4.457877701067841,-0.05450182371160128,0.05450182371160128
2023-07-26 06:00:00,2023,7,26,6,5.637478279965037,5.498198291118571,0.1392799888464653,0.1392799888464653
2023-07-26 12:00:00,2023,7,26,12,8.775414916511886,8.81633103662232,-0.040916120110432885,0.040916120110432885
2023-07-26 18:00:00,2023,7,26,18,4.994203153578311,5.136455293041489,-0.14225213946317794,0.14225213946317794
2023-07-27 00:00:00,2023,7,27,0,4.0295647837999455,4.2322563324404925,-0.20269154864054695,0.20269154864054695
2023-07-27 06:00:00,2023,7,27,6,5.296025758450068,5.172079214107364,0.12394654434270436,0.12394654434270436
2023-07-27 12:00:00,2023,7,27,12,8.164704169485628,8.103792063943974,0.060912105541653716,0.060912105541653716
2023-07-27 18:00:00,2023,7,27,18,5.34854125038852,5.237850165651875,0.11069108473664446,0.11069108473664446
2023-07-28 00:00:00,2023,7,28,0,4.492494188292357,4.491455764616764,0.0010384236755927034,0.0010384236755927034
2023-07-28 06:00:00,2023,7,28,6,5.243483493650556,5.313232030669043,-0.06974853701848627,0.06974853701848627
2023-07-28 12:00:00,2023,7,28,12,9.110171563117213,8.827033419555379,0.28313814356183364,0.28313814356183364
2023-07-28 18:00:00,2023,7,28,18,5.294478395457715,5.62252636925893,-0.32804797380121453,0.32804797380121453
2023-07-29 00:00:00,2023,7,29,0,4.591964486174032,4.612637621245151,-0.02067313507111912,0.02067313507111912
2023-07-29 06:00:00,2023,7,29,6,5.036316494304031,4.997685254199164,0.03863124010486718,0.03863124010486718
2023-07-29 12:00:00,2023,7,29,12,8.707848166868985,8.73981683468204,-0.03196866781305552,0.03196866781305552
2023-07-29 18:00:00,2023,7,29,18,5.201864693310777,5.126749877757352,0.07511481555342492,0.07511481555342492
2023-07-30 00:00:00,2023,7,30,0,4.1592817117362575,4.003574677645681,0.15570703409057618,0.15570703409057618
2023-07-30 06:00:00,2023,7,30,6,5.302894500088396,5.3499264535455255,-0.04703195345712974,0.04703195345712974
2023-07-30 12:00:00,2023,7,30,12,8.441345910385767,8.28382191901799,0.15752399136777662,0.15752399136777662
2023-07-30 18:00:00,2023,7,30,18,4.785500524123662,4.971851427529767,-0.1863509034061055,0.1863509034061055
2023-07-31 00:00:00,2023,7,31,0,4.905246020273799,4.833721268056625,0.07152475221717403,0.07152475221717403
2023-07-31 06:00:00,2023,7,31,6,4.869521445308271,4.75765466938274,0.11186677592553096,0.11186677592553096
2023-07-31 12:00:00,2023,7,31,12,8.044965514241236,7.72562184471512,0.31934366952611537,0.31934366952611537
2023-07-31 18:00:00,2023,7,31,18,4.826844813402742,4.74976898916417,0.07707582423857229,0.07707582423857229
2023-08-01 00:00:00,2023,8,1,0,4.634320477968592,4.828198785556423,-0.19387830758783142,0.19387830758783142
2023-08-01 06:00:00,2023,8,1,6,4.895865787025667,4.9821165364376165,-0.0862507494119491,0.0862507494119491
2023-08-01 12:00:00,2023,8,1,12,8.5751479390841,8.633787634195311,-0.0586396951112107,0.0586396951112107
2023-08-01 18:00:00,2023,8,1,18,5.556108783344194,5.447800577454445,0.10830820588974888,0.10830820588974888
2023-08-02 00:00:00,2023,8,2,0,4.635792186882636,4.855194089911991,-0.2194019030293548,0.2194019030293548
2023-08-02 06:00:00,2023,8,2,6,5.305865448439703,5.074973549480278,0.23089189895942486,0.23089189895942486
2023-08-02 12:00:00,2023,8,2,12,8.3473933441069,8.149567889894934,0.19782545421196573,0.19782545421196573
2023-08-02 18:00:00,2023,8,2,18,5.313548307364516,5.36625642860289,-0.052708121238373984,0.052708121238373984
2023-08-03 00:00:00,2023,8,3,0,4.549659902995208,4.5263184600294455,0.023341442965762127,0.023341442965762127
2023-08-03 06:00:00,2023,8,3,6,5.168754039325706,4.938727620431749,0.23002641889395736,0.23002641889395736
2023-08-03 12:00:00,2023,8,3,12,7.854956967510168,7.9295305250410175,-0.07457355753084993,0.07457355753084993
2023-08-03 18:00:00,2023,8,3,18,5.351800429270832,5.268863886104461,0.08293654316637067,0.08293654316637067
2023-08-04 00:00:00,2023,8,4,0,4.336795931645243,4.281528037836057,0.0552678938091864,0.0552678938091864
2023-08-04 06:00:00,2023,8,4,6,5.003582228932303,5.157204357125996,-0.15362212819369248,0.15362212819369248
2023-08-04 12:00:00,2023,8,4,12,8.328651075169851,8.134308395495719,0.19434267967413277,0.19434267967413277
2023-08-04 18:00:00,2023,8,4,18,5.175129482300736,5.025060415916756,0.15006906638398032,0.15006906638398032
2023-08-05 00:00:00,2023,8,5,0,4.360893589990623,4.4020581833919135,-0.041164593401290084,0.041164593401290084
2023-08-05 06:00:00,2023,8,5,6,5.2544711541971205,5.125709885727285,0.1287612684698356,0.1287612684698356
2023-08-05 12:00:00,2023,8,5,12,7.683744208313033,7.782725375877287,-0.09898116756425335,0.09898116756425335
2023-08-05 18:00:00,2023,8,5,18,5.232922415151827,5.2017600477055055,0.031162367446321504,0.031162367446321504
2023-08-06 00:00:00,2023,8,6,0,4.663613134906401,4.739666974432091,-0.07605383952568978,0.07605383952568978
2023-08-06 06:00:00,2023,8,6,6,4.97368526137624,5.110274747666844,-0.13658948629060408,0.13658948629060408
2023-08-06 12:00:00,2023,8,6,12,7.934192516218068,8.204710716318852,-0.270518200100784,0.270518200100784
2023-08-06 18:00:00,2023,8,6,18,5.037054317952524,5.0950239966945725,-0.05796967874204828,0.05796967874204828
2023-08-07 00:00:00,2023,8,7,0,4.336387843728069,4.588441415891671,-0.2520535721636019,0.2520535721636019
2023-08-07 06:00:00,2023,8,7,6,5.084669445203343,5.025873596780424,0.058795848422919406,0.058795848422919406
2023-08-07 12:00:00,2023,8,7,12,7.7503269339047955,7.799361219544421,-0.04903428563962553,0.04903428563962553
2023-08-07 18:00:00,2023,8,7,18,5.008970880416942,4.8764088266462515,0.1325620537706902,0.1325620537706902
2023-08-08 00:00:00,2023,8,8,0,4.376695716277823,4.309090277680658,0.06760543859716428,0.06760543859716428
2023-08-08 06:00:00,2023,8,8,6,4.8552638618032855,4.9048561464800935,-0.049592284676807985,0.049592284676807985
2023-08-08 12:00:00,2023,8,8,12,8.55191712655703,8.337302190815613,0.214614935741416,0.214614935741416
2023-08-08 18:00:00,2023,8,8,18,4.673170835753018,4.907955602614852,-0.23478476686183392,0.23478476686183392
2023-08-09 00:00:00,2023,8,9,0,4.2749731986301,4.370871892606741,-0.09589869397664064,0.09589869397664064
2023-08-09 06:00:00,2023,8,9,6,4.524260970918149,4.868534206500973,-0.34427323558282374,0.34427323558282374
2023-08-09 12:00:00,2023,8,9,12,7.523855518416476,7.465106740634396,0.0587487777820801,0.0587487777820801
2023-08-09 18:00:00,2023,8,9,18,4.77327193714891,4.863235881436115,-0.08996394428720489,0.08996394428720489
2023-08-10 00:00:00,2023,8,10,0,4.089745890214915,4.232255075909165,-0.14250918569424975,0.14250918569424975
2023-08-10 06:00:00,2023,8,10,6,5.002650713837023,4.827310968467483,0.17533974536954045,0.17533974536954045
2023-08-10 12:00:00,2023,8,10,12,7.920228683810422,7.989145310267342,-0.06891662645691987,0.06891662645691987
2023-08-10 18:00:00,2023,8,10,18,5.045660807914567,4.724942886593535,0.32071792132103205,0.32071792132103205
2023-08-11 00:00:00,2023,8,11,0,3.690614444037163,3.7001443679911277,-0.00952992395396457,0.00952992395396457
2023-08-11 06:00:00,2023,8,11,6,4.878224819546578,4.727301347259383,0.15092347228719483,0.15092347228719483
2023-08-11 12:00:00,2023,8,11,12,8.013639931446848,7.630055349368721,0.38358458207812696,0.38358458207812696
2023-08-11 18:00:00,2023,8,11,18,5.0436237246058,5.156877808115684,-0.11325408350988386,0.11325408350988386
2023-08-12 00:00:00,2023,8,12,0,4.059439425921344,4.245528411368575,-0.18608898544723118,0.18608898544723118
2023-08-12 06:00:00,2023,8,12,6,4.4503900468878745,4.345923875346097,0.10446617154177762,0.10446617154177762
2023-08-12 12:00:00,2023,8,12,12,7.733571275882292,7.809028916283133,-0.07545764040084091,0.07545764040084091
2023-08-12 18:00:00,2023,8,12,18,5.46352622535987,5.107875993628254,0.3556502317316159,0.3556502317316159
2023-08-13 00:00:00,2023,8,13,0,4.447753746621494,4.412424863072313,0.03532888354918118,0.03532888354918118
2023-08-13 06:00:00,2023,8,13,6,5.001509337913542,4.823012184456599,0.17849715345694328,0.17849715345694328
2023-08-13 12:00:00,2023,8,13,12,7.768504180080765,7.6344235115893975,0.13408066849136713,0.13408066849136713
2023-08-13 18:00:00,2023,8,13,18,4.528401504829496,4.685976860805854,-0.1575753559763582,0.1575753559763582
2023-08-14 00:00:00,2023,8,14,0,4.470328627331105,4.183030110435558,0.28729851689554664,0.28729851689554664
2023-08-14 06:00:00,2023,8,14,6,4.242557769253319,4.515342776155589,-0.2727850069022697,0.2727850069022697
2023-08-14 12:00:00,2023,8,14,12,8.162369289499255,7.79522374572614,0.36714554377311437,0.36714554377311437
2023-08-14 18:00:00,2023,8,14,18,4.447482184320617,4.434106504588186,0.013375679732431145,0.013375679732431145
2023-08-15 00:00:00,2023,8,15,0,4.323516807920214,4.04297093562732,0.28054587229289396,0.28054587229289396
2023-08-15 06:00:00,2023,8,15,6,4.824472603030917,4.650026937089238,0.1744456659416791,0.1744456659416791
2023-08-15 12:00:00,2023,8,15,12,7.591621561191235,7.7230264840185585,-0.13140492282732374,0.13140492282732374
2023-08-15 18:00:00,2023,8,15,18,4.279533806931438,4.2877451269223865,-0.008211319990948596,0.008211319990948596
2023-08-16 00:00:00,2023,8,16,0,4.48388649958392,4.595041102336807,-0.11115460275288669,0.11115460275288669
2023-08-16 06:00:00,2023,8,16,6,4.889901703233677,5.152555456996888,-0.2626537537632112,0.2626537537632112
2023-08-16 12:00:00,2023,8,16,12,7.91091759558353,7.879761734740381,0.031155860843148808,0.031155860843148808
2023-08-16 18:00:00,2023,8,16,18,5.417202759048197,5.369757341621922,0.047445417426275505,0.047445417426275505
2023-08-17 00:00:00,2023,8,17,0,4.052954506043148,3.939603188101674,0.11335131794147424,0.11335131794147424
2023-08-17 06:00:00,2023,8,17,6,4.901333380975987,5.0354703906835905,-0.13413700970760356,0.13413700970760356
2023-08-17 12:00:00,2023,8,17,12,7.591767504558334,7.8076569384331975,-0.2158894338748638,0.2158894338748638
2023-08-17 18:00:00,2023,8,17,18,4.803237476676354,4.598214843322883,0.2050226333534706,0.2050226333534706
2023-08-18 00:00:00,2023,8,18,0,3.993115210898086,3.66028227950947,0.33283293138861625,0.33283293138861625
2023-08-18 06:00:00,2023,8,18,6,4.758500452871039,4.852027503925517,-0.0935270510544779,0.0935270510544779
2023-08-18 12:00:00,2023,8,18,12,7.847046523654935,7.8463602158705665,0.0006863077843686227,0.0006863077843686227
2023-08-18 18:00:00,2023,8,18,18,4.913129983364783,4.800215943269108,0.11291404009567518,0.11291404009567518
2023-08-19 00:00:00,2023,8,19,0,4.066954085012229,3.782252510577045,0.2847015744351844,0.2847015744351844
2023-08-19 06:00:00,2023,8,19,6,4.856988848343052,4.668428062363197,0.18856078597985526,0.18856078597985526
2023-08-19 12:00:00,2023,8,19,12,7.4605898729913855,7.341742669430629,0.1188472035607564,0.1188472035607564
2023-08-19 18:00:00,2023,8,19,18,4.793423852869996,4.840998879098911,-0.047575026228915185,0.047575026228915185
2023-08-20 00:00:00,2023,8,20,0,4.214519446830863,4.36711445433451,-0.1525950075036473,0.1525950075036473
2023-08-20 06:00:00,2023,8,20,6,4.7685426010477165,4.810256703363367,-0.04171410231565087,0.04171410231565087
2023-08-20 12:00:00,2023,8,20,12,7.503081981106018,7.866016141881712,-0.3629341607756942,0.3629341607756942
2023-08-20 18:00:00,2023,8,20,18,4.261446000982992,4.4981298302992885,-0.23668382931629672,0.23668382931629672
2023-08-21 00:00:00,2023,8,21,0,4.229736089760013,4.1692545746227525,0.06048151513726019,0.06048151513726019
2023-08-21 06:00:00,2023,8,21,6,4.5163284156359405,4.684464117157369,-0.16813570152142887,0.16813570152142887
2023-08-21 12:00:00,2023,8,21,12,7.6375476621144,7.779260575267225,-0.14171291315282453,0.14171291315282453
2023-08-21 18:00:00,2023,8,21,18,4.997250456013717,4.753539383544986,0.2437110724687308,0.2437110724687308
2023-08-22 00:00:00,2023,8,22,0,3.7470696141635536,3.9609902868223292,-0.21392067265877568,0.21392067265877568
2023-08-22 06:00:00,2023,8,22,6,4.884281367414274,4.897219980536322,-0.012938613122048359,0.012938613122048359
2023-08-22 12:00:00,2023,8,22,12,7.694330341019432,7.629675593025154,0.06465474799427806,0.06465474799427806
2023-08-22 18:00:00,2023,8,22,18,4.420404262669252,4.214444998139159,0.20595926453009294,0.20595926453009294
2023-08-23 00:00:00,2023,8,23,0,4.122598376555999,4.157913559465456,-0.03531518290945712,0.03531518290945712
2023-08-23 06:00:00,2023,8,23,6,4.448236287022238,4.512612169426735,-0.0643758824044971,0.0643758824044971
2023-08-23 12:00:00,2023,8,23,12,7.636243836158329,7.479299363731156,0.15694447242717313,0.15694447242717313
2023-08-23 18:00:00,2023,8,23,18,4.114653706433385,4.389891525816748,-0.27523781938336267,0.27523781938336267
2023-08-24 00:00:00,2023,8,24,0,3.967215775921488,4.196732066135285,-0.22951629021379683,0.22951629021379683
2023-08-24 06:00:00,2023,8,24,6,4.88514159492225,5.184673820852339,-0.299532225930089,0.299532225930089
2023-08-24 12:00:00,2023,8,24,12,6.745787933803241,7.037623731631569,-0.2918357978283277,0.2918357978283277
2023-08-24 18:00:00,2023,8,24,18,4.353460329658544,4.656550385115203,-0.3030900554566589,0.3030900554566589
2023-08-25 00:00:00,2023,8,25,0,4.387974046195381,4.181210624550501,0.20676342164487949,0.20676342164487949
2023-08-25 06:00:00,2023,8,25,6,4.628946138384551,4.28566350339325,0.34328263499130074,0.34328263499130074
2023-08-25 12:00:00,2023,8,25,12,7.347345201000232,7.286506026157303,0.06083917484292911,0.06083917484292911
2023-08-25 18:00:00,2023,8,25,18,4.497160131782659,4.4175377376051825,0.07962239417747607,0.07962239417747607
2023-08-26 00:00:00,2023,8,26,0,3.953697757683305,4.334693333695905,-0.38099557601260026,0.38099557601260026
2023-08-26 06:00:00,2023,8,26,6,4.460518919388178,4.38214398377459,0.07837493561358766,0.07837493561358766
2023-08-26 12:00:00,2023,8,26,12,7.393120441326944,7.29066675244903,0.1024536888779135,0.1024536888779135
2023-08-26 18:00:00,2023,8,26,18,4.836894417551623,4.868399670673763,-0.03150525312214025,0.03150525312214025
2023-08-27 00:00:00,2023,8,27,0,3.942496154153284,4.03892280071162,-0.09642664655833588,0.09642664655833588
2023-08-27 06:00:00,2023,8,27,6,4.566964263838717,4.574843419547904,-0.007879155709187735,0.007879155709187735
2023-08-27 12:00:00,2023,8,27,12,7.27042033332411,7.4287264821366525,-0.15830614881254235,0.15830614881254235
2023-08-27 18:00:00,2023,8,27,18,4.393344825073113,4.371837412335543,0.021507412737570064,0.021507412737570064
2023-08-28 00:00:00,2023,8,28,0,4.097644626198017,4.114439467935648,-0.01679484173763157,0.01679484173763157
2023-08-28 06:00:00,2023,8,28,6,4.090417441763619,4.159329341985668,-0.06891190022204885,0.06891190022204885
2023-08-28 12:00:00,2023,8,28,12,7.076429234779,7.1579779034841335,-0.08154866870513366,0.08154866870513366
2023-08-28 18:00:00,2023,8,28,18,4.299906437322877,4.182390665242474,0.11751577208040231,0.11751577208040231
2023-08-29 00:00:00,2023,8,29,0,3.646246831891831,3.6069308846891293,0.03931594720270182,0.03931594720270182
2023-08-29 06:00:00,2023,8,29,6,4.476436428664424,4.500913799309993,-0.02447737064556943,0.02447737064556943
2023-08-29 12:00:00,2023,8,29,12,7.5734014148738495,7.347565762735655,0.22583565213819412,0.22583565213819412
2023-08-29 18:00:00,2023,8,29,18,4.384799986279266,4.450323553485051,-0.06552356720578434,0.06552356720578434
2023-08-30 00:00:00,2023,8,30,0,4.5332593458119765,4.253406862834982,0.2798524829769944,0.2798524829769944
2023-08-30 06:00:00,2023,8,30,6,4.576413723765619,4.615818103984295,-0.039404380218676316,0.039404380218676316
2023-08-30 12:00:00,2023,8,30,12,7.125171873754242,7.233459861710885,-0.10828798795664252,0.10828798795664252
2023-08-30 18:00:00,2023,8,30,18,4.494381171621989,4.66507805375635,-0.17069688213436063,0.17069688213436063
2023-08-31 00:00:00,2023,8,31,0,3.7916238070783246,3.7628884734764982,0.02873533360182634,0.02873533360182634
2023-08-31 06:00:00,2023,8,31,6,4.205352257120554,4.287812666449202,-0.08246040932864851,0.08246040932864851
2023-08-31 12:00:00,2023,8,31,12,7.814164807410082,7.716306819613759,0.09785798779632238,0.09785798779632238
2023-08-31 18:00:00,2023,8,31,18,4.390514728847461,4.4455822301679175,-0.05506750132045646,0.05506750132045646
2023-09-01 00:00:00,2023,9,1,0,4.03376877890779,3.7825329566483226,0.2512358222594675,0.2512358222594675
2023-09-01 06:00:00,2023,9,1,6,4.297378881477979,4.405038804863146,-0.10765992338516739,0.10765992338516739
2023-09-01 12:00:00,2023,9,1,12,7.239140707637049,7.041304834051124,0.19783587358592492,0.19783587358592492
2023-09-01 18:00:00,2023,9,1,18,4.525408903637379,4.43988270402862,0.08552619960875862,0.08552619960875862
2023-09-02 00:00:00,2023,9,2,0,3.8954102663272296,3.874429732318744,0.020980534008485652,0.020980534008485652
2023-09-02 06:00:00,2023,9,2,6,4.396641002130202,4.385151994858231,0.011489007271970664,0.011489007271970664
2023-09-02 12:00:00,2023,9,2,12,6.693336248587612,7.018381175234864,-0.3250449266472515,0.3250449266472515
2023-09-02 18:00:00,2023,9,2,18,4.408906208307635,4.449705722948457,-0.04079951464082221,0.04079951464082221
2023-09-03 00:00:00,2023,9,3,0,3.6504605543091047,3.661658760411185,-0.011198206102080555,0.011198206102080555
2023-09-03 06:00:00,2023,9,3,6,4.183892120540498,4.311287028224078,-0.12739490768358053,0.12739490768358053
2023-09-03 12:00:00,2023,9,3,12,7.309630815427347,7.436972044751408,-0.12734122932406056,0.12734122932406056
2023-09-03 18:00:00,2023,9,3,18,4.754254239250311,4.596796721010709,0.1574575182396014,0.1574575182396014
2023-09-04 00:00:00,2023,9,4,0,3.2275230592778983,3.3576261535350964,-0.13010309425719813,0.13010309425719813
2023-09-04 06:00:00,2023,9,4,6,4.0703639777566565,4.219278606710575,-0.14891462895391872,0.14891462895391872
2023-09-04 12:00:00,2023,9,4,12,6.947209340325063,6.754854485716161,0.19235485460890178,0.19235485460890178
2023-09-04 18:00:00,2023,9,4,18,3.966366035833087,4.0042512086128355,-0.037885172779748455,0.037885172779748455
2023-09-05 00:00:00,2023,9,5,0,3.678597205907145,3.7326390189605885,-0.054041813053443466,0.054041813053443466
2023-09-05 06:00:00,2023,9,5,6,4.30855360365431,4.243353713235855,0.0651998904184552,0.0651998904184552
2023-09-05 12:00:00,2023,9,5,12,6.617156292998101,6.782865455429508,-0.16570916243140665,0.16570916243140665
2023-09-05 18:00:00,2023,9,5,18,3.8365391097994936,4.1921096901683805,-0.3555705803688869,0.3555705803688869
2023-09-06 00:00:00,2023,9,6,0,3.912017210796965,3.6612185085497084,0.2507987022472564,0.2507987022472564
2023-09-06 06:00:00,2023,9,6,6,4.705866258711165,4.701150737752563,0.004715520958601616,0.004715520958601616
2023-09-06 12:00:00,2023,9,6,12,6.76509959435903,6.68987636459358,0.0752232297654496,0.0752232297654496
2023-09-06 18:00:00,2023,9,6,18,4.13340183130757,4.057741607847978,0.07566022345959222,0.07566022345959222
2023-09-07 00:00:00,2023,9,7,0,4.302349323106012,3.975931496585604,0.32641782652040785,0.32641782652040785
2023-09-07 06:00:00,2023,9,7,6,4.195244674651478,4.284036007225073,-0.08879133257359495,0.08879133257359495
2023-09-07 12:00:00,2023,9,7,12,7.092815104015182,7.122214963532459,-0.02939985951727664,0.02939985951727664
2023-09-07 18:00:00,2023,9,7,18,4.332523041044689,4.344384839348599,-0.011861798303910653,0.011861798303910653
2023-09-08 00:00:00,2023,9,8,0,3.6097582766109615,3.519652591204038,0.09010568540692354,0.09010568540692354
2023-09-08 06:00:00,2023,9,8,6,4.278197958366357,4.118100755847547,0.1600972025188101,0.1600972025188101
2023-09-08 12:00:00,2023,9,8,12,6.900055690123289,6.898577692206334,0.0014779979169547985,0.0014779979169547985
2023-09-08 18:00:00,2023,9,8,18,4.01615609295188,3.9620967468835744,0.0540593460683052,0.0540593460683052
2023-09-09 00:00:00,2023,9,9,0,3.565343758441438,3.6015347817761327,-0.036191023334694705,0.036191023334694705
2023-09-09 06:00:00,2023,9,9,6,4.129367478442296,4.268702327892945,-0.13933484945064922,0.13933484945064922
2023-09-09 12:00:00,2023,9,9,12,6.831573948082198,6.626434937820388,0.20513901026181003,0.20513901026181003
2023-09-09 18:00:00,2023,9,9,18,4.143732329916047,4.095658582617504,0.04807374729854352,0.04807374729854352
2023-09-10 00:00:00,2023,9,10,0,3.448135107258313,3.2731361350844392,0.17499897217387383,0.17499897217387383
2023-09-10 06:00:00,2023,9,10,6,4.125502634560358,3.9960180617043886,0.12948457285596948,0.12948457285596948
2023-09-10 12:00:00,2023,9,10,12,7.217192079193999,7.272285585455583,-0.055093506261584047,0.055093506261584047
2023-09-10 18:00:00,2023,9,10,18,4.132856677522359,4.31497650342102,-0.18211982589866071,0.18211982589866071
2023-09-11 00:00:00,2023,9,11,0,3.5553385830573285,3.39821496479226,0.15712361826506838,0.15712361826506838
2023-09-11 06:00:00,2023,9,11,6,4.230622192872377,4.2306826663528385,-6.047348046145373e-05,6.047348046145373e-05
2023-09-11 12:00:00,2023,9,11,12,6.6117729494121855,6.6553666767048085,-0.04359372729262301,0.04359372729262301
2023-09-11 18:00:00,2023,9,11,18,4.910437285988937,4.732157213424842,0.17828007256409517,0.17828007256409517
2023-09-12 00:00:00,2023,9,12,0,3.202501876062775,3.163487041818626,0.0390148342441492,0.0390148342441492
2023-09-12 06:00:00,2023,9,12,6,3.77212170325368,3.7778095164439898,-0.005687813190309754,0.005687813190309754
2023-09-12 12:00:00,2023,9,12,12,6.473528871718129,6.422173494273281,0.05135537744484786,0.05135537744484786
2023-09-12 18:00:00,2023,9,12,18,4.357352503727641,4.0972113024659675,0.26014120126167306,0.26014120126167306
2023-09-13 00:00:00,2023,9,13,0,3.192033021100057,3.2139517379955223,-0.021918716895465096,0.021918716895465096
2023-09-13 06:00:00,2023,9,13,6,4.277627478995499,4.391346965562855,-0.11371948656735587,0.11371948656735587
2023-09-13 12:00:00,2023,9,13,12,7.113983773075207,7.053367772260215,0.06061600081499208,0.06061600081499208
2023-09-13 18:00:00,2023,9,13,18,3.7555961202778487,3.9849236588837225,-0.22932753860587374,0.22932753860587374
2023-09-14 00:00:00,2023,9,14,0,3.706125231652231,3.885549552058793,-0.1794243204065622,0.1794243204065622
2023-09-14 06:00:00,2023,9,14,6,3.793784298202416,3.8300677932271903,-0.036283495024774126,0.036283495024774126
2023-09-14 12:00:00,2023,9,14,12,6.436991432975673,6.309511389489279,0.1274800434863943,0.1274800434863943
2023-09-14 18:00:00,2023,9,14,18,3.946296961409944,3.864529305406331,0.08176765600361291,0.08176765600361291
2023-09-15 00:00:00,2023,9,15,0,3.0720228808309447,3.0136239081034364,0.05839897272750827,0.05839897272750827
2023-09-15 06:00:00,2023,9,15,6,3.589249274853889,3.8276602699053077,-0.2384109950514186,0.2384109950514186
2023-09-15 12:00:00,2023,9,15,12,6.377250839538746,6.405565674986438,-0.028314835447691422,0.028314835447691422
2023-09-15 18:00:00,2023,9,15,18,4.243846446850279,4.196582272988148,0.04726417386213111,0.04726417386213111
2023-09-16 00:00:00,2023,9,16,0,3.824926989462786,3.614246705975288,0.2106802834874979,0.2106802834874979
2023-09-16 06:00:00,2023,9,16,6,3.818417884377956,4.060182270540218,-0.24176438616226203,0.24176438616226203
2023-09-16 12:00:00,2023,9,16,12,6.66092138140979,6.951134098777675,-0.29021271736788457,0.29021271736788457
2023-09-16 18:00:00,2023,9,16,18,4.107994774224229,4.0744282078561,0.03356656636812971,0.03356656636812971
2023-09-17 00:00:00,2023,9,17,0,2.9760990235005287,3.0405971107366385,-0.06449808723610984,0.06449808723610984
2023-09-17 06:00:00,2023,9,17,6,3.566314906786169,3.3910735626412336,0.17524134414493542,0.17524134414493542
2023-09-17 12:00:00,2023,9,17,12,7.421870728061366,7.112822351576533,0.3090483764848333,0.3090483764848333
2023-09-17 18:00:00,2023,9,17,18,4.077261242519056,3.922410872313262,0.15485037020579462,0.15485037020579462
2023-09-18 00:00:00,2023,9,18,0,3.1850442087262114,3.267969210674204,-0.0829250019479928,0.0829250019479928
2023-09-18 06:00:00,2023,9,18,6,3.8529453886196503,3.8789322826197763,-0.025986894000125993,0.025986894000125993
2023-09-18 12:00:00,2023,9,18,12,6.368306560395031,6.500020017124568,-0.13171345672953638,0.13171345672953638
2023-09-18 18:00:00,2023,9,18,18,3.445063777942315,3.623024916897189,-0.17796113895487364,0.17796113895487364
2023-09-19 00:00:00,2023,9,19,0,3.237690217070967,3.1716600898693623,0.06603012720160484,0.06603012720160484
2023-09-19 06:00:00,2023,9,19,6,4.180105046210527,4.054180271917922,0.1259247742926055,0.1259247742926055
2023-09-19 12:00:00,2023,9,19,12,6.131965370702672,6.1084395513005525,0.02352581940211973,0.02352581940211973
2023-09-19 18:00:00,2023,9,19,18,3.4956855703678285,3.724603822769772,-0.22891825240194352,0.22891825240194352
2023-09-20 00:00:00,2023,9,20,0,2.762506294015943,2.9377366947896633,-0.17523040077372043,0.17523040077372043
2023-09-20 06:00:00,2023,9,20,6,4.059847353337611,4.013053249097489,0.046794104240122536,0.046794104240122536
2023-09-20 12:00:00,2023,9,20,12,6.630919876338488,6.680600250093048,-0.049680373754560136,0.049680373754560136
2023-09-20 18:00:00,2023,9,20,18,3.557466452221425,3.5592832340980616,-0.0018167818766365862,0.0018167818766365862
2023-09-21 00:00:00,2023,9,21,0,2.985723483948464,2.8594545451947986,0.12626893875366552,0.12626893875366552
2023-09-21 06:00:00,2023,9,21,6,3.9857345329633422,3.973525604682599,0.012208928280743159,0.012208928280743159
2023-09-21 12:00:00,2023,9,21,12,6.069624169826024,6.447890526167179,-0.3782663563411557,0.3782663563411557
2023-09-21 18:00:00,2023,9,21,18,4.059504430196317,3.9133504953432197,0.14615393485309758,0.14615393485309758
2023-09-22 00:00:00,2023,9,22,0,3.6550425067259815,3.6143429957400555,0.04069951098592606,0.04069951098592606
2023-09-22 06:00:00,2023,9,22,6,3.6090276859961,3.818290428127386,-0.20926274213128604,0.20926274213128604
2023-09-22 12:00:00,2023,9,22,12,5.907499144636041,6.115928300686754,-0.20842915605071255,0.20842915605071255
2023-09-22 18:00:00,2023,9,22,18,4.232422524680044,4.311064906695242,-0.07864238201519758,0.07864238201519758
2023-09-23 00:00:00,2023,9,23,0,2.949807664154005,2.9484921262564616,0.0013155378975433507,0.0013155378975433507
2023-09-23 06:00:00,2023,9,23,6,3.9665810104960113,4.0786811982661035,-0.11210018777009223,0.11210018777009223
2023-09-23 12:00:00,2023,9,23,12,6.311297911389735,6.131103876812774,0.18019403457696104,0.18019403457696104
2023-09-23 18:00:00,2023,9,23,18,3.456808071899756,3.844700747386724,-0.38789267548696804,0.38789267548696804
2023-09-24 00:00:00,2023,9,24,0,3.294820651743949,3.1988914863105515,0.09592916543339758,0.09592916543339758
2023-09-24 06:00:00,2023,9,24,6,3.540121017176012,3.685574161063623,-0.145453143887611,0.145453143887611
2023-09-24 12:00:00,2023,9,24,12,6.377540204630172,6.541093514665586,-0.16355331003541362,0.16355331003541362
2023-09-24 18:00:00,2023,9,24,18,3.911510811512408,3.9851484993717996,-0.0736376878593914,0.0736376878593914
2023-09-25 00:00:00,2023,9,25,0,3.080854656022757,2.9350682372068415,0.14578641881591548,0.14578641881591548
2023-09-25 06:00:00,2023,9,25,6,3.953293532184689,4.156061278093877,-0.2027677459091879,0.2027677459091879
2023-09-25 12:00:00,2023,9,25,12,6.226153426400551,6.421533539103807,-0.19538011270325573,0.19538011270325573
2023-09-25 18:00:00,2023,9,25,18,3.572178387418565,3.398208044832885,0.17397034258568,0.17397034258568
2023-09-26 00:00:00,2023,9,26,0,3.4993640708549765,3.4719008922198626,0.027463178635113827,0.027463178635113827
2023-09-26 06:00:00,2023,9,26,6,3.167199539978389,3.402009091268782,-0.23480955129039272,0.23480955129039272
2023-09-26 12:00:00,2023,9,26,12,6.019321564078464,6.219178861609912,-0.1998572975314481,0.1998572975314481
2023-09-26 18:00:00,2023,9,26,18,3.944967497547801,3.9984655847334074,-0.05349808718560656,0.05349808718560656
2023-09-27 00:00:00,2023,9,27,0,2.9858622887384176,3.1241258845144135,-0.1382635957759959,0.1382635957759959
2023-09-27 06:00:00,2023,9,27,6,3.816093409122657,3.5967348298100297,0.21935857931262737,0.21935857931262737
2023-09-27 12:00:00,2023,9,27,12,5.734465356591717,5.809708163166884,-0.07524280657516691,0.07524280657516691
2023-09-27 18:00:00,2023,9,27,18,3.763481923486731,3.7520117414728658,0.011470182013865404,0.011470182013865404
2023-09-28 00:00:00,2023,9,28,0,2.954310582240645,2.98184310399716,-0.027532521756514772,0.027532521756514772
2023-09-28 06:00:00,2023,9,28,6,4.271070593623901,3.9143284218878436,0.3567421717360575,0.3567421717360575
2023-09-28 12:00:00,2023,9,28,12,6.052339697841673,6.022771265097458,0.029568432744214945,0.029568432744214945
2023-09-28 18:00:00,2023,9,28,18,3.5078654397653684,3.341740295810739,0.16612514395462918,0.16612514395462918
2023-09-29 00:00:00,2023,9,29,0,3.5149141835523885,3.564416350246735,-0.049502166694346705,0.049502166694346705
2023-09-29 06:00:00,2023,9,29,6,3.7566028858484506,3.6572671600217364,0.09933572582671424,0.09933572582671424
2023-09-29 12:00:00,2023,9,29,12,5.525179626519922,5.897124784036317,-0.3719451575163948,0.3719451575163948
2023-09-29 18:00:00,2023,9,29,18,3.790480872816456,3.8339820471934023,-0.04350117437694623,0.04350117437694623
2023-09-30 00:00:00,2023,9,30,0,2.9361310150990736,2.870299748855953,0.06583126624312063,0.06583126624312063
2023-09-30 06:00:00,2023,9,30,6,3.7031731497602616,3.76167858001778,-0.05850543025751831,0.05850543025751831
2023-09-30 12:00:00,2023,9,30,12,6.215947317721799,6.094706835776076,0.12124048194572268,0.12124048194572268
2023-09-30 18:00:00,2023,9,30,18,3.323112105699788,3.5356439494119747,-0.21253184371218659,0.21253184371218659
2023-10-01 00:00:00,2023,10,1,0,2.5680174423777773,2.6530717016804455,-0.08505425930266819,0.08505425930266819
2023-10-01 06:00:00,2023,10,1,6,3.265849465512347,3.7449895141304266,-0.47914004861807946,0.47914004861807946
2023-10-01 12:00:00,2023,10,1,12,5.5715058510658,5.558062973394801,0.013442877670999387,0.013442877670999387
2023-10-01 18:00:00,2023,10,1,18,3.266839908634137,3.333004009266464,-0.06616410063232703,0.06616410063232703
2023-10-02 00:00:00,2023,10,2,0,3.217384957914177,3.125739997718926,0.09164496019525092,0.09164496019525092
2023-10-02 06:00:00,2023,10,2,6,3.354848135151582,3.298476618633849,0.05637151651773298,0.05637151651773298
2023-10-02 12:00:00,2023,10,2,12,5.755942409634694,5.646928061867857,0.10901434776683772,0.10901434776683772
2023-10-02 18:00:00,2023,10,2,18,3.523137444353583,3.4121778074569393,0.11095963689664368,0.11095963689664368
2023-10-03 00:00:00,2023,10,3,0,2.874127070429627,2.9213867513505494,-0.047259680920922253,0.047259680920922253
2023-10-03 06:00:00,2023,10,3,6,3.2881576421197387,3.194636588800712,0.09352105331902649,0.09352105331902649
2023-10-03 12:00:00,2023,10,3,12,5.929045053897283,5.6719381574028285,0.25710689649445495,0.25710689649445495
2023-10-03 18:00:00,2023,10,3,18,2.9296676232049754,3.148905864739697,-0.21923824153472138,0.21923824153472138
2023-10-04 00:00:00,2023,10,4,0,3.678821124465648,3.611231570590369,0.06758955387527932,0.06758955387527932
2023-10-04 06:00:00,2023,10,4,6,3.2900872280770668,3.1502658353509707,0.13982139272609606,0.13982139272609606
2023-10-04 12:00:00,2023,10,4,12,5.9403718540926125,5.70982411950797,0.2305477345846425,0.2305477345846425
2023-10-04 18:00:00,2023,10,4,18,3.096469755543107,3.0141357263732957,0.08233402916981136,0.08233402916981136
2023-10-05 00:00:00,2023,10,5,0,2.9128493387933108,2.9392201133338847,-0.026370774540573905,0.026370774540573905
2023-10-05 06:00:00,2023,10,5,6,3.3159756105480094,3.141880980677381,0.1740946298706283,0.1740946298706283
2023-10-05 12:00:00,2023,10,5,12,5.921821228720607,5.979250473498431,-0.05742924477782374,0.05742924477782374
2023-10-05 18:00:00,2023,10,5,18,3.278372313620077,3.118359822959144,0.16001249066093326,0.16001249066093326
2023-10-06 00:00:00,2023,10,6,0,3.3728989957647557,3.3751492157403615,-0.002250219975605816,0.002250219975605816
2023-10-06 06:00:00,2023,10,6,6,3.486553614240901,3.4923568374051563,-0.0058032231642553,0.0058032231642553
2023-10-06 12:00:00,2023,10,6,12,5.657625983915366,6.096783231362621,-0.4391572474472545,0.4391572474472545
2023-10-06 18:00:00,2023,10,6,18,3.769420584743616,3.3613999438873776,0.40802064085623835,0.40802064085623835
2023-10-07 00:00:00,2023,10,7,0,2.6902326531375813,2.737485574808543,-0.04725292167096162,0.04725292167096162
2023-10-07 06:00:00,2023,10,7,6,3.0754233406052824,3.351564451889105,-0.27614111128382257,0.27614111128382257
2023-10-07 12:00:00,2023,10,7,12,5.855166637624304,6.184876017968306,-0.3297093803440019,0.3297093803440019
2023-10-07 18:00:00,2023,10,7,18,3.696605981777772,3.531279690076942,0.16532629170083002,0.16532629170083002
2023-10-08 00:00:00,2023,10,8,0,2.658422867375421,2.3748735457778642,0.28354932159755686,0.28354932159755686
2023-10-08 06:00:00,2023,10,8,6,3.6811238163668887,3.3718118709501996,0.30931194541668905,0.30931194541668905
2023-10-08 12:00:00,2023,10,8,12,5.782778755361614,5.557903465719206,0.22487528964240777,0.22487528964240777
2023-10-08 18:00:00,2023,10,8,18,3.479386629147462,3.2987447465945694,0.1806418825528926,0.1806418825528926
2023-10-09 00:00:00,2023,10,9,0,2.55368630250847,2.379931936031607,0.17375436647686326,0.17375436647686326
2023-10-09 06:00:00,2023,10,9,6,2.7532561258291226,3.117817028693303,-0.3645609028641803,0.3645609028641803
2023-10-09 12:00:00,2023,10,9,12,5.5509257603429685,5.483717098579792,0.06720866176317664,0.06720866176317664
2023-10-09 18:00:00,2023,10,9,18,3.400056944755644,3.197072078299198,0.20298486645644598,0.20298486645644598
2023-10-10 00:00:00,2023,10,10,0,2.634412675237761,2.531325236710279,0.10308743852748181,0.10308743852748181
2023-10-10 06:00:00,2023,10,10,6,2.591035176575426,2.8093282005660547,-0.21829302399062867,0.21829302399062867
2023-10-10 12:00:00,2023,10,10,12,5.189750939622496,5.214406658807032,-0.024655719184536018,0.024655719184536018
2023-10-10 18:00:00,2023,10,10,18,3.0260473817224,3.156014894100789,-0.12996751237838877,0.12996751237838877
2023-10-11 00:00:00,2023,10,11,0,2.472415615768116,2.688556014995037,-0.21614039922692108,0.21614039922692108
2023-10-11 06:00:00,2023,10,11,6,3.25396525098186,3.3159909473346727,-0.06202569635281252,0.06202569635281252
2023-10-11 12:00:00,2023,10,11,12,5.256906248261141,5.57576314971083,-0.3188569014496885,0.3188569014496885
2023-10-11 18:00:00,2023,10,11,18,3.0929049901523795,3.132899234729197,-0.03999424457681755,0.03999424457681755
2023-10-12 00:00:00,2023,10,12,0,3.384650160240044,3.4245440384513266,-0.03989387821128254,0.03989387821128254
2023-10-12 06:00:00,2023,10,12,6,3.474745413413088,3.332792148875243,0.14195326453784496,0.14195326453784496
2023-10-12 12:00:00,2023,10,12,12,5.486992464957164,5.525296581941709,-0.038304116984544834,0.038304116984544834
2023-10-12 18:00:00,2023,10,12,18,3.553603957177418,3.540157682257591,0.013446274919826973,0.013446274919826973
2023-10-13 00:00:00,2023,10,13,0,2.9282646932782748,2.58174912966121,0.3465155636170647,0.3465155636170647
2023-10-13 06:00:00,2023,10,13,6,2.90384134491863,3.1430696893322017,-0.23922834441357166,0.23922834441357166
2023-10-13 12:00:00,2023,10,13,12,6.116050798379877,5.590512189248305,0.5255386091315719,0.5255386091315719
2023-10-13 18:00:00,2023,10,13,18,3.006871073154349,2.945281643768547,0.06158942938580214,0.06158942938580214
2023-10-14 00:00:00,2023,10,14,0,2.6380183942735997,2.416416756496492,0.22160163777710773,0.22160163777710773
2023-10-14 06:00:00,2023,10,14,6,2.96412992344509,3.1789543125513138,-0.2148243891062238,0.2148243891062238
2023-10-14 12:00:00,2023,10,14,12,5.580351468894186,5.540399953501403,0.039951515392782966,0.039951515392782966
2023-10-14 18:00:00,2023,10,14,18,2.716742661173629,2.755414160870046,-0.03867149969641703,0.03867149969641703
2023-10-15 00:00:00,2023,10,15,0,2.484758499484346,2.487692968689264,-0.0029344692049178,0.0029344692049178
2023-10-15 06:00:00,2023,10,15,6,2.9362773029786453,3.0966386863677346,-0.16036138338908934,0.16036138338908934
2023-10-15 12:00:00,2023,10,15,12,5.379630260540194,5.042827557244369,0.3368027032958256,0.3368027032958256
2023-10-15 18:00:00,2023,10,15,18,3.5423267009767008,3.5028444090612325,0.03948229191546826,0.03948229191546826
2023-10-16 00:00:00,2023,10,16,0,2.4709275490174853,2.371453123215436,0.09947442580204946,0.09947442580204946
2023-10-16 06:00:00,2023,10,16,6,3.568442723694,3.204039417782023,0.3644033059119769,0.3644033059119769
2023-10-16 12:00:00,2023,10,16,12,5.986735947797694,5.853868755238712,0.13286719255898216,0.13286719255898216
2023-10-16 18:00:00,2023,10,16,18,2.684646474511178,2.636731116322466,0.047915358188712176,0.047915358188712176
2023-10-17 00:00:00,2023,10,17,0,2.618239121004124,2.5455689624892197,0.07267015851490433,0.07267015851490433
2023-10-17 06:00:00,2023,10,17,6,3.280330179235297,3.0699027972107036,0.21042738202459343,0.21042738202459343
2023-10-17 12:00:00,2023,10,17,12,4.893014523229031,5.119509775986136,-0.22649525275710491,0.22649525275710491
2023-10-17 18:00:00,2023,10,17,18,2.554237121025342,2.6805754354863494,-0.12633831446100752,0.12633831446100752
2023-10-18 00:00:00,2023,10,18,0,2.609982022799928,2.2808850610112636,0.32909696178866454,0.32909696178866454
2023-10-18 06:00:00,2023,10,18,6,2.817263349028696,3.1136068875248917,-0.2963435384961959,0.2963435384961959
2023-10-18 12:00:00,2023,10,18,12,5.12409113121476,5.03524217885368,0.08884895236108026,0.08884895236108026
2023-10-18 18:00:00,2023,10,18,18,3.470484923682345,3.2023532031625583,0.26813172051978684,0.26813172051978684
2023-10-19 00:00:00,2023,10,19,0,2.2053005342139542,1.9921348829718941,0.2131656512420601,0.2131656512420601
2023-10-19 06:00:00,2023,10,19,6,2.971724572311933,2.843666494303932,0.12805807800800117,0.12805807800800117
2023-10-19 12:00:00,2023,10,19,12,5.450108832055046,5.315529164131674,0.13457966792337217,0.13457966792337217
2023-10-19 18:00:00,2023,10,19,18,3.016735269389401,2.9354238191476054,0.08131145024179576,0.08131145024179576
2023-10-20 00:00:00,2023,10,20,0,2.618800786281382,2.6251904729143205,-0.006389686632938485,0.006389686632938485
2023-10-20 06:00:00,2023,10,20,6,2.90959113779163,2.9835350673415455,-0.07394392954991558,0.07394392954991558
2023-10-20 12:00:00,2023,10,20,12,5.1334002332110495,4.935356574152499,0.19804365905855015,0.19804365905855015
2023-10-20 18:00:00,2023,10,20,18,3.020443081244516,2.9247685318517282,0.09567454939278797,0.09567454939278797
2023-10-21 00:00:00,2023,10,21,0,1.5794268357474903,1.6909193950852046,-0.11149255933771429,0.11149255933771429
2023-10-21 06:00:00,2023,10,21,6,2.9174847075010737,3.0185124808347497,-0.10102777333367596,0.10102777333367596
2023-10-21 12:00:00,2023,10,21,12,5.614764012736555,5.634250788841638,-0.01948677610508298,0.01948677610508298
2023-10-21 18:00:00,2023,10,21,18,2.761127493535231,2.7456467950862575,0.015480698448973484,0.015480698448973484
2023-10-22 00:00:00,2023,10,22,0,2.826484843877752,2.649160436592618,0.1773244072851341,0.1773244072851341
2023-10-22 06:00:00,2023,10,22,6,2.694706473765472,2.7100755424588394,-0.015369068693367627,0.015369068693367627
2023-10-22 12:00:00,2023,10,22,12,4.506432914908797,4.46190858906597,0.044524325842826507,0.044524325842826507
2023-10-22 18:00:00,2023,10,22,18,3.161890104413696,3.1744635973152167,-0.012573492901520655,0.012573492901520655
2023-10-23 00:00:00,2023,10,23,0,2.192944715215834,2.455564658719068,-0.26261994350323414,0.26261994350323414
2023-10-23 06:00:00,2023,10,23,6,2.862718247653833,2.751354985938912,0.11136326171492117,0.11136326171492117
2023-10-23 12:00:00,2023,10,23,12,4.666653547392721,4.850266239556301,-0.18361269216358078,0.18361269216358078
2023-10-23 18:00:00,2023,10,23,18,3.062755609854867,3.272027604500387,-0.20927199464551993,0.20927199464551993
2023-10-24 00:00:00,2023,10,24,0,2.5387694973821406,2.4369544815187303,0.10181501586341035,0.10181501586341035
2023-10-24 06:00:00,2023,10,24,6,2.886965951090328,2.8868045080535785,0.00016144303674936467,0.00016144303674936467
2023-10-24 12:00:00,2023,10,24,12,4.519796383841072,4.565861675752035,-0.046065291910962536,0.046065291910962536
2023-10-24 18:00:00,2023,10,24,18,2.691247423198934,2.867764050336236,-0.17651662713730198,0.17651662713730198
2023-10-25 00:00:00,2023,10,25,0,2.0415432487644214,2.0870375285728815,-0.0454942798084601,0.0454942798084601
2023-10-25 06:00:00,2023,10,25,6,2.8748547004537066,3.135109476726799,-0.26025477627309224,0.26025477627309224
2023-10-25 12:00:00,2023,10,25,12,4.364667505478361,4.675044394253019,-0.3103768887746581,0.3103768887746581
2023-10-25 18:00:00,2023,10,25,18,2.8773787180069226,2.640593846797552,0.23678487120937053,0.23678487120937053
2023-10-26 00:00:00,2023,10,26,0,2.2851549185206568,2.344371251108802,-0.05921633258814518,0.05921633258814518
2023-10-26 06:00:00,2023,10,26,6,2.798121240812021,2.9760778072444265,-0.17795656643240543,0.17795656643240543
2023-10-26 12:00:00,2023,10,26,12,4.755531310190244,4.640012374995604,0.11551893519463974,0.11551893519463974
2023-10-26 18:00:00,2023,10,26,18,2.836069543935796,2.8788861795907774,-0.04281663565498128,0.04281663565498128
2023-10-27 00:00:00,2023,10,27,0,1.9758050662708868,2.0365995391156075,-0.060794472844720726,0.060794472844720726
2023-10-27 06:00:00,2023,10,27,6,2.5743164445747264,2.650574312418997,-0.07625786784427069,0.07625786784427069
2023-10-27 12:00:00,2023,10,27,12,4.711683640741316,4.78346619142051,-0.07178255067919448,0.07178255067919448
2023-10-27 18:00:00,2023,10,27,18,3.024106414390273,2.717673053534303,0.3064333608559697,0.3064333608559697
2023-10-28 00:00:00,2023,10,28,0,1.912516572240072,1.7448968485835257,0.16761972365654643,0.16761972365654643
2023-10-28 06:00:00,2023,10,28,6,2.541180404648367,2.592788996537005,-0.05160859188863798,0.05160859188863798
2023-10-28 12:00:00,2023,10,28,12,4.480069064285272,4.308105690681539,0.1719633736037327,0.1719633736037327
2023-10-28 18:00:00,2023,10,28,18,2.8496850757014998,2.83748679676576,0.012198278935739548,0.012198278935739548
2023-10-29 00:00:00,2023,10,29,0,1.5249115401056166,1.84087405849474,-0.3159625183891235,0.3159625183891235
2023-10-29 06:00:00,2023,10,29,6,2.926607180502,2.7960890793919133,0.13051810111008688,0.13051810111008688
2023-10-29 12:00:00,2023,10,29,12,4.976793726753523,5.027129324267616,-0.05033559751409289,0.05033559751409289
2023-10-29 18:00:00,2023,10,29,18,2.558143767721813,2.4385014415433894,0.11964232617842363,0.11964232617842363
2023-10-30 00:00:00,2023,10,30,0,2.321545844082804,2.1156946218674118,0.20585122221539232,0.20585122221539232
2023-10-30 06:00:00,2023,10,30,6,3.0328411636930026,2.8187330892100007,0.21410807448300195,0.21410807448300195
2023-10-30 12:00:00,2023,10,30,12,4.651973213766183,4.770994364396463,-0.11902115063027985,0.11902115063027985
2023-10-30 18:00:00,2023,10,30,18,3.332991059103233,3.1249305977702666,0.20806046133296618,0.20806046133296618
2023-10-31 00:00:00,2023,10,31,0,1.5712868622524898,1.533469363134192,0.03781749911829779,0.03781749911829779
2023-10-31 06:00:00,2023,10,31,6,2.2780810647385854,2.3639999996781684,-0.08591893493958302,0.08591893493958302
2023-10-31 12:00:00,2023,10,31,12,4.734164340634607,4.653598818352789,0.08056552228181779,0.08056552228181779
2023-10-31 18:00:00,2023,10,31,18,2.7136000228104686,2.490091600242391,0.22350842256807768,0.22350842256807768
2023-11-01 00:00:00,2023,11,1,0,1.9179438440640608,1.9519685619815939,-0.03402471791753303,0.03402471791753303
2023-11-01 06:00:00,2023,11,1,6,2.350739145606672,2.548631112779962,-0.19789196717329016,0.19789196717329016
2023-11-01 12:00:00,2023,11,1,12,4.444019582074647,4.383027548233574,0.06099203384107277,0.06099203384107277
2023-11-01 18:00:00,2023,11,1,18,2.463507446155229,2.5259830182906224,-0.06247557213539334,0.06247557213539334
2023-11-02 00:00:00,2023,11,2,0,1.6388355052355612,1.8643509986836317,-0.22551549344807054,0.22551549344807054
2023-11-02 06:00:00,2023,11,2,6,2.67120050783652,2.590616486700141,0.0805840211363793,0.0805840211363793
2023-11-02 12:00:00,2023,11,2,12,4.364641633933525,4.461509251680274,-0.09686761774674935,0.09686761774674935
2023-11-02 18:00:00,2023,11,2,18,2.5026260875691078,2.4915849651039648,0.011041122465142994,0.011041122465142994
2023-11-03 00:00:00,2023,11,3,0,1.590197140404059,1.527107516181579,0.06308962422247988,0.06308962422247988
2023-11-03 06:00:00,2023,11,3,6,2.212426295236791,2.2712685926699954,-0.05884229743320457,0.05884229743320457
2023-11-03 12:00:00,2023,11,3,12,4.3669230397477605,4.8002077711514675,-0.43328473140370694,0.43328473140370694
2023-11-03 18:00:00,2023,11,3,18,2.6124031009764246,2.47286655026684,0.1395365507095847,0.1395365507095847
2023-11-04 00:00:00,2023,11,4,0,1.929694089561141,1.847419286623169,0.08227480293797207,0.08227480293797207
2023-11-04 06:00:00,2023,11,4,6,2.358979233081458,2.4121631504521672,-0.05318391737070938,0.05318391737070938
2023-11-04 12:00:00,2023,11,4,12,4.594336369938775,4.508198904533591,0.08613746540518363,0.08613746540518363
2023-11-04 18:00:00,2023,11,4,18,2.9675588830853643,3.0784439822518803,-0.11088509916651601,0.11088509916651601
2023-11-05 00:00:00,2023,11,5,0,1.692431950026751,1.7857679676651956,-0.09333601763844457,0.09333601763844457
2023-11-05 06:00:00,2023,11,5,6,2.857548806178756,2.7928663979966766,0.0646824081820796,0.0646824081820796
2023-11-05 12:00:00,2023,11,5,12,4.385935838103703,4.676718246544141,-0.290782408440438,0.290782408440438
2023-11-05 18:00:00,2023,11,5,18,2.3409547025793365,2.4627306826023534,-0.12177598002301693,0.12177598002301693
2023-11-06 00:00:00,2023,11,6,0,2.513079664725729,2.541685489023982,-0.02860582429825298,0.02860582429825298
2023-11-06 06:00:00,2023,11,6,6,2.571017964409915,2.5025275685420834,0.06849039586783157,0.06849039586783157
2023-11-06 12:00:00,2023,11,6,12,4.527167188222767,4.496709002105746,0.03045818611702078,0.03045818611702078
2023-11-06 18:00:00,2023,11,6,18,2.7617288463007594,2.867699351889194,-0.10597050558843435,0.10597050558843435
2023-11-07 00:00:00,2023,11,7,0,1.9576015761477583,2.041472831935919,-0.08387125578816068,0.08387125578816068
2023-11-07 06:00:00,2023,11,7,6,2.7482837630628807,2.5996560039834162,0.14862775907946446,0.14862775907946446
2023-11-07 12:00:00,2023,11,7,12,4.964679002559678,4.955040745184182,0.00963825737549584,0.00963825737549584
2023-11-07 18:00:00,2023,11,7,18,2.5706469301800783,2.5067714023657723,0.06387552781430594,0.06387552781430594
2023-11-08 00:00:00,2023,11,8,0,1.9761001494693156,1.818408625281051,0.1576915241882646,0.1576915241882646
2023-11-08 06:00:00,2023,11,8,6,2.618388540628603,2.663440705186824,-0.04505216455822092,0.04505216455822092
2023-11-08 12:00:00,2023,11,8,12,4.618770241295158,4.4521184982765964,0.16665174301856123,0.16665174301856123
2023-11-08 18:00:00,2023,11,8,18,2.1859254870150333,2.2061334731759126,-0.020207986160879265,0.020207986160879265
2023-11-09 00:00:00,2023,11,9,0,2.202696567898204,1.715367146017693,0.4873294218805111,0.4873294218805111
2023-11-09 06:00:00,2023,11,9,6,2.3122897018562463,2.189697318307414,0.12259238354883228,0.12259238354883228
2023-11-09 12:00:00,2023,11,9,12,4.174574744112994,4.380023171220864,-0.2054484271078696,0.2054484271078696
2023-11-09 18:00:00,2023,11,9,18,2.172799740205725,2.1541167686379397,0.018682971567785422,0.018682971567785422
2023-11-10 00:00:00,2023,11,10,0,2.097134416691272,2.0424173617099095,0.0547170549813627,0.0547170549813627
2023-11-10 06:00:00,2023,11,10,6,2.4874876093210707,2.4019347632220485,0.08555284609902225,0.08555284609902225
2023-11-10 12:00:00,2023,11,10,12,4.077535533253104,4.181374902245829,-0.10383936899272506,0.10383936899272506
2023-11-10 18:00:00,2023,11,10,18,2.3772802199768326,2.410909709367707,-0.0336294893908744,0.0336294893908744
2023-11-11 00:00:00,2023,11,11,0,1.4635320698426315,1.1976291270277784,0.26590294281485316,0.26590294281485316
2023-11-11 06:00:00,2023,11,11,6,2.4725735908490667,2.298559784293631,0.17401380655543575,0.17401380655543575
2023-11-11 12:00:00,2023,11,11,12,4.372719022996735,4.251679457314561,0.12103956568217455,0.12103956568217455
2023-11-11 18:00:00,2023,11,11,18,2.281634932611166,2.531238307653162,-0.24960337504199615,0.24960337504199615
2023-11-12 00:00:00,2023,11,12,0,1.595346379793645,1.6165317845747667,-0.02118540478112174,0.02118540478112174
2023-11-12 06:00:00,2023,11,12,6,2.0143208570503446,1.957843491311992,0.0564773657383526,0.0564773657383526
2023-11-12 12:00:00,2023,11,12,12,3.92966721553353,4.04695376639257,-0.11728655085904016,0.11728655085904016
2023-11-12 18:00:00,2023,11,12,18,2.0754516123784312,2.220212589880025,-0.14476097750159367,0.14476097750159367
2023-11-13 00:00:00,2023,11,13,0,1.9792116357910456,1.7921468156268117,0.18706482016423398,0.18706482016423398
2023-11-13 06:00:00,2023,11,13,6,2.3419618748184217,2.549185388799819,-0.20722351398139738,0.20722351398139738
2023-11-13 12:00:00,2023,11,13,12,4.129463666853068,4.040623609440345,0.08884005741272283,0.08884005741272283
2023-11-13 18:00:00,2023,11,13,18,1.4612470199210068,1.8241085681107128,-0.36286154818970595,0.36286154818970595
2023-11-14 00:00:00,2023,11,14,0,1.6201237127453307,1.8936893981448066,-0.2735656853994759,0.2735656853994759
2023-11-14 06:00:00,2023,11,14,6,2.4580260275793853,2.4870117037463406,-0.028985676166955354,0.028985676166955354
2023-11-14 12:00:00,2023,11,14,12,3.989830302228172,4.062094926674205,-0.07226462444603321,0.07226462444603321
2023-11-14 18:00:00,2023,11,14,18,2.019820636807476,2.273336586053177,-0.2535159492457013,0.2535159492457013
2023-11-15 00:00:00,2023,11,15,0,1.6529645950642615,1.4397175408199723,0.21324705424428925,0.21324705424428925
2023-11-15 06:00:00,2023,11,15,6,1.863150808859112,1.8461331620044592,0.01701764685465279,0.01701764685465279
2023-11-15 12:00:00,2023,11,15,12,3.427229672119644,3.71697492266593,-0.28974525054628586,0.28974525054628586
2023-11-15 18:00:00,2023,11,15,18,2.31910148881545,2.4138704089735064,-0.09476892015805616,0.09476892015805616
2023-11-16 00:00:00,2023,11,16,0,2.025842878315757,1.7980631342379159,0.22777974407784107,0.22777974407784107
2023-11-16 06:00:00,2023,11,16,6,2.4661155197395024,2.273999464651137,0.19211605508836538,0.19211605508836538
2023-11-16 12:00:00,2023,11,16,12,3.809618056685683,3.906093855880703,-0.0964757991950198,0.0964757991950198
2023-11-16 18:00:00,2023,11,16,18,2.210479620996223,2.4096242553409706,-0.19914463434474738,0.19914463434474738
2023-11-17 00:00:00,2023,11,17,0,1.5361905528103317,1.9414318668631982,-0.40524131405286656,0.40524131405286656
2023-11-17 06:00:00,2023,11,17,6,2.553791944254852,2.330408931599511,0.22338301265534088,0.22338301265534088
2023-11-17 12:00:00,2023,11,17,12,3.951995063359503,3.907608950247909,0.04438611311159413,0.04438611311159413
2023-11-17 18:00:00,2023,11,17,18,2.130900629344403,2.067921910901099,0.06297871844330372,0.06297871844330372
2023-11-18 00:00:00,2023,11,18,0,1.901991331906829,1.8151923698227987,0.08679896208403015,0.08679896208403015
2023-11-18 06:00:00,2023,11,18,6,2.201264293716173,2.2969037565327906,-0.09563946281661773,0.09563946281661773
2023-11-18 12:00:00,2023,11,18,12,3.804948722528177,3.7382257339311717,0.0667229885970051,0.0667229885970051
2023-11-18 18:00:00,2023,11,18,18,1.8225919782649345,1.982241294518119,-0.15964931625318446,0.15964931625318446
2023-11-19 00:00:00,2023,11,19,0,1.3100275047770804,1.3245560895424162,-0.014528584765335806,0.014528584765335806
2023-11-19 06:00:00,2023,11,19,6,2.5048673550318368,2.3447477486550836,0.16011960637675315,0.16011960637675315
2023-11-19 12:00:00,2023,11,19,12,4.110087597845834,4.158353790547198,-0.04826619270136412,0.04826619270136412
2023-11-19 18:00:00,2023,11,19,18,1.917582410250522,1.8334897242064856,0.0840926860440363,0.0840926860440363
2023-11-20 00:00:00,2023,11,20,0,2.063230087463547,1.7409200063286605,0.32231008113488646,0.32231008113488646
2023-11-20 06:00:00,2023,11,20,6,2.469553752111078,2.4163342229212166,0.053219529189861614,0.053219529189861614
2023-11-20 12:00:00,2023,11,20,12,3.553871321404684,3.6556159111427986,-0.1017445897381144,0.1017445897381144
2023-11-20 18:00:00,2023,11,20,18,2.4046674886584705,2.392864888531167,0.011802600127303275,0.011802600127303275
2023-11-21 00:00:00,2023,11,21,0,1.5911814281354013,1.5603166274537383,0.030864800681662974,0.030864800681662974
2023-11-21 06:00:00,2023,11,21,6,2.116840499309329,2.04413108126164,0.07270941804768905,0.07270941804768905
2023-11-21 12:00:00,2023,11,21,12,3.355991682150701,3.6807752490051495,-0.3247835668544483,0.3247835668544483
2023-11-21 18:00:00,2023,11,21,18,1.9215610537519563,1.8874777572657861,0.034083296486170145,0.034083296486170145
2023-11-22 00:00:00,2023,11,22,0,1.4384174376664491,1.42292726645833,0.015490171208119241,0.015490171208119241
2023-11-22 06:00:00,2023,11,22,6,2.10110714489232,2.0965964558847094,0.0045106890076107575,0.0045106890076107575
2023-11-22 12:00:00,2023,11,22,12,4.066078691015536,3.923442585858085,0.14263610515745162,0.14263610515745162
2023-11-22 18:00:00,2023,11,22,18,2.0177988653076357,1.8381709672332749,0.17962789807436086,0.17962789807436086
2023-11-23 00:00:00,2023,11,23,0,1.7220471581109773,1.6046963747718086,0.11735078333916871,0.11735078333916871
2023-11-23 06:00:00,2023,11,23,6,1.7528897359366822,1.7904302507987502,-0.037540514862068,0.037540514862068
2023-11-23 12:00:00,2023,11,23,12,3.9795441821525097,3.8985491903366696,0.08099499181584013,0.08099499181584013
2023-11-23 18:00:00,2023,11,23,18,2.650584943389249,2.5474557131263604,0.10312923026288878,0.10312923026288878
2023-11-24 00:00:00,2023,11,24,0,1.4697202928157835,1.3377565240661269,0.13196376874965665,0.13196376874965665
2023-11-24 06:00:00,2023,11,24,6,1.8395379314422768,1.905865737509669,-0.06632780606739219,0.06632780606739219
2023-11-24 12:00:00,2023,11,24,12,3.984035492939558,3.8558501519428416,0.1281853409967164,0.1281853409967164
2023-11-24 18:00:00,2023,11,24,18,1.8148158517185728,1.706957183988882,0.10785866772969088,0.10785866772969088
2023-11-25 00:00:00,2023,11,25,0,1.5834274754275302,1.607267466456976,-0.023839991029445784,0.023839991029445784
2023-11-25 06:00:00,2023,11,25,6,1.968183554286628,1.781496170514164,0.18668738377246386,0.18668738377246386
2023-11-25 12:00:00,2023,11,25,12,2.9807088807484425,3.10932561248365,-0.1286167317352076,0.1286167317352076
2023-11-25 18:00:00,2023,11,25,18,2.3447442016123508,2.328924145726603,0.015820055885747752,0.015820055885747752
2023-11-26 00:00:00,2023,11,26,0,1.6707198994339991,1.6422770619739655,0.02844283746003362,0.02844283746003362
2023-11-26 06:00:00,2023,11,26,6,2.068981040757102,2.3927776129047116,-0.3237965721476095,0.3237965721476095
2023-11-26 12:00:00,2023,11,26,12,3.574444456714745,3.8058791527847,-0.23143469606995515,0.23143469606995515
2023-11-26 18:00:00,2023,11,26,18,1.946039081380576,1.936081745906478,0.009957335474097828,0.009957335474097828
2023-11-27 00:00:00,2023,11,27,0,1.7834377108104562,1.772015603997847,0.011422106812609245,0.011422106812609245
2023-11-27 06:00:00,2023,11,27,6,1.6313686096614968,1.6838804615952794,-0.052511851933782605,0.052511851933782605
2023-11-27 12:00:00,2023,11,27,12,3.7298455122750114,3.936623905076779,-0.20677839280176746,0.20677839280176746
2023-11-27 18:00:00,2023,11,27,18,2.5586163386832275,2.514260849479437,0.04435548920379029,0.04435548920379029
2023-11-28 00:00:00,2023,11,28,0,1.7047598540452893,1.5465452132788269,0.1582146407664624,0.1582146407664624
2023-11-28 06:00:00,2023,11,28,6,2.430769308530164,2.1519807929643577,0.2787885155658061,0.2787885155658061
2023-11-28 12:00:00,2023,11,28,12,4.011068485330465,3.8412353771973478,0.1698331081331168,0.1698331081331168
2023-11-28 18:00:00,2023,11,28,18,2.0218212855542763,2.0149897915725443,0.006831493981731995,0.006831493981731995
2023-11-29 00:00:00,2023,11,29,0,1.6506545922142537,1.6111820551296359,0.03947253708461784,0.03947253708461784
2023-11-29 06:00:00,2023,11,29,6,2.5021836874154277,2.501777749392594,0.0004059380228338405,0.0004059380228338405
2023-11-29 12:00:00,2023,11,29,12,3.615387588597243,3.57813468152071,0.03725290707653306,0.03725290707653306
2023-11-29 18:00:00,2023,11,29,18,1.9733065003220187,2.1506553941398603,-0.17734889381784158,0.17734889381784158
2023-11-30 00:00:00,2023,11,30,0,1.7238266450536357,1.5258730847352973,0.19795356031833844,0.19795356031833844
2023-11-30 06:00:00,2023,11,30,6,1.9660604713345256,1.8381411980943576,0.12791927324016794,0.12791927324016794
2023-11-30 12:00:00,2023,11,30,12,3.6627548800241705,3.5769631167992215,0.08579176322494897,0.08579176322494897
2023-11-30 18:00:00,2023,11,30,18,1.5922410539494931,1.5975244792990253,-0.005283425349532189,0.005283425349532189
2023-12-01 00:00:00,2023,12,1,0,1.6583705642229956,1.4982349239036619,0.1601356403193337,0.1601356403193337
2023-12-01 06:00:00,2023,12,1,6,1.9625207504918292,1.7064112308718988,0.25610951961993034,0.25610951961993034
2023-12-01 12:00:00,2023,12,1,12,3.729769340497274,3.6030540383354834,0.1267153021617906,0.1267153021617906
2023-12-01 18:00:00,2023,12,1,18,1.8960477981896096,1.820361146617955,0.07568665157165455,0.07568665157165455
2023-12-02 00:00:00,2023,12,2,0,1.3310229003451846,1.4557554753955695,-0.12473257505038493,0.12473257505038493
2023-12-02 06:00:00,2023,12,2,6,2.298783417450552,1.8823549874586603,0.4164284299918919,0.4164284299918919
2023-12-02 12:00:00,2023,12,2,12,3.329366507273479,3.363835651707091,-0.03446914443361182,0.03446914443361182
2023-12-02 18:00:00,2023,12,2,18,2.145270709094489,2.192200908540119,-0.04693019944562993,0.04693019944562993
2023-12-03 00:00:00,2023,12,3,0,1.613986911805127,1.6413590339795934,-0.027372122174466273,0.027372122174466273
2023-12-03 06:00:00,2023,12,3,6,2.07429639140369,1.9292804856244168,0.14501590577927304,0.14501590577927304
2023-12-03 12:00:00,2023,12,3,12,3.56093717330348,3.5537060003503815,0.007231172953098497,0.007231172953098497
2023-12-03 18:00:00,2023,12,3,18,1.7377516601276144,1.9171220999966583,-0.17937043986904389,0.17937043986904389
2023-12-04 00:00:00,2023,12,4,0,1.5651091132916992,1.559450109826603,0.005659003465096291,0.005659003465096291
2023-12-04 06:00:00,2023,12,4,6,2.0494676828835634,1.8805909054231889,0.16887677746037455,0.16887677746037455
2023-12-04 12:00:00,2023,12,4,12,3.7133294052899655,3.702540514013302,0.010788891276663382,0.010788891276663382
2023-12-04 18:00:00,2023,12,4,18,1.5134563632775049,1.5766821101031605,-0.06322574682565563,0.06322574682565563
2023-12-05 00:00:00,2023,12,5,0,1.6693975082685693,1.723487017120422,-0.05408950885185271,0.05408950885185271
2023-12-05 06:00:00,2023,12,5,6,1.8140030128293527,1.8394890789810119,-0.02548606615165916,0.02548606615165916
2023-12-05 12:00:00,2023,12,5,12,3.358682016027141,3.479546944472692,-0.12086492844555119,0.12086492844555119
2023-12-05 18:00:00,2023,12,5,18,1.324588692725839,1.518780921438882,-0.1941922287130431,0.1941922287130431
2023-12-06 00:00:00,2023,12,6,0,1.2357474722664872,1.4294847319125121,-0.19373725964602495,0.19373725964602495
2023-12-06 06:00:00,2023,12,6,6,1.6111435301068298,1.6579071843637356,-0.04676365425690587,0.04676365425690587
2023-12-06 12:00:00,2023,12,6,12,3.559388346273741,3.3503371548677348,0.20905119140600625,0.20905119140600625
2023-12-06 18:00:00,2023,12,6,18,2.049461039070793,1.9277950601869434,0.12166597888384945,0.12166597888384945
2023-12-07 00:00:00,2023,12,7,0,1.627756255306405,1.4634391974145171,0.164317057891888,0.164317057891888
2023-12-07 06:00:00,2023,12,7,6,1.9159723948339629,1.7055818426297007,0.21039055220426217,0.21039055220426217
2023-12-07 12:00:00,2023,12,7,12,3.8497787023840258,3.5252863558018515,0.3244923465821743,0.3244923465821743
2023-12-07 18:00:00,2023,12,7,18,1.6783779696145855,1.7160388998562837,-0.03766093024169814,0.03766093024169814
2023-12-08 00:00:00,2023,12,8,0,1.3846037191341944,1.638897094068277,-0.25429337493408255,0.25429337493408255
2023-12-08 06:00:00,2023,12,8,6,1.801513634967584,1.5929967972267123,0.2085168377408717,0.2085168377408717
2023-12-08 12:00:00,2023,12,8,12,3.771171329655656,3.4966849019142456,0.2744864277414103,0.2744864277414103
2023-12-08 18:00:00,2023,12,8,18,1.968607220042781,1.8882786300972543,0.08032858994552683,0.08032858994552683
2023-12-09 00:00:00,2023,12,9,0,1.3105573262262775,1.3262853050160586,-0.01572797878978105,0.01572797878978105
2023-12-09 06:00:00,2023,12,9,6,1.443052359914402,1.5276181872213432,-0.08456582730694118,0.08456582730694118
2023-12-09 12:00:00,2023,12,9,12,3.6280340421951145,3.5005980298335375,0.12743601236157698,0.12743601236157698
2023-12-09 18:00:00,2023,12,9,18,1.269797910083575,1.4645693665296289,-0.19477145644605387,0.19477145644605387
2023-12-10 00:00:00,2023,12,10,0,1.4257299231082727,1.5295569581774653,-0.10382703506919255,0.10382703506919255
2023-12-10 06:00:00,2023,12,10,6,1.9229788609630571,1.8917714412956808,0.03120741966737639,0.03120741966737639
2023-12-10 12:00:00,2023,12,10,12,3.873191891923284,3.724448402918875,0.14874348900440904,0.14874348900440904
2023-12-10 18:00:00,2023,12,10,18,1.1361574981944838,1.4451384266494167,-0.30898092845493297,0.30898092845493297
2023-12-11 00:00:00,2023,12,11,0,1.437416350289458,1.751168826435698,-0.31375247614624,0.31375247614624
2023-12-11 06:00:00,2023,12,11,6,2.131399464611973,1.97685833444754,0.15454113016443283,0.15454113016443283
2023-12-11 12:00:00,2023,12,11,12,3.2106766249985936,3.1761114048985113,0.03456522010008234,0.03456522010008234
2023-12-11 18:00:00,2023,12,11,18,1.5942523235398445,1.667341812056473,-0.07308948851662844,0.07308948851662844
2023-12-12 00:00:00,2023,12,12,0,1.368682574357721,1.4469196025257913,-0.07823702816807043,0.07823702816807043
2023-12-12 06:00:00,2023,12,12,6,1.6818285845567018,1.915385844575801,-0.23355726001909916,0.23355726001909916
2023-12-12 12:00:00,2023,12,12,12,3.217336822457103,3.359571065349045,-0.1422342428919423,0.1422342428919423
2023-12-12 18:00:00,2023,12,12,18,1.4962892740195062,1.525748975438987,-0.029459701419480844,0.029459701419480844
2023-12-13 00:00:00,2023,12,13,0,1.4656558999424978,1.630534698291922,-0.1648787983494242,0.1648787983494242
2023-12-13 06:00:00,2023,12,13,6,1.6380905867112172,1.636553743283726,0.0015368434274911635,0.0015368434274911635
2023-12-13 12:00:00,2023,12,13,12,3.758840815799782,3.490739131614097,0.26810168418568514,0.26810168418568514
2023-12-13 18:00:00,2023,12,13,18,1.899162911103464,1.6643307752707839,0.23483213583268014,0.23483213583268014
2023-12-14 00:00:00,2023,12,14,0,1.9714639198021096,1.629361999662466,0.3421019201396436,0.3421019201396436
2023-12-14 06:00:00,2023,12,14,6,1.4981896599105888,1.479464598926096,0.01872506098449289,0.01872506098449289
2023-12-14 12:00:00,2023,12,14,12,4.600090052440023,4.173584190045628,0.4265058623943947,0.4265058623943947
2023-12-14 18:00:00,2023,12,14,18,1.588301756488564,1.4607415271640212,0.1275602293245428,0.1275602293245428
2023-12-15 00:00:00,2023,12,15,0,1.4079328809712708,1.6209869063712044,-0.21305402539993357,0.21305402539993357
2023-12-15 06:00:00,2023,12,15,6,1.7837769391351164,1.8546765115924078,-0.0708995724572914,0.0708995724572914
2023-12-15 12:00:00,2023,12,15,12,3.3219698008800425,3.4358874513505233,-0.11391765047048086,0.11391765047048086
2023-12-15 18:00:00,2023,12,15,18,2.029487104172323,1.7509047009948864,0.27858240317743643,0.27858240317743643
2023-12-16 00:00:00,2023,12,16,0,1.9790488260121195,1.6639810739120224,0.3150677521000971,0.3150677521000971
2023-12-16 06:00:00,2023,12,16,6,1.8858686850423845,1.8581146227795988,0.02775406226278565,0.02775406226278565
2023-12-16 12:00:00,2023,12,16,12,3.5238438490054347,3.3128659003341054,0.21097794867132924,0.21097794867132924
2023-12-16 18:00:00,2023,12,16,18,1.6166020079644094,1.2945613249083943,0.3220406830560152,0.3220406830560152
2023-12-17 00:00:00,2023,12,17,0,1.7110816729794491,1.7065208084843018,0.004560864495147365,0.004560864495147365
2023-12-17 06:00:00,2023,12,17,6,1.5921799582471956,1.513719523062743,0.07846043518445267,0.07846043518445267
2023-12-17 12:00:00,2023,12,17,12,3.172507254527773,3.142781286676809,0.029725967850964263,0.029725967850964263
2023-12-17 18:00:00,2023,12,17,18,2.1050788445582174,2.06281442147701,0.04226442308120726,0.04226442308120726
2023-12-18 00:00:00,2023,12,18,0,1.6059251220996174,1.7245773062742962,-0.11865218417467882,0.11865218417467882
2023-12-18 06:00:00,2023,12,18,6,1.6274921015697943,1.8456965310126794,-0.2182044294428851,0.2182044294428851
2023-12-18 12:00:00,2023,12,18,12,3.108012234494971,3.151021746461113,-0.043009511966142,0.043009511966142
2023-12-18 18:00:00,2023,12,18,18,1.977809843324398,1.6977652485749712,0.2800445947494268,0.2800445947494268
2023-12-19 00:00:00,2023,12,19,0,1.3779830483276394,1.6013329292109268,-0.22334988088328744,0.22334988088328744
2023-12-19 06:00:00,2023,12,19,6,1.8722248143557192,1.6846044391914685,0.18762037516425067,0.18762037516425067
2023-12-19 12:00:00,2023,12,19,12,3.87961914855238,3.8822419783932793,-0.0026228298408992323,0.0026228298408992323
2023-12-19 18:00:00,2023,12,19,18,2.2264269113088693,1.9906970843884748,0.23572982692039446,0.23572982692039446
2023-12-20 00:00:00,2023,12,20,0,1.509680604644818,1.4418649924440508,0.06781561220076715,0.06781561220076715
2023-12-20 06:00:00,2023,12,20,6,1.367913158552842,1.3237475031180617,0.04416565543478024,0.04416565543478024
2023-12-20 12:00:00,2023,12,20,12,3.1085769668579304,3.0909529143439856,0.017624052513944832,0.017624052513944832
2023-12-20 18:00:00,2023,12,20,18,1.817645932122956,1.9633377386057644,-0.14569180648280833,0.14569180648280833
2023-12-21 00:00:00,2023,12,21,0,1.457041807568191,1.3338307893818198,0.12321101818637126,0.12321101818637126
2023-12-21 06:00:00,2023,12,21,6,2.4410971975810725,2.0939430078201866,0.34715418976088586,0.34715418976088586
2023-12-21 12:00:00,2023,12,21,12,3.2179776650982466,3.2881908659872146,-0.07021320088896799,0.07021320088896799
2023-12-21 18:00:00,2023,12,21,18,1.463862006117088,1.4381346719508223,0.025727334166265603,0.025727334166265603
2023-12-22 00:00:00,2023,12,22,0,1.4913157494420988,1.6262196591191622,-0.13490390967706345,0.13490390967706345
2023-12-22 06:00:00,2023,12,22,6,1.9068497621784368,1.8943005055963198,0.01254925658211703,0.01254925658211703
2023-12-22 12:00:00,2023,12,22,12,3.8107964059878503,3.7352195350016304,0.0755768709862199,0.0755768709862199
2023-12-22 18:00:00,2023,12,22,18,1.67556699548356,1.7282926501030689,-0.052725654619508955,0.052725654619508955
2023-12-23 00:00:00,2023,12,23,0,1.6168236224043102,1.6064915337704726,0.01033208863383761,0.01033208863383761
2023-12-23 06:00:00,2023,12,23,6,1.5225449135896842,1.6471258101784907,-0.12458089658880644,0.12458089658880644
2023-12-23 12:00:00,2023,12,23,12,3.0800137018694964,3.0466161534261733,0.0333975484433231,0.0333975484433231
2023-12-23 18:00:00,2023,12,23,18,1.066243479391596,1.2818594552684026,-0.2156159758768066,0.2156159758768066
2023-12-24 00:00:00,2023,12,24,0,1.654371941525148,1.5732537037966434,0.08111823772850468,0.08111823772850468
2023-12-24 06:00:00,2023,12,24,6,1.754153901656921,1.4761227206567717,0.27803118100014923,0.27803118100014923
2023-12-24 12:00:00,2023,12,24,12,3.136541076564004,3.385729422260458,-0.24918834569645432,0.24918834569645432
2023-12-24 18:00:00,2023,12,24,18,1.49612804296752,1.686619370896921,-0.19049132792940093,0.19049132792940093
2023-12-25 00:00:00,2023,12,25,0,1.8179050452117609,1.7065303569008408,0.11137468831092012,0.11137468831092012
2023-12-25 06:00:00,2023,12,25,6,1.482240596616892,1.3786254028429288,0.10361519377396311,0.10361519377396311
2023-12-25 12:00:00,2023,12,25,12,3.3381218127992063,3.2457169665413774,0.09240484625782885,0.09240484625782885
2023-12-25 18:00:00,2023,12,25,18,1.909950211539702,1.7376338161951714,0.17231639534453058,0.17231639534453058
2023-12-26 00:00:00,2023,12,26,0,1.9329455137196536,1.8725675255233631,0.06037798819629048,0.06037798819629048
2023-12-26 06:00:00,2023,12,26,6,1.845779326910748,1.7572894840451792,0.08848984286556894,0.08848984286556894
2023-12-26 12:00:00,2023,12,26,12,3.056070320805969,3.2975377749851567,-0.2414674541791877,0.2414674541791877
2023-12-26 18:00:00,2023,12,26,18,1.9450501982714723,1.8401271605439455,0.10492303772752676,0.10492303772752676
2023-12-27 00:00:00,2023,12,27,0,1.6853596452912682,1.6471537387467934,0.038205906544474866,0.038205906544474866
2023-12-27 06:00:00,2023,12,27,6,1.382416666445169,1.672103845850194,-0.2896871794050251,0.2896871794050251
2023-12-27 12:00:00,2023,12,27,12,3.192132224625931,3.430580779593973,-0.23844855496804174,0.23844855496804174
2023-12-27 18:00:00,2023,12,27,18,1.5741967543141837,1.3468104125536928,0.22738634176049088,0.22738634176049088
2023-12-28 00:00:00,2023,12,28,0,1.5998648765839314,1.6519163611689338,-0.05205148458500242,0.05205148458500242
2023-12-28 06:00:00,2023,12,28,6,1.5204317671500718,1.602250321422173,-0.08181855427210127,0.08181855427210127
2023-12-28 12:00:00,2023,12,28,12,3.191747517610845,3.2991645902318063,-0.10741707262096112,0.10741707262096112
2023-12-28 18:00:00,2023,12,28,18,1.7418038312001878,1.5467105058622252,0.19509332533796253,0.19509332533796253
2023-12-29 00:00:00,2023,12,29,0,1.5961997840450517,1.6132820812346906,-0.01708229718963894,0.01708229718963894
2023-12-29 06:00:00,2023,12,29,6,1.7764919161571964,1.5940788537129678,0.1824130624442286,0.1824130624442286
2023-12-29 12:00:00,2023,12,29,12,3.138835806293416,3.224329837147043,-0.08549403085362695,0.08549403085362695
2023-12-29 18:00:00,2023,12,29,18,1.5726028618352177,1.5433219085625005,0.02928095327271718,0.02928095327271718
2023-12-30 00:00:00,2023,12,30,0,1.4937761564062917,1.7101381199774626,-0.21636196357117088,0.21636196357117088
2023-12-30 06:00:00,2023,12,30,6,1.7825472230430488,1.75387726517772,0.028669957865328888,0.028669957865328888
2023-12-30 12:00:00,2023,12,30,12,2.934877690676572,2.9451019348458733,-0.010224244169301233,0.010224244169301233
2023-12-30 18:00:00,2023,12,30,18,1.4327133865840875,1.6035814403741717,-0.17086805379008418,0.17086805379008418
2023-12-31 00:00:00,2023,12,31,0,1.8104462152838572,1.775468371778622,0.03497784350523525,0.03497784350523525
2023-12-31 06:00:00,2023,12,31,6,1.7502509507142143,1.6175236938823851,0.13272725683182918,0.13272725683182918
2023-12-31 12:00:00,2023,12,31,12,2.9652068340039985,3.3378157531687958,-0.3726089191647972,0.3726089191647972
2023-12-31 18:00:00,2023,12,31,18,1.8318788415713885,1.566993981568175,0.26488486000321343,0.26488486000321343
2023-01-01 00:00:00,2023,1,1,0,2.664837070194264,2.6250006847546543,0.03983638543960977,0.03983638543960977
2023-01-01 06:00:00,2023,1,1,6,2.9956665825049797,2.9449249764563787,0.05074160604860101,0.05074160604860101
2023-01-01 12:00:00,2023,1,1,12,5.180248220594981,5.04973657082991,0.13051164976507135,0.13051164976507135
2023-01-01 18:00:00,2023,1,1,18,3.3333066034163905,3.1881556825497026,0.1451509208666879,0.1451509208666879
2023-01-02 00:00:00,2023,1,2,0,2.1994571828975413,2.3434026647313098,-0.14394548183376843,0.14394548183376843
2023-01-02 06:00:00,2023,1,2,6,3.0310134398942044,2.964799175773932,0.06621426412027231,0.06621426412027231
2023-01-02 12:00:00,2023,1,2,12,4.639888406493648,4.535199885290199,0.10468852120344874,0.10468852120344874
2023-01-02 18:00:00,2023,1,2,18,2.848266508767068,2.946477065223755,-0.09821055645668686,0.09821055645668686
2023-01-03 00:00:00,2023,1,3,0,2.279230954194121,2.427798538686788,-0.14856758449266705,0.14856758449266705
2023-01-03 06:00:00,2023,1,3,6,3.1832313568324984,2.9406985462887283,0.24253281054377007,0.24253281054377007
2023-01-03 12:00:00,2023,1,3,12,4.703590965817785,4.552779625601872,0.15081134021591325,0.15081134021591325
2023-01-03 18:00:00,2023,1,3,18,2.9645470083782826,2.890826829815869,0.07372017856241353,0.07372017856241353
2023-01-04 00:00:00,2023,1,4,0,2.567608141726128,2.45382060391457,0.11378753781155826,0.11378753781155826
2023-01-04 06:00:00,2023,1,4,6,3.014011628409936,2.9094592870953377,0.10455234131459834,0.10455234131459834
2023-01-04 12:00:00,2023,1,4,12,4.994339537176128,4.988722268514883,0.005617268661244346,0.005617268661244346
2023-01-04 18:00:00,2023,1,4,18,3.240464935301869,2.8957473731416377,0.3447175621602314,0.3447175621602314
2023-01-05 00:00:00,2023,1,5,0,2.437404061497388,2.5773422128830434,-0.13993815138565546,0.13993815138565546
2023-01-05 06:00:00,2023,1,5,6,3.067304930859713,2.901751830812397,0.16555310004731583,0.16555310004731583
2023-01-05 12:00:00,2023,1,5,12,4.964291361172566,4.9623029235237786,0.0019884376487873112,0.0019884376487873112
2023-01-05 18:00:00,2023,1,5,18,3.081640776043088,3.1531294818126745,-0.07148870576958632,0.07148870576958632
2023-01-06 00:00:00,2023,1,6,0,2.623446251408097,2.4198248025468025,0.2036214488612944,0.2036214488612944
2023-01-06 06:00:00,2023,1,6,6,3.217549104042283,2.976036470107501,0.24151263393478173,0.24151263393478173
2023-01-06 12:00:00,2023,1,6,12,4.705117269937421,4.380838158374254,0.32427911156316735,0.32427911156316735
2023-01-06 18:00:00,2023,1,6,18,2.602137275614804,2.840829804422016,-0.23869252880721215,0.23869252880721215
2023-01-07 00:00:00,2023,1,7,0,2.267660498238416,2.2601112163380104,0.007549281900405713,0.007549281900405713
2023-01-07 06:00:00,2023,1,7,6,2.7554941040371217,2.825487076000194,-0.0699929719630723,0.0699929719630723
2023-01-07 12:00:00,2023,1,7,12,4.537034236985056,4.271943081493052,0.2650911554920041,0.2650911554920041
2023-01-07 18:00:00,2023,1,7,18,2.505211297510435,2.5634685648514237,-0.05825726734098868,0.05825726734098868
2023-01-08 00:00:00,2023,1,8,0,2.5900578528360203,2.344672044950747,0.2453858078852731,0.2453858078852731
2023-01-08 06:00:00,2023,1,8,6,2.8229243948320577,2.926825130114586,-0.10390073528252808,0.10390073528252808
2023-01-08 12:00:00,2023,1,8,12,5.072479620422306,4.88337352773922,0.18910609268308587,0.18910609268308587
2023-01-08 18:00:00,2023,1,8,18,2.6725162426636584,2.8083886745802626,-0.13587243191660425,0.13587243191660425
2023-01-09 00:00:00,2023,1,9,0,2.196035197767821,2.3205020500784315,-0.1244668523106105,0.1244668523106105
2023-01-09 06:00:00,2023,1,9,6,2.7147305319077595,2.7402233009236445,-0.025492769015885042,0.025492769015885042
2023-01-09 12:00:00,2023,1,9,12,4.6345390609309804,4.683646258054209,-0.0491071971232282,0.0491071971232282
2023-01-09 18:00:00,2023,1,9,18,2.6401305955003225,2.676328938016745,-0.03619834251642251,0.03619834251642251
2023-01-10 00:00:00,2023,1,10,0,2.587296770949521,2.6020450589850794,-0.014748288035558499,0.014748288035558499
2023-01-10 06:00:00,2023,1,10,6,3.0682740486336777,3.0115498073299762,0.05672424130370146,0.05672424130370146
2023-01-10 12:00:00,2023,1,10,12,4.649093190501518,4.759009417886095,-0.10991622738457707,0.10991622738457707
2023-01-10 18:00:00,2023,1,10,18,2.84563031750508,2.823505996613253,0.0221243208918267,0.0221243208918267
2023-01-11 00:00:00,2023,1,11,0,2.3484877998289164,2.4990256249978757,-0.1505378251689593,0.1505378251689593
2023-01-11 06:00:00,2023,1,11,6,3.2276250589708813,3.054021734577376,0.17360332439350534,0.17360332439350534
2023-01-11 12:00:00,2023,1,11,12,4.761203449849274,4.958476375717528,-0.19727292586825396,0.19727292586825396
2023-01-11 18:00:00,2023,1,11,18,2.557687073770514,2.8520304885149175,-0.2943434147444033,0.2943434147444033
2023-01-12 00:00:00,2023,1,12,0,2.4195033589981416,2.5149289975669937,-0.09542563856885211,0.09542563856885211
2023-01-12 06:00:00,2023,1,12,6,2.954971891308427,3.1290903199653433,-0.17411842865691618,0.17411842865691618
2023-01-12 12:00:00,2023,1,12,12,4.689194861721197,4.590710247995328,0.09848461372586925,0.09848461372586925
2023-01-12 18:00:00,2023,1,12,18,2.94287677864617,2.9632349833531313,-0.02035820470696148,0.02035820470696148
2023-01-13 00:00:00,2023,1,13,0,2.5102018421291445,2.4401921479150874,0.07000969421405712,0.07000969421405712
2023-01-13 06:00:00,2023,1,13,6,2.924613166365387,3.1444175442706883,-0.21980437790530116,0.21980437790530116
2023-01-13 12:00:00,2023,1,13,12,5.033688014012319,4.972282899056698,0.06140511495562073,0.06140511495562073
2023-01-13 18:00:00,2023,1,13,18,2.7570669182064145,2.765992305351315,-0.008925387144900654,0.008925387144900654
2023-01-14 00:00:00,2023,1,14,0,2.493311724879696,2.438449343351395,0.05486238152830092,0.05486238152830092
2023-01-14 06:00:00,2023,1,14,6,3.018369966537573,2.8329715057866327,0.18539846075094024,0.18539846075094024
2023-01-14 12:00:00,2023,1,14,12,4.539193080101238,4.747286238900391,-0.20809315879915324,0.20809315879915324
2023-01-14 18:00:00,2023,1,14,18,2.8442024421617784,3.0332377132134996,-0.18903527105172113,0.18903527105172113
2023-01-15 00:00:00,2023,1,15,0,2.479760016753933,2.4304822006109044,0.04927781614302873,0.04927781614302873
2023-01-15 06:00:00,2023,1,15,6,2.8516667160197398,2.740637391209477,0.11102932481026295,0.11102932481026295
2023-01-15 12:00:00,2023,1,15,12,4.586658213681971,4.962426928796541,-0.3757687151145701,0.3757687151145701
2023-01-15 18:00:00,2023,1,15,18,2.999184248638942,2.9615442490451604,0.037639999593781504,0.037639999593781504
2023-01-16 00:00:00,2023,1,16,0,2.3924211488571894,2.4520861100975315,-0.05966496124034215,0.05966496124034215
2023-01-16 06:00:00,2023,1,16,6,2.5879597225987463,2.720042239765156,-0.13208251716640973,0.13208251716640973
2023-01-16 12:00:00,2023,1,16,12,4.966773738208831,5.240474624728487,-0.27370088651965574,0.27370088651965574
2023-01-16 18:00:00,2023,1,16,18,3.0843759531897685,2.969960711980268,0.11441524120950053,0.11441524120950053
2023-01-17 00:00:00,2023,1,17,0,2.3766888886743898,2.345379637521782,0.03130925115260785,0.03130925115260785
2023-01-17 06:00:00,2023,1,17,6,2.52859824009194,2.730783059740785,-0.20218481964884516,0.20218481964884516
2023-01-17 12:00:00,2023,1,17,12,4.790125500745666,5.040195286350351,-0.2500697856046852,0.2500697856046852
2023-01-17 18:00:00,2023,1,17,18,2.890484168568197,2.7172550628893464,0.17322910567885064,0.17322910567885064
2023-01-18 00:00:00,2023,1,18,0,2.2527267200068155,2.098158156058248,0.15456856394856766,0.15456856394856766
2023-01-18 06:00:00,2023,1,18,6,2.8366090960275203,2.7033932352795547,0.13321586074796565,0.13321586074796565
2023-01-18 12:00:00,2023,1,18,12,5.08156316861416,5.102146029321097,-0.020582860706936934,0.020582860706936934
2023-01-18 18:00:00,2023,1,18,18,3.230664226973468,3.028181727112427,0.20248249986104083,0.20248249986104083
2023-01-19 00:00:00,2023,1,19,0,1.8207684532531447,2.1356640221966954,-0.31489556894355064,0.31489556894355064
2023-01-19 06:00:00,2023,1,19,6,2.922774822856346,2.9436099649450154,-0.020835142088669212,0.020835142088669212
2023-01-19 12:00:00,2023,1,19,12,5.009248392371096,5.341613138581391,-0.33236474621029544,0.33236474621029544
2023-01-19 18:00:00,2023,1,19,18,3.1720245318005267,2.852797738881203,0.31922679291932354,0.31922679291932354
2023-01-20 00:00:00,2023,1,20,0,2.0293125430487127,2.2212014991798226,-0.1918889561311099,0.1918889561311099
2023-01-20 06:00:00,2023,1,20,6,2.6384215305847505,2.8306335822058255,-0.19221205162107502,0.19221205162107502
2023-01-20 12:00:00,2023,1,20,12,4.464710612236426,4.663432733079192,-0.19872212084276608,0.19872212084276608
2023-01-20 18:00:00,2023,1,20,18,2.65255478583731,2.75954907999425,-0.10699429415693995,0.10699429415693995
2023-01-21 00:00:00,2023,1,21,0,2.064763246141417,2.0710024686943322,-0.006239222552915091,0.006239222552915091
2023-01-21 06:00:00,2023,1,21,6,2.686791128380153,2.574130747908287,0.112660380471866,0.112660380471866
2023-01-21 12:00:00,2023,1,21,12,4.952593727908581,4.973299984506037,-0.02070625659745584,0.02070625659745584
2023-01-21 18:00:00,2023,1,21,18,2.909275549949769,2.855521854916364,0.05375369503340499,0.05375369503340499
2023-01-22 00:00:00,2023,1,22,0,2.763749877448359,2.3770878010091603,0.3866620764391988,0.3866620764391988
2023-01-22 06:00:00,2023,1,22,6,3.0322248588715395,2.8377909766839724,0.19443388218756708,0.19443388218756708
2023-01-22 12:00:00,2023,1,22,12,4.692958672344668,4.911591080401061,-0.2186324080563935,0.2186324080563935
2023-01-22 18:00:00,2023,1,22,18,2.669903580558169,2.7643831719465317,-0.09447959138836293,0.09447959138836293
2023-01-23 00:00:00,2023,1,23,0,2.515598799345971,2.285876306501703,0.22972249284426782,0.22972249284426782
2023-01-23 06:00:00,2023,1,23,6,2.453637652772344,2.6689158784362417,-0.21527822566389787,0.21527822566389787
2023-01-23 12:00:00,2023,1,23,12,4.766486098267246,4.977864042033431,-0.2113779437661849,0.2113779437661849
2023-01-23 18:00:00,2023,1,23,18,2.9491814638649405,2.8322643734278343,0.11691709043710619,0.11691709043710619
2023-01-24 00:00:00,2023,1,24,0,2.702950266010951,2.3812010352832136,0.3217492307277374,0.3217492307277374
2023-01-24 06:00:00,2023,1,24,6,2.4669459783509717,2.5193161486893025,-0.0523701703383308,0.0523701703383308
2023-01-24 12:00:00,2023,1,24,12,4.86313349976063,4.924426850350926,-0.06129335059029639,0.06129335059029639
2023-01-24 18:00:00,2023,1,24,18,2.9996520307314043,2.918219790842949,0.08143223988845527,0.08143223988845527
2023-01-25 00:00:00,2023,1,25,0,2.018958894744164,2.3201983988039254,-0.3012395040597613,0.3012395040597613
2023-01-25 06:00:00,2023,1,25,6,2.8055657321060545,2.8426919446634846,-0.037126212557430094,0.037126212557430094
2023-01-25 12:00:00,2023,1,25,12,4.258926637553021,4.4868802512475305,-0.22795361369450973,0.22795361369450973
2023-01-25 18:00:00,2023,1,25,18,2.9692195425669032,2.8219163637287044,0.14730317883819888,0.14730317883819888
2023-01-26 00:00:00,2023,1,26,0,2.413450746364059,2.4793520152177777,-0.06590126885371861,0.06590126885371861
2023-01-26 06:00:00,2023,1,26,6,2.7360716953141138,2.652494891050489,0.0835768042636249,0.0835768042636249
2023-01-26 12:00:00,2023,1,26,12,4.797809443485362,4.759083146602965,0.03872629688239737,0.03872629688239737
2023-01-26 18:00:00,2023,1,26,18,2.622484204021381,2.7222439677458703,-0.09975976372448914,0.09975976372448914
2023-01-27 00:00:00,2023,1,27,0,2.4740616361400547,2.4658741104127198,0.008187525727334943,0.008187525727334943
2023-01-27 06:00:00,2023,1,27,6,2.4856738221479686,2.6077518761423386,-0.12207805399437,0.12207805399437
2023-01-27 12:00:00,2023,1,27,12,5.37593213606609,5.195455872510836,0.1804762635552537,0.1804762635552537
2023-01-27 18:00:00,2023,1,27,18,2.2583057809114364,2.6128110588346685,-0.35450527792323205,0.35450527792323205
2023-01-28 00:00:00,2023,1,28,0,2.1555580657070257,2.2037842635570293,-0.048226197850003594,0.048226197850003594
2023-01-28 06:00:00,2023,1,28,6,2.492271345311478,2.5196669403778698,-0.027395595066391554,0.027395595066391554
2023-01-28 12:00:00,2023,1,28,12,4.503372159544355,4.883952297878533,-0.38058013833417803,0.38058013833417803
2023-01-28 18:00:00,2023,1,28,18,2.736112474200725,2.4676870661192565,0.2684254080814683,0.2684254080814683
2023-01-29 00:00:00,2023,1,29,0,2.346349301233801,2.306860723114158,0.039488578119643236,0.039488578119643236
2023-01-29 06:00:00,2023,1,29,6,2.8071650458611237,2.622846305929161,0.18431873993196257,0.18431873993196257
2023-01-29 12:00:00,2023,1,29,12,4.871964841926055,4.937233235850239,-0.0652683939241836,0.0652683939241836
2023-01-29 18:00:00,2023,1,29,18,2.6912045010118995,2.5898935306565427,0.10131097035535674,0.10131097035535674
2023-01-30 00:00:00,2023,1,30,0,2.6328344177792284,2.407116339598082,0.22571807818114653,0.22571807818114653
2023-01-30 06:00:00,2023,1,30,6,2.628103829612962,2.5703055013319065,0.05779832828105569,0.05779832828105569
2023-01-30 12:00:00,2023,1,30,12,4.773837955027712,4.774452390407475,-0.0006144353797630231,0.0006144353797630231
2023-01-30 18:00:00,2023,1,30,18,2.5934771169415125,2.4474386560327046,0.1460384609088079,0.1460384609088079
2023-01-31 00:00:00,2023,1,31,0,2.8698428725001075,2.4310965347124878,0.43874633778761973,0.43874633778761973
2023-01-31 06:00:00,2023,1,31,6,2.7102105314517915,2.77400203409927,-0.06379150264747846,0.06379150264747846
2023-01-31 12:00:00,2023,1,31,12,4.832577562483357,4.777684479117708,0.05489308336564935,0.05489308336564935
2023-01-31 18:00:00,2023,1,31,18,2.8145550422486947,2.659264127478688,0.15529091477000678,0.15529091477000678
2023-02-01 00:00:00,2023,2,1,0,2.1573673686384987,2.3698714988008187,-0.21250413016232006,0.21250413016232006
2023-02-01 06:00:00,2023,2,1,6,2.945226717751705,2.639709885162181,0.3055168325895239,0.3055168325895239
2023-02-01 12:00:00,2023,2,1,12,5.024678502161973,4.86978872385774,0.15488977830423334,0.15488977830423334
2023-02-01 18:00:00,2023,2,1,18,2.543170987551026,2.476021734960511,0.0671492525905153,0.0671492525905153
2023-02-02 00:00:00,2023,2,2,0,2.069639822689967,2.1821040562860636,-0.11246423359609681,0.11246423359609681
2023-02-02 06:00:00,2023,2,2,6,3.10310806574342,2.9579639657797676,0.14514409996365218,0.14514409996365218
2023-02-02 12:00:00,2023,2,2,12,4.768454316594232,4.9843074591225305,-0.21585314252829857,0.21585314252829857
2023-02-02 18:00:00,2023,2,2,18,3.302282335725611,2.98048140921269,0.3218009265129207,0.3218009265129207
2023-02-03 00:00:00,2023,2,3,0,2.165009073339104,2.0655911089848527,0.09941796435425143,0.09941796435425143
2023-02-03 06:00:00,2023,2,3,6,2.482069309702795,2.5889288125967407,-0.10685950289394563,0.10685950289394563
2023-02-03 12:00:00,2023,2,3,12,5.177214572394075,5.021503375494764,0.15571119689931034,0.15571119689931034
2023-02-03 18:00:00,2023,2,3,18,2.076396509295772,2.429933641206582,-0.35353713191081004,0.35353713191081004
2023-02-04 00:00:00,2023,2,4,0,2.177180569837376,2.334087704526638,-0.15690713468926232,0.15690713468926232
2023-02-04 06:00:00,2023,2,4,6,2.616366142516169,2.665268364774934,-0.04890222225876517,0.04890222225876517
2023-02-04 12:00:00,2023,2,4,12,4.976668424463044,5.010962162555964,-0.03429373809292002,0.03429373809292002
2023-02-04 18:00:00,2023,2,4,18,2.8044572419749554,2.6931102388729857,0.11134700310196965,0.11134700310196965
2023-02-05 00:00:00,2023,2,5,0,2.405305658207363,2.357152451238579,0.048153206968784,0.048153206968784
2023-02-05 06:00:00,2023,2,5,6,2.727003406192434,2.540932760135683,0.18607064605675117,0.18607064605675117
2023-02-05 12:00:00,2023,2,5,12,4.771687419357269,4.857469612076228,-0.08578219271895904,0.08578219271895904
2023-02-05 18:00:00,2023,2,5,18,2.318627949310509,2.684860527562071,-0.36623257825156186,0.36623257825156186
2023-02-06 00:00:00,2023,2,6,0,1.820221196599771,2.0010516607931477,-0.18083046419337667,0.18083046419337667
2023-02-06 06:00:00,2023,2,6,6,2.4158275224781613,2.670381028048626,-0.25455350557046463,0.25455350557046463
2023-02-06 12:00:00,2023,2,6,12,4.834198778956308,4.752665758639853,0.08153302031645548,0.08153302031645548
2023-02-06 18:00:00,2023,2,6,18,2.676632057517557,2.606591368756407,0.07004068876115,0.07004068876115
2023-02-07 00:00:00,2023,2,7,0,2.407851706478016,2.319236071051225,0.08861563542679107,0.08861563542679107
2023-02-07 06:00:00,2023,2,7,6,2.936166588852088,2.8164623297056313,0.11970425914645677,0.11970425914645677
2023-02-07 12:00:00,2023,2,7,12,4.603336068265305,4.54845815733091,0.05487791093439487,0.05487791093439487
2023-02-07 18:00:00,2023,2,7,18,2.3004867013319785,2.58179430560091,-0.2813076042689313,0.2813076042689313
2023-02-08 00:00:00,2023,2,8,0,2.238641779999664,2.2670232627343903,-0.028381482734726404,0.028381482734726404
2023-02-08 06:00:00,2023,2,8,6,2.661891097009491,2.6761802361254174,-0.014289139115926552,0.014289139115926552
2023-02-08 12:00:00,2023,2,8,12,5.066838123187441,4.899489792611593,0.16734833057584808,0.16734833057584808
2023-02-08 18:00:00,2023,2,8,18,2.9275455371014587,2.8155245749599387,0.11202096214152002,0.11202096214152002
2023-02-09 00:00:00,2023,2,9,0,2.5435630883784026,2.248046595885231,0.2955164924931717,0.2955164924931717
2023-02-09 06:00:00,2023,2,9,6,2.3962455272841305,2.6447073206320018,-0.24846179334787122,0.24846179334787122
2023-02-09 12:00:00,2023,2,9,12,4.758641301681627,4.8567180249800534,-0.09807672329842632,0.09807672329842632
2023-02-09 18:00:00,2023,2,9,18,2.6885676195456645,2.6257552512782896,0.06281236826737491,0.06281236826737491
2023-02-10 00:00:00,2023,2,10,0,2.3050357566866087,2.373478675851164,-0.06844291916455525,0.06844291916455525
2023-02-10 06:00:00,2023,2,10,6,2.489269163872892,2.493042771674739,-0.003773607801847323,0.003773607801847323
2023-02-10 12:00:00,2023,2,10,12,4.829943705447829,4.7965674594598005,0.033376245988028685,0.033376245988028685
2023-02-10 18:00:00,2023,2,10,18,2.839965655288831,2.6851129915345084,0.1548526637543226,0.1548526637543226
2023-02-11 00:00:00,2023,2,11,0,2.126633151710935,2.3150002813756876,-0.18836712966475266,0.18836712966475266
2023-02-11 06:00:00,2023,2,11,6,3.0342758889982253,2.7635347773475907,0.27074111165063464,0.27074111165063464
2023-02-11 12:00:00,2023,2,11,12,5.056591694406403,4.889984751474705,0.16660694293169787,0.16660694293169787
2023-02-11 18:00:00,2023,2,11,18,2.735636504463807,2.5787118047901774,0.15692469967362976,0.15692469967362976
2023-02-12 00:00:00,2023,2,12,0,2.951693251981463,2.8635524503565306,0.08814080162493232,0.08814080162493232
2023-02-12 06:00:00,2023,2,12,6,2.8386587181342526,2.9118780155455104,-0.07321929741125777,0.07321929741125777
2023-02-12 12:00:00,2023,2,12,12,5.07333683401266,4.9050318694852075,0.16830496452745258,0.16830496452745258
2023-02-12 18:00:00,2023,2,12,18,2.7517296733943706,2.7912521333137126,-0.039522459919342,0.039522459919342
2023-02-13 00:00:00,2023,2,13,0,1.8882574206256948,2.2087397314120687,-0.3204823107863739,0.3204823107863739
2023-02-13 06:00:00,2023,2,13,6,2.7228583520026075,2.710670422165022,0.012187929837585543,0.012187929837585543
2023-02-13 12:00:00,2023,2,13,12,4.8114472515096605,4.953702242548835,-0.1422549910391746,0.1422549910391746
2023-02-13 18:00:00,2023,2,13,18,3.093045763438504,3.0135135330342773,0.07953223040422674,0.07953223040422674
2023-02-14 00:00:00,2023,2,14,0,2.1136612012039238,2.0936872958646564,0.01997390533926735,0.01997390533926735
2023-02-14 06:00:00,2023,2,14,6,2.274501356482619,2.508911268513427,-0.23440991203080808,0.23440991203080808
2023-02-14 12:00:00,2023,2,14,12,4.963073579153371,4.715566080050771,0.24750749910259984,0.24750749910259984
2023-02-14 18:00:00,2023,2,14,18,2.9729098172924204,3.0796497990932523,-0.10673998180083188,0.10673998180083188
2023-02-15 00:00:00,2023,2,15,0,2.3983435067771364,2.2743596781058733,0.12398382867126312,0.12398382867126312
2023-02-15 06:00:00,2023,2,15,6,2.8143016730020074,2.8742495066872875,-0.059947833685280116,0.059947833685280116
2023-02-15 12:00:00,2023,2,15,12,4.836772058860087,4.875870759990482,-0.03909870113039471,0.03909870113039471
2023-02-15 18:00:00,2023,2,15,18,2.927306420905854,2.87828522372525,0.04902119718060405,0.04902119718060405
2023-02-16 00:00:00,2023,2,16,0,2.107314062398423,2.4068742604095434,-0.29956019801112044,0.29956019801112044
2023-02-16 06:00:00,2023,2,16,6,2.5449681937168127,2.675287753915597,-0.13031956019878432,0.13031956019878432
2023-02-16 12:00:00,2023,2,16,12,5.199977117002712,5.150036946921043,0.049940170081669066,0.049940170081669066
2023-02-16 18:00:00,2023,2,16,18,2.7092793364777386,2.699962851654482,0.009316484823256754,0.009316484823256754
2023-02-17 00:00:00,2023,2,17,0,2.1260935317423315,2.149627012053582,-0.023533480311250354,0.023533480311250354
2023-02-17 06:00:00,2023,2,17,6,2.9318211737600235,2.798758134962688,0.1330630387973355,0.1330630387973355
2023-02-17 12:00:00,2023,2,17,12,4.923258323951389,5.065980095831815,-0.14272177188042612,0.14272177188042612
2023-02-17 18:00:00,2023,2,17,18,2.7112841536163708,2.689888654903682,0.021395498712688976,0.021395498712688976
2023-02-18 00:00:00,2023,2,18,0,2.4151109827070165,2.5594981748639283,-0.14438719215691176,0.14438719215691176
2023-02-18 06:00:00,2023,2,18,6,2.9063742980394047,2.9839432363419114,-0.07756893830250666,0.07756893830250666
2023-02-18 12:00:00,2023,2,18,12,5.194848807362461,5.013553751096567,0.1812950562658937,0.1812950562658937
2023-02-18 18:00:00,2023,2,18,18,2.648439041963877,2.6268178315617203,0.0216212104021567,0.0216212104021567
2023-02-19 00:00:00,2023,2,19,0,2.188477431661034,2.2550426780460384,-0.0665652463850046,0.0665652463850046
2023-02-19 06:00:00,2023,2,19,6,2.42486870967876,2.5237287158863806,-0.09886000620762081,0.09886000620762081
2023-02-19 12:00:00,2023,2,19,12,4.804535287150424,4.961901724641364,-0.15736643749094004,0.15736643749094004
2023-02-19 18:00:00,2023,2,19,18,2.7523410592927595,2.5937268496890113,0.15861420960374817,0.15861420960374817
2023-02-20 00:00:00,2023,2,20,0,2.684105136957273,2.376501027925123,0.30760410903214996,0.30760410903214996
2023-02-20 06:00:00,2023,2,20,6,2.6425486747776152,2.7167488944032523,-0.07420021962563705,0.07420021962563705
2023-02-20 12:00:00,2023,2,20,12,4.757341760746983,4.868307886584642,-0.11096612583765886,0.11096612583765886
2023-02-20 18:00:00,2023,2,20,18,2.9494107220095303,2.69943658569413,0.24997413631540022,0.24997413631540022
2023-02-21 00:00:00,2023,2,21,0,2.1368164238160663,2.2959710931102597,-0.15915466929419342,0.15915466929419342
2023-02-21 06:00:00,2023,2,21,6,2.600144121533643,2.567428337596262,0.03271578393738084,0.03271578393738084
2023-02-21 12:00:00,2023,2,21,12,5.043314395319282,4.9759072006552465,0.06740719466403533,0.06740719466403533
2023-02-21 18:00:00,2023,2,21,18,2.8911165263851526,2.7200959629143813,0.17102056347077133,0.17102056347077133
2023-02-22 00:00:00,2023,2,22,0,2.51348972454398,2.5456943499339513,-0.032204625389971486,0.032204625389971486
2023-02-22 06:00:00,2023,2,22,6,3.08932694691497,3.0404473874837237,0.04887955943124611,0.04887955943124611
2023-02-22 12:00:00,2023,2,22,12,4.83695632445956,4.94215655459875,-0.10520023013918944,0.10520023013918944
2023-02-22 18:00:00,2023,2,22,18,2.525228997504096,2.791434220456022,-0.26620522295192606,0.26620522295192606
2023-02-23 00:00:00,2023,2,23,0,2.2069862452888054,2.296756432851728,-0.08977018756292265,0.08977018756292265
2023-02-23 06:00:00,2023,2,23,6,2.8321886007573944,2.7674273104772107,0.06476129028018374,0.06476129028018374
2023-02-23 12:00:00,2023,2,23,12,4.90189942543726,5.018068175854503,-0.11616875041724306,0.11616875041724306
2023-02-23 18:00:00,2023,2,23,18,2.666951695302219,2.667981845374287,-0.0010301500720681922,0.0010301500720681922
2023-02-24 00:00:00,2023,2,24,0,2.098210285412327,2.079038711922617,0.019171573489709992,0.019171573489709992
2023-02-24 06:00:00,2023,2,24,6,2.9353074693726118,2.7103122512574918,0.22499521811512002,0.22499521811512002
2023-02-24 12:00:00,2023,2,24,12,4.956033709274083,4.982988580503138,-0.026954871229055044,0.026954871229055044
2023-02-24 18:00:00,2023,2,24,18,3.035660610678795,2.94792517227696,0.08773543840183518,0.08773543840183518
2023-02-25 00:00:00,2023,2,25,0,2.207210723730343,2.402132688644334,-0.19492196491399083,0.19492196491399083
2023-02-25 06:00:00,2023,2,25,6,2.5351653111908767,2.888254832805676,-0.3530895216147991,0.3530895216147991
2023-02-25 12:00:00,2023,2,25,12,4.692806462136829,4.8009007143576685,-0.10809425222083924,0.10809425222083924
2023-02-25 18:00:00,2023,2,25,18,2.734766511235448,2.8061346942769894,-0.07136818304154158,0.07136818304154158
2023-02-26 00:00:00,2023,2,26,0,2.554725802144328,2.4792910011807003,0.07543480096362787,0.07543480096362787
2023-02-26 06:00:00,2023,2,26,6,3.0138327527883737,2.8476029426509917,0.16622981013738203,0.16622981013738203
2023-02-26 12:00:00,2023,2,26,12,5.132216619805881,5.249788267055096,-0.11757164724921498,0.11757164724921498
2023-02-26 18:00:00,2023,2,26,18,2.658034771011772,2.753630708369134,-0.09559593735736183,0.09559593735736183
2023-02-27 00:00:00,2023,2,27,0,2.705634627894594,2.7550116281580985,-0.049377000263504556,0.049377000263504556
2023-02-27 06:00:00,2023,2,27,6,3.102177443769436,2.9417533374759812,0.16042410629345483,0.16042410629345483
2023-02-27 12:00:00,2023,2,27,12,5.248740152069808,5.082219486893941,0.1665206651758666,0.1665206651758666
2023-02-27 18:00:00,2023,2,27,18,2.603471133961878,2.7659464958445263,-0.16247536188264844,0.16247536188264844
2023-02-28 00:00:00,2023,2,28,0,2.109033426861154,2.351765225494187,-0.24273179863303307,0.24273179863303307
2023-02-28 06:00:00,2023,2,28,6,2.746611897587785,2.890390138103225,-0.14377824051543975,0.14377824051543975
2023-02-28 12:00:00,2023,2,28,12,5.536520953971035,5.352235194630345,0.18428575934068991,0.18428575934068991
2023-02-28 18:00:00,2023,2,28,18,2.529736388586511,2.649313445950626,-0.11957705736411484,0.11957705736411484
2023-03-01 00:00:00,2023,3,1,0,2.484072522431777,2.4310775795066504,0.05299494292512641,0.05299494292512641
2023-03-01 06:00:00,2023,3,1,6,3.0498029119774794,2.808477898450138,0.24132501352734126,0.24132501352734126
2023-03-01 12:00:00,2023,3,1,12,4.941236890263985,4.997185369401614,-0.055948479137629015,0.055948479137629015
2023-03-01 18:00:00,2023,3,1,18,2.697522779856366,2.7661053342235737,-0.06858255436720784,0.06858255436720784
2023-03-02 00:00:00,2023,3,2,0,2.2895323392437845,2.2718830953334836,0.01764924391030087,0.01764924391030087
2023-03-02 06:00:00,2023,3,2,6,2.555939714201432,2.802217656177207,-0.2462779419757748,0.2462779419757748
2023-03-02 12:00:00,2023,3,2,12,4.889770693289656,5.0736200649825305,-0.1838493716928742,0.1838493716928742
2023-03-02 18:00:00,2023,3,2,18,2.609314888064441,2.615706774631165,-0.006391886566723848,0.006391886566723848
2023-03-03 00:00:00,2023,3,3,0,2.4390428445013046,2.601454009851565,-0.16241116535026023,0.16241116535026023
2023-03-03 06:00:00,2023,3,3,6,3.209032815665322,2.8889382713707272,0.32009454429459483,0.32009454429459483
2023-03-03 12:00:00,2023,3,3,12,5.1996818477709645,5.295274729969635,-0.09559288219867046,0.09559288219867046
2023-03-03 18:00:00,2023,3,3,18,2.8726409003763607,2.8667637242526167,0.0058771761237439435,0.0058771761237439435
2023-03-04 00:00:00,2023,3,4,0,2.6520945644901674,2.725555060679337,-0.07346049618916961,0.07346049618916961
2023-03-04 06:00:00,2023,3,4,6,2.9426979930112185,3.0045930034942128,-0.061895010482994284,0.061895010482994284
2023-03-04 12:00:00,2023,3,4,12,5.090398891299433,5.180549159493175,-0.09015026819374228,0.09015026819374228
2023-03-04 18:00:00,2023,3,4,18,2.6102086679451157,2.9264143108644034,-0.31620564291928765,0.31620564291928765
2023-03-05 00:00:00,2023,3,5,0,2.5569623566442883,2.6450232466946337,-0.08806089005034545,0.08806089005034545
2023-03-05 06:00:00,2023,3,5,6,3.186880696749846,2.9316393778444447,0.25524131890540147,0.25524131890540147
2023-03-05 12:00:00,2023,3,5,12,5.453835764734552,5.222679387197651,0.23115637753690077,0.23115637753690077
2023-03-05 18:00:00,2023,3,5,18,2.669748506782482,2.8159312324651244,-0.14618272568264246,0.14618272568264246
2023-03-06 00:00:00,2023,3,6,0,2.328333473504264,2.619420489892689,-0.29108701638842494,0.29108701638842494
2023-03-06 06:00:00,2023,3,6,6,2.4431132880046547,2.8247123568303723,-0.3815990688257176,0.3815990688257176
2023-03-06 12:00:00,2023,3,6,12,5.302564272985723,5.39965917849396,-0.09709490550823663,0.09709490550823663
2023-03-06 18:00:00,2023,3,6,18,2.741403473717977,2.845827731423874,-0.10442425770589692,0.10442425770589692
2023-03-07 00:00:00,2023,3,7,0,2.594557677438265,2.5116727444895504,0.08288493294871468,0.08288493294871468
2023-03-07 06:00:00,2023,3,7,6,2.778641511544588,2.885917702388611,-0.10727619084402296,0.10727619084402296
2023-03-07 12:00:00,2023,3,7,12,5.676715421807769,5.491166610248783,0.18554881155898606,0.18554881155898606
2023-03-07 18:00:00,2023,3,7,18,3.042845641120248,2.9560449261220407,0.08680071499820707,0.08680071499820707
2023-03-08 00:00:00,2023,3,8,0,2.574843962910235,2.5259709676974738,0.04887299521276134,0.04887299521276134
2023-03-08 06:00:00,2023,3,8,6,2.7626302019149853,2.8736731706251475,-0.11104296871016217,0.11104296871016217
2023-03-08 12:00:00,2023,3,8,12,5.415847834468643,5.181294571699074,0.23455326276956878,0.23455326276956878
2023-03-08 18:00:00,2023,3,8,18,2.8120047391372927,2.715264547331016,0.09674019180627669,0.09674019180627669
2023-03-09 00:00:00,2023,3,9,0,2.32560120920097,2.528198220213565,-0.20259701101259475,0.20259701101259475
2023-03-09 06:00:00,2023,3,9,6,3.0361857421024667,2.9449184920939135,0.09126725000855318,0.09126725000855318
2023-03-09 12:00:00,2023,3,9,12,5.171370630952577,5.234491309636526,-0.06312067868394955,0.06312067868394955
2023-03-09 18:00:00,2023,3,9,18,2.841265209775977,2.7325157976999677,0.1087494120760093,0.1087494120760093
2023-03-10 00:00:00,2023,3,10,0,2.60484541196238,2.5813221973695772,0.0235232145928026,0.0235232145928026
2023-03-10 06:00:00,2023,3,10,6,3.1754526146973365,2.9198495624954526,0.25560305220188395,0.25560305220188395
2023-03-10 12:00:00,2023,3,10,12,5.198457297380783,5.4533196081865905,-0.254862310805807,0.254862310805807
2023-03-10 18:00:00,2023,3,10,18,2.9761026326804463,2.9240552966020803,0.05204733607836598,0.05204733607836598
2023-03-11 00:00:00,2023,3,11,0,2.4333421418281524,2.6100923724988525,-0.17675023067070006,0.17675023067070006
2023-03-11 06:00:00,2023,3,11,6,3.147511037317664,2.808916793198458,0.3385942441192058,0.3385942441192058
2023-03-11 12:00:00,2023,3,11,12,4.782207890012115,5.203140607684837,-0.4209327176727218,0.4209327176727218
2023-03-11 18:00:00,2023,3,11,18,3.46615237456369,3.2411954033735086,0.22495697119018132,0.22495697119018132
2023-03-12 00:00:00,2023,3,12,0,2.522995844151374,2.4437270355716207,0.07926880857975327,0.07926880857975327
2023-03-12 06:00:00,2023,3,12,6,2.7196859886661904,3.0285587020049833,-0.30887271333879296,0.30887271333879296
2023-03-12 12:00:00,2023,3,12,12,5.280055045858777,5.169721303365025,0.1103337424937525,0.1103337424937525
2023-03-12 18:00:00,2023,3,12,18,2.5190760944498654,2.8045919675749165,-0.2855158731250511,0.2855158731250511
2023-03-13 00:00:00,2023,3,13,0,2.377680747256014,2.566688726817357,-0.18900797956134285,0.18900797956134285
2023-03-13 06:00:00,2023,3,13,6,3.2774988121548603,3.314893640318669,-0.03739482816380857,0.03739482816380857
2023-03-13 12:00:00,2023,3,13,12,5.265589645118852,5.366266784711789,-0.10067713959293734,0.10067713959293734
2023-03-13 18:00:00,2023,3,13,18,3.0757776608913647,3.0798062702796747,-0.004028609388309956,0.004028609388309956
2023-03-14 00:00:00,2023,3,14,0,2.1533700125035624,2.2116499287047495,-0.05827991620118711,0.05827991620118711
2023-03-14 06:00:00,2023,3,14,6,3.1279721440480026,3.0807836736590923,0.047188470388910275,0.047188470388910275
2023-03-14 12:00:00,2023,3,14,12,5.111941098950815,5.298763613278698,-0.18682251432788277,0.18682251432788277
2023-03-14 18:00:00,2023,3,14,18,3.0590434406253664,2.8790008439045134,0.180042596720853,0.180042596720853
2023-03-15 00:00:00,2023,3,15,0,2.0384765081641656,2.4614684940898166,-0.422991985925651,0.422991985925651
2023-03-15 06:00:00,2023,3,15,6,3.1050898911855858,2.8937741366608303,0.21131575452475548,0.21131575452475548
2023-03-15 12:00:00,2023,3,15,12,5.383946984079827,5.390729663306656,-0.006782679226828847,0.006782679226828847
2023-03-15 18:00:00,2023,3,15,18,2.8715684098624203,2.920879281150426,-0.04931087128800549,0.04931087128800549
2023-03-16 00:00:00,2023,3,16,0,2.647143178951808,2.54890921246241,0.09823396648939786,0.09823396648939786
2023-03-16 06:00:00,2023,3,16,6,2.985107739809381,2.99747022943132,-0.012362489621938977,0.012362489621938977
2023-03-16 12:00:00,2023,3,16,12,5.284302407215831,5.278056700260543,0.006245706955287922,0.006245706955287922
2023-03-16 18:00:00,2023,3,16,18,3.220648169965716,3.0253952613262083,0.19525290863950762,0.19525290863950762
2023-03-17 00:00:00,2023,3,17,0,2.257191805131165,2.5323802714325128,-0.27518846630134775,0.27518846630134775
2023-03-17 06:00:00,2023,3,17,6,3.016807317896516,3.1939099071090724,-0.17710258921255662,0.17710258921255662
2023-03-17 12:00:00,2023,3,17,12,5.445855397254685,5.382307475899878,0.06354792135480736,0.06354792135480736
2023-03-17 18:00:00,2023,3,17,18,2.851023218177075,2.928950734814134,-0.07792751663705877,0.07792751663705877
2023-03-18 00:00:00,2023,3,18,0,2.608932296223011,2.4662837696366235,0.14264852658638727,0.14264852658638727
2023-03-18 06:00:00,2023,3,18,6,3.264119672102762,2.9332916591295697,0.3308280129731922,0.3308280129731922
2023-03-18 12:00:00,2023,3,18,12,5.418600762050258,5.372896123978108,0.045704638072150416,0.045704638072150416
2023-03-18 18:00:00,2023,3,18,18,2.789492510993947,3.0695803596204865,-0.2800878486265397,0.2800878486265397
2023-03-19 00:00:00,2023,3,19,0,2.4375166257524143,2.5781539956022756,-0.1406373698498613,0.1406373698498613
2023-03-19 06:00:00,2023,3,19,6,2.7579237638920486,3.0579304805249468,-0.30000671663289813,0.30000671663289813
2023-03-19 12:00:00,2023,3,19,12,5.511671360711107,5.377863614343504,0.1338077463676033,0.1338077463676033
2023-03-19 18:00:00,2023,3,19,18,2.990854744481209,3.1405701840922924,-0.14971543961108358,0.14971543961108358
2023-03-20 00:00:00,2023,3,20,0,2.8174125754069506,2.8233952378862464,-0.005982662479295797,0.005982662479295797
2023-03-20 06:00:00,2023,3,20,6,2.928446361117937,2.9786011477102154,-0.050154786592278455,0.050154786592278455
2023-03-20 12:00:00,2023,3,20,12,6.029675232068637,5.768166746820422,0.261508485248215,0.261508485248215
2023-03-20 18:00:00,2023,3,20,18,3.4019214141100638,3.3469858021041596,0.05493561200590413,0.05493561200590413
2023-03-21 00:00:00,2023,3,21,0,2.78811948843872,2.8279708899042224,-0.039851401465502256,0.039851401465502256
2023-03-21 06:00:00,2023,3,21,6,2.7363428862939894,2.8888229035216866,-0.15248001722769722,0.15248001722769722
2023-03-21 12:00:00,2023,3,21,12,5.827944988152258,5.6170526960951905,0.21089229205706772,0.21089229205706772
2023-03-21 18:00:00,2023,3,21,18,2.9325527719746107,3.0381140378531373,-0.10556126587852654,0.10556126587852654
2023-03-22 00:00:00,2023,3,22,0,2.634657510730698,2.7926329582184684,-0.15797544748777037,0.15797544748777037
2023-03-22 06:00:00,2023,3,22,6,2.982439427511825,3.0678303678130634,-0.0853909403012385,0.0853909403012385
2023-03-22 12:00:00,2023,3,22,12,6.118853375947092,5.8769000086933065,0.24195336725378525,0.24195336725378525
2023-03-22 18:00:00,2023,3,22,18,2.966924449136984,2.984551153864482,-0.017626704727498055,0.017626704727498055
2023-03-23 00:00:00,2023,3,23,0,2.719929751593382,2.808331866275541,-0.0884021146821592,0.0884021146821592
2023-03-23 06:00:00,2023,3,23,6,2.8045665425918758,2.872980025828452,-0.06841348323657614,0.06841348323657614
2023-03-23 12:00:00,2023,3,23,12,5.594786786043676,5.482597934930334,0.1121888511133422,0.1121888511133422
2023-03-23 18:00:00,2023,3,23,18,3.06262963801601,3.0921211496303793,-0.029491511614369248,0.029491511614369248
2023-03-24 00:00:00,2023,3,24,0,2.3207977768309447,2.510376621163748,-0.18957884433280325,0.18957884433280325
2023-03-24 06:00:00,2023,3,24,6,2.950646139466195,3.0476156789520505,-0.09696953948585563,0.09696953948585563
2023-03-24 12:00:00,2023,3,24,12,5.831087656232644,5.918131574929707,-0.08704391869706285,0.08704391869706285
2023-03-24 18:00:00,2023,3,24,18,2.741421153418761,2.9290900769778427,-0.1876689235590816,0.1876689235590816
2023-03-25 00:00:00,2023,3,25,0,2.8220604909918565,2.774066339409158,0.047994151582698485,0.047994151582698485
2023-03-25 06:00:00,2023,3,25,6,3.0997115249866085,3.0627964273059716,0.036915097680636944,0.036915097680636944
2023-03-25 12:00:00,2023,3,25,12,5.670018863724641,5.642753217873782,0.02726564585085889,0.02726564585085889
2023-03-25 18:00:00,2023,3,25,18,3.2147527689415973,3.0203474311360603,0.19440533780553704,0.19440533780553704
2023-03-26 00:00:00,2023,3,26,0,2.824001842306125,2.8374507436211966,-0.013448901315071815,0.013448901315071815
2023-03-26 06:00:00,2023,3,26,6,3.0871942388096705,3.1810148413919657,-0.09382060258229519,0.09382060258229519
2023-03-26 12:00:00,2023,3,26,12,5.671560385489083,5.805729851367674,-0.1341694658785908,0.1341694658785908
2023-03-26 18:00:00,2023,3,26,18,3.548858699016297,3.3119099821270703,0.23694871688922658,0.23694871688922658
2023-03-27 00:00:00,2023,3,27,0,2.7151436482346383,2.8264294924028808,-0.1112858441682425,0.1112858441682425
2023-03-27 06:00:00,2023,3,27,6,3.014523066281945,3.111738298672073,-0.0972152323901283,0.0972152323901283
2023-03-27 12:00:00,2023,3,27,12,5.525397723158444,5.600172915527682,-0.07477519236923769,0.07477519236923769
2023-03-27 18:00:00,2023,3,27,18,3.105935815425648,3.114695210956783,-0.008759395531134917,0.008759395531134917
2023-03-28 00:00:00,2023,3,28,0,2.574236018811667,2.5870135219378976,-0.012777503126230716,0.012777503126230716
2023-03-28 06:00:00,2023,3,28,6,3.190936416451467,3.075354357046867,0.11558205940459976,0.11558205940459976
2023-03-28 12:00:00,2023,3,28,12,5.87037684824589,5.927463093235516,-0.05708624498962589,0.05708624498962589
2023-03-28 18:00:00,2023,3,28,18,3.6213625420108144,3.4052955875038777,0.2160669545069367,0.2160669545069367
2023-03-29 00:00:00,2023,3,29,0,2.754474786057953,2.693612019115937,0.06086276694201587,0.06086276694201587
2023-03-29 06:00:00,2023,3,29,6,3.093654982022444,3.1167981911235447,-0.02314320910110057,0.02314320910110057
2023-03-29 12:00:00,2023,3,29,12,6.0456532600496775,5.910529345454837,0.13512391459484085,0.13512391459484085
2023-03-29 18:00:00,2023,3,29,18,3.337914509325587,3.012545007894846,0.32536950143074117,0.32536950143074117
2023-03-30 00:00:00,2023,3,30,0,2.878552655785257,2.8264263715262867,0.05212628425897048,0.05212628425897048
2023-03-30 06:00:00,2023,3,30,6,3.4726536328120936,3.2463142801387903,0.2263393526733033,0.2263393526733033
2023-03-30 12:00:00,2023,3,30,12,5.766162597987371,5.797006890320077,-0.03084429233270569,0.03084429233270569
2023-03-30 18:00:00,2023,3,30,18,3.0044824840821587,3.2964891994360093,-0.2920067153538506,0.2920067153538506
2023-03-31 00:00:00,2023,3,31,0,2.9563747256090323,2.8964240091942473,0.059950716414785,0.059950716414785
2023-03-31 06:00:00,2023,3,31,6,3.604609939789541,3.46875596180674,0.13585397798280097,0.13585397798280097
2023-03-31 12:00:00,2023,3,31,12,5.46758134771667,5.6435860991322775,-0.17600475141560779,0.17600475141560779
2023-03-31 18:00:00,2023,3,31,18,3.3828748506759534,3.217207822065793,0.16566702861016047,0.16566702861016047
2023-04-01 00:00:00,2023,4,1,0,2.5245151550796487,2.6800393322055673,-0.1555241771259186,0.1555241771259186
2023-04-01 06:00:00,2023,4,1,6,3.424008693004128,3.368372549233691,0.05563614377043713,0.05563614377043713
2023-04-01 12:00:00,2023,4,1,12,5.557107395240369,5.544488044618436,0.012619350621932313,0.012619350621932313
2023-04-01 18:00:00,2023,4,1,18,3.1439870120045645,3.170546292740579,-0.026559280736014657,0.026559280736014657
2023-04-02 00:00:00,2023,4,2,0,2.682492378103985,2.6777781657749373,0.004714212329047562,0.004714212329047562
2023-04-02 06:00:00,2023,4,2,6,3.658317579748961,3.6163571755587878,0.04196040419017333,0.04196040419017333
2023-04-02 12:00:00,2023,4,2,12,5.812729816330494,5.814175275602332,-0.0014454592718378123,0.0014454592718378123
2023-04-02 18:00:00,2023,4,2,18,3.186044530841893,3.1401417810440764,0.04590274979781661,0.04590274979781661
2023-04-03 00:00:00,2023,4,3,0,2.8935601114907685,3.0068851543503667,-0.11332504285959821,0.11332504285959821
2023-04-03 06:00:00,2023,4,3,6,2.815249181261785,2.944513053371395,-0.1292638721096102,0.1292638721096102
2023-04-03 12:00:00,2023,4,3,12,5.886604690914404,5.894149859371843,-0.007545168457438578,0.007545168457438578
2023-04-03 18:00:00,2023,4,3,18,3.068519000313748,3.1528763906756065,-0.08435739036185863,0.08435739036185863
2023-04-04 00:00:00,2023,4,4,0,2.6101287517844707,2.7028951057837567,-0.09276635399928601,0.09276635399928601
2023-04-04 06:00:00,2023,4,4,6,3.2213894476789204,3.313624431632106,-0.09223498395318552,0.09223498395318552
2023-04-04 12:00:00,2023,4,4,12,6.288536829391951,6.036956404373291,0.25158042501865996,0.25158042501865996
2023-04-04 18:00:00,2023,4,4,18,3.2388655843907808,3.302489090649857,-0.0636235062590762,0.0636235062590762
2023-04-05 00:00:00,2023,4,5,0,2.479779250335863,2.7394776885036176,-0.25969843816775473,0.25969843816775473
2023-04-05 06:00:00,2023,4,5,6,3.70759216251984,3.6342652431788784,0.07332691934096136,0.07332691934096136
2023-04-05 12:00:00,2023,4,5,12,5.520768024055241,5.7689775043695875,-0.24820948031434664,0.24820948031434664
2023-04-05 18:00:00,2023,4,5,18,3.4593273869356644,3.080369195439219,0.3789581914964453,0.3789581914964453
2023-04-06 00:00:00,2023,4,6,0,2.955513744119405,2.9401946731603945,0.015319070959010528,0.015319070959010528
2023-04-06 06:00:00,2023,4,6,6,2.9677769765327877,3.03850090473135,-0.0707239281985621,0.0707239281985621
2023-04-06 12:00:00,2023,4,6,12,5.791413217831147,5.807333765050036,-0.01592054721888836,0.01592054721888836
2023-04-06 18:00:00,2023,4,6,18,2.975442469523613,3.225983428095744,-0.250540958572131,0.250540958572131
2023-04-07 00:00:00,2023,4,7,0,2.7403361997224254,2.7253623885747134,0.014973811147712013,0.014973811147712013
2023-04-07 06:00:00,2023,4,7,6,3.0322050105646365,3.1087884241950703,-0.07658341363043375,0.07658341363043375
2023-04-07 12:00:00,2023,4,7,12,5.792367772329251,5.72798815905898,0.06437961327027075,0.06437961327027075
2023-04-07 18:00:00,2023,4,7,18,3.184080858236904,3.039720056287333,0.14436080194957102,0.14436080194957102
2023-04-08 00:00:00,2023,4,8,0,3.067230118171325,2.973047386772996,0.094182731398329,0.094182731398329
2023-04-08 06:00:00,2023,4,8,6,3.2673981062365325,3.446161909403758,-0.17876380316722562,0.17876380316722562
2023-04-08 12:00:00,2023,4,8,12,6.00190087746258,6.171501762879656,-0.16960088541707563,0.16960088541707563
2023-04-08 18:00:00,2023,4,8,18,3.1529332366564127,3.1765565434472527,-0.023623306790840015,0.023623306790840015
2023-04-09 00:00:00,2023,4,9,0,2.962709947746673,2.8474124972878347,0.11529745045883821,0.11529745045883821
2023-04-09 06:00:00,2023,4,9,6,3.3999952877948427,3.3762003011494284,0.02379498664541435,0.02379498664541435
2023-04-09 12:00:00,2023,4,9,12,6.00866040565567,5.854545527500669,0.15411487815500102,0.15411487815500102
2023-04-09 18:00:00,2023,4,9,18,3.381554818244877,3.341095825888609,0.04045899235626793,0.04045899235626793
2023-04-10 00:00:00,2023,4,10,0,3.2498071377452007,3.1736537467336348,0.07615339101156593,0.07615339101156593
2023-04-10 06:00:00,2023,4,10,6,3.471564327514895,3.295969313320006,0.1755950141948892,0.1755950141948892
2023-04-10 12:00:00,2023,4,10,12,6.197760695588766,5.778951504229621,0.41880919135914496,0.41880919135914496
2023-04-10 18:00:00,2023,4,10,18,3.237238482314821,3.203993628290142,0.03324485402467925,0.03324485402467925
2023-04-11 00:00:00,2023,4,11,0,3.3250113109180006,2.7912573465782313,0.5337539643397693,0.5337539643397693
2023-04-11 06:00:00,2023,4,11,6,3.329255090234028,3.302564026624089,0.026691063609939114,0.026691063609939114
2023-04-11 12:00:00,2023,4,11,12,6.074704670081381,6.068846316005329,0.005858354076051953,0.005858354076051953
2023-04-11 18:00:00,2023,4,11,18,3.58887292349257,3.2442552617953897,0.3446176616971801,0.3446176616971801
2023-04-12 00:00:00,2023,4,12,0,3.036508009157373,3.006523278285481,0.02998473087189213,0.02998473087189213
2023-04-12 06:00:00,2023,4,12,6,3.393528843735027,3.594766244378782,-0.20123740064375495,0.20123740064375495
2023-04-12 12:00:00,2023,4,12,12,6.021595201690144,6.167962412068715,-0.14636721037857114,0.14636721037857114
2023-04-12 18:00:00,2023,4,12,18,3.2713105897248926,3.0958428475673223,0.17546774215757033,0.17546774215757033
2023-04-13 00:00:00,2023,4,13,0,2.937656791460384,2.828738685827484,0.10891810563289983,0.10891810563289983
2023-04-13 06:00:00,2023,4,13,6,3.200442768996481,3.3407317311033133,-0.1402889621068324,0.1402889621068324
2023-04-13 12:00:00,2023,4,13,12,5.798255198317745,6.1412675115982935,-0.34301231328054893,0.34301231328054893
2023-04-13 18:00:00,2023,4,13,18,3.402400926761578,3.4937263650100463,-0.0913254382484685,0.0913254382484685
2023-04-14 00:00:00,2023,4,14,0,3.0343878795659798,2.8564647472888844,0.17792313227709533,0.17792313227709533
2023-04-14 06:00:00,2023,4,14,6,3.1610204529565364,3.2075182476741415,-0.04649779471760507,0.04649779471760507
2023-04-14 12:00:00,2023,4,14,12,6.162971597300754,6.250033496131334,-0.08706189883058002,0.08706189883058002
2023-04-14 18:00:00,2023,4,14,18,3.1127991707303475,3.2831955101474692,-0.17039633941712173,0.17039633941712173
2023-04-15 00:00:00,2023,4,15,0,2.932861640407192,2.9211797173396827,0.01168192306750937,0.01168192306750937
2023-04-15 06:00:00,2023,4,15,6,3.664840457474425,3.4814703518899663,0.18337010558445854,0.18337010558445854
2023-04-15 12:00:00,2023,4,15,12,5.982271703531266,6.02862378014361,-0.04635207661234375,0.04635207661234375
2023-04-15 18:00:00,2023,4,15,18,3.3356886084216373,3.4379378448061586,-0.10224923638452132,0.10224923638452132
2023-04-16 00:00:00,2023,4,16,0,3.364812713570718,3.164173509487771,0.20063920408294722,0.20063920408294722
2023-04-16 06:00:00,2023,4,16,6,2.9475879579583246,3.1118165573847523,-0.16422859942642765,0.16422859942642765
2023-04-16 12:00:00,2023,4,16,12,6.345366575809028,6.278504923487978,0.0668616523210499,0.0668616523210499
2023-04-16 18:00:00,2023,4,16,18,3.3667387583726973,3.3977634663759018,-0.03102470800320445,0.03102470800320445
2023-04-17 00:00:00,2023,4,17,0,3.242028152758589,2.983481934063482,0.25854621869510686,0.25854621869510686
2023-04-17 06:00:00,2023,4,17,6,3.391082379974173,3.280163014677913,0.1109193652962599,0.1109193652962599
2023-04-17 12:00:00,2023,4,17,12,6.11669397392328,5.885294441003258,0.23139953292002247,0.23139953292002247
2023-04-17 18:00:00,2023,4,17,18,3.546628549343917,3.462450461952387,0.0841780873915301,0.0841780873915301
2023-04-18 00:00:00,2023,4,18,0,2.8118394128972515,2.907497425104798,-0.09565801220754633,0.09565801220754633
2023-04-18 06:00:00,2023,4,18,6,3.4223898277493645,3.22455125808741,0.19783856966195446,0.19783856966195446
2023-04-18 12:00:00,2023,4,18,12,6.416611995352976,6.300037106725568,0.11657488862740806,0.11657488862740806
2023-04-18 18:00:00,2023,4,18,18,3.2131681577052325,3.228921772043995,-0.015753614338762656,0.015753614338762656
2023-04-19 00:00:00,2023,4,19,0,2.7213071660334114,2.8852283841556616,-0.16392121812225025,0.16392121812225025
2023-04-19 06:00:00,2023,4,19,6,3.439186510313844,3.380254362810649,0.058932147503194976,0.058932147503194976
2023-04-19 12:00:00,2023,4,19,12,5.91903989034622,6.023900606519364,-0.1048607161731443,0.1048607161731443
2023-04-19 18:00:00,2023,4,19,18,3.401304798937285,3.484453623755418,-0.0831488248181329,0.0831488248181329
2023-04-20 00:00:00,2023,4,20,0,3.1767764224670203,3.10058201787021,0.07619440459681037,0.07619440459681037
2023-04-20 06:00:00,2023,4,20,6,3.329749742797629,3.3360330990768374,-0.006283356279208618,0.006283356279208618
2023-04-20 12:00:00,2023,4,20,12,6.229575016157646,6.384438802945513,-0.1548637867878666,0.1548637867878666
2023-04-20 18:00:00,2023,4,20,18,3.2532963101654797,3.347462936738703,-0.0941666265732235,0.0941666265732235
2023-04-21 00:00:00,2023,4,21,0,3.0494445480841628,2.8897732034217944,0.15967134466236832,0.15967134466236832
2023-04-21 06:00:00,2023,4,21,6,3.764701491594271,3.532003291274969,0.2326982003193021,0.2326982003193021
2023-04-21 12:00:00,2023,4,21,12,6.409605110617611,6.2214707282933315,0.1881343823242796,0.1881343823242796
2023-04-21 18:00:00,2023,4,21,18,3.302934606938116,3.1664544838801696,0.1364801230579462,0.1364801230579462
2023-04-22 00:00:00,2023,4,22,0,3.4015587222660395,3.7896841639888996,-0.3881254417228601,0.3881254417228601
2023-04-22 06:00:00,2023,4,22,6,3.438651843404294,3.3885166515555403,0.05013519184875381,0.05013519184875381
2023-04-22 12:00:00,2023,4,22,12,6.12170381663102,6.2716910569956985,-0.1499872403646787,0.1499872403646787
2023-04-22 18:00:00,2023,4,22,18,3.6830997588000174,3.3574568153313122,0.32564294346870515,0.32564294346870515
2023-04-23 00:00:00,2023,4,23,0,3.542282356347921,3.5395449368174163,0.00273741953050477,0.00273741953050477
2023-04-23 06:00:00,2023,4,23,6,3.291379968467313,3.3781929003644855,-0.08681293189717243,0.08681293189717243
2023-04-23 12:00:00,2023,4,23,12,5.902658231786506,6.073160885176024,-0.17050265338951753,0.17050265338951753
2023-04-23 18:00:00,2023,4,23,18,3.026305911078997,3.327531368245333,-0.301225457166336,0.301225457166336
2023-04-24 00:00:00,2023,4,24,0,2.993358902285037,3.0116430626913497,-0.018284160406312644,0.018284160406312644
2023-04-24 06:00:00,2023,4,24,6,3.301301141578472,3.5438485910486857,-0.24254744947021356,0.24254744947021356
2023-04-24 12:00:00,2023,4,24,12,6.005665436935236,6.37740413334672,-0.3717386964114837,0.3717386964114837
2023-04-24 18:00:00,2023,4,24,18,3.11715889293991,3.277425510320846,-0.16026661738093617,0.16026661738093617
2023-04-25 00:00:00,2023,4,25,0,2.8059640577269445,3.0246853512526295,-0.21872129352568503,0.21872129352568503
2023-04-25 06:00:00,2023,4,25,6,3.75045460052972,3.7148558702958523,0.03559873023386784,0.03559873023386784
2023-04-25 12:00:00,2023,4,25,12,6.56861194010966,6.489295907544959,0.07931603256470066,0.07931603256470066
2023-04-25 18:00:00,2023,4,25,18,3.576765856178735,3.617150242096418,-0.04038438591768312,0.04038438591768312
2023-04-26 00:00:00,2023,4,26,0,3.115034784749863,3.154301982483957,-0.03926719773409415,0.03926719773409415
2023-04-26 06:00:00,2023,4,26,6,3.562622936098044,3.5604989615545306,0.0021239745435135404,0.0021239745435135404
2023-04-26 12:00:00,2023,4,26,12,6.558643222335374,6.4660445648556895,0.09259865747968465,0.09259865747968465
2023-04-26 18:00:00,2023,4,26,18,3.3635449265587307,3.4809831726955784,-0.11743824613684772,0.11743824613684772
2023-04-27 00:00:00,2023,4,27,0,3.082770813254914,3.0887759025063017,-0.006005089251387652,0.006005089251387652
2023-04-27 06:00:00,2023,4,27,6,3.50113156431508,3.4799628826362925,0.021168681678787493,0.021168681678787493
2023-04-27 12:00:00,2023,4,27,12,6.16121985270922,6.032060579668228,0.12915927304099206,0.12915927304099206
2023-04-27 18:00:00,2023,4,27,18,3.39146711436817,3.4395872927498568,-0.048120178381686696,0.048120178381686696
2023-04-28 00:00:00,2023,4,28,0,3.1960275439342927,3.318484171143833,-0.12245662720954043,0.12245662720954043
2023-04-28 06:00:00,2023,4,28,6,3.478526780604163,3.5087875376250737,-0.030260757020910578,0.030260757020910578
2023-04-28 12:00:00,2023,4,28,12,6.418972900862911,6.494887292691238,-0.07591439182832715,0.07591439182832715
2023-04-28 18:00:00,2023,4,28,18,3.352589394316786,3.435060625424717,-0.08247123110793098,0.08247123110793098
2023-04-29 00:00:00,2023,4,29,0,3.003267814521014,2.865108203255144,0.13815961126586984,0.13815961126586984
2023-04-29 06:00:00,2023,4,29,6,3.579433726922584,3.5721532210346987,0.0072805058878855355,0.0072805058878855355
2023-04-29 12:00:00,2023,4,29,12,6.037217891550967,6.396598853276419,-0.359380961725452,0.359380961725452
2023-04-29 18:00:00,2023,4,29,18,3.184432803096912,3.784061669944174,-0.599628866847262,0.599628866847262
2023-04-30 00:00:00,2023,4,30,0,2.9375404555950304,2.9321685205252925,0.0053719350697378765,0.0053719350697378765
2023-04-30 06:00:00,2023,4,30,6,3.379999237171775,3.468792955065163,-0.08879371789338819,0.08879371789338819
2023-04-30 12:00:00,2023,4,30,12,6.562394825778809,6.561800291138616,0.0005945346401929896,0.0005945346401929896
2023-04-30 18:00:00,2023,4,30,18,3.5513935572895154,3.4540346858668505,0.09735887142266497,0.09735887142266497
2023-05-01 00:00:00,2023,5,1,0,3.1622018863244143,3.177387475764846,-0.015185589440431801,0.015185589440431801
2023-05-01 06:00:00,2023,5,1,6,3.248235797347045,3.4641322502698575,-0.21589645292281245,0.21589645292281245
2023-05-01 12:00:00,2023,5,1,12,6.602624368375869,6.434954217501956,0.16767015087391268,0.16767015087391268
2023-05-01 18:00:00,2023,5,1,18,3.2550331088143376,3.4527093008034115,-0.19767619198907393,0.19767619198907393
2023-05-02 00:00:00,2023,5,2,0,3.464493511278294,3.278966203702613,0.18552730757568092,0.18552730757568092
2023-05-02 06:00:00,2023,5,2,6,3.441921015262051,3.4166650602587207,0.02525595500333022,0.02525595500333022
2023-05-02 12:00:00,2023,5,2,12,6.495920685944187,6.604864206144622,-0.10894352020043563,0.10894352020043563
2023-05-02 18:00:00,2023,5,2,18,3.645008894256926,3.527125900297058,0.11788299395986801,0.11788299395986801
2023-05-03 00:00:00,2023,5,3,0,2.9304724216116327,3.004082520527612,-0.07361009891597936,0.07361009891597936
2023-05-03 06:00:00,2023,5,3,6,3.808607944904684,3.602731243498145,0.20587670140653902,0.20587670140653902
2023-05-03 12:00:00,2023,5,3,12,6.629550591347596,6.789711066680315,-0.16016047533271927,0.16016047533271927
2023-05-03 18:00:00,2023,5,3,18,3.9293316970433314,3.8406075761644933,0.08872412087883808,0.08872412087883808
2023-05-04 00:00:00,2023,5,4,0,2.8515852839343028,3.0454166066589803,-0.1938313227246775,0.1938313227246775
2023-05-04 06:00:00,2023,5,4,6,3.588938272169885,3.4723756632191356,0.11656260895074944,0.11656260895074944
2023-05-04 12:00:00,2023,5,4,12,6.499059913950565,6.557399372814122,-0.05833945886355707,0.05833945886355707
2023-05-04 18:00:00,2023,5,4,18,3.31483271995046,3.2865202374575793,0.028312482492880875,0.028312482492880875
2023-05-05 00:00:00,2023,5,5,0,3.0867391781780635,3.0703418720789313,0.01639730609913226,0.01639730609913226
2023-05-05 06:00:00,2023,5,5,6,3.573083179174645,3.6016073301243368,-0.02852415094969185,0.02852415094969185
2023-05-05 12:00:00,2023,5,5,12,6.136094952935313,6.510817696701963,-0.37472274376665027,0.37472274376665027
2023-05-05 18:00:00,2023,5,5,18,3.1498592290333525,3.3719103954020184,-0.22205116636866595,0.22205116636866595
2023-05-06 00:00:00,2023,5,6,0,2.7580372286374675,3.0983637750109287,-0.34032654637346127,0.34032654637346127
2023-05-06 06:00:00,2023,5,6,6,3.184952352980342,3.3317067024797327,-0.1467543494993908,0.1467543494993908
2023-05-06 12:00:00,2023,5,6,12,6.634112892110098,6.5256725512367595,0.10844034087333831,0.10844034087333831
2023-05-06 18:00:00,2023,5,6,18,3.4246864164670265,3.4900025356701585,-0.06531611920313196,0.06531611920313196
2023-05-07 00:00:00,2023,5,7,0,3.2682151534992534,3.2406545343722333,0.027560619127020125,0.027560619127020125
2023-05-07 06:00:00,2023,5,7,6,3.2772695282793065,3.373539992153085,-0.09627046387377858,0.09627046387377858
2023-05-07 12:00:00,2023,5,7,12,6.687760487945541,6.618343284028614,0.06941720391692652,0.06941720391692652
2023-05-07 18:00:00,2023,5,7,18,3.4963206461145724,3.3815317215994236,0.11478892451514877,0.11478892451514877
2023-05-08 00:00:00,2023,5,8,0,3.3048314547877884,3.2982806347976066,0.006550819990181811,0.006550819990181811
2023-05-08 06:00:00,2023,5,8,6,3.555963754544059,3.750307209625829,-0.19434345508176998,0.19434345508176998
2023-05-08 12:00:00,2023,5,8,12,6.549839176328012,6.440504586074052,0.10933459025395997,0.10933459025395997
2023-05-08 18:00:00,2023,5,8,18,3.967691664914184,3.81946220449994,0.14822946041424423,0.14822946041424423
2023-05-09 00:00:00,2023,5,9,0,3.2519781745422875,3.115932067776531,0.13604610676575657,0.13604610676575657
2023-05-09 06:00:00,2023,5,9,6,3.7753975857817417,4.045576027224987,-0.27017844144324554,0.27017844144324554
2023-05-09 12:00:00,2023,5,9,12,6.259870654235877,6.579519534904252,-0.3196488806683746,0.3196488806683746
2023-05-09 18:00:00,2023,5,9,18,3.589889640113685,3.5903775200598584,-0.00048787994617338626,0.00048787994617338626
2023-05-10 00:00:00,2023,5,10,0,3.400575226549957,3.2575542440379808,0.14302098251197615,0.14302098251197615
2023-05-10 06:00:00,2023,5,10,6,3.2552511157621518,3.532415192718359,-0.27716407695620715,0.27716407695620715
2023-05-10 12:00:00,2023,5,10,12,6.628508992832847,6.6746213429447225,-0.04611235011187542,0.04611235011187542
2023-05-10 18:00:00,2023,5,10,18,3.803430348620685,3.5819791902771847,0.22145115834350015,0.22145115834350015
2023-05-11 00:00:00,2023,5,11,0,3.296565965449372,3.1682157580077286,0.1283502074416436,0.1283502074416436
2023-05-11 06:00:00,2023,5,11,6,3.754675952821128,3.689318336368568,0.06535761645255977,0.06535761645255977
2023-05-11 12:00:00,2023,5,11,12,6.633538317619452,6.723561367599623,-0.09002304998017063,0.09002304998017063
2023-05-11 18:00:00,2023,5,11,18,4.093446621163711,3.8647533806971857,0.22869324046652517,0.22869324046652517
2023-05-12 00:00:00,2023,5,12,0,3.229969647938188,3.2121460609269876,0.01782358701120046,0.01782358701120046
2023-05-12 06:00:00,2023,5,12,6,3.15214205707911,3.5024008649828278,-0.3502588079037179,0.3502588079037179
2023-05-12 12:00:00,2023,5,12,12,7.007399037033797,6.819442750376347,0.18795628665744957,0.18795628665744957
2023-05-12 18:00:00,2023,5,12,18,3.610848223077255,3.7264285578865186,-0.11558033480926344,0.11558033480926344
2023-05-13 00:00:00,2023,5,13,0,4.113676084674743,3.540754493126533,0.5729215915482095,0.5729215915482095
2023-05-13 06:00:00,2023,5,13,6,3.971479571545789,4.134423774451251,-0.16294420290546174,0.16294420290546174
2023-05-13 12:00:00,2023,5,13,12,7.048958311759114,6.792576438665475,0.25638187309363936,0.25638187309363936
2023-05-13 18:00:00,2023,5,13,18,3.9498783924931145,3.915693910973229,0.03418448151988551,0.03418448151988551
2023-05-14 00:00:00,2023,5,14,0,3.224841084975909,3.223787974489911,0.0010531104859978768,0.0010531104859978768
2023-05-14 06:00:00,2023,5,14,6,3.739123538765009,3.610292883387709,0.12883065537729976,0.12883065537729976
2023-05-14 12:00:00,2023,5,14,12,6.717005974950762,6.517183686300922,0.1998222886498402,0.1998222886498402
2023-05-14 18:00:00,2023,5,14,18,3.4877263062308583,3.5102061429329563,-0.022479836702097966,0.022479836702097966
2023-05-15 00:00:00,2023,5,15,0,2.7999323271738765,2.9789242090060792,-0.17899188183220271,0.17899188183220271
2023-05-15 06:00:00,2023,5,15,6,3.448465828840561,3.447374546728489,0.0010912821120721006,0.0010912821120721006
2023-05-15 12:00:00,2023,5,15,12,6.699062055373851,6.9225633322542635,-0.22350127688041255,0.22350127688041255
2023-05-15 18:00:00,2023,5,15,18,3.8800713995283034,3.8234063552897584,0.056665044238545015,0.056665044238545015
2023-05-16 00:00:00,2023,5,16,0,3.453688273581209,3.3745343892705204,0.07915388431068848,0.07915388431068848
2023-05-16 06:00:00,2023,5,16,6,4.245871153489116,4.226288391640445,0.019582761848671026,0.019582761848671026
2023-05-16 12:00:00,2023,5,16,12,7.1636085579259134,7.2514160814995945,-0.08780752357368105,0.08780752357368105
2023-05-16 18:00:00,2023,5,16,18,4.076094341351406,3.9102258267675065,0.16586851458389962,0.16586851458389962
2023-05-17 00:00:00,2023,5,17,0,4.096958344340056,3.7187372923520265,0.37822105198802936,0.37822105198802936
2023-05-17 06:00:00,2023,5,17,6,3.982415358335125,3.8178415348748866,0.16457382346023852,0.16457382346023852
2023-05-17 12:00:00,2023,5,17,12,7.003301395359014,6.790806231878011,0.2124951634810035,0.2124951634810035
2023-05-17 18:00:00,2023,5,17,18,3.978546714998551,3.9428434853591234,0.035703229639427736,0.035703229639427736
2023-05-18 00:00:00,2023,5,18,0,3.3848411085603622,3.5195942111172327,-0.13475310255687045,0.13475310255687045
2023-05-18 06:00:00,2023,5,18,6,4.003267869462633,3.7571549590923126,0.24611291037032013,0.24611291037032013
2023-05-18 12:00:00,2023,5,18,12,7.454899034301222,7.247533183661477,0.20736585063974466,0.20736585063974466
2023-05-18 18:00:00,2023,5,18,18,3.8552493593233206,3.9259693957151907,-0.07072003639187008,0.07072003639187008
2023-05-19 00:00:00,2023,5,19,0,3.697040027006687,3.5070287706277363,0.19001125637895067,0.19001125637895067
2023-05-19 06:00:00,2023,5,19,6,3.660886478326179,3.570563768343283,0.09032270998289604,0.09032270998289604
2023-05-19 12:00:00,2023,5,19,12,6.8154916868140845,6.847891439132631,-0.03239975231854686,0.03239975231854686
2023-05-19 18:00:00,2023,5,19,18,4.104107202954282,3.9063385752902757,0.19776862766400605,0.19776862766400605
2023-05-20 00:00:00,2023,5,20,0,3.3374143894114154,3.4658162016234426,-0.12840181221202718,0.12840181221202718
2023-05-20 06:00:00,2023,5,20,6,3.4474623741024697,3.30615352691118,0.14130884719128955,0.14130884719128955
2023-05-20 12:00:00,2023,5,20,12,7.266993566443365,7.269183522877914,-0.0021899564345488898,0.0021899564345488898
2023-05-20 18:00:00,2023,5,20,18,4.5308821158933,4.544340917786284,-0.013458801892983985,0.013458801892983985
2023-05-21 00:00:00,2023,5,21,0,3.1816789092755706,3.3932917810177994,-0.21161287174222876,0.21161287174222876
2023-05-21 06:00:00,2023,5,21,6,3.839183233673733,3.8422145539286574,-0.0030313202549243634,0.0030313202549243634
2023-05-21 12:00:00,2023,5,21,12,7.293534807358736,7.316235554872404,-0.02270074751366824,0.02270074751366824
2023-05-21 18:00:00,2023,5,21,18,3.811509096138084,3.9328705363026093,-0.1213614401645251,0.1213614401645251
2023-05-22 00:00:00,2023,5,22,0,3.5384464330417407,3.6255096723760905,-0.08706323933434978,0.08706323933434978
2023-05-22 06:00:00,2023,5,22,6,3.4668330490548165,3.7733117596375756,-0.3064787105827591,0.3064787105827591
2023-05-22 12:00:00,2023,5,22,12,7.214884859460234,7.057526619432758,0.15735824002747645,0.15735824002747645
2023-05-22 18:00:00,2023,5,22,18,4.027754777167659,4.04498160057894,-0.017226823411281345,0.017226823411281345
2023-05-23 00:00:00,2023,5,23,0,3.9435065450989306,3.668928376906993,0.2745781681919377,0.2745781681919377
2023-05-23 06:00:00,2023,5,23,6,3.847517056362976,4.193164441612573,-0.3456473852495967,0.3456473852495967
2023-05-23 12:00:00,2023,5,23,12,6.880529307149638,6.997872823270667,-0.11734351612102856,0.11734351612102856
2023-05-23 18:00:00,2023,5,23,18,4.0503071790964205,3.9923262304594473,0.05798094863697312,0.05798094863697312
2023-05-24 00:00:00,2023,5,24,0,3.2710456624133606,3.3832047044137794,-0.11215904200041882,0.11215904200041882
2023-05-24 06:00:00,2023,5,24,6,4.345056701639142,4.168444669493857,0.1766120321452851,0.1766120321452851
2023-05-24 12:00:00,2023,5,24,12,7.20824025959903,7.396088711181965,-0.1878484515829344,0.1878484515829344
2023-05-24 18:00:00,2023,5,24,18,3.8901137792594382,3.995507106421141,-0.10539332716170291,0.10539332716170291
2023-05-25 00:00:00,2023,5,25,0,3.6450706302818343,3.533580699933261,0.11148993034857346,0.11148993034857346
2023-05-25 06:00:00,2023,5,25,6,3.9793757761369553,4.048649730697474,-0.06927395456051899,0.06927395456051899
2023-05-25 12:00:00,2023,5,25,12,7.119127304301265,6.762911417373676,0.3562158869275889,0.3562158869275889
2023-05-25 18:00:00,2023,5,25,18,4.220237331202746,4.406220637910414,-0.1859833067076675,0.1859833067076675
2023-05-26 00:00:00,2023,5,26,0,3.920548177519591,3.7525034267300885,0.16804475078950265,0.16804475078950265
2023-05-26 06:00:00,2023,5,26,6,4.2380745941448215,4.196988399937329,0.04108619420749271,0.04108619420749271
2023-05-26 12:00:00,2023,5,26,12,7.003253423305427,7.270915834483445,-0.2676624111780175,0.2676624111780175
2023-05-26 18:00:00,2023,5,26,18,3.814473158643858,3.8164106352899,-0.0019374766460420467,0.0019374766460420467
2023-05-27 00:00:00,2023,5,27,0,4.19580537208053,4.4102887974961495,-0.2144834254156196,0.2144834254156196
2023-05-27 06:00:00,2023,5,27,6,4.0979023717099485,4.127046932094061,-0.02914456038411206,0.02914456038411206
2023-05-27 12:00:00,2023,5,27,12,7.4116116281189885,7.3106984711408405,0.10091315697814807,0.10091315697814807
2023-05-27 18:00:00,2023,5,27,18,4.210685263028225,4.538295113382449,-0.3276098503542242,0.3276098503542242
2023-05-28 00:00:00,2023,5,28,0,3.816012548227369,3.7366794198253634,0.07933312840200557,0.07933312840200557
2023-05-28 06:00:00,2023,5,28,6,4.286204746646573,4.198138956682773,0.08806578996379955,0.08806578996379955
2023-05-28 12:00:00,2023,5,28,12,7.316346162446581,7.209896444038871,0.10644971840770978,0.10644971840770978
2023-05-28 18:00:00,2023,5,28,18,3.9999309821880047,4.035577791925134,-0.03564680973712964,0.03564680973712964
2023-05-29 00:00:00,2023,5,29,0,4.260131962378212,3.828446522367237,0.4316854400109751,0.4316854400109751
2023-05-29 06:00:00,2023,5,29,6,4.001561486041436,3.91765401090784,0.08390747513359598,0.08390747513359598
2023-05-29 12:00:00,2023,5,29,12,6.909890423794594,7.323092690189131,-0.4132022663945367,0.4132022663945367
2023-05-29 18:00:00,2023,5,29,18,4.315094378878796,4.115241100732682,0.1998532781461142,0.1998532781461142
2023-05-30 00:00:00,2023,5,30,0,4.034502865823479,3.7477673035099484,0.28673556231353103,0.28673556231353103
2023-05-30 06:00:00,2023,5,30,6,4.258390212830558,4.232598613788237,0.025791599042320534,0.025791599042320534
2023-05-30 12:00:00,2023,5,30,12,7.2112537133925505,7.125631095648401,0.08562261774414992,0.08562261774414992
2023-05-30 18:00:00,2023,5,30,18,4.36238068102218,4.639988735953368,-0.27760805493118834,0.27760805493118834
2023-05-31 00:00:00,2023,5,31,0,3.496848970606522,3.7701249354038504,-0.27327596479732863,0.27327596479732863
2023-05-31 06:00:00,2023,5,31,6,3.9824209915388513,4.159842026675211,-0.17742103513635943,0.17742103513635943
2023-05-31 12:00:00,2023,5,31,12,6.905618581417141,7.49092569782602,-0.5853071164088792,0.5853071164088792
2023-05-31 18:00:00,2023,5,31,18,4.440000089337488,4.080480771430103,0.35951931790738545,0.35951931790738545
2023-06-01 00:00:00,2023,6,1,0,3.69250507325966,3.5683884835474284,0.12411658971223138,0.12411658971223138
2023-06-01 06:00:00,2023,6,1,6,3.8681285948901927,3.917648572779673,-0.04951997788948015,0.04951997788948015
2023-06-01 12:00:00,2023,6,1,12,7.412096611975469,7.666038403546208,-0.25394179157073893,0.25394179157073893
2023-06-01 18:00:00,2023,6,1,18,3.916020470171113,4.11846619200064,-0.2024457218295268,0.2024457218295268
2023-06-02 00:00:00,2023,6,2,0,4.178789399306488,4.1470601032260905,0.03172929608039787,0.03172929608039787
2023-06-02 06:00:00,2023,6,2,6,4.325399315557566,4.323405247197749,0.0019940683598171915,0.0019940683598171915
2023-06-02 12:00:00,2023,6,2,12,7.598309344608445,7.551064011630969,0.04724533297747602,0.04724533297747602
2023-06-02 18:00:00,2023,6,2,18,4.281523397566356,4.3903034288180685,-0.10878003125171265,0.10878003125171265
2023-06-03 00:00:00,2023,6,3,0,3.7606619166983615,3.7048962704142454,0.055765646284116066,0.055765646284116066
2023-06-03 06:00:00,2023,6,3,6,4.3764942411865535,4.268341609518729,0.1081526316678243,0.1081526316678243
2023-06-03 12:00:00,2023,6,3,12,7.405568472178685,7.559412980416132,-0.1538445082374471,0.1538445082374471
2023-06-03 18:00:00,2023,6,3,18,4.3060841998008215,4.224547571473531,0.08153662832729047,0.08153662832729047
2023-06-04 00:00:00,2023,6,4,0,4.112593787795042,4.143134147503319,-0.030540359708276732,0.030540359708276732
2023-06-04 06:00:00,2023,6,4,6,3.977903691739502,4.036934978547684,-0.05903128680818215,0.05903128680818215
2023-06-04 12:00:00,2023,6,4,12,7.6681447649271,7.62693771722709,0.04120704770001016,0.04120704770001016
2023-06-04 18:00:00,2023,6,4,18,4.625001570519121,4.702245573607853,-0.07724400308873225,0.07724400308873225
2023-06-05 00:00:00,2023,6,5,0,3.899177804429252,3.983190205018008,-0.08401240058875592,0.08401240058875592
2023-06-05 06:00:00,2023,6,5,6,4.803351575108202,4.69205497291043,0.11129660219777193,0.11129660219777193
2023-06-05 12:00:00,2023,6,5,12,7.360742014842814,7.657782567730824,-0.29704055288801,0.29704055288801
2023-06-05 18:00:00,2023,6,5,18,4.372596695717606,4.3335765771752275,0.03902011854237841,0.03902011854237841
2023-06-06 00:00:00,2023,6,6,0,4.164429298641304,4.346543394635853,-0.18211409599454953,0.18211409599454953
2023-06-06 06:00:00,2023,6,6,6,4.47896419206204,4.1726950051279745,0.3062691869340659,0.3062691869340659
2023-06-06 12:00:00,2023,6,6,12,7.709597155585397,7.640950569298881,0.06864658628651554,0.06864658628651554
2023-06-06 18:00:00,2023,6,6,18,4.285003855571693,4.271771031308188,0.013232824263504916,0.013232824263504916
2023-06-07 00:00:00,2023,6,7,0,4.408683612342256,4.293592868844278,0.11509074349797821,0.11509074349797821
2023-06-07 06:00:00,2023,6,7,6,4.447420122047706,4.517197431848603,-0.06977730980089625,0.06977730980089625
2023-06-07 12:00:00,2023,6,7,12,7.485252490163049,7.458646474180017,0.026606015983031917,0.026606015983031917
2023-06-07 18:00:00,2023,6,7,18,3.969917989986593,4.081436319136417,-0.11151832914982407,0.11151832914982407
2023-06-08 00:00:00,2023,6,8,0,4.32598876557783,4.192987629915212,0.13300113566261818,0.13300113566261818
2023-06-08 06:00:00,2023,6,8,6,4.381250569084775,4.379526525741564,0.001724043343211079,0.001724043343211079
2023-06-08 12:00:00,2023,6,8,12,7.519435437671674,7.773039250149842,-0.2536038124781683,0.2536038124781683
2023-06-08 18:00:00,2023,6,8,18,4.4497336246035415,4.67938666569006,-0.22965304108651807,0.22965304108651807
2023-06-09 00:00:00,2023,6,9,0,4.015670473924634,4.139531154502038,-0.12386068057740385,0.12386068057740385
2023-06-09 06:00:00,2023,6,9,6,4.547092959929179,4.573946441062657,-0.026853481133477963,0.026853481133477963
2023-06-09 12:00:00,2023,6,9,12,8.02425506080615,7.79081024227719,0.2334448185289597,0.2334448185289597
2023-06-09 18:00:00,2023,6,9,18,4.766179113880521,4.597643696313941,0.16853541756657986,0.16853541756657986
2023-06-10 00:00:00,2023,6,10,0,4.048764147441688,4.07042359253786,-0.021659445096171126,0.021659445096171126
2023-06-10 06:00:00,2023,6,10,6,4.311842998109502,4.370133254683102,-0.0582902565736001,0.0582902565736001
2023-06-10 12:00:00,2023,6,10,12,7.669956460938556,7.509577962668437,0.16037849827011907,0.16037849827011907
2023-06-10 18:00:00,2023,6,10,18,4.305853001475419,4.430013466513148,-0.12416046503772904,0.12416046503772904
2023-06-11 00:00:00,2023,6,11,0,4.072131115858367,4.203955616729523,-0.13182450087115605,0.13182450087115605
2023-06-11 06:00:00,2023,6,11,6,4.495554990322117,4.487897286170471,0.0076577041516463495,0.0076577041516463495
2023-06-11 12:00:00,2023,6,11,12,7.5435751378050035,7.603180652075372,-0.059605514270368865,0.059605514270368865
2023-06-11 18:00:00,2023,6,11,18,4.450836603092872,4.645304150642769,-0.19446754754989648,0.19446754754989648
2023-06-12 00:00:00,2023,6,12,0,3.617421125464481,3.582120702010719,0.03530042345376172,0.03530042345376172
2023-06-12 06:00:00,2023,6,12,6,4.670820560774518,4.856674050608974,-0.1858534898344555,0.1858534898344555
2023-06-12 12:00:00,2023,6,12,12,7.630475956646279,7.5180543277620915,0.11242162888418772,0.11242162888418772
2023-06-12 18:00:00,2023,6,12,18,5.368370158644946,5.349753843456053,0.018616315188892507,0.018616315188892507
2023-06-13 00:00:00,2023,6,13,0,4.299322838413129,4.358342645943152,-0.05901980753002256,0.05901980753002256
2023-06-13 06:00:00,2023,6,13,6,4.616828108418638,4.840751654018085,-0.2239235455994466,0.2239235455994466
2023-06-13 12:00:00,2023,6,13,12,7.659761694232826,7.512111286700849,0.14765040753197756,0.14765040753197756
2023-06-13 18:00:00,2023,6,13,18,4.701431372340799,4.712046489833914,-0.01061511749311439,0.01061511749311439
2023-06-14 00:00:00,2023,6,14,0,4.280340610479033,4.405725706522447,-0.12538509604341375,0.12538509604341375
2023-06-14 06:00:00,2023,6,14,6,4.711671889009733,4.701098704332606,0.010573184677127756,0.010573184677127756
2023-06-14 12:00:00,2023,6,14,12,7.931317829872302,7.973472058148255,-0.04215422827595283,0.04215422827595283
2023-06-14 18:00:00,2023,6,14,18,4.970779463894743,4.957991674641769,0.012787789252974413,0.012787789252974413
2023-06-15 00:00:00,2023,6,15,0,4.361735134707739,4.399663059585789,-0.03792792487805041,0.03792792487805041
2023-06-15 06:00:00,2023,6,15,6,4.817390167638802,4.86545816126228,-0.048067993623478245,0.048067993623478245
2023-06-15 12:00:00,2023,6,15,12,7.972101771512314,7.82420018973715,0.1479015817751641,0.1479015817751641
2023-06-15 18:00:00,2023,6,15,18,4.922056872642242,4.632505753525383,0.28955111911685893,0.28955111911685893
2023-06-16 00:00:00,2023,6,16,0,5.221509632637197,5.034354561028523,0.18715507160867428,0.18715507160867428
2023-06-16 06:00:00,2023,6,16,6,4.83313935344387,4.725764560158283,0.10737479328558663,0.10737479328558663
2023-06-16 12:00:00,2023,6,16,12,8.344861325489187,8.14723149418251,0.19762983130667777,0.19762983130667777
2023-06-16 18:00:00,2023,6,16,18,4.5345849630807935,4.593679497681356,-0.05909453460056291,0.05909453460056291
2023-06-17 00:00:00,2023,6,17,0,4.347902959052475,4.475330198242112,-0.12742723918963694,0.12742723918963694
2023-06-17 06:00:00,2023,6,17,6,5.039158129167715,4.9142234415614725,0.12493468760624271,0.12493468760624271
2023-06-17 12:00:00,2023,6,17,12,7.828372355118271,7.647895193820413,0.1804771612978575,0.1804771612978575
2023-06-17 18:00:00,2023,6,17,18,4.236024235612076,4.270064655792016,-0.0340404201799398,0.0340404201799398
2023-06-18 00:00:00,2023,6,18,0,4.781530098923989,4.669233380946172,0.11229671797781737,0.11229671797781737
2023-06-18 06:00:00,2023,6,18,6,4.611014362878852,4.677172881046118,-0.06615851816726614,0.06615851816726614
2023-06-18 12:00:00,2023,6,18,12,8.11402653956575,7.616810083143781,0.49721645642196854,0.49721645642196854
2023-06-18 18:00:00,2023,6,18,18,4.4343062073076345,4.800213106376322,-0.3659068990686878,0.3659068990686878
2023-06-19 00:00:00,2023,6,19,0,4.208776568024017,4.298084171882598,-0.08930760385858161,0.08930760385858161
2023-06-19 06:00:00,2023,6,19,6,4.620414228714644,4.551051422742966,0.06936280597167777,0.06936280597167777
2023-06-19 12:00:00,2023,6,19,12,8.106396267782877,7.6937381963542855,0.41265807142859146,0.41265807142859146
2023-06-19 18:00:00,2023,6,19,18,4.263953304928948,4.203671322777325,0.06028198215162295,0.06028198215162295
2023-06-20 00:00:00,2023,6,20,0,4.262743318404094,4.469107800217468,-0.20636448181337386,0.20636448181337386
2023-06-20 06:00:00,2023,6,20,6,4.6671218962634,4.49728649687295,0.16983539939045045,0.16983539939045045
2023-06-20 12:00:00,2023,6,20,12,7.557942733956106,7.688740323765162,-0.1307975898090561,0.1307975898090561
2023-06-20 18:00:00,2023,6,20,18,4.591207331979828,4.836095435845022,-0.24488810386519333,0.24488810386519333
2023-06-21 00:00:00,2023,6,21,0,4.511877578732601,4.478042801399021,0.033834777333579424,0.033834777333579424
2023-06-21 06:00:00,2023,6,21,6,4.819696459745339,4.744850280437489,0.07484617930785031,0.07484617930785031
2023-06-21 12:00:00,2023,6,21,12,7.684966758779334,8.02769265661631,-0.34272589783697605,0.34272589783697605
2023-06-21 18:00:00,2023,6,21,18,5.130513773494393,5.068569339593941,0.06194443390045201,0.06194443390045201
2023-06-22 00:00:00,2023,6,22,0,4.213000259143735,4.1309741541336304,0.08202610501010454,0.08202610501010454
2023-06-22 06:00:00,2023,6,22,6,4.621312508446607,4.742632763850453,-0.1213202554038455,0.1213202554038455
2023-06-22 12:00:00,2023,6,22,12,7.98550061339204,8.169887414992585,-0.184386801600545,0.184386801600545
2023-06-22 18:00:00,2023,6,22,18,4.811274198289706,4.828590748703674,-0.017316550413968734,0.017316550413968734
2023-06-23 00:00:00,2023,6,23,0,4.665304308571265,4.247957238499629,0.41734707007163596,0.41734707007163596
2023-06-23 06:00:00,2023,6,23,6,4.716163200414504,4.625914499375135,0.09024870103936955,0.09024870103936955
2023-06-23 12:00:00,2023,6,23,12,8.069446749218926,8.124689478475126,-0.05524272925620011,0.05524272925620011
2023-06-23 18:00:00,2023,6,23,18,5.275906323140025,5.052235435911982,0.2236708872280433,0.2236708872280433
2023-06-24 00:00:00,2023,6,24,0,4.435833280228134,4.623023214917031,-0.187189934688897,0.187189934688897
2023-06-24 06:00:00,2023,6,24,6,4.535342021980021,4.666394018667418,-0.13105199668739687,0.13105199668739687
2023-06-24 12:00:00,2023,6,24,12,7.948469046540949,8.036930346848656,-0.08846130030770727,0.08846130030770727
2023-06-24 18:00:00,2023,6,24,18,4.795089120920349,4.711704175371215,0.08338494554913378,0.08338494554913378
2023-06-25 00:00:00,2023,6,25,0,4.225926851983825,4.544961233378241,-0.31903438139441587,0.31903438139441587
2023-06-25 06:00:00,2023,6,25,6,5.030342562831638,4.778986491416437,0.2513560714152012,0.2513560714152012
2023-06-25 12:00:00,2023,6,25,12,8.08237948666774,7.933397950821756,0.1489815358459845,0.1489815358459845
2023-06-25 18:00:00,2023,6,25,18,5.045861739488409,4.786776704846171,0.2590850346422373,0.2590850346422373
2023-06-26 00:00:00,2023,6,26,0,4.302048286378753,4.577822825178031,-0.27577453879927827,0.27577453879927827
2023-06-26 06:00:00,2023,6,26,6,5.689116424087908,5.4138323217670425,0.27528410232086564,0.27528410232086564
2023-06-26 12:00:00,2023,6,26,12,7.777848171163607,8.002612668993768,-0.22476449783016061,0.22476449783016061
2023-06-26 18:00:00,2023,6,26,18,4.336584751432504,4.590885873301121,-0.2543011218686173,0.2543011218686173
2023-06-27 00:00:00,2023,6,27,0,4.363683454451871,4.302187829485347,0.06149562496652372,0.06149562496652372
2023-06-27 06:00:00,2023,6,27,6,4.6967240459989466,4.7874939885115175,-0.09076994251257098,0.09076994251257098
2023-06-27 12:00:00,2023,6,27,12,7.417818991235975,7.633457119233257,-0.21563812799728233,0.21563812799728233
2023-06-27 18:00:00,2023,6,27,18,5.221031629509636,4.799057863029739,0.4219737664798977,0.4219737664798977
2023-06-28 00:00:00,2023,6,28,0,4.511742379418756,4.802154005559916,-0.29041162614116,0.29041162614116
2023-06-28 06:00:00,2023,6,28,6,4.516306806013106,4.821631224712616,-0.30532441869950944,0.30532441869950944
2023-06-28 12:00:00,2023,6,28,12,8.28860808655153,8.17711068876875,0.1114973977827809,0.1114973977827809
2023-06-28 18:00:00,2023,6,28,18,4.644416142866102,4.748630702905797,-0.10421456003969531,0.10421456003969531
2023-06-29 00:00:00,2023,6,29,0,4.242580063527936,4.374408677677617,-0.13182861414968094,0.13182861414968094
2023-06-29 06:00:00,2023,6,29,6,4.795912505399629,4.530739712236841,0.2651727931627885,0.2651727931627885
2023-06-29 12:00:00,2023,6,29,12,7.762773878754538,7.669374006603581,0.09339987215095658,0.09339987215095658
2023-06-29 18:00:00,2023,6,29,18,4.900656219721509,4.983292556997197,-0.0826363372756882,0.0826363372756882
2023-06-30 00:00:00,2023,6,30,0,4.5664750279805775,4.584085045729949,-0.01761001774937121,0.01761001774937121
2023-06-30 06:00:00,2023,6,30,6,4.543810046390168,4.7607826831225255,-0.21697263673235767,0.21697263673235767
2023-06-30 12:00:00,2023,6,30,12,8.437022109062067,8.300475637462382,0.1365464715996847,0.1365464715996847
2023-06-30 18:00:00,2023,6,30,18,5.581820736122768,5.642572433918431,-0.060751697795663695,0.060751697795663695
2023-07-01 00:00:00,2023,7,1,0,4.823402390876136,4.817442913683348,0.0059594771927873325,0.0059594771927873325
2023-07-01 06:00:00,2023,7,1,6,5.2678826409254045,5.287677653617856,-0.019795012692451763,0.019795012692451763
2023-07-01 12:00:00,2023,7,1,12,8.459989575883018,8.584044664696588,-0.12405508881357008,0.12405508881357008
2023-07-01 18:00:00,2023,7,1,18,4.875965490543817,4.738039796310463,0.13792569423335443,0.13792569423335443
2023-07-02 00:00:00,2023,7,2,0,4.875722220215815,4.950122161158713,-0.07439994094289837,0.07439994094289837
2023-07-02 06:00:00,2023,7,2,6,4.968985178360599,5.074985659064667,-0.10600048070406753,0.10600048070406753
2023-07-02 12:00:00,2023,7,2,12,8.058121949124798,7.936033947979931,0.12208800114486706,0.12208800114486706
2023-07-02 18:00:00,2023,7,2,18,4.74158339683308,4.9472991774170065,-0.20571578058392692,0.20571578058392692
2023-07-03 00:00:00,2023,7,3,0,4.682321424639426,4.608261332496297,0.07406009214312892,0.07406009214312892
2023-07-03 06:00:00,2023,7,3,6,5.704322844540989,5.648173806824632,0.05614903771635671,0.05614903771635671
2023-07-03 12:00:00,2023,7,3,12,7.950866717066153,7.850882641525429,0.09998407554072397,0.09998407554072397
2023-07-03 18:00:00,2023,7,3,18,5.808061745589413,5.785901937272565,0.022159808316847496,0.022159808316847496
2023-07-04 00:00:00,2023,7,4,0,4.652656088905981,4.777574471906791,-0.1249183830008107,0.1249183830008107
2023-07-04 06:00:00,2023,7,4,6,5.123034828813147,5.0519049554629305,0.07112987335021614,0.07112987335021614
2023-07-04 12:00:00,2023,7,4,12,8.305542702645102,8.151493362217845,0.1540493404272567,0.1540493404272567
2023-07-04 18:00:00,2023,7,4,18,5.071861544565573,5.176189017865198,-0.10432747329962488,0.10432747329962488
2023-07-05 00:00:00,2023,7,5,0,4.852078100727794,4.724270490772686,0.12780760995510754,0.12780760995510754
2023-07-05 06:00:00,2023,7,5,6,5.096231144154215,5.047682755994393,0.048548388159821876,0.048548388159821876
2023-07-05 12:00:00,2023,7,5,12,7.633066403011891,7.750634487268278,-0.1175680842563871,0.1175680842563871
2023-07-05 18:00:00,2023,7,5,18,5.654855792201327,5.476806320011528,0.17804947218979894,0.17804947218979894
2023-07-06 00:00:00,2023,7,6,0,5.10417823679601,5.0421524313933945,0.06202580540261504,0.06202580540261504
2023-07-06 06:00:00,2023,7,6,6,4.771335177536287,4.957238675205098,-0.18590349766881165,0.18590349766881165
2023-07-06 12:00:00,2023,7,6,12,8.414007821890923,8.389386596805219,0.024621225085704523,0.024621225085704523
2023-07-06 18:00:00,2023,7,6,18,4.746685318624909,4.967347815945318,-0.22066249732040877,0.22066249732040877
2023-07-07 00:00:00,2023,7,7,0,4.740747453667985,4.591948198378056,0.1487992552899291,0.1487992552899291
2023-07-07 06:00:00,2023,7,7,6,4.747034095577749,4.81499197882319,-0.06795788324544105,0.06795788324544105
2023-07-07 12:00:00,2023,7,7,12,7.937268874329194,7.966132307609145,-0.02886343327995089,0.02886343327995089
2023-07-07 18:00:00,2023,7,7,18,5.175927086061685,5.069999437060085,0.10592764900159946,0.10592764900159946
2023-07-08 00:00:00,2023,7,8,0,4.658383666241111,4.532427648863488,0.1259560173776233,0.1259560173776233
2023-07-08 06:00:00,2023,7,8,6,5.011938723681082,5.02176898266925,-0.009830258988167806,0.009830258988167806
2023-07-08 12:00:00,2023,7,8,12,8.47409130816387,8.622468822862754,-0.14837751469888438,0.14837751469888438
2023-07-08 18:00:00,2023,7,8,18,4.750842336621263,4.831337659676603,-0.0804953230553398,0.0804953230553398
2023-07-09 00:00:00,2023,7,9,0,5.098427475508772,5.136780704292339,-0.03835322878356706,0.03835322878356706
2023-07-09 06:00:00,2023,7,9,6,4.687998696130765,4.851266213409955,-0.16326751727919042,0.16326751727919042
2023-07-09 12:00:00,2023,7,9,12,8.271417982043342,8.34488153807728,-0.0734635560339374,0.0734635560339374
2023-07-09 18:00:00,2023,7,9,18,5.360598076790841,5.25136421312543,0.10923386366541088,0.10923386366541088
2023-07-10 00:00:00,2023,7,10,0,4.832811824148231,4.920949811417612,-0.0881379872693806,0.0881379872693806
2023-07-10 06:00:00,2023,7,10,6,4.918444192156246,4.970142918462493,-0.05169872630624717,0.05169872630624717
2023-07-10 12:00:00,2023,7,10,12,8.60512040938631,8.550287819515638,0.054832589870670745,0.054832589870670745
2023-07-10 18:00:00,2023,7,10,18,4.942396345416049,5.098936215767384,-0.15653987035133454,0.15653987035133454
2023-07-11 00:00:00,2023,7,11,0,4.864515386777815,4.707081680852318,0.15743370592549688,0.15743370592549688
2023-07-11 06:00:00,2023,7,11,6,5.5510962998589415,5.288028799863078,0.26306749999586376,0.26306749999586376
2023-07-11 12:00:00,2023,7,11,12,8.389905720636422,8.467324954670492,-0.07741923403406936,0.07741923403406936
2023-07-11 18:00:00,2023,7,11,18,5.577401617226777,5.393716749185845,0.18368486804093198,0.18368486804093198
2023-07-12 00:00:00,2023,7,12,0,4.7322635284626005,4.676160113371334,0.056103415091266484,0.056103415091266484
2023-07-12 06:00:00,2023,7,12,6,5.237353084383413,5.305775966308384,-0.06842288192497126,0.06842288192497126
2023-07-12 12:00:00,2023,7,12,12,8.592586578610682,8.646527905917686,-0.05394132730700463,0.05394132730700463
2023-07-12 18:00:00,2023,7,12,18,5.565332300889417,5.496717013231214,0.06861528765820335,0.06861528765820335
2023-07-13 00:00:00,2023,7,13,0,5.4962121774974255,5.374138325013408,0.12207385248401792,0.12207385248401792
2023-07-13 06:00:00,2023,7,13,6,5.133849434137021,5.104903164824687,0.028946269312333683,0.028946269312333683
2023-07-13 12:00:00,2023,7,13,12,8.685533023429114,8.872148122628728,-0.1866150991996136,0.1866150991996136
2023-07-13 18:00:00,2023,7,13,18,4.841989785114192,4.851023573051575,-0.00903378793738252,0.00903378793738252
2023-07-14 00:00:00,2023,7,14,0,4.950417622098835,4.929380408779532,0.021037213319303305,0.021037213319303305
2023-07-14 06:00:00,2023,7,14,6,5.290929330695178,5.197169108416839,0.09376022227833936,0.09376022227833936
2023-07-14 12:00:00,2023,7,14,12,7.964734555231593,8.093246948646494,-0.1285123934149004,0.1285123934149004
2023-07-14 18:00:00,2023,7,14,18,5.341842628312311,5.092786835577625,0.24905579273468614,0.24905579273468614
2023-07-15 00:00:00,2023,7,15,0,5.127357640606386,4.871399083639689,0.25595855696669645,0.25595855696669645
2023-07-15 06:00:00,2023,7,15,6,5.406037201446023,5.349827588553274,0.05620961289274895,0.05620961289274895
2023-07-15 12:00:00,2023,7,15,12,8.718402824867324,8.661020329218195,0.05738249564912934,0.05738249564912934
2023-07-15 18:00:00,2023,7,15,18,5.506142839423148,5.521600327465279,-0.015457488042130763,0.015457488042130763
2023-07-16 00:00:00,2023,7,16,0,4.690978367002294,4.71818943601333,-0.027211069011036315,0.027211069011036315
2023-07-16 06:00:00,2023,7,16,6,5.323176161093577,5.248312040474871,0.07486412061870595,0.07486412061870595
2023-07-16 12:00:00,2023,7,16,12,8.844984663263672,8.881687868681475,-0.03670320541780292,0.03670320541780292
2023-07-16 18:00:00,2023,7,16,18,5.744096418264243,5.418388438950499,0.3257079793137434,0.3257079793137434
2023-07-17 00:00:00,2023,7,17,0,4.919251160602884,4.965690911291922,-0.046439750689038384,0.046439750689038384
2023-07-17 06:00:00,2023,7,17,6,5.283312708147375,5.263303763686991,0.02000894446038437,0.02000894446038437
2023-07-17 12:00:00,2023,7,17,12,8.41814064542984,8.331745205928764,0.08639543950107686,0.08639543950107686
2023-07-17 18:00:00,2023,7,17,18,5.307049403757851,5.254936503151591,0.05211290060625995,0.05211290060625995
2023-07-18 00:00:00,2023,7,18,0,5.287328708475492,5.438964494458273,-0.15163578598278082,0.15163578598278082
2023-07-18 06:00:00,2023,7,18,6,5.025328633376976,5.083429709790905,-0.05810107641392914,0.05810107641392914
2023-07-18 12:00:00,2023,7,18,12,8.545328027688358,8.511901909581999,0.03342611810635887,0.03342611810635887
2023-07-18 18:00:00,2023,7,18,18,5.6264075835262775,5.315764809266658,0.3106427742596196,0.3106427742596196
2023-07-19 00:00:00,2023,7,19,0,5.011759605059158,4.839012272823569,0.17274733223558858,0.17274733223558858
2023-07-19 06:00:00,2023,7,19,6,5.213847969704671,5.564089073321506,-0.3502411036168356,0.3502411036168356
2023-07-19 12:00:00,2023,7,19,12,7.970645174183403,8.21132692148467,-0.24068174730126657,0.24068174730126657
2023-07-19 18:00:00,2023,7,19,18,5.825554164523372,6.034726434571397,-0.20917227004802452,0.20917227004802452
2023-07-20 00:00:00,2023,7,20,0,5.106994119207027,5.210706075773143,-0.10371195656611665,0.10371195656611665
2023-07-20 06:00:00,2023,7,20,6,5.370439164470089,5.209182379849451,0.16125678462063853,0.16125678462063853
2023-07-20 12:00:00,2023,7,20,12,8.410160047109937,8.294842590623261,0.11531745648667524,0.11531745648667524
2023-07-20 18:00:00,2023,7,20,18,5.383409608245741,5.23434848537374,0.14906112287200113,0.14906112287200113
2023-07-21 00:00:00,2023,7,21,0,5.373562743510803,5.006046472185578,0.3675162713252247,0.3675162713252247
2023-07-21 06:00:00,2023,7,21,6,5.402142763459767,5.288452442055613,0.11369032140415403,0.11369032140415403
2023-07-21 12:00:00,2023,7,21,12,8.745233887678628,8.684780068342457,0.06045381933617122,0.06045381933617122
2023-07-21 18:00:00,2023,7,21,18,5.391773148324985,5.484564575576301,-0.09279142725131617,0.09279142725131617
2023-07-22 00:00:00,2023,7,22,0,4.639472229010647,4.523035912742597,0.11643631626805018,0.11643631626805018
2023-07-22 06:00:00,2023,7,22,6,5.488753752110885,5.356061333813381,0.13269241829750378,0.13269241829750378
2023-07-22 12:00:00,2023,7,22,12,8.433350341959988,8.375465614986888,0.05788472697309999,0.05788472697309999
2023-07-22 18:00:00,2023,7,22,18,6.260370851325785,6.114786439546624,0.14558441177916137,0.14558441177916137
2023-07-23 00:00:00,2023,7,23,0,4.811145868708,4.736240481273418,0.07490538743458242,0.07490538743458242
2023-07-23 06:00:00,2023,7,23,6,5.410027561189645,5.34019747373648,0.06983008745316521,0.06983008745316521
2023-07-23 12:00:00,2023,7,23,12,8.78006680810415,8.87035341904602,-0.0902866109418703,0.0902866109418703
2023-07-23 18:00:00,2023,7,23,18,5.160862787933192,5.197458591487346,-0.03659580355415404,0.03659580355415404
2023-07-24 00:00:00,2023,7,24,0,4.744077427041314,5.005386909115189,-0.26130948207387483,0.26130948207387483
2023-07-24 06:00:00,2023,7,24,6,5.888768007007166,6.139746742437147,-0.25097873542998084,0.25097873542998084
2023-07-24 12:00:00,2023,7,24,12,8.090127227216755,8.118345746806824,-0.02821851959006949,0.02821851959006949
2023-07-24 18:00:00,2023,7,24,18,5.2512945166273095,5.68158756453687,-0.4302930479095606,0.4302930479095606
2023-07-25 00:00:00,2023,7,25,0,5.505887975066769,5.0510515361627855,0.4548364389039836,0.4548364389039836
2023-07-25 06:00:00,2023,7,25,6,5.005416669153482,5.1197027895613045,-0.11428612040782227,0.11428612040782227
2023-07-25 12:00:00,2023,7,25,12,8.62358459124297,8.505146450306867,0.11843814093610305,0.11843814093610305
2023-07-25 18:00:00,2023,7,25,18,4.671587281698958,5.005231118747926,-0.3336438370489683,0.3336438370489683
2023-07-26 00:00:00,2023,7,26,0,4.592023368568952,4.758259732538382,-0.1662363639694293,0.1662363639694293
2023-07-26 06:00:00,2023,7,26,6,5.485695136672159,5.3682755191446345,0.11741961752752417,0.11741961752752417
2023-07-26 12:00:00,2023,7,26,12,8.746126561444653,8.49167650417145,0.25445005727320336,0.25445005727320336
2023-07-26 18:00:00,2023,7,26,18,5.424909619023172,5.430143230766619,-0.005233611743447497,0.005233611743447497
2023-07-27 00:00:00,2023,7,27,0,5.415077620651754,5.092151162616018,0.3229264580357363,0.3229264580357363
2023-07-27 06:00:00,2023,7,27,6,5.107351241751775,5.262252375062093,-0.15490113331031807,0.15490113331031807
2023-07-27 12:00:00,2023,7,27,12,8.226950983100812,8.039587793241713,0.1873631898590986,0.1873631898590986
2023-07-27 18:00:00,2023,7,27,18,5.314737680341427,5.278911750340491,0.03582593000093581,0.03582593000093581
2023-07-28 00:00:00,2023,7,28,0,4.569695864848482,4.672276126600577,-0.10258026175209523,0.10258026175209523
2023-07-28 06:00:00,2023,7,28,6,4.906605615974476,5.2218814914683245,-0.3152758754938487,0.3152758754938487
2023-07-28 12:00:00,2023,7,28,12,8.427855252935943,8.798139229820123,-0.37028397688417947,0.37028397688417947
2023-07-28 18:00:00,2023,7,28,18,5.055897145719291,5.037355462693643,0.018541683025647515,0.018541683025647515
2023-07-29 00:00:00,2023,7,29,0,4.6746416425733095,4.671066382918248,0.003575259655061558,0.003575259655061558
2023-07-29 06:00:00,2023,7,29,6,5.42922678906313,5.59550323118662,-0.1662764421234897,0.1662764421234897
2023-07-29 12:00:00,2023,7,29,12,8.232938612642188,8.246082731017449,-0.013144118375260305,0.013144118375260305
2023-07-29 18:00:00,2023,7,29,18,5.017953278582088,5.079806754390624,-0.06185347580853584,0.06185347580853584
2023-07-30 00:00:00,2023,7,30,0,4.879312420469524,5.1097750946712015,-0.23046267420167776,0.23046267420167776
2023-07-30 06:00:00,2023,7,30,6,5.138266668611767,5.299191055754167,-0.16092438714240043,0.16092438714240043
2023-07-30 12:00:00,2023,7,30,12,8.59741449630359,8.47558681594685,0.1218276803567413,0.1218276803567413
2023-07-30 18:00:00,2023,7,30,18,5.456831635639877,5.280685440500249,0.17614619513962815,0.17614619513962815
2023-07-31 00:00:00,2023,7,31,0,5.272237944737745,5.256230391277844,0.016007553459901125,0.016007553459901125
2023-07-31 06:00:00,2023,7,31,6,5.316430704665852,5.3154765295963395,0.000954175069512786,0.000954175069512786
2023-07-31 12:00:00,2023,7,31,12,8.371159024696237,8.304584465439952,0.06657455925628497,0.06657455925628497
2023-07-31 18:00:00,2023,7,31,18,5.485203800873044,5.409489595660495,0.07571420521254879,0.07571420521254879
2023-08-01 00:00:00,2023,8,1,0,5.2669851272918375,5.353222941654031,-0.08623781436219335,0.08623781436219335
2023-08-01 06:00:00,2023,8,1,6,5.6671283165061785,5.914957759532462,-0.2478294430262835,0.2478294430262835
2023-08-01 12:00:00,2023,8,1,12,8.102821388482894,8.242450675040951,-0.13962928655805662,0.13962928655805662
2023-08-01 18:00:00,2023,8,1,18,5.214512213832065,5.280721961251558,-0.06620974741949315,0.06620974741949315
2023-08-02 00:00:00,2023,8,2,0,4.764957780641058,4.895803763636901,-0.13084598299584282,0.13084598299584282
2023-08-02 06:00:00,2023,8,2,6,5.706714793832228,5.797871306978531,-0.09115651314630302,0.09115651314630302
2023-08-02 12:00:00,2023,8,2,12,8.253613284063531,8.306938818695102,-0.05332553463157019,0.05332553463157019
2023-08-02 18:00:00,2023,8,2,18,5.558905953944282,5.464900700178357,0.09400525376592483,0.09400525376592483
2023-08-03 00:00:00,2023,8,3,0,4.932852366511667,5.091390651517124,-0.15853828500545752,0.15853828500545752
2023-08-03 06:00:00,2023,8,3,6,4.895100435331904,5.214699860697733,-0.31959942536582897,0.31959942536582897
2023-08-03 12:00:00,2023,8,3,12,8.542696328996204,8.523692218501607,0.01900411049459727,0.01900411049459727
2023-08-03 18:00:00,2023,8,3,18,5.4600842757281605,5.329187550278342,0.13089672544981834,0.13089672544981834
2023-08-04 00:00:00,2023,8,4,0,4.854121243435474,4.969946652933615,-0.11582540949814124,0.11582540949814124
2023-08-04 06:00:00,2023,8,4,6,5.875578739874174,5.946952198400254,-0.07137345852607968,0.07137345852607968
2023-08-04 12:00:00,2023,8,4,12,8.689679264498057,8.632989160599449,0.05669010389860851,0.05669010389860851
2023-08-04 18:00:00,2023,8,4,18,5.811371063593927,5.544283565647879,0.267087497946048,0.267087497946048
2023-08-05 00:00:00,2023,8,5,0,5.267540869960074,5.550025195467065,-0.2824843255069913,0.2824843255069913
2023-08-05 06:00:00,2023,8,5,6,5.5179147712694725,5.391168122634496,0.12674664863497664,0.12674664863497664
2023-08-05 12:00:00,2023,8,5,12,8.111226680974118,8.359879634701219,-0.24865295372710072,0.24865295372710072
2023-08-05 18:00:00,2023,8,5,18,5.489930389561212,5.674367701366875,-0.18443731180566303,0.18443731180566303
2023-08-06 00:00:00,2023,8,6,0,5.115493620719474,5.132706218327193,-0.017212597607719538,0.017212597607719538
2023-08-06 06:00:00,2023,8,6,6,5.256919588451618,5.2988592723522725,-0.0419396839006545,0.0419396839006545
2023-08-06 12:00:00,2023,8,6,12,8.46323432076308,8.409927460686777,0.0533068600763027,0.0533068600763027
2023-08-06 18:00:00,2023,8,6,18,5.519075799937328,5.50678959549654,0.012286204440788318,0.012286204440788318
2023-08-07 00:00:00,2023,8,7,0,5.031405330434339,4.856441462088645,0.174963868345694,0.174963868345694
2023-08-07 06:00:00,2023,8,7,6,5.339911591888741,5.474116269940823,-0.13420467805208158,0.13420467805208158
2023-08-07 12:00:00,2023,8,7,12,8.893928719034614,8.69736549336748,0.19656322566713413,0.19656322566713413
2023-08-07 18:00:00,2023,8,7,18,5.180540010911594,5.337020031949174,-0.15648002103757985,0.15648002103757985
2023-08-08 00:00:00,2023,8,8,0,4.615136559112088,4.833850764227712,-0.21871420511562434,0.21871420511562434
2023-08-08 06:00:00,2023,8,8,6,5.459217533770117,5.537336222542988,-0.07811868877287154,0.07811868877287154
2023-08-08 12:00:00,2023,8,8,12,7.996550162268045,8.1772939297017,-0.18074376743365406,0.18074376743365406
2023-08-08 18:00:00,2023,8,8,18,5.752799612142441,5.568776051531948,0.18402356061049296,0.18402356061049296
2023-08-09 00:00:00,2023,8,9,0,5.015731970309553,4.79434778370199,0.22138418660756365,0.22138418660756365
2023-08-09 06:00:00,2023,8,9,6,5.399485061789577,5.3239088010749835,0.07557626071459378,0.07557626071459378
2023-08-09 12:00:00,2023,8,9,12,8.15600200964706,8.374033920949215,-0.21803191130215538,0.21803191130215538
2023-08-09 18:00:00,2023,8,9,18,5.839338385091041,5.545913283587721,0.29342510150332046,0.29342510150332046
2023-08-10 00:00:00,2023,8,10,0,4.850480750856571,4.838614034134706,0.011866716721864456,0.011866716721864456
2023-08-10 06:00:00,2023,8,10,6,5.608599158101157,5.391998181485829,0.21660097661532784,0.21660097661532784
2023-08-10 12:00:00,2023,8,10,12,8.2336390635159,8.360526585969648,-0.1268875224537478,0.1268875224537478
2023-08-10 18:00:00,2023,8,10,18,6.0105648861202585,6.103240810066535,-0.09267592394627666,0.09267592394627666
2023-08-11 00:00:00,2023,8,11,0,4.968944097772539,5.029824928086526,-0.06088083031398739,0.06088083031398739
2023-08-11 06:00:00,2023,8,11,6,6.557749481880453,6.2927165337534126,0.2650329481270406,0.2650329481270406
2023-08-11 12:00:00,2023,8,11,12,8.478509369271467,8.286495759136079,0.19201361013538865,0.19201361013538865
2023-08-11 18:00:00,2023,8,11,18,5.899478248691452,5.858726155150282,0.04075209354116982,0.04075209354116982
2023-08-12 00:00:00,2023,8,12,0,4.529128924582798,4.687929031358382,-0.1588001067755842,0.1588001067755842
2023-08-12 06:00:00,2023,8,12,6,5.766052701450789,5.770790655915478,-0.004737954464689054,0.004737954464689054
2023-08-12 12:00:00,2023,8,12,12,8.2284087492523,8.456414080966612,-0.22800533171431248,0.22800533171431248
2023-08-12 18:00:00,2023,8,12,18,5.725277690481984,6.133419017963315,-0.4081413274813315,0.4081413274813315
2023-08-13 00:00:00,2023,8,13,0,4.72786994697301,4.972510320201069,-0.24464037322805865,0.24464037322805865
2023-08-13 06:00:00,2023,8,13,6,5.556421730277804,5.5440939627029655,0.012327767574838333,0.012327767574838333
2023-08-13 12:00:00,2023,8,13,12,8.5160881277977,8.409386928192552,0.10670119960514768,0.10670119960514768
2023-08-13 18:00:00,2023,8,13,18,4.981590581333291,5.2580386932952035,-0.2764481119619129,0.2764481119619129
2023-08-14 00:00:00,2023,8,14,0,5.509112313925182,5.276249467335781,0.23286284658940115,0.23286284658940115
2023-08-14 06:00:00,2023,8,14,6,5.834004005901056,6.002794409679762,-0.16879040377870602,0.16879040377870602
2023-08-14 12:00:00,2023,8,14,12,8.88200258741079,8.953907184670687,-0.07190459725989662,0.07190459725989662
2023-08-14 18:00:00,2023,8,14,18,4.955012712139272,5.092133611025428,-0.13712089888615608,0.13712089888615608
2023-08-15 00:00:00,2023,8,15,0,4.569782496136613,4.729006677190897,-0.15922418105428449,0.15922418105428449
2023-08-15 06:00:00,2023,8,15,6,5.883912618390627,5.601297801690158,0.2826148167004696,0.2826148167004696
2023-08-15 12:00:00,2023,8,15,12,8.313320754232945,8.226194946567224,0.08712580766572131,0.08712580766572131
2023-08-15 18:00:00,2023,8,15,18,5.080634912345602,5.278897074690004,-0.19826216234440253,0.19826216234440253
2023-08-16 00:00:00,2023,8,16,0,5.13539054006345,5.043885149500351,0.09150539056309892,0.09150539056309892
2023-08-16 06:00:00,2023,8,16,6,5.828272010922463,5.538887514422084,0.2893844965003787,0.2893844965003787
2023-08-16 12:00:00,2023,8,16,12,8.310948289607511,8.425073288446129,-0.11412499883861749,0.11412499883861749
2023-08-16 18:00:00,2023,8,16,18,5.467368511258888,5.391493268206521,0.07587524305236748,0.07587524305236748
2023-08-17 00:00:00,2023,8,17,0,5.294923579146952,5.164932858705371,0.12999072044158133,0.12999072044158133
2023-08-17 06:00:00,2023,8,17,6,5.762036413688125,5.464663590200793,0.29737282348733185,0.29737282348733185
2023-08-17 12:00:00,2023,8,17,12,8.133924794193568,8.153206666311885,-0.019281872118316556,0.019281872118316556
2023-08-17 18:00:00,2023,8,17,18,6.0016021455807245,5.796755260671631,0.20484688490909342,0.20484688490909342
2023-08-18 00:00:00,2023,8,18,0,5.170547511514442,5.146153241610996,0.024394269903446286,0.024394269903446286
2023-08-18 06:00:00,2023,8,18,6,5.698539849989873,5.820087866523507,-0.12154801653363378,0.12154801653363378
2023-08-18 12:00:00,2023,8,18,12,8.288193360619351,8.388876933551108,-0.10068357293175723,0.10068357293175723
2023-08-18 18:00:00,2023,8,18,18,5.388344108622247,5.352385669971707,0.035958438650539826,0.035958438650539826
2023-08-19 00:00:00,2023,8,19,0,4.862142727951317,5.044014235196336,-0.18187150724501855,0.18187150724501855
2023-08-19 06:00:00,2023,8,19,6,5.091748965417603,5.303571223231358,-0.21182225781375497,0.21182225781375497
2023-08-19 12:00:00,2023,8,19,12,8.152067373993413,8.130538657911377,0.021528716082036325,0.021528716082036325
2023-08-19 18:00:00,2023,8,19,18,5.642972578584662,5.355823765784178,0.287148812800484,0.287148812800484
2023-08-20 00:00:00,2023,8,20,0,4.6126054511717705,4.826735131712432,-0.21412968054066184,0.21412968054066184
2023-08-20 06:00:00,2023,8,20,6,5.356564333100508,5.452735738897952,-0.09617140579744454,0.09617140579744454
2023-08-20 12:00:00,2023,8,20,12,8.874490762863353,8.787412045989553,0.08707871687379942,0.08707871687379942
2023-08-20 18:00:00,2023,8,20,18,5.130894187173912,5.289147790967461,-0.1582536037935487,0.1582536037935487
2023-08-21 00:00:00,2023,8,21,0,5.185995450135147,5.550034924304681,-0.36403947416953386,0.36403947416953386
2023-08-21 06:00:00,2023,8,21,6,5.211631803484254,5.375003627871336,-0.16337182438708187,0.16337182438708187
2023-08-21 12:00:00,2023,8,21,12,8.318547274765505,8.248718004492975,0.06982927027253005,0.06982927027253005
2023-08-21 18:00:00,2023,8,21,18,5.7756038400807626,5.848685274201126,-0.07308143412036383,0.07308143412036383
2023-08-22 00:00:00,2023,8,22,0,4.985301886641756,4.981776984263842,0.003524902377914252,0.003524902377914252
2023-08-22 06:00:00,2023,8,22,6,5.416528391122132,5.670716046861543,-0.25418765573941116,0.25418765573941116
2023-08-22 12:00:00,2023,8,22,12,9.075043474710997,8.961042638335913,0.11400083637508374,0.11400083637508374
2023-08-22 18:00:00,2023,8,22,18,5.379388241106716,5.640662651317421,-0.26127441021070474,0.26127441021070474
2023-08-23 00:00:00,2023,8,23,0,5.146929611330992,5.073296586092471,0.07363302523852155,0.07363302523852155
2023-08-23 06:00:00,2023,8,23,6,6.197670822236074,6.152889958035102,0.04478086420097238,0.04478086420097238
2023-08-23 12:00:00,2023,8,23,12,7.787304908032793,8.067265526622363,-0.2799606185895698,0.2799606185895698
2023-08-23 18:00:00,2023,8,23,18,5.208906461304479,5.344063071184622,-0.1351566098801431,0.1351566098801431
2023-08-24 00:00:00,2023,8,24,0,5.1579314820262745,5.405818625366621,-0.24788714334034623,0.24788714334034623
2023-08-24 06:00:00,2023,8,24,6,5.983291425965032,6.074174630106536,-0.09088320414150441,0.09088320414150441
2023-08-24 12:00:00,2023,8,24,12,8.594270469337022,8.591036782065158,0.0032336872718641274,0.0032336872718641274
2023-08-24 18:00:00,2023,8,24,18,4.843786248255354,5.193552609662264,-0.3497663614069104,0.3497663614069104
2023-08-25 00:00:00,2023,8,25,0,5.211797342605878,5.558289487498531,-0.346492144892653,0.346492144892653
2023-08-25 06:00:00,2023,8,25,6,5.845124728745441,5.684702047596547,0.16042268114889424,0.16042268114889424
2023-08-25 12:00:00,2023,8,25,12,9.13375756114598,8.902449840190906,0.23130772095507446,0.23130772095507446
2023-08-25 18:00:00,2023,8,25,18,5.285699883178834,5.342156055054671,-0.05645617187583696,0.05645617187583696
2023-08-26 00:00:00,2023,8,26,0,5.081116239409201,4.990374770675472,0.09074146873372868,0.09074146873372868
2023-08-26 06:00:00,2023,8,26,6,6.206732524670942,6.00624981827802,0.20048270639292198,0.20048270639292198
2023-08-26 12:00:00,2023,8,26,12,8.341243073822012,8.323494819202068,0.017748254619943893,0.017748254619943893
2023-08-26 18:00:00,2023,8,26,18,5.495354030941135,5.468851126121304,0.02650290481983042,0.02650290481983042
2023-08-27 00:00:00,2023,8,27,0,4.970952820419677,5.034618306486358,-0.06366548606668143,0.06366548606668143
2023-08-27 06:00:00,2023,8,27,6,5.545185252735329,5.624892145167089,-0.07970689243176032,0.07970689243176032
2023-08-27 12:00:00,2023,8,27,12,8.280124774164914,8.340965532195835,-0.06084075803092048,0.06084075803092048
2023-08-27 18:00:00,2023,8,27,18,5.764752086995916,6.010862408438711,-0.24611032144279488,0.24611032144279488
2023-08-28 00:00:00,2023,8,28,0,5.100611789833194,5.052221016396631,0.04839077343656317,0.04839077343656317
2023-08-28 06:00:00,2023,8,28,6,6.137323906206887,6.219387804273258,-0.08206389806637127,0.08206389806637127
2023-08-28 12:00:00,2023,8,28,12,8.193866254727824,8.161795874051332,0.03207038067649215,0.03207038067649215
2023-08-28 18:00:00,2023,8,28,18,5.466374230055817,5.473284559067149,-0.006910329011331484,0.006910329011331484
2023-08-29 00:00:00,2023,8,29,0,4.805934808155384,4.941590816566494,-0.13565600841111003,0.13565600841111003
2023-08-29 06:00:00,2023,8,29,6,5.619368327509649,5.462649991247166,0.15671833626248333,0.15671833626248333
2023-08-29 12:00:00,2023,8,29,12,8.377284328555458,8.51962192955591,-0.14233760100045245,0.14233760100045245
2023-08-29 18:00:00,2023,8,29,18,5.928986890541693,5.7872188431624,0.14176804737929327,0.14176804737929327
2023-08-30 00:00:00,2023,8,30,0,5.52561630683416,5.4163464973844775,0.10926980944968268,0.10926980944968268
2023-08-30 06:00:00,2023,8,30,6,6.034989595520492,5.96117933474013,0.07381026078036168,0.07381026078036168
2023-08-30 12:00:00,2023,8,30,12,8.369367364605933,8.303660969155437,0.06570639545049595,0.06570639545049595
2023-08-30 18:00:00,2023,8,30,18,5.538826595712603,5.449679241123222,0.08914735458938061,0.08914735458938061
2023-08-31 00:00:00,2023,8,31,0,4.859125711141745,4.943760780243708,-0.08463506910196283,0.08463506910196283
2023-08-31 06:00:00,2023,8,31,6,5.823237849039978,5.808240777321145,0.0149970717188328,0.0149970717188328
2023-08-31 12:00:00,2023,8,31,12,7.760680979402099,7.991439900265887,-0.23075892086378857,0.23075892086378857
2023-08-31 18:00:00,2023,8,31,18,5.344156863175168,5.333688345719207,0.010468517455961113,0.010468517455961113
2023-09-01 00:00:00,2023,9,1,0,4.74287187249267,4.95720535602138,-0.2143334835287094,0.2143334835287094
2023-09-01 06:00:00,2023,9,1,6,5.394624607420433,5.595236172445259,-0.20061156502482547,0.20061156502482547
2023-09-01 12:00:00,2023,9,1,12,8.331170855844036,8.0988195087665,0.23235134707753602,0.23235134707753602
2023-09-01 18:00:00,2023,9,1,18,5.789820328345213,5.564559408201904,0.22526092014330867,0.22526092014330867
2023-09-02 00:00:00,2023,9,2,0,5.444781888635449,5.110535230380865,0.33424665825458355,0.33424665825458355
2023-09-02 06:00:00,2023,9,2,6,6.19247035660384,6.120555351718973,0.07191500488486735,0.07191500488486735
2023-09-02 12:00:00,2023,9,2,12,8.044775329242482,8.230108244643045,-0.18533291540056318,0.18533291540056318
2023-09-02 18:00:00,2023,9,2,18,5.400760148556174,5.4807397412557,-0.07997959269952659,0.07997959269952659
2023-09-03 00:00:00,2023,9,3,0,5.071682054121309,5.096127341704273,-0.024445287582963715,0.024445287582963715
2023-09-03 06:00:00,2023,9,3,6,5.435594036877901,5.3575553939159475,0.07803864296195329,0.07803864296195329
2023-09-03 12:00:00,2023,9,3,12,8.303382785242391,8.036345015390193,0.2670377698521982,0.2670377698521982
2023-09-03 18:00:00,2023,9,3,18,5.307446274842165,5.342022099080167,-0.03457582423800254,0.03457582423800254
2023-09-04 00:00:00,2023,9,4,0,4.877438130188926,5.036227620116914,-0.15878948992798758,0.15878948992798758
2023-09-04 06:00:00,2023,9,4,6,6.112290202446153,5.953399216003753,0.15889098644240018,0.15889098644240018
2023-09-04 12:00:00,2023,9,4,12,8.815903236649687,8.819055911644371,-0.0031526749946841903,0.0031526749946841903
2023-09-04 18:00:00,2023,9,4,18,5.225379659560554,5.3134073712977115,-0.08802771173715751,0.08802771173715751
2023-09-05 00:00:00,2023,9,5,0,5.068941692867701,5.222425632569567,-0.15348393970186613,0.15348393970186613
2023-09-05 06:00:00,2023,9,5,6,5.392729174199896,5.489264984897367,-0.0965358106974703,0.0965358106974703
2023-09-05 12:00:00,2023,9,5,12,8.491907353583482,8.334549260132954,0.15735809345052765,0.15735809345052765
2023-09-05 18:00:00,2023,9,5,18,6.157883858217699,6.0998831445312165,0.058000713686482186,0.058000713686482186
2023-09-06 00:00:00,2023,9,6,0,4.791542090243738,4.837892608198607,-0.04635051795486955,0.04635051795486955
2023-09-06 06:00:00,2023,9,6,6,5.728401573809973,5.999196257601671,-0.27079468379169835,0.27079468379169835
2023-09-06 12:00:00,2023,9,6,12,7.717807646692595,7.943224571933765,-0.22541692524116996,0.22541692524116996
2023-09-06 18:00:00,2023,9,6,18,5.557428501401445,5.3914558347751695,0.16597266662627508,0.16597266662627508
2023-09-07 00:00:00,2023,9,7,0,5.110552448373268,5.159443790571769,-0.048891342198501775,0.048891342198501775
2023-09-07 06:00:00,2023,9,7,6,5.613598398454994,5.472560272989308,0.14103812546568584,0.14103812546568584
2023-09-07 12:00:00,2023,9,7,12,7.91714906571137,8.03902896358751,-0.1218798978761404,0.1218798978761404
2023-09-07 18:00:00,2023,9,7,18,4.99179501190348,5.00966820805217,-0.017873196148689985,0.017873196148689985
2023-09-08 00:00:00,2023,9,8,0,5.067349562196753,5.120108023679448,-0.052758461482694585,0.052758461482694585
2023-09-08 06:00:00,2023,9,8,6,5.616075777291245,5.438932534291103,0.17714324300014184,0.17714324300014184
2023-09-08 12:00:00,2023,9,8,12,8.535264907026953,8.157404141554549,0.37786076547240377,0.37786076547240377
2023-09-08 18:00:00,2023,9,8,18,4.91220790738825,5.0464963958055495,-0.13428848841729923,0.13428848841729923
2023-09-09 00:00:00,2023,9,9,0,4.87643574834685,5.212911228847785,-0.3364754805009351,0.3364754805009351
2023-09-09 06:00:00,2023,9,9,6,5.450300956475768,5.44409423660024,0.006206719875528677,0.006206719875528677
2023-09-09 12:00:00,2023,9,9,12,8.266313844463252,8.175693397656962,0.09062044680628922,0.09062044680628922
2023-09-09 18:00:00,2023,9,9,18,4.966888915022432,5.339697113822234,-0.3728081987998024,0.3728081987998024
2023-09-10 00:00:00,2023,9,10,0,4.535538725513531,4.855503317001102,-0.3199645914875715,0.3199645914875715
2023-09-10 06:00:00,2023,9,10,6,5.460968516636847,5.5796872575549985,-0.11871874091815116,0.11871874091815116
2023-09-10 12:00:00,2023,9,10,12,8.433384763880282,8.230056729312516,0.20332803456776638,0.20332803456776638
2023-09-10 18:00:00,2023,9,10,18,5.3451291808541646,5.530709360381413,-0.18558017952724803,0.18558017952724803
2023-09-11 00:00:00,2023,9,11,0,4.846434547921343,4.851746411634579,-0.005311863713235887,0.005311863713235887
2023-09-11 06:00:00,2023,9,11,6,5.007675277918652,5.332053014618937,-0.3243777367002849,0.3243777367002849
2023-09-11 12:00:00,2023,9,11,12,8.5814174695266,8.464985350863385,0.11643211866321579,0.11643211866321579
2023-09-11 18:00:00,2023,9,11,18,5.324658591010146,5.4992306008779455,-0.17457200986779942,0.17457200986779942
2023-09-12 00:00:00,2023,9,12,0,5.490612909292038,5.112611808512267,0.37800110077977056,0.37800110077977056
2023-09-12 06:00:00,2023,9,12,6,5.138924462580731,5.246534255081937,-0.10760979250120606,0.10760979250120606
2023-09-12 12:00:00,2023,9,12,12,8.423323978614244,8.314245777474264,0.10907820113997957,0.10907820113997957
2023-09-12 18:00:00,2023,9,12,18,6.246315269971848,6.149664086738404,0.09665118323344402,0.09665118323344402
2023-09-13 00:00:00,2023,9,13,0,4.665861592006762,4.827256560785144,-0.16139496877838155,0.16139496877838155
2023-09-13 06:00:00,2023,9,13,6,5.570220457911553,5.451432102837881,0.11878835507367214,0.11878835507367214
2023-09-13 12:00:00,2023,9,13,12,7.58442454252275,8.036210441889953,-0.45178589936720304,0.45178589936720304
2023-09-13 18:00:00,2023,9,13,18,5.580424891405002,5.533653424331653,0.04677146707334945,0.04677146707334945
2023-09-14 00:00:00,2023,9,14,0,5.051367090392149,4.90556852656251,0.14579856382963907,0.14579856382963907
2023-09-14 06:00:00,2023,9,14,6,5.225189636054558,5.2620485383745255,-0.03685890231996769,0.03685890231996769
2023-09-14 12:00:00,2023,9,14,12,7.682244272630517,7.8427471649878235,-0.16050289235730641,0.16050289235730641
2023-09-14 18:00:00,2023,9,14,18,5.549702205402096,5.323250008905589,0.22645219649650716,0.22645219649650716
2023-09-15 00:00:00,2023,9,15,0,5.147422420535821,5.228287462091744,-0.08086504155592333,0.08086504155592333
2023-09-15 06:00:00,2023,9,15,6,5.087557721747594,5.119318769159005,-0.03176104741141117,0.03176104741141117
2023-09-15 12:00:00,2023,9,15,12,7.75712176117619,7.855125147175941,-0.09800338599975067,0.09800338599975067
2023-09-15 18:00:00,2023,9,15,18,5.158549730312306,5.097380618414712,0.061169111897593886,0.061169111897593886
2023-09-16 00:00:00,2023,9,16,0,4.900460210322664,4.946795480195381,-0.04633526987271708,0.04633526987271708
2023-09-16 06:00:00,2023,9,16,6,5.0427074271990495,5.114989463663552,-0.07228203646450204,0.07228203646450204
2023-09-16 12:00:00,2023,9,16,12,8.449213194317421,8.270411652501837,0.17880154181558439,0.17880154181558439
2023-09-16 18:00:00,2023,9,16,18,5.545061650177939,5.308844868246631,0.2362167819313079,0.2362167819313079
2023-09-17 00:00:00,2023,9,17,0,4.779709476085258,4.951424980198424,-0.17171550411316616,0.17171550411316616
2023-09-17 06:00:00,2023,9,17,6,5.427886682069063,5.3000808741798275,0.1278058078892359,0.1278058078892359
2023-09-17 12:00:00,2023,9,17,12,7.643120825027731,7.923633314998906,-0.2805124899711746,0.2805124899711746
2023-09-17 18:00:00,2023,9,17,18,5.596862021137116,5.616727480917677,-0.019865459780561423,0.019865459780561423
2023-09-18 00:00:00,2023,9,18,0,5.068554994698928,4.969617406774854,0.09893758792407414,0.09893758792407414
2023-09-18 06:00:00,2023,9,18,6,5.358848990986062,5.4095353144157485,-0.050686323429686375,0.050686323429686375
2023-09-18 12:00:00,2023,9,18,12,7.62745759185808,7.81935131030568,-0.1918937184476004,0.1918937184476004
2023-09-18 18:00:00,2023,9,18,18,5.193285884244055,5.25517531308141,-0.06188942883735482,0.06188942883735482
2023-09-19 00:00:00,2023,9,19,0,4.791211790474589,4.874472192647592,-0.08326040217300346,0.08326040217300346
2023-09-19 06:00:00,2023,9,19,6,5.514985380767399,5.3936172966499,0.12136808411749911,0.12136808411749911
2023-09-19 12:00:00,2023,9,19,12,8.097579507701061,7.9369130959354806,0.16066641176558072,0.16066641176558072
2023-09-19 18:00:00,2023,9,19,18,5.15631222791386,5.135409590358533,0.020902637555327175,0.020902637555327175
2023-09-20 00:00:00,2023,9,20,0,4.915710247468847,4.838085986279198,0.07762426118964871,0.07762426118964871
2023-09-20 06:00:00,2023,9,20,6,5.252367826187886,5.4045700055425785,-0.15220217935469282,0.15220217935469282
2023-09-20 12:00:00,2023,9,20,12,7.868536770737264,7.771141453813873,0.0973953169233912,0.0973953169233912
2023-09-20 18:00:00,2023,9,20,18,5.062646887260726,5.087801305509387,-0.02515441824866116,0.02515441824866116
2023-09-21 00:00:00,2023,9,21,0,4.610124851945055,4.666537290139887,-0.056412438194832326,0.056412438194832326
2023-09-21 06:00:00,2023,9,21,6,5.625234269366243,5.245609577391089,0.37962469197515425,0.37962469197515425
2023-09-21 12:00:00,2023,9,21,12,7.805172847431542,7.795595615938678,0.00957723149286327,0.00957723149286327
2023-09-21 18:00:00,2023,9,21,18,5.160822133044208,5.182569653781276,-0.021747520737068093,0.021747520737068093
2023-09-22 00:00:00,2023,9,22,0,4.67151045826089,4.791724340545215,-0.12021388228432439,0.12021388228432439
2023-09-22 06:00:00,2023,9,22,6,5.878701966703359,5.969872421059439,-0.09117045435608073,0.09117045435608073
2023-09-22 12:00:00,2023,9,22,12,8.2236594028248,8.08918434368332,0.13447505914148117,0.13447505914148117
2023-09-22 18:00:00,2023,9,22,18,5.045170000075166,5.182249149574545,-0.13707914949937905,0.13707914949937905
2023-09-23 00:00:00,2023,9,23,0,4.704690603653772,4.642557192886242,0.06213341076752954,0.06213341076752954
2023-09-23 06:00:00,2023,9,23,6,6.059058412722439,6.016692979049775,0.04236543367266332,0.04236543367266332
2023-09-23 12:00:00,2023,9,23,12,7.406245026063936,7.753290278912981,-0.3470452528490453,0.3470452528490453
2023-09-23 18:00:00,2023,9,23,18,5.268894646870435,5.0264571583305,0.24243748853993452,0.24243748853993452
2023-09-24 00:00:00,2023,9,24,0,4.607505382193178,4.62655171864079,-0.019046336447611445,0.019046336447611445
2023-09-24 06:00:00,2023,9,24,6,5.325227757025825,5.1748386815820355,0.15038907544378954,0.15038907544378954
2023-09-24 12:00:00,2023,9,24,12,7.199802430419931,7.683887378228388,-0.4840849478084568,0.4840849478084568
2023-09-24 18:00:00,2023,9,24,18,5.658475698495862,5.320389010542247,0.3380866879536155,0.3380866879536155
2023-09-25 00:00:00,2023,9,25,0,4.909254868982615,4.5204496309367,0.38880523804591505,0.38880523804591505
2023-09-25 06:00:00,2023,9,25,6,5.275142009131948,5.240664867720973,0.03447714141097524,0.03447714141097524
2023-09-25 12:00:00,2023,9,25,12,7.323823687550314,7.48638833892918,-0.16256465137886522,0.16256465137886522
2023-09-25 18:00:00,2023,9,25,18,4.73623010901409,5.111988788793242,-0.37575867977915145,0.37575867977915145
2023-09-26 00:00:00,2023,9,26,0,4.168551093402565,4.440828962150341,-0.2722778687477767,0.2722778687477767
2023-09-26 06:00:00,2023,9,26,6,5.269802961593663,5.146541871574799,0.12326109001886376,0.12326109001886376
2023-09-26 12:00:00,2023,9,26,12,7.937502960933462,8.035520549519067,-0.09801758858560472,0.09801758858560472
2023-09-26 18:00:00,2023,9,26,18,4.964109121954608,5.130394940387644,-0.16628581843303625,0.16628581843303625
2023-09-27 00:00:00,2023,9,27,0,5.733663978807135,5.393270090794738,0.3403938880123967,0.3403938880123967
2023-09-27 06:00:00,2023,9,27,6,5.114416057701319,5.185505359426097,-0.07108930172477823,0.07108930172477823
2023-09-27 12:00:00,2023,9,27,12,7.11597172078243,7.3615657237593926,-0.24559400297696232,0.24559400297696232
2023-09-27 18:00:00,2023,9,27,18,5.102233921628964,5.017702696973659,0.08453122465530516,0.08453122465530516
2023-09-28 00:00:00,2023,9,28,0,4.541115839997737,4.533179613559176,0.00793622643856029,0.00793622643856029
2023-09-28 06:00:00,2023,9,28,6,4.501143113451048,4.721458817862223,-0.22031570441117587,0.22031570441117587
2023-09-28 12:00:00,2023,9,28,12,7.224515416950923,7.351111252152767,-0.1265958352018437,0.1265958352018437
2023-09-28 18:00:00,2023,9,28,18,5.342764473929231,5.02679178090018,0.3159726930290505,0.3159726930290505
2023-09-29 00:00:00,2023,9,29,0,4.578230247170244,4.749007587263911,-0.17077734009366718,0.17077734009366718
2023-09-29 06:00:00,2023,9,29,6,5.132474062969636,5.091011824846053,0.041462238123583184,0.041462238123583184
2023-09-29 12:00:00,2023,9,29,12,7.481289214049516,7.583889383831217,-0.1026001697817005,0.1026001697817005
2023-09-29 18:00:00,2023,9,29,18,5.31927633204458,5.343538099045599,-0.02426176700101923,0.02426176700101923
2023-09-30 00:00:00,2023,9,30,0,4.588793443187497,4.778309398431856,-0.18951595524435838,0.18951595524435838
2023-09-30 06:00:00,2023,9,30,6,4.872155487882799,4.912377785747446,-0.040222297864646706,0.040222297864646706
2023-09-30 12:00:00,2023,9,30,12,7.301334116634705,7.528292730299885,-0.22695861366517978,0.22695861366517978
2023-09-30 18:00:00,2023,9,30,18,4.551206410247999,4.8643241866117615,-0.3131177763637627,0.3131177763637627
2023-10-01 00:00:00,2023,10,1,0,4.203585126291358,4.4550956736859195,-0.25151054739456136,0.25151054739456136
2023-10-01 06:00:00,2023,10,1,6,5.056142904580093,5.046471248311455,0.00967165626863764,0.00967165626863764
2023-10-01 12:00:00,2023,10,1,12,7.226958240980818,7.264548102626217,-0.037589861645399125,0.037589861645399125
2023-10-01 18:00:00,2023,10,1,18,5.134414433133602,4.934902809497203,0.19951162363639963,0.19951162363639963
2023-10-02 00:00:00,2023,10,2,0,4.588886889039254,4.511616058839335,0.07727083019991898,0.07727083019991898
2023-10-02 06:00:00,2023,10,2,6,5.225109221602644,5.02031322160789,0.2047959999947535,0.2047959999947535
2023-10-02 12:00:00,2023,10,2,12,7.091151090581529,7.165854590474424,-0.07470349989289549,0.07470349989289549
2023-10-02 18:00:00,2023,10,2,18,5.069661167366672,4.952044056557164,0.11761711080950743,0.11761711080950743
2023-10-03 00:00:00,2023,10,3,0,4.654454914261178,4.760154160955403,-0.10569924669422459,0.10569924669422459
2023-10-03 06:00:00,2023,10,3,6,4.674497916150474,4.760556424462991,-0.08605850831251693,0.08605850831251693
2023-10-03 12:00:00,2023,10,3,12,7.489147721129668,7.663516797883091,-0.17436907675342272,0.17436907675342272
2023-10-03 18:00:00,2023,10,3,18,4.829676608668828,4.836892275292305,-0.007215666623476835,0.007215666623476835
2023-10-04 00:00:00,2023,10,4,0,4.543788431723849,4.483408789617445,0.060379642106403786,0.060379642106403786
2023-10-04 06:00:00,2023,10,4,6,5.110404276835581,5.197512051123201,-0.08710777428762029,0.08710777428762029
2023-10-04 12:00:00,2023,10,4,12,7.264123976598841,7.237119667383203,0.02700430921563779,0.02700430921563779
2023-10-04 18:00:00,2023,10,4,18,5.001298019322948,4.842355961949055,0.1589420573738929,0.1589420573738929
2023-10-05 00:00:00,2023,10,5,0,3.943713108727218,4.072119012037211,-0.1284059033099929,0.1284059033099929
2023-10-05 06:00:00,2023,10,5,6,4.664095391605952,4.650002927553635,0.014092464052316345,0.014092464052316345
2023-10-05 12:00:00,2023,10,5,12,7.547688068430745,7.412074407107582,0.13561366132316266,0.13561366132316266
2023-10-05 18:00:00,2023,10,5,18,4.893030116732349,4.727009236527144,0.16602088020520434,0.16602088020520434
2023-10-06 00:00:00,2023,10,6,0,4.325147673133105,4.363857486324187,-0.038709813191081466,0.038709813191081466
2023-10-06 06:00:00,2023,10,6,6,5.05143326147181,4.992814555772797,0.05861870569901306,0.05861870569901306
2023-10-06 12:00:00,2023,10,6,12,7.108782475613611,6.920717960638617,0.188064514974994,0.188064514974994
2023-10-06 18:00:00,2023,10,6,18,4.485983658735292,4.465352797530311,0.02063086120498081,0.02063086120498081
2023-10-07 00:00:00,2023,10,7,0,4.555033712414894,4.474626650356194,0.08040706205870052,0.08040706205870052
2023-10-07 06:00:00,2023,10,7,6,4.98291256321478,4.896568055248389,0.08634450796639115,0.08634450796639115
2023-10-07 12:00:00,2023,10,7,12,7.503206482786345,7.520024318776487,-0.016817835990142527,0.016817835990142527
2023-10-07 18:00:00,2023,10,7,18,5.187947141240345,5.003220879266835,0.18472626197350994,0.18472626197350994
2023-10-08 00:00:00,2023,10,8,0,4.377488199341947,4.482340115964208,-0.10485191662226079,0.10485191662226079
2023-10-08 06:00:00,2023,10,8,6,5.10952714124967,5.077314026874109,0.03221311437556107,0.03221311437556107
2023-10-08 12:00:00,2023,10,8,12,7.100582732830357,7.371390151841715,-0.2708074190113585,0.2708074190113585
2023-10-08 18:00:00,2023,10,8,18,5.231665703809617,5.157638185520616,0.07402751828900112,0.07402751828900112
2023-10-09 00:00:00,2023,10,9,0,4.480098643506199,4.491206469788082,-0.011107826281882893,0.011107826281882893
2023-10-09 06:00:00,2023,10,9,6,5.211709019725787,5.063290053886436,0.1484189658393511,0.1484189658393511
2023-10-09 12:00:00,2023,10,9,12,7.364736925482607,7.333284408082992,0.03145251739961452,0.03145251739961452
2023-10-09 18:00:00,2023,10,9,18,4.736057723970623,4.78540787544543,-0.04935015147480737,0.04935015147480737
2023-10-10 00:00:00,2023,10,10,0,4.559703107891666,4.340020173925586,0.21968293396608018,0.21968293396608018
2023-10-10 06:00:00,2023,10,10,6,4.559172131699445,4.494493330578431,0.06467880112101465,0.06467880112101465
2023-10-10 12:00:00,2023,10,10,12,6.765754234687718,6.764958079069372,0.0007961556183460061,0.0007961556183460061
2023-10-10 18:00:00,2023,10,10,18,4.641147015947501,4.507700617237973,0.1334463987095278,0.1334463987095278
2023-10-11 00:00:00,2023,10,11,0,4.349935271288644,4.2448361801073204,0.10509909118132388,0.10509909118132388
2023-10-11 06:00:00,2023,10,11,6,4.796859357383586,4.950204374822357,-0.15334501743877116,0.15334501743877116
2023-10-11 12:00:00,2023,10,11,12,7.371510722876676,7.34786671432515,0.023644008551525708,0.023644008551525708
2023-10-11 18:00:00,2023,10,11,18,5.134660673175461,5.096878491092033,0.03778218208342832,0.03778218208342832
2023-10-12 00:00:00,2023,10,12,0,3.832303667642578,4.378718165233018,-0.5464144975904395,0.5464144975904395
2023-10-12 06:00:00,2023,10,12,6,5.210532762672449,4.9871991814062495,0.22333358126619984,0.22333358126619984
2023-10-12 12:00:00,2023,10,12,12,7.75655813210486,7.387096573431529,0.36946155867333097,0.36946155867333097
2023-10-12 18:00:00,2023,10,12,18,4.599276860824635,4.697869824194453,-0.09859296336981771,0.09859296336981771
2023-10-13 00:00:00,2023,10,13,0,4.337793202382238,4.285731293788934,0.05206190859330384,0.05206190859330384
2023-10-13 06:00:00,2023,10,13,6,4.335979294886116,4.655000776859123,-0.3190214819730066,0.3190214819730066
2023-10-13 12:00:00,2023,10,13,12,6.709226209710094,6.858785868193646,-0.14955965848355213,0.14955965848355213
2023-10-13 18:00:00,2023,10,13,18,4.746318766903894,4.876250032233908,-0.12993126533001398,0.12993126533001398
2023-10-14 00:00:00,2023,10,14,0,3.913727888552274,4.184512808359252,-0.27078491980697805,0.27078491980697805
2023-10-14 06:00:00,2023,10,14,6,5.015028102220247,5.047398807487961,-0.032370705267713795,0.032370705267713795
2023-10-14 12:00:00,2023,10,14,12,7.026328014125946,6.800564747404186,0.22576326672175995,0.22576326672175995
2023-10-14 18:00:00,2023,10,14,18,5.073294319897732,4.850664339018444,0.22262998087928842,0.22262998087928842
2023-10-15 00:00:00,2023,10,15,0,4.302399349411849,4.280160382270845,0.022238967141004373,0.022238967141004373
2023-10-15 06:00:00,2023,10,15,6,4.732496831820567,4.644449921957024,0.08804690986354302,0.08804690986354302
2023-10-15 12:00:00,2023,10,15,12,7.055253415468488,7.047196033424272,0.0080573820442158,0.0080573820442158
2023-10-15 18:00:00,2023,10,15,18,4.695908396780761,4.7103870958550385,-0.014478699074277124,0.014478699074277124
2023-10-16 00:00:00,2023,10,16,0,4.218382113326953,4.379142069960013,-0.16075995663305953,0.16075995663305953
2023-10-16 06:00:00,2023,10,16,6,4.251784914336506,4.356759452174964,-0.10497453783845856,0.10497453783845856
2023-10-16 12:00:00,2023,10,16,12,6.938064693558129,6.9159519191011025,0.02211277445702642,0.02211277445702642
2023-10-16 18:00:00,2023,10,16,18,5.131034518034295,5.119496952197492,0.011537565836802877,0.011537565836802877
2023-10-17 00:00:00,2023,10,17,0,4.142711546158743,4.348645200069094,-0.20593365391035068,0.20593365391035068
2023-10-17 06:00:00,2023,10,17,6,4.651020346294361,4.533798482783576,0.11722186351078534,0.11722186351078534
2023-10-17 12:00:00,2023,10,17,12,6.642821488904408,6.725065177099568,-0.08224368819515959,0.08224368819515959
2023-10-17 18:00:00,2023,10,17,18,4.432535807949639,4.663416263248151,-0.23088045529851176,0.23088045529851176
2023-10-18 00:00:00,2023,10,18,0,4.575756676776828,4.608800824785053,-0.03304414800822553,0.03304414800822553
2023-10-18 06:00:00,2023,10,18,6,4.7751323825879,4.921161131538123,-0.146028748950223,0.146028748950223
2023-10-18 12:00:00,2023,10,18,12,6.9503729191872505,6.74205076237217,0.20832215681508082,0.20832215681508082
2023-10-18 18:00:00,2023,10,18,18,4.837531211979624,4.752644283301002,0.08488692867862202,0.08488692867862202
2023-10-19 00:00:00,2023,10,19,0,3.871941463542109,4.157021953925091,-0.285080490382982,0.285080490382982
2023-10-19 06:00:00,2023,10,19,6,4.724489008091107,4.922447947479556,-0.19795893938844955,0.19795893938844955
2023-10-19 12:00:00,2023,10,19,12,7.146299214342039,7.273369694602108,-0.12707048026006884,0.12707048026006884
2023-10-19 18:00:00,2023,10,19,18,4.792888543786402,4.653177293343457,0.13971125044294475,0.13971125044294475
2023-10-20 00:00:00,2023,10,20,0,4.316473958735241,4.196713004173758,0.11976095456148261,0.11976095456148261
2023-10-20 06:00:00,2023,10,20,6,4.411008544448328,4.511646477820867,-0.10063793337253912,0.10063793337253912
2023-10-20 12:00:00,2023,10,20,12,6.967445913198229,6.999608439714361,-0.032162526516132495,0.032162526516132495
2023-10-20 18:00:00,2023,10,20,18,4.486777019646159,4.389032729348941,0.09774429029721876,0.09774429029721876
2023-10-21 00:00:00,2023,10,21,0,4.301221238336312,4.285235428974789,0.015985809361523273,0.015985809361523273
2023-10-21 06:00:00,2023,10,21,6,5.019837411091526,4.9913131250457505,0.028524286045775504,0.028524286045775504
2023-10-21 12:00:00,2023,10,21,12,6.881498060051514,6.803735245516317,0.07776281453519651,0.07776281453519651
2023-10-21 18:00:00,2023,10,21,18,4.526476605145542,4.581966531897618,-0.05548992675207565,0.05548992675207565
2023-10-22 00:00:00,2023,10,22,0,4.036778713295919,3.9872601304189788,0.04951858287694044,0.04951858287694044
2023-10-22 06:00:00,2023,10,22,6,4.502348303525451,4.519637286303299,-0.017288982777848183,0.017288982777848183
2023-10-22 12:00:00,2023,10,22,12,6.602852107986141,6.554967959439546,0.047884148546595284,0.047884148546595284
2023-10-22 18:00:00,2023,10,22,18,4.842781837401738,4.625846131514533,0.216935705887205,0.216935705887205
2023-10-23 00:00:00,2023,10,23,0,4.190950053970771,4.376874544732592,-0.18592449076182138,0.18592449076182138
2023-10-23 06:00:00,2023,10,23,6,4.641189628202285,4.880241491674234,-0.23905186347194896,0.23905186347194896
2023-10-23 12:00:00,2023,10,23,12,6.562048579840596,6.597263122591339,-0.03521454275074287,0.03521454275074287
2023-10-23 18:00:00,2023,10,23,18,4.275522652558616,4.329105280088894,-0.05358262753027798,0.05358262753027798
2023-10-24 00:00:00,2023,10,24,0,4.071407210082968,4.162363535095655,-0.09095632501268724,0.09095632501268724
2023-10-24 06:00:00,2023,10,24,6,4.63956996693893,4.625520921710105,0.01404904522882422,0.01404904522882422
2023-10-24 12:00:00,2023,10,24,12,6.883216074078268,7.026478235302412,-0.14326216122414426,0.14326216122414426
2023-10-24 18:00:00,2023,10,24,18,4.9245942120412325,5.02539103601043,-0.10079682396919765,0.10079682396919765
2023-10-25 00:00:00,2023,10,25,0,4.047635357970975,4.186164929405541,-0.13852957143456557,0.13852957143456557
2023-10-25 06:00:00,2023,10,25,6,4.340190932311306,4.491864676533197,-0.15167374422189095,0.15167374422189095
2023-10-25 12:00:00,2023,10,25,12,6.772606672344407,6.683136349205637,0.08947032313877035,0.08947032313877035
2023-10-25 18:00:00,2023,10,25,18,4.5823154580413314,4.583525209280436,-0.0012097512391049392,0.0012097512391049392
2023-10-26 00:00:00,2023,10,26,0,3.634901271777152,4.007292477947664,-0.37239120617051213,0.37239120617051213
2023-10-26 06:00:00,2023,10,26,6,4.677741726215979,4.919733680804937,-0.24199195458895773,0.24199195458895773
2023-10-26 12:00:00,2023,10,26,12,7.013431031956129,6.910141807486275,0.10328922446985445,0.10328922446985445
2023-10-26 18:00:00,2023,10,26,18,4.342150675904983,4.377699835310673,-0.035549159405690034,0.035549159405690034
2023-10-27 00:00:00,2023,10,27,0,4.261219466653172,4.728192478695105,-0.4669730120419331,0.4669730120419331
2023-10-27 06:00:00,2023,10,27,6,4.59039642975567,4.451474300712999,0.13892212904267165,0.13892212904267165
2023-10-27 12:00:00,2023,10,27,12,6.553822189778711,6.365758967147686,0.18806322263102526,0.18806322263102526
2023-10-27 18:00:00,2023,10,27,18,4.173006058406001,4.207045978924038,-0.03403992051803684,0.03403992051803684
2023-10-28 00:00:00,2023,10,28,0,3.813942613849513,4.095336106417207,-0.2813934925676942,0.2813934925676942
2023-10-28 06:00:00,2023,10,28,6,4.5493436801875,3.9368953224900944,0.6124483576974051,0.6124483576974051
2023-10-28 12:00:00,2023,10,28,12,6.326329059722941,6.430707042017112,-0.10437798229417172,0.10437798229417172
2023-10-28 18:00:00,2023,10,28,18,4.421247301286008,4.31835286850943,0.10289443277657817,0.10289443277657817
2023-10-29 00:00:00,2023,10,29,0,4.391122383313613,4.178448328942489,0.2126740543711243,0.2126740543711243
2023-10-29 06:00:00,2023,10,29,6,4.218367165853491,4.5552226717480995,-0.3368555058946088,0.3368555058946088
2023-10-29 12:00:00,2023,10,29,12,6.350856528097645,6.432339848087741,-0.08148331999009617,0.08148331999009617
2023-10-29 18:00:00,2023,10,29,18,4.34814566409501,4.174309434181764,0.17383622991324543,0.17383622991324543
2023-10-30 00:00:00,2023,10,30,0,3.6247962894487458,3.874326793199544,-0.24953050375079844,0.24953050375079844
2023-10-30 06:00:00,2023,10,30,6,4.142077352798336,4.212110831450305,-0.07003347865196918,0.07003347865196918
2023-10-30 12:00:00,2023,10,30,12,6.642109531453245,6.690813859289523,-0.04870432783627887,0.04870432783627887
2023-10-30 18:00:00,2023,10,30,18,4.633069550241601,4.7134059163467406,-0.08033636610513994,0.08033636610513994
2023-10-31 00:00:00,2023,10,31,0,4.157206550929029,4.055765726314536,0.10144082461449333,0.10144082461449333
2023-10-31 06:00:00,2023,10,31,6,4.440047041519791,4.356855394527746,0.08319164699204507,0.08319164699204507
2023-10-31 12:00:00,2023,10,31,12,6.376447619154061,6.213610259075962,0.16283736007809946,0.16283736007809946
2023-10-31 18:00:00,2023,10,31,18,4.157956593446432,4.078119097532141,0.07983749591429135,0.07983749591429135
2023-11-01 00:00:00,2023,11,1,0,3.7719988850874384,3.8365001946415744,-0.06450130955413602,0.06450130955413602
2023-11-01 06:00:00,2023,11,1,6,4.29425483761645,3.9558160788180974,0.33843875879835306,0.33843875879835306
2023-11-01 12:00:00,2023,11,1,12,6.492193706200515,6.5071856104439725,-0.0149919042434572,0.0149919042434572
2023-11-01 18:00:00,2023,11,1,18,4.225841028628332,4.099649688351058,0.1261913402772734,0.1261913402772734
2023-11-02 00:00:00,2023,11,2,0,3.935795453600415,3.9072089815957742,0.028586472004640928,0.028586472004640928
2023-11-02 06:00:00,2023,11,2,6,4.351134122677257,4.291226446646705,0.05990767603055147,0.05990767603055147
2023-11-02 12:00:00,2023,11,2,12,6.273719684227227,6.190293555680226,0.08342612854700082,0.08342612854700082
2023-11-02 18:00:00,2023,11,2,18,4.798849814435275,4.716935137987262,0.08191467644801342,0.08191467644801342
2023-11-03 00:00:00,2023,11,3,0,3.882413220855257,3.862908413415559,0.019504807439697736,0.019504807439697736
2023-11-03 06:00:00,2023,11,3,6,4.108862333989265,4.215435852682169,-0.10657351869290377,0.10657351869290377
2023-11-03 12:00:00,2023,11,3,12,6.497820865033206,6.387031953065939,0.11078891196726648,0.11078891196726648
2023-11-03 18:00:00,2023,11,3,18,4.277051400977001,4.3176954216055385,-0.04064402062853745,0.04064402062853745
2023-11-04 00:00:00,2023,11,4,0,3.682272651982658,3.5849356122889025,0.0973370396937554,0.0973370396937554
2023-11-04 06:00:00,2023,11,4,6,4.4380254046756376,4.0869081194991175,0.3511172851765201,0.3511172851765201
2023-11-04 12:00:00,2023,11,4,12,6.462006369548558,6.492496147880125,-0.030489778331567408,0.030489778331567408
2023-11-04 18:00:00,2023,11,4,18,4.6497223845771005,4.181085512696838,0.46863687188026226,0.46863687188026226
2023-11-05 00:00:00,2023,11,5,0,4.15311515892382,4.120646583220631,0.03246857570318973,0.03246857570318973
2023-11-05 06:00:00,2023,11,5,6,3.7132412339818006,4.136817462739936,-0.4235762287581353,0.4235762287581353
2023-11-05 12:00:00,2023,11,5,12,7.156692972180799,7.1439676601794755,0.012725312001323097,0.012725312001323097
2023-11-05 18:00:00,2023,11,5,18,4.046615396770935,4.297185700079582,-0.2505703033086464,0.2505703033086464
2023-11-06 00:00:00,2023,11,6,0,3.8491086392589753,3.9539838274588917,-0.10487518819991637,0.10487518819991637
2023-11-06 06:00:00,2023,11,6,6,4.260418560930991,4.4481833918921145,-0.1877648309611235,0.1877648309611235
2023-11-06 12:00:00,2023,11,6,12,6.117901136590043,6.277498089361448,-0.1595969527714045,0.1595969527714045
2023-11-06 18:00:00,2023,11,6,18,4.1345487688291644,4.115576879933757,0.018971888895407574,0.018971888895407574
2023-11-07 00:00:00,2023,11,7,0,3.633283560680254,3.736580496514277,-0.103296935834023,0.103296935834023
2023-11-07 06:00:00,2023,11,7,6,4.081666273541302,4.123614706293273,-0.0419484327519708,0.0419484327519708
2023-11-07 12:00:00,2023,11,7,12,6.391671770578372,6.193045009975919,0.198626760602453,0.198626760602453
2023-11-07 18:00:00,2023,11,7,18,3.884577432033757,3.9840938175440375,-0.09951638551028053,0.09951638551028053
2023-11-08 00:00:00,2023,11,8,0,3.6223843854778255,3.585980687866096,0.03640369761172968,0.03640369761172968
2023-11-08 06:00:00,2023,11,8,6,4.168678166618803,3.9903816642359278,0.1782965023828753,0.1782965023828753
2023-11-08 12:00:00,2023,11,8,12,6.14951497874032,6.280913524288853,-0.13139854554853336,0.13139854554853336
2023-11-08 18:00:00,2023,11,8,18,4.03713718634183,4.019186255219043,0.017950931122787672,0.017950931122787672
2023-11-09 00:00:00,2023,11,9,0,3.855527970924796,3.762601796879827,0.09292617404496895,0.09292617404496895
2023-11-09 06:00:00,2023,11,9,6,4.1227991008968745,4.062755826995975,0.060043273900899585,0.060043273900899585
2023-11-09 12:00:00,2023,11,9,12,6.572184738487534,6.346899601592833,0.2252851368947013,0.2252851368947013
2023-11-09 18:00:00,2023,11,9,18,4.007582021661062,4.2501619613048085,-0.2425799396437469,0.2425799396437469
2023-11-10 00:00:00,2023,11,10,0,3.416616331252616,3.729840119828428,-0.313223788575812,0.313223788575812
2023-11-10 06:00:00,2023,11,10,6,3.998106473760216,4.028544788968277,-0.03043831520806073,0.03043831520806073
2023-11-10 12:00:00,2023,11,10,12,5.901518533287035,6.246945879944609,-0.3454273466575737,0.3454273466575737
2023-11-10 18:00:00,2023,11,10,18,4.5124119686124855,4.262149825821017,0.25026214279146863,0.25026214279146863
2023-11-11 00:00:00,2023,11,11,0,3.776130434952775,3.86318191738508,-0.08705148243230498,0.08705148243230498
2023-11-11 06:00:00,2023,11,11,6,3.649218273259659,4.0063262203406875,-0.35710794708102833,0.35710794708102833
2023-11-11 12:00:00,2023,11,11,12,5.60098466128761,5.740781084551489,-0.13979642326387864,0.13979642326387864
2023-11-11 18:00:00,2023,11,11,18,3.5949604395482235,3.743637288469983,-0.14867684892175959,0.14867684892175959
2023-11-12 00:00:00,2023,11,12,0,3.505492154900186,3.6726576055869384,-0.1671654506867526,0.1671654506867526
2023-11-12 06:00:00,2023,11,12,6,3.736073580699128,4.023301410413818,-0.2872278297146895,0.2872278297146895
2023-11-12 12:00:00,2023,11,12,12,5.812693008389702,5.852160971127449,-0.03946796273774744,0.03946796273774744
2023-11-12 18:00:00,2023,11,12,18,4.071067306572689,4.052082582109504,0.01898472446318511,0.01898472446318511
2023-11-13 00:00:00,2023,11,13,0,3.584807577326144,3.422331330045203,0.1624762472809409,0.1624762472809409
2023-11-13 06:00:00,2023,11,13,6,4.252333427206589,3.991705789703286,0.2606276375033034,0.2606276375033034
2023-11-13 12:00:00,2023,11,13,12,5.813326816877289,5.932841898876542,-0.11951508199925254,0.11951508199925254
2023-11-13 18:00:00,2023,11,13,18,3.5010572102416297,3.8546501677602936,-0.3535929575186638,0.3535929575186638
2023-11-14 00:00:00,2023,11,14,0,3.929633855051245,3.7775619568501226,0.1520718982011222,0.1520718982011222
2023-11-14 06:00:00,2023,11,14,6,3.811011408540928,3.6879149229986994,0.12309648554222852,0.12309648554222852
2023-11-14 12:00:00,2023,11,14,12,6.103174837692171,6.222360879770535,-0.11918604207836392,0.11918604207836392
2023-11-14 18:00:00,2023,11,14,18,4.007526069665879,3.9280898438183067,0.07943622584757204,0.07943622584757204
2023-11-15 00:00:00,2023,11,15,0,3.542470372073341,3.5563800281007008,-0.01390965602735994,0.01390965602735994
2023-11-15 06:00:00,2023,11,15,6,4.081141810943016,4.03931961666419,0.04182219427882661,0.04182219427882661
2023-11-15 12:00:00,2023,11,15,12,6.045511569697418,5.992310390391496,0.05320117930592261,0.05320117930592261
2023-11-15 18:00:00,2023,11,15,18,3.509642763303192,3.8233346112394213,-0.3136918479362292,0.3136918479362292
2023-11-16 00:00:00,2023,11,16,0,3.4444132870111,3.720058344306987,-0.2756450572958866,0.2756450572958866
2023-11-16 06:00:00,2023,11,16,6,4.120391242990455,4.181701600597492,-0.06131035760703707,0.06131035760703707
2023-11-16 12:00:00,2023,11,16,12,5.73630180694661,5.544772279408339,0.1915295275382709,0.1915295275382709
2023-11-16 18:00:00,2023,11,16,18,4.017751179278398,4.153617805016966,-0.13586662573856767,0.13586662573856767
2023-11-17 00:00:00,2023,11,17,0,3.212244962246478,3.3368683357500926,-0.12462337350361441,0.12462337350361441
2023-11-17 06:00:00,2023,11,17,6,4.1449007006881065,4.319143455716809,-0.17424275502870223,0.17424275502870223
2023-11-17 12:00:00,2023,11,17,12,6.073373942995039,6.051840447426353,0.021533495568685446,0.021533495568685446
2023-11-17 18:00:00,2023,11,17,18,4.049222970301887,3.9989295784149292,0.05029339188695792,0.05029339188695792
2023-11-18 00:00:00,2023,11,18,0,3.459525579096164,3.3812706240191974,0.07825495507696667,0.07825495507696667
2023-11-18 06:00:00,2023,11,18,6,3.855601484602823,4.082129486401945,-0.2265280017991218,0.2265280017991218
2023-11-18 12:00:00,2023,11,18,12,6.080319254774469,5.908845706877976,0.17147354789649327,0.17147354789649327
2023-11-18 18:00:00,2023,11,18,18,4.105325820157018,3.968745958200272,0.1365798619567462,0.1365798619567462
2023-11-19 00:00:00,2023,11,19,0,3.131149363812808,3.1596606810460304,-0.02851131723322231,0.02851131723322231
2023-11-19 06:00:00,2023,11,19,6,3.3764865674865727,3.6609602252569764,-0.2844736577704037,0.2844736577704037
2023-11-19 12:00:00,2023,11,19,12,6.062872104467429,5.934778343263527,0.12809376120390237,0.12809376120390237
2023-11-19 18:00:00,2023,11,19,18,3.730682894098009,3.5855657533511445,0.14511714074686433,0.14511714074686433
2023-11-20 00:00:00,2023,11,20,0,3.518976536774629,3.327148189387386,0.19182834738724308,0.19182834738724308
2023-11-20 06:00:00,2023,11,20,6,3.393616220370075,3.456849447479772,-0.06323322710969714,0.06323322710969714
2023-11-20 12:00:00,2023,11,20,12,6.295685925854335,6.409196308346337,-0.1135103824920014,0.1135103824920014
2023-11-20 18:00:00,2023,11,20,18,3.7375793842909455,3.810100613308586,-0.07252122901764047,0.07252122901764047
2023-11-21 00:00:00,2023,11,21,0,3.2792853459965707,3.4024531585156526,-0.12316781251908182,0.12316781251908182
2023-11-21 06:00:00,2023,11,21,6,3.421749594190893,3.5613178652502753,-0.1395682710593822,0.1395682710593822
2023-11-21 12:00:00,2023,11,21,12,5.555501048252341,5.794503289894357,-0.2390022416420159,0.2390022416420159
2023-11-21 18:00:00,2023,11,21,18,3.738580057626283,3.9657598811888835,-0.22717982356260036,0.22717982356260036
2023-11-22 00:00:00,2023,11,22,0,3.064404897847072,3.472855252801136,-0.4084503549540641,0.4084503549540641
2023-11-22 06:00:00,2023,11,22,6,3.871669277337532,4.195915983936239,-0.3242467065987076,0.3242467065987076
2023-11-22 12:00:00,2023,11,22,12,5.736613118413924,5.827056492825827,-0.09044337441190287,0.09044337441190287
2023-11-22 18:00:00,2023,11,22,18,3.337131779583626,3.7698699674248197,-0.4327381878411938,0.4327381878411938
2023-11-23 00:00:00,2023,11,23,0,3.09232186585201,3.2428507847638315,-0.1505289189118213,0.1505289189118213
2023-11-23 06:00:00,2023,11,23,6,4.046371097585147,4.086918503088217,-0.040547405503070344,0.040547405503070344
2023-11-23 12:00:00,2023,11,23,12,5.360234120230916,5.407532239479036,-0.04729811924812033,0.04729811924812033
2023-11-23 18:00:00,2023,11,23,18,3.9743872274928895,4.10398683559904,-0.12959960810615012,0.12959960810615012
2023-11-24 00:00:00,2023,11,24,0,3.1497950354860085,3.09908172143264,0.05071331405336865,0.05071331405336865
2023-11-24 06:00:00,2023,11,24,6,4.111177416550074,4.104650712260616,0.006526704289457896,0.006526704289457896
2023-11-24 12:00:00,2023,11,24,12,5.341273471721259,5.470249771378606,-0.12897629965734758,0.12897629965734758
2023-11-24 18:00:00,2023,11,24,18,3.76288851429244,4.052499603504867,-0.2896110892124266,0.2896110892124266
2023-11-25 00:00:00,2023,11,25,0,2.768944865427954,3.269260682064677,-0.5003158166367228,0.5003158166367228
2023-11-25 06:00:00,2023,11,25,6,4.266757374132051,4.145933407950582,0.12082396618146873,0.12082396618146873
2023-11-25 12:00:00,2023,11,25,12,5.742714954110356,5.839535889960831,-0.09682093585047458,0.09682093585047458
2023-11-25 18:00:00,2023,11,25,18,3.4296077978476216,3.492228822054746,-0.06262102420712434,0.06262102420712434
2023-11-26 00:00:00,2023,11,26,0,3.587159856606261,3.808299288592564,-0.22113943198630315,0.22113943198630315
2023-11-26 06:00:00,2023,11,26,6,3.76907695171002,3.606662549045114,0.16241440266490637,0.16241440266490637
2023-11-26 12:00:00,2023,11,26,12,5.9672992857263045,5.781393114465723,0.18590617126058184,0.18590617126058184
2023-11-26 18:00:00,2023,11,26,18,3.6614691077249786,3.836252074673096,-0.17478296694811757,0.17478296694811757
2023-11-27 00:00:00,2023,11,27,0,3.3288649879964907,3.352756427230599,-0.023891439234108525,0.023891439234108525
2023-11-27 06:00:00,2023,11,27,6,3.800906989558648,3.8481054522614393,-0.04719846270279149,0.04719846270279149
2023-11-27 12:00:00,2023,11,27,12,5.989848894543081,6.009829062649064,-0.0199801681059828,0.0199801681059828
2023-11-27 18:00:00,2023,11,27,18,3.461533741785001,3.668027590887546,-0.20649384910254476,0.20649384910254476
2023-11-28 00:00:00,2023,11,28,0,3.046747305420283,3.1979677459413556,-0.15122044052107242,0.15122044052107242
2023-11-28 06:00:00,2023,11,28,6,3.5695127770848663,3.6812781871471727,-0.11176541006230645,0.11176541006230645
2023-11-28 12:00:00,2023,11,28,12,5.284218528808474,5.3380693670696155,-0.05385083826114112,0.05385083826114112
2023-11-28 18:00:00,2023,11,28,18,3.707070900118026,3.838017901202045,-0.13094700108401858,0.13094700108401858
2023-11-29 00:00:00,2023,11,29,0,2.6721491164199214,2.888282149547139,-0.21613303312721754,0.21613303312721754
2023-11-29 06:00:00,2023,11,29,6,3.71817503397784,3.380167496122936,0.3380075378549039,0.3380075378549039
2023-11-29 12:00:00,2023,11,29,12,5.736615200935171,5.782640890191542,-0.046025689256370406,0.046025689256370406
2023-11-29 18:00:00,2023,11,29,18,4.072764081596317,3.9090412040216176,0.16372287757469906,0.16372287757469906
2023-11-30 00:00:00,2023,11,30,0,3.2737591841979152,3.2674654298863577,0.006293754311557542,0.006293754311557542
2023-11-30 06:00:00,2023,11,30,6,3.5890092668152493,3.7258431505854697,-0.13683388377022032,0.13683388377022032
2023-11-30 12:00:00,2023,11,30,12,5.947910778555221,5.737211244225654,0.21069953432956723,0.21069953432956723
2023-11-30 18:00:00,2023,11,30,18,3.526705631158005,3.647475265170976,-0.1207696340129707,0.1207696340129707
2023-12-01 00:00:00,2023,12,1,0,2.909823650373644,2.9336910632444484,-0.023867412870804294,0.023867412870804294
2023-12-01 06:00:00,2023,12,1,6,3.153576547512107,3.25379004946052,-0.10021350194841316,0.10021350194841316
2023-12-01 12:00:00,2023,12,1,12,5.166763079770435,5.316150453861562,-0.1493873740911269,0.1493873740911269
2023-12-01 18:00:00,2023,12,1,18,3.895721871397343,3.753617076309763,0.14210479508758,0.14210479508758
2023-12-02 00:00:00,2023,12,2,0,2.960614958579977,3.056071469569907,-0.09545651098993035,0.09545651098993035
2023-12-02 06:00:00,2023,12,2,6,3.5431553090063583,3.5561299900583863,-0.012974681052027925,0.012974681052027925
2023-12-02 12:00:00,2023,12,2,12,5.671005834968248,5.3227905492596825,0.34821528570856586,0.34821528570856586
2023-12-02 18:00:00,2023,12,2,18,3.5351577343340024,3.54569239321061,-0.010534658876607761,0.010534658876607761
2023-12-03 00:00:00,2023,12,3,0,2.832208885990574,3.0071912773317577,-0.17498239134118387,0.17498239134118387
2023-12-03 06:00:00,2023,12,3,6,3.4152975938273933,3.228931143837631,0.18636644998976237,0.18636644998976237
2023-12-03 12:00:00,2023,12,3,12,5.513189075089986,5.281992510691053,0.23119656439893355,0.23119656439893355
2023-12-03 18:00:00,2023,12,3,18,3.392407619397046,3.4270911562783426,-0.03468353688129655,0.03468353688129655
2023-12-04 00:00:00,2023,12,4,0,2.8871740773057226,2.8862089623736336,0.0009651149320890617,0.0009651149320890617
2023-12-04 06:00:00,2023,12,4,6,3.371618274916795,3.4807312479254935,-0.1091129730086986,0.1091129730086986
2023-12-04 12:00:00,2023,12,4,12,5.677324970254228,5.550877521976354,0.12644744827787324,0.12644744827787324
2023-12-04 18:00:00,2023,12,4,18,3.576621711853506,3.3430865354452792,0.23353517640822696,0.23353517640822696
2023-12-05 00:00:00,2023,12,5,0,2.800693387634658,2.689970861459617,0.11072252617504086,0.11072252617504086
2023-12-05 06:00:00,2023,12,5,6,3.3734925305961734,3.5428181370290677,-0.1693256064328943,0.1693256064328943
2023-12-05 12:00:00,2023,12,5,12,5.461278482881762,5.224030131748402,0.23724835113335985,0.23724835113335985
2023-12-05 18:00:00,2023,12,5,18,3.538936358231052,3.661438557107461,-0.12250219887640901,0.12250219887640901
2023-12-06 00:00:00,2023,12,6,0,2.995204040178299,3.0921813098705138,-0.09697726969221465,0.09697726969221465
2023-12-06 06:00:00,2023,12,6,6,3.7989028706726833,3.649859429786327,0.14904344088635613,0.14904344088635613
2023-12-06 12:00:00,2023,12,6,12,5.164819801170314,5.110064859261091,0.05475494190922259,0.05475494190922259
2023-12-06 18:00:00,2023,12,6,18,3.77923318789924,3.5333423316419514,0.24589085625728835,0.24589085625728835
2023-12-07 00:00:00,2023,12,7,0,2.8034504310369317,2.8160567320063117,-0.01260630096937998,0.01260630096937998
2023-12-07 06:00:00,2023,12,7,6,3.650728469522607,3.6640136276867223,-0.013285158164115352,0.013285158164115352
2023-12-07 12:00:00,2023,12,7,12,5.826820899761741,5.439524880199524,0.3872960195622168,0.3872960195622168
2023-12-07 18:00:00,2023,12,7,18,3.601612760290646,3.4501456749207815,0.1514670853698643,0.1514670853698643
2023-12-08 00:00:00,2023,12,8,0,2.9242596419797637,3.0359556602988476,-0.11169601831908382,0.11169601831908382
2023-12-08 06:00:00,2023,12,8,6,3.66225236519284,3.969668185125513,-0.3074158199326731,0.3074158199326731
2023-12-08 12:00:00,2023,12,8,12,5.343493655642786,5.455815108026824,-0.11232145238403834,0.11232145238403834
2023-12-08 18:00:00,2023,12,8,18,3.302460011045057,3.3951317617169163,-0.09267175067185951,0.09267175067185951
2023-12-09 00:00:00,2023,12,9,0,2.8830856009865458,2.9156701971334718,-0.03258459614692599,0.03258459614692599
2023-12-09 06:00:00,2023,12,9,6,3.1066209018781388,3.3971097620995554,-0.2904888602214166,0.2904888602214166
2023-12-09 12:00:00,2023,12,9,12,5.449575791369338,5.367489692989509,0.08208609837982905,0.08208609837982905
2023-12-09 18:00:00,2023,12,9,18,2.7357592494581966,3.248881123393237,-0.5131218739350403,0.5131218739350403
2023-12-10 00:00:00,2023,12,10,0,3.380683873280986,3.113814912590803,0.26686896069018307,0.26686896069018307
2023-12-10 06:00:00,2023,12,10,6,3.0741800211008004,3.3057992620639802,-0.23161924096317987,0.23161924096317987
2023-12-10 12:00:00,2023,12,10,12,5.196924501792516,5.219256108192627,-0.022331606400110893,0.022331606400110893
2023-12-10 18:00:00,2023,12,10,18,3.1703411775596955,3.184268737067024,-0.013927559507328713,0.013927559507328713
2023-12-11 00:00:00,2023,12,11,0,3.190988936856973,2.9215004404968594,0.2694884963601134,0.2694884963601134
2023-12-11 06:00:00,2023,12,11,6,3.452956151817684,3.3800152217485664,0.07294093006911773,0.07294093006911773
2023-12-11 12:00:00,2023,12,11,12,4.933963428524088,5.050858152721299,-0.11689472419721092,0.11689472419721092
2023-12-11 18:00:00,2023,12,11,18,3.445828054371696,3.3118857287194037,0.13394232565229247,0.13394232565229247
2023-12-12 00:00:00,2023,12,12,0,2.800247777396392,2.729855624971323,0.07039215242506902,0.07039215242506902
2023-12-12 06:00:00,2023,12,12,6,3.321452131414266,3.1862580988666953,0.13519403254757068,0.13519403254757068
2023-12-12 12:00:00,2023,12,12,12,5.421471982301774,5.366814568848761,0.05465741345301289,0.05465741345301289
2023-12-12 18:00:00,2023,12,12,18,3.49275214688646,3.411726960177513,0.08102518670894732,0.08102518670894732
2023-12-13 00:00:00,2023,12,13,0,2.9994938224701766,2.8458199845141654,0.1536738379560112,0.1536738379560112
2023-12-13 06:00:00,2023,12,13,6,3.191532310174348,3.278136310080975,-0.08660399990662704,0.08660399990662704
2023-12-13 12:00:00,2023,12,13,12,5.569163527525921,5.368903647671755,0.20025987985416638,0.20025987985416638
2023-12-13 18:00:00,2023,12,13,18,3.1617390156440357,3.0317437119746478,0.12999530366938794,0.12999530366938794
2023-12-14 00:00:00,2023,12,14,0,2.963300172964097,2.9199345183552117,0.04336565460888542,0.04336565460888542
2023-12-14 06:00:00,2023,12,14,6,3.142337472466666,3.2966799196901597,-0.15434244722349355,0.15434244722349355
2023-12-14 12:00:00,2023,12,14,12,5.625375215581027,5.61890215979427,0.006473055786757165,0.006473055786757165
2023-12-14 18:00:00,2023,12,14,18,3.668304669162428,3.328916449918924,0.33938821924350426,0.33938821924350426
2023-12-15 00:00:00,2023,12,15,0,2.852347366290089,2.8330719079534865,0.01927545833660238,0.01927545833660238
2023-12-15 06:00:00,2023,12,15,6,3.1355733081331287,3.0126573417239615,0.12291596640916724,0.12291596640916724
2023-12-15 12:00:00,2023,12,15,12,5.17403441372772,5.203942427254237,-0.02990801352651662,0.02990801352651662
2023-12-15 18:00:00,2023,12,15,18,2.8850840582211936,3.14769519875961,-0.26261114053841617,0.26261114053841617
2023-12-16 00:00:00,2023,12,16,0,2.6479711807166284,2.7908577212315206,-0.14288654051489225,0.14288654051489225
2023-12-16 06:00:00,2023,12,16,6,2.9777739423111536,3.0002548741985744,-0.02248093188742084,0.02248093188742084
2023-12-16 12:00:00,2023,12,16,12,5.147646208892651,5.144321854051426,0.0033243548412249524,0.0033243548412249524
2023-12-16 18:00:00,2023,12,16,18,2.873897234834971,3.1233903282681332,-0.24949309343316228,0.24949309343316228
2023-12-17 00:00:00,2023,12,17,0,2.530740053855196,2.501504820424966,0.029235233430230156,0.029235233430230156
2023-12-17 06:00:00,2023,12,17,6,3.113174818521198,3.081257440981787,0.03191737753941082,0.03191737753941082
2023-12-17 12:00:00,2023,12,17,12,4.8404829008743775,5.006443913527055,-0.16596101265267738,0.16596101265267738
2023-12-17 18:00:00,2023,12,17,18,3.1998031512958964,3.165400302273041,0.03440284902285562,0.03440284902285562
2023-12-18 00:00:00,2023,12,18,0,2.883843519066412,2.5239975985886707,0.3598459204777411,0.3598459204777411
2023-12-18 06:00:00,2023,12,18,6,3.2690960479264386,3.1771779015182924,0.09191814640814622,0.09191814640814622
2023-12-18 12:00:00,2023,12,18,12,4.8503679462641776,4.633699640298183,0.21666830596599418,0.21666830596599418
2023-12-18 18:00:00,2023,12,18,18,2.915833212240281,3.0915243194045416,-0.17569110716426062,0.17569110716426062
2023-12-19 00:00:00,2023,12,19,0,2.734528174760124,2.796559060651188,-0.06203088589106365,0.06203088589106365
2023-12-19 06:00:00,2023,12,19,6,3.118774402969536,2.960156209028896,0.15861819394064014,0.15861819394064014
2023-12-19 12:00:00,2023,12,19,12,4.864953020246908,4.917567017568225,-0.05261399732131711,0.05261399732131711
2023-12-19 18:00:00,2023,12,19,18,3.004176809186811,3.063692786341563,-0.05951597715475199,0.05951597715475199
2023-12-20 00:00:00,2023,12,20,0,3.113554977090341,2.8843932884066468,0.22916168868369402,0.22916168868369402
2023-12-20 06:00:00,2023,12,20,6,2.8322867069599296,2.933339868862514,-0.10105316190258451,0.10105316190258451
2023-12-20 12:00:00,2023,12,20,12,5.161349533046764,5.35233732822584,-0.19098779517907616,0.19098779517907616
2023-12-20 18:00:00,2023,12,20,18,3.1182363159048583,3.118388529517606,-0.0001522136127478646,0.0001522136127478646
2023-12-21 00:00:00,2023,12,21,0,3.0800701357564293,2.886355479096219,0.19371465666021015,0.19371465666021015
2023-12-21 06:00:00,2023,12,21,6,3.092581850122825,2.9370458509820865,0.15553599914073857,0.15553599914073857
2023-12-21 12:00:00,2023,12,21,12,4.827402782599122,4.893566996809595,-0.06616421421047303,0.06616421421047303
2023-12-21 18:00:00,2023,12,21,18,2.9650113442670016,2.9701461104361093,-0.005134766169107685,0.005134766169107685
2023-12-22 00:00:00,2023,12,22,0,3.0961998304458778,2.7306667077912574,0.36553312265462035,0.36553312265462035
2023-12-22 06:00:00,2023,12,22,6,2.6805517980549216,2.957516879349135,-0.27696508129421327,0.27696508129421327
2023-12-22 12:00:00,2023,12,22,12,4.999795610265557,5.156621217944966,-0.15682560767940945,0.15682560767940945
2023-12-22 18:00:00,2023,12,22,18,3.256210962843657,3.043634902204885,0.2125760606387721,0.2125760606387721
2023-12-23 00:00:00,2023,12,23,0,2.594431585454042,2.719665190258885,-0.12523360480484325,0.12523360480484325
2023-12-23 06:00:00,2023,12,23,6,3.103327160087066,3.0292210169958533,0.07410614309121266,0.07410614309121266
2023-12-23 12:00:00,2023,12,23,12,5.071929270969131,5.204257204836077,-0.13232793386694652,0.13232793386694652
2023-12-23 18:00:00,2023,12,23,18,3.300090048232205,3.056672651544967,0.24341739668723772,0.24341739668723772
2023-12-24 00:00:00,2023,12,24,0,2.4676054075269738,2.5895384868994866,-0.12193307937251285,0.12193307937251285
2023-12-24 06:00:00,2023,12,24,6,2.7872368676521355,2.9302043170517513,-0.1429674493996158,0.1429674493996158
2023-12-24 12:00:00,2023,12,24,12,4.794488711064212,4.894116157222644,-0.09962744615843189,0.09962744615843189
2023-12-24 18:00:00,2023,12,24,18,3.175943104716524,3.199967133058426,-0.024024028341901982,0.024024028341901982
2023-12-25 00:00:00,2023,12,25,0,2.251044572020769,2.4090576187329926,-0.15801304671222383,0.15801304671222383
2023-12-25 06:00:00,2023,12,25,6,2.49208504107902,2.9562181621439962,-0.4641331210649762,0.4641331210649762
2023-12-25 12:00:00,2023,12,25,12,5.151309014958537,5.304571000140402,-0.15326198518186462,0.15326198518186462
2023-12-25 18:00:00,2023,12,25,18,2.920833138984011,3.000720551517324,-0.0798874125333131,0.0798874125333131
2023-12-26 00:00:00,2023,12,26,0,2.5222434909799776,2.5531943900241196,-0.030950899044142055,0.030950899044142055
2023-12-26 06:00:00,2023,12,26,6,3.121677922471501,3.0832357631707503,0.03844215930075068,0.03844215930075068
2023-12-26 12:00:00,2023,12,26,12,4.985567627563008,5.108565986776632,-0.12299835921362412,0.12299835921362412
2023-12-26 18:00:00,2023,12,26,18,3.6375725604348847,3.341456409642655,0.29611615079222986,0.29611615079222986
2023-12-27 00:00:00,2023,12,27,0,3.0647081417164577,2.9024326221310766,0.1622755195853811,0.1622755195853811
2023-12-27 06:00:00,2023,12,27,6,3.1245376448395463,3.2437679097042538,-0.11923026486470745,0.11923026486470745
2023-12-27 12:00:00,2023,12,27,12,4.842616882196659,4.684558383580307,0.15805849861635224,0.15805849861635224
2023-12-27 18:00:00,2023,12,27,18,2.501327553784532,2.6607843359562415,-0.15945678217170967,0.15945678217170967
2023-12-28 00:00:00,2023,12,28,0,2.4268275283379914,2.5599251697279355,-0.13309764138994407,0.13309764138994407
2023-12-28 06:00:00,2023,12,28,6,2.8073810784343,2.9103024728598452,-0.10292139442554538,0.10292139442554538
2023-12-28 12:00:00,2023,12,28,12,5.105463251196186,4.984571924911632,0.12089132628455435,0.12089132628455435
2023-12-28 18:00:00,2023,12,28,18,2.959487058040572,2.9932315873176645,-0.03374452927709237,0.03374452927709237
2023-12-29 00:00:00,2023,12,29,0,2.6651407481369542,2.499297439339539,0.16584330879741538,0.16584330879741538
2023-12-29 06:00:00,2023,12,29,6,2.860310693242769,2.9475753021113604,-0.08726460886859133,0.08726460886859133
2023-12-29 12:00:00,2023,12,29,12,5.406308233501567,5.19025106726169,0.21605716623987625,0.21605716623987625
2023-12-29 18:00:00,2023,12,29,18,3.156087798733761,3.1342847018451887,0.021803096888572515,0.021803096888572515
2023-12-30 00:00:00,2023,12,30,0,2.6201928809630237,2.5045506668053283,0.11564221415769538,0.11564221415769538
2023-12-30 06:00:00,2023,12,30,6,2.99931054369889,2.7214073710299673,0.2779031726689225,0.2779031726689225
2023-12-30 12:00:00,2023,12,30,12,4.996673092781974,4.455829538495519,0.5408435542864547,0.5408435542864547
2023-12-30 18:00:00,2023,12,30,18,2.792497185618317,2.9674550532154025,-0.17495786759708531,0.17495786759708531
2023-12-31 00:00:00,2023,12,31,0,2.922319712810103,2.667213291772458,0.2551064210376448,0.2551064210376448
2023-12-31 06:00:00,2023,12,31,6,2.85764369087932,2.9872212183537603,-0.1295775274744404,0.1295775274744404
2023-12-31 12:00:00,2023,12,31,12,4.768137041446889,4.859259965873073,-0.09112292442618397,0.09112292442618397
2023-12-31 18:00:00,2023,12,31,18,3.0125997427929576,2.912944666674849,0.09965507611810853,0.09965507611810853
2023-01-01 00:00:00,2023,1,1,0,3.690650152303332,3.8144952370465766,-0.12384508474324463,0.12384508474324463
2023-01-01 06:00:00,2023,1,1,6,4.1965677687430185,4.175720025912621,0.02084774283039792,0.02084774283039792
2023-01-01 12:00:00,2023,1,1,12,6.903785012475374,6.8392948835497736,0.06449012892560013,0.06449012892560013
2023-01-01 18:00:00,2023,1,1,18,4.072486122238636,4.172982815062235,-0.10049669282359908,0.10049669282359908
2023-01-02 00:00:00,2023,1,2,0,3.708957587224271,3.885371198960135,-0.17641361173586434,0.17641361173586434
2023-01-02 06:00:00,2023,1,2,6,4.363794767313694,4.190089041680444,0.17370572563324949,0.17370572563324949
2023-01-02 12:00:00,2023,1,2,12,6.488629135280161,6.392969300489725,0.09565983479043627,0.09565983479043627
2023-01-02 18:00:00,2023,1,2,18,4.195978601515868,4.2265262875488725,-0.030547686033004062,0.030547686033004062
2023-01-03 00:00:00,2023,1,3,0,3.759762166915757,3.7615824354453653,-0.00182026852960826,0.00182026852960826
2023-01-03 06:00:00,2023,1,3,6,4.412622910819494,4.32278596172838,0.08983694909111417,0.08983694909111417
2023-01-03 12:00:00,2023,1,3,12,6.383558591122744,6.314166312779161,0.06939227834358341,0.06939227834358341
2023-01-03 18:00:00,2023,1,3,18,5.400417044654532,5.028111252667082,0.37230579198744973,0.37230579198744973
2023-01-04 00:00:00,2023,1,4,0,3.960493664376148,4.117777228784514,-0.15728356440836633,0.15728356440836633
2023-01-04 06:00:00,2023,1,4,6,4.45486274696079,4.246441270078271,0.20842147688251966,0.20842147688251966
2023-01-04 12:00:00,2023,1,4,12,6.457903780696762,6.539757962319064,-0.08185418162230196,0.08185418162230196
2023-01-04 18:00:00,2023,1,4,18,4.247127832834377,4.340814806864563,-0.09368697403018533,0.09368697403018533
2023-01-05 00:00:00,2023,1,5,0,3.907387846303165,3.9875000010810355,-0.0801121547778707,0.0801121547778707
2023-01-05 06:00:00,2023,1,5,6,4.315835075083867,4.221150398085697,0.0946846769981704,0.0946846769981704
2023-01-05 12:00:00,2023,1,5,12,6.269571120523063,6.533703795948787,-0.2641326754257243,0.2641326754257243
2023-01-05 18:00:00,2023,1,5,18,3.93681228132113,4.105387784053813,-0.16857550273268318,0.16857550273268318
2023-01-06 00:00:00,2023,1,6,0,3.8494593812473257,3.9793798242642975,-0.1299204430169718,0.1299204430169718
2023-01-06 06:00:00,2023,1,6,6,4.070204128398148,4.036518018895314,0.033686109502833794,0.033686109502833794
2023-01-06 12:00:00,2023,1,6,12,6.447633616786869,6.261176899667303,0.18645671711956613,0.18645671711956613
2023-01-06 18:00:00,2023,1,6,18,3.964169537015305,4.113729595319132,-0.1495600583038268,0.1495600583038268
2023-01-07 00:00:00,2023,1,7,0,4.001611051314162,4.038817324501054,-0.03720627318689207,0.03720627318689207
2023-01-07 06:00:00,2023,1,7,6,3.9795396334174407,4.10671187890842,-0.12717224549097894,0.12717224549097894
2023-01-07 12:00:00,2023,1,7,12,6.740225831811589,6.701904623374943,0.03832120843664644,0.03832120843664644
2023-01-07 18:00:00,2023,1,7,18,4.183155445906212,4.109603908523427,0.07355153738278464,0.07355153738278464
2023-01-08 00:00:00,2023,1,8,0,4.063744357724444,3.942362659631923,0.12138169809252064,0.12138169809252064
2023-01-08 06:00:00,2023,1,8,6,4.47605560672625,4.426560107579375,0.04949549914687523,0.04949549914687523
2023-01-08 12:00:00,2023,1,8,12,6.420706948155045,6.479410874276799,-0.0587039261217539,0.0587039261217539
2023-01-08 18:00:00,2023,1,8,18,4.1985660355210745,4.220788633901582,-0.022222598380507108,0.022222598380507108
2023-01-09 00:00:00,2023,1,9,0,4.059360146502947,3.9747786949863366,0.08458145151661078,0.08458145151661078
2023-01-09 06:00:00,2023,1,9,6,4.221538263365217,4.188189875146175,0.033348388219042846,0.033348388219042846
2023-01-09 12:00:00,2023,1,9,12,6.242635459065811,6.038769014294614,0.2038664447711973,0.2038664447711973
2023-01-09 18:00:00,2023,1,9,18,4.181739438246259,4.184406056197794,-0.0026666179515348887,0.0026666179515348887
2023-01-10 00:00:00,2023,1,10,0,3.969387682433661,3.7839077756786086,0.18547990675505233,0.18547990675505233
2023-01-10 06:00:00,2023,1,10,6,4.283023248375271,4.179096085111974,0.10392716326329676,0.10392716326329676
2023-01-10 12:00:00,2023,1,10,12,6.596839457335434,6.368502800516923,0.22833665681851034,0.22833665681851034
2023-01-10 18:00:00,2023,1,10,18,4.642413489759483,4.418370855432003,0.22404263432748017,0.22404263432748017
2023-01-11 00:00:00,2023,1,11,0,3.783686348968467,3.951804641698417,-0.16811829272995027,0.16811829272995027
2023-01-11 06:00:00,2023,1,11,6,4.39364048447869,4.353416678854702,0.0402238056239872,0.0402238056239872
2023-01-11 12:00:00,2023,1,11,12,6.343704079338786,6.197399511705993,0.14630456763279298,0.14630456763279298
2023-01-11 18:00:00,2023,1,11,18,4.378346674762183,4.306837091423224,0.0715095833389583,0.0715095833389583
2023-01-12 00:00:00,2023,1,12,0,4.288681885683866,4.303584295540523,-0.014902409856656362,0.014902409856656362
2023-01-12 06:00:00,2023,1,12,6,4.78959315068056,4.666458765154483,0.12313438552607625,0.12313438552607625
2023-01-12 12:00:00,2023,1,12,12,6.2967306430255165,6.435054220898935,-0.1383235778734182,0.1383235778734182
2023-01-12 18:00:00,2023,1,12,18,4.292029902948091,4.144676030109209,0.1473538728388819,0.1473538728388819
2023-01-13 00:00:00,2023,1,13,0,3.9869777445539154,3.9188463885915334,0.06813135596238196,0.06813135596238196
2023-01-13 06:00:00,2023,1,13,6,3.8997588755317913,4.135654828349321,-0.23589595281752995,0.23589595281752995
2023-01-13 12:00:00,2023,1,13,12,6.651193313711963,6.550892728053937,0.10030058565802591,0.10030058565802591
2023-01-13 18:00:00,2023,1,13,18,4.356741727179712,4.263878381827013,0.09286334535269969,0.09286334535269969
2023-01-14 00:00:00,2023,1,14,0,4.339093150323033,4.1734147493551825,0.1656784009678507,0.1656784009678507
2023-01-14 06:00:00,2023,1,14,6,4.292907806403121,4.324718804457503,-0.03181099805438237,0.03181099805438237
2023-01-14 12:00:00,2023,1,14,12,7.501494506140892,7.392750404877888,0.10874410126300393,0.10874410126300393
2023-01-14 18:00:00,2023,1,14,18,4.50688598568352,4.5477854829893065,-0.04089949730578635,0.04089949730578635
2023-01-15 00:00:00,2023,1,15,0,4.058899301070392,4.186448971246719,-0.127549670176327,0.127549670176327
2023-01-15 06:00:00,2023,1,15,6,5.456894804728855,5.328865274629934,0.12802953009892093,0.12802953009892093
2023-01-15 12:00:00,2023,1,15,12,6.40832300699873,6.463350131955928,-0.0550271249571983,0.0550271249571983
2023-01-15 18:00:00,2023,1,15,18,4.463255547263554,4.323231455144851,0.14002409211870237,0.14002409211870237
2023-01-16 00:00:00,2023,1,16,0,3.845664859598076,3.932908517451698,-0.08724365785362176,0.08724365785362176
2023-01-16 06:00:00,2023,1,16,6,3.937008288070599,4.218004698447143,-0.2809964103765443,0.2809964103765443
2023-01-16 12:00:00,2023,1,16,12,6.741512242510336,6.695354769625656,0.04615747288468075,0.04615747288468075
2023-01-16 18:00:00,2023,1,16,18,4.232816358436431,4.28553532873142,-0.05271897029498884,0.05271897029498884
2023-01-17 00:00:00,2023,1,17,0,3.927182677359887,4.195381020602336,-0.26819834324244907,0.26819834324244907
2023-01-17 06:00:00,2023,1,17,6,4.714941074850003,4.648356310891524,0.06658476395847934,0.06658476395847934
2023-01-17 12:00:00,2023,1,17,12,6.528550727338759,6.65132066925016,-0.12276994191140123,0.12276994191140123
2023-01-17 18:00:00,2023,1,17,18,4.722940994887988,4.590845878850754,0.13209511603723456,0.13209511603723456
2023-01-18 00:00:00,2023,1,18,0,4.330412150653052,4.138147475595369,0.1922646750576824,0.1922646750576824
2023-01-18 06:00:00,2023,1,18,6,4.567244571635755,4.322798690586475,0.24444588104928044,0.24444588104928044
2023-01-18 12:00:00,2023,1,18,12,6.813768410345504,6.8310168277796945,-0.0172484174341907,0.0172484174341907
2023-01-18 18:00:00,2023,1,18,18,4.109615321918732,4.195949460368099,-0.08633413844936655,0.08633413844936655
2023-01-19 00:00:00,2023,1,19,0,4.267294802616437,4.154995867840104,0.11229893477633279,0.11229893477633279
2023-01-19 06:00:00,2023,1,19,6,4.5801819864725895,4.561774523680357,0.01840746279223282,0.01840746279223282
2023-01-19 12:00:00,2023,1,19,12,6.805827681869569,6.899039440633843,-0.09321175876427468,0.09321175876427468
2023-01-19 18:00:00,2023,1,19,18,4.258712733376557,4.35969769402216,-0.10098496064560347,0.10098496064560347
2023-01-20 00:00:00,2023,1,20,0,4.428734742476832,4.4832748586011375,-0.054540116124305094,0.054540116124305094
2023-01-20 06:00:00,2023,1,20,6,4.402737506698676,4.442169356216778,-0.039431849518101636,0.039431849518101636
2023-01-20 12:00:00,2023,1,20,12,6.572655516570108,6.740017261078438,-0.1673617445083302,0.1673617445083302
2023-01-20 18:00:00,2023,1,20,18,4.242170237329479,4.349860020385721,-0.10768978305624177,0.10768978305624177
2023-01-21 00:00:00,2023,1,21,0,4.35755128986152,4.466464397109289,-0.10891310724776915,0.10891310724776915
2023-01-21 06:00:00,2023,1,21,6,4.216913057897856,4.546336885434987,-0.3294238275371306,0.3294238275371306
2023-01-21 12:00:00,2023,1,21,12,6.667598606009396,6.87427619485754,-0.20667758884814358,0.20667758884814358
2023-01-21 18:00:00,2023,1,21,18,4.3373127041501816,4.51109794439084,-0.1737852402406581,0.1737852402406581
2023-01-22 00:00:00,2023,1,22,0,4.201600989446342,4.253496543318026,-0.05189555387168454,0.05189555387168454
2023-01-22 06:00:00,2023,1,22,6,4.649571582939233,4.58401842781203,0.06555315512720306,0.06555315512720306
2023-01-22 12:00:00,2023,1,22,12,6.442472745715252,6.661043257820917,-0.21857051210566514,0.21857051210566514
2023-01-22 18:00:00,2023,1,22,18,4.761486611130261,4.640716430685139,0.12077018044512133,0.12077018044512133
2023-01-23 00:00:00,2023,1,23,0,4.583711463597046,4.542773531032141,0.040937932564904855,0.040937932564904855
2023-01-23 06:00:00,2023,1,23,6,4.892490637728473,4.6492012635601085,0.2432893741683646,0.2432893741683646
2023-01-23 12:00:00,2023,1,23,12,7.433295797282092,7.513481661912027,-0.08018586462993493,0.08018586462993493
2023-01-23 18:00:00,2023,1,23,18,4.813611920521373,4.557205895130462,0.25640602539091084,0.25640602539091084
2023-01-24 00:00:00,2023,1,24,0,4.217586302703067,4.371277002596729,-0.15369069989366224,0.15369069989366224
2023-01-24 06:00:00,2023,1,24,6,5.615647905959424,5.563808207005771,0.05183969895365337,0.05183969895365337
2023-01-24 12:00:00,2023,1,24,12,6.904728272747953,6.9693770480211805,-0.06464877527322788,0.06464877527322788
2023-01-24 18:00:00,2023,1,24,18,4.691218391524932,4.640560202796515,0.05065818872841632,0.05065818872841632
2023-01-25 00:00:00,2023,1,25,0,4.331801213636177,4.168791996328471,0.1630092173077058,0.1630092173077058
2023-01-25 06:00:00,2023,1,25,6,4.256007629008661,4.449799437994128,-0.1937918089854671,0.1937918089854671
2023-01-25 12:00:00,2023,1,25,12,7.1256248794655,7.165971950698955,-0.04034707123345527,0.04034707123345527
2023-01-25 18:00:00,2023,1,25,18,4.438665324125435,4.509849751417902,-0.07118442729246688,0.07118442729246688
2023-01-26 00:00:00,2023,1,26,0,4.124164228046309,4.335850296757699,-0.21168606871138973,0.21168606871138973
2023-01-26 06:00:00,2023,1,26,6,4.417706335623532,4.841373779256987,-0.42366744363345443,0.42366744363345443
2023-01-26 12:00:00,2023,1,26,12,6.9601344049085005,6.673504134366841,0.2866302705416599,0.2866302705416599
2023-01-26 18:00:00,2023,1,26,18,4.743363722264885,4.6723755253024475,0.0709881969624373,0.0709881969624373
2023-01-27 00:00:00,2023,1,27,0,4.531075217571996,4.54788387956214,-0.016808661990143747,0.016808661990143747
2023-01-27 06:00:00,2023,1,27,6,4.515427141873354,4.705847353015072,-0.19042021114171792,0.19042021114171792
2023-01-27 12:00:00,2023,1,27,12,6.878967975988188,6.57287258100518,0.3060953949830081,0.3060953949830081
2023-01-27 18:00:00,2023,1,27,18,4.667260901380851,4.728692724584424,-0.06143182320357354,0.06143182320357354
2023-01-28 00:00:00,2023,1,28,0,4.501600056592944,4.504714804637199,-0.0031147480442550446,0.0031147480442550446
2023-01-28 06:00:00,2023,1,28,6,4.347837395664581,4.503018604871519,-0.1551812092069378,0.1551812092069378
2023-01-28 12:00:00,2023,1,28,12,7.109721521513396,6.956852937817838,0.15286858369555834,0.15286858369555834
2023-01-28 18:00:00,2023,1,28,18,4.559180466708368,4.614910356767445,-0.05572989005907658,0.05572989005907658
2023-01-29 00:00:00,2023,1,29,0,4.234386379967191,4.401212288469512,-0.1668259085023216,0.1668259085023216
2023-01-29 06:00:00,2023,1,29,6,4.572688063570125,4.763359744610857,-0.1906716810407323,0.1906716810407323
2023-01-29 12:00:00,2023,1,29,12,6.71073852041118,6.985041663399813,-0.2743031429886331,0.2743031429886331
2023-01-29 18:00:00,2023,1,29,18,4.662136468923471,4.563336626962399,0.09879984196107205,0.09879984196107205
2023-01-30 00:00:00,2023,1,30,0,4.443379905980878,4.350442179144076,0.09293772683680235,0.09293772683680235
2023-01-30 06:00:00,2023,1,30,6,5.093921457858486,4.956393467450351,0.13752799040813546,0.13752799040813546
2023-01-30 12:00:00,2023,1,30,12,7.003260938879274,7.105772880366312,-0.10251194148703835,0.10251194148703835
2023-01-30 18:00:00,2023,1,30,18,4.993862929880168,4.778356364262225,0.21550656561794224,0.21550656561794224
2023-01-31 00:00:00,2023,1,31,0,4.394070836660576,4.366560073757387,0.02751076290318899,0.02751076290318899
2023-01-31 06:00:00,2023,1,31,6,4.4641194160090505,4.718542206825956,-0.2544227908169052,0.2544227908169052
2023-01-31 12:00:00,2023,1,31,12,7.5182752186705075,7.516181766125391,0.002093452545116392,0.002093452545116392
2023-01-31 18:00:00,2023,1,31,18,4.642947850496474,4.809197790862799,-0.1662499403663258,0.1662499403663258
2023-02-01 00:00:00,2023,2,1,0,4.533699711872052,4.615533393679898,-0.08183368180784534,0.08183368180784534
2023-02-01 06:00:00,2023,2,1,6,4.821089661361212,4.882861615003894,-0.0617719536426824,0.0617719536426824
2023-02-01 12:00:00,2023,2,1,12,8.047015149267883,8.043884655865723,0.003130493402160539,0.003130493402160539
2023-02-01 18:00:00,2023,2,1,18,4.611838817106264,4.640564740592497,-0.02872592348623293,0.02872592348623293
2023-02-02 00:00:00,2023,2,2,0,4.158812888182171,4.189679362561749,-0.03086647437957879,0.03086647437957879
2023-02-02 06:00:00,2023,2,2,6,4.772634308515672,4.856451980321461,-0.08381767180578947,0.08381767180578947
2023-02-02 12:00:00,2023,2,2,12,7.107637468097942,7.1175665150065655,-0.009929046908623285,0.009929046908623285
2023-02-02 18:00:00,2023,2,2,18,4.861940842786424,4.905132701733768,-0.043191858947343675,0.043191858947343675
2023-02-03 00:00:00,2023,2,3,0,4.507694488826218,4.7480503675469325,-0.24035587872071495,0.24035587872071495
2023-02-03 06:00:00,2023,2,3,6,5.877900171194103,5.9525769978351235,-0.07467682664102071,0.07467682664102071
2023-02-03 12:00:00,2023,2,3,12,7.237279214802718,7.211146817278646,0.026132397524071926,0.026132397524071926
2023-02-03 18:00:00,2023,2,3,18,4.430508012139986,4.785797110727294,-0.35528909858730806,0.35528909858730806
2023-02-04 00:00:00,2023,2,4,0,4.307233503036729,4.508034157957992,-0.2008006549212631,0.2008006549212631
2023-02-04 06:00:00,2023,2,4,6,4.714717548207753,4.802859187851821,-0.08814163964406774,0.08814163964406774
2023-02-04 12:00:00,2023,2,4,12,7.331092942341373,7.292103787366756,0.03898915497461708,0.03898915497461708
2023-02-04 18:00:00,2023,2,4,18,4.7034511929100855,4.813155367556264,-0.10970417464617821,0.10970417464617821
2023-02-05 00:00:00,2023,2,5,0,4.825596163322239,4.6912549939560995,0.13434116936613982,0.13434116936613982
2023-02-05 06:00:00,2023,2,5,6,4.614767049567608,4.707192880136592,-0.09242583056898379,0.09242583056898379
2023-02-05 12:00:00,2023,2,5,12,7.8208530629854,7.6917675332662006,0.12908552971919907,0.12908552971919907
2023-02-05 18:00:00,2023,2,5,18,4.72811094031457,4.606721170739907,0.1213897695746633,0.1213897695746633
2023-02-06 00:00:00,2023,2,6,0,4.398346887321518,4.541514178721922,-0.1431672914004043,0.1431672914004043
2023-02-06 06:00:00,2023,2,6,6,4.891309586913683,4.8616717135218686,0.029637873391814118,0.029637873391814118
2023-02-06 12:00:00,2023,2,6,12,7.696002226198661,7.486122662736226,0.20987956346243486,0.20987956346243486
2023-02-06 18:00:00,2023,2,6,18,4.690468460996492,4.769051881620995,-0.0785834206245033,0.0785834206245033
2023-02-07 00:00:00,2023,2,7,0,4.463563499915352,4.542273840190982,-0.07871034027562995,0.07871034027562995
2023-02-07 06:00:00,2023,2,7,6,5.325262222135409,5.07124564751546,0.254016574619949,0.254016574619949
2023-02-07 12:00:00,2023,2,7,12,8.000495420626057,8.008235870653017,-0.007740450026959778,0.007740450026959778
2023-02-07 18:00:00,2023,2,7,18,6.1177900029392855,6.153827770792008,-0.03603776785272217,0.03603776785272217
2023-02-08 00:00:00,2023,2,8,0,4.733968687704805,4.704295239712862,0.029673447991942936,0.029673447991942936
2023-02-08 06:00:00,2023,2,8,6,5.376492512180323,5.769732831090329,-0.39324031891000644,0.39324031891000644
2023-02-08 12:00:00,2023,2,8,12,7.472941078306961,7.367344259209075,0.10559681909788665,0.10559681909788665
2023-02-08 18:00:00,2023,2,8,18,4.578290536835673,4.736092920257533,-0.15780238342185982,0.15780238342185982
2023-02-09 00:00:00,2023,2,9,0,5.025850821052734,4.762022542947346,0.26382827810538867,0.26382827810538867
2023-02-09 06:00:00,2023,2,9,6,5.968784223209374,5.8584224731096155,0.11036175009975846,0.11036175009975846
2023-02-09 12:00:00,2023,2,9,12,7.352061772370951,7.317663181992361,0.034398590378589944,0.034398590378589944
2023-02-09 18:00:00,2023,2,9,18,4.991791749741797,4.7379104031606785,0.2538813465811183,0.2538813465811183
2023-02-10 00:00:00,2023,2,10,0,5.419406048638057,5.021299365616284,0.39810668302177277,0.39810668302177277
2023-02-10 06:00:00,2023,2,10,6,5.22530940094082,5.127341250823464,0.0979681501173566,0.0979681501173566
2023-02-10 12:00:00,2023,2,10,12,7.292938047093946,7.575877715850307,-0.28293966875636123,0.28293966875636123
2023-02-10 18:00:00,2023,2,10,18,4.712419575283105,4.778894744199069,-0.0664751689159635,0.0664751689159635
2023-02-11 00:00:00,2023,2,11,0,4.371450044649489,4.763809637103679,-0.3923595924541905,0.3923595924541905
2023-02-11 06:00:00,2023,2,11,6,5.316959913381602,4.9679956930204945,0.34896422036110764,0.34896422036110764
2023-02-11 12:00:00,2023,2,11,12,7.494927406286719,7.584878702864616,-0.08995129657789747,0.08995129657789747
2023-02-11 18:00:00,2023,2,11,18,4.724411847992573,5.064774540973684,-0.34036269298111144,0.34036269298111144
2023-02-12 00:00:00,2023,2,12,0,4.796914879793512,4.779812035133128,0.01710284466038381,0.01710284466038381
2023-02-12 06:00:00,2023,2,12,6,5.055094833550469,4.979578672172149,0.07551616137831996,0.07551616137831996
2023-02-12 12:00:00,2023,2,12,12,7.521007733949404,7.453309925782813,0.06769780816659132,0.06769780816659132
2023-02-12 18:00:00,2023,2,12,18,6.073099235330855,5.898031086535908,0.17506814879494748,0.17506814879494748
2023-02-13 00:00:00,2023,2,13,0,4.402621077435885,4.527589019475822,-0.12496794203993655,0.12496794203993655
2023-02-13 06:00:00,2023,2,13,6,5.012767300538426,4.897978597208923,0.11478870332950297,0.11478870332950297
2023-02-13 12:00:00,2023,2,13,12,7.557636839231362,7.387697929078247,0.1699389101531148,0.1699389101531148
2023-02-13 18:00:00,2023,2,13,18,5.040816006292053,4.953246567850686,0.087569438441367,0.087569438441367
2023-02-14 00:00:00,2023,2,14,0,4.662893530120257,4.725459450584288,-0.06256592046403053,0.06256592046403053
2023-02-14 06:00:00,2023,2,14,6,5.286722773899649,5.099090446407813,0.18763232749183612,0.18763232749183612
2023-02-14 12:00:00,2023,2,14,12,7.675737136546031,7.758525351967868,-0.08278821542183668,0.08278821542183668
2023-02-14 18:00:00,2023,2,14,18,4.920674696404925,5.040505540784375,-0.11983084437945024,0.11983084437945024
2023-02-15 00:00:00,2023,2,15,0,4.901977966309384,4.729242687026436,0.17273527928294818,0.17273527928294818
2023-02-15 06:00:00,2023,2,15,6,5.085729413816411,5.077091944402431,0.008637469413979915,0.008637469413979915
2023-02-15 12:00:00,2023,2,15,12,7.834634407064875,7.607583439462074,0.22705096760280075,0.22705096760280075
2023-02-15 18:00:00,2023,2,15,18,4.571063239232628,4.788621810198918,-0.21755857096628972,0.21755857096628972
2023-02-16 00:00:00,2023,2,16,0,4.522804742233999,4.680527919180653,-0.1577231769466536,0.1577231769466536
2023-02-16 06:00:00,2023,2,16,6,4.727997520312552,5.0363796835013614,-0.30838216318880907,0.30838216318880907
2023-02-16 12:00:00,2023,2,16,12,7.520393489300279,7.598320259897154,-0.07792677059687492,0.07792677059687492
2023-02-16 18:00:00,2023,2,16,18,6.1750749161784,6.287746543617027,-0.11267162743862702,0.11267162743862702
2023-02-17 00:00:00,2023,2,17,0,4.829197216290239,4.978989896301613,-0.14979268001137402,0.14979268001137402
2023-02-17 06:00:00,2023,2,17,6,5.021670393191364,5.316078799088426,-0.2944084058970615,0.2944084058970615
2023-02-17 12:00:00,2023,2,17,12,7.354979048056421,7.299972201092868,0.05500684696355318,0.05500684696355318
2023-02-17 18:00:00,2023,2,17,18,4.894245170277039,4.862633013082666,0.03161215719437305,0.03161215719437305
2023-02-18 00:00:00,2023,2,18,0,5.0428327028548185,4.921138801566157,0.12169390128866198,0.12169390128866198
2023-02-18 06:00:00,2023,2,18,6,5.24364048164399,5.241692619382819,0.0019478622611703855,0.0019478622611703855
2023-02-18 12:00:00,2023,2,18,12,7.3906449434487635,7.66982492689662,-0.27917998344785655,0.27917998344785655
2023-02-18 18:00:00,2023,2,18,18,4.998562579720618,5.055747170554107,-0.057184590833489146,0.057184590833489146
2023-02-19 00:00:00,2023,2,19,0,4.908735153367756,5.027656249297541,-0.11892109592978528,0.11892109592978528
2023-02-19 06:00:00,2023,2,19,6,5.020402140090933,5.114757618149797,-0.0943554780588638,0.0943554780588638
2023-02-19 12:00:00,2023,2,19,12,7.70000006380908,7.720043102963143,-0.020043039154063358,0.020043039154063358
2023-02-19 18:00:00,2023,2,19,18,5.823539034118977,5.529515815020708,0.29402321909826945,0.29402321909826945
2023-02-20 00:00:00,2023,2,20,0,4.558288028109726,4.556065491814539,0.0022225362951875383,0.0022225362951875383
2023-02-20 06:00:00,2023,2,20,6,5.185683402604469,5.04641343030024,0.13926997230422877,0.13926997230422877
2023-02-20 12:00:00,2023,2,20,12,7.66730813861016,7.6084432452524275,0.058864893357732484,0.058864893357732484
2023-02-20 18:00:00,2023,2,20,18,5.367631952346069,5.246259143123344,0.12137280922272531,0.12137280922272531
2023-02-21 00:00:00,2023,2,21,0,4.88052922199032,4.894210001322995,-0.013680779332675641,0.013680779332675641
2023-02-21 06:00:00,2023,2,21,6,4.888257123095007,5.02615113989286,-0.13789401679785307,0.13789401679785307
2023-02-21 12:00:00,2023,2,21,12,7.545481178891795,7.602223473874652,-0.056742294982856656,0.056742294982856656
2023-02-21 18:00:00,2023,2,21,18,4.931404152435564,5.002416268169618,-0.07101211573405397,0.07101211573405397
2023-02-22 00:00:00,2023,2,22,0,5.481046535806756,5.683011366739984,-0.20196483093322737,0.20196483093322737
2023-02-22 06:00:00,2023,2,22,6,5.114308542852066,5.066258471332498,0.04805007151956797,0.04805007151956797
2023-02-22 12:00:00,2023,2,22,12,7.5106958030366835,7.664992219170774,-0.1542964161340903,0.1542964161340903
2023-02-22 18:00:00,2023,2,22,18,5.239828887722309,5.222086883259808,0.017742004462500738,0.017742004462500738
2023-02-23 00:00:00,2023,2,23,0,5.011229225376411,4.9827051735946615,0.02852405178174955,0.02852405178174955
2023-02-23 06:00:00,2023,2,23,6,5.090971946099662,5.1495224128348225,-0.05855046673516018,0.05855046673516018
2023-02-23 12:00:00,2023,2,23,12,7.4436102468595235,7.528226353597102,-0.08461610673757836,0.08461610673757836
2023-02-23 18:00:00,2023,2,23,18,5.064556688447846,5.022998643362807,0.04155804508503902,0.04155804508503902
2023-02-24 00:00:00,2023,2,24,0,4.974601012890388,4.866025375847682,0.10857563704270579,0.10857563704270579
2023-02-24 06:00:00,2023,2,24,6,4.671838850257918,5.036247380329974,-0.36440853007205654,0.36440853007205654
2023-02-24 12:00:00,2023,2,24,12,7.753058289980476,7.820755747279759,-0.06769745729928278,0.06769745729928278
2023-02-24 18:00:00,2023,2,24,18,5.567815893787007,5.435387404327718,0.1324284894592882,0.1324284894592882
2023-02-25 00:00:00,2023,2,25,0,4.756007746679753,4.7969155350153825,-0.04090778833562947,0.04090778833562947
2023-02-25 06:00:00,2023,2,25,6,5.06287830447716,5.151174948982883,-0.08829664450572228,0.08829664450572228
2023-02-25 12:00:00,2023,2,25,12,7.661408067190919,7.7537480705776884,-0.09234000338676918,0.09234000338676918
2023-02-25 18:00:00,2023,2,25,18,5.479752576130351,5.3844714248316246,0.09528115129872639,0.09528115129872639
2023-02-26 00:00:00,2023,2,26,0,4.553727917420468,4.967651722121939,-0.4139238047014713,0.4139238047014713
2023-02-26 06:00:00,2023,2,26,6,5.206841200927341,5.226939407938626,-0.020098207011284508,0.020098207011284508
2023-02-26 12:00:00,2023,2,26,12,7.401966873104598,7.7743399676669815,-0.3723730945623833,0.3723730945623833
2023-02-26 18:00:00,2023,2,26,18,5.1959636153389885,5.518344308162855,-0.3223806928238666,0.3223806928238666
2023-02-27 00:00:00,2023,2,27,0,5.052617288758167,4.9596962516509695,0.09292103710719779,0.09292103710719779
2023-02-27 06:00:00,2023,2,27,6,6.080689795059381,5.992909566440612,0.08778022861876877,0.08778022861876877
2023-02-27 12:00:00,2023,2,27,12,7.859208346153408,7.68767065297924,0.17153769317416767,0.17153769317416767
2023-02-27 18:00:00,2023,2,27,18,5.147861408036018,5.069168400055332,0.07869300798068579,0.07869300798068579
2023-02-28 00:00:00,2023,2,28,0,4.757417264504384,4.727179985168355,0.0302372793360286,0.0302372793360286
2023-02-28 06:00:00,2023,2,28,6,6.311446360037661,6.315217727945486,-0.0037713679078246187,0.0037713679078246187
2023-02-28 12:00:00,2023,2,28,12,7.531313937497001,7.982238314449114,-0.45092437695211274,0.45092437695211274
2023-02-28 18:00:00,2023,2,28,18,5.32647908723619,5.315215181369748,0.011263905866441881,0.011263905866441881
2023-03-01 00:00:00,2023,3,1,0,4.4534627630977415,4.5794511020682425,-0.125988338970501,0.125988338970501
2023-03-01 06:00:00,2023,3,1,6,4.790839871621781,5.044427327185442,-0.253587455563661,0.253587455563661
2023-03-01 12:00:00,2023,3,1,12,7.633719042962447,7.530169005031359,0.10355003793108786,0.10355003793108786
2023-03-01 18:00:00,2023,3,1,18,5.254323811322458,5.113108915752768,0.14121489556969014,0.14121489556969014
2023-03-02 00:00:00,2023,3,2,0,6.055045921034223,6.008136696565523,0.04690922446869994,0.04690922446869994
2023-03-02 06:00:00,2023,3,2,6,5.225771092544752,5.093617604894916,0.1321534876498358,0.1321534876498358
2023-03-02 12:00:00,2023,3,2,12,7.367541181523945,7.4145588266171645,-0.04701764509321915,0.04701764509321915
2023-03-02 18:00:00,2023,3,2,18,5.149081714555265,5.162922447747569,-0.01384073319230339,0.01384073319230339
2023-03-03 00:00:00,2023,3,3,0,5.008397203961913,4.906617361558499,0.10177984240341331,0.10177984240341331
2023-03-03 06:00:00,2023,3,3,6,4.947832003748877,4.891988955090414,0.05584304865846246,0.05584304865846246
2023-03-03 12:00:00,2023,3,3,12,7.833440274930381,7.6518831011881945,0.1815571737421866,0.1815571737421866
2023-03-03 18:00:00,2023,3,3,18,4.977506045534693,5.211013984373793,-0.23350793883909926,0.23350793883909926
2023-03-04 00:00:00,2023,3,4,0,4.719948454843132,4.801069441860573,-0.08112098701744141,0.08112098701744141
2023-03-04 06:00:00,2023,3,4,6,4.653739138192277,4.937164710191373,-0.28342557199909635,0.28342557199909635
2023-03-04 12:00:00,2023,3,4,12,7.489118416935043,7.677618147160869,-0.18849973022582578,0.18849973022582578
2023-03-04 18:00:00,2023,3,4,18,5.138503318712484,5.209690068587007,-0.07118674987452334,0.07118674987452334
2023-03-05 00:00:00,2023,3,5,0,4.5164622016721125,4.617855733138576,-0.10139353146646357,0.10139353146646357
2023-03-05 06:00:00,2023,3,5,6,6.092560372507903,6.174772074913297,-0.08221170240539344,0.08221170240539344
2023-03-05 12:00:00,2023,3,5,12,7.708698986423776,7.722528564575572,-0.013829578151796085,0.013829578151796085
2023-03-05 18:00:00,2023,3,5,18,4.99537552455384,4.908265141551239,0.08711038300260032,0.08711038300260032
2023-03-06 00:00:00,2023,3,6,0,5.048336786369957,4.811124826568362,0.23721195980159493,0.23721195980159493
2023-03-06 06:00:00,2023,3,6,6,5.137959362629014,5.108020917624378,0.02993844500463627,0.02993844500463627
2023-03-06 12:00:00,2023,3,6,12,7.850502005776504,7.7047118711334885,0.1457901346430157,0.1457901346430157
2023-03-06 18:00:00,2023,3,6,18,5.539704906552841,5.237786829402299,0.30191807715054253,0.30191807715054253
2023-03-07 00:00:00,2023,3,7,0,4.60734664657183,4.747637550536569,-0.14029090396473975,0.14029090396473975
2023-03-07 06:00:00,2023,3,7,6,4.899647344001736,5.063671849866147,-0.1640245058644103,0.1640245058644103
2023-03-07 12:00:00,2023,3,7,12,9.01981731611513,8.750588317524599,0.2692289985905312,0.2692289985905312
2023-03-07 18:00:00,2023,3,7,18,4.76095626493357,4.919487918221202,-0.15853165328763197,0.15853165328763197
2023-03-08 00:00:00,2023,3,8,0,4.736989183341409,4.603719881043531,0.1332693022978777,0.1332693022978777
2023-03-08 06:00:00,2023,3,8,6,5.081571313155312,4.837398423477305,0.24417288967800665,0.24417288967800665
2023-03-08 12:00:00,2023,3,8,12,7.406906795365163,7.492641857956159,-0.08573506259099606,0.08573506259099606
2023-03-08 18:00:00,2023,3,8,18,4.898877466793023,5.034668833949844,-0.1357913671568216,0.1357913671568216
2023-03-09 00:00:00,2023,3,9,0,4.590026633053241,4.774671357200863,-0.18464472414762234,0.18464472414762234
2023-03-09 06:00:00,2023,3,9,6,4.963377465973534,5.05021506282146,-0.0868375968479258,0.0868375968479258
2023-03-09 12:00:00,2023,3,9,12,7.678318871580315,7.860335800986604,-0.18201692940628966,0.18201692940628966
2023-03-09 18:00:00,2023,3,9,18,4.869974550379396,5.051943631175718,-0.18196908079632212,0.18196908079632212
2023-03-10 00:00:00,2023,3,10,0,4.5685902385705335,4.400877241764314,0.16771299680621965,0.16771299680621965
2023-03-10 06:00:00,2023,3,10,6,4.97443755642822,5.045228291132383,-0.07079073470416297,0.07079073470416297
2023-03-10 12:00:00,2023,3,10,12,7.531322307404281,7.5760806258431295,-0.04475831843884848,0.04475831843884848
2023-03-10 18:00:00,2023,3,10,18,5.403089706312138,5.096560600364213,0.3065291059479254,0.3065291059479254
2023-03-11 00:00:00,2023,3,11,0,4.775541542024395,4.68675259308467,0.08878894893972511,0.08878894893972511
2023-03-11 06:00:00,2023,3,11,6,5.176576872977362,5.070876632354598,0.10570024062276406,0.10570024062276406
2023-03-11 12:00:00,2023,3,11,12,7.656827956675644,7.586602006213645,0.07022595046199953,0.07022595046199953
2023-03-11 18:00:00,2023,3,11,18,4.969888854335875,4.7894142779700974,0.18047457636577757,0.18047457636577757
2023-03-12 00:00:00,2023,3,12,0,4.847881831942384,4.887096451339568,-0.039214619397183625,0.039214619397183625
2023-03-12 06:00:00,2023,3,12,6,5.194816256695366,5.077425979970111,0.1173902767252546,0.1173902767252546
2023-03-12 12:00:00,2023,3,12,12,7.341288775717414,7.5625540068323565,-0.22126523111494212,0.22126523111494212
2023-03-12 18:00:00,2023,3,12,18,4.849404088954079,4.769455515013401,0.079948573940678,0.079948573940678
2023-03-13 00:00:00,2023,3,13,0,4.849496890229618,4.865971418077288,-0.016474527847670117,0.016474527847670117
2023-03-13 06:00:00,2023,3,13,6,4.806964830274703,4.869458889095069,-0.062494058820366405,0.062494058820366405
2023-03-13 12:00:00,2023,3,13,12,7.57677630395534,7.639229528379568,-0.06245322442422818,0.06245322442422818
2023-03-13 18:00:00,2023,3,13,18,5.545697637339123,5.070788906872974,0.474908730466149,0.474908730466149
2023-03-14 00:00:00,2023,3,14,0,4.134148564576178,4.468235426674359,-0.3340868620981805,0.3340868620981805
2023-03-14 06:00:00,2023,3,14,6,5.511932838273274,5.053493152169179,0.4584396861040947,0.4584396861040947
2023-03-14 12:00:00,2023,3,14,12,7.555584699007802,7.5805790473880466,-0.02499434838024417,0.02499434838024417
2023-03-14 18:00:00,2023,3,14,18,4.691327694715939,4.949250951221297,-0.2579232565053582,0.2579232565053582
2023-03-15 00:00:00,2023,3,15,0,4.532502203223157,4.706552921772182,-0.17405071854902587,0.17405071854902587
2023-03-15 06:00:00,2023,3,15,6,5.234694691408371,5.195538253621384,0.03915643778698641,0.03915643778698641
2023-03-15 12:00:00,2023,3,15,12,7.874497749395761,7.6737128943007065,0.20078485509505484,0.20078485509505484
2023-03-15 18:00:00,2023,3,15,18,4.969201199753311,4.992290523348696,-0.023089323595384847,0.023089323595384847
2023-03-16 00:00:00,2023,3,16,0,4.854767696684098,4.712071038607563,0.14269665807653453,0.14269665807653453
2023-03-16 06:00:00,2023,3,16,6,4.816262975714786,4.9809701736288705,-0.16470719791408417,0.16470719791408417
2023-03-16 12:00:00,2023,3,16,12,7.451869241502324,7.489749816717529,-0.037880575215204715,0.037880575215204715
2023-03-16 18:00:00,2023,3,16,18,4.481372255847963,4.748385901615322,-0.2670136457673591,0.2670136457673591
2023-03-17 00:00:00,2023,3,17,0,4.775827016973315,4.787737300082264,-0.011910283108949038,0.011910283108949038
2023-03-17 06:00:00,2023,3,17,6,5.060516811006644,4.985153559314018,0.07536325169262614,0.07536325169262614
2023-03-17 12:00:00,2023,3,17,12,7.626620956834268,7.490885684797288,0.13573527203698,0.13573527203698
2023-03-17 18:00:00,2023,3,17,18,4.988670742705332,4.958148507433356,0.030522235271975617,0.030522235271975617
2023-03-18 00:00:00,2023,3,18,0,4.486856830896709,4.574525320719539,-0.08766848982283015,0.08766848982283015
2023-03-18 06:00:00,2023,3,18,6,4.52834232743869,4.717030915346257,-0.18868858790756704,0.18868858790756704
2023-03-18 12:00:00,2023,3,18,12,7.269662635431954,7.802482679747792,-0.5328200443158382,0.5328200443158382
2023-03-18 18:00:00,2023,3,18,18,5.138115474234733,4.9722110767823615,0.16590439745237173,0.16590439745237173
2023-03-19 00:00:00,2023,3,19,0,4.354122504265768,4.421999783438711,-0.06787727917294273,0.06787727917294273
2023-03-19 06:00:00,2023,3,19,6,5.200507066692296,5.03664227418495,0.1638647925073462,0.1638647925073462
2023-03-19 12:00:00,2023,3,19,12,7.1444824643968765,7.475528894789332,-0.3310464303924556,0.3310464303924556
2023-03-19 18:00:00,2023,3,19,18,4.60423182319277,4.766103946774247,-0.1618721235814764,0.1618721235814764
2023-03-20 00:00:00,2023,3,20,0,4.33684809416258,4.687805581260637,-0.3509574870980572,0.3509574870980572
2023-03-20 06:00:00,2023,3,20,6,4.798456756382799,4.796382398300759,0.0020743580820399288,0.0020743580820399288
2023-03-20 12:00:00,2023,3,20,12,7.316349835065726,7.390006854745172,-0.07365701967944638,0.07365701967944638
2023-03-20 18:00:00,2023,3,20,18,5.047179777391874,4.91069643389479,0.13648334349708424,0.13648334349708424
2023-03-21 00:00:00,2023,3,21,0,4.550377901403566,4.540800025585656,0.00957787581790992,0.00957787581790992
2023-03-21 06:00:00,2023,3,21,6,5.084487625738228,4.999155468744935,0.08533215699329233,0.08533215699329233
2023-03-21 12:00:00,2023,3,21,12,7.960310467632989,7.715821081530253,0.24448938610273618,0.24448938610273618
2023-03-21 18:00:00,2023,3,21,18,5.240745430622905,4.882990605057896,0.35775482556500915,0.35775482556500915
2023-03-22 00:00:00,2023,3,22,0,4.505267773455634,4.556596025012382,-0.05132825155674858,0.05132825155674858
2023-03-22 06:00:00,2023,3,22,6,4.880930773053687,5.123217541770522,-0.24228676871683508,0.24228676871683508
2023-03-22 12:00:00,2023,3,22,12,8.210803976228737,8.153532671856397,0.05727130437234074,0.05727130437234074
2023-03-22 18:00:00,2023,3,22,18,4.748883164719395,4.711641299157117,0.03724186556227771,0.03724186556227771
2023-03-23 00:00:00,2023,3,23,0,4.633863244585672,4.570556073141168,0.06330717144450393,0.06330717144450393
2023-03-23 06:00:00,2023,3,23,6,4.744645162463693,4.8951955206569755,-0.1505503581932821,0.1505503581932821
2023-03-23 12:00:00,2023,3,23,12,8.65733976862089,8.347711149274657,0.309628619346233,0.309628619346233
2023-03-23 18:00:00,2023,3,23,18,4.932804582871688,4.771269085871935,0.16153549699975311,0.16153549699975311
2023-03-24 00:00:00,2023,3,24,0,4.986148890473829,4.85948630141951,0.1266625890543187,0.1266625890543187
2023-03-24 06:00:00,2023,3,24,6,5.169161887098863,4.972688574503749,0.19647331259511347,0.19647331259511347
2023-03-24 12:00:00,2023,3,24,12,7.883419572902262,7.565605396838076,0.3178141760641857,0.3178141760641857
2023-03-24 18:00:00,2023,3,24,18,4.885815563687797,4.774445793340408,0.11136977034738926,0.11136977034738926
2023-03-25 00:00:00,2023,3,25,0,4.5709278916558285,4.557088672970044,0.013839218685784083,0.013839218685784083
2023-03-25 06:00:00,2023,3,25,6,4.830589853979435,4.915017176228455,-0.08442732224901928,0.08442732224901928
2023-03-25 12:00:00,2023,3,25,12,7.290310861045766,7.427341692061163,-0.13703083101539715,0.13703083101539715
2023-03-25 18:00:00,2023,3,25,18,4.961328478520287,4.850325319419927,0.11100315910036063,0.11100315910036063
2023-03-26 00:00:00,2023,3,26,0,4.792497257183843,4.644046725265837,0.14845053191800606,0.14845053191800606
2023-03-26 06:00:00,2023,3,26,6,4.74856978042838,4.947182608211582,-0.19861282778320177,0.19861282778320177
2023-03-26 12:00:00,2023,3,26,12,7.5468240987127775,7.68069851037561,-0.13387441166283232,0.13387441166283232
2023-03-26 18:00:00,2023,3,26,18,4.799366292865628,4.643319787624884,0.15604650524074337,0.15604650524074337
2023-03-27 00:00:00,2023,3,27,0,4.747950861015385,4.660858734965068,0.08709212605031702,0.08709212605031702
2023-03-27 06:00:00,2023,3,27,6,4.805390006329568,4.822547291620862,-0.01715728529129379,0.01715728529129379
2023-03-27 12:00:00,2023,3,27,12,7.360869573851742,7.629676990453407,-0.26880741660166496,0.26880741660166496
2023-03-27 18:00:00,2023,3,27,18,4.376412452660079,4.68735156635067,-0.3109391136905906,0.3109391136905906
2023-03-28 00:00:00,2023,3,28,0,4.559973903684451,4.559948721790957,2.518189349398625e-05,2.518189349398625e-05
2023-03-28 06:00:00,2023,3,28,6,4.345664332125262,4.788807203135315,-0.44314287101005334,0.44314287101005334
2023-03-28 12:00:00,2023,3,28,12,7.324762970243997,7.488540766720923,-0.1637777964769258,0.1637777964769258
2023-03-28 18:00:00,2023,3,28,18,4.63058446336149,4.771038370856591,-0.14045390749510034,0.14045390749510034
2023-03-29 00:00:00,2023,3,29,0,4.606320153068303,4.758945326284874,-0.15262517321657132,0.15262517321657132
2023-03-29 06:00:00,2023,3,29,6,5.198145353439286,5.014560735849969,0.1835846175893172,0.1835846175893172
2023-03-29 12:00:00,2023,3,29,12,7.215416752931948,7.390661754434234,-0.17524500150228572,0.17524500150228572
2023-03-29 18:00:00,2023,3,29,18,4.522380202724413,4.785299880454675,-0.26291967773026137,0.26291967773026137
2023-03-30 00:00:00,2023,3,30,0,5.868159782516583,5.871266001247664,-0.0031062187310801903,0.0031062187310801903
2023-03-30 06:00:00,2023,3,30,6,4.8922442972318505,5.180918011356211,-0.2886737141243607,0.2886737141243607
2023-03-30 12:00:00,2023,3,30,12,7.451395365148122,7.751356845050126,-0.29996147990200406,0.29996147990200406
2023-03-30 18:00:00,2023,3,30,18,4.604106264521233,4.941101428874437,-0.33699516435320387,0.33699516435320387
2023-03-31 00:00:00,2023,3,31,0,5.689070223552934,5.9659850758409485,-0.27691485228801493,0.27691485228801493
2023-03-31 06:00:00,2023,3,31,6,4.529119203809262,4.715611879854009,-0.18649267604474762,0.18649267604474762
2023-03-31 12:00:00,2023,3,31,12,7.575649100965373,7.646389026668135,-0.07073992570276211,0.07073992570276211
2023-03-31 18:00:00,2023,3,31,18,5.052119563493584,4.885600729496846,0.1665188339967374,0.1665188339967374
2023-04-01 00:00:00,2023,4,1,0,4.701349085310158,4.582258799800788,0.11909028550936984,0.11909028550936984
2023-04-01 06:00:00,2023,4,1,6,4.973232137317949,5.036990876613707,-0.06375873929575793,0.06375873929575793
2023-04-01 12:00:00,2023,4,1,12,7.70548138673707,7.597554800677784,0.10792658605928551,0.10792658605928551
2023-04-01 18:00:00,2023,4,1,18,5.105437120433754,4.935494226809183,0.1699428936245706,0.1699428936245706
2023-04-02 00:00:00,2023,4,2,0,4.28831458733064,4.543274089060672,-0.2549595017300321,0.2549595017300321
2023-04-02 06:00:00,2023,4,2,6,5.279835813060315,5.304592903841385,-0.024757090781069913,0.024757090781069913
2023-04-02 12:00:00,2023,4,2,12,7.463243737918551,7.54000995178054,-0.07676621386198956,0.07676621386198956
2023-04-02 18:00:00,2023,4,2,18,4.742671830942834,4.735818620035043,0.0068532109077912295,0.0068532109077912295
2023-04-03 00:00:00,2023,4,3,0,4.498948165271205,4.547279006253796,-0.048330840982591106,0.048330840982591106
2023-04-03 06:00:00,2023,4,3,6,4.956908582087722,4.95436643942078,0.002542142666942304,0.002542142666942304
2023-04-03 12:00:00,2023,4,3,12,7.682690923745606,7.768970833004367,-0.08627990925876095,0.08627990925876095
2023-04-03 18:00:00,2023,4,3,18,5.045863439458064,4.941540858783404,0.10432258067466016,0.10432258067466016
2023-04-04 00:00:00,2023,4,4,0,4.248430335948334,4.620044369184949,-0.37161403323661535,0.37161403323661535
2023-04-04 06:00:00,2023,4,4,6,4.493336853524562,4.773337810469467,-0.2800009569449049,0.2800009569449049
2023-04-04 12:00:00,2023,4,4,12,7.560016906487162,7.602345876924018,-0.04232897043685657,0.04232897043685657
2023-04-04 18:00:00,2023,4,4,18,5.137266794021274,4.965032690304086,0.17223410371718817,0.17223410371718817
2023-04-05 00:00:00,2023,4,5,0,4.507409716946118,4.540756746967479,-0.03334703002136141,0.03334703002136141
2023-04-05 06:00:00,2023,4,5,6,5.793457683489537,5.789868122320679,0.003589561168857891,0.003589561168857891
2023-04-05 12:00:00,2023,4,5,12,7.8782278538927075,7.6463707486594465,0.23185710523326097,0.23185710523326097
2023-04-05 18:00:00,2023,4,5,18,4.808177733450471,4.788962277149512,0.019215456300958778,0.019215456300958778
2023-04-06 00:00:00,2023,4,6,0,4.818404888457052,4.568420928068982,0.2499839603880698,0.2499839603880698
2023-04-06 06:00:00,2023,4,6,6,5.709577984174787,5.635511165469747,0.07406681870503995,0.07406681870503995
2023-04-06 12:00:00,2023,4,6,12,7.713857353212115,7.739419953507328,-0.0255626002952134,0.0255626002952134
2023-04-06 18:00:00,2023,4,6,18,4.517314763730869,4.736125364942246,-0.21881060121137708,0.21881060121137708
2023-04-07 00:00:00,2023,4,7,0,4.862879935694108,4.728590345687605,0.1342895900065031,0.1342895900065031
2023-04-07 06:00:00,2023,4,7,6,5.1779502552931325,5.06029350354243,0.11765675175070278,0.11765675175070278
2023-04-07 12:00:00,2023,4,7,12,8.077423379891187,7.794594925494558,0.2828284543966282,0.2828284543966282
2023-04-07 18:00:00,2023,4,7,18,5.010642202633207,5.0070436680784844,0.0035985345547224767,0.0035985345547224767
2023-04-08 00:00:00,2023,4,8,0,4.646663305896886,4.608461715400346,0.038201590496539595,0.038201590496539595
2023-04-08 06:00:00,2023,4,8,6,4.973875950523881,5.038557187748631,-0.06468123722474939,0.06468123722474939
2023-04-08 12:00:00,2023,4,8,12,7.578990611414746,7.645067385486937,-0.06607677407219104,0.06607677407219104
2023-04-08 18:00:00,2023,4,8,18,5.057353759882253,5.018417596378237,0.038936163504016186,0.038936163504016186
2023-04-09 00:00:00,2023,4,9,0,4.449003936184071,4.709986349095563,-0.26098241291149193,0.26098241291149193
2023-04-09 06:00:00,2023,4,9,6,5.40522079128856,5.067104457012162,0.338116334276398,0.338116334276398
2023-04-09 12:00:00,2023,4,9,12,7.801303458735923,7.821794535367871,-0.020491076631947713,0.020491076631947713
2023-04-09 18:00:00,2023,4,9,18,4.823946331578888,4.913447589180201,-0.089501257601313,0.089501257601313
2023-04-10 00:00:00,2023,4,10,0,4.730279831427123,4.7379149969602325,-0.0076351655331095,0.0076351655331095
2023-04-10 06:00:00,2023,4,10,6,5.281335448129349,4.997325134295359,0.2840103138339902,0.2840103138339902
2023-04-10 12:00:00,2023,4,10,12,7.470186557868261,7.608467802035272,-0.13828124416701115,0.13828124416701115
2023-04-10 18:00:00,2023,4,10,18,5.092032929243098,5.0093250153574065,0.08270791388569165,0.08270791388569165
2023-04-11 00:00:00,2023,4,11,0,4.758992382656185,4.726236268539625,0.032756114116559765,0.032756114116559765
2023-04-11 06:00:00,2023,4,11,6,4.8889468272711945,5.13132456088629,-0.24237773361509518,0.24237773361509518
2023-04-11 12:00:00,2023,4,11,12,7.600984633004303,7.691306083881918,-0.09032145087761556,0.09032145087761556
2023-04-11 18:00:00,2023,4,11,18,4.4851948867062,4.769349000598677,-0.2841541138924768,0.2841541138924768
2023-04-12 00:00:00,2023,4,12,0,4.699050623850489,4.616440632521711,0.08260999132877789,0.08260999132877789
2023-04-12 06:00:00,2023,4,12,6,4.697432755630285,4.960926386796789,-0.26349363116650437,0.26349363116650437
2023-04-12 12:00:00,2023,4,12,12,7.8115511530002415,7.63808229330154,0.1734688596987013,0.1734688596987013
2023-04-12 18:00:00,2023,4,12,18,4.815088803217441,4.939782663627141,-0.12469386040969965,0.12469386040969965
2023-04-13 00:00:00,2023,4,13,0,4.885201566711773,4.69947697509392,0.18572459161785293,0.18572459161785293
2023-04-13 06:00:00,2023,4,13,6,5.142414584673301,5.061764322444586,0.08065026222871552,0.08065026222871552
2023-04-13 12:00:00,2023,4,13,12,7.525506975635752,7.695990775415716,-0.17048379977996397,0.17048379977996397
2023-04-13 18:00:00,2023,4,13,18,5.113671829972599,5.062654176956229,0.051017653016369735,0.051017653016369735
2023-04-14 00:00:00,2023,4,14,0,4.989475493647783,4.810166380332671,0.1793091133151119,0.1793091133151119
2023-04-14 06:00:00,2023,4,14,6,5.2282650175825705,5.113624608057664,0.11464040952490606,0.11464040952490606
2023-04-14 12:00:00,2023,4,14,12,7.691144401826055,7.9054512245171935,-0.21430682269113888,0.21430682269113888
2023-04-14 18:00:00,2023,4,14,18,4.812126741021944,4.858624936666572,-0.046498195644627316,0.046498195644627316
2023-04-15 00:00:00,2023,4,15,0,5.306448831958392,5.000452493035684,0.30599633892270717,0.30599633892270717
2023-04-15 06:00:00,2023,4,15,6,5.280628238334722,5.235585147685406,0.04504309064931622,0.04504309064931622
2023-04-15 12:00:00,2023,4,15,12,7.8395841361059695,7.842248181872872,-0.0026640457669024897,0.0026640457669024897
2023-04-15 18:00:00,2023,4,15,18,5.606595175482092,5.319019999727248,0.2875751757548448,0.2875751757548448
2023-04-16 00:00:00,2023,4,16,0,4.67694010796535,4.819406090923676,-0.1424659829583259,0.1424659829583259
2023-04-16 06:00:00,2023,4,16,6,5.202674056767172,4.982798242769867,0.21987581399730516,0.21987581399730516
2023-04-16 12:00:00,2023,4,16,12,7.835445845198242,7.602776520118353,0.2326693250798888,0.2326693250798888
2023-04-16 18:00:00,2023,4,16,18,4.677918643317167,4.917457623501197,-0.23953898018403041,0.23953898018403041
2023-04-17 00:00:00,2023,4,17,0,4.515069653344403,4.8150950307716345,-0.30002537742723145,0.30002537742723145
2023-04-17 06:00:00,2023,4,17,6,4.924260753940584,5.027149835357275,-0.1028890814166914,0.1028890814166914
2023-04-17 12:00:00,2023,4,17,12,7.724282621665324,7.780888015251663,-0.05660539358633887,0.05660539358633887
2023-04-17 18:00:00,2023,4,17,18,4.754688656030264,4.828501442918854,-0.07381278688859005,0.07381278688859005
2023-04-18 00:00:00,2023,4,18,0,4.849084923795427,4.8075689034651825,0.04151602033024471,0.04151602033024471
2023-04-18 06:00:00,2023,4,18,6,5.5430434822233785,5.437915060633092,0.10512842159028679,0.10512842159028679
2023-04-18 12:00:00,2023,4,18,12,7.571143198116498,7.637605694248965,-0.06646249613246713,0.06646249613246713
2023-04-18 18:00:00,2023,4,18,18,5.240503373483588,5.251995977464053,-0.011492603980464366,0.011492603980464366
2023-04-19 00:00:00,2023,4,19,0,5.051923949558121,4.768332617060411,0.2835913324977106,0.2835913324977106
2023-04-19 06:00:00,2023,4,19,6,5.320245145036363,5.2002272764889925,0.12001786854737073,0.12001786854737073
2023-04-19 12:00:00,2023,4,19,12,7.838536360065677,7.9301983984044755,-0.09166203833879827,0.09166203833879827
2023-04-19 18:00:00,2023,4,19,18,5.247978307064574,5.20462976567924,0.04334854138533384,0.04334854138533384
2023-04-20 00:00:00,2023,4,20,0,4.763598640622162,4.978608845702669,-0.21501020508050672,0.21501020508050672
2023-04-20 06:00:00,2023,4,20,6,5.120171948044389,5.058847230347113,0.061324717697275766,0.061324717697275766
2023-04-20 12:00:00,2023,4,20,12,8.132770636466152,8.051701815784442,0.0810688206817094,0.0810688206817094
2023-04-20 18:00:00,2023,4,20,18,5.0642543681786,5.176739448877224,-0.11248508069862417,0.11248508069862417
2023-04-21 00:00:00,2023,4,21,0,5.482109677551934,5.430554562138723,0.051555115413211006,0.051555115413211006
2023-04-21 06:00:00,2023,4,21,6,5.520225726739967,5.37373454305671,0.1464911836832572,0.1464911836832572
2023-04-21 12:00:00,2023,4,21,12,7.694549814992075,7.968605117105103,-0.27405530211302764,0.27405530211302764
2023-04-21 18:00:00,2023,4,21,18,5.088641293388188,5.095946045124461,-0.007304751736272763,0.007304751736272763
2023-04-22 00:00:00,2023,4,22,0,4.76647894858346,4.911979061925651,-0.14550011334219093,0.14550011334219093
2023-04-22 06:00:00,2023,4,22,6,6.421718452535995,6.17490259513282,0.2468158574031749,0.2468158574031749
2023-04-22 12:00:00,2023,4,22,12,7.702666185010749,7.964197731754306,-0.26153154674355683,0.26153154674355683
2023-04-22 18:00:00,2023,4,22,18,5.208550182960431,5.420272630285919,-0.21172244732548862,0.21172244732548862
2023-04-23 00:00:00,2023,4,23,0,5.28370457358036,5.171768397654065,0.1119361759262949,0.1119361759262949
2023-04-23 06:00:00,2023,4,23,6,5.094336002028272,5.135276863800396,-0.04094086177212386,0.04094086177212386
2023-04-23 12:00:00,2023,4,23,12,8.905188344518178,8.91341569982657,-0.008227355308392248,0.008227355308392248
2023-04-23 18:00:00,2023,4,23,18,4.708317217365397,4.9843917025710915,-0.27607448520569466,0.27607448520569466
2023-04-24 00:00:00,2023,4,24,0,4.907903206227708,5.093638459741247,-0.18573525351353926,0.18573525351353926
2023-04-24 06:00:00,2023,4,24,6,5.541624750990017,5.517705224979706,0.02391952601031111,0.02391952601031111
2023-04-24 12:00:00,2023,4,24,12,8.16262221004708,8.099220001842182,0.06340220820489861,0.06340220820489861
2023-04-24 18:00:00,2023,4,24,18,5.151744134027214,5.155329767888454,-0.0035856338612401117,0.0035856338612401117
2023-04-25 00:00:00,2023,4,25,0,4.9358429520577465,4.908021579741004,0.0278213723167422,0.0278213723167422
2023-04-25 06:00:00,2023,4,25,6,4.971226130030878,5.060062991607957,-0.08883686157707871,0.08883686157707871
2023-04-25 12:00:00,2023,4,25,12,9.141248856191757,8.961501228070484,0.1797476281212731,0.1797476281212731
2023-04-25 18:00:00,2023,4,25,18,5.717182892824267,5.48555207412108,0.23163081870318702,0.23163081870318702
2023-04-26 00:00:00,2023,4,26,0,5.085298088139584,5.014548236429638,0.0707498517099463,0.0707498517099463
2023-04-26 06:00:00,2023,4,26,6,5.200038998813878,5.221026053942918,-0.020987055129039867,0.020987055129039867
2023-04-26 12:00:00,2023,4,26,12,8.003456642899918,8.042923524707698,-0.039466881807779686,0.039466881807779686
2023-04-26 18:00:00,2023,4,26,18,5.546095508014299,5.4490996614890195,0.09699584652527982,0.09699584652527982
2023-04-27 00:00:00,2023,4,27,0,4.599533567534436,4.809973527545863,-0.21043996001142684,0.21043996001142684
2023-04-27 06:00:00,2023,4,27,6,5.4223545903831445,5.3154129308406475,0.10694165954249701,0.10694165954249701
2023-04-27 12:00:00,2023,4,27,12,7.94240864166669,8.054378724484872,-0.11197008281818199,0.11197008281818199
2023-04-27 18:00:00,2023,4,27,18,5.839736223718603,5.842613363006759,-0.0028771392881559166,0.0028771392881559166
2023-04-28 00:00:00,2023,4,28,0,5.43660904261026,5.634678480475197,-0.19806943786493658,0.19806943786493658
2023-04-28 06:00:00,2023,4,28,6,5.2843972710765055,5.391357445592422,-0.10696017451591633,0.10696017451591633
2023-04-28 12:00:00,2023,4,28,12,8.106924247217378,8.077811461812187,0.029112785405191133,0.029112785405191133
2023-04-28 18:00:00,2023,4,28,18,5.2326355441385255,5.290923313623875,-0.058287769485349195,0.058287769485349195
2023-04-29 00:00:00,2023,4,29,0,5.094610113158057,5.211416395839502,-0.11680628268144577,0.11680628268144577
2023-04-29 06:00:00,2023,4,29,6,4.9070017481873895,5.13099257353908,-0.22399082535169068,0.22399082535169068
2023-04-29 12:00:00,2023,4,29,12,8.153807367297073,8.16908072579424,-0.015273358497166711,0.015273358497166711
2023-04-29 18:00:00,2023,4,29,18,5.093262373764831,5.435777022561364,-0.34251464879653337,0.34251464879653337
2023-04-30 00:00:00,2023,4,30,0,5.414180934452122,5.204029526551368,0.21015140790075382,0.21015140790075382
2023-04-30 06:00:00,2023,4,30,6,5.301045414112287,5.406635796601397,-0.10559038248911001,0.10559038248911001
2023-04-30 12:00:00,2023,4,30,12,7.983074273373057,8.144035915064173,-0.1609616416911157,0.1609616416911157
2023-04-30 18:00:00,2023,4,30,18,5.137635012145782,5.333528308506319,-0.19589329636053776,0.19589329636053776
2023-05-01 00:00:00,2023,5,1,0,5.039597522634647,5.117622304812706,-0.07802478217805842,0.07802478217805842
2023-05-01 06:00:00,2023,5,1,6,5.477879242681553,5.375056302374619,0.1028229403069334,0.1028229403069334
2023-05-01 12:00:00,2023,5,1,12,8.258350686866727,8.378959595680262,-0.12060890881353536,0.12060890881353536
2023-05-01 18:00:00,2023,5,1,18,5.778279876152383,5.600222551640333,0.17805732451205003,0.17805732451205003
2023-05-02 00:00:00,2023,5,2,0,5.514447741150548,5.276473858480196,0.23797388267035213,0.23797388267035213
2023-05-02 06:00:00,2023,5,2,6,5.299805353857846,5.402641350162097,-0.10283599630425044,0.10283599630425044
2023-05-02 12:00:00,2023,5,2,12,7.887099088502577,8.174388619722798,-0.28728953122022105,0.28728953122022105
2023-05-02 18:00:00,2023,5,2,18,5.476982888561255,5.4952266926437625,-0.018243804082507253,0.018243804082507253
2023-05-03 00:00:00,2023,5,3,0,5.579826389402124,5.224203558758177,0.35562283064394684,0.35562283064394684
2023-05-03 06:00:00,2023,5,3,6,5.593769279318806,5.6597784088210705,-0.06600912950226423,0.06600912950226423
2023-05-03 12:00:00,2023,5,3,12,8.183269032588967,8.261831612910887,-0.0785625803219201,0.0785625803219201
2023-05-03 18:00:00,2023,5,3,18,5.734917830928308,5.658179077410505,0.07673875351780257,0.07673875351780257
2023-05-04 00:00:00,2023,5,4,0,5.180312466806155,5.260669899450011,-0.08035743264385609,0.08035743264385609
2023-05-04 06:00:00,2023,5,4,6,5.199126923012593,5.234446961699441,-0.035320038686847965,0.035320038686847965
2023-05-04 12:00:00,2023,5,4,12,8.207069733130204,8.232759829571002,-0.02569009644079756,0.02569009644079756
2023-05-04 18:00:00,2023,5,4,18,5.7268088384260185,5.4485980750299445,0.278210763396074,0.278210763396074
2023-05-05 00:00:00,2023,5,5,0,5.26924703923523,5.380502527713106,-0.11125548847787581,0.11125548847787581
2023-05-05 06:00:00,2023,5,5,6,4.91960614541339,5.195949032373444,-0.2763428869600544,0.2763428869600544
2023-05-05 12:00:00,2023,5,5,12,8.165067699118213,8.145654982235694,0.019412716882518666,0.019412716882518666
2023-05-05 18:00:00,2023,5,5,18,5.109873463030804,5.340993338275414,-0.23111987524460975,0.23111987524460975
2023-05-06 00:00:00,2023,5,6,0,5.438060721041807,5.356843616868935,0.08121710417287176,0.08121710417287176
2023-05-06 06:00:00,2023,5,6,6,5.286381730181297,5.414080248835114,-0.12769851865381643,0.12769851865381643
2023-05-06 12:00:00,2023,5,6,12,8.281489960422306,8.349690086523848,-0.06820012610154258,0.06820012610154258
2023-05-06 18:00:00,2023,5,6,18,5.495350488219579,5.705193864023338,-0.209843375803759,0.209843375803759
2023-05-07 00:00:00,2023,5,7,0,5.144740233642532,5.056874203546695,0.08786603009583693,0.08786603009583693
2023-05-07 06:00:00,2023,5,7,6,5.399467297804368,5.4660051704010995,-0.06653787259673116,0.06653787259673116
2023-05-07 12:00:00,2023,5,7,12,8.225762146083678,8.214907322725576,0.01085482335810184,0.01085482335810184
2023-05-07 18:00:00,2023,5,7,18,5.302808164528755,5.477775063360967,-0.17496689883221261,0.17496689883221261
2023-05-08 00:00:00,2023,5,8,0,5.552339421368324,5.331607939865795,0.2207314815025292,0.2207314815025292
2023-05-08 06:00:00,2023,5,8,6,5.682888472451367,5.564123935113865,0.11876453733750214,0.11876453733750214
2023-05-08 12:00:00,2023,5,8,12,8.091990124321368,8.210040430501438,-0.11805030618006995,0.11805030618006995
2023-05-08 18:00:00,2023,5,8,18,5.408963593170835,5.497661183424322,-0.08869759025348678,0.08869759025348678
2023-05-09 00:00:00,2023,5,9,0,5.826316297740207,5.275888855631283,0.5504274421089237,0.5504274421089237
2023-05-09 06:00:00,2023,5,9,6,5.278702029412879,5.467858253136228,-0.18915622372334884,0.18915622372334884
2023-05-09 12:00:00,2023,5,9,12,8.336309398784806,8.287129709815018,0.049179688969788415,0.049179688969788415
2023-05-09 18:00:00,2023,5,9,18,5.768340235253363,5.8156679817242445,-0.04732774647088167,0.04732774647088167
2023-05-10 00:00:00,2023,5,10,0,4.9516905920340255,4.962969722888751,-0.011279130854725317,0.011279130854725317
2023-05-10 06:00:00,2023,5,10,6,5.792288432231589,5.711046239765508,0.08124219246608089,0.08124219246608089
2023-05-10 12:00:00,2023,5,10,12,9.076880817911537,9.06129117794896,0.01558963996257745,0.01558963996257745
2023-05-10 18:00:00,2023,5,10,18,5.584202059751196,5.649648693132373,-0.06544663338117651,0.06544663338117651
2023-05-11 00:00:00,2023,5,11,0,6.24098103408531,6.0242464068538,0.21673462723151005,0.21673462723151005
2023-05-11 06:00:00,2023,5,11,6,5.180215609655797,5.327995372780353,-0.14777976312455543,0.14777976312455543
2023-05-11 12:00:00,2023,5,11,12,7.864258597126423,8.223259935464815,-0.3590013383383921,0.3590013383383921
2023-05-11 18:00:00,2023,5,11,18,6.401174352448589,6.619060238293831,-0.21788588584524238,0.21788588584524238
2023-05-12 00:00:00,2023,5,12,0,5.724267227133391,5.615343945407545,0.10892328172584609,0.10892328172584609
2023-05-12 06:00:00,2023,5,12,6,5.370996967519885,5.539572463551656,-0.1685754960317709,0.1685754960317709
2023-05-12 12:00:00,2023,5,12,12,7.921489744996118,8.144224435003832,-0.22273469000771318,0.22273469000771318
2023-05-12 18:00:00,2023,5,12,18,5.3081899180021495,5.492101754448353,-0.18391183644620313,0.18391183644620313
2023-05-13 00:00:00,2023,5,13,0,5.283006278377993,5.362947065191763,-0.07994078681377026,0.07994078681377026
2023-05-13 06:00:00,2023,5,13,6,5.38158264623564,5.4909285125233565,-0.10934586628771648,0.10934586628771648
2023-05-13 12:00:00,2023,5,13,12,8.690159801710255,8.820949366867465,-0.13078956515720996,0.13078956515720996
2023-05-13 18:00:00,2023,5,13,18,5.566572945089193,5.427839402295316,0.13873354279387762,0.13873354279387762
2023-05-14 00:00:00,2023,5,14,0,5.075336447601032,5.312267837935249,-0.23693139033421673,0.23693139033421673
2023-05-14 06:00:00,2023,5,14,6,5.814655980394138,5.597035470698817,0.21762050969532076,0.21762050969532076
2023-05-14 12:00:00,2023,5,14,12,8.611118969769207,8.239937700536514,0.371181269232693,0.371181269232693
2023-05-14 18:00:00,2023,5,14,18,5.617666709484811,5.489030881274325,0.12863582821048603,0.12863582821048603
2023-05-15 00:00:00,2023,5,15,0,6.2331074272116815,6.20411045897389,0.02899696823779152,0.02899696823779152
2023-05-15 06:00:00,2023,5,15,6,6.251676127446243,6.075330108718146,0.17634601872809696,0.17634601872809696
2023-05-15 12:00:00,2023,5,15,12,9.02104376602816,8.944198840949992,0.0768449250781682,0.0768449250781682
2023-05-15 18:00:00,2023,5,15,18,6.430180205846539,6.466732939906447,-0.03655273405990833,0.03655273405990833
2023-05-16 00:00:00,2023,5,16,0,5.593066026279042,5.537081922672803,0.05598410360623962,0.05598410360623962
2023-05-16 06:00:00,2023,5,16,6,6.719888351732793,6.639100032790767,0.08078831894202576,0.08078831894202576
2023-05-16 12:00:00,2023,5,16,12,8.843537768844351,8.724200837221632,0.11933693162271908,0.11933693162271908
2023-05-16 18:00:00,2023,5,16,18,5.607223832305595,5.637075798689142,-0.02985196638354637,0.02985196638354637
2023-05-17 00:00:00,2023,5,17,0,6.135700995135897,6.034344350788067,0.1013566443478302,0.1013566443478302
2023-05-17 06:00:00,2023,5,17,6,5.781796700245625,5.687000977352292,0.09479572289333316,0.09479572289333316
2023-05-17 12:00:00,2023,5,17,12,8.187575623164507,8.1866498071875,0.0009258159770073604,0.0009258159770073604
2023-05-17 18:00:00,2023,5,17,18,5.5351720662590544,5.418956536427757,0.11621552983129746,0.11621552983129746
2023-05-18 00:00:00,2023,5,18,0,4.911380132134237,5.0342294279228295,-0.12284929578859227,0.12284929578859227
2023-05-18 06:00:00,2023,5,18,6,6.213651897210212,6.216674335836439,-0.0030224386262265313,0.0030224386262265313
2023-05-18 12:00:00,2023,5,18,12,9.018781682364237,8.859091995334344,0.15968968702989272,0.15968968702989272
2023-05-18 18:00:00,2023,5,18,18,5.35460447787242,5.278197023680559,0.07640745419186068,0.07640745419186068
2023-05-19 00:00:00,2023,5,19,0,5.5470530031450656,5.946194768658305,-0.39914176551323965,0.39914176551323965
2023-05-19 06:00:00,2023,5,19,6,6.36335209601755,6.350464313182579,0.012887782834971162,0.012887782834971162
2023-05-19 12:00:00,2023,5,19,12,8.01164147214177,8.186403831691377,-0.17476235954960728,0.17476235954960728
2023-05-19 18:00:00,2023,5,19,18,5.844301727659556,5.501960615455907,0.34234111220364927,0.34234111220364927
2023-05-20 00:00:00,2023,5,20,0,4.8747588403417055,5.114905934744011,-0.24014709440230586,0.24014709440230586
2023-05-20 06:00:00,2023,5,20,6,5.536928527632462,5.646480779823104,-0.10955225219064246,0.10955225219064246
2023-05-20 12:00:00,2023,5,20,12,8.236803612372663,8.196213873965457,0.040589738407206255,0.040589738407206255
2023-05-20 18:00:00,2023,5,20,18,5.439067845050797,5.392098454487601,0.04696939056319582,0.04696939056319582
2023-05-21 00:00:00,2023,5,21,0,5.363067383026387,5.364245274919987,-0.0011778918936000693,0.0011778918936000693
2023-05-21 06:00:00,2023,5,21,6,6.664940079539999,6.398799393133675,0.2661406864063238,0.2661406864063238
2023-05-21 12:00:00,2023,5,21,12,8.504879519941595,8.284035293068758,0.22084422687283656,0.22084422687283656
2023-05-21 18:00:00,2023,5,21,18,5.678476151285769,5.533844855646971,0.1446312956387974,0.1446312956387974
2023-05-22 00:00:00,2023,5,22,0,5.856624077949583,6.30959442832958,-0.45297035037999756,0.45297035037999756
2023-05-22 06:00:00,2023,5,22,6,6.146994368555479,6.266624430850197,-0.11963006229471773,0.11963006229471773
2023-05-22 12:00:00,2023,5,22,12,8.616047188886501,8.501222256661409,0.11482493222509227,0.11482493222509227
2023-05-22 18:00:00,2023,5,22,18,5.664146617948235,5.587347772402382,0.07679884554585303,0.07679884554585303
2023-05-23 00:00:00,2023,5,23,0,5.40403730786617,5.309266042051633,0.09477126581453632,0.09477126581453632
2023-05-23 06:00:00,2023,5,23,6,5.640243965230843,5.629479586799003,0.010764378431839638,0.010764378431839638
2023-05-23 12:00:00,2023,5,23,12,8.17115256271469,8.202419808434266,-0.03126724571957595,0.03126724571957595
2023-05-23 18:00:00,2023,5,23,18,5.084134525695191,5.275873969818518,-0.19173944412332666,0.19173944412332666
2023-05-24 00:00:00,2023,5,24,0,6.013888008662342,5.912503485043987,0.10138452361835437,0.10138452361835437
2023-05-24 06:00:00,2023,5,24,6,5.292922061716513,5.401417938445545,-0.10849587672903205,0.10849587672903205
2023-05-24 12:00:00,2023,5,24,12,8.985952390290095,9.111942300721173,-0.12598991043107866,0.12598991043107866
2023-05-24 18:00:00,2023,5,24,18,5.409454889576714,5.457619079701045,-0.04816419012433126,0.04816419012433126
2023-05-25 00:00:00,2023,5,25,0,5.0580402729649485,5.059647298294531,-0.0016070253295827897,0.0016070253295827897
2023-05-25 06:00:00,2023,5,25,6,5.802314140165183,6.21855345262006,-0.4162393124548762,0.4162393124548762
2023-05-25 12:00:00,2023,5,25,12,9.030518547891996,8.849616204438576,0.18090234345342004,0.18090234345342004
2023-05-25 18:00:00,2023,5,25,18,6.44895964873807,6.234626292001422,0.2143333567366481,0.2143333567366481
2023-05-26 00:00:00,2023,5,26,0,5.383561926116437,5.393664388805161,-0.010102462688723612,0.010102462688723612
2023-05-26 06:00:00,2023,5,26,6,6.489767358909065,6.4481249765937525,0.041642382315312254,0.041642382315312254
2023-05-26 12:00:00,2023,5,26,12,8.117777633782655,8.013229806318982,0.10454782746367286,0.10454782746367286
2023-05-26 18:00:00,2023,5,26,18,5.4043105959579725,5.4535766563342225,-0.04926606037625003,0.04926606037625003
2023-05-27 00:00:00,2023,5,27,0,5.073412337340359,5.037192751600669,0.03621958573968964,0.03621958573968964
2023-05-27 06:00:00,2023,5,27,6,6.083646202344696,6.120819293278232,-0.03717309093353549,0.03717309093353549
2023-05-27 12:00:00,2023,5,27,12,8.96154133076359,8.84117980666637,0.12036152409721979,0.12036152409721979
2023-05-27 18:00:00,2023,5,27,18,5.211016180021636,5.075701116083197,0.13531506393843884,0.13531506393843884
2023-05-28 00:00:00,2023,5,28,0,5.91692610548349,5.6107360285334416,0.3061900769500481,0.3061900769500481
2023-05-28 06:00:00,2023,5,28,6,5.472658846683316,5.5658432253927845,-0.09318437870946816,0.09318437870946816
2023-05-28 12:00:00,2023,5,28,12,8.468923946212804,8.180210439077307,0.2887135071354976,0.2887135071354976
2023-05-28 18:00:00,2023,5,28,18,6.117883171208197,6.291268402509745,-0.17338523130154826,0.17338523130154826
2023-05-29 00:00:00,2023,5,29,0,5.679968661160051,5.298127366984721,0.38184129417532997,0.38184129417532997
2023-05-29 06:00:00,2023,5,29,6,5.455970357776373,5.356977777407383,0.09899258036899017,0.09899258036899017
2023-05-29 12:00:00,2023,5,29,12,8.222989910590734,8.103497686217917,0.11949222437281648,0.11949222437281648
2023-05-29 18:00:00,2023,5,29,18,5.491099226858123,5.357829780995713,0.13326944586240952,0.13326944586240952
2023-05-30 00:00:00,2023,5,30,0,5.86071115666073,5.5777812565749105,0.2829299000858194,0.2829299000858194
2023-05-30 06:00:00,2023,5,30,6,5.688129483474564,5.934600699858579,-0.24647121638401437,0.24647121638401437
2023-05-30 12:00:00,2023,5,30,12,8.158659083975547,8.187308174936577,-0.02864909096103041,0.02864909096103041
2023-05-30 18:00:00,2023,5,30,18,5.498034015772563,5.145113071049554,0.3529209447230093,0.3529209447230093
2023-05-31 00:00:00,2023,5,31,0,5.777302839108953,5.664646135093443,0.11265670401550931,0.11265670401550931
2023-05-31 06:00:00,2023,5,31,6,5.396256426300919,5.195817886285091,0.20043854001582861,0.20043854001582861
2023-05-31 12:00:00,2023,5,31,12,8.438943393938025,8.222647051459706,0.2162963424783193,0.2162963424783193
2023-05-31 18:00:00,2023,5,31,18,5.36355237760207,5.3222146417135265,0.04133773588854339,0.04133773588854339
2023-06-01 00:00:00,2023,6,1,0,5.198072269696272,5.243836328410496,-0.04576405871422384,0.04576405871422384
2023-06-01 06:00:00,2023,6,1,6,5.359439030843784,5.229787430916123,0.1296515999276604,0.1296515999276604
2023-06-01 12:00:00,2023,6,1,12,8.87390707022803,8.840632795147393,0.03327427508063785,0.03327427508063785
2023-06-01 18:00:00,2023,6,1,18,5.907172872307755,5.9743541736114265,-0.0671813013036715,0.0671813013036715
2023-06-02 00:00:00,2023,6,2,0,4.944259899749478,4.841736394874057,0.10252350487542117,0.10252350487542117
2023-06-02 06:00:00,2023,6,2,6,5.274635097883615,5.257900388921696,0.016734708961918976,0.016734708961918976
2023-06-02 12:00:00,2023,6,2,12,8.035004241581113,7.954944801600225,0.08005943998088849,0.08005943998088849
2023-06-02 18:00:00,2023,6,2,18,5.509509535912113,5.386257547416227,0.1232519884958867,0.1232519884958867
2023-06-03 00:00:00,2023,6,3,0,5.19340171628449,4.935196787672314,0.2582049286121757,0.2582049286121757
2023-06-03 06:00:00,2023,6,3,6,6.085050134685447,6.091955686005234,-0.006905551319787762,0.006905551319787762
2023-06-03 12:00:00,2023,6,3,12,7.921727373616322,8.089229768461502,-0.16750239484518037,0.16750239484518037
2023-06-03 18:00:00,2023,6,3,18,5.402577246485678,5.323311882817399,0.07926536366827897,0.07926536366827897
2023-06-04 00:00:00,2023,6,4,0,5.636708554684044,5.794502366681717,-0.1577938119976725,0.1577938119976725
2023-06-04 06:00:00,2023,6,4,6,6.056179010736217,5.845463751519315,0.2107152592169017,0.2107152592169017
2023-06-04 12:00:00,2023,6,4,12,8.317022866189278,8.372540303355928,-0.055517437166649586,0.055517437166649586
2023-06-04 18:00:00,2023,6,4,18,5.393053931356898,5.259851454303835,0.13320247705306354,0.13320247705306354
2023-06-05 00:00:00,2023,6,5,0,5.150249228221181,4.969822513881978,0.18042671433920354,0.18042671433920354
2023-06-05 06:00:00,2023,6,5,6,5.344161211251854,5.033850381150141,0.310310830101713,0.310310830101713
2023-06-05 12:00:00,2023,6,5,12,8.413742558504191,8.582939838487844,-0.16919727998365275,0.16919727998365275
2023-06-05 18:00:00,2023,6,5,18,5.588258670500974,5.486480020343649,0.10177865015732479,0.10177865015732479
2023-06-06 00:00:00,2023,6,6,0,5.327306839282637,5.146655104297761,0.18065173498487663,0.18065173498487663
2023-06-06 06:00:00,2023,6,6,6,5.217852617033436,5.301457932545157,-0.08360531551172112,0.08360531551172112
2023-06-06 12:00:00,2023,6,6,12,7.639533307268228,7.955885488611553,-0.31635218134332543,0.31635218134332543
2023-06-06 18:00:00,2023,6,6,18,5.463687945900411,5.252615749545099,0.21107219635531127,0.21107219635531127
2023-06-07 00:00:00,2023,6,7,0,4.922292377531647,4.981226819548349,-0.05893444201670128,0.05893444201670128
2023-06-07 06:00:00,2023,6,7,6,5.30336793712823,5.156103328630644,0.1472646084975855,0.1472646084975855
2023-06-07 12:00:00,2023,6,7,12,8.600212951360207,8.661883129220662,-0.0616701778604547,0.0616701778604547
2023-06-07 18:00:00,2023,6,7,18,5.749796360910508,5.840123790236485,-0.0903274293259777,0.0903274293259777
2023-06-08 00:00:00,2023,6,8,0,5.433325132182067,5.529396205082167,-0.09607107290009953,0.09607107290009953
2023-06-08 06:00:00,2023,6,8,6,5.76923646452578,5.78222513135531,-0.01298866682953026,0.01298866682953026
2023-06-08 12:00:00,2023,6,8,12,8.313403033775966,8.23922317118611,0.07417986258985643,0.07417986258985643
2023-06-08 18:00:00,2023,6,8,18,5.255821363377814,5.10979658967472,0.1460247737030942,0.1460247737030942
2023-06-09 00:00:00,2023,6,9,0,4.709429917430939,4.629847132895658,0.07958278453528145,0.07958278453528145
2023-06-09 06:00:00,2023,6,9,6,6.178459164681978,5.966975610112252,0.21148355456972645,0.21148355456972645
2023-06-09 12:00:00,2023,6,9,12,7.751206818767797,8.012171496705168,-0.26096467793737066,0.26096467793737066
2023-06-09 18:00:00,2023,6,9,18,5.162661269215146,5.212942667333364,-0.050281398118217524,0.050281398118217524
2023-06-10 00:00:00,2023,6,10,0,5.288285062546912,5.051761880249572,0.23652318229733993,0.23652318229733993
2023-06-10 06:00:00,2023,6,10,6,5.918382104328535,5.889434798151947,0.028947306176588583,0.028947306176588583
2023-06-10 12:00:00,2023,6,10,12,7.9988581485949295,7.934625544326244,0.06423260426868538,0.06423260426868538
2023-06-10 18:00:00,2023,6,10,18,5.149742366307487,5.251446480845385,-0.10170411453789807,0.10170411453789807
2023-06-11 00:00:00,2023,6,11,0,4.497283181434191,4.660094820440409,-0.1628116390062182,0.1628116390062182
2023-06-11 06:00:00,2023,6,11,6,5.432578233084773,5.70905415915052,-0.2764759260657472,0.2764759260657472
2023-06-11 12:00:00,2023,6,11,12,7.719815063450291,7.573320732071727,0.14649433137856427,0.14649433137856427
2023-06-11 18:00:00,2023,6,11,18,4.675096308640683,4.824988783282132,-0.14989247464144917,0.14989247464144917
2023-06-12 00:00:00,2023,6,12,0,5.533399003161892,5.579669043776072,-0.046270040614179386,0.046270040614179386
2023-06-12 06:00:00,2023,6,12,6,5.589899073575194,5.289545407431873,0.30035366614332126,0.30035366614332126
2023-06-12 12:00:00,2023,6,12,12,7.621203859893217,7.799669208609249,-0.17846534871603215,0.17846534871603215
2023-06-12 18:00:00,2023,6,12,18,5.6913036217891,5.570989619278474,0.12031400251062596,0.12031400251062596
2023-06-13 00:00:00,2023,6,13,0,5.056937750053461,5.256584243961652,-0.19964649390819122,0.19964649390819122
2023-06-13 06:00:00,2023,6,13,6,5.6131000185491375,5.690111971140942,-0.07701195259180427,0.07701195259180427
2023-06-13 12:00:00,2023,6,13,12,7.422597974695395,7.703413622532832,-0.2808156478374366,0.2808156478374366
2023-06-13 18:00:00,2023,6,13,18,5.512462793407734,5.631618912498907,-0.11915611909117274,0.11915611909117274
2023-06-14 00:00:00,2023,6,14,0,5.341862791561892,5.509298625150085,-0.16743583358819247,0.16743583358819247
2023-06-14 06:00:00,2023,6,14,6,5.73628614460324,5.864435375070707,-0.12814923046746696,0.12814923046746696
2023-06-14 12:00:00,2023,6,14,12,7.626864732793502,7.902871238890651,-0.27600650609714883,0.27600650609714883
2023-06-14 18:00:00,2023,6,14,18,4.939903712971292,5.037874040301693,-0.09797032733040112,0.09797032733040112
2023-06-15 00:00:00,2023,6,15,0,5.33631404577883,5.47705658203956,-0.14074253626072952,0.14074253626072952
2023-06-15 06:00:00,2023,6,15,6,6.164347436462292,5.8022051379324635,0.3621422985298288,0.3621422985298288
2023-06-15 12:00:00,2023,6,15,12,8.26161459831357,8.277475758237063,-0.015861159923494128,0.015861159923494128
2023-06-15 18:00:00,2023,6,15,18,5.647352203334557,5.814473701952853,-0.16712149861829584,0.16712149861829584
2023-06-16 00:00:00,2023,6,16,0,4.783474669510258,5.055167568667049,-0.2716928991567915,0.2716928991567915
2023-06-16 06:00:00,2023,6,16,6,5.164090174678131,5.318908222396004,-0.1548180477178729,0.1548180477178729
2023-06-16 12:00:00,2023,6,16,12,8.047909891158666,7.721387988169573,0.3265219029890929,0.3265219029890929
2023-06-16 18:00:00,2023,6,16,18,4.865881637619578,4.74563999647276,0.12024164114681835,0.12024164114681835
2023-06-17 00:00:00,2023,6,17,0,5.200200995925471,5.11597663951548,0.08422435640999026,0.08422435640999026
2023-06-17 06:00:00,2023,6,17,6,4.789873704757107,4.920144350945936,-0.130270646188829,0.130270646188829
2023-06-17 12:00:00,2023,6,17,12,7.676489965278064,7.741044957052974,-0.06455499177491042,0.06455499177491042
2023-06-17 18:00:00,2023,6,17,18,5.468174378480601,5.705005510875723,-0.236831132395122,0.236831132395122
2023-06-18 00:00:00,2023,6,18,0,4.695057632097522,4.581353220799703,0.11370441129781916,0.11370441129781916
2023-06-18 06:00:00,2023,6,18,6,4.78565957374331,4.90144944170187,-0.1157898679585605,0.1157898679585605
2023-06-18 12:00:00,2023,6,18,12,7.6324932729652595,7.671067576074138,-0.038574303108878105,0.038574303108878105
2023-06-18 18:00:00,2023,6,18,18,4.892180714719813,4.960064442338792,-0.06788372761897943,0.06788372761897943
2023-06-19 00:00:00,2023,6,19,0,5.344621431271474,5.479491793702248,-0.13487036243077455,0.13487036243077455
2023-06-19 06:00:00,2023,6,19,6,5.612912675982598,5.801323462684818,-0.18841078670222,0.18841078670222
2023-06-19 12:00:00,2023,6,19,12,8.127366216429792,8.15366398606103,-0.02629776963123831,0.02629776963123831
2023-06-19 18:00:00,2023,6,19,18,4.582409279947123,4.806707940485842,-0.22429866053871894,0.22429866053871894
2023-06-20 00:00:00,2023,6,20,0,4.57103681636045,4.646366550519248,-0.07532973415879862,0.07532973415879862
2023-06-20 06:00:00,2023,6,20,6,4.844132918543313,4.77287184924117,0.07126106930214249,0.07126106930214249
2023-06-20 12:00:00,2023,6,20,12,7.654131867877036,7.463124533963352,0.1910073339136833,0.1910073339136833
2023-06-20 18:00:00,2023,6,20,18,4.566580113620127,4.640421998416544,-0.07384188479641729,0.07384188479641729
2023-06-21 00:00:00,2023,6,21,0,5.209908373677814,4.807485307769566,0.4024230659082475,0.4024230659082475
2023-06-21 06:00:00,2023,6,21,6,5.591676958366879,5.623885520730637,-0.03220856236375802,0.03220856236375802
2023-06-21 12:00:00,2023,6,21,12,8.408338499369233,8.400239403396734,0.008099095972498915,0.008099095972498915
2023-06-21 18:00:00,2023,6,21,18,5.003139307543957,5.257169073833993,-0.25402976629003593,0.25402976629003593
2023-06-22 00:00:00,2023,6,22,0,5.03692950100946,5.116009611445875,-0.07908011043641494,0.07908011043641494
2023-06-22 06:00:00,2023,6,22,6,5.74507275754627,5.509372547610386,0.23570020993588336,0.23570020993588336
2023-06-22 12:00:00,2023,6,22,12,7.77465729741488,7.7256237188776336,0.049033578537246214,0.049033578537246214
2023-06-22 18:00:00,2023,6,22,18,5.095403079495393,5.055153082245517,0.04024999724987577,0.04024999724987577
2023-06-23 00:00:00,2023,6,23,0,5.09544388825757,5.082037410028398,0.013406478229172514,0.013406478229172514
2023-06-23 06:00:00,2023,6,23,6,4.632994809728104,4.6870035549812465,-0.054008745253142365,0.054008745253142365
2023-06-23 12:00:00,2023,6,23,12,7.518631356346078,7.5872500026743115,-0.06861864632823345,0.06861864632823345
2023-06-23 18:00:00,2023,6,23,18,5.247583734681292,5.185097954248795,0.06248578043249697,0.06248578043249697
2023-06-24 00:00:00,2023,6,24,0,5.3964805771326745,5.331717162110546,0.06476341502212879,0.06476341502212879
2023-06-24 06:00:00,2023,6,24,6,5.0348889323897845,4.860915136674607,0.17397379571517746,0.17397379571517746
2023-06-24 12:00:00,2023,6,24,12,7.545276369530501,7.513473341252039,0.031803028278461376,0.031803028278461376
2023-06-24 18:00:00,2023,6,24,18,5.409413597176623,5.515477236192321,-0.10606363901569882,0.10606363901569882
2023-06-25 00:00:00,2023,6,25,0,4.650189688918633,4.723946716771903,-0.07375702785326954,0.07375702785326954
2023-06-25 06:00:00,2023,6,25,6,5.820628735500055,5.53678366074648,0.28384507475357434,0.28384507475357434
2023-06-25 12:00:00,2023,6,25,12,8.167087795471106,8.134094363092768,0.03299343237833874,0.03299343237833874
2023-06-25 18:00:00,2023,6,25,18,5.454783845773241,5.391520855195433,0.06326299057780815,0.06326299057780815
2023-06-26 00:00:00,2023,6,26,0,4.414570993150636,4.465959239589418,-0.05138824643878248,0.05138824643878248
2023-06-26 06:00:00,2023,6,26,6,5.296070269088386,5.353889415774635,-0.05781914668624921,0.05781914668624921
2023-06-26 12:00:00,2023,6,26,12,8.127153011438716,8.00605543872668,0.1210975727120367,0.1210975727120367
2023-06-26 18:00:00,2023,6,26,18,5.542950134346114,5.481950434941998,0.06099969940411576,0.06099969940411576
2023-06-27 00:00:00,2023,6,27,0,4.6985289562321295,4.638497949707973,0.060031006524156716,0.060031006524156716
2023-06-27 06:00:00,2023,6,27,6,4.716807497324709,4.745086011677655,-0.02827851435294626,0.02827851435294626
2023-06-27 12:00:00,2023,6,27,12,7.480433585032539,7.653529746407983,-0.1730961613754438,0.1730961613754438
2023-06-27 18:00:00,2023,6,27,18,5.239836707512056,5.179472232109518,0.06036447540253853,0.06036447540253853
2023-06-28 00:00:00,2023,6,28,0,5.076381987989597,5.159356189727156,-0.08297420173755832,0.08297420173755832
2023-06-28 06:00:00,2023,6,28,6,4.707752982898728,4.834460075452373,-0.12670709255364532,0.12670709255364532
2023-06-28 12:00:00,2023,6,28,12,7.968671265204077,8.02484901361401,-0.05617774840993217,0.05617774840993217
2023-06-28 18:00:00,2023,6,28,18,4.767530822250201,4.915790503940625,-0.14825968169042358,0.14825968169042358
2023-06-29 00:00:00,2023,6,29,0,4.874889465681329,5.21603399677444,-0.3411445310931116,0.3411445310931116
2023-06-29 06:00:00,2023,6,29,6,5.527693848439932,5.273078150074793,0.2546156983651384,0.2546156983651384
2023-06-29 12:00:00,2023,6,29,12,7.741291501460616,7.904022904177538,-0.162731402716922,0.162731402716922
2023-06-29 18:00:00,2023,6,29,18,4.741569447926579,4.89343405287748,-0.1518646049509016,0.1518646049509016
2023-06-30 00:00:00,2023,6,30,0,4.469248306033776,4.569052739332705,-0.09980443329892896,0.09980443329892896
2023-06-30 06:00:00,2023,6,30,6,5.030499660181177,4.876197134516562,0.15430252566461533,0.15430252566461533
2023-06-30 12:00:00,2023,6,30,12,7.290429552877475,7.165134359264835,0.12529519361264008,0.12529519361264008
2023-06-30 18:00:00,2023,6,30,18,5.232804958322356,4.92911573935618,0.3036892189661762,0.3036892189661762
2023-07-01 00:00:00,2023,7,1,0,4.907496445953639,4.673781699379657,0.23371474657398217,0.23371474657398217
2023-07-01 06:00:00,2023,7,1,6,4.425020239663222,4.594299738142245,-0.1692794984790229,0.1692794984790229
2023-07-01 12:00:00,2023,7,1,12,7.316995322607293,7.447101169354077,-0.13010584674678416,0.13010584674678416
2023-07-01 18:00:00,2023,7,1,18,5.152498883161329,5.360295396316287,-0.20779651315495773,0.20779651315495773
2023-07-02 00:00:00,2023,7,2,0,4.486514780029792,4.647186942281479,-0.16067216225168668,0.16067216225168668
2023-07-02 06:00:00,2023,7,2,6,5.416553563001835,5.301491660764128,0.11506190223770663,0.11506190223770663
2023-07-02 12:00:00,2023,7,2,12,7.938359710524989,8.253756676212072,-0.315396965687083,0.315396965687083
2023-07-02 18:00:00,2023,7,2,18,5.27928689781548,5.4378503702206595,-0.15856347240517987,0.15856347240517987
2023-07-03 00:00:00,2023,7,3,0,4.871249420733353,5.1145299292148225,-0.24328050848146976,0.24328050848146976
2023-07-03 06:00:00,2023,7,3,6,4.792441238739446,4.825550920812096,-0.03310968207264953,0.03310968207264953
2023-07-03 12:00:00,2023,7,3,12,7.521683058042012,7.3903202745805,0.13136278346151276,0.13136278346151276
2023-07-03 18:00:00,2023,7,3,18,4.511990832878279,4.811204838967759,-0.2992140060894801,0.2992140060894801
2023-07-04 00:00:00,2023,7,4,0,4.468763061772808,4.566910238380947,-0.09814717660813876,0.09814717660813876
2023-07-04 06:00:00,2023,7,4,6,4.956171303867467,5.016578097964261,-0.06040679409679406,0.06040679409679406
2023-07-04 12:00:00,2023,7,4,12,7.587322364081586,7.5387862688869065,0.04853609519467916,0.04853609519467916
2023-07-04 18:00:00,2023,7,4,18,4.937275311625861,4.939569727281047,-0.002294415655185844,0.002294415655185844
2023-07-05 00:00:00,2023,7,5,0,4.3419969573567005,4.7791427958163135,-0.43714583845961297,0.43714583845961297
2023-07-05 06:00:00,2023,7,5,6,5.255678378565819,5.34820933614711,-0.09253095758129071,0.09253095758129071
2023-07-05 12:00:00,2023,7,5,12,8.166242327809677,8.029401322878217,0.13684100493146012,0.13684100493146012
2023-07-05 18:00:00,2023,7,5,18,4.644147641887197,4.794923928409922,-0.15077628652272512,0.15077628652272512
2023-07-06 00:00:00,2023,7,6,0,4.565031116508345,4.630383738930159,-0.06535262242181439,0.06535262242181439
2023-07-06 06:00:00,2023,7,6,6,4.557677610636406,4.758572960483162,-0.20089534984675606,0.20089534984675606
2023-07-06 12:00:00,2023,7,6,12,7.7784271795993245,7.325924355310394,0.4525028242889304,0.4525028242889304
2023-07-06 18:00:00,2023,7,6,18,5.343926062676284,5.348057265092792,-0.004131202416507662,0.004131202416507662
2023-07-07 00:00:00,2023,7,7,0,5.161517822196928,5.4177955489843574,-0.2562777267874292,0.2562777267874292
2023-07-07 06:00:00,2023,7,7,6,5.56228937379646,5.250385727095332,0.31190364670112825,0.31190364670112825
2023-07-07 12:00:00,2023,7,7,12,8.012083711166142,8.22938329399789,-0.21729958283174788,0.21729958283174788
2023-07-07 18:00:00,2023,7,7,18,4.70239649091528,4.750043856878381,-0.04764736596310115,0.04764736596310115
2023-07-08 00:00:00,2023,7,8,0,4.584633188723162,4.530872859878964,0.05376032884419768,0.05376032884419768
2023-07-08 06:00:00,2023,7,8,6,4.69163522739892,4.71874594649708,-0.027110719098160097,0.027110719098160097
2023-07-08 12:00:00,2023,7,8,12,7.284896878886282,7.177617592893822,0.10727928599246006,0.10727928599246006
2023-07-08 18:00:00,2023,7,8,18,5.431190640669673,5.258511367309389,0.1726792733602842,0.1726792733602842
2023-07-09 00:00:00,2023,7,9,0,5.100187815230729,5.132841690750814,-0.032653875520084696,0.032653875520084696
2023-07-09 06:00:00,2023,7,9,6,5.79252585388861,5.556036313522223,0.23648954036638692,0.23648954036638692
2023-07-09 12:00:00,2023,7,9,12,7.550881442070966,7.609201636884436,-0.058320194813470394,0.058320194813470394
2023-07-09 18:00:00,2023,7,9,18,4.888939918437039,4.843260072483955,0.045679845953084275,0.045679845953084275
2023-07-10 00:00:00,2023,7,10,0,4.878770380777256,5.082582292629665,-0.20381191185240866,0.20381191185240866
2023-07-10 06:00:00,2023,7,10,6,5.188443434702919,5.183961513946787,0.004481920756131963,0.004481920756131963
2023-07-10 12:00:00,2023,7,10,12,7.559268636878849,7.2228798725281145,0.33638876435073417,0.33638876435073417
2023-07-10 18:00:00,2023,7,10,18,5.153857108366935,5.273621252418631,-0.11976414405169589,0.11976414405169589
2023-07-11 00:00:00,2023,7,11,0,5.439649046382241,5.3054344955985,0.13421455078374134,0.13421455078374134
2023-07-11 06:00:00,2023,7,11,6,5.224733934556478,5.250726764321923,-0.025992829765445258,0.025992829765445258
2023-07-11 12:00:00,2023,7,11,12,7.736699458488739,7.840446606418361,-0.1037471479296217,0.1037471479296217
2023-07-11 18:00:00,2023,7,11,18,4.839323958769488,4.73581668730909,0.10350727146039773,0.10350727146039773
2023-07-12 00:00:00,2023,7,12,0,4.57772408760351,4.677939484964995,-0.10021539736148455,0.10021539736148455
2023-07-12 06:00:00,2023,7,12,6,5.555416311435834,5.300018913376763,0.25539739805907047,0.25539739805907047
2023-07-12 12:00:00,2023,7,12,12,7.940559501046802,7.773043650060146,0.1675158509866561,0.1675158509866561
2023-07-12 18:00:00,2023,7,12,18,4.929218104324762,5.007076287138344,-0.07785818281358203,0.07785818281358203
2023-07-13 00:00:00,2023,7,13,0,5.477291431327061,5.400567921782476,0.07672350954458551,0.07672350954458551
2023-07-13 06:00:00,2023,7,13,6,5.384172970135531,5.340767473273814,0.04340549686171702,0.04340549686171702
2023-07-13 12:00:00,2023,7,13,12,7.949350127886196,8.076450288587738,-0.1271001607015423,0.1271001607015423
2023-07-13 18:00:00,2023,7,13,18,5.907063593012987,5.907675003864114,-0.0006114108511265925,0.0006114108511265925
2023-07-14 00:00:00,2023,7,14,0,5.144596403242409,5.226286472045506,-0.0816900688030966,0.0816900688030966
2023-07-14 06:00:00,2023,7,14,6,5.0971493903078695,4.925953397625999,0.1711959926818709,0.1711959926818709
2023-07-14 12:00:00,2023,7,14,12,8.068104857954111,8.234165551725686,-0.16606069377157517,0.16606069377157517
2023-07-14 18:00:00,2023,7,14,18,5.744065054816161,5.4802691813791435,0.2637958734370178,0.2637958734370178
2023-07-15 00:00:00,2023,7,15,0,4.724302391041932,4.9337839096957286,-0.2094815186537966,0.2094815186537966
2023-07-15 06:00:00,2023,7,15,6,5.068338628751483,4.944615089348993,0.12372353940248981,0.12372353940248981
2023-07-15 12:00:00,2023,7,15,12,7.474061596193526,7.422040084446526,0.052021511747000204,0.052021511747000204
2023-07-15 18:00:00,2023,7,15,18,4.946495986487009,5.173685500197765,-0.2271895137107558,0.2271895137107558
2023-07-16 00:00:00,2023,7,16,0,4.596920717290109,5.170561662250286,-0.5736409449601769,0.5736409449601769
2023-07-16 06:00:00,2023,7,16,6,5.305855276490088,5.184185944290613,0.12166933219947484,0.12166933219947484
2023-07-16 12:00:00,2023,7,16,12,8.163197607997255,8.21805191300973,-0.05485430501247457,0.05485430501247457
2023-07-16 18:00:00,2023,7,16,18,5.85757976734954,5.6132148944917635,0.2443648728577763,0.2443648728577763
2023-07-17 00:00:00,2023,7,17,0,5.06934849498956,5.151242443679874,-0.08189394869031386,0.08189394869031386
2023-07-17 06:00:00,2023,7,17,6,5.468745224863035,5.485531031733375,-0.016785806870339925,0.016785806870339925
2023-07-17 12:00:00,2023,7,17,12,8.228621642763608,8.081130035130682,0.1474916076329258,0.1474916076329258
2023-07-17 18:00:00,2023,7,17,18,4.94684256714406,5.016581045830686,-0.06973847868662642,0.06973847868662642
2023-07-18 00:00:00,2023,7,18,0,5.5896849938467685,5.471707277323001,0.1179777165237672,0.1179777165237672
2023-07-18 06:00:00,2023,7,18,6,5.231202653683136,5.3246926372229435,-0.09348998353980775,0.09348998353980775
2023-07-18 12:00:00,2023,7,18,12,7.798606866958554,8.07385389821975,-0.27524703126119654,0.27524703126119654
2023-07-18 18:00:00,2023,7,18,18,5.189063111844293,5.379813953946268,-0.19075084210197524,0.19075084210197524
2023-07-19 00:00:00,2023,7,19,0,5.254613717024342,5.395758557467568,-0.14114484044322584,0.14114484044322584
2023-07-19 06:00:00,2023,7,19,6,6.125805401605705,5.7830696251989355,0.34273577640676933,0.34273577640676933
2023-07-19 12:00:00,2023,7,19,12,7.72426531475122,7.749441194885554,-0.02517588013433425,0.02517588013433425
2023-07-19 18:00:00,2023,7,19,18,5.2880386090176525,5.168104574190401,0.11993403482725196,0.11993403482725196
2023-07-20 00:00:00,2023,7,20,0,4.903874618202204,5.049180639191087,-0.14530602098888323,0.14530602098888323
2023-07-20 06:00:00,2023,7,20,6,5.340527602996478,5.5577164457760455,-0.21718884277956718,0.21718884277956718
2023-07-20 12:00:00,2023,7,20,12,8.08215683035946,7.858658438827935,0.22349839153152562,0.22349839153152562
2023-07-20 18:00:00,2023,7,20,18,5.3929604131459765,5.493596144544171,-0.10063573139819404,0.10063573139819404
2023-07-21 00:00:00,2023,7,21,0,5.581619126469014,5.611030830956329,-0.029411704487315227,0.029411704487315227
2023-07-21 06:00:00,2023,7,21,6,5.672265085198042,5.658201605590372,0.014063479607670182,0.014063479607670182
2023-07-21 12:00:00,2023,7,21,12,8.266526453369112,8.29746307047747,-0.030936617108357822,0.030936617108357822
2023-07-21 18:00:00,2023,7,21,18,5.070509754082802,5.266562205359824,-0.19605245127702187,0.19605245127702187
2023-07-22 00:00:00,2023,7,22,0,5.348856958256726,5.175282384568228,0.17357457368849794,0.17357457368849794
2023-07-22 06:00:00,2023,7,22,6,5.245627686340202,5.379797938991583,-0.13417025265138083,0.13417025265138083
2023-07-22 12:00:00,2023,7,22,12,7.783028630108904,7.9276696109000975,-0.14464098079119392,0.14464098079119392
2023-07-22 18:00:00,2023,7,22,18,5.352745360556884,5.199868480378447,0.1528768801784377,0.1528768801784377
2023-07-23 00:00:00,2023,7,23,0,5.534792280230595,5.412340344746778,0.1224519354838165,0.1224519354838165
2023-07-23 06:00:00,2023,7,23,6,5.27144259226954,5.291224843154334,-0.019782250884794017,0.019782250884794017
2023-07-23 12:00:00,2023,7,23,12,7.85821709572583,7.888013900475446,-0.029796804749616435,0.029796804749616435
2023-07-23 18:00:00,2023,7,23,18,5.282573742977663,5.358521163488354,-0.07594742051069137,0.07594742051069137
2023-07-24 00:00:00,2023,7,24,0,5.6516289355867,5.320292335522118,0.3313366000645823,0.3313366000645823
2023-07-24 06:00:00,2023,7,24,6,5.757790460380595,5.799187158699242,-0.04139669831864712,0.04139669831864712
2023-07-24 12:00:00,2023,7,24,12,7.507112477094827,7.7243529827013235,-0.21724050560649655,0.21724050560649655
2023-07-24 18:00:00,2023,7,24,18,5.5444386919864295,5.595402228071184,-0.05096353608475468,0.05096353608475468
2023-07-25 00:00:00,2023,7,25,0,5.5151377014343375,5.499235843730944,0.01590185770339314,0.01590185770339314
2023-07-25 06:00:00,2023,7,25,6,6.029228387758202,5.900546512762952,0.12868187499524986,0.12868187499524986
2023-07-25 12:00:00,2023,7,25,12,8.409688884680607,8.453127779921527,-0.043438895240919706,0.043438895240919706
2023-07-25 18:00:00,2023,7,25,18,5.712736731607017,5.852965306001599,-0.14022857439458214,0.14022857439458214
2023-07-26 00:00:00,2023,7,26,0,5.616066238027768,5.486510574817824,0.1295556632099446,0.1295556632099446
2023-07-26 06:00:00,2023,7,26,6,6.094020080539172,5.856370355477033,0.23764972506213944,0.23764972506213944
2023-07-26 12:00:00,2023,7,26,12,7.565579198822778,7.776422634028316,-0.21084343520553794,0.21084343520553794
2023-07-26 18:00:00,2023,7,26,18,5.610426482730451,5.615707928679293,-0.005281445948842389,0.005281445948842389
2023-07-27 00:00:00,2023,7,27,0,5.524887653044072,5.341679755755465,0.18320789728860642,0.18320789728860642
2023-07-27 06:00:00,2023,7,27,6,5.6188554064389935,5.7135942650620715,-0.09473885862307796,0.09473885862307796
2023-07-27 12:00:00,2023,7,27,12,8.295750448516147,8.406837072200899,-0.11108662368475208,0.11108662368475208
2023-07-27 18:00:00,2023,7,27,18,6.041360492905355,5.885504362357793,0.1558561305475621,0.1558561305475621
2023-07-28 00:00:00,2023,7,28,0,5.511323940373629,5.255107404484266,0.25621653588936244,0.25621653588936244
2023-07-28 06:00:00,2023,7,28,6,6.033026408729628,6.119801590460187,-0.08677518173055887,0.08677518173055887
2023-07-28 12:00:00,2023,7,28,12,8.134158181661652,8.195172181368685,-0.061013999707032696,0.061013999707032696
2023-07-28 18:00:00,2023,7,28,18,5.804100691459396,5.477696982579918,0.32640370887947867,0.32640370887947867
2023-07-29 00:00:00,2023,7,29,0,5.575538874471583,5.735021087161018,-0.15948221268943463,0.15948221268943463
2023-07-29 06:00:00,2023,7,29,6,5.496303217338433,5.264329668478044,0.23197354886038912,0.23197354886038912
2023-07-29 12:00:00,2023,7,29,12,7.857068744165331,7.936076875546909,-0.07900813138157758,0.07900813138157758
2023-07-29 18:00:00,2023,7,29,18,6.104420245557067,5.786560490779319,0.3178597547777482,0.3178597547777482
2023-07-30 00:00:00,2023,7,30,0,5.87945239394085,5.955883409808087,-0.07643101586723677,0.07643101586723677
2023-07-30 06:00:00,2023,7,30,6,5.685491202812043,5.828891328536352,-0.14340012572430982,0.14340012572430982
2023-07-30 12:00:00,2023,7,30,12,8.106437554666153,7.952913002407015,0.15352455225913797,0.15352455225913797
2023-07-30 18:00:00,2023,7,30,18,5.224130478120082,5.488974989547825,-0.2648445114277429,0.2648445114277429
2023-07-31 00:00:00,2023,7,31,0,5.336659595635306,5.316404864611725,0.020254731023580774,0.020254731023580774
2023-07-31 06:00:00,2023,7,31,6,6.006893469442557,6.117068987310732,-0.11017551786817492,0.11017551786817492
2023-07-31 12:00:00,2023,7,31,12,8.427765265710251,8.318277067761858,0.1094881979483926,0.1094881979483926
2023-07-31 18:00:00,2023,7,31,18,5.958727913073323,5.927609569025486,0.03111834404783753,0.03111834404783753
2023-08-01 00:00:00,2023,8,1,0,5.727051278481565,5.837810923203883,-0.11075964472231803,0.11075964472231803
2023-08-01 06:00:00,2023,8,1,6,5.599855179219292,5.692591334425942,-0.09273615520665057,0.09273615520665057
2023-08-01 12:00:00,2023,8,1,12,8.042089936381496,7.991101777665612,0.05098815871588336,0.05098815871588336
2023-08-01 18:00:00,2023,8,1,18,5.800688465839269,5.74803955732266,0.052648908516608195,0.052648908516608195
2023-08-02 00:00:00,2023,8,2,0,5.398579671986273,5.334256173467678,0.06432349851859431,0.06432349851859431
2023-08-02 06:00:00,2023,8,2,6,6.022330091175232,5.978970670149388,0.043359421025844114,0.043359421025844114
2023-08-02 12:00:00,2023,8,2,12,7.879471547153052,7.9452380092278645,-0.06576646207481218,0.06576646207481218
2023-08-02 18:00:00,2023,8,2,18,5.721057618086769,5.4783870193551225,0.24267059873164687,0.24267059873164687
2023-08-03 00:00:00,2023,8,3,0,4.937062483667074,5.346117198219752,-0.4090547145526786,0.4090547145526786
2023-08-03 06:00:00,2023,8,3,6,6.0656200974199805,5.868459349289314,0.19716074813066697,0.19716074813066697
2023-08-03 12:00:00,2023,8,3,12,8.039621463638314,7.987842861513182,0.051778602125131634,0.051778602125131634
2023-08-03 18:00:00,2023,8,3,18,5.536102659323339,5.635326058300854,-0.09922339897751531,0.09922339897751531
2023-08-04 00:00:00,2023,8,4,0,5.5244700206992885,5.481728575728324,0.04274144497096444,0.04274144497096444
2023-08-04 06:00:00,2023,8,4,6,5.6750875880495935,5.802604021218977,-0.12751643316938388,0.12751643316938388
2023-08-04 12:00:00,2023,8,4,12,7.868703244844798,8.09891552054012,-0.23021227569532154,0.23021227569532154
2023-08-04 18:00:00,2023,8,4,18,5.947698708108406,5.749597346028099,0.1981013620803065,0.1981013620803065
2023-08-05 00:00:00,2023,8,5,0,5.787083352054338,5.884626695582434,-0.09754334352809657,0.09754334352809657
2023-08-05 06:00:00,2023,8,5,6,5.576050206235974,5.8005705719559,-0.2245203657199264,0.2245203657199264
2023-08-05 12:00:00,2023,8,5,12,8.097791026444618,7.951979362700893,0.145811663743725,0.145811663743725
2023-08-05 18:00:00,2023,8,5,18,6.306538827669203,6.126681228224388,0.17985759944481483,0.17985759944481483
2023-08-06 00:00:00,2023,8,6,0,5.366258344648757,5.570631324247566,-0.2043729795988094,0.2043729795988094
2023-08-06 06:00:00,2023,8,6,6,5.938790800850764,6.107112357611427,-0.16832155676066218,0.16832155676066218
2023-08-06 12:00:00,2023,8,6,12,8.631471182064415,8.287172758298944,0.34429842376547093,0.34429842376547093
2023-08-06 18:00:00,2023,8,6,18,5.615701190648339,5.434236897153022,0.181464293495317,0.181464293495317
2023-08-07 00:00:00,2023,8,7,0,6.102229173321072,6.0479321896608065,0.05429698366026514,0.05429698366026514
2023-08-07 06:00:00,2023,8,7,6,6.363955917991359,6.396229539932245,-0.032273621940885455,0.032273621940885455
2023-08-07 12:00:00,2023,8,7,12,8.961496199578322,8.594959760835556,0.36653643874276653,0.36653643874276653
2023-08-07 18:00:00,2023,8,7,18,6.1136941789471,6.057408154426398,0.05628602452070286,0.05628602452070286
2023-08-08 00:00:00,2023,8,8,0,5.713634416153894,5.449214051109614,0.26442036504428046,0.26442036504428046
2023-08-08 06:00:00,2023,8,8,6,6.276966336592426,6.381967916360464,-0.10500157976803859,0.10500157976803859
2023-08-08 12:00:00,2023,8,8,12,8.232135257605275,8.19237100159464,0.039764256010634824,0.039764256010634824
2023-08-08 18:00:00,2023,8,8,18,5.849830876539223,5.833394216724083,0.016436659815139976,0.016436659815139976
2023-08-09 00:00:00,2023,8,9,0,5.847626502052593,5.815017410105297,0.03260909194729589,0.03260909194729589
2023-08-09 06:00:00,2023,8,9,6,5.94987675023086,5.737345902477,0.2125308477538601,0.2125308477538601
2023-08-09 12:00:00,2023,8,9,12,8.218378017758196,8.119450015508816,0.09892800224938014,0.09892800224938014
2023-08-09 18:00:00,2023,8,9,18,6.42742592743806,6.073211847571844,0.35421407986621567,0.35421407986621567
2023-08-10 00:00:00,2023,8,10,0,5.487838547745514,5.488347104984252,-0.0005085572387377724,0.0005085572387377724
2023-08-10 06:00:00,2023,8,10,6,5.708253152610024,5.66122527700105,0.04702787560897459,0.04702787560897459
2023-08-10 12:00:00,2023,8,10,12,8.450445172079643,8.28492603112248,0.1655191409571639,0.1655191409571639
2023-08-10 18:00:00,2023,8,10,18,6.8613277604387415,6.671087995088617,0.19023976535012466,0.19023976535012466
2023-08-11 00:00:00,2023,8,11,0,5.630439103434796,5.701343231376324,-0.07090412794152812,0.07090412794152812
2023-08-11 06:00:00,2023,8,11,6,6.019689782632341,5.847597639863504,0.1720921427688369,0.1720921427688369
2023-08-11 12:00:00,2023,8,11,12,8.58112756209535,8.378031807587426,0.20309575450792394,0.20309575450792394
2023-08-11 18:00:00,2023,8,11,18,5.590342013693923,5.756093446083929,-0.16575143239000578,0.16575143239000578
2023-08-12 00:00:00,2023,8,12,0,5.729167017280768,5.632365311590048,0.09680170569072022,0.09680170569072022
2023-08-12 06:00:00,2023,8,12,6,6.063694789922359,5.951927841280434,0.11176694864192527,0.11176694864192527
2023-08-12 12:00:00,2023,8,12,12,8.444092185352943,8.380076976370875,0.06401520898206847,0.06401520898206847
2023-08-12 18:00:00,2023,8,12,18,5.800395092537724,5.858986237778706,-0.058591145240981746,0.058591145240981746
2023-08-13 00:00:00,2023,8,13,0,5.494236645161151,5.673100046821919,-0.17886340166076753,0.17886340166076753
2023-08-13 06:00:00,2023,8,13,6,6.493980500103032,6.468119093117859,0.025861406985173474,0.025861406985173474
2023-08-13 12:00:00,2023,8,13,12,8.858476802985116,8.820742585151507,0.03773421783360931,0.03773421783360931
2023-08-13 18:00:00,2023,8,13,18,6.00030959273762,5.975190785150288,0.025118807587332093,0.025118807587332093
2023-08-14 00:00:00,2023,8,14,0,6.089247564872879,6.247432278440557,-0.15818471356767727,0.15818471356767727
2023-08-14 06:00:00,2023,8,14,6,5.813645055725027,5.809767758986266,0.003877296738761693,0.003877296738761693
2023-08-14 12:00:00,2023,8,14,12,8.42706123285304,8.397234376956003,0.029826855897036708,0.029826855897036708
2023-08-14 18:00:00,2023,8,14,18,5.895280726427355,6.070492937424144,-0.17521221099678908,0.17521221099678908
2023-08-15 00:00:00,2023,8,15,0,5.942139130048405,5.960032893691795,-0.017893763643390237,0.017893763643390237
2023-08-15 06:00:00,2023,8,15,6,6.4281240308979095,6.441355327521889,-0.013231296623979816,0.013231296623979816
2023-08-15 12:00:00,2023,8,15,12,8.631458489843247,8.755016527864589,-0.12355803802134169,0.12355803802134169
2023-08-15 18:00:00,2023,8,15,18,6.358930382549498,6.466721320493878,-0.10779093794438044,0.10779093794438044
2023-08-16 00:00:00,2023,8,16,0,5.8024549993903785,5.866876905880487,-0.06442190649010815,0.06442190649010815
2023-08-16 06:00:00,2023,8,16,6,5.915127685031827,6.14835778284615,-0.23323009781432358,0.23323009781432358
2023-08-16 12:00:00,2023,8,16,12,8.463881468676375,8.59604058798913,-0.13215911931275492,0.13215911931275492
2023-08-16 18:00:00,2023,8,16,18,6.386767289552257,6.4067807636543534,-0.02001347410209675,0.02001347410209675
2023-08-17 00:00:00,2023,8,17,0,6.003240657993878,6.131461688304356,-0.1282210303104776,0.1282210303104776
2023-08-17 06:00:00,2023,8,17,6,6.06798318078446,5.727671697369077,0.3403114834153831,0.3403114834153831
2023-08-17 12:00:00,2023,8,17,12,8.340869888256645,8.502725007995513,-0.16185511973886868,0.16185511973886868
2023-08-17 18:00:00,2023,8,17,18,6.144463387068737,6.166106722910143,-0.02164333584140632,0.02164333584140632
2023-08-18 00:00:00,2023,8,18,0,5.778096334766177,5.679178444623537,0.09891789014263974,0.09891789014263974
2023-08-18 06:00:00,2023,8,18,6,6.13147510923026,6.300284498094331,-0.16880938886407026,0.16880938886407026
2023-08-18 12:00:00,2023,8,18,12,8.243616648796392,8.41449588510032,-0.17087923630392865,0.17087923630392865
2023-08-18 18:00:00,2023,8,18,18,5.974276594565348,6.1839959744065025,-0.20971937984115474,0.20971937984115474
2023-08-19 00:00:00,2023,8,19,0,5.627872538461373,5.850766353625879,-0.22289381516450568,0.22289381516450568
2023-08-19 06:00:00,2023,8,19,6,6.2232626945385165,6.425146901119102,-0.20188420658058526,0.20188420658058526
2023-08-19 12:00:00,2023,8,19,12,8.25317519602311,8.297275692420804,-0.044100496397694755,0.044100496397694755
2023-08-19 18:00:00,2023,8,19,18,6.497110279430103,6.378847280134315,0.11826299929578798,0.11826299929578798
2023-08-20 00:00:00,2023,8,20,0,6.018114868050384,5.914518686728056,0.10359618132232828,0.10359618132232828
2023-08-20 06:00:00,2023,8,20,6,6.051300555189824,6.166358774077256,-0.11505821888743206,0.11505821888743206
2023-08-20 12:00:00,2023,8,20,12,8.79598187979463,8.694911499922414,0.10107037987221545,0.10107037987221545
2023-08-20 18:00:00,2023,8,20,18,6.204770730887528,6.537643164791186,-0.33287243390365795,0.33287243390365795
2023-08-21 00:00:00,2023,8,21,0,6.119878791975763,6.048502185309482,0.07137660666628154,0.07137660666628154
2023-08-21 06:00:00,2023,8,21,6,6.355708719105337,6.284962214932261,0.07074650417307637,0.07074650417307637
2023-08-21 12:00:00,2023,8,21,12,8.521322349569276,8.613108958859753,-0.09178660929047666,0.09178660929047666
2023-08-21 18:00:00,2023,8,21,18,6.026035395887746,6.078432383695174,-0.05239698780742774,0.05239698780742774
2023-08-22 00:00:00,2023,8,22,0,6.253938370877007,6.232579136993852,0.02135923388315497,0.02135923388315497
2023-08-22 06:00:00,2023,8,22,6,6.348486992974282,6.356219469965493,-0.007732476991210824,0.007732476991210824
2023-08-22 12:00:00,2023,8,22,12,8.508358893343559,8.707596323374245,-0.19923743003068672,0.19923743003068672
2023-08-22 18:00:00,2023,8,22,18,6.155032083143676,6.180052022419618,-0.025019939275941816,0.025019939275941816
2023-08-23 00:00:00,2023,8,23,0,5.28873085724952,5.567053231040358,-0.2783223737908376,0.2783223737908376
2023-08-23 06:00:00,2023,8,23,6,6.673211116343614,6.565658742264353,0.10755237407926099,0.10755237407926099
2023-08-23 12:00:00,2023,8,23,12,8.410648595424243,8.723760982936312,-0.31311238751206893,0.31311238751206893
2023-08-23 18:00:00,2023,8,23,18,6.134690390529888,6.255702306808585,-0.12101191627869667,0.12101191627869667
2023-08-24 00:00:00,2023,8,24,0,5.865495106576299,5.943144555331358,-0.07764944875505897,0.07764944875505897
2023-08-24 06:00:00,2023,8,24,6,6.192960269866792,6.38104039227252,-0.18808012240572758,0.18808012240572758
2023-08-24 12:00:00,2023,8,24,12,7.904880649145969,8.08978199673694,-0.1849013475909711,0.1849013475909711
2023-08-24 18:00:00,2023,8,24,18,6.192880327177158,6.297382730258304,-0.10450240308114633,0.10450240308114633
2023-08-25 00:00:00,2023,8,25,0,6.059217709960245,6.179311494321367,-0.1200937843611225,0.1200937843611225
2023-08-25 06:00:00,2023,8,25,6,6.082875995491087,6.206070146239296,-0.12319415074820839,0.12319415074820839
2023-08-25 12:00:00,2023,8,25,12,8.26828652774324,8.516091533330851,-0.24780500558761176,0.24780500558761176
2023-08-25 18:00:00,2023,8,25,18,6.322634054352744,6.3579392327863795,-0.03530517843363512,0.03530517843363512
2023-08-26 00:00:00,2023,8,26,0,5.711210240763011,5.808889058923291,-0.09767881816028012,0.09767881816028012
2023-08-26 06:00:00,2023,8,26,6,6.47440853906058,6.451400014886257,0.02300852417432253,0.02300852417432253
2023-08-26 12:00:00,2023,8,26,12,8.160912540634081,8.479136011898863,-0.31822347126478157,0.31822347126478157
2023-08-26 18:00:00,2023,8,26,18,6.5335560298087065,6.387192271333228,0.1463637584754789,0.1463637584754789
2023-08-27 00:00:00,2023,8,27,0,6.044136114744299,6.0717103622121495,-0.0275742474678502,0.0275742474678502
2023-08-27 06:00:00,2023,8,27,6,6.401624493163496,6.5602376466126255,-0.15861315344912974,0.15861315344912974
2023-08-27 12:00:00,2023,8,27,12,8.670498460442417,8.52114681492688,0.14935164551553726,0.14935164551553726
2023-08-27 18:00:00,2023,8,27,18,5.84697512853301,5.959603381882014,-0.11262825334900484,0.11262825334900484
2023-08-28 00:00:00,2023,8,28,0,5.879890838761521,5.9570820093912396,-0.07719117062971836,0.07719117062971836
2023-08-28 06:00:00,2023,8,28,6,6.099599635397823,6.186279890283878,-0.0866802548860548,0.0866802548860548
2023-08-28 12:00:00,2023,8,28,12,8.430884968386735,8.628685772724529,-0.19780080433779368,0.19780080433779368
2023-08-28 18:00:00,2023,8,28,18,6.528035438780128,6.3716657904537986,0.15636964832632927,0.15636964832632927
2023-08-29 00:00:00,2023,8,29,0,5.876939182134167,5.894521142152516,-0.01758196001834822,0.01758196001834822
2023-08-29 06:00:00,2023,8,29,6,6.042430699044573,6.132625114671033,-0.0901944156264598,0.0901944156264598
2023-08-29 12:00:00,2023,8,29,12,8.592809304550277,8.420068418421554,0.1727408861287234,0.1727408861287234
2023-08-29 18:00:00,2023,8,29,18,6.448896547504574,6.296790869856953,0.1521056776476204,0.1521056776476204
2023-08-30 00:00:00,2023,8,30,0,5.559483117845159,5.868613523926772,-0.30913040608161335,0.30913040608161335
2023-08-30 06:00:00,2023,8,30,6,6.343408233586939,6.361812856591365,-0.018404623004426135,0.018404623004426135
2023-08-30 12:00:00,2023,8,30,12,8.706558388737983,8.659367248714405,0.04719114002357827,0.04719114002357827
2023-08-30 18:00:00,2023,8,30,18,6.312061531019813,6.193301405908788,0.11876012511102463,0.11876012511102463
2023-08-31 00:00:00,2023,8,31,0,6.3259237399594,6.316451627792985,0.009472112166414526,0.009472112166414526
2023-08-31 06:00:00,2023,8,31,6,6.542184838186844,6.260412274738255,0.28177256344858925,0.28177256344858925
2023-08-31 12:00:00,2023,8,31,12,8.839238027800137,8.84251338114521,-0.0032753533450726735,0.0032753533450726735
2023-08-31 18:00:00,2023,8,31,18,6.265481062974991,6.211393979058306,0.05408708391668515,0.05408708391668515
2023-09-01 00:00:00,2023,9,1,0,6.116471168347448,6.152177838900985,-0.03570667055353738,0.03570667055353738
2023-09-01 06:00:00,2023,9,1,6,6.544708892171266,6.46891107197779,0.07579782019347547,0.07579782019347547
2023-09-01 12:00:00,2023,9,1,12,8.173122747779786,8.223544555454113,-0.05042180767432747,0.05042180767432747
2023-09-01 18:00:00,2023,9,1,18,6.054387920032426,5.9780551185998,0.07633280143262677,0.07633280143262677
2023-09-02 00:00:00,2023,9,2,0,6.161153606617956,6.1725307746624685,-0.011377168044512054,0.011377168044512054
2023-09-02 06:00:00,2023,9,2,6,6.165541020642428,6.13154850795017,0.033992512692258,0.033992512692258
2023-09-02 12:00:00,2023,9,2,12,8.410555324765372,8.670292667977202,-0.25973734321182995,0.25973734321182995
2023-09-02 18:00:00,2023,9,2,18,6.109119808400456,6.352739645650663,-0.24361983725020764,0.24361983725020764
2023-09-03 00:00:00,2023,9,3,0,5.7621085519820205,5.938599629551471,-0.17649107756945082,0.17649107756945082
2023-09-03 06:00:00,2023,9,3,6,5.703993491736967,5.744980696898408,-0.040987205161441054,0.040987205161441054
2023-09-03 12:00:00,2023,9,3,12,8.252388913126332,8.23822425751275,0.014164655613582156,0.014164655613582156
2023-09-03 18:00:00,2023,9,3,18,6.198042841690031,6.257068880257089,-0.05902603856705824,0.05902603856705824
2023-09-04 00:00:00,2023,9,4,0,6.095330304755341,6.074347519217966,0.02098278553737476,0.02098278553737476
2023-09-04 06:00:00,2023,9,4,6,5.984722827286127,5.8553719069584105,0.12935092032771678,0.12935092032771678
2023-09-04 12:00:00,2023,9,4,12,8.265987732173713,8.1981537869159,0.06783394525781361,0.06783394525781361
2023-09-04 18:00:00,2023,9,4,18,6.205069889425888,6.050380704345831,0.15468918508005736,0.15468918508005736
2023-09-05 00:00:00,2023,9,5,0,5.440597607032576,5.61562914253898,-0.17503153550640427,0.17503153550640427
2023-09-05 06:00:00,2023,9,5,6,6.039671941572526,6.175160900235382,-0.13548895866285626,0.13548895866285626
2023-09-05 12:00:00,2023,9,5,12,8.697630737646001,8.409523785843813,0.28810695180218815,0.28810695180218815
2023-09-05 18:00:00,2023,9,5,18,6.524772473236319,6.406411612258192,0.11836086097812704,0.11836086097812704
2023-09-06 00:00:00,2023,9,6,0,5.753409843682725,5.4910849412866805,0.26232490239604456,0.26232490239604456
2023-09-06 06:00:00,2023,9,6,6,5.724722845835578,5.731790636750389,-0.007067790914810246,0.007067790914810246
2023-09-06 12:00:00,2023,9,6,12,8.433233621301492,8.359459867125318,0.07377375417617316,0.07377375417617316
2023-09-06 18:00:00,2023,9,6,18,5.962709285684885,6.012896754473863,-0.050187468788978506,0.050187468788978506
2023-09-07 00:00:00,2023,9,7,0,5.7898471562513,5.864188790817603,-0.07434163456630305,0.07434163456630305
2023-09-07 06:00:00,2023,9,7,6,6.030625104209528,6.047010108575977,-0.016385004366449074,0.016385004366449074
2023-09-07 12:00:00,2023,9,7,12,8.538242138766302,8.539677937082041,-0.0014357983157395893,0.0014357983157395893
2023-09-07 18:00:00,2023,9,7,18,5.9914204015992025,5.921143416250072,0.07027698534913096,0.07027698534913096
2023-09-08 00:00:00,2023,9,8,0,5.448667127772861,5.670837401746392,-0.22217027397353117,0.22217027397353117
2023-09-08 06:00:00,2023,9,8,6,5.898470984041115,5.957682102137578,-0.059211118096462734,0.059211118096462734
2023-09-08 12:00:00,2023,9,8,12,7.91890481801374,8.369823396716683,-0.45091857870294305,0.45091857870294305
2023-09-08 18:00:00,2023,9,8,18,6.121698200387678,6.045667096617276,0.07603110377040245,0.07603110377040245
2023-09-09 00:00:00,2023,9,9,0,5.910180137911151,5.7514088762442075,0.15877126166694389,0.15877126166694389
2023-09-09 06:00:00,2023,9,9,6,6.446465171975254,6.2962530118609035,0.1502121601143509,0.1502121601143509
2023-09-09 12:00:00,2023,9,9,12,8.060835896182352,8.112131495328956,-0.051295599146603976,0.051295599146603976
2023-09-09 18:00:00,2023,9,9,18,6.001493857811202,5.853621065697696,0.1478727921135059,0.1478727921135059
2023-09-10 00:00:00,2023,9,10,0,5.703635137629766,5.50090141534211,0.20273372228765574,0.20273372228765574
2023-09-10 06:00:00,2023,9,10,6,5.978221418234343,6.107624890508031,-0.12940347227368854,0.12940347227368854
2023-09-10 12:00:00,2023,9,10,12,7.966415989327071,8.109806643853924,-0.1433906545268524,0.1433906545268524
2023-09-10 18:00:00,2023,9,10,18,6.060828936219472,6.127562541938223,-0.06673360571875175,0.06673360571875175
2023-09-11 00:00:00,2023,9,11,0,6.358315469875188,6.200358444571424,0.1579570253037641,0.1579570253037641
2023-09-11 06:00:00,2023,9,11,6,5.530162962371137,5.815242956336978,-0.2850799939658408,0.2850799939658408
2023-09-11 12:00:00,2023,9,11,12,8.081041262668442,8.077293421955826,0.003747840712616579,0.003747840712616579
2023-09-11 18:00:00,2023,9,11,18,5.815782846597195,5.941747349848486,-0.12596450325129105,0.12596450325129105
2023-09-12 00:00:00,2023,9,12,0,5.905297097806407,5.7942795179872055,0.1110175798192019,0.1110175798192019
2023-09-12 06:00:00,2023,9,12,6,5.753745918834228,5.57980288951312,0.17394302932110772,0.17394302932110772
2023-09-12 12:00:00,2023,9,12,12,8.083656175458694,8.34376154129904,-0.2601053658403458,0.2601053658403458
2023-09-12 18:00:00,2023,9,12,18,6.021287277696789,5.973690796244111,0.04759648145267814,0.04759648145267814
2023-09-13 00:00:00,2023,9,13,0,5.833516089841523,5.905998325604961,-0.07248223576343804,0.07248223576343804
2023-09-13 06:00:00,2023,9,13,6,6.117156551580323,5.973088027445227,0.14406852413509608,0.14406852413509608
2023-09-13 12:00:00,2023,9,13,12,7.876154642736503,7.935312736284083,-0.05915809354758039,0.05915809354758039
2023-09-13 18:00:00,2023,9,13,18,5.9051832565331726,5.873114996458495,0.03206826007467711,0.03206826007467711
2023-09-14 00:00:00,2023,9,14,0,5.942591780804294,5.899943385050873,0.04264839575342094,0.04264839575342094
2023-09-14 06:00:00,2023,9,14,6,5.7535953199097705,6.048599472349895,-0.2950041524401241,0.2950041524401241
2023-09-14 12:00:00,2023,9,14,12,8.382753519785904,7.957814821280241,0.4249386985056631,0.4249386985056631
2023-09-14 18:00:00,2023,9,14,18,6.165278971930627,5.999487256673034,0.16579171525759318,0.16579171525759318
2023-09-15 00:00:00,2023,9,15,0,5.798983757449944,5.884441463848473,-0.0854577063985289,0.0854577063985289
2023-09-15 06:00:00,2023,9,15,6,5.762546416907272,5.948892368837167,-0.18634595192989512,0.18634595192989512
2023-09-15 12:00:00,2023,9,15,12,7.896272928296359,7.901966715055877,-0.005693786759518815,0.005693786759518815
2023-09-15 18:00:00,2023,9,15,18,6.030372246860012,6.155081946860641,-0.12470970000062831,0.12470970000062831
2023-09-16 00:00:00,2023,9,16,0,6.014065877342566,6.015655845078487,-0.0015899677359207942,0.0015899677359207942
2023-09-16 06:00:00,2023,9,16,6,5.782477220645891,5.658292591708008,0.12418462893788274,0.12418462893788274
2023-09-16 12:00:00,2023,9,16,12,8.111513415866753,8.136434875564644,-0.02492145969789128,0.02492145969789128
2023-09-16 18:00:00,2023,9,16,18,5.468696153330289,5.574094815562382,-0.10539866223209238,0.10539866223209238
2023-09-17 00:00:00,2023,9,17,0,5.68831117323728,5.596712453201486,0.09159872003579395,0.09159872003579395
2023-09-17 06:00:00,2023,9,17,6,5.708743582667911,5.6134980296272134,0.09524555304069793,0.09524555304069793
2023-09-17 12:00:00,2023,9,17,12,8.129030573300838,7.804390770441571,0.3246398028592674,0.3246398028592674
2023-09-17 18:00:00,2023,9,17,18,6.059694952830196,6.042734718556471,0.016960234273725838,0.016960234273725838
2023-09-18 00:00:00,2023,9,18,0,5.475167352409367,5.7195520114062335,-0.24438465899686612,0.24438465899686612
2023-09-18 06:00:00,2023,9,18,6,5.720381369897223,5.952197478297435,-0.2318161084002126,0.2318161084002126
2023-09-18 12:00:00,2023,9,18,12,8.110029133135948,8.210348450222739,-0.10031931708679132,0.10031931708679132
2023-09-18 18:00:00,2023,9,18,18,5.94809419278344,5.79330685938846,0.15478733339497985,0.15478733339497985
2023-09-19 00:00:00,2023,9,19,0,5.737504162479072,5.614831164589073,0.12267299788999964,0.12267299788999964
2023-09-19 06:00:00,2023,9,19,6,5.916335766155428,5.641870691053448,0.2744650751019799,0.2744650751019799
2023-09-19 12:00:00,2023,9,19,12,7.851109884800043,7.790749454000164,0.060360430799879516,0.060360430799879516
2023-09-19 18:00:00,2023,9,19,18,5.504112603774379,5.636140511776152,-0.13202790800177322,0.13202790800177322
2023-09-20 00:00:00,2023,9,20,0,6.104030386197659,6.048790418959079,0.05523996723857927,0.05523996723857927
2023-09-20 06:00:00,2023,9,20,6,5.819918663058624,5.835632720189947,-0.01571405713132279,0.01571405713132279
2023-09-20 12:00:00,2023,9,20,12,7.621384823427493,7.67880138407234,-0.057416560644846903,0.057416560644846903
2023-09-20 18:00:00,2023,9,20,18,5.72138163782061,5.538364980951639,0.18301665686897106,0.18301665686897106
2023-09-21 00:00:00,2023,9,21,0,5.387646031286512,5.230913514133499,0.15673251715301362,0.15673251715301362
2023-09-21 06:00:00,2023,9,21,6,5.577712529697297,5.5862922356528735,-0.008579705955576777,0.008579705955576777
2023-09-21 12:00:00,2023,9,21,12,8.194676579550451,8.06376512486809,0.1309114546823622,0.1309114546823622
2023-09-21 18:00:00,2023,9,21,18,5.77470514925995,5.968639315996452,-0.19393416673650155,0.19393416673650155
2023-09-22 00:00:00,2023,9,22,0,5.259893427433724,5.513444817922943,-0.2535513904892195,0.2535513904892195
2023-09-22 06:00:00,2023,9,22,6,6.050365756173076,5.803908286105584,0.24645747006749197,0.24645747006749197
2023-09-22 12:00:00,2023,9,22,12,7.851028148969386,7.796764999097358,0.054263149872027405,0.054263149872027405
2023-09-22 18:00:00,2023,9,22,18,6.049633844783843,5.916330429555425,0.1333034152284176,0.1333034152284176
2023-09-23 00:00:00,2023,9,23,0,5.440723156118192,5.485706493557716,-0.04498333743952365,0.04498333743952365
2023-09-23 06:00:00,2023,9,23,6,6.043787523650003,6.034237825294211,0.009549698355792557,0.009549698355792557
2023-09-23 12:00:00,2023,9,23,12,7.985654708895359,8.214780905774584,-0.22912619687922486,0.22912619687922486
2023-09-23 18:00:00,2023,9,23,18,5.393884235786078,5.199653872955893,0.1942303628301847,0.1942303628301847
2023-09-24 00:00:00,2023,9,24,0,5.808298294413681,5.8813370047007245,-0.07303871028704378,0.07303871028704378
2023-09-24 06:00:00,2023,9,24,6,5.294323689010276,5.4535680935353374,-0.1592444045250616,0.1592444045250616
2023-09-24 12:00:00,2023,9,24,12,7.787238729676044,7.964025994781425,-0.17678726510538034,0.17678726510538034
2023-09-24 18:00:00,2023,9,24,18,5.668185229059061,5.5699255051069025,0.09825972395215832,0.09825972395215832
2023-09-25 00:00:00,2023,9,25,0,5.259630064181643,5.222312703678805,0.03731736050283807,0.03731736050283807
2023-09-25 06:00:00,2023,9,25,6,5.816377148937742,5.898448975959234,-0.0820718270214913,0.0820718270214913
2023-09-25 12:00:00,2023,9,25,12,7.917968214261381,7.700156701954517,0.2178115123068638,0.2178115123068638
2023-09-25 18:00:00,2023,9,25,18,5.4547944346469,5.636492308741934,-0.18169787409503346,0.18169787409503346
2023-09-26 00:00:00,2023,9,26,0,5.227329575137247,5.340808336046857,-0.11347876090960973,0.11347876090960973
2023-09-26 06:00:00,2023,9,26,6,5.584765439323015,5.744327044227836,-0.15956160490482052,0.15956160490482052
2023-09-26 12:00:00,2023,9,26,12,7.738280148409819,7.854483818625362,-0.11620367021554312,0.11620367021554312
2023-09-26 18:00:00,2023,9,26,18,5.419238388497989,5.592022034731979,-0.17278364623398978,0.17278364623398978
2023-09-27 00:00:00,2023,9,27,0,5.504373262514382,5.40986566554649,0.09450759696789213,0.09450759696789213
2023-09-27 06:00:00,2023,9,27,6,5.3910406575055045,5.607678931161361,-0.21663827365585675,0.21663827365585675
2023-09-27 12:00:00,2023,9,27,12,8.000710756218904,8.064583464546956,-0.06387270832805214,0.06387270832805214
2023-09-27 18:00:00,2023,9,27,18,5.601428354067391,5.757848194034156,-0.15641983996676512,0.15641983996676512
2023-09-28 00:00:00,2023,9,28,0,5.329785989426045,5.149612044331933,0.18017394509411222,0.18017394509411222
2023-09-28 06:00:00,2023,9,28,6,5.789187807203627,5.565164401894374,0.2240234053092527,0.2240234053092527
2023-09-28 12:00:00,2023,9,28,12,7.872227551299959,7.933070694216414,-0.06084314291645487,0.06084314291645487
2023-09-28 18:00:00,2023,9,28,18,5.996436645286379,6.107502592894865,-0.11106594760848587,0.11106594760848587
2023-09-29 00:00:00,2023,9,29,0,5.798247372352217,5.354915387839518,0.4433319845126995,0.4433319845126995
2023-09-29 06:00:00,2023,9,29,6,5.972204385073693,5.932564818416678,0.039639566657014846,0.039639566657014846
2023-09-29 12:00:00,2023,9,29,12,7.858457456875824,7.9162079987644765,-0.057750541888652585,0.057750541888652585
2023-09-29 18:00:00,2023,9,29,18,5.625811095526371,5.741430863941565,-0.11561976841519339,0.11561976841519339
2023-09-30 00:00:00,2023,9,30,0,5.843986983180125,5.64544762237795,0.19853936080217505,0.19853936080217505
2023-09-30 06:00:00,2023,9,30,6,6.144454447092455,6.099025653835358,0.0454287932570967,0.0454287932570967
2023-09-30 12:00:00,2023,9,30,12,8.073507149821548,7.747036178023836,0.3264709717977121,0.3264709717977121
2023-09-30 18:00:00,2023,9,30,18,5.680173264364616,5.602332592993206,0.07784067137141015,0.07784067137141015
2023-10-01 00:00:00,2023,10,1,0,5.42800166058873,5.271404977902321,0.15659668268640825,0.15659668268640825
2023-10-01 06:00:00,2023,10,1,6,5.753972420900396,5.647986994650483,0.10598542624991314,0.10598542624991314
2023-10-01 12:00:00,2023,10,1,12,7.934623015371399,7.971229226564645,-0.03660621119324681,0.03660621119324681
2023-10-01 18:00:00,2023,10,1,18,5.896670106182578,5.875426792671814,0.02124331351076414,0.02124331351076414
2023-10-02 00:00:00,2023,10,2,0,5.527884109362138,5.45262674260116,0.0752573667609786,0.0752573667609786
2023-10-02 06:00:00,2023,10,2,6,5.794964235735424,5.651049190076754,0.14391504565867042,0.14391504565867042
2023-10-02 12:00:00,2023,10,2,12,8.058040067845864,8.073247747512085,-0.015207679666220386,0.015207679666220386
2023-10-02 18:00:00,2023,10,2,18,5.92569300331084,6.006379323850286,-0.08068632053944569,0.08068632053944569
2023-10-03 00:00:00,2023,10,3,0,5.172419834127719,5.156037935933217,0.016381898194502753,0.016381898194502753
2023-10-03 06:00:00,2023,10,3,6,5.757921892024349,5.8158641781572875,-0.05794228613293839,0.05794228613293839
2023-10-03 12:00:00,2023,10,3,12,8.090890335518713,7.8085071146082425,0.28238322091047063,0.28238322091047063
2023-10-03 18:00:00,2023,10,3,18,5.762622069958172,5.601181973398402,0.16144009655976976,0.16144009655976976
2023-10-04 00:00:00,2023,10,4,0,5.918622839902663,5.83641045778818,0.08221238211448334,0.08221238211448334
2023-10-04 06:00:00,2023,10,4,6,5.818480009610413,5.681200490035576,0.13727951957483686,0.13727951957483686
2023-10-04 12:00:00,2023,10,4,12,7.706544096684748,7.784688248072804,-0.07814415138805586,0.07814415138805586
2023-10-04 18:00:00,2023,10,4,18,5.834607426484904,5.803937799729686,0.030669626755218005,0.030669626755218005
2023-10-05 00:00:00,2023,10,5,0,5.523167818044355,5.428473169083306,0.09469464896104896,0.09469464896104896
2023-10-05 06:00:00,2023,10,5,6,5.442377731550261,5.636232980912978,-0.19385524936271725,0.19385524936271725
2023-10-05 12:00:00,2023,10,5,12,7.470022909641632,7.43559539975764,0.03442750988399279,0.03442750988399279
2023-10-05 18:00:00,2023,10,5,18,5.903940286175639,5.867562194354716,0.03637809182092333,0.03637809182092333
2023-10-06 00:00:00,2023,10,6,0,5.441292722373665,5.417025599531698,0.02426712284196686,0.02426712284196686
2023-10-06 06:00:00,2023,10,6,6,5.909960001017393,5.7346971214986,0.17526287951879294,0.17526287951879294
2023-10-06 12:00:00,2023,10,6,12,7.928861919860565,7.950723522426457,-0.021861602565891758,0.021861602565891758
2023-10-06 18:00:00,2023,10,6,18,6.167021449328955,5.952848491708705,0.21417295762024935,0.21417295762024935
2023-10-07 00:00:00,2023,10,7,0,5.168087702257673,5.313258982225138,-0.1451712799674647,0.1451712799674647
2023-10-07 06:00:00,2023,10,7,6,6.153434204782969,6.1573994156091025,-0.003965210826133436,0.003965210826133436
2023-10-07 12:00:00,2023,10,7,12,7.801524267329186,8.015309390250529,-0.213785122921343,0.213785122921343
2023-10-07 18:00:00,2023,10,7,18,5.939446765163509,5.8170174209656045,0.1224293441979043,0.1224293441979043
2023-10-08 00:00:00,2023,10,8,0,5.345047247539781,5.519794342382767,-0.1747470948429859,0.1747470948429859
2023-10-08 06:00:00,2023,10,8,6,5.605947518389982,5.841009503128897,-0.23506198473891526,0.23506198473891526
2023-10-08 12:00:00,2023,10,8,12,7.224356458746026,7.371739834119457,-0.1473833753734306,0.1473833753734306
2023-10-08 18:00:00,2023,10,8,18,5.852760123881813,5.911133047492711,-0.05837292361089741,0.05837292361089741
2023-10-09 00:00:00,2023,10,9,0,5.909405206038605,5.796552612354994,0.11285259368361089,0.11285259368361089
2023-10-09 06:00:00,2023,10,9,6,5.723208021387496,5.815349189149305,-0.09214116776180958,0.09214116776180958
2023-10-09 12:00:00,2023,10,9,12,7.441273008729079,7.511406658378024,-0.07013364964894553,0.07013364964894553
2023-10-09 18:00:00,2023,10,9,18,5.65693769914844,5.859462938981486,-0.20252523983304638,0.20252523983304638
2023-10-10 00:00:00,2023,10,10,0,5.196607149931548,5.2452938106549345,-0.04868666072338623,0.04868666072338623
2023-10-10 06:00:00,2023,10,10,6,5.526103400767443,5.625280010264535,-0.09917660949709184,0.09917660949709184
2023-10-10 12:00:00,2023,10,10,12,7.624436988229276,8.1308580747636,-0.5064210865343233,0.5064210865343233
2023-10-10 18:00:00,2023,10,10,18,5.430207714576209,5.513467801405355,-0.08326008682914576,0.08326008682914576
2023-10-11 00:00:00,2023,10,11,0,5.447232219456706,5.196517093148956,0.2507151263077496,0.2507151263077496
2023-10-11 06:00:00,2023,10,11,6,5.420110606074148,5.748283730035779,-0.3281731239616308,0.3281731239616308
2023-10-11 12:00:00,2023,10,11,12,7.825034663430658,8.023708010913966,-0.19867334748330823,0.19867334748330823
2023-10-11 18:00:00,2023,10,11,18,5.720781016430653,5.916725669279349,-0.1959446528486959,0.1959446528486959
2023-10-12 00:00:00,2023,10,12,0,5.589256073811283,5.515146886877983,0.07410918693329993,0.07410918693329993
2023-10-12 06:00:00,2023,10,12,6,5.5857072316400345,5.7353302684008325,-0.14962303676079802,0.14962303676079802
2023-10-12 12:00:00,2023,10,12,12,8.208371572794967,8.09001997743805,0.1183515953569163,0.1183515953569163
2023-10-12 18:00:00,2023,10,12,18,6.137012846677776,5.906910254715946,0.23010259196183025,0.23010259196183025
2023-10-13 00:00:00,2023,10,13,0,5.27239735233479,5.464257961724402,-0.1918606093896127,0.1918606093896127
2023-10-13 06:00:00,2023,10,13,6,5.982211878672651,5.683626285696702,0.29858559297594844,0.29858559297594844
2023-10-13 12:00:00,2023,10,13,12,7.967010236287294,7.765571715016203,0.20143852127109074,0.20143852127109074
2023-10-13 18:00:00,2023,10,13,18,5.862455140911037,5.805915290346191,0.056539850564846006,0.056539850564846006
2023-10-14 00:00:00,2023,10,14,0,5.502749827893172,5.692690789844701,-0.1899409619515282,0.1899409619515282
2023-10-14 06:00:00,2023,10,14,6,5.883044174480801,5.8769213372919085,0.006122837188892838,0.006122837188892838
2023-10-14 12:00:00,2023,10,14,12,7.894361385719459,8.087179930018545,-0.19281854429908574,0.19281854429908574
2023-10-14 18:00:00,2023,10,14,18,5.166553978812157,5.61098614345467,-0.4444321646425129,0.4444321646425129
2023-10-15 00:00:00,2023,10,15,0,5.687174588239925,5.689507584978475,-0.0023329967385503636,0.0023329967385503636
2023-10-15 06:00:00,2023,10,15,6,6.097842511825948,5.7597061002762056,0.3381364115497423,0.3381364115497423
2023-10-15 12:00:00,2023,10,15,12,8.201553550355776,7.970118077858306,0.23143547249746987,0.23143547249746987
2023-10-15 18:00:00,2023,10,15,18,5.881348320044936,5.964991953305107,-0.08364363326017088,0.08364363326017088
2023-10-16 00:00:00,2023,10,16,0,5.6702839026406044,5.758995341421439,-0.08871143878083476,0.08871143878083476
2023-10-16 06:00:00,2023,10,16,6,5.633736162735241,5.831543076659492,-0.19780691392425087,0.19780691392425087
2023-10-16 12:00:00,2023,10,16,12,7.799108627071076,7.960214972689494,-0.16110634561841763,0.16110634561841763
2023-10-16 18:00:00,2023,10,16,18,5.514106140260745,5.529400540419517,-0.015294400158771815,0.015294400158771815
2023-10-17 00:00:00,2023,10,17,0,5.70912332845665,5.621860080101069,0.08726324835558152,0.08726324835558152
2023-10-17 06:00:00,2023,10,17,6,6.1077171055430455,6.002579177220719,0.1051379283223266,0.1051379283223266
2023-10-17 12:00:00,2023,10,17,12,7.43613063755387,7.534262153048993,-0.09813151549512344,0.09813151549512344
2023-10-17 18:00:00,2023,10,17,18,5.411201738564515,5.628918418701359,-0.21771668013684398,0.21771668013684398
2023-10-18 00:00:00,2023,10,18,0,5.488953595305546,5.424878461501174,0.06407513380437191,0.06407513380437191
2023-10-18 06:00:00,2023,10,18,6,5.953620826355115,5.9967506492632765,-0.043129822908161586,0.043129822908161586
2023-10-18 12:00:00,2023,10,18,12,7.321393228474465,7.531813427631662,-0.21042019915719745,0.21042019915719745
2023-10-18 18:00:00,2023,10,18,18,5.89968533788324,5.925488804268546,-0.025803466385305285,0.025803466385305285
2023-10-19 00:00:00,2023,10,19,0,5.454378031662363,5.453282610402074,0.0010954212602882762,0.0010954212602882762
2023-10-19 06:00:00,2023,10,19,6,6.064190534720865,6.03156403818969,0.03262649653117489,0.03262649653117489
2023-10-19 12:00:00,2023,10,19,12,7.776365462597002,7.899028102587268,-0.12266263999026616,0.12266263999026616
2023-10-19 18:00:00,2023,10,19,18,5.557626806284113,5.774203409605449,-0.21657660332133588,0.21657660332133588
2023-10-20 00:00:00,2023,10,20,0,5.552761246270018,5.547539190758783,0.005222055511234558,0.005222055511234558
2023-10-20 06:00:00,2023,10,20,6,5.715568482854638,5.510871903964301,0.20469657889033765,0.20469657889033765
2023-10-20 12:00:00,2023,10,20,12,7.906156144877127,8.124272114865429,-0.2181159699883013,0.2181159699883013
2023-10-20 18:00:00,2023,10,20,18,5.852882399132231,5.696541505442973,0.15634089368925874,0.15634089368925874
2023-10-21 00:00:00,2023,10,21,0,5.726727374414942,5.7173518688857445,0.009375505529197525,0.009375505529197525
2023-10-21 06:00:00,2023,10,21,6,5.6300074044340365,5.65698491970801,-0.026977515273973296,0.026977515273973296
2023-10-21 12:00:00,2023,10,21,12,7.879552063656682,8.026670819990072,-0.14711875633338956,0.14711875633338956
2023-10-21 18:00:00,2023,10,21,18,6.005807973215139,6.0428986261221,-0.03709065290696145,0.03709065290696145
2023-10-22 00:00:00,2023,10,22,0,5.361050425247213,5.5342942731168865,-0.1732438478696734,0.1732438478696734
2023-10-22 06:00:00,2023,10,22,6,5.4439822254411805,5.4046390174408065,0.03934320800037394,0.03934320800037394
2023-10-22 12:00:00,2023,10,22,12,7.514821310411895,7.613195984962989,-0.09837467455109383,0.09837467455109383
2023-10-22 18:00:00,2023,10,22,18,5.661660222779433,5.7444055580744795,-0.0827453352950469,0.0827453352950469
2023-10-23 00:00:00,2023,10,23,0,5.6511322243270845,5.446413794828384,0.20471842949870034,0.20471842949870034
2023-10-23 06:00:00,2023,10,23,6,6.170270255727882,6.138997303785301,0.03127295194258117,0.03127295194258117
2023-10-23 12:00:00,2023,10,23,12,7.448829122164722,7.5667395798660895,-0.11791045770136765,0.11791045770136765
2023-10-23 18:00:00,2023,10,23,18,5.9815439127539936,5.825178811835172,0.15636510091882183,0.15636510091882183
2023-10-24 00:00:00,2023,10,24,0,5.158447146760603,5.408685996102188,-0.250238849341585,0.250238849341585
2023-10-24 06:00:00,2023,10,24,6,5.4308540023501655,5.495652766776693,-0.0647987644265271,0.0647987644265271
2023-10-24 12:00:00,2023,10,24,12,8.209079348192045,8.136775145983467,0.0723042022085778,0.0723042022085778
2023-10-24 18:00:00,2023,10,24,18,5.322622059592508,5.400224589210205,-0.07760252961769698,0.07760252961769698
2023-10-25 00:00:00,2023,10,25,0,5.813826183312117,5.6860348278701185,0.1277913554419987,0.1277913554419987
2023-10-25 06:00:00,2023,10,25,6,6.061894519988656,5.910343733305752,0.151550786682904,0.151550786682904
2023-10-25 12:00:00,2023,10,25,12,7.713847615331899,7.639100715511374,0.07474689982052496,0.07474689982052496
2023-10-25 18:00:00,2023,10,25,18,5.471309917433851,5.481438402436129,-0.010128485002277365,0.010128485002277365
2023-10-26 00:00:00,2023,10,26,0,5.452580730486767,5.422727783353121,0.029852947133646168,0.029852947133646168
2023-10-26 06:00:00,2023,10,26,6,5.639573528692787,5.626508061867127,0.01306546682566001,0.01306546682566001
2023-10-26 12:00:00,2023,10,26,12,8.13547126557504,8.108379025567642,0.027092240007398516,0.027092240007398516
2023-10-26 18:00:00,2023,10,26,18,5.3821502362683225,5.391191636089059,-0.009041399820736373,0.009041399820736373
2023-10-27 00:00:00,2023,10,27,0,5.764651077636176,5.552725720841459,0.21192535679471725,0.21192535679471725
2023-10-27 06:00:00,2023,10,27,6,6.088154717152372,5.800187373036933,0.28796734411543934,0.28796734411543934
2023-10-27 12:00:00,2023,10,27,12,7.688059431764868,7.3137907728251745,0.37426865893969374,0.37426865893969374
2023-10-27 18:00:00,2023,10,27,18,6.014135694492624,5.721750385265875,0.29238530922674855,0.29238530922674855
2023-10-28 00:00:00,2023,10,28,0,5.346679883996456,5.371427807602717,-0.024747923606260436,0.024747923606260436
2023-10-28 06:00:00,2023,10,28,6,5.78453628397101,5.728777202188633,0.05575908178237743,0.05575908178237743
2023-10-28 12:00:00,2023,10,28,12,8.211192927459269,8.051154184605599,0.16003874285367026,0.16003874285367026
2023-10-28 18:00:00,2023,10,28,18,6.130424747522652,6.3067194598660015,-0.17629471234334915,0.17629471234334915
2023-10-29 00:00:00,2023,10,29,0,5.946993639649715,5.962053420735558,-0.01505978108584305,0.01505978108584305
2023-10-29 06:00:00,2023,10,29,6,5.589548683372716,5.814354453822387,-0.2248057704496702,0.2248057704496702
2023-10-29 12:00:00,2023,10,29,12,7.855929945890255,7.733854734342108,0.12207521154814671,0.12207521154814671
2023-10-29 18:00:00,2023,10,29,18,5.969889449890627,6.06826483446102,-0.09837538457039319,0.09837538457039319
2023-10-30 00:00:00,2023,10,30,0,5.865318196471407,5.918064804104246,-0.05274660763283823,0.05274660763283823
2023-10-30 06:00:00,2023,10,30,6,6.019292503790567,5.979639115743367,0.03965338804720009,0.03965338804720009
2023-10-30 12:00:00,2023,10,30,12,8.045873119766132,8.269987380182865,-0.22411426041673366,0.22411426041673366
2023-10-30 18:00:00,2023,10,30,18,5.178059575746352,5.589175433534807,-0.41111585778845505,0.41111585778845505
2023-10-31 00:00:00,2023,10,31,0,5.536528661012228,5.718268084320617,-0.18173942330838955,0.18173942330838955
2023-10-31 06:00:00,2023,10,31,6,6.243945327648875,5.895101395481698,0.3488439321671768,0.3488439321671768
2023-10-31 12:00:00,2023,10,31,12,7.989839983732301,7.875776537780029,0.11406344595227225,0.11406344595227225
2023-10-31 18:00:00,2023,10,31,18,5.572032699864678,5.495067793497987,0.07696490636669129,0.07696490636669129
2023-11-01 00:00:00,2023,11,1,0,5.839163760668339,5.863378731937148,-0.024214971268809116,0.024214971268809116
2023-11-01 06:00:00,2023,11,1,6,5.528675949430011,5.590082049523533,-0.061406100093521765,0.061406100093521765
2023-11-01 12:00:00,2023,11,1,12,7.880745309398273,7.823142081559041,0.05760322783923222,0.05760322783923222
2023-11-01 18:00:00,2023,11,1,18,6.368052204747289,6.277828378372108,0.09022382637518067,0.09022382637518067
2023-11-02 00:00:00,2023,11,2,0,5.767383483463303,5.861481745668456,-0.09409826220515338,0.09409826220515338
2023-11-02 06:00:00,2023,11,2,6,6.11603708943396,6.2818682558676215,-0.16583116643366136,0.16583116643366136
2023-11-02 12:00:00,2023,11,2,12,8.13117190236723,8.203353443351563,-0.07218154098433338,0.07218154098433338
2023-11-02 18:00:00,2023,11,2,18,6.223579948910074,6.227443539434275,-0.0038635905242010438,0.0038635905242010438
2023-11-03 00:00:00,2023,11,3,0,5.554150383736747,5.73494459900067,-0.1807942152639228,0.1807942152639228
2023-11-03 06:00:00,2023,11,3,6,5.518665350901306,5.5575020989542345,-0.038836748052928804,0.038836748052928804
2023-11-03 12:00:00,2023,11,3,12,7.870753720245739,7.451926189365645,0.41882753088009395,0.41882753088009395
2023-11-03 18:00:00,2023,11,3,18,6.132477775376238,5.732852104757199,0.39962567061903886,0.39962567061903886
2023-11-04 00:00:00,2023,11,4,0,6.335866423936456,6.171710690665872,0.16415573327058386,0.16415573327058386
2023-11-04 06:00:00,2023,11,4,6,5.855281856142938,5.687126579209609,0.16815527693332832,0.16815527693332832
2023-11-04 12:00:00,2023,11,4,12,8.061320917350677,7.680580268087151,0.3807406492635268,0.3807406492635268
2023-11-04 18:00:00,2023,11,4,18,6.530411548568939,6.560458435215728,-0.03004688664678934,0.03004688664678934
2023-11-05 00:00:00,2023,11,5,0,5.957812339527177,5.956785800200441,0.001026539326735687,0.001026539326735687
2023-11-05 06:00:00,2023,11,5,6,6.027977673795745,6.259516480933557,-0.23153880713781128,0.23153880713781128
2023-11-05 12:00:00,2023,11,5,12,7.981789043787723,7.84380660125922,0.13798244252850278,0.13798244252850278
2023-11-05 18:00:00,2023,11,5,18,5.954227445441764,5.7787965627858755,0.17543088265588835,0.17543088265588835
2023-11-06 00:00:00,2023,11,6,0,5.2734268741882895,5.331258113517832,-0.05783123932954215,0.05783123932954215
2023-11-06 06:00:00,2023,11,6,6,5.515377183524167,5.719385123623549,-0.20400794009938128,0.20400794009938128
2023-11-06 12:00:00,2023,11,6,12,8.160526182388999,8.131128600490511,0.029397581898487957,0.029397581898487957
2023-11-06 18:00:00,2023,11,6,18,6.128788480098071,6.343935068509301,-0.2151465884112298,0.2151465884112298
2023-11-07 00:00:00,2023,11,7,0,5.566552847535299,5.476578579619396,0.08997426791590346,0.08997426791590346
2023-11-07 06:00:00,2023,11,7,6,5.767808541905871,5.711411190495702,0.056397351410168994,0.056397351410168994
2023-11-07 12:00:00,2023,11,7,12,7.549131074341902,7.586002997544258,-0.03687192320235688,0.03687192320235688
2023-11-07 18:00:00,2023,11,7,18,5.924997915905212,5.846941731918087,0.07805618398712522,0.07805618398712522
2023-11-08 00:00:00,2023,11,8,0,5.408421062257533,5.417384591004443,-0.008963528746909866,0.008963528746909866
2023-11-08 06:00:00,2023,11,8,6,5.970057174498806,5.877857771209171,0.09219940328963538,0.09219940328963538
2023-11-08 12:00:00,2023,11,8,12,7.567426111084677,7.624654752386429,-0.057228641301752425,0.057228641301752425
2023-11-08 18:00:00,2023,11,8,18,6.033620003687757,6.258060145434228,-0.22444014174647098,0.22444014174647098
2023-11-09 00:00:00,2023,11,9,0,5.160531319967515,5.436487624639169,-0.275956304671654,0.275956304671654
2023-11-09 06:00:00,2023,11,9,6,5.968234239630353,5.82565846897131,0.14257577065904314,0.14257577065904314
2023-11-09 12:00:00,2023,11,9,12,7.996306481571888,7.8797864119875145,0.11652006958437333,0.11652006958437333
2023-11-09 18:00:00,2023,11,9,18,5.928423586901134,6.190984641759573,-0.2625610548584385,0.2625610548584385
2023-11-10 00:00:00,2023,11,10,0,5.624189506004786,5.6993920432598015,-0.07520253725501558,0.07520253725501558
2023-11-10 06:00:00,2023,11,10,6,6.13128747382828,5.8616538970063585,0.2696335768219216,0.2696335768219216
2023-11-10 12:00:00,2023,11,10,12,8.050979753600094,7.921606116697037,0.1293736369030576,0.1293736369030576
2023-11-10 18:00:00,2023,11,10,18,5.430031640749643,5.609517359182361,-0.17948571843271743,0.17948571843271743
2023-11-11 00:00:00,2023,11,11,0,6.263614226903345,5.879578439870153,0.3840357870331914,0.3840357870331914
2023-11-11 06:00:00,2023,11,11,6,5.835767640177346,5.754306522486882,0.08146111769046449,0.08146111769046449
2023-11-11 12:00:00,2023,11,11,12,7.920096501868006,7.983522704887021,-0.06342620301901558,0.06342620301901558
2023-11-11 18:00:00,2023,11,11,18,5.850818378692725,5.679123288176592,0.17169509051613296,0.17169509051613296
2023-11-12 00:00:00,2023,11,12,0,6.138729584845914,6.06099367628455,0.07773590856136359,0.07773590856136359
2023-11-12 06:00:00,2023,11,12,6,5.88062892292675,6.027454527691277,-0.1468256047645271,0.1468256047645271
2023-11-12 12:00:00,2023,11,12,12,8.074621598363454,8.136902660058418,-0.06228106169496428,0.06228106169496428
2023-11-12 18:00:00,2023,11,12,18,5.954921330755681,5.99213511280608,-0.03721378205039905,0.03721378205039905
2023-11-13 00:00:00,2023,11,13,0,5.539499529903898,5.733276213985679,-0.19377668408178117,0.19377668408178117
2023-11-13 06:00:00,2023,11,13,6,5.845023773650386,5.595182333278882,0.2498414403715037,0.2498414403715037
2023-11-13 12:00:00,2023,11,13,12,8.1035797870994,8.129736823667706,-0.02615703656830526,0.02615703656830526
2023-11-13 18:00:00,2023,11,13,18,6.195182506165475,6.057084704585159,0.13809780158031604,0.13809780158031604
2023-11-14 00:00:00,2023,11,14,0,5.747815835595922,5.556494868423603,0.19132096717231928,0.19132096717231928
2023-11-14 06:00:00,2023,11,14,6,6.11534670961793,6.152281578960855,-0.03693486934292434,0.03693486934292434
2023-11-14 12:00:00,2023,11,14,12,7.635770280631287,7.64732521777158,-0.011554937140292765,0.011554937140292765
2023-11-14 18:00:00,2023,11,14,18,5.490616250431338,5.491666138523813,-0.001049888092475193,0.001049888092475193
2023-11-15 00:00:00,2023,11,15,0,5.246227417068736,5.328672816282325,-0.08244539921358918,0.08244539921358918
2023-11-15 06:00:00,2023,11,15,6,5.337149126576763,5.399912005918417,-0.06276287934165392,0.06276287934165392
2023-11-15 12:00:00,2023,11,15,12,7.285311636823989,7.306866579572847,-0.02155494274885772,0.02155494274885772
2023-11-15 18:00:00,2023,11,15,18,5.752632181094056,5.951749764132023,-0.19911758303796656,0.19911758303796656
2023-11-16 00:00:00,2023,11,16,0,5.251649245095521,5.219299297377123,0.03234994771839794,0.03234994771839794
2023-11-16 06:00:00,2023,11,16,6,5.763236190332208,5.717487241992454,0.04574894833975396,0.04574894833975396
2023-11-16 12:00:00,2023,11,16,12,8.218280850251496,8.103271472369759,0.11500937788173715,0.11500937788173715
2023-11-16 18:00:00,2023,11,16,18,5.6911248394452025,5.513185111220391,0.1779397282248114,0.1779397282248114
2023-11-17 00:00:00,2023,11,17,0,5.313545135294751,5.2622609717188755,0.0512841635758754,0.0512841635758754
2023-11-17 06:00:00,2023,11,17,6,5.418494849333586,5.178663952153153,0.2398308971804326,0.2398308971804326
2023-11-17 12:00:00,2023,11,17,12,7.48012343867849,7.544707370706841,-0.06458393202835122,0.06458393202835122
2023-11-17 18:00:00,2023,11,17,18,5.602729767625322,5.541910994339711,0.060818773285610916,0.060818773285610916
2023-11-18 00:00:00,2023,11,18,0,5.588731767920801,5.407535358108553,0.18119640981224805,0.18119640981224805
2023-11-18 06:00:00,2023,11,18,6,5.304143739364212,5.545623208954236,-0.24147946959002375,0.24147946959002375
2023-11-18 12:00:00,2023,11,18,12,7.160038861819381,7.167360901782199,-0.007322039962817328,0.007322039962817328
2023-11-18 18:00:00,2023,11,18,18,5.263942198428922,5.323242135981229,-0.059299937552307114,0.059299937552307114
2023-11-19 00:00:00,2023,11,19,0,5.075269018691275,4.998284132630071,0.07698488606120346,0.07698488606120346
2023-11-19 06:00:00,2023,11,19,6,5.400370745327294,5.452867332408403,-0.0524965870811096,0.0524965870811096
2023-11-19 12:00:00,2023,11,19,12,7.9058972950951,7.582327938071144,0.3235693570239562,0.3235693570239562
2023-11-19 18:00:00,2023,11,19,18,5.816062419128853,5.505538708504659,0.31052371062419404,0.31052371062419404
2023-11-20 00:00:00,2023,11,20,0,5.163987165686197,5.195121098547349,-0.031133932861152402,0.031133932861152402
2023-11-20 06:00:00,2023,11,20,6,5.811106399801096,5.7228981996046056,0.08820820019649034,0.08820820019649034
2023-11-20 12:00:00,2023,11,20,12,7.283355859386337,7.193716376827017,0.08963948255931964,0.08963948255931964
2023-11-20 18:00:00,2023,11,20,18,5.495296422976424,5.4996991684378065,-0.004402745461382196,0.004402745461382196
2023-11-21 00:00:00,2023,11,21,0,5.202397477217105,5.095237257987485,0.1071602192296206,0.1071602192296206
2023-11-21 06:00:00,2023,11,21,6,5.235336965956262,5.269932824278607,-0.03459585832234513,0.03459585832234513
2023-11-21 12:00:00,2023,11,21,12,7.467732869887111,7.464369667202551,0.0033632026845600294,0.0033632026845600294
2023-11-21 18:00:00,2023,11,21,18,5.444233221944284,5.430543798788177,0.013689423156106884,0.013689423156106884
2023-11-22 00:00:00,2023,11,22,0,5.2286907395224045,5.271632762479957,-0.04294202295755234,0.04294202295755234
2023-11-22 06:00:00,2023,11,22,6,5.654451750178936,5.3038929648381385,0.3505587853407972,0.3505587853407972
2023-11-22 12:00:00,2023,11,22,12,7.721271936108677,7.491809109955656,0.2294628261530205,0.2294628261530205
2023-11-22 18:00:00,2023,11,22,18,5.320414769455239,5.536313536942907,-0.21589876748766823,0.21589876748766823
2023-11-23 00:00:00,2023,11,23,0,5.224467805816109,5.175339503741455,0.049128302074653796,0.049128302074653796
2023-11-23 06:00:00,2023,11,23,6,5.508586981061059,5.48884924425686,0.019737736804199102,0.019737736804199102
2023-11-23 12:00:00,2023,11,23,12,7.550226564742675,7.595685105968101,-0.04545854122542625,0.04545854122542625
2023-11-23 18:00:00,2023,11,23,18,5.324583924629728,5.399093004151786,-0.07450907952205821,0.07450907952205821
2023-11-24 00:00:00,2023,11,24,0,4.989068922781272,5.272422642393308,-0.2833537196120357,0.2833537196120357
2023-11-24 06:00:00,2023,11,24,6,5.568420561271543,5.336803485271904,0.23161707599963854,0.23161707599963854
2023-11-24 12:00:00,2023,11,24,12,7.831969784231902,7.957158702850254,-0.12518891861835257,0.12518891861835257
2023-11-24 18:00:00,2023,11,24,18,5.216946064764076,5.19596760190911,0.020978462854966295,0.020978462854966295
2023-11-25 00:00:00,2023,11,25,0,4.941348898319325,4.929839257208346,0.01150964111097963,0.01150964111097963
2023-11-25 06:00:00,2023,11,25,6,5.288466242625508,5.435189105598299,-0.14672286297279147,0.14672286297279147
2023-11-25 12:00:00,2023,11,25,12,7.619988159975554,7.4185256540079925,0.20146250596756143,0.20146250596756143
2023-11-25 18:00:00,2023,11,25,18,4.88258043227914,5.1398653086035235,-0.2572848763243831,0.2572848763243831
2023-11-26 00:00:00,2023,11,26,0,4.978384552466814,4.884928020770167,0.09345653169664647,0.09345653169664647
2023-11-26 06:00:00,2023,11,26,6,4.8670172849579325,5.157600523055381,-0.29058323809744824,0.29058323809744824
2023-11-26 12:00:00,2023,11,26,12,7.455012234202818,6.924585566445934,0.5304266677568839,0.5304266677568839
2023-11-26 18:00:00,2023,11,26,18,5.350963704221507,5.15582179460859,0.195141909612917,0.195141909612917
2023-11-27 00:00:00,2023,11,27,0,5.337465017127627,5.226323699037665,0.1111413180899623,0.1111413180899623
2023-11-27 06:00:00,2023,11,27,6,5.015542541496416,5.311934969325431,-0.29639242782901576,0.29639242782901576
2023-11-27 12:00:00,2023,11,27,12,7.116497267015859,6.87053986869577,0.24595739832008867,0.24595739832008867
2023-11-27 18:00:00,2023,11,27,18,5.326688943455,5.300646037560919,0.02604290589408098,0.02604290589408098
2023-11-28 00:00:00,2023,11,28,0,4.991882878629357,5.005421849111197,-0.013538970481839385,0.013538970481839385
2023-11-28 06:00:00,2023,11,28,6,5.395119866575881,5.371402282991146,0.023717583584734747,0.023717583584734747
2023-11-28 12:00:00,2023,11,28,12,7.362715148537935,7.421373914537876,-0.05865876599994024,0.05865876599994024
2023-11-28 18:00:00,2023,11,28,18,4.874446685061848,4.993646057722758,-0.11919937266091019,0.11919937266091019
2023-11-29 00:00:00,2023,11,29,0,4.989591851347612,5.101584039934154,-0.11199218858654181,0.11199218858654181
2023-11-29 06:00:00,2023,11,29,6,5.502802166818684,5.487068257000629,0.015733909818055558,0.015733909818055558
2023-11-29 12:00:00,2023,11,29,12,7.366385505305707,7.3944197797220035,-0.02803427441629669,0.02803427441629669
2023-11-29 18:00:00,2023,11,29,18,5.545143788206592,5.3949066809199815,0.15023710728661044,0.15023710728661044
2023-11-30 00:00:00,2023,11,30,0,5.049326155726862,4.862158311531134,0.18716784419572807,0.18716784419572807
2023-11-30 06:00:00,2023,11,30,6,4.972086214233663,4.983415850356938,-0.011329636123274867,0.011329636123274867
2023-11-30 12:00:00,2023,11,30,12,7.378993552014063,7.198378945961559,0.18061460605250446,0.18061460605250446
2023-11-30 18:00:00,2023,11,30,18,5.2298320994445575,5.1023958388584125,0.127436260586145,0.127436260586145
2023-12-01 00:00:00,2023,12,1,0,4.739544834364445,4.836236656881722,-0.09669182251727726,0.09669182251727726
2023-12-01 06:00:00,2023,12,1,6,5.069500616363154,5.099758292050922,-0.030257675687767716,0.030257675687767716
2023-12-01 12:00:00,2023,12,1,12,7.275486548839219,7.287259849167112,-0.011773300327893033,0.011773300327893033
2023-12-01 18:00:00,2023,12,1,18,5.105239649839982,5.127347307143013,-0.02210765730303077,0.02210765730303077
2023-12-02 00:00:00,2023,12,2,0,5.043046897721216,5.492428014732859,-0.44938111701164285,0.44938111701164285
2023-12-02 06:00:00,2023,12,2,6,5.251233953377124,5.136123189296469,0.11511076408065524,0.11511076408065524
2023-12-02 12:00:00,2023,12,2,12,6.796424471260018,7.122711847763116,-0.3262873765030987,0.3262873765030987
2023-12-02 18:00:00,2023,12,2,18,4.575157266148636,4.7826526599288455,-0.2074953937802091,0.2074953937802091
2023-12-03 00:00:00,2023,12,3,0,4.811914928722159,5.0496496648350435,-0.2377347361128841,0.2377347361128841
2023-12-03 06:00:00,2023,12,3,6,5.198899628030183,5.094670348209063,0.10422927982112018,0.10422927982112018
2023-12-03 12:00:00,2023,12,3,12,7.3084847427460575,7.1990082603510395,0.10947648239501806,0.10947648239501806
2023-12-03 18:00:00,2023,12,3,18,4.9440729129075525,5.02666944593248,-0.08259653302492787,0.08259653302492787
2023-12-04 00:00:00,2023,12,4,0,4.365828902965802,4.438826232897513,-0.07299732993171126,0.07299732993171126
2023-12-04 06:00:00,2023,12,4,6,5.109798298506729,4.920792086886638,0.18900621162009124,0.18900621162009124
2023-12-04 12:00:00,2023,12,4,12,6.953027108669294,7.291179550302211,-0.3381524416329178,0.3381524416329178
2023-12-04 18:00:00,2023,12,4,18,4.640437427880078,4.795314199740733,-0.1548767718606543,0.1548767718606543
2023-12-05 00:00:00,2023,12,5,0,4.595456368615494,4.716845449696964,-0.12138908108147017,0.12138908108147017
2023-12-05 06:00:00,2023,12,5,6,4.435243601522166,4.764860350610922,-0.32961674908875604,0.32961674908875604
2023-12-05 12:00:00,2023,12,5,12,7.103224112297376,7.3168342992433875,-0.21361018694601164,0.21361018694601164
2023-12-05 18:00:00,2023,12,5,18,4.937676316670303,4.781229585901941,0.15644673076836213,0.15644673076836213
2023-12-06 00:00:00,2023,12,6,0,4.49388882852686,4.671350748648835,-0.17746192012197515,0.17746192012197515
2023-12-06 06:00:00,2023,12,6,6,4.778719939432313,4.943476667291565,-0.16475672785925166,0.16475672785925166
2023-12-06 12:00:00,2023,12,6,12,7.026004983221417,6.912394497086745,0.11361048613467162,0.11361048613467162
2023-12-06 18:00:00,2023,12,6,18,4.43753800847422,4.5877498872202835,-0.15021187874606312,0.15021187874606312
2023-12-07 00:00:00,2023,12,7,0,4.768838055544089,4.792330224667455,-0.023492169123366047,0.023492169123366047
2023-12-07 06:00:00,2023,12,7,6,5.006275292010092,5.092180391699098,-0.08590509968900584,0.08590509968900584
2023-12-07 12:00:00,2023,12,7,12,7.144285271280102,6.85011311801578,0.29417215326432267,0.29417215326432267
2023-12-07 18:00:00,2023,12,7,18,4.821410947063084,4.931156306057745,-0.10974535899466087,0.10974535899466087
2023-12-08 00:00:00,2023,12,8,0,4.573185563885119,4.585514536795781,-0.012328972910662372,0.012328972910662372
2023-12-08 06:00:00,2023,12,8,6,4.878614752155337,4.772118166021471,0.10649658613386581,0.10649658613386581
2023-12-08 12:00:00,2023,12,8,12,7.093529298792616,6.836631069412918,0.256898229379698,0.256898229379698
2023-12-08 18:00:00,2023,12,8,18,4.859204111450498,4.7156379043613486,0.14356620708914924,0.14356620708914924
2023-12-09 00:00:00,2023,12,9,0,4.7940998111149735,4.626231917424548,0.16786789369042587,0.16786789369042587
2023-12-09 06:00:00,2023,12,9,6,4.46922733326721,4.5859860089940545,-0.11675867572684417,0.11675867572684417
2023-12-09 12:00:00,2023,12,9,12,6.671846071967657,6.9793307412734675,-0.3074846693058104,0.3074846693058104
2023-12-09 18:00:00,2023,12,9,18,4.887395119621484,4.539414695593697,0.34798042402778684,0.34798042402778684
2023-12-10 00:00:00,2023,12,10,0,4.57823455099648,4.586469289644907,-0.008234738648427609,0.008234738648427609
2023-12-10 06:00:00,2023,12,10,6,5.516620297045794,5.528056865866487,-0.011436568820693438,0.011436568820693438
2023-12-10 12:00:00,2023,12,10,12,6.722766281625536,6.919866063570628,-0.19709978194509148,0.19709978194509148
2023-12-10 18:00:00,2023,12,10,18,4.341276724990417,4.5360046271117955,-0.1947279021213788,0.1947279021213788
2023-12-11 00:00:00,2023,12,11,0,4.065296041192172,4.359239803024666,-0.2939437618324936,0.2939437618324936
2023-12-11 06:00:00,2023,12,11,6,4.680722382906152,4.677160938658554,0.003561444247598189,0.003561444247598189
2023-12-11 12:00:00,2023,12,11,12,6.815692698132408,6.749695135183184,0.06599756294922443,0.06599756294922443
2023-12-11 18:00:00,2023,12,11,18,4.596972278640883,4.781387234694947,-0.18441495605406377,0.18441495605406377
2023-12-12 00:00:00,2023,12,12,0,4.114325015426323,4.0493281307800695,0.06499688464625386,0.06499688464625386
2023-12-12 06:00:00,2023,12,12,6,4.835862388250197,4.566069320942933,0.2697930673072637,0.2697930673072637
2023-12-12 12:00:00,2023,12,12,12,6.735880044945231,6.889915834424542,-0.15403578947931074,0.15403578947931074
2023-12-12 18:00:00,2023,12,12,18,4.526862557334646,4.577388114760073,-0.05052555742542619,0.05052555742542619
2023-12-13 00:00:00,2023,12,13,0,3.8212619954628986,4.018867756058993,-0.1976057605960948,0.1976057605960948
2023-12-13 06:00:00,2023,12,13,6,4.5670094517768245,4.583111379815282,-0.016101928038457558,0.016101928038457558
2023-12-13 12:00:00,2023,12,13,12,6.890418289715008,6.876036261050985,0.014382028664022606,0.014382028664022606
2023-12-13 18:00:00,2023,12,13,18,4.761673819830593,4.604242475607228,0.15743134422336436,0.15743134422336436
2023-12-14 00:00:00,2023,12,14,0,4.357425871602406,4.391621669178003,-0.03419579757559621,0.03419579757559621
2023-12-14 06:00:00,2023,12,14,6,3.9158884907986193,4.378866269236793,-0.4629777784381739,0.4629777784381739
2023-12-14 12:00:00,2023,12,14,12,6.625273320208884,6.155942671231802,0.4693306489770821,0.4693306489770821
2023-12-14 18:00:00,2023,12,14,18,5.262128347031848,5.248439731451667,0.01368861558018164,0.01368861558018164
2023-12-15 00:00:00,2023,12,15,0,3.94932920580793,4.186533464807886,-0.23720425899995634,0.23720425899995634
2023-12-15 06:00:00,2023,12,15,6,4.306180640929199,4.473350988911186,-0.16717034798198682,0.16717034798198682
2023-12-15 12:00:00,2023,12,15,12,6.539252556307468,6.601362772461605,-0.06211021615413692,0.06211021615413692
2023-12-15 18:00:00,2023,12,15,18,4.557227351749671,4.463321825825371,0.09390552592430002,0.09390552592430002
2023-12-16 00:00:00,2023,12,16,0,4.076378723692478,4.1239885584056335,-0.04760983471315594,0.04760983471315594
2023-12-16 06:00:00,2023,12,16,6,5.514502884525112,5.361447834394083,0.15305505013102927,0.15305505013102927
2023-12-16 12:00:00,2023,12,16,12,6.520479161504679,6.623612527834395,-0.10313336632971648,0.10313336632971648
2023-12-16 18:00:00,2023,12,16,18,4.836154726576259,4.494524229071436,0.34163049750482344,0.34163049750482344
2023-12-17 00:00:00,2023,12,17,0,4.165523413483538,4.341936028870686,-0.17641261538714748,0.17641261538714748
2023-12-17 06:00:00,2023,12,17,6,4.543802137292227,4.4295045636178125,0.11429757367441429,0.11429757367441429
2023-12-17 12:00:00,2023,12,17,12,6.578908660197118,6.702204433832259,-0.12329577363514144,0.12329577363514144
2023-12-17 18:00:00,2023,12,17,18,4.287267400162829,4.293053406565512,-0.005786006402683341,0.005786006402683341
2023-12-18 00:00:00,2023,12,18,0,4.194866511519244,4.181722253919115,0.013144257600129272,0.013144257600129272
2023-12-18 06:00:00,2023,12,18,6,4.5595972847951325,4.510949206834077,0.048648077961055414,0.048648077961055414
2023-12-18 12:00:00,2023,12,18,12,6.398619240069662,6.422872908683786,-0.024253668614123924,0.024253668614123924
2023-12-18 18:00:00,2023,12,18,18,4.634512463379457,5.059278269412147,-0.4247658060326893,0.4247658060326893
2023-12-19 00:00:00,2023,12,19,0,4.147397494719911,4.171305348105385,-0.023907853385473743,0.023907853385473743
2023-12-19 06:00:00,2023,12,19,6,4.267890603713989,4.294791732422872,-0.026901128708882283,0.026901128708882283
2023-12-19 12:00:00,2023,12,19,12,6.6745999740558775,6.643926622075372,0.03067335198050536,0.03067335198050536
2023-12-19 18:00:00,2023,12,19,18,4.359150880724215,4.284946526534063,0.07420435419015181,0.07420435419015181
2023-12-20 00:00:00,2023,12,20,0,4.667500619605159,4.523022499670171,0.1444781199349876,0.1444781199349876
2023-12-20 06:00:00,2023,12,20,6,4.151394811877999,4.21122588144284,-0.059831069564840966,0.059831069564840966
2023-12-20 12:00:00,2023,12,20,12,6.587764974718476,6.579686641938677,0.008078332779798636,0.008078332779798636
2023-12-20 18:00:00,2023,12,20,18,4.6641489427795735,4.708408873990483,-0.04425993121090954,0.04425993121090954
2023-12-21 00:00:00,2023,12,21,0,3.9201378865897896,4.010872552502925,-0.09073466591313561,0.09073466591313561
2023-12-21 06:00:00,2023,12,21,6,4.340253622171754,4.415792967302933,-0.07553934513117877,0.07553934513117877
2023-12-21 12:00:00,2023,12,21,12,6.556183297300498,6.491762363026946,0.064420934273552,0.064420934273552
2023-12-21 18:00:00,2023,12,21,18,4.363039474264389,4.299353594612388,0.06368587965200145,0.06368587965200145
2023-12-22 00:00:00,2023,12,22,0,4.066283567916767,4.154977452493694,-0.08869388457692651,0.08869388457692651
2023-12-22 06:00:00,2023,12,22,6,4.405729048613578,4.215432470977089,0.19029657763648888,0.19029657763648888
2023-12-22 12:00:00,2023,12,22,12,7.015556067484143,7.183258992121879,-0.1677029246377364,0.1677029246377364
2023-12-22 18:00:00,2023,12,22,18,4.048106673085661,4.105844158420651,-0.057737485334990346,0.057737485334990346
2023-12-23 00:00:00,2023,12,23,0,3.710919101052602,3.9509963393700045,-0.24007723831740257,0.24007723831740257
2023-12-23 06:00:00,2023,12,23,6,4.221966893171344,4.244121781371319,-0.022154888199974465,0.022154888199974465
2023-12-23 12:00:00,2023,12,23,12,6.649317806160017,6.416652891801479,0.23266491435853798,0.23266491435853798
2023-12-23 18:00:00,2023,12,23,18,4.310831545631861,4.218111268963218,0.09272027666864258,0.09272027666864258
2023-12-24 00:00:00,2023,12,24,0,4.123037725469436,3.994964196411732,0.12807352905770353,0.12807352905770353
2023-12-24 06:00:00,2023,12,24,6,4.22797273635598,4.281274279316444,-0.05330154296046441,0.05330154296046441
2023-12-24 12:00:00,2023,12,24,12,6.445058207828637,6.717058830124784,-0.2720006222961464,0.2720006222961464
2023-12-24 18:00:00,2023,12,24,18,4.4561657700917285,4.342454048280837,0.1137117218108914,0.1137117218108914
2023-12-25 00:00:00,2023,12,25,0,4.942145238280506,4.603974351004651,0.3381708872758544,0.3381708872758544
2023-12-25 06:00:00,2023,12,25,6,4.323233902473733,4.156702642738717,0.1665312597350166,0.1665312597350166
2023-12-25 12:00:00,2023,12,25,12,6.507321731619965,6.65569530841048,-0.14837357679051522,0.14837357679051522
2023-12-25 18:00:00,2023,12,25,18,4.160591785703316,4.210580985949796,-0.0499892002464799,0.0499892002464799
2023-12-26 00:00:00,2023,12,26,0,4.556168655521759,4.0618635430024765,0.49430511251928255,0.49430511251928255
2023-12-26 06:00:00,2023,12,26,6,4.381506150320549,4.412292064951856,-0.03078591463130742,0.03078591463130742
2023-12-26 12:00:00,2023,12,26,12,6.6466717855316375,6.343176363987917,0.30349542154372067,0.30349542154372067
2023-12-26 18:00:00,2023,12,26,18,4.567627916946528,4.456114711381701,0.1115132055648278,0.1115132055648278
2023-12-27 00:00:00,2023,12,27,0,3.630701782266116,3.97912422416866,-0.3484224419025441,0.3484224419025441
2023-12-27 06:00:00,2023,12,27,6,5.085067544216953,4.89346804807845,0.1915994961385028,0.1915994961385028
2023-12-27 12:00:00,2023,12,27,12,6.260279984196738,6.600838871626293,-0.3405588874295553,0.3405588874295553
2023-12-27 18:00:00,2023,12,27,18,4.416177062799275,4.199896158177735,0.2162809046215406,0.2162809046215406
2023-12-28 00:00:00,2023,12,28,0,4.888172418651534,4.799279800997036,0.08889261765449774,0.08889261765449774
2023-12-28 06:00:00,2023,12,28,6,4.249612641272987,4.272640121221987,-0.02302747994900045,0.02302747994900045
2023-12-28 12:00:00,2023,12,28,12,6.45719673486344,6.5479183772087755,-0.09072164234533542,0.09072164234533542
2023-12-28 18:00:00,2023,12,28,18,4.062559665937117,4.230973099097256,-0.16841343316013901,0.16841343316013901
2023-12-29 00:00:00,2023,12,29,0,3.620996211790993,3.94321405077741,-0.322217838986417,0.322217838986417
2023-12-29 06:00:00,2023,12,29,6,4.346864744752037,4.243694719348079,0.10317002540395759,0.10317002540395759
2023-12-29 12:00:00,2023,12,29,12,7.395415137754921,7.066608038240527,0.32880709951439435,0.32880709951439435
2023-12-29 18:00:00,2023,12,29,18,3.941362280251037,4.198830387402084,-0.25746810715104695,0.25746810715104695
2023-12-30 00:00:00,2023,12,30,0,3.962793437579743,3.9839631858046562,-0.021169748224913132,0.021169748224913132
2023-12-30 06:00:00,2023,12,30,6,4.324556827524543,4.280300485198368,0.04425634232617526,0.04425634232617526
2023-12-30 12:00:00,2023,12,30,12,6.609936770770477,6.395832468731572,0.21410430203890485,0.21410430203890485
2023-12-30 18:00:00,2023,12,30,18,4.299739254214898,4.267758375025566,0.0319808791893319,0.0319808791893319
2023-12-31 00:00:00,2023,12,31,0,3.722581881874934,3.869006160171126,-0.14642427829619198,0.14642427829619198
2023-12-31 06:00:00,2023,12,31,6,4.2820730932615385,4.2651374155231565,0.016935677738382005,0.016935677738382005
2023-12-31 12:00:00,2023,12,31,12,7.147606659815044,7.038980283620657,0.10862637619438686,0.10862637619438686
2023-12-31 18:00:00,2023,12,31,18,3.875307438855445,4.037634086945512,-0.1623266480900667,0.1623266480900667
2023-01-01 00:00:00,2023,1,1,0,1.9332599353774655,1.8511803669549223,0.08207956842254327,0.08207956842254327
2023-01-01 06:00:00,2023,1,1,6,2.50874488295928,2.6315588433693735,-0.12281396041009351,0.12281396041009351
2023-01-01 12:00:00,2023,1,1,12,6.143093808265293,6.052332844150557,0.090760964114736,0.090760964114736
2023-01-01 18:00:00,2023,1,1,18,2.5924460129335345,2.409767266481828,0.18267874645170634,0.18267874645170634
2023-01-02 00:00:00,2023,1,2,0,1.8962495344263537,2.106334239382793,-0.21008470495643938,0.21008470495643938
2023-01-02 06:00:00,2023,1,2,6,2.7243019613157644,2.606121933877287,0.11818002743847744,0.11818002743847744
2023-01-02 12:00:00,2023,1,2,12,5.847843379454444,5.521351212559057,0.3264921668953873,0.3264921668953873
2023-01-02 18:00:00,2023,1,2,18,2.317273545465134,2.47714810946112,-0.15987456399598576,0.15987456399598576
2023-01-03 00:00:00,2023,1,3,0,2.1601518218229,2.0852960555071047,0.07485576631579516,0.07485576631579516
2023-01-03 06:00:00,2023,1,3,6,2.81963501175747,2.6476855955160166,0.17194941624145343,0.17194941624145343
2023-01-03 12:00:00,2023,1,3,12,5.67868419342301,5.82216426160816,-0.14348006818515024,0.14348006818515024
2023-01-03 18:00:00,2023,1,3,18,2.747221551298664,2.5177287336246583,0.22949281767400587,0.22949281767400587
2023-01-04 00:00:00,2023,1,4,0,1.754303952856191,2.0681835129032304,-0.31387956004703943,0.31387956004703943
2023-01-04 06:00:00,2023,1,4,6,2.3226656477744347,2.4824582731586733,-0.15979262538423855,0.15979262538423855
2023-01-04 12:00:00,2023,1,4,12,5.225166990201656,5.501863286575335,-0.27669629637367876,0.27669629637367876
2023-01-04 18:00:00,2023,1,4,18,2.3421292449139037,2.294273281640378,0.04785596327352559,0.04785596327352559
2023-01-05 00:00:00,2023,1,5,0,2.0210047151267814,2.0254520667229747,-0.004447351596193361,0.004447351596193361
2023-01-05 06:00:00,2023,1,5,6,2.410653491336658,2.3659245460107257,0.0447289453259323,0.0447289453259323
2023-01-05 12:00:00,2023,1,5,12,5.661911822290619,5.604883845251914,0.05702797703870477,0.05702797703870477
2023-01-05 18:00:00,2023,1,5,18,2.230824009167604,2.3630176019382065,-0.13219359277060239,0.13219359277060239
2023-01-06 00:00:00,2023,1,6,0,1.9236262366469783,1.7700236902011095,0.1536025464458688,0.1536025464458688
2023-01-06 06:00:00,2023,1,6,6,2.527957104360758,2.537070675348187,-0.009113570987429043,0.009113570987429043
2023-01-06 12:00:00,2023,1,6,12,6.277147556623524,5.851991893623689,0.42515566299983565,0.42515566299983565
2023-01-06 18:00:00,2023,1,6,18,2.586085239846961,2.6796448225202054,-0.09355958267324427,0.09355958267324427
2023-01-07 00:00:00,2023,1,7,0,1.760800677505363,1.8339403840287443,-0.0731397065233812,0.0731397065233812
2023-01-07 06:00:00,2023,1,7,6,2.7213092854812277,2.6352985197392704,0.08601076574195732,0.08601076574195732
2023-01-07 12:00:00,2023,1,7,12,5.4699681346126034,5.461814447987121,0.00815368662548277,0.00815368662548277
2023-01-07 18:00:00,2023,1,7,18,3.1644550993387184,2.9783590358453558,0.1860960634933626,0.1860960634933626
2023-01-08 00:00:00,2023,1,8,0,2.434686012302401,2.015169535074775,0.4195164772276261,0.4195164772276261
2023-01-08 06:00:00,2023,1,8,6,2.442189191212649,2.4035607823858602,0.038628408826788974,0.038628408826788974
2023-01-08 12:00:00,2023,1,8,12,5.467919561151239,5.547591157842064,-0.07967159669082502,0.07967159669082502
2023-01-08 18:00:00,2023,1,8,18,2.7154903969502224,2.5327236006804585,0.1827667962697639,0.1827667962697639
2023-01-09 00:00:00,2023,1,9,0,1.9365088332418203,1.8573128671401025,0.07919596610171786,0.07919596610171786
2023-01-09 06:00:00,2023,1,9,6,2.869479839321278,2.7070703398113807,0.16240949950989725,0.16240949950989725
2023-01-09 12:00:00,2023,1,9,12,5.494393574840832,5.77616732941754,-0.28177375457670806,0.28177375457670806
2023-01-09 18:00:00,2023,1,9,18,2.4723632137344023,2.585670462087699,-0.11330724835329686,0.11330724835329686
2023-01-10 00:00:00,2023,1,10,0,1.8928942391980283,2.0248969158788617,-0.13200267668083332,0.13200267668083332
2023-01-10 06:00:00,2023,1,10,6,2.684581334461756,2.4683621590144105,0.2162191754473457,0.2162191754473457
2023-01-10 12:00:00,2023,1,10,12,5.411987005795257,5.573334822648117,-0.16134781685286015,0.16134781685286015
2023-01-10 18:00:00,2023,1,10,18,2.7644653871460263,2.5581590329325117,0.20630635421351462,0.20630635421351462
2023-01-11 00:00:00,2023,1,11,0,1.8980150649104828,1.8980913356878364,-7.627077735361532e-05,7.627077735361532e-05
2023-01-11 06:00:00,2023,1,11,6,2.517784498488453,2.4879568087960577,0.029827689692395243,0.029827689692395243
2023-01-11 12:00:00,2023,1,11,12,5.919275248399865,5.754794791832181,0.16448045656768429,0.16448045656768429
2023-01-11 18:00:00,2023,1,11,18,1.7492392225642046,2.208734586361569,-0.4594953637973642,0.4594953637973642
2023-01-12 00:00:00,2023,1,12,0,2.049556087676114,1.8629399122306969,0.18661617544541698,0.18661617544541698
2023-01-12 06:00:00,2023,1,12,6,2.5915927171363204,2.531324849489479,0.060267867646841555,0.060267867646841555
2023-01-12 12:00:00,2023,1,12,12,5.822889265599208,5.910211157946378,-0.0873218923471697,0.0873218923471697
2023-01-12 18:00:00,2023,1,12,18,2.514815675222813,2.4880003263451544,0.02681534887765835,0.02681534887765835
2023-01-13 00:00:00,2023,1,13,0,2.052667671034869,1.9902708841987666,0.06239678683610239,0.06239678683610239
2023-01-13 06:00:00,2023,1,13,6,2.7431620287469918,2.688562220385923,0.05459980836106881,0.05459980836106881
2023-01-13 12:00:00,2023,1,13,12,6.062847815673595,5.917479995114126,0.14536782055946862,0.14536782055946862
2023-01-13 18:00:00,2023,1,13,18,2.489479314019513,2.4921321227591275,-0.0026528087396147093,0.0026528087396147093
2023-01-14 00:00:00,2023,1,14,0,1.917291854831242,1.825209525618541,0.0920823292127011,0.0920823292127011
2023-01-14 06:00:00,2023,1,14,6,2.648729748548657,2.6026158427182913,0.0461139058303659,0.0461139058303659
2023-01-14 12:00:00,2023,1,14,12,5.738803861226271,5.793090644213712,-0.054286782987441384,0.054286782987441384
2023-01-14 18:00:00,2023,1,14,18,2.3249158256698013,2.3969680252904837,-0.07205219962068243,0.07205219962068243
2023-01-15 00:00:00,2023,1,15,0,2.2745244537013307,1.967371994399094,0.3071524593022368,0.3071524593022368
2023-01-15 06:00:00,2023,1,15,6,2.079696371007068,2.5260300017420403,-0.44633363073497234,0.44633363073497234
2023-01-15 12:00:00,2023,1,15,12,5.741494400710005,5.766174869740991,-0.02468046903098564,0.02468046903098564
2023-01-15 18:00:00,2023,1,15,18,2.35798671829936,2.4012822003979317,-0.043295482098571814,0.043295482098571814
2023-01-16 00:00:00,2023,1,16,0,2.1412249444785063,1.934651942193158,0.20657300228534825,0.20657300228534825
2023-01-16 06:00:00,2023,1,16,6,2.314187280510314,2.3271262336084177,-0.012938953098103667,0.012938953098103667
2023-01-16 12:00:00,2023,1,16,12,5.59830889482304,5.458419521233617,0.13988937358942266,0.13988937358942266
2023-01-16 18:00:00,2023,1,16,18,2.367613937467985,2.2963216041944956,0.07129233327348938,0.07129233327348938
2023-01-17 00:00:00,2023,1,17,0,1.7665989918035383,1.7321922199206865,0.034406771882851794,0.034406771882851794
2023-01-17 06:00:00,2023,1,17,6,2.6090802498478496,2.6574286025175446,-0.04834835266969506,0.04834835266969506
2023-01-17 12:00:00,2023,1,17,12,5.726239720926023,5.870678071570808,-0.14443835064478439,0.14443835064478439
2023-01-17 18:00:00,2023,1,17,18,2.0962560627111597,2.3488958740735995,-0.25263981136243974,0.25263981136243974
2023-01-18 00:00:00,2023,1,18,0,1.6596072111427718,1.7733638897985098,-0.11375667865573802,0.11375667865573802
2023-01-18 06:00:00,2023,1,18,6,2.3992380787787506,2.340532110549898,0.058705968228852434,0.058705968228852434
2023-01-18 12:00:00,2023,1,18,12,6.099034191263353,5.867918947651916,0.23111524361143765,0.23111524361143765
2023-01-18 18:00:00,2023,1,18,18,2.3564088667145207,2.275075838328781,0.08133302838573986,0.08133302838573986
2023-01-19 00:00:00,2023,1,19,0,1.594933403019304,1.7897585683280095,-0.19482516530870542,0.19482516530870542
2023-01-19 06:00:00,2023,1,19,6,2.8504723168381494,2.8621581757208605,-0.01168585888271112,0.01168585888271112
2023-01-19 12:00:00,2023,1,19,12,5.497474290564223,5.505716186839106,-0.008241896274882698,0.008241896274882698
2023-01-19 18:00:00,2023,1,19,18,2.0971764374687245,2.203012838209509,-0.1058364007407846,0.1058364007407846
2023-01-20 00:00:00,2023,1,20,0,2.0368723675074656,2.0384481184753827,-0.0015757509679170667,0.0015757509679170667
2023-01-20 06:00:00,2023,1,20,6,2.6353062993942804,2.5383038835606526,0.09700241583362779,0.09700241583362779
2023-01-20 12:00:00,2023,1,20,12,5.897566107304626,5.843756593110366,0.05380951419425983,0.05380951419425983
2023-01-20 18:00:00,2023,1,20,18,2.745762179085636,2.553078534015643,0.19268364506999314,0.19268364506999314
2023-01-21 00:00:00,2023,1,21,0,1.944796543649026,1.9536943144609764,-0.008897770811950423,0.008897770811950423
2023-01-21 06:00:00,2023,1,21,6,2.795993608126356,2.830095141063904,-0.03410153293754803,0.03410153293754803
2023-01-21 12:00:00,2023,1,21,12,5.467159843188845,5.390169352025923,0.07699049116292134,0.07699049116292134
2023-01-21 18:00:00,2023,1,21,18,2.253568400229473,2.4694597137585106,-0.21589131352903745,0.21589131352903745
2023-01-22 00:00:00,2023,1,22,0,1.6551862808951563,1.7696385556667522,-0.11445227477159592,0.11445227477159592
2023-01-22 06:00:00,2023,1,22,6,2.655525001563033,2.5468989549016383,0.10862604666139486,0.10862604666139486
2023-01-22 12:00:00,2023,1,22,12,5.795368701039295,5.84144241321022,-0.04607371217092471,0.04607371217092471
2023-01-22 18:00:00,2023,1,22,18,2.2317029662668744,2.4442093798858204,-0.21250641361894607,0.21250641361894607
2023-01-23 00:00:00,2023,1,23,0,1.895005837239995,1.8723811380299877,0.022624699210007204,0.022624699210007204
2023-01-23 06:00:00,2023,1,23,6,2.707384664869233,2.744224694370678,-0.03684002950144505,0.03684002950144505
2023-01-23 12:00:00,2023,1,23,12,5.989578318396944,5.893956813263081,0.09562150513386314,0.09562150513386314
2023-01-23 18:00:00,2023,1,23,18,2.4720764291548085,2.412616131275978,0.05946029787883056,0.05946029787883056
2023-01-24 00:00:00,2023,1,24,0,1.737576906444913,1.8684219703441378,-0.1308450638992249,0.1308450638992249
2023-01-24 06:00:00,2023,1,24,6,2.6013939717050474,2.6495892844236657,-0.04819531271861832,0.04819531271861832
2023-01-24 12:00:00,2023,1,24,12,6.068901393531476,5.941803220596667,0.12709817293480885,0.12709817293480885
2023-01-24 18:00:00,2023,1,24,18,2.8848497801678707,2.701621526909846,0.18322825325802494,0.18322825325802494
2023-01-25 00:00:00,2023,1,25,0,1.833238985519942,1.9811274265132075,-0.14788844099326548,0.14788844099326548
2023-01-25 06:00:00,2023,1,25,6,2.716900202370073,2.509547992746958,0.20735220962311507,0.20735220962311507
2023-01-25 12:00:00,2023,1,25,12,5.848892928115977,5.794622605926138,0.05427032218983907,0.05427032218983907
2023-01-25 18:00:00,2023,1,25,18,2.484188068688809,2.4369717293406046,0.04721633934820435,0.04721633934820435
2023-01-26 00:00:00,2023,1,26,0,1.896406111981207,1.785309816081423,0.11109629589978409,0.11109629589978409
2023-01-26 06:00:00,2023,1,26,6,2.5707827613530343,2.3798037738873083,0.19097898746572595,0.19097898746572595
2023-01-26 12:00:00,2023,1,26,12,5.55975131739302,5.654957787248448,-0.09520646985542847,0.09520646985542847
2023-01-26 18:00:00,2023,1,26,18,2.39922525186521,2.4346506987159824,-0.035425446850772424,0.035425446850772424
2023-01-27 00:00:00,2023,1,27,0,1.842144576975684,2.076178506713084,-0.23403392973740011,0.23403392973740011
2023-01-27 06:00:00,2023,1,27,6,2.323451382949405,2.3028877569881554,0.02056362596124961,0.02056362596124961
2023-01-27 12:00:00,2023,1,27,12,5.442653490139199,5.511668425409913,-0.06901493527071345,0.06901493527071345
2023-01-27 18:00:00,2023,1,27,18,2.1988482340552555,2.4076099345858912,-0.2087617005306357,0.2087617005306357
2023-01-28 00:00:00,2023,1,28,0,2.110869874112038,1.911592111834158,0.19927776227788008,0.19927776227788008
2023-01-28 06:00:00,2023,1,28,6,2.935833712447008,2.8004929678105865,0.13534074463642165,0.13534074463642165
2023-01-28 12:00:00,2023,1,28,12,5.686302211022634,5.6103150067775305,0.07598720424510308,0.07598720424510308
2023-01-28 18:00:00,2023,1,28,18,2.2394081124885936,2.4709614340462682,-0.2315533215576746,0.2315533215576746
2023-01-29 00:00:00,2023,1,29,0,1.5806082241076571,1.833493679237679,-0.2528854551300219,0.2528854551300219
2023-01-29 06:00:00,2023,1,29,6,2.43012974434522,2.4093827171300863,0.020747027215133773,0.020747027215133773
2023-01-29 12:00:00,2023,1,29,12,6.018240506396272,5.792553136982269,0.22568736941400314,0.22568736941400314
2023-01-29 18:00:00,2023,1,29,18,2.619682201852267,2.3794261756738826,0.24025602617838437,0.24025602617838437
2023-01-30 00:00:00,2023,1,30,0,1.7720175543130168,1.84085839411987,-0.06884083980685318,0.06884083980685318
2023-01-30 06:00:00,2023,1,30,6,2.4663491033035774,2.5954718803166466,-0.12912277701306918,0.12912277701306918
2023-01-30 12:00:00,2023,1,30,12,5.955864427780178,5.83237146412953,0.12349296365064877,0.12349296365064877
2023-01-30 18:00:00,2023,1,30,18,2.703164251183714,2.6449522611783935,0.0582119900053204,0.0582119900053204
2023-01-31 00:00:00,2023,1,31,0,1.7393148609827027,1.9122981520380073,-0.17298329105530463,0.17298329105530463
2023-01-31 06:00:00,2023,1,31,6,2.865563306166091,2.6381026082663226,0.22746069789976842,0.22746069789976842
2023-01-31 12:00:00,2023,1,31,12,5.753343308410216,5.805827881720347,-0.052484573310131566,0.052484573310131566
2023-01-31 18:00:00,2023,1,31,18,2.578519194146496,2.518973273741089,0.059545920405407404,0.059545920405407404
2023-02-01 00:00:00,2023,2,1,0,2.0091885129836045,1.9309924606453164,0.07819605233828808,0.07819605233828808
2023-02-01 06:00:00,2023,2,1,6,2.64150480595866,2.6105894041926536,0.03091540176600649,0.03091540176600649
2023-02-01 12:00:00,2023,2,1,12,5.710155085846018,5.926452523752233,-0.21629743790621525,0.21629743790621525
2023-02-01 18:00:00,2023,2,1,18,2.279387792716584,2.6097781895771313,-0.33039039686054705,0.33039039686054705
2023-02-02 00:00:00,2023,2,2,0,1.9013836801108124,1.9009041297375315,0.00047955037328084593,0.00047955037328084593
2023-02-02 06:00:00,2023,2,2,6,2.513367228366848,2.462742938958866,0.05062428940798158,0.05062428940798158
2023-02-02 12:00:00,2023,2,2,12,6.091955864317407,5.934883712091194,0.1570721522262133,0.1570721522262133
2023-02-02 18:00:00,2023,2,2,18,2.834027013816087,2.836419014191046,-0.0023920003749591245,0.0023920003749591245
2023-02-03 00:00:00,2023,2,3,0,1.9293429871816892,2.016604047909938,-0.08726106072824868,0.08726106072824868
2023-02-03 06:00:00,2023,2,3,6,2.225978178787088,2.490479264926018,-0.2645010861389303,0.2645010861389303
2023-02-03 12:00:00,2023,2,3,12,5.659440225736963,5.618058070779711,0.04138215495725195,0.04138215495725195
2023-02-03 18:00:00,2023,2,3,18,2.46503347169979,2.5397162162594045,-0.07468274455961454,0.07468274455961454
2023-02-04 00:00:00,2023,2,4,0,2.0715154777952547,1.9116542310891362,0.15986124670611845,0.15986124670611845
2023-02-04 06:00:00,2023,2,4,6,2.3675451045344005,2.2396532440876498,0.12789186044675072,0.12789186044675072
2023-02-04 12:00:00,2023,2,4,12,5.617035629147539,5.802428558478207,-0.18539292933066776,0.18539292933066776
2023-02-04 18:00:00,2023,2,4,18,2.952993385206375,2.752120367421238,0.200873017785137,0.200873017785137
2023-02-05 00:00:00,2023,2,5,0,1.7270741614058358,1.9303404381460976,-0.20326627674026176,0.20326627674026176
2023-02-05 06:00:00,2023,2,5,6,2.620504193404482,2.724059919492244,-0.10355572608776198,0.10355572608776198
2023-02-05 12:00:00,2023,2,5,12,5.764032589402408,5.765443148822819,-0.0014105594204112393,0.0014105594204112393
2023-02-05 18:00:00,2023,2,5,18,2.7860338785211765,2.549943465151208,0.2360904133699684,0.2360904133699684
2023-02-06 00:00:00,2023,2,6,0,1.875496627720202,1.9353491863285484,-0.05985255860834626,0.05985255860834626
2023-02-06 06:00:00,2023,2,6,6,2.7117051614393604,2.3964937467947616,0.3152114146445988,0.3152114146445988
2023-02-06 12:00:00,2023,2,6,12,5.8027849946277135,5.809640361797901,-0.006855367170187421,0.006855367170187421
2023-02-06 18:00:00,2023,2,6,18,2.44244636233788,2.5597386116776777,-0.11729224933979765,0.11729224933979765
2023-02-07 00:00:00,2023,2,7,0,1.956598841281351,1.7995487451168988,0.1570500961644523,0.1570500961644523
2023-02-07 06:00:00,2023,2,7,6,2.7103314081834364,2.600185588529645,0.11014581965379122,0.11014581965379122
2023-02-07 12:00:00,2023,2,7,12,6.056477331191735,6.015529448040607,0.04094788315112741,0.04094788315112741
2023-02-07 18:00:00,2023,2,7,18,2.2819048389998624,2.4186315492619848,-0.13672671026212235,0.13672671026212235
2023-02-08 00:00:00,2023,2,8,0,2.254524604127772,1.8365810008821488,0.41794360324562296,0.41794360324562296
2023-02-08 06:00:00,2023,2,8,6,2.723740855153441,2.712964429520873,0.010776425632568198,0.010776425632568198
2023-02-08 12:00:00,2023,2,8,12,5.844197230545095,5.926116219901651,-0.08191898935655573,0.08191898935655573
2023-02-08 18:00:00,2023,2,8,18,2.611727881479993,2.521326194627088,0.09040168685290517,0.09040168685290517
2023-02-09 00:00:00,2023,2,9,0,2.2062920542403077,2.070711418032147,0.13558063620816085,0.13558063620816085
2023-02-09 06:00:00,2023,2,9,6,3.116491346129791,3.0086220372957655,0.10786930883402546,0.10786930883402546
2023-02-09 12:00:00,2023,2,9,12,5.7020988870966045,5.727401522444998,-0.025302635348393387,0.025302635348393387
2023-02-09 18:00:00,2023,2,9,18,2.651331003129382,2.6417484737527688,0.009582529376613191,0.009582529376613191
2023-02-10 00:00:00,2023,2,10,0,1.620378584646563,1.8527647290437632,-0.23238614439720018,0.23238614439720018
2023-02-10 06:00:00,2023,2,10,6,2.47166852137166,2.6299693423493196,-0.15830082097765974,0.15830082097765974
2023-02-10 12:00:00,2023,2,10,12,5.915002265322124,5.992379546098083,-0.07737728077595918,0.07737728077595918
2023-02-10 18:00:00,2023,2,10,18,2.555825526662981,2.449807957511848,0.10601756915113292,0.10601756915113292
2023-02-11 00:00:00,2023,2,11,0,1.7946943983803627,1.8624136635262118,-0.06771926514584914,0.06771926514584914
2023-02-11 06:00:00,2023,2,11,6,2.581769843095024,2.584443098193303,-0.0026732550982790926,0.0026732550982790926
2023-02-11 12:00:00,2023,2,11,12,5.625932950555964,5.539166799727121,0.08676615082884354,0.08676615082884354
2023-02-11 18:00:00,2023,2,11,18,2.717687438773285,2.760852807155052,-0.04316536838176699,0.04316536838176699
2023-02-12 00:00:00,2023,2,12,0,1.8374415464042015,1.8919731463983185,-0.05453159999411694,0.05453159999411694
2023-02-12 06:00:00,2023,2,12,6,2.556455572655331,2.704781149118527,-0.1483255764631961,0.1483255764631961
2023-02-12 12:00:00,2023,2,12,12,5.676855790525719,5.8865719630664275,-0.20971617254070818,0.20971617254070818
2023-02-12 18:00:00,2023,2,12,18,2.714769409814028,2.425545843049003,0.2892235667650249,0.2892235667650249
2023-02-13 00:00:00,2023,2,13,0,1.500330354833128,1.7679222377343953,-0.26759188290126734,0.26759188290126734
2023-02-13 06:00:00,2023,2,13,6,2.83080481671207,2.79285135233563,0.03795346437643987,0.03795346437643987
2023-02-13 12:00:00,2023,2,13,12,6.055228139993572,5.966855104141318,0.08837303585225431,0.08837303585225431
2023-02-13 18:00:00,2023,2,13,18,2.573274119951448,2.594888588242211,-0.021614468290763078,0.021614468290763078
2023-02-14 00:00:00,2023,2,14,0,2.069129676600564,1.9689448850462257,0.10018479155433813,0.10018479155433813
2023-02-14 06:00:00,2023,2,14,6,2.643988107282395,2.659289325280551,-0.01530121799815598,0.01530121799815598
2023-02-14 12:00:00,2023,2,14,12,6.20230644065504,5.922141886034688,0.2801645546203515,0.2801645546203515
2023-02-14 18:00:00,2023,2,14,18,2.640172236103425,2.7474732149456447,-0.10730097884221967,0.10730097884221967
2023-02-15 00:00:00,2023,2,15,0,1.5546422664730368,1.961089262376458,-0.40644699590342115,0.40644699590342115
2023-02-15 06:00:00,2023,2,15,6,2.713886349026911,2.561616955993352,0.15226939303355902,0.15226939303355902
2023-02-15 12:00:00,2023,2,15,12,6.169014298557507,6.138547104414811,0.030467194142696385,0.030467194142696385
2023-02-15 18:00:00,2023,2,15,18,2.7107136810906662,2.464346221720468,0.2463674593701981,0.2463674593701981
2023-02-16 00:00:00,2023,2,16,0,1.997460983173064,2.106859813586177,-0.10939883041311305,0.10939883041311305
2023-02-16 06:00:00,2023,2,16,6,2.5971197978650937,2.6871410750821934,-0.09002127721709963,0.09002127721709963
2023-02-16 12:00:00,2023,2,16,12,5.8581569056432095,5.841057320695676,0.017099584947533053,0.017099584947533053
2023-02-16 18:00:00,2023,2,16,18,2.403731941749233,2.559458768828027,-0.15572682707879393,0.15572682707879393
2023-02-17 00:00:00,2023,2,17,0,2.2376011084625325,2.223998284173932,0.013602824288600601,0.013602824288600601
2023-02-17 06:00:00,2023,2,17,6,2.726514312446813,2.533539673251527,0.192974639195286,0.192974639195286
2023-02-17 12:00:00,2023,2,17,12,6.671066859933396,6.318753455453185,0.35231340448021164,0.35231340448021164
2023-02-17 18:00:00,2023,2,17,18,2.837806976068008,2.755182377388611,0.08262459867939675,0.08262459867939675
2023-02-18 00:00:00,2023,2,18,0,1.9945167582536996,2.0599438187168033,-0.06542706046310376,0.06542706046310376
2023-02-18 06:00:00,2023,2,18,6,2.6426191377596715,2.649819324787522,-0.007200187027850635,0.007200187027850635
2023-02-18 12:00:00,2023,2,18,12,6.278443101684872,6.098780411966791,0.1796626897180813,0.1796626897180813
2023-02-18 18:00:00,2023,2,18,18,2.7157393753887686,2.6484628462493864,0.0672765291393822,0.0672765291393822
2023-02-19 00:00:00,2023,2,19,0,1.799747624357234,1.920481243552566,-0.1207336191953321,0.1207336191953321
2023-02-19 06:00:00,2023,2,19,6,2.4590802961164804,2.61045673036778,-0.15137643425129976,0.15137643425129976
2023-02-19 12:00:00,2023,2,19,12,6.50515955296491,6.416014114272417,0.08914543869249325,0.08914543869249325
2023-02-19 18:00:00,2023,2,19,18,2.4922610793366777,2.6698936074743123,-0.17763252813763453,0.17763252813763453
2023-02-20 00:00:00,2023,2,20,0,2.10139775635095,2.0655002533108417,0.03589750304010808,0.03589750304010808
2023-02-20 06:00:00,2023,2,20,6,2.7990892735670454,2.635025306120182,0.16406396744686358,0.16406396744686358
2023-02-20 12:00:00,2023,2,20,12,6.338012231454671,6.11583612625622,0.222176105198451,0.222176105198451
2023-02-20 18:00:00,2023,2,20,18,2.8226511492527804,2.7575571684787112,0.06509398077406914,0.06509398077406914
2023-02-21 00:00:00,2023,2,21,0,1.863980801892682,2.0015816268519333,-0.1376008249592513,0.1376008249592513
2023-02-21 06:00:00,2023,2,21,6,2.810088673413634,2.802976898784354,0.007111774629279921,0.007111774629279921
2023-02-21 12:00:00,2023,2,21,12,6.512201024077563,6.345185293393473,0.16701573068409026,0.16701573068409026
2023-02-21 18:00:00,2023,2,21,18,2.772346382722129,2.792611016809776,-0.020264634087647337,0.020264634087647337
2023-02-22 00:00:00,2023,2,22,0,2.296007430561959,2.3111451976312374,-0.015137767069278496,0.015137767069278496
2023-02-22 06:00:00,2023,2,22,6,2.709294485522234,2.7650452423051983,-0.05575075678296448,0.05575075678296448
2023-02-22 12:00:00,2023,2,22,12,6.486790338314084,6.445887093772623,0.04090324454146099,0.04090324454146099
2023-02-22 18:00:00,2023,2,22,18,2.626999746035411,2.8881713768547845,-0.26117163081937367,0.26117163081937367
2023-02-23 00:00:00,2023,2,23,0,2.434814957225691,2.306851045939271,0.12796391128641993,0.12796391128641993
2023-02-23 06:00:00,2023,2,23,6,2.9884092929915083,2.987621196763131,0.0007880962283772774,0.0007880962283772774
2023-02-23 12:00:00,2023,2,23,12,5.9913152086583565,6.095279752069697,-0.10396454341134032,0.10396454341134032
2023-02-23 18:00:00,2023,2,23,18,2.91507043651055,2.8728259199211683,0.042244516589381664,0.042244516589381664
2023-02-24 00:00:00,2023,2,24,0,1.9736357090592744,2.078647738132035,-0.10501202907276075,0.10501202907276075
2023-02-24 06:00:00,2023,2,24,6,2.735010601479493,3.008475581132745,-0.273464979653252,0.273464979653252
2023-02-24 12:00:00,2023,2,24,12,5.89933504670934,6.087056992887017,-0.18772194617767646,0.18772194617767646
2023-02-24 18:00:00,2023,2,24,18,3.076753668046105,2.9752296960596247,0.10152397198648044,0.10152397198648044
2023-02-25 00:00:00,2023,2,25,0,1.955144225650156,1.8412638636856526,0.11388036196450346,0.11388036196450346
2023-02-25 06:00:00,2023,2,25,6,2.268767255152545,2.41300803464013,-0.14424077948758507,0.14424077948758507
2023-02-25 12:00:00,2023,2,25,12,6.009359620160116,5.947844791171356,0.06151482898876015,0.06151482898876015
2023-02-25 18:00:00,2023,2,25,18,2.9933528148700543,2.712086674681916,0.28126614018813845,0.28126614018813845
2023-02-26 00:00:00,2023,2,26,0,2.1152380696758297,2.330112256556199,-0.2148741868803694,0.2148741868803694
2023-02-26 06:00:00,2023,2,26,6,2.657761775986039,2.7333998281386944,-0.07563805215265562,0.07563805215265562
2023-02-26 12:00:00,2023,2,26,12,6.566441113802852,6.2165062118206045,0.3499349019822473,0.3499349019822473
2023-02-26 18:00:00,2023,2,26,18,3.0013765159433072,3.032649079945072,-0.03127256400176481,0.03127256400176481
2023-02-27 00:00:00,2023,2,27,0,2.127330714292417,2.233738438536498,-0.10640772424408107,0.10640772424408107
2023-02-27 06:00:00,2023,2,27,6,2.5150630703102377,2.7375815500440206,-0.22251847973378291,0.22251847973378291
2023-02-27 12:00:00,2023,2,27,12,6.237526889016652,6.227098227276457,0.010428661740195189,0.010428661740195189
2023-02-27 18:00:00,2023,2,27,18,3.050190409814882,2.8504995929276675,0.19969081688721468,0.19969081688721468
2023-02-28 00:00:00,2023,2,28,0,2.300512019481129,2.2492200520608505,0.05129196742027853,0.05129196742027853
2023-02-28 06:00:00,2023,2,28,6,2.819247920464746,2.7609221896116214,0.05832573085312465,0.05832573085312465
2023-02-28 12:00:00,2023,2,28,12,6.542844595286372,6.371445470778586,0.1713991245077855,0.1713991245077855
2023-02-28 18:00:00,2023,2,28,18,2.860278719996004,2.870740267156619,-0.010461547160615314,0.010461547160615314
2023-03-01 00:00:00,2023,3,1,0,2.5003787734468186,2.3613991464134263,0.13897962703339228,0.13897962703339228
2023-03-01 06:00:00,2023,3,1,6,3.106119995121241,2.8376682117463288,0.26845178337491227,0.26845178337491227
2023-03-01 12:00:00,2023,3,1,12,6.348503606516548,6.285522174695248,0.06298143182130023,0.06298143182130023
2023-03-01 18:00:00,2023,3,1,18,2.859907668985662,2.7376106558327455,0.12229701315291663,0.12229701315291663
2023-03-02 00:00:00,2023,3,2,0,2.5610741211134385,2.376458058298587,0.18461606281485166,0.18461606281485166
2023-03-02 06:00:00,2023,3,2,6,2.912047759651588,2.867075668863463,0.04497209078812503,0.04497209078812503
2023-03-02 12:00:00,2023,3,2,12,6.561452311138954,6.304985603491353,0.2564667076476006,0.2564667076476006
2023-03-02 18:00:00,2023,3,2,18,2.8368425403456468,2.7853849431283604,0.05145759721728638,0.05145759721728638
2023-03-03 00:00:00,2023,3,3,0,2.465459876930593,2.50939209117859,-0.04393221424799698,0.04393221424799698
2023-03-03 06:00:00,2023,3,3,6,3.086309566778126,2.8397710169594554,0.24653854981867074,0.24653854981867074
2023-03-03 12:00:00,2023,3,3,12,6.188233710766181,5.900499656333592,0.2877340544325895,0.2877340544325895
2023-03-03 18:00:00,2023,3,3,18,2.8441462503765,2.5427477851368656,0.3013984652396342,0.3013984652396342
2023-03-04 00:00:00,2023,3,4,0,2.170161308510347,1.9505508307895958,0.21961047772075104,0.21961047772075104
2023-03-04 06:00:00,2023,3,4,6,2.46990056835436,2.804899641991746,-0.3349990736373858,0.3349990736373858
2023-03-04 12:00:00,2023,3,4,12,6.1740942765457625,6.100558660594161,0.07353561595160141,0.07353561595160141
2023-03-04 18:00:00,2023,3,4,18,2.7314496902981587,2.89524399274581,-0.16379430244765114,0.16379430244765114
2023-03-05 00:00:00,2023,3,5,0,2.2900100479545733,2.322057514865444,-0.03204746691087079,0.03204746691087079
2023-03-05 06:00:00,2023,3,5,6,2.759890441749205,2.8067580665362954,-0.04686762478709028,0.04686762478709028
2023-03-05 12:00:00,2023,3,5,12,6.291137998092903,6.305729671400523,-0.01459167330761968,0.01459167330761968
2023-03-05 18:00:00,2023,3,5,18,2.893598023008549,2.8975456852696437,-0.003947662261094553,0.003947662261094553
2023-03-06 00:00:00,2023,3,6,0,2.2436942965276065,2.2334719238223557,0.010222372705250837,0.010222372705250837
2023-03-06 06:00:00,2023,3,6,6,2.9786090709371766,2.9907825232913057,-0.012173452354129033,0.012173452354129033
2023-03-06 12:00:00,2023,3,6,12,6.350959573555954,6.134737128425041,0.2162224451309136,0.2162224451309136
2023-03-06 18:00:00,2023,3,6,18,3.1576842814537365,3.0506591543315356,0.10702512712220091,0.10702512712220091
2023-03-07 00:00:00,2023,3,7,0,2.2402688587629456,2.2330313038000926,0.007237554962852943,0.007237554962852943
2023-03-07 06:00:00,2023,3,7,6,2.7845263301422816,2.7826327825582777,0.0018935475840038407,0.0018935475840038407
2023-03-07 12:00:00,2023,3,7,12,6.52345326822818,6.3547406963168935,0.16871257191128652,0.16871257191128652
2023-03-07 18:00:00,2023,3,7,18,3.1521940096057777,2.8481041470644604,0.3040898625413173,0.3040898625413173
2023-03-08 00:00:00,2023,3,8,0,2.3418929771945693,2.234774019982337,0.10711895721223241,0.10711895721223241
2023-03-08 06:00:00,2023,3,8,6,2.7299852468618777,2.97850959561477,-0.2485243487528921,0.2485243487528921
2023-03-08 12:00:00,2023,3,8,12,6.247079591131292,6.151991185765078,0.09508840536621399,0.09508840536621399
2023-03-08 18:00:00,2023,3,8,18,3.0408228106876973,2.8238137785378163,0.217009032149881,0.217009032149881
2023-03-09 00:00:00,2023,3,9,0,2.1883995728611225,2.4023245375740703,-0.21392496471294775,0.21392496471294775
2023-03-09 06:00:00,2023,3,9,6,2.862698981955758,3.0922472728231134,-0.2295482908673554,0.2295482908673554
2023-03-09 12:00:00,2023,3,9,12,6.765477370567962,6.767218736635559,-0.0017413660675975606,0.0017413660675975606
2023-03-09 18:00:00,2023,3,9,18,2.843457731320976,2.9406185199530555,-0.09716078863207933,0.09716078863207933
2023-03-10 00:00:00,2023,3,10,0,1.6987123358371536,2.019837298005335,-0.3211249621681813,0.3211249621681813
2023-03-10 06:00:00,2023,3,10,6,3.1623412043101764,3.2541525829416735,-0.09181137863149713,0.09181137863149713
2023-03-10 12:00:00,2023,3,10,12,6.553904105565838,6.484234484819348,0.06966962074648997,0.06966962074648997
2023-03-10 18:00:00,2023,3,10,18,2.5295775591853245,2.689359576140337,-0.15978201695501237,0.15978201695501237
2023-03-11 00:00:00,2023,3,11,0,2.055867007908063,2.257037226040817,-0.20117021813275393,0.20117021813275393
2023-03-11 06:00:00,2023,3,11,6,3.0645896930370604,2.957796667695626,0.10679302534143442,0.10679302534143442
2023-03-11 12:00:00,2023,3,11,12,6.602882795066634,6.34061839703255,0.26226439803408397,0.26226439803408397
2023-03-11 18:00:00,2023,3,11,18,2.887723927929302,2.8837830030674145,0.003940924861887574,0.003940924861887574
2023-03-12 00:00:00,2023,3,12,0,1.9903104526946829,2.1912637357144815,-0.20095328301979865,0.20095328301979865
2023-03-12 06:00:00,2023,3,12,6,3.112695376151761,3.1356178785214377,-0.022922502369676856,0.022922502369676856
2023-03-12 12:00:00,2023,3,12,12,6.781841027925081,6.714915024455371,0.06692600346971034,0.06692600346971034
2023-03-12 18:00:00,2023,3,12,18,3.3201877928163444,3.174644986792174,0.14554280602417036,0.14554280602417036
2023-03-13 00:00:00,2023,3,13,0,2.8027583412947705,2.554983993211128,0.24777434808364251,0.24777434808364251
2023-03-13 06:00:00,2023,3,13,6,3.222991574269147,3.1369786919450853,0.08601288232406157,0.08601288232406157
2023-03-13 12:00:00,2023,3,13,12,6.836399944709914,6.715297747455952,0.1211021972539621,0.1211021972539621
2023-03-13 18:00:00,2023,3,13,18,2.8749507944376163,3.017752239106532,-0.14280144466891587,0.14280144466891587
2023-03-14 00:00:00,2023,3,14,0,2.4065616366631946,2.4786791360607916,-0.07211749939759704,0.07211749939759704
2023-03-14 06:00:00,2023,3,14,6,3.100566094031064,3.01919310312117,0.08137299090989414,0.08137299090989414
2023-03-14 12:00:00,2023,3,14,12,7.203251879960502,7.169243077225979,0.03400880273452245,0.03400880273452245
2023-03-14 18:00:00,2023,3,14,18,3.249930289487408,3.29993222811531,-0.05000193862790203,0.05000193862790203
2023-03-15 00:00:00,2023,3,15,0,2.402177759037881,2.360855073641098,0.041322685396782965,0.041322685396782965
2023-03-15 06:00:00,2023,3,15,6,3.37584321154691,3.200311845872494,0.17553136567441596,0.17553136567441596
2023-03-15 12:00:00,2023,3,15,12,6.704837493636242,6.814360900407864,-0.10952340677162198,0.10952340677162198
2023-03-15 18:00:00,2023,3,15,18,3.234865827714437,3.126384542170669,0.10848128554376801,0.10848128554376801
2023-03-16 00:00:00,2023,3,16,0,2.5052635854231884,2.353501138177485,0.1517624472457033,0.1517624472457033
2023-03-16 06:00:00,2023,3,16,6,3.351615940803137,3.247894793263873,0.10372114753926409,0.10372114753926409
2023-03-16 12:00:00,2023,3,16,12,6.356625410278925,6.556917998980203,-0.20029258870127808,0.20029258870127808
2023-03-16 18:00:00,2023,3,16,18,2.966865298428526,2.855981417044493,0.11088388138403316,0.11088388138403316
2023-03-17 00:00:00,2023,3,17,0,2.356766465091583,2.3702874489879995,-0.013520983896416539,0.013520983896416539
2023-03-17 06:00:00,2023,3,17,6,3.1384147246151293,2.914318697216558,0.22409602739857126,0.22409602739857126
2023-03-17 12:00:00,2023,3,17,12,6.857659039021004,6.4742420767422475,0.38341696227875666,0.38341696227875666
2023-03-17 18:00:00,2023,3,17,18,2.9196376627079927,2.9265231112698635,-0.006885448561870788,0.006885448561870788
2023-03-18 00:00:00,2023,3,18,0,2.661474210317166,2.5432054187252655,0.11826879159190051,0.11826879159190051
2023-03-18 06:00:00,2023,3,18,6,2.90601188362195,3.068002545272902,-0.16199066165095166,0.16199066165095166
2023-03-18 12:00:00,2023,3,18,12,6.465618103693031,6.202228630937404,0.26338947275562674,0.26338947275562674
2023-03-18 18:00:00,2023,3,18,18,3.220283830855108,2.9552405037179446,0.2650433271371635,0.2650433271371635
2023-03-19 00:00:00,2023,3,19,0,2.6235805860647194,2.431958150269332,0.1916224357953875,0.1916224357953875
2023-03-19 06:00:00,2023,3,19,6,3.184973534343832,3.1627950689869575,0.02217846535687462,0.02217846535687462
2023-03-19 12:00:00,2023,3,19,12,6.799869315803836,6.638873484040178,0.16099583176365773,0.16099583176365773
2023-03-19 18:00:00,2023,3,19,18,3.0378037319443303,3.0027523951560484,0.03505133678828187,0.03505133678828187
2023-03-20 00:00:00,2023,3,20,0,2.265171449072576,2.414354960995417,-0.14918351192284085,0.14918351192284085
2023-03-20 06:00:00,2023,3,20,6,3.067248330718852,3.3128209572425016,-0.24557262652364953,0.24557262652364953
2023-03-20 12:00:00,2023,3,20,12,6.713775307635245,6.847446469428148,-0.13367116179290228,0.13367116179290228
2023-03-20 18:00:00,2023,3,20,18,3.205913416936456,2.9712336003377833,0.23467981659867254,0.23467981659867254
2023-03-21 00:00:00,2023,3,21,0,2.92773858448986,2.7325437453148593,0.19519483917500047,0.19519483917500047
2023-03-21 06:00:00,2023,3,21,6,2.5645579665707765,2.942409797612841,-0.37785183104206466,0.37785183104206466
2023-03-21 12:00:00,2023,3,21,12,6.725597621840873,6.9005303170856624,-0.17493269524478983,0.17493269524478983
2023-03-21 18:00:00,2023,3,21,18,3.321468351696497,3.032266304598442,0.2892020470980552,0.2892020470980552
2023-03-22 00:00:00,2023,3,22,0,2.399253367232357,2.4340996565992428,-0.03484628936688594,0.03484628936688594
2023-03-22 06:00:00,2023,3,22,6,2.906379524719294,2.987443187509818,-0.08106366279052413,0.08106366279052413
2023-03-22 12:00:00,2023,3,22,12,6.805307613340556,6.876237791632133,-0.07093017829157677,0.07093017829157677
2023-03-22 18:00:00,2023,3,22,18,3.0529709411769623,2.923386527249715,0.1295844139272475,0.1295844139272475
2023-03-23 00:00:00,2023,3,23,0,2.579489448670588,2.449999980438764,0.12948946823182395,0.12948946823182395
2023-03-23 06:00:00,2023,3,23,6,3.2900274948739194,3.1888278363756415,0.10119965849827794,0.10119965849827794
2023-03-23 12:00:00,2023,3,23,12,6.86719605947274,6.845274696344142,0.02192136312859816,0.02192136312859816
2023-03-23 18:00:00,2023,3,23,18,3.149274598145545,3.061295181196116,0.08797941694942857,0.08797941694942857
2023-03-24 00:00:00,2023,3,24,0,2.270241028204053,2.602928110067221,-0.3326870818631682,0.3326870818631682
2023-03-24 06:00:00,2023,3,24,6,3.19833900730923,3.200055885696326,-0.0017168783870959992,0.0017168783870959992
2023-03-24 12:00:00,2023,3,24,12,7.0331403049112815,7.131220111853088,-0.09807980694180607,0.09807980694180607
2023-03-24 18:00:00,2023,3,24,18,3.238805243187193,3.261932959589914,-0.02312771640272082,0.02312771640272082
2023-03-25 00:00:00,2023,3,25,0,2.5524985507531746,2.689194578586162,-0.13669602783298762,0.13669602783298762
2023-03-25 06:00:00,2023,3,25,6,3.133448960153684,3.2334628470111717,-0.10001388685748758,0.10001388685748758
2023-03-25 12:00:00,2023,3,25,12,7.060283168791533,6.94555768537384,0.11472548341769251,0.11472548341769251
2023-03-25 18:00:00,2023,3,25,18,3.0702610183874555,3.3788867639957787,-0.30862574560832323,0.30862574560832323
2023-03-26 00:00:00,2023,3,26,0,2.873877336663251,2.859730850784994,0.014146485878256954,0.014146485878256954
2023-03-26 06:00:00,2023,3,26,6,2.876675440071524,3.021767093828427,-0.1450916537569027,0.1450916537569027
2023-03-26 12:00:00,2023,3,26,12,6.977084405983395,6.981839297797007,-0.0047548918136124385,0.0047548918136124385
2023-03-26 18:00:00,2023,3,26,18,3.1858484664784945,3.2493052524983836,-0.06345678601988913,0.06345678601988913
2023-03-27 00:00:00,2023,3,27,0,2.457407678054443,2.6667938989698197,-0.2093862209153765,0.2093862209153765
2023-03-27 06:00:00,2023,3,27,6,2.9587560914323894,3.145929432713793,-0.18717334128140362,0.18717334128140362
2023-03-27 12:00:00,2023,3,27,12,6.798017550075215,7.044103142221162,-0.24608559214594639,0.24608559214594639
2023-03-27 18:00:00,2023,3,27,18,3.435793556314941,3.3792848712274552,0.056508685087485855,0.056508685087485855
2023-03-28 00:00:00,2023,3,28,0,2.498344481088819,2.5146657277292634,-0.016321246640444542,0.016321246640444542
2023-03-28 06:00:00,2023,3,28,6,3.27889757145941,3.3600478450135425,-0.08115027355413229,0.08115027355413229
2023-03-28 12:00:00,2023,3,28,12,7.0507082660047145,7.031045120557827,0.019663145446887853,0.019663145446887853
2023-03-28 18:00:00,2023,3,28,18,3.228674781781917,3.1378988529213054,0.09077592886061137,0.09077592886061137
2023-03-29 00:00:00,2023,3,29,0,3.1012313701196983,2.886992998478168,0.21423837164153037,0.21423837164153037
2023-03-29 06:00:00,2023,3,29,6,2.7797089936805075,3.1416597464069054,-0.3619507527263979,0.3619507527263979
2023-03-29 12:00:00,2023,3,29,12,6.945048366160135,7.1377167206178065,-0.1926683544576715,0.1926683544576715
2023-03-29 18:00:00,2023,3,29,18,3.334621055786943,3.2548983383692036,0.07972271741773929,0.07972271741773929
2023-03-30 00:00:00,2023,3,30,0,2.567509649100059,2.6426381580703286,-0.07512850897026979,0.07512850897026979
2023-03-30 06:00:00,2023,3,30,6,3.5353844220569264,3.4456435515489545,0.08974087050797186,0.08974087050797186
2023-03-30 12:00:00,2023,3,30,12,7.410745175284126,7.266135181968939,0.14460999331518742,0.14460999331518742
2023-03-30 18:00:00,2023,3,30,18,3.326012888605306,3.189232012408143,0.13678087619716317,0.13678087619716317
2023-03-31 00:00:00,2023,3,31,0,2.4075820403912336,2.5281631009381655,-0.12058106054693196,0.12058106054693196
2023-03-31 06:00:00,2023,3,31,6,3.725186849745418,3.486300988139169,0.2388858616062488,0.2388858616062488
2023-03-31 12:00:00,2023,3,31,12,6.949383702153068,6.933736534639118,0.01564716751394979,0.01564716751394979
2023-03-31 18:00:00,2023,3,31,18,3.400553795842816,3.3882372469854496,0.012316548857366438,0.012316548857366438
2023-04-01 00:00:00,2023,4,1,0,2.8576234055566383,2.74894348329567,0.10867992226096845,0.10867992226096845
2023-04-01 06:00:00,2023,4,1,6,3.2206513722075294,3.41064335962156,-0.18999198741403056,0.18999198741403056
2023-04-01 12:00:00,2023,4,1,12,7.386999091464225,7.201389979442927,0.18560911202129837,0.18560911202129837
2023-04-01 18:00:00,2023,4,1,18,3.507904687059308,3.4100707269044697,0.09783396015483836,0.09783396015483836
2023-04-02 00:00:00,2023,4,2,0,2.572084121682639,2.6314893765810736,-0.059405254898434734,0.059405254898434734
2023-04-02 06:00:00,2023,4,2,6,3.3509208971281885,3.3897303282992435,-0.03880943117105495,0.03880943117105495
2023-04-02 12:00:00,2023,4,2,12,7.514585415291099,7.306574755257381,0.20801066003371727,0.20801066003371727
2023-04-02 18:00:00,2023,4,2,18,3.36354733494444,3.313637649365031,0.04990968557940878,0.04990968557940878
2023-04-03 00:00:00,2023,4,3,0,2.786647376103601,2.834719321317511,-0.048071945213910006,0.048071945213910006
2023-04-03 06:00:00,2023,4,3,6,3.696589414351653,3.5622228014815347,0.1343666128701182,0.1343666128701182
2023-04-03 12:00:00,2023,4,3,12,6.897350679903735,7.129898995017363,-0.23254831511362717,0.23254831511362717
2023-04-03 18:00:00,2023,4,3,18,3.498092481181409,3.473932813230957,0.024159667950452324,0.024159667950452324
2023-04-04 00:00:00,2023,4,4,0,2.8319598498477583,2.8482317170754503,-0.016271867227692027,0.016271867227692027
2023-04-04 06:00:00,2023,4,4,6,3.845584501573777,3.6166965935851976,0.22888790798857928,0.22888790798857928
2023-04-04 12:00:00,2023,4,4,12,7.090013521500748,7.222234671953345,-0.13222115045259653,0.13222115045259653
2023-04-04 18:00:00,2023,4,4,18,3.2753914170692737,3.3660082881259594,-0.0906168710566857,0.0906168710566857
2023-04-05 00:00:00,2023,4,5,0,2.745547001716929,2.8669390309609915,-0.12139202924406245,0.12139202924406245
2023-04-05 06:00:00,2023,4,5,6,3.496573570422985,3.711177738189004,-0.21460416776601887,0.21460416776601887
2023-04-05 12:00:00,2023,4,5,12,7.274446332061408,7.44226205330075,-0.16781572123934207,0.16781572123934207
2023-04-05 18:00:00,2023,4,5,18,3.313965889193782,3.26613867191233,0.04782721728145223,0.04782721728145223
2023-04-06 00:00:00,2023,4,6,0,2.8996829558561505,2.9098220940884456,-0.010139138232295064,0.010139138232295064
2023-04-06 06:00:00,2023,4,6,6,3.459958650155068,3.5687429035411915,-0.10878425338612363,0.10878425338612363
2023-04-06 12:00:00,2023,4,6,12,7.470675524518165,7.362508405459383,0.10816711905878229,0.10816711905878229
2023-04-06 18:00:00,2023,4,6,18,3.7216763568102498,3.6205392287801854,0.10113712803006436,0.10113712803006436
2023-04-07 00:00:00,2023,4,7,0,2.789243730512371,2.7249367731420207,0.0643069573703503,0.0643069573703503
2023-04-07 06:00:00,2023,4,7,6,3.5362633259143164,3.571559477884551,-0.035296151970234835,0.035296151970234835
2023-04-07 12:00:00,2023,4,7,12,7.621824425514459,7.49254483326916,0.1292795922452994,0.1292795922452994
2023-04-07 18:00:00,2023,4,7,18,3.499195164766588,3.556169893030916,-0.05697472826432781,0.05697472826432781
2023-04-08 00:00:00,2023,4,8,0,2.86313596778645,2.7059955692580773,0.15714039852837258,0.15714039852837258
2023-04-08 06:00:00,2023,4,8,6,3.19453159850567,3.326509423790003,-0.13197782528433288,0.13197782528433288
2023-04-08 12:00:00,2023,4,8,12,7.663992248054972,7.545178849738997,0.11881339831597426,0.11881339831597426
2023-04-08 18:00:00,2023,4,8,18,3.87652247412868,3.797206245550356,0.07931622857832377,0.07931622857832377
2023-04-09 00:00:00,2023,4,9,0,3.1252352611120986,2.971700940263436,0.1535343208486628,0.1535343208486628
2023-04-09 06:00:00,2023,4,9,6,3.1459873281871134,3.3100988622987386,-0.16411153411162527,0.16411153411162527
2023-04-09 12:00:00,2023,4,9,12,7.150712347662956,7.384975223605206,-0.23426287594225048,0.23426287594225048
2023-04-09 18:00:00,2023,4,9,18,3.4486308107986017,3.3626886996198015,0.08594211117880013,0.08594211117880013
2023-04-10 00:00:00,2023,4,10,0,2.6278276539628336,2.755157821588279,-0.12733016762544525,0.12733016762544525
2023-04-10 06:00:00,2023,4,10,6,3.526094023692628,3.396348820367527,0.12974520332510098,0.12974520332510098
2023-04-10 12:00:00,2023,4,10,12,7.22546611985218,7.425922418295512,-0.20045629844333224,0.20045629844333224
2023-04-10 18:00:00,2023,4,10,18,3.3783353162494416,3.47779721211049,-0.09946189586104826,0.09946189586104826
2023-04-11 00:00:00,2023,4,11,0,3.061462666140876,2.857374704571073,0.2040879615698028,0.2040879615698028
2023-04-11 06:00:00,2023,4,11,6,3.723462841522068,3.496557148453419,0.22690569306864905,0.22690569306864905
2023-04-11 12:00:00,2023,4,11,12,7.219308860750149,7.17026858195912,0.049040278791029124,0.049040278791029124
2023-04-11 18:00:00,2023,4,11,18,3.54029093018176,3.6635806923404295,-0.12328976215866927,0.12328976215866927
2023-04-12 00:00:00,2023,4,12,0,3.024905772120473,2.9883540926568046,0.03655167946366822,0.03655167946366822
2023-04-12 06:00:00,2023,4,12,6,3.58137847818947,3.4230844047731463,0.15829407341632384,0.15829407341632384
2023-04-12 12:00:00,2023,4,12,12,7.557118995662724,7.397101011552321,0.1600179841104028,0.1600179841104028
2023-04-12 18:00:00,2023,4,12,18,3.493123085531628,3.5845354168641124,-0.09141233133248416,0.09141233133248416
2023-04-13 00:00:00,2023,4,13,0,3.231485027057844,3.401824160244324,-0.17033913318647986,0.17033913318647986
2023-04-13 06:00:00,2023,4,13,6,3.4070241143895066,3.5300327745843405,-0.12300866019483392,0.12300866019483392
2023-04-13 12:00:00,2023,4,13,12,7.343736941576651,7.429613540700789,-0.0858765991241377,0.0858765991241377
2023-04-13 18:00:00,2023,4,13,18,3.7985599285321663,3.5543428081479225,0.2442171203842438,0.2442171203842438
2023-04-14 00:00:00,2023,4,14,0,3.1623956739833696,3.077681392115306,0.08471428186806351,0.08471428186806351
2023-04-14 06:00:00,2023,4,14,6,3.641772670879135,3.6383476674223245,0.003425003456810405,0.003425003456810405
2023-04-14 12:00:00,2023,4,14,12,7.722664655523835,7.69151981967287,0.031144835850965613,0.031144835850965613
2023-04-14 18:00:00,2023,4,14,18,3.734100064606016,3.7671093795671924,-0.03300931496117654,0.03300931496117654
2023-04-15 00:00:00,2023,4,15,0,2.9100137625153657,2.8978317385751766,0.01218202394018908,0.01218202394018908
2023-04-15 06:00:00,2023,4,15,6,3.8241452622204006,3.591145058712718,0.2330002035076828,0.2330002035076828
2023-04-15 12:00:00,2023,4,15,12,7.878782508575684,7.854002151419131,0.024780357156553023,0.024780357156553023
2023-04-15 18:00:00,2023,4,15,18,3.3663262227915403,3.6318957384665707,-0.2655695156750304,0.2655695156750304
2023-04-16 00:00:00,2023,4,16,0,3.1397522449127,3.177004945934585,-0.03725270102188505,0.03725270102188505
2023-04-16 06:00:00,2023,4,16,6,3.6806817196161994,3.8212727703111504,-0.14059105069495104,0.14059105069495104
2023-04-16 12:00:00,2023,4,16,12,7.493832552899869,7.57484471380329,-0.08101216090342067,0.08101216090342067
2023-04-16 18:00:00,2023,4,16,18,3.8386183072479,3.731329953905383,0.10728835334251707,0.10728835334251707
2023-04-17 00:00:00,2023,4,17,0,2.8219016921174758,3.112257782967327,-0.29035609084985126,0.29035609084985126
2023-04-17 06:00:00,2023,4,17,6,3.555697498941021,3.705503693983274,-0.14980619504225334,0.14980619504225334
2023-04-17 12:00:00,2023,4,17,12,7.193855440719036,7.33060030615205,-0.13674486543301434,0.13674486543301434
2023-04-17 18:00:00,2023,4,17,18,3.860264345185188,3.8798761004808378,-0.019611755295649846,0.019611755295649846
2023-04-18 00:00:00,2023,4,18,0,2.955456507936109,3.0018750568937653,-0.04641854895765629,0.04641854895765629
2023-04-18 06:00:00,2023,4,18,6,4.29651639615661,4.157986636896854,0.13852975925975652,0.13852975925975652
2023-04-18 12:00:00,2023,4,18,12,7.95374686948668,7.79543490533455,0.15831196415213,0.15831196415213
2023-04-18 18:00:00,2023,4,18,18,3.845578949996696,3.9066473287031376,-0.06106837870644144,0.06106837870644144
2023-04-19 00:00:00,2023,4,19,0,2.9959030452950803,2.916487164321917,0.07941588097316332,0.07941588097316332
2023-04-19 06:00:00,2023,4,19,6,3.872154172595176,3.8701316267661,0.0020225458290759057,0.0020225458290759057
2023-04-19 12:00:00,2023,4,19,12,7.591916194710742,7.667671407982071,-0.07575521327132861,0.07575521327132861
2023-04-19 18:00:00,2023,4,19,18,3.9520568382840966,3.7480189787600113,0.20403785952408526,0.20403785952408526
2023-04-20 00:00:00,2023,4,20,0,3.470446387893528,3.3274838447456303,0.14296254314789758,0.14296254314789758
2023-04-20 06:00:00,2023,4,20,6,3.7903034687884656,3.8690513728657145,-0.07874790407724896,0.07874790407724896
2023-04-20 12:00:00,2023,4,20,12,7.6922340766484,7.735406362895782,-0.04317228624738245,0.04317228624738245
2023-04-20 18:00:00,2023,4,20,18,3.580127488824354,3.716269588625219,-0.1361420998008649,0.1361420998008649
2023-04-21 00:00:00,2023,4,21,0,3.046546406994464,3.1047797988858825,-0.05823339189141841,0.05823339189141841
2023-04-21 06:00:00,2023,4,21,6,3.883795370362217,3.829779312667328,0.05401605769488915,0.05401605769488915
2023-04-21 12:00:00,2023,4,21,12,8.30310649134721,8.205405183490006,0.09770130785720355,0.09770130785720355
2023-04-21 18:00:00,2023,4,21,18,3.798444442750333,3.7576648726380517,0.040779570112281505,0.040779570112281505
2023-04-22 00:00:00,2023,4,22,0,3.1136302334786694,3.2223250863833917,-0.10869485290472225,0.10869485290472225
2023-04-22 06:00:00,2023,4,22,6,4.049144796798105,3.9697732621731037,0.07937153462500124,0.07937153462500124
2023-04-22 12:00:00,2023,4,22,12,7.593641154633557,7.805707258507024,-0.21206610387346636,0.21206610387346636
2023-04-22 18:00:00,2023,4,22,18,3.980837138569889,3.900849722677366,0.07998741589252312,0.07998741589252312
2023-04-23 00:00:00,2023,4,23,0,3.487506478565743,3.333966377013531,0.15354010155221198,0.15354010155221198
2023-04-23 06:00:00,2023,4,23,6,4.052685507108166,3.9975599951734666,0.05512551193469983,0.05512551193469983
2023-04-23 12:00:00,2023,4,23,12,7.93249938455329,7.837093263105714,0.09540612144757521,0.09540612144757521
2023-04-23 18:00:00,2023,4,23,18,3.4412017944983635,3.714461902312413,-0.2732601078140493,0.2732601078140493
2023-04-24 00:00:00,2023,4,24,0,3.3687787382933445,3.4989513183397007,-0.13017258004635623,0.13017258004635623
2023-04-24 06:00:00,2023,4,24,6,3.9428652913128097,3.7985796195712016,0.1442856717416081,0.1442856717416081
2023-04-24 12:00:00,2023,4,24,12,7.9001690372234,7.955394962861226,-0.05522592563782602,0.05522592563782602
2023-04-24 18:00:00,2023,4,24,18,3.68459551384204,3.6639416085410463,0.020653905300993536,0.020653905300993536
2023-04-25 00:00:00,2023,4,25,0,3.373150752993191,3.26125270673011,0.11189804626308097,0.11189804626308097
2023-04-25 06:00:00,2023,4,25,6,3.3172477957062245,3.590300607102351,-0.2730528113961266,0.2730528113961266
2023-04-25 12:00:00,2023,4,25,12,8.212311057116239,7.944329016722591,0.2679820403936475,0.2679820403936475
2023-04-25 18:00:00,2023,4,25,18,3.86495187822002,3.8243686884545114,0.040583189765508454,0.040583189765508454
2023-04-26 00:00:00,2023,4,26,0,3.300915119742216,3.1294817123373058,0.1714334074049102,0.1714334074049102
2023-04-26 06:00:00,2023,4,26,6,3.572458832918012,3.533245571815132,0.039213261102879926,0.039213261102879926
2023-04-26 12:00:00,2023,4,26,12,7.550200872140538,7.763749711589921,-0.2135488394493832,0.2135488394493832
2023-04-26 18:00:00,2023,4,26,18,4.048539235024221,3.8508596496491565,0.1976795853750648,0.1976795853750648
2023-04-27 00:00:00,2023,4,27,0,3.3874433632092664,3.2793076690601817,0.10813569414908475,0.10813569414908475
2023-04-27 06:00:00,2023,4,27,6,3.69936171790059,3.8896085899576645,-0.19024687205707425,0.19024687205707425
2023-04-27 12:00:00,2023,4,27,12,7.853117649712733,7.913231119112244,-0.060113469399511565,0.060113469399511565
2023-04-27 18:00:00,2023,4,27,18,4.216572409550851,4.216150433937384,0.0004219756134675734,0.0004219756134675734
2023-04-28 00:00:00,2023,4,28,0,3.6287047667632586,3.4961404291798823,0.13256433758337627,0.13256433758337627
2023-04-28 06:00:00,2023,4,28,6,4.107197529763376,3.895873200673128,0.2113243290902478,0.2113243290902478
2023-04-28 12:00:00,2023,4,28,12,8.310796403546359,8.045978569967176,0.2648178335791833,0.2648178335791833
2023-04-28 18:00:00,2023,4,28,18,3.921903981168436,3.948470698726742,-0.026566717558305974,0.026566717558305974
2023-04-29 00:00:00,2023,4,29,0,3.0369898422189445,3.1422634718565914,-0.10527362963764686,0.10527362963764686
2023-04-29 06:00:00,2023,4,29,6,4.087515541353836,4.279865993124638,-0.19235045177080146,0.19235045177080146
2023-04-29 12:00:00,2023,4,29,12,8.554839226094343,8.71098930593435,-0.15615007984000684,0.15615007984000684
2023-04-29 18:00:00,2023,4,29,18,4.017368040827895,4.001789377567125,0.015578663260770398,0.015578663260770398
2023-04-30 00:00:00,2023,4,30,0,3.469483107684335,3.347722230757147,0.12176087692718829,0.12176087692718829
2023-04-30 06:00:00,2023,4,30,6,4.15159048173233,4.107462700859948,0.04412778087238234,0.04412778087238234
2023-04-30 12:00:00,2023,4,30,12,7.926357581952907,7.865204028265639,0.0611535536872676,0.0611535536872676
2023-04-30 18:00:00,2023,4,30,18,4.0935275130184285,4.070178054506485,0.023349458511943588,0.023349458511943588
2023-05-01 00:00:00,2023,5,1,0,3.092674862402028,3.0988370218563337,-0.006162159454305538,0.006162159454305538
2023-05-01 06:00:00,2023,5,1,6,4.072963487823006,4.071750668626589,0.0012128191964162482,0.0012128191964162482
2023-05-01 12:00:00,2023,5,1,12,7.944863102700814,8.067608132741547,-0.12274503004073356,0.12274503004073356
2023-05-01 18:00:00,2023,5,1,18,3.95109378767005,3.9286367865940184,0.022457001076031435,0.022457001076031435
2023-05-02 00:00:00,2023,5,2,0,2.9787173156269966,3.2017346609793367,-0.22301734535234008,0.22301734535234008
2023-05-02 06:00:00,2023,5,2,6,3.9967122168186666,4.080211844622241,-0.08349962780357423,0.08349962780357423
2023-05-02 12:00:00,2023,5,2,12,8.44440088364574,8.211125368514345,0.23327551513139433,0.23327551513139433
2023-05-02 18:00:00,2023,5,2,18,4.188865820206815,4.067731664455284,0.1211341557515313,0.1211341557515313
2023-05-03 00:00:00,2023,5,3,0,3.528168236720835,3.664764447126197,-0.13659621040536196,0.13659621040536196
2023-05-03 06:00:00,2023,5,3,6,4.574036234132982,4.3812084647446525,0.19282776938832935,0.19282776938832935
2023-05-03 12:00:00,2023,5,3,12,7.803569693974357,7.907147241365275,-0.10357754739091796,0.10357754739091796
2023-05-03 18:00:00,2023,5,3,18,4.0068848123543646,4.068702382174189,-0.06181756981982467,0.06181756981982467
2023-05-04 00:00:00,2023,5,4,0,3.709236898755401,3.6138644207839445,0.09537247797145643,0.09537247797145643
2023-05-04 06:00:00,2023,5,4,6,4.117314394804301,4.05670461232281,0.060609782481490626,0.060609782481490626
2023-05-04 12:00:00,2023,5,4,12,8.54422557656626,8.400617635931876,0.14360794063438398,0.14360794063438398
2023-05-04 18:00:00,2023,5,4,18,3.956565661142057,4.1273222994042404,-0.17075663826218346,0.17075663826218346
2023-05-05 00:00:00,2023,5,5,0,3.191869682423656,3.3354846708684787,-0.1436149884448228,0.1436149884448228
2023-05-05 06:00:00,2023,5,5,6,4.607226337809722,4.476003139983599,0.1312231978261229,0.1312231978261229
2023-05-05 12:00:00,2023,5,5,12,8.138986609858993,8.241718700693204,-0.10273209083421087,0.10273209083421087
2023-05-05 18:00:00,2023,5,5,18,4.1426862584874,4.316744128233021,-0.17405786974562076,0.17405786974562076
2023-05-06 00:00:00,2023,5,6,0,3.5654478209488905,3.586497976157559,-0.021050155208668375,0.021050155208668375
2023-05-06 06:00:00,2023,5,6,6,4.467739783349224,4.448277997286731,0.019461786062493047,0.019461786062493047
2023-05-06 12:00:00,2023,5,6,12,8.158471191938528,8.359256347648145,-0.2007851557096174,0.2007851557096174
2023-05-06 18:00:00,2023,5,6,18,4.162412344674392,4.293210118706528,-0.13079777403213644,0.13079777403213644
2023-05-07 00:00:00,2023,5,7,0,3.4604861506028386,3.3955723948834895,0.0649137557193491,0.0649137557193491
2023-05-07 06:00:00,2023,5,7,6,4.489457897046223,4.292510509183523,0.19694738786269994,0.19694738786269994
2023-05-07 12:00:00,2023,5,7,12,8.432270530827036,8.6912604957488,-0.2589899649217635,0.2589899649217635
2023-05-07 18:00:00,2023,5,7,18,4.150969518629193,4.438146486272795,-0.28717696764360223,0.28717696764360223
2023-05-08 00:00:00,2023,5,8,0,3.8801353453572816,3.846168937888226,0.03396640746905577,0.03396640746905577
2023-05-08 06:00:00,2023,5,8,6,4.45660058662328,4.1816250079599655,0.2749755786633141,0.2749755786633141
2023-05-08 12:00:00,2023,5,8,12,8.214513264428323,8.732220640325773,-0.5177073758974498,0.5177073758974498
2023-05-08 18:00:00,2023,5,8,18,4.173511094949219,3.938194158035228,0.23531693691399047,0.23531693691399047
2023-05-09 00:00:00,2023,5,9,0,3.878949040837715,3.781940783749165,0.09700825708854977,0.09700825708854977
2023-05-09 06:00:00,2023,5,9,6,4.287108533038665,4.3629908213854,-0.07588228834673494,0.07588228834673494
2023-05-09 12:00:00,2023,5,9,12,8.321697454485335,8.39812654595861,-0.07642909147327437,0.07642909147327437
2023-05-09 18:00:00,2023,5,9,18,4.240960280329891,4.306046750012901,-0.0650864696830098,0.0650864696830098
2023-05-10 00:00:00,2023,5,10,0,3.779354157526837,3.78459701106667,-0.005242853539833003,0.005242853539833003
2023-05-10 06:00:00,2023,5,10,6,4.05525639439315,4.129532381477818,-0.07427598708466832,0.07427598708466832
2023-05-10 12:00:00,2023,5,10,12,8.10544688104002,8.432847230156195,-0.327400349116175,0.327400349116175
2023-05-10 18:00:00,2023,5,10,18,4.292412250280434,4.184403325796225,0.10800892448420907,0.10800892448420907
2023-05-11 00:00:00,2023,5,11,0,3.871412069769379,3.6869105301530722,0.18450153961630678,0.18450153961630678
2023-05-11 06:00:00,2023,5,11,6,4.406837824559698,4.385623848682948,0.021213975876750446,0.021213975876750446
2023-05-11 12:00:00,2023,5,11,12,8.246224743418216,8.469203085548878,-0.2229783421306628,0.2229783421306628
2023-05-11 18:00:00,2023,5,11,18,4.411904171484282,4.2858341934072195,0.12606997807706222,0.12606997807706222
2023-05-12 00:00:00,2023,5,12,0,3.5212238023172096,3.975088740111265,-0.45386493779405557,0.45386493779405557
2023-05-12 06:00:00,2023,5,12,6,3.898409988708472,4.17644291238124,-0.27803292367276766,0.27803292367276766
2023-05-12 12:00:00,2023,5,12,12,8.714996271977984,8.683228931340425,0.03176734063755937,0.03176734063755937
2023-05-12 18:00:00,2023,5,12,18,4.320943430797475,4.517455882860697,-0.19651245206322265,0.19651245206322265
2023-05-13 00:00:00,2023,5,13,0,3.449528757068396,3.8212653648350963,-0.37173660776670037,0.37173660776670037
2023-05-13 06:00:00,2023,5,13,6,4.403496904149986,4.240387409270016,0.1631094948799694,0.1631094948799694
2023-05-13 12:00:00,2023,5,13,12,8.750288280607418,8.565976785819533,0.18431149478788456,0.18431149478788456
2023-05-13 18:00:00,2023,5,13,18,4.565833807048824,4.2703836483651525,0.2954501586836713,0.2954501586836713
2023-05-14 00:00:00,2023,5,14,0,3.485155488407081,3.710624337804489,-0.2254688493974082,0.2254688493974082
2023-05-14 06:00:00,2023,5,14,6,4.012894528438284,4.263598355166624,-0.2507038267283397,0.2507038267283397
2023-05-14 12:00:00,2023,5,14,12,8.473721797373816,8.725210181713148,-0.25148838433933207,0.25148838433933207
2023-05-14 18:00:00,2023,5,14,18,4.48032293857025,4.503478514408643,-0.023155575838393005,0.023155575838393005
2023-05-15 00:00:00,2023,5,15,0,4.05390562852906,3.893643872101792,0.16026175642726814,0.16026175642726814
2023-05-15 06:00:00,2023,5,15,6,4.401984018039207,4.439511377465328,-0.03752735942612073,0.03752735942612073
2023-05-15 12:00:00,2023,5,15,12,8.856259493507544,8.749983276448374,0.10627621705917001,0.10627621705917001
2023-05-15 18:00:00,2023,5,15,18,4.686452214188687,4.297702205051871,0.38875000913681657,0.38875000913681657
2023-05-16 00:00:00,2023,5,16,0,3.5715652878915765,3.9625641011446566,-0.39099881325308017,0.39099881325308017
2023-05-16 06:00:00,2023,5,16,6,4.471146714885505,4.514758731908238,-0.043612017022732985,0.043612017022732985
2023-05-16 12:00:00,2023,5,16,12,8.715745295324231,8.74246390549367,-0.026718610169439216,0.026718610169439216
2023-05-16 18:00:00,2023,5,16,18,4.600224415553238,4.684335155796287,-0.08411074024304899,0.08411074024304899
2023-05-17 00:00:00,2023,5,17,0,4.103810155577452,3.9948098912854184,0.10900026429203402,0.10900026429203402
2023-05-17 06:00:00,2023,5,17,6,4.550609543719094,4.558383046553182,-0.007773502834087509,0.007773502834087509
2023-05-17 12:00:00,2023,5,17,12,8.511884426652284,8.56320076546365,-0.051316338811366435,0.051316338811366435
2023-05-17 18:00:00,2023,5,17,18,4.5525933815397055,4.634775944781993,-0.0821825632422879,0.0821825632422879
2023-05-18 00:00:00,2023,5,18,0,4.217741777569648,4.1460651334681105,0.07167664410153751,0.07167664410153751
2023-05-18 06:00:00,2023,5,18,6,4.391670744035102,4.177194207674596,0.21447653636050656,0.21447653636050656
2023-05-18 12:00:00,2023,5,18,12,8.745167490912365,8.734447580731146,0.010719910181219205,0.010719910181219205
2023-05-18 18:00:00,2023,5,18,18,4.56867805648414,4.5071295465902965,0.06154850989384375,0.06154850989384375
2023-05-19 00:00:00,2023,5,19,0,3.786325137898338,4.017143210831976,-0.23081807293363799,0.23081807293363799
2023-05-19 06:00:00,2023,5,19,6,4.836375162452445,4.555024050461898,0.2813511119905465,0.2813511119905465
2023-05-19 12:00:00,2023,5,19,12,8.692157089095357,8.88489269629134,-0.19273560719598315,0.19273560719598315
2023-05-19 18:00:00,2023,5,19,18,4.464155585285985,4.584549218892194,-0.12039363360620925,0.12039363360620925
2023-05-20 00:00:00,2023,5,20,0,3.933178757092217,3.873171176655924,0.060007580436293395,0.060007580436293395
2023-05-20 06:00:00,2023,5,20,6,4.427569007654084,4.216583330267896,0.210985677386188,0.210985677386188
2023-05-20 12:00:00,2023,5,20,12,8.81639513219831,8.836916799749371,-0.020521667551061995,0.020521667551061995
2023-05-20 18:00:00,2023,5,20,18,4.646854034270814,4.666546351584958,-0.019692317314143892,0.019692317314143892
2023-05-21 00:00:00,2023,5,21,0,3.773761078872818,4.065169448532626,-0.2914083696598082,0.2914083696598082
2023-05-21 06:00:00,2023,5,21,6,4.861067120886618,4.573354677009671,0.2877124438769476,0.2877124438769476
2023-05-21 12:00:00,2023,5,21,12,8.744386301493975,8.739334839969727,0.005051461524248069,0.005051461524248069
2023-05-21 18:00:00,2023,5,21,18,4.7133367338095615,4.6822152807617226,0.031121453047838976,0.031121453047838976
2023-05-22 00:00:00,2023,5,22,0,4.154054680460445,4.191131721666916,-0.03707704120647115,0.03707704120647115
2023-05-22 06:00:00,2023,5,22,6,4.491306994384167,4.59527538748007,-0.10396839309590344,0.10396839309590344
2023-05-22 12:00:00,2023,5,22,12,9.00359017937377,8.886977974352419,0.11661220502135095,0.11661220502135095
2023-05-22 18:00:00,2023,5,22,18,4.5934102647007125,4.644730417871695,-0.05132015317098215,0.05132015317098215
2023-05-23 00:00:00,2023,5,23,0,4.312652868913571,4.441445108318952,-0.12879223940538065,0.12879223940538065
2023-05-23 06:00:00,2023,5,23,6,4.803626861362461,4.919339106687838,-0.11571224532537716,0.11571224532537716
2023-05-23 12:00:00,2023,5,23,12,8.860836838353869,8.595619460888217,0.26521737746565144,0.26521737746565144
2023-05-23 18:00:00,2023,5,23,18,4.512467978861968,4.667461659862853,-0.1549936810008843,0.1549936810008843
2023-05-24 00:00:00,2023,5,24,0,4.090007604339432,4.128645950625072,-0.03863834628563989,0.03863834628563989
2023-05-24 06:00:00,2023,5,24,6,4.613055882738237,4.800222626208626,-0.18716674347038875,0.18716674347038875
2023-05-24 12:00:00,2023,5,24,12,8.966287300016395,8.939909334340781,0.026377965675614234,0.026377965675614234
2023-05-24 18:00:00,2023,5,24,18,4.212750603854777,4.765800222504734,-0.5530496186499576,0.5530496186499576
2023-05-25 00:00:00,2023,5,25,0,4.180102005436255,4.1279620130553445,0.05213999238091027,0.05213999238091027
2023-05-25 06:00:00,2023,5,25,6,4.748097074226276,4.698023484688898,0.05007358953737828,0.05007358953737828
2023-05-25 12:00:00,2023,5,25,12,9.132189900992406,9.21525008448534,-0.08306018349293431,0.08306018349293431
2023-05-25 18:00:00,2023,5,25,18,4.948185116700568,4.7341249426077505,0.2140601740928174,0.2140601740928174
2023-05-26 00:00:00,2023,5,26,0,4.233527066510529,4.328714032718625,-0.09518696620809575,0.09518696620809575
2023-05-26 06:00:00,2023,5,26,6,4.698942211685255,4.787844586190942,-0.08890237450568694,0.08890237450568694
2023-05-26 12:00:00,2023,5,26,12,8.755223765448823,9.109869988037476,-0.3546462225886522,0.3546462225886522
2023-05-26 18:00:00,2023,5,26,18,4.99879011069543,5.1994249989539325,-0.2006348882585023,0.2006348882585023
2023-05-27 00:00:00,2023,5,27,0,4.358455610018306,4.269148566909242,0.08930704310906457,0.08930704310906457
2023-05-27 06:00:00,2023,5,27,6,4.5531379010395625,4.761601880678201,-0.20846397963863872,0.20846397963863872
2023-05-27 12:00:00,2023,5,27,12,9.313080228874384,9.218257828009328,0.09482240086505556,0.09482240086505556
2023-05-27 18:00:00,2023,5,27,18,4.982377614748136,5.1166507377234,-0.13427312297526406,0.13427312297526406
2023-05-28 00:00:00,2023,5,28,0,4.340307738937002,4.371379222582552,-0.031071483645549236,0.031071483645549236
2023-05-28 06:00:00,2023,5,28,6,4.882715941100498,4.9060086610506755,-0.023292719950177343,0.023292719950177343
2023-05-28 12:00:00,2023,5,28,12,8.924117269444272,9.042375089191646,-0.11825781974737382,0.11825781974737382
2023-05-28 18:00:00,2023,5,28,18,4.998498796515274,5.046080772008761,-0.04758197549348697,0.04758197549348697
2023-05-29 00:00:00,2023,5,29,0,4.269363893673629,4.25167643185735,0.017687461816279004,0.017687461816279004
2023-05-29 06:00:00,2023,5,29,6,4.818831110665941,4.773281084906076,0.04555002575986489,0.04555002575986489
2023-05-29 12:00:00,2023,5,29,12,9.323694409149306,9.184531919692033,0.1391624894572736,0.1391624894572736
2023-05-29 18:00:00,2023,5,29,18,4.799130274532073,5.011378614986801,-0.2122483404547273,0.2122483404547273
2023-05-30 00:00:00,2023,5,30,0,4.474215744282363,4.579541303515435,-0.10532555923307196,0.10532555923307196
2023-05-30 06:00:00,2023,5,30,6,5.156643524705243,5.077684120682529,0.07895940402271329,0.07895940402271329
2023-05-30 12:00:00,2023,5,30,12,9.010417611885176,9.162855095752521,-0.15243748386734524,0.15243748386734524
2023-05-30 18:00:00,2023,5,30,18,5.122621156664232,5.040706066753203,0.08191508991102925,0.08191508991102925
2023-05-31 00:00:00,2023,5,31,0,4.232280948513999,4.368913522246944,-0.13663257373294524,0.13663257373294524
2023-05-31 06:00:00,2023,5,31,6,5.14882518215782,4.899421778651742,0.24940340350607748,0.24940340350607748
2023-05-31 12:00:00,2023,5,31,12,9.46954941070824,9.147969867100093,0.3215795436081468,0.3215795436081468
2023-05-31 18:00:00,2023,5,31,18,5.100017199681435,4.902172858792602,0.19784434088883351,0.19784434088883351
2023-06-01 00:00:00,2023,6,1,0,4.577573175867686,4.524581854777573,0.052991321090113175,0.052991321090113175
2023-06-01 06:00:00,2023,6,1,6,4.899624353791049,4.973813170330807,-0.07418881653975795,0.07418881653975795
2023-06-01 12:00:00,2023,6,1,12,9.006224699321791,9.122117232236628,-0.11589253291483637,0.11589253291483637
2023-06-01 18:00:00,2023,6,1,18,4.42061961233986,4.87647018870424,-0.4558505763643801,0.4558505763643801
2023-06-02 00:00:00,2023,6,2,0,4.24573789999362,4.4264897751015,-0.18075187510788027,0.18075187510788027
2023-06-02 06:00:00,2023,6,2,6,4.7879593466282,4.871006261638996,-0.08304691501079642,0.08304691501079642
2023-06-02 12:00:00,2023,6,2,12,9.131117632220674,9.115918536592158,0.015199095628515735,0.015199095628515735
2023-06-02 18:00:00,2023,6,2,18,4.771015705289089,4.917489274071354,-0.14647356878226514,0.14647356878226514
2023-06-03 00:00:00,2023,6,3,0,4.53065307247986,4.716635832309371,-0.1859827598295105,0.1859827598295105
2023-06-03 06:00:00,2023,6,3,6,5.22838321091571,5.173507701757637,0.054875509158073044,0.054875509158073044
2023-06-03 12:00:00,2023,6,3,12,9.356992348190342,9.62455814896423,-0.2675658007738875,0.2675658007738875
2023-06-03 18:00:00,2023,6,3,18,5.342699306414847,5.065605453468917,0.2770938529459297,0.2770938529459297
2023-06-04 00:00:00,2023,6,4,0,4.377871447256393,4.437091354793892,-0.05921990753749906,0.05921990753749906
2023-06-04 06:00:00,2023,6,4,6,4.991306632140541,4.988574012801661,0.0027326193388796938,0.0027326193388796938
2023-06-04 12:00:00,2023,6,4,12,9.41188697176046,9.117641926679969,0.29424504508049054,0.29424504508049054
2023-06-04 18:00:00,2023,6,4,18,5.340134466450527,5.204407641387973,0.1357268250625543,0.1357268250625543
2023-06-05 00:00:00,2023,6,5,0,4.793017008592062,4.6698079255130205,0.12320908307904155,0.12320908307904155
2023-06-05 06:00:00,2023,6,5,6,5.242139445565121,5.010335896351689,0.23180354921343138,0.23180354921343138
2023-06-05 12:00:00,2023,6,5,12,10.028621991423108,9.686372769449605,0.3422492219735034,0.3422492219735034
2023-06-05 18:00:00,2023,6,5,18,5.202192443954508,5.001767409745942,0.20042503420856583,0.20042503420856583
2023-06-06 00:00:00,2023,6,6,0,4.505465188619629,4.757780567257093,-0.2523153786374639,0.2523153786374639
2023-06-06 06:00:00,2023,6,6,6,5.035881287000615,5.319430436082032,-0.28354914908141726,0.28354914908141726
2023-06-06 12:00:00,2023,6,6,12,9.537489550101297,9.451609808985395,0.08587974111590135,0.08587974111590135
2023-06-06 18:00:00,2023,6,6,18,4.827949399973985,5.078632542574079,-0.25068314260009394,0.25068314260009394
2023-06-07 00:00:00,2023,6,7,0,4.464912243167125,4.611947729719751,-0.14703548655262644,0.14703548655262644
2023-06-07 06:00:00,2023,6,7,6,5.425622709165997,5.350735486723171,0.07488722244282542,0.07488722244282542
2023-06-07 12:00:00,2023,6,7,12,9.637551247857555,9.428782968874714,0.20876827898284134,0.20876827898284134
2023-06-07 18:00:00,2023,6,7,18,5.578918661133067,5.233410544357728,0.3455081167753393,0.3455081167753393
2023-06-08 00:00:00,2023,6,8,0,4.4072562086418445,4.58218927599221,-0.1749330673503655,0.1749330673503655
2023-06-08 06:00:00,2023,6,8,6,5.044517140372808,5.26789267385645,-0.22337553348364203,0.22337553348364203
2023-06-08 12:00:00,2023,6,8,12,9.90477396796803,9.598568761169568,0.3062052067984613,0.3062052067984613
2023-06-08 18:00:00,2023,6,8,18,5.359651279629998,5.1789787968299565,0.18067248280004122,0.18067248280004122
2023-06-09 00:00:00,2023,6,9,0,4.224657284334139,4.529423621473395,-0.30476633713925594,0.30476633713925594
2023-06-09 06:00:00,2023,6,9,6,5.15037422351799,5.264992135903306,-0.11461791238531571,0.11461791238531571
2023-06-09 12:00:00,2023,6,9,12,9.487080935955431,9.612663460574375,-0.12558252461894348,0.12558252461894348
2023-06-09 18:00:00,2023,6,9,18,5.2182976470024816,5.25141995901018,-0.03312231200769844,0.03312231200769844
2023-06-10 00:00:00,2023,6,10,0,4.85872442057352,4.585024310719235,0.2737001098542846,0.2737001098542846
2023-06-10 06:00:00,2023,6,10,6,5.323164190655379,5.358764563961134,-0.03560037330575483,0.03560037330575483
2023-06-10 12:00:00,2023,6,10,12,9.441216976639511,9.654661783347933,-0.2134448067084218,0.2134448067084218
2023-06-10 18:00:00,2023,6,10,18,5.188123819823239,5.12687757181012,0.061246248013119065,0.061246248013119065
2023-06-11 00:00:00,2023,6,11,0,4.891488132005169,4.659473127666385,0.23201500433878408,0.23201500433878408
2023-06-11 06:00:00,2023,6,11,6,5.122395147271064,5.25561581013658,-0.13322066286551593,0.13322066286551593
2023-06-11 12:00:00,2023,6,11,12,9.705962921549522,9.521115219837993,0.1848477017115293,0.1848477017115293
2023-06-11 18:00:00,2023,6,11,18,5.4966926380253485,5.405237027672969,0.09145561035237915,0.09145561035237915
2023-06-12 00:00:00,2023,6,12,0,4.755459121847353,4.717441682266551,0.03801743958080195,0.03801743958080195
2023-06-12 06:00:00,2023,6,12,6,5.0736409127463205,5.123272742299807,-0.049631829553486106,0.049631829553486106
2023-06-12 12:00:00,2023,6,12,12,9.361661452596234,9.618317847053632,-0.25665639445739785,0.25665639445739785
2023-06-12 18:00:00,2023,6,12,18,4.940138054307447,5.1981640105228735,-0.2580259562154268,0.2580259562154268
2023-06-13 00:00:00,2023,6,13,0,4.661968087063329,4.52244632308405,0.13952176397927918,0.13952176397927918
2023-06-13 06:00:00,2023,6,13,6,5.281731915495567,5.173402021528654,0.10832989396691328,0.10832989396691328
2023-06-13 12:00:00,2023,6,13,12,9.58634418231446,9.517229574729017,0.06911460758544408,0.06911460758544408
2023-06-13 18:00:00,2023,6,13,18,5.691569760611235,5.441955179661702,0.24961458094953315,0.24961458094953315
2023-06-14 00:00:00,2023,6,14,0,4.771351832014271,4.643537754333513,0.1278140776807577,0.1278140776807577
2023-06-14 06:00:00,2023,6,14,6,5.7015957084818885,5.37481028093187,0.3267854275500186,0.3267854275500186
2023-06-14 12:00:00,2023,6,14,12,9.54203320636511,9.482474250902525,0.059558955462584606,0.059558955462584606
2023-06-14 18:00:00,2023,6,14,18,5.435437439971012,5.237866060490101,0.19757137948091064,0.19757137948091064
2023-06-15 00:00:00,2023,6,15,0,4.915022412308705,4.5978328514103435,0.3171895608983615,0.3171895608983615
2023-06-15 06:00:00,2023,6,15,6,5.068444932535699,5.441598882815799,-0.37315395028010023,0.37315395028010023
2023-06-15 12:00:00,2023,6,15,12,9.964707973034868,9.729504150701375,0.23520382233349224,0.23520382233349224
2023-06-15 18:00:00,2023,6,15,18,5.796881932814349,5.573241502132783,0.22364043068156647,0.22364043068156647
2023-06-16 00:00:00,2023,6,16,0,4.7566429087567474,4.637945480944738,0.11869742781200987,0.11869742781200987
2023-06-16 06:00:00,2023,6,16,6,5.260471358380289,5.418483308857398,-0.1580119504771087,0.1580119504771087
2023-06-16 12:00:00,2023,6,16,12,9.85055878116269,9.738127073975349,0.11243170718734063,0.11243170718734063
2023-06-16 18:00:00,2023,6,16,18,5.532325965098486,5.364102650475146,0.16822331462334006,0.16822331462334006
2023-06-17 00:00:00,2023,6,17,0,4.654448274726881,4.7595226350043145,-0.10507436027743378,0.10507436027743378
2023-06-17 06:00:00,2023,6,17,6,5.509305296102288,5.482816910445941,0.02648838565634648,0.02648838565634648
2023-06-17 12:00:00,2023,6,17,12,9.440480753302756,9.609617099246705,-0.169136345943949,0.169136345943949
2023-06-17 18:00:00,2023,6,17,18,5.4136522389879325,5.533021121956088,-0.11936888296815518,0.11936888296815518
2023-06-18 00:00:00,2023,6,18,0,5.065875595720694,4.989104446611808,0.07677114910888605,0.07677114910888605
2023-06-18 06:00:00,2023,6,18,6,5.441414627532685,5.524153529555097,-0.08273890202241141,0.08273890202241141
2023-06-18 12:00:00,2023,6,18,12,9.48923826574094,9.659692635330092,-0.1704543695891516,0.1704543695891516
2023-06-18 18:00:00,2023,6,18,18,5.297377759124462,5.2404924337321095,0.05688532539235247,0.05688532539235247
2023-06-19 00:00:00,2023,6,19,0,4.741986649968031,4.726705470712979,0.015281179255052457,0.015281179255052457
2023-06-19 06:00:00,2023,6,19,6,5.447563112665556,5.459081117156608,-0.011518004491052558,0.011518004491052558
2023-06-19 12:00:00,2023,6,19,12,10.001486095578208,9.761906779405495,0.23957931617271377,0.23957931617271377
2023-06-19 18:00:00,2023,6,19,18,5.487729285335043,5.417374144534507,0.07035514080053584,0.07035514080053584
2023-06-20 00:00:00,2023,6,20,0,4.521965833229366,4.645304232588598,-0.12333839935923141,0.12333839935923141
2023-06-20 06:00:00,2023,6,20,6,5.475615417563584,5.5254191764689065,-0.049803758905322404,0.049803758905322404
2023-06-20 12:00:00,2023,6,20,12,9.751371967479685,9.771893760895786,-0.020521793416101275,0.020521793416101275
2023-06-20 18:00:00,2023,6,20,18,5.553959809561876,5.472804193893334,0.08115561566854179,0.08115561566854179
2023-06-21 00:00:00,2023,6,21,0,4.65416858945109,5.02196574431728,-0.3677971548661896,0.3677971548661896
2023-06-21 06:00:00,2023,6,21,6,5.631795734369994,5.524036884325789,0.10775885004420438,0.10775885004420438
2023-06-21 12:00:00,2023,6,21,12,9.72783151455232,9.705089203890802,0.022742310661518772,0.022742310661518772
2023-06-21 18:00:00,2023,6,21,18,5.574164940282627,5.56426708541917,0.009897854863457844,0.009897854863457844
2023-06-22 00:00:00,2023,6,22,0,4.811745483221986,5.024182576271241,-0.21243709304925495,0.21243709304925495
2023-06-22 06:00:00,2023,6,22,6,5.500090820383475,5.4286427710187715,0.07144804936470361,0.07144804936470361
2023-06-22 12:00:00,2023,6,22,12,9.701135898554464,9.758317390184759,-0.05718149163029551,0.05718149163029551
2023-06-22 18:00:00,2023,6,22,18,5.561308383337099,5.630519416764958,-0.06921103342785884,0.06921103342785884
2023-06-23 00:00:00,2023,6,23,0,4.876535480684548,4.84176338475576,0.03477209592878783,0.03477209592878783
2023-06-23 06:00:00,2023,6,23,6,5.277470360497948,5.451163844850553,-0.17369348435260523,0.17369348435260523
2023-06-23 12:00:00,2023,6,23,12,9.81692845450365,9.840560810307988,-0.02363235580433809,0.02363235580433809
2023-06-23 18:00:00,2023,6,23,18,5.342942061657528,5.34506695894728,-0.00212489728975207,0.00212489728975207
2023-06-24 00:00:00,2023,6,24,0,5.096456040959584,4.956070639593845,0.14038540136573907,0.14038540136573907
2023-06-24 06:00:00,2023,6,24,6,5.77634006900928,5.710174230622435,0.06616583838684509,0.06616583838684509
2023-06-24 12:00:00,2023,6,24,12,9.772194726224456,9.6989260676159,0.07326865860855492,0.07326865860855492
2023-06-24 18:00:00,2023,6,24,18,5.937405463363225,5.7053977525695005,0.23200771079372462,0.23200771079372462
2023-06-25 00:00:00,2023,6,25,0,4.781295619399446,4.943548356221465,-0.16225273682201902,0.16225273682201902
2023-06-25 06:00:00,2023,6,25,6,5.6481963727223485,5.704079511952874,-0.05588313923052546,0.05588313923052546
2023-06-25 12:00:00,2023,6,25,12,10.31659311833063,10.067198778777291,0.2493943395533389,0.2493943395533389
2023-06-25 18:00:00,2023,6,25,18,5.544551327462835,5.563857205218262,-0.01930587775542758,0.01930587775542758
2023-06-26 00:00:00,2023,6,26,0,4.923459737017952,4.839396152621596,0.08406358439635575,0.08406358439635575
2023-06-26 06:00:00,2023,6,26,6,5.696599784943384,5.5669454762297335,0.12965430871365058,0.12965430871365058
2023-06-26 12:00:00,2023,6,26,12,10.47157697690858,9.994898278489517,0.47667869841906274,0.47667869841906274
2023-06-26 18:00:00,2023,6,26,18,5.594649101577611,5.594066145405727,0.0005829561718835308,0.0005829561718835308
2023-06-27 00:00:00,2023,6,27,0,4.998329669699707,5.163285236705591,-0.16495556700588399,0.16495556700588399
2023-06-27 06:00:00,2023,6,27,6,5.470101763149597,5.491944025551998,-0.021842262402400614,0.021842262402400614
2023-06-27 12:00:00,2023,6,27,12,9.919335083390914,10.00065216867763,-0.08131708528671666,0.08131708528671666
2023-06-27 18:00:00,2023,6,27,18,5.610749584263917,5.728950350108665,-0.11820076584474837,0.11820076584474837
2023-06-28 00:00:00,2023,6,28,0,4.790742318982736,4.810674993298826,-0.019932674316089916,0.019932674316089916
2023-06-28 06:00:00,2023,6,28,6,5.666669437846695,5.546532542312254,0.12013689553444085,0.12013689553444085
2023-06-28 12:00:00,2023,6,28,12,9.573043197076217,9.868688385964129,-0.2956451888879119,0.2956451888879119
2023-06-28 18:00:00,2023,6,28,18,5.943959333373591,5.685089863994095,0.25886946937949595,0.25886946937949595
2023-06-29 00:00:00,2023,6,29,0,5.131011122480838,4.972523802561818,0.1584873199190202,0.1584873199190202
2023-06-29 06:00:00,2023,6,29,6,5.477412048899536,5.637572883183838,-0.1601608342843015,0.1601608342843015
2023-06-29 12:00:00,2023,6,29,12,10.39220640390566,10.112013142089493,0.28019326181616755,0.28019326181616755
2023-06-29 18:00:00,2023,6,29,18,5.587574535543152,5.584898967570158,0.002675567972993953,0.002675567972993953
2023-06-30 00:00:00,2023,6,30,0,4.979575508252445,4.946763176681568,0.03281233157087726,0.03281233157087726
2023-06-30 06:00:00,2023,6,30,6,5.8256863945112265,5.699573060765846,0.1261133337453808,0.1261133337453808
2023-06-30 12:00:00,2023,6,30,12,9.753525710918984,9.933293188733872,-0.1797674778148881,0.1797674778148881
2023-06-30 18:00:00,2023,6,30,18,6.004110029059737,5.743028302160034,0.261081726899703,0.261081726899703
2023-07-01 00:00:00,2023,7,1,0,5.166818717564466,5.098638328911107,0.06818038865335918,0.06818038865335918
2023-07-01 06:00:00,2023,7,1,6,5.707790980728439,5.701447010851349,0.006343969877089961,0.006343969877089961
2023-07-01 12:00:00,2023,7,1,12,9.821853574012469,9.949414590497218,-0.1275610164847496,0.1275610164847496
2023-07-01 18:00:00,2023,7,1,18,5.992748220251654,5.847461422851942,0.14528679739971206,0.14528679739971206
2023-07-02 00:00:00,2023,7,2,0,5.286018767589644,4.920199613026887,0.3658191545627565,0.3658191545627565
2023-07-02 06:00:00,2023,7,2,6,5.748237579313831,5.735278716379498,0.012958862934333126,0.012958862934333126
2023-07-02 12:00:00,2023,7,2,12,10.356366481665724,10.060236821231678,0.29612966043404576,0.29612966043404576
2023-07-02 18:00:00,2023,7,2,18,5.6142868945539,5.535864862395297,0.07842203215860355,0.07842203215860355
2023-07-03 00:00:00,2023,7,3,0,5.184682383576889,5.221149478506253,-0.03646709492936395,0.03646709492936395
2023-07-03 06:00:00,2023,7,3,6,5.996927592285769,5.725759247708442,0.27116834457732697,0.27116834457732697
2023-07-03 12:00:00,2023,7,3,12,9.59788747079899,9.85903421400729,-0.26114674320830034,0.26114674320830034
2023-07-03 18:00:00,2023,7,3,18,5.454384140294326,5.500755826373246,-0.046371686078920504,0.046371686078920504
2023-07-04 00:00:00,2023,7,4,0,5.122071176646982,5.038856794953131,0.08321438169385154,0.08321438169385154
2023-07-04 06:00:00,2023,7,4,6,5.653482804686705,5.7092710051369036,-0.05578820045019839,0.05578820045019839
2023-07-04 12:00:00,2023,7,4,12,10.07567638696211,10.169666612405884,-0.09399022544377367,0.09399022544377367
2023-07-04 18:00:00,2023,7,4,18,5.824397402694352,5.735475765539005,0.08892163715534718,0.08892163715534718
2023-07-05 00:00:00,2023,7,5,0,4.979474678140755,5.083367376813506,-0.10389269867275086,0.10389269867275086
2023-07-05 06:00:00,2023,7,5,6,5.852779062273867,5.7125059376081655,0.1402731246657014,0.1402731246657014
2023-07-05 12:00:00,2023,7,5,12,9.966473937310829,9.948061453964502,0.01841248334632617,0.01841248334632617
2023-07-05 18:00:00,2023,7,5,18,5.993093453684364,5.9971872646636655,-0.004093810979301615,0.004093810979301615
2023-07-06 00:00:00,2023,7,6,0,5.158398271395067,5.0929058992241965,0.0654923721708709,0.0654923721708709
2023-07-06 06:00:00,2023,7,6,6,5.470846231322195,5.552307747402123,-0.08146151607992813,0.08146151607992813
2023-07-06 12:00:00,2023,7,6,12,9.984667835895747,10.017927820422978,-0.03325998452723056,0.03325998452723056
2023-07-06 18:00:00,2023,7,6,18,5.874962883028626,5.829310049782731,0.045652833245894975,0.045652833245894975
2023-07-07 00:00:00,2023,7,7,0,4.948893431638375,5.050316576150697,-0.1014231445123226,0.1014231445123226
2023-07-07 06:00:00,2023,7,7,6,5.846779672536179,5.647199771834507,0.1995799007016723,0.1995799007016723
2023-07-07 12:00:00,2023,7,7,12,10.089570264418002,9.974850384197572,0.11471988022043078,0.11471988022043078
2023-07-07 18:00:00,2023,7,7,18,5.604555845475957,5.7296438463460735,-0.1250880008701163,0.1250880008701163
2023-07-08 00:00:00,2023,7,8,0,5.199392365332174,5.252644429850011,-0.05325206451783693,0.05325206451783693
2023-07-08 06:00:00,2023,7,8,6,6.293400677450316,5.865228310876011,0.42817236657430513,0.42817236657430513
2023-07-08 12:00:00,2023,7,8,12,9.98129212573115,10.110308664317833,-0.12901653858668283,0.12901653858668283
2023-07-08 18:00:00,2023,7,8,18,5.427971455893728,5.752770152151383,-0.32479869625765456,0.32479869625765456
2023-07-09 00:00:00,2023,7,9,0,5.269638103501875,5.151102215983888,0.11853588751798672,0.11853588751798672
2023-07-09 06:00:00,2023,7,9,6,5.3092952339769415,5.716852778194371,-0.40755754421742996,0.40755754421742996
2023-07-09 12:00:00,2023,7,9,12,10.020364350273717,9.921447819936716,0.0989165303370001,0.0989165303370001
2023-07-09 18:00:00,2023,7,9,18,6.011886570040598,5.873336622144926,0.13854994789567243,0.13854994789567243
2023-07-10 00:00:00,2023,7,10,0,5.2343941519472015,5.264805114521948,-0.030410962574746847,0.030410962574746847
2023-07-10 06:00:00,2023,7,10,6,6.237336232228852,5.93696597828625,0.3003702539426021,0.3003702539426021
2023-07-10 12:00:00,2023,7,10,12,10.451882171669562,10.220089735909742,0.23179243575981978,0.23179243575981978
2023-07-10 18:00:00,2023,7,10,18,5.9699476890955285,6.043480206075661,-0.07353251698013263,0.07353251698013263
2023-07-11 00:00:00,2023,7,11,0,5.473010321830731,5.42540562158664,0.047604700244090914,0.047604700244090914
2023-07-11 06:00:00,2023,7,11,6,5.701706284458042,5.787522565524315,-0.0858162810662737,0.0858162810662737
2023-07-11 12:00:00,2023,7,11,12,10.292862388921256,10.17241701532194,0.12044537359931518,0.12044537359931518
2023-07-11 18:00:00,2023,7,11,18,6.040975970332771,5.881603900067487,0.15937207026528366,0.15937207026528366
2023-07-12 00:00:00,2023,7,12,0,5.076671704877445,5.187300615407663,-0.1106289105302185,0.1106289105302185
2023-07-12 06:00:00,2023,7,12,6,5.668829072114692,5.739747213830617,-0.07091814171592503,0.07091814171592503
2023-07-12 12:00:00,2023,7,12,12,10.1261624205907,10.007115612873655,0.11904680771704612,0.11904680771704612
2023-07-12 18:00:00,2023,7,12,18,6.106955209212568,5.89657389274463,0.210381316467938,0.210381316467938
2023-07-13 00:00:00,2023,7,13,0,5.296263795036428,5.272895407885409,0.0233683871510193,0.0233683871510193
2023-07-13 06:00:00,2023,7,13,6,5.536929914974171,5.642979078813569,-0.10604916383939855,0.10604916383939855
2023-07-13 12:00:00,2023,7,13,12,10.06416465076638,10.174650444435368,-0.11048579366898892,0.11048579366898892
2023-07-13 18:00:00,2023,7,13,18,5.7558584799411445,5.853289561634808,-0.09743108169366366,0.09743108169366366
2023-07-14 00:00:00,2023,7,14,0,5.111198877423314,5.180739624535726,-0.06954074711241187,0.06954074711241187
2023-07-14 06:00:00,2023,7,14,6,5.917257684282149,5.937661365287783,-0.020403681005634056,0.020403681005634056
2023-07-14 12:00:00,2023,7,14,12,9.85704793348562,9.995906641436475,-0.1388587079508561,0.1388587079508561
2023-07-14 18:00:00,2023,7,14,18,5.608519815192332,5.712603603135218,-0.1040837879428862,0.1040837879428862
2023-07-15 00:00:00,2023,7,15,0,5.021199468374537,5.16130138145465,-0.14010191308011333,0.14010191308011333
2023-07-15 06:00:00,2023,7,15,6,6.120357628743527,5.952622171321121,0.16773545742240614,0.16773545742240614
2023-07-15 12:00:00,2023,7,15,12,9.952191293177536,10.16647298622761,-0.21428169305007394,0.21428169305007394
2023-07-15 18:00:00,2023,7,15,18,5.997493131202364,5.927302743072189,0.07019038813017531,0.07019038813017531
2023-07-16 00:00:00,2023,7,16,0,5.372333459091481,5.457952278295339,-0.08561881920385872,0.08561881920385872
2023-07-16 06:00:00,2023,7,16,6,6.208792954069505,6.11360739953814,0.09518555453136468,0.09518555453136468
2023-07-16 12:00:00,2023,7,16,12,10.101670673372473,10.057012048410728,0.044658624961744664,0.044658624961744664
2023-07-16 18:00:00,2023,7,16,18,6.156096151116339,5.892399165137179,0.26369698597916,0.26369698597916
2023-07-17 00:00:00,2023,7,17,0,5.092903422984186,5.19499247573626,-0.10208905275207414,0.10208905275207414
2023-07-17 06:00:00,2023,7,17,6,5.837809558654624,5.862655547963019,-0.02484598930839521,0.02484598930839521
2023-07-17 12:00:00,2023,7,17,12,9.946520164534522,9.876850983132,0.06966918140252254,0.06966918140252254
2023-07-17 18:00:00,2023,7,17,18,6.108983748095872,6.202553617416785,-0.09356986932091349,0.09356986932091349
2023-07-18 00:00:00,2023,7,18,0,5.005390405983255,5.1519178966593175,-0.1465274906760623,0.1465274906760623
2023-07-18 06:00:00,2023,7,18,6,5.8285661634397306,5.908521109354778,-0.07995494591504748,0.07995494591504748
2023-07-18 12:00:00,2023,7,18,12,10.203295311484212,10.174390180210324,0.02890513127388772,0.02890513127388772
2023-07-18 18:00:00,2023,7,18,18,5.750683767798196,5.88190793615075,-0.13122416835255368,0.13122416835255368
2023-07-19 00:00:00,2023,7,19,0,5.862429678020064,5.470301393009125,0.3921282850109389,0.3921282850109389
2023-07-19 06:00:00,2023,7,19,6,5.989866951296778,5.926433003905051,0.06343394739172759,0.06343394739172759
2023-07-19 12:00:00,2023,7,19,12,9.698396561333888,9.998944183373142,-0.3005476220392538,0.3005476220392538
2023-07-19 18:00:00,2023,7,19,18,5.935930654154628,5.832134026805182,0.10379662734944617,0.10379662734944617
2023-07-20 00:00:00,2023,7,20,0,5.251896767483865,5.258606663270409,-0.006709895786543463,0.006709895786543463
2023-07-20 06:00:00,2023,7,20,6,6.353234788748502,6.093699924901941,0.2595348638465609,0.2595348638465609
2023-07-20 12:00:00,2023,7,20,12,10.281753853937094,10.207666853147634,0.07408700078945962,0.07408700078945962
2023-07-20 18:00:00,2023,7,20,18,5.925319821102232,5.841127488986684,0.08419233211554822,0.08419233211554822
2023-07-21 00:00:00,2023,7,21,0,4.96087407696282,5.0229752233660365,-0.062101146403216845,0.062101146403216845
2023-07-21 06:00:00,2023,7,21,6,6.142321526904853,5.9797439426598125,0.16257758424504054,0.16257758424504054
2023-07-21 12:00:00,2023,7,21,12,10.203856072622498,10.233901753571352,-0.03004568094885407,0.03004568094885407
2023-07-21 18:00:00,2023,7,21,18,5.826399929251633,5.788671179924929,0.037728749326704225,0.037728749326704225
2023-07-22 00:00:00,2023,7,22,0,5.3590974062556365,5.172690333023432,0.1864070732322043,0.1864070732322043
2023-07-22 06:00:00,2023,7,22,6,6.112701430633954,6.032072940187199,0.08062849044675513,0.08062849044675513
2023-07-22 12:00:00,2023,7,22,12,10.342817284677547,10.184999004006139,0.15781828067140857,0.15781828067140857
2023-07-22 18:00:00,2023,7,22,18,6.094321677055012,5.9279187117131995,0.16640296534181243,0.16640296534181243
2023-07-23 00:00:00,2023,7,23,0,5.541467062946639,5.3910376581390285,0.15042940480761047,0.15042940480761047
2023-07-23 06:00:00,2023,7,23,6,5.593835519151291,5.710401211183089,-0.11656569203179767,0.11656569203179767
2023-07-23 12:00:00,2023,7,23,12,10.13222381064814,10.093727466666607,0.03849634398153334,0.03849634398153334
2023-07-23 18:00:00,2023,7,23,18,5.78330630520215,5.785711971849795,-0.002405666647645077,0.002405666647645077
2023-07-24 00:00:00,2023,7,24,0,5.041169523131387,5.115746027379517,-0.0745765042481299,0.0745765042481299
2023-07-24 06:00:00,2023,7,24,6,5.641690149932286,5.620476801078631,0.02121334885365478,0.02121334885365478
2023-07-24 12:00:00,2023,7,24,12,9.787169982927242,9.961032988708572,-0.17386300578132996,0.17386300578132996
2023-07-24 18:00:00,2023,7,24,18,5.892552861155213,5.705496439063252,0.1870564220919615,0.1870564220919615
2023-07-25 00:00:00,2023,7,25,0,5.575484309239668,5.259430265565325,0.31605404367434264,0.31605404367434264
2023-07-25 06:00:00,2023,7,25,6,5.770011445812974,5.824796761420847,-0.05478531560787303,0.05478531560787303
2023-07-25 12:00:00,2023,7,25,12,9.924130725886066,10.108053152626477,-0.18392242674041093,0.18392242674041093
2023-07-25 18:00:00,2023,7,25,18,5.707912508458132,5.71491901641191,-0.007006507953778218,0.007006507953778218
2023-07-26 00:00:00,2023,7,26,0,4.722240156652595,4.896700547140461,-0.17446039048786588,0.17446039048786588
2023-07-26 06:00:00,2023,7,26,6,6.016525360591683,5.864178706296298,0.15234665429538552,0.15234665429538552
2023-07-26 12:00:00,2023,7,26,12,10.076921077103329,10.041693439064444,0.035227638038884734,0.035227638038884734
2023-07-26 18:00:00,2023,7,26,18,6.330379836536133,5.9412818616956455,0.389097974840487,0.389097974840487
2023-07-27 00:00:00,2023,7,27,0,5.358521963798151,5.328511779907941,0.030010183890210484,0.030010183890210484
2023-07-27 06:00:00,2023,7,27,6,5.779571431698511,5.872943885085211,-0.0933724533866993,0.0933724533866993
2023-07-27 12:00:00,2023,7,27,12,9.814493586008917,9.928633221996447,-0.11413963598753085,0.11413963598753085
2023-07-27 18:00:00,2023,7,27,18,5.836991836874111,5.861096316754385,-0.024104479880274532,0.024104479880274532
2023-07-28 00:00:00,2023,7,28,0,4.9747910285379,4.916307617522044,0.05848341101585586,0.05848341101585586
2023-07-28 06:00:00,2023,7,28,6,5.339346127574025,5.82768086095893,-0.48833473338490485,0.48833473338490485
2023-07-28 12:00:00,2023,7,28,12,10.155537297859738,9.996391834184779,0.15914546367495852,0.15914546367495852
2023-07-28 18:00:00,2023,7,28,18,5.705371687664762,5.686768064080148,0.01860362358461387,0.01860362358461387
2023-07-29 00:00:00,2023,7,29,0,5.173664755389575,5.0693410840165525,0.1043236713730229,0.1043236713730229
2023-07-29 06:00:00,2023,7,29,6,5.765020639430461,5.803539485050835,-0.038518845620373554,0.038518845620373554
2023-07-29 12:00:00,2023,7,29,12,10.10881420858377,9.988894379768373,0.1199198288153962,0.1199198288153962
2023-07-29 18:00:00,2023,7,29,18,5.733790662409878,5.745666281780996,-0.011875619371117807,0.011875619371117807
2023-07-30 00:00:00,2023,7,30,0,5.11169732847276,5.190067327349578,-0.07836999887681806,0.07836999887681806
2023-07-30 06:00:00,2023,7,30,6,5.725810919466468,5.681997050933394,0.04381386853307401,0.04381386853307401
2023-07-30 12:00:00,2023,7,30,12,10.176365131461182,10.171717295582381,0.004647835878801132,0.004647835878801132
2023-07-30 18:00:00,2023,7,30,18,5.8381262075666,5.830737768846186,0.007388438720414392,0.007388438720414392
2023-07-31 00:00:00,2023,7,31,0,4.676620108481309,4.959554219346951,-0.282934110865642,0.282934110865642
2023-07-31 06:00:00,2023,7,31,6,6.002074232664083,5.87221009626979,0.12986413639429273,0.12986413639429273
2023-07-31 12:00:00,2023,7,31,12,9.873088250865242,9.920938992486361,-0.047850741621118686,0.047850741621118686
2023-07-31 18:00:00,2023,7,31,18,5.932877406969412,5.884574797192532,0.04830260977688017,0.04830260977688017
2023-08-01 00:00:00,2023,8,1,0,4.965541511476229,4.96704124667755,-0.001499735201321073,0.001499735201321073
2023-08-01 06:00:00,2023,8,1,6,6.153805261904138,5.802911209392907,0.3508940525112303,0.3508940525112303
2023-08-01 12:00:00,2023,8,1,12,10.067562425354822,10.152305519036767,-0.08474309368194533,0.08474309368194533
2023-08-01 18:00:00,2023,8,1,18,5.913649609721393,5.794469750840885,0.11917985888050797,0.11917985888050797
2023-08-02 00:00:00,2023,8,2,0,5.584687374780908,5.383890571694914,0.20079680308599457,0.20079680308599457
2023-08-02 06:00:00,2023,8,2,6,6.168183035505535,6.003740748640807,0.16444228686472862,0.16444228686472862
2023-08-02 12:00:00,2023,8,2,12,9.938367582008803,9.888190760507825,0.05017682150097791,0.05017682150097791
2023-08-02 18:00:00,2023,8,2,18,6.26891813288308,6.0050387587909615,0.26387937409211837,0.26387937409211837
2023-08-03 00:00:00,2023,8,3,0,4.8041285573770285,4.957734219389449,-0.15360566201242065,0.15360566201242065
2023-08-03 06:00:00,2023,8,3,6,5.9968407849325365,5.7791374715615635,0.21770331337097293,0.21770331337097293
2023-08-03 12:00:00,2023,8,3,12,9.641743639237763,9.915219588836003,-0.2734759495982395,0.2734759495982395
2023-08-03 18:00:00,2023,8,3,18,5.534757823583923,5.570569011391599,-0.03581118780767589,0.03581118780767589
2023-08-04 00:00:00,2023,8,4,0,5.157040845222173,5.214295658621728,-0.057254813399554294,0.057254813399554294
2023-08-04 06:00:00,2023,8,4,6,5.307217524120056,5.532699910562754,-0.2254823864426978,0.2254823864426978
2023-08-04 12:00:00,2023,8,4,12,9.35445587479376,9.599795831950155,-0.24533995715639456,0.24533995715639456
2023-08-04 18:00:00,2023,8,4,18,6.095997970231803,5.798111634603373,0.29788633562843003,0.29788633562843003
2023-08-05 00:00:00,2023,8,5,0,4.718667722630732,4.886447610623167,-0.1677798879924346,0.1677798879924346
2023-08-05 06:00:00,2023,8,5,6,5.557434757998655,5.5857513257472755,-0.02831656774862079,0.02831656774862079
2023-08-05 12:00:00,2023,8,5,12,9.649342468035051,9.781952686707703,-0.13261021867265121,0.13261021867265121
2023-08-05 18:00:00,2023,8,5,18,5.888594963973979,5.700875798676259,0.18771916529771993,0.18771916529771993
2023-08-06 00:00:00,2023,8,6,0,4.905477820688644,5.140434371009249,-0.23495655032060547,0.23495655032060547
2023-08-06 06:00:00,2023,8,6,6,5.7557816755172455,5.817377806753416,-0.06159613123617014,0.06159613123617014
2023-08-06 12:00:00,2023,8,6,12,10.45607784028327,9.94064174657731,0.5154360937059597,0.5154360937059597
2023-08-06 18:00:00,2023,8,6,18,6.0924270632299375,5.8339165525094705,0.25851051072046705,0.25851051072046705
2023-08-07 00:00:00,2023,8,7,0,5.125521968835072,5.2477206805086585,-0.12219871167358676,0.12219871167358676
2023-08-07 06:00:00,2023,8,7,6,5.707976816470009,5.598609991336132,0.1093668251338773,0.1093668251338773
2023-08-07 12:00:00,2023,8,7,12,9.945895395344545,10.043440776848604,-0.09754538150405878,0.09754538150405878
2023-08-07 18:00:00,2023,8,7,18,6.145548173598304,5.849754708604416,0.2957934649938885,0.2957934649938885
2023-08-08 00:00:00,2023,8,8,0,4.917479694691409,5.072481970752549,-0.1550022760611398,0.1550022760611398
2023-08-08 06:00:00,2023,8,8,6,5.712336981008871,5.742655890849289,-0.03031890984041752,0.03031890984041752
2023-08-08 12:00:00,2023,8,8,12,9.867675190090816,9.884814432445157,-0.017139242354341278,0.017139242354341278
2023-08-08 18:00:00,2023,8,8,18,5.677014524127125,5.827737488881324,-0.15072296475419922,0.15072296475419922
2023-08-09 00:00:00,2023,8,9,0,5.291400338038621,5.319575872229239,-0.028175534190618023,0.028175534190618023
2023-08-09 06:00:00,2023,8,9,6,5.736411834300574,5.734190919663485,0.0022209146370890664,0.0022209146370890664
2023-08-09 12:00:00,2023,8,9,12,9.88331927659676,9.843204375136326,0.04011490146043428,0.04011490146043428
2023-08-09 18:00:00,2023,8,9,18,5.692050684811918,5.667948991398807,0.024101693413111747,0.024101693413111747
2023-08-10 00:00:00,2023,8,10,0,5.211517102703406,5.056042143060419,0.1554749596429872,0.1554749596429872
2023-08-10 06:00:00,2023,8,10,6,5.248209036604622,5.530503763564017,-0.28229472695939517,0.28229472695939517
2023-08-10 12:00:00,2023,8,10,12,9.39498372661392,9.777559018136644,-0.3825752915227252,0.3825752915227252
2023-08-10 18:00:00,2023,8,10,18,5.379584359808937,5.463503236355616,-0.0839188765466794,0.0839188765466794
2023-08-11 00:00:00,2023,8,11,0,5.430601112959094,5.2427637759961305,0.18783733696296334,0.18783733696296334
2023-08-11 06:00:00,2023,8,11,6,5.884148954953224,5.875916067196172,0.008232887757051444,0.008232887757051444
2023-08-11 12:00:00,2023,8,11,12,9.966704996592824,10.086104010668096,-0.11939901407527209,0.11939901407527209
2023-08-11 18:00:00,2023,8,11,18,5.194041623395958,5.453443092665945,-0.25940146926998686,0.25940146926998686
2023-08-12 00:00:00,2023,8,12,0,5.094572315419767,5.049046830681343,0.045525484738424105,0.045525484738424105
2023-08-12 06:00:00,2023,8,12,6,5.520824403817417,5.725480372594706,-0.2046559687772893,0.2046559687772893
2023-08-12 12:00:00,2023,8,12,12,9.880626830140091,9.898745275833607,-0.018118445693515284,0.018118445693515284
2023-08-12 18:00:00,2023,8,12,18,5.602830631204028,5.689862586091617,-0.08703195488758908,0.08703195488758908
2023-08-13 00:00:00,2023,8,13,0,4.772242696717576,5.0258831477909665,-0.25364045107339006,0.25364045107339006
2023-08-13 06:00:00,2023,8,13,6,5.589583731496563,5.530111367506297,0.0594723639902659,0.0594723639902659
2023-08-13 12:00:00,2023,8,13,12,10.06874250248078,9.882720207416744,0.18602229506403667,0.18602229506403667
2023-08-13 18:00:00,2023,8,13,18,5.917087582217073,5.557661899111568,0.3594256831055054,0.3594256831055054
2023-08-14 00:00:00,2023,8,14,0,5.168325897654953,4.904079983563399,0.2642459140915543,0.2642459140915543
2023-08-14 06:00:00,2023,8,14,6,5.343254252261443,5.460118175572783,-0.11686392331133977,0.11686392331133977
2023-08-14 12:00:00,2023,8,14,12,9.806325987432537,9.626060217174649,0.18026577025788804,0.18026577025788804
2023-08-14 18:00:00,2023,8,14,18,5.62382298380363,5.579433441956812,0.04438954184681787,0.04438954184681787
2023-08-15 00:00:00,2023,8,15,0,4.80327877643622,5.0008162301428785,-0.19753745370665854,0.19753745370665854
2023-08-15 06:00:00,2023,8,15,6,5.441319861435062,5.487145345206194,-0.04582548377113227,0.04582548377113227
2023-08-15 12:00:00,2023,8,15,12,9.743803842284663,9.689408814156987,0.054395028127675715,0.054395028127675715
2023-08-15 18:00:00,2023,8,15,18,5.57553221725285,5.6270159606564585,-0.05148374340360817,0.05148374340360817
2023-08-16 00:00:00,2023,8,16,0,5.130028546681164,5.001077776265023,0.12895077041614034,0.12895077041614034
2023-08-16 06:00:00,2023,8,16,6,5.533226408636244,5.576061087098786,-0.042834678462542186,0.042834678462542186
2023-08-16 12:00:00,2023,8,16,12,9.93603645274576,9.73153121060447,0.20450524214129118,0.20450524214129118
2023-08-16 18:00:00,2023,8,16,18,5.575997744481829,5.462579200872706,0.11341854360912329,0.11341854360912329
2023-08-17 00:00:00,2023,8,17,0,4.517476984515034,4.636639761643583,-0.11916277712854839,0.11916277712854839
2023-08-17 06:00:00,2023,8,17,6,5.492610624008444,5.511425670274452,-0.01881504626600794,0.01881504626600794
2023-08-17 12:00:00,2023,8,17,12,9.84132993785863,9.756230179248682,0.08509975860994778,0.08509975860994778
2023-08-17 18:00:00,2023,8,17,18,5.633565771886532,5.437276736473768,0.19628903541276443,0.19628903541276443
2023-08-18 00:00:00,2023,8,18,0,4.879135261879442,4.924432623194129,-0.04529736131468631,0.04529736131468631
2023-08-18 06:00:00,2023,8,18,6,5.030342908991829,5.353828706393874,-0.3234857974020455,0.3234857974020455
2023-08-18 12:00:00,2023,8,18,12,9.164271129646965,9.527354125775478,-0.36308299612851336,0.36308299612851336
2023-08-18 18:00:00,2023,8,18,18,5.733838461239365,5.6557937904714235,0.07804467076794186,0.07804467076794186
2023-08-19 00:00:00,2023,8,19,0,5.0242858738025085,4.959515143119394,0.06477073068311423,0.06477073068311423
2023-08-19 06:00:00,2023,8,19,6,5.5244701687423845,5.602916862823768,-0.07844669408138394,0.07844669408138394
2023-08-19 12:00:00,2023,8,19,12,9.270237256942735,9.449972447845354,-0.17973519090261902,0.17973519090261902
2023-08-19 18:00:00,2023,8,19,18,5.818604410695544,5.556940969516289,0.26166344117925533,0.26166344117925533
2023-08-20 00:00:00,2023,8,20,0,4.831882879229203,4.832614197219266,-0.0007313179900636513,0.0007313179900636513
2023-08-20 06:00:00,2023,8,20,6,5.457082809287152,5.4272711566242675,0.029811652662884214,0.029811652662884214
2023-08-20 12:00:00,2023,8,20,12,9.12691435389221,9.464867540138933,-0.33795318624672177,0.33795318624672177
2023-08-20 18:00:00,2023,8,20,18,5.567417115380076,5.544506087349467,0.022911028030608627,0.022911028030608627
2023-08-21 00:00:00,2023,8,21,0,5.046817743259665,4.9496196652614906,0.0971980779981747,0.0971980779981747
2023-08-21 06:00:00,2023,8,21,6,5.281530315247539,5.22211499066552,0.05941532458201948,0.05941532458201948
2023-08-21 12:00:00,2023,8,21,12,9.362143456065626,9.41954314915174,-0.05739969308611492,0.05739969308611492
2023-08-21 18:00:00,2023,8,21,18,5.265491072357991,5.342867253433702,-0.07737618107571098,0.07737618107571098
2023-08-22 00:00:00,2023,8,22,0,4.749633475035417,4.700722651862242,0.04891082317317519,0.04891082317317519
2023-08-22 06:00:00,2023,8,22,6,5.229067537456502,5.34905513632,-0.11998759886349752,0.11998759886349752
2023-08-22 12:00:00,2023,8,22,12,9.233009258098376,9.26125520111044,-0.028245943012064956,0.028245943012064956
2023-08-22 18:00:00,2023,8,22,18,5.753885511338409,5.527496745229814,0.22638876610859526,0.22638876610859526
2023-08-23 00:00:00,2023,8,23,0,4.832008173193072,4.745484724874113,0.08652344831895942,0.08652344831895942
2023-08-23 06:00:00,2023,8,23,6,5.790416594625643,5.413721367073975,0.37669522755166795,0.37669522755166795
2023-08-23 12:00:00,2023,8,23,12,9.546932144299824,9.286256021044343,0.2606761232554806,0.2606761232554806
2023-08-23 18:00:00,2023,8,23,18,5.482275182012244,5.451023272414037,0.03125190959820667,0.03125190959820667
2023-08-24 00:00:00,2023,8,24,0,4.985801164322046,4.743918965391305,0.2418821989307407,0.2418821989307407
2023-08-24 06:00:00,2023,8,24,6,5.592998025515292,5.4445677933061685,0.14843023220912333,0.14843023220912333
2023-08-24 12:00:00,2023,8,24,12,9.31366159019565,9.52190421576928,-0.2082426255736305,0.2082426255736305
2023-08-24 18:00:00,2023,8,24,18,5.309530242724319,5.3055581014988125,0.003972141225506931,0.003972141225506931
2023-08-25 00:00:00,2023,8,25,0,5.096478285736556,4.921663173482165,0.1748151122543904,0.1748151122543904
2023-08-25 06:00:00,2023,8,25,6,5.177449872687713,5.1726090380094725,0.004840834678240924,0.004840834678240924
2023-08-25 12:00:00,2023,8,25,12,9.691674620785989,9.39785807305922,0.29381654772676846,0.29381654772676846
2023-08-25 18:00:00,2023,8,25,18,5.3688359258126335,5.304749373237074,0.06408655257555917,0.06408655257555917
2023-08-26 00:00:00,2023,8,26,0,4.709124527003821,4.764504816604121,-0.055380289600299726,0.055380289600299726
2023-08-26 06:00:00,2023,8,26,6,5.524214854016279,5.573291252342892,-0.049076398326612924,0.049076398326612924
2023-08-26 12:00:00,2023,8,26,12,9.028638969234974,9.188516652815368,-0.1598776835803939,0.1598776835803939
2023-08-26 18:00:00,2023,8,26,18,5.6016469684120525,5.319987557414474,0.2816594109975785,0.2816594109975785
2023-08-27 00:00:00,2023,8,27,0,4.480250942134696,4.651564577757648,-0.1713136356229521,0.1713136356229521
2023-08-27 06:00:00,2023,8,27,6,5.442304908416442,5.216633332022456,0.22567157639398605,0.22567157639398605
2023-08-27 12:00:00,2023,8,27,12,9.64972407644,9.425373606114325,0.22435047032567468,0.22435047032567468
2023-08-27 18:00:00,2023,8,27,18,5.26813941914506,5.272666058093667,-0.0045266389486071645,0.0045266389486071645
2023-08-28 00:00:00,2023,8,28,0,4.908524079443589,4.662798457527158,0.24572562191643144,0.24572562191643144
2023-08-28 06:00:00,2023,8,28,6,5.118198146915744,5.167964140717979,-0.04976599380223501,0.04976599380223501
2023-08-28 12:00:00,2023,8,28,12,9.18818415337581,9.158217867662549,0.029966285713260987,0.029966285713260987
2023-08-28 18:00:00,2023,8,28,18,5.2659902112122285,5.240348117360703,0.02564209385152516,0.02564209385152516
2023-08-29 00:00:00,2023,8,29,0,5.009217476565171,4.825996366032884,0.18322111053228696,0.18322111053228696
2023-08-29 06:00:00,2023,8,29,6,4.8606668076174975,5.167852834337582,-0.30718602672008455,0.30718602672008455
2023-08-29 12:00:00,2023,8,29,12,8.881897496099263,9.184938729258377,-0.3030412331591137,0.3030412331591137
2023-08-29 18:00:00,2023,8,29,18,5.523774616163666,5.318300800418411,0.20547381574525492,0.20547381574525492
2023-08-30 00:00:00,2023,8,30,0,4.835040446050365,4.82426188381779,0.010778562232574451,0.010778562232574451
2023-08-30 06:00:00,2023,8,30,6,5.621813674127742,5.390078664257855,0.2317350098698867,0.2317350098698867
2023-08-30 12:00:00,2023,8,30,12,9.32347370373962,9.596565692909989,-0.2730919891703696,0.2730919891703696
2023-08-30 18:00:00,2023,8,30,18,5.027472367298005,5.190094399556364,-0.16262203225835936,0.16262203225835936
2023-08-31 00:00:00,2023,8,31,0,4.641789755983096,4.615400292585246,0.026389463397849866,0.026389463397849866
2023-08-31 06:00:00,2023,8,31,6,5.185445275714931,5.219846701031766,-0.03440142531683499,0.03440142531683499
2023-08-31 12:00:00,2023,8,31,12,9.125837331338577,9.245016151437575,-0.11917882009899827,0.11917882009899827
2023-08-31 18:00:00,2023,8,31,18,4.632680467657899,5.175787774559515,-0.5431073069016161,0.5431073069016161
2023-09-01 00:00:00,2023,9,1,0,4.884139277906041,4.692871995758481,0.1912672821475594,0.1912672821475594
2023-09-01 06:00:00,2023,9,1,6,5.198899019993777,5.226051465687925,-0.02715244569414743,0.02715244569414743
2023-09-01 12:00:00,2023,9,1,12,9.290629466774664,9.128130816748902,0.16249865002576236,0.16249865002576236
2023-09-01 18:00:00,2023,9,1,18,5.484075820289745,5.278947461133106,0.20512835915663885,0.20512835915663885
2023-09-02 00:00:00,2023,9,2,0,4.4463290092912375,4.704283857763428,-0.2579548484721901,0.2579548484721901
2023-09-02 06:00:00,2023,9,2,6,5.178352132132333,5.102323467475659,0.07602866465667368,0.07602866465667368
2023-09-02 12:00:00,2023,9,2,12,9.04910527419809,8.999774589317441,0.0493306848806494,0.0493306848806494
2023-09-02 18:00:00,2023,9,2,18,5.232237763111045,5.294259921368347,-0.06202215825730217,0.06202215825730217
2023-09-03 00:00:00,2023,9,3,0,4.035291308898448,4.441675056815313,-0.40638374791686527,0.40638374791686527
2023-09-03 06:00:00,2023,9,3,6,4.91189731476354,5.040704506023194,-0.12880719125965356,0.12880719125965356
2023-09-03 12:00:00,2023,9,3,12,9.229379952374591,8.97571929593402,0.25366065644057123,0.25366065644057123
2023-09-03 18:00:00,2023,9,3,18,4.798957661653512,5.121088251002336,-0.32213058934882355,0.32213058934882355
2023-09-04 00:00:00,2023,9,4,0,4.681546031428637,4.760089811381373,-0.07854377995273687,0.07854377995273687
2023-09-04 06:00:00,2023,9,4,6,5.462888376518528,5.2963788352286425,0.16650954128988538,0.16650954128988538
2023-09-04 12:00:00,2023,9,4,12,9.280714520806647,9.10136483897768,0.17934968182896682,0.17934968182896682
2023-09-04 18:00:00,2023,9,4,18,5.006137143236268,4.9748099887988255,0.031327154437442495,0.031327154437442495
2023-09-05 00:00:00,2023,9,5,0,4.642670161677252,4.574168442311137,0.0685017193661146,0.0685017193661146
2023-09-05 06:00:00,2023,9,5,6,4.765489996934832,4.9284513290297385,-0.16296133209490637,0.16296133209490637
2023-09-05 12:00:00,2023,9,5,12,8.88838734227557,9.01821456342608,-0.12982722115051004,0.12982722115051004
2023-09-05 18:00:00,2023,9,5,18,5.099045859898981,5.142673658274542,-0.04362779837556108,0.04362779837556108
2023-09-06 00:00:00,2023,9,6,0,4.866539078423528,4.667868180696342,0.19867089772718582,0.19867089772718582
2023-09-06 06:00:00,2023,9,6,6,5.204871252483902,5.28082991885912,-0.07595866637521809,0.07595866637521809
2023-09-06 12:00:00,2023,9,6,12,9.014150426063106,8.900276462740914,0.11387396332219168,0.11387396332219168
2023-09-06 18:00:00,2023,9,6,18,4.777159878332519,4.94458998474494,-0.1674301064124215,0.1674301064124215
2023-09-07 00:00:00,2023,9,7,0,4.497162740637803,4.465614439096984,0.03154830154081889,0.03154830154081889
2023-09-07 06:00:00,2023,9,7,6,4.882666823823774,5.0623333589020385,-0.17966653507826447,0.17966653507826447
2023-09-07 12:00:00,2023,9,7,12,8.827679572324783,8.793239447087156,0.03444012523762652,0.03444012523762652
2023-09-07 18:00:00,2023,9,7,18,4.942390808697387,4.9710104270247255,-0.028619618327338614,0.028619618327338614
2023-09-08 00:00:00,2023,9,8,0,4.518170432545205,4.59227779461532,-0.07410736207011581,0.07410736207011581
2023-09-08 06:00:00,2023,9,8,6,4.971390543342356,4.848641113114761,0.12274943022759555,0.12274943022759555
2023-09-08 12:00:00,2023,9,8,12,8.937352388535595,8.90504986233671,0.03230252619888496,0.03230252619888496
2023-09-08 18:00:00,2023,9,8,18,4.401912701171047,4.7174365898451995,-0.3155238886741527,0.3155238886741527
2023-09-09 00:00:00,2023,9,9,0,4.091505144752853,4.389282417995572,-0.2977772732427191,0.2977772732427191
2023-09-09 06:00:00,2023,9,9,6,5.184654408565408,5.05009493083481,0.1345594777305985,0.1345594777305985
2023-09-09 12:00:00,2023,9,9,12,8.776305005422012,8.866745324860956,-0.09044031943894382,0.09044031943894382
2023-09-09 18:00:00,2023,9,9,18,4.974579321001164,5.15765413335677,-0.1830748123556063,0.1830748123556063
2023-09-10 00:00:00,2023,9,10,0,4.424609129932173,4.402052705545119,0.022556424387054186,0.022556424387054186
2023-09-10 06:00:00,2023,9,10,6,4.780717093279634,5.008292341430206,-0.22757524815057195,0.22757524815057195
2023-09-10 12:00:00,2023,9,10,12,8.817406702078646,8.84908907633623,-0.03168237425758491,0.03168237425758491
2023-09-10 18:00:00,2023,9,10,18,4.889097830200906,4.8757018491977275,0.013395981003178292,0.013395981003178292
2023-09-11 00:00:00,2023,9,11,0,4.426182432627354,4.507351372228551,-0.08116893960119675,0.08116893960119675
2023-09-11 06:00:00,2023,9,11,6,5.338087924919174,5.21099363386844,0.12709429105073422,0.12709429105073422
2023-09-11 12:00:00,2023,9,11,12,8.894751694175817,8.952540584493404,-0.05778889031758716,0.05778889031758716
2023-09-11 18:00:00,2023,9,11,18,4.852224157764739,4.8921814041956875,-0.03995724643094878,0.03995724643094878
2023-09-12 00:00:00,2023,9,12,0,4.3486535692438295,4.288864502859198,0.05978906638463144,0.05978906638463144
2023-09-12 06:00:00,2023,9,12,6,4.680197551700831,5.023408358517944,-0.3432108068171127,0.3432108068171127
2023-09-12 12:00:00,2023,9,12,12,8.99780378745585,8.747471947627742,0.2503318398281067,0.2503318398281067
2023-09-12 18:00:00,2023,9,12,18,5.170502071884097,4.908364135092417,0.26213793679167985,0.26213793679167985
2023-09-13 00:00:00,2023,9,13,0,4.170483173156838,4.348150848781917,-0.177667675625079,0.177667675625079
2023-09-13 06:00:00,2023,9,13,6,5.427786483050715,5.274863248100977,0.15292323494973825,0.15292323494973825
2023-09-13 12:00:00,2023,9,13,12,8.592254425686562,8.593570446170737,-0.0013160204841753398,0.0013160204841753398
2023-09-13 18:00:00,2023,9,13,18,4.644964045229628,4.702154909475618,-0.057190864245989737,0.057190864245989737
2023-09-14 00:00:00,2023,9,14,0,4.226608602898375,4.360093941479674,-0.1334853385812984,0.1334853385812984
2023-09-14 06:00:00,2023,9,14,6,5.024642792437253,4.878335490063551,0.14630730237370138,0.14630730237370138
2023-09-14 12:00:00,2023,9,14,12,8.399239347740288,8.58634402188352,-0.18710467414323162,0.18710467414323162
2023-09-14 18:00:00,2023,9,14,18,4.661150008454202,4.879456461556983,-0.21830645310278118,0.21830645310278118
2023-09-15 00:00:00,2023,9,15,0,4.264023164390297,4.472013094172219,-0.2079899297819221,0.2079899297819221
2023-09-15 06:00:00,2023,9,15,6,4.875386230380158,4.861224429297395,0.014161801082763326,0.014161801082763326
2023-09-15 12:00:00,2023,9,15,12,8.290482686666431,8.378339055710384,-0.08785636904395311,0.08785636904395311
2023-09-15 18:00:00,2023,9,15,18,4.376821255238076,4.539503427302519,-0.1626821720644438,0.1626821720644438
2023-09-16 00:00:00,2023,9,16,0,4.163717255492206,4.23079086004545,-0.06707360455324363,0.06707360455324363
2023-09-16 06:00:00,2023,9,16,6,4.401702329378112,4.706565456234824,-0.3048631268567119,0.3048631268567119
2023-09-16 12:00:00,2023,9,16,12,8.893897004933217,8.532971075976505,0.3609259289567124,0.3609259289567124
2023-09-16 18:00:00,2023,9,16,18,4.92087851770204,4.879919562552814,0.040958955149226206,0.040958955149226206
2023-09-17 00:00:00,2023,9,17,0,4.121766577849447,4.166942027574926,-0.0451754497254786,0.0451754497254786
2023-09-17 06:00:00,2023,9,17,6,4.8139092871421125,4.634836725128307,0.17907256201380584,0.17907256201380584
2023-09-17 12:00:00,2023,9,17,12,8.442866810690884,8.591475398160844,-0.14860858746996009,0.14860858746996009
2023-09-17 18:00:00,2023,9,17,18,5.000789966779712,4.777019965521594,0.22377000125811808,0.22377000125811808
2023-09-18 00:00:00,2023,9,18,0,3.990652310565189,4.3067844852643145,-0.31613217469912547,0.31613217469912547
2023-09-18 06:00:00,2023,9,18,6,4.878320597891754,4.8479694223766785,0.030351175515075823,0.030351175515075823
2023-09-18 12:00:00,2023,9,18,12,8.249382572576625,8.33246260728773,-0.08308003471110581,0.08308003471110581
2023-09-18 18:00:00,2023,9,18,18,4.755377305987807,4.70463628150195,0.05074102448585727,0.05074102448585727
2023-09-19 00:00:00,2023,9,19,0,4.319762320445681,4.065190208867722,0.2545721115779598,0.2545721115779598
2023-09-19 06:00:00,2023,9,19,6,4.4742980818468965,4.649535048798688,-0.17523696695179147,0.17523696695179147
2023-09-19 12:00:00,2023,9,19,12,8.484416099365,8.516821474170879,-0.03240537480587946,0.03240537480587946
2023-09-19 18:00:00,2023,9,19,18,4.641089875471976,4.609921885908556,0.031167989563419596,0.031167989563419596
2023-09-20 00:00:00,2023,9,20,0,4.554647303759838,4.484705654086749,0.06994164967308869,0.06994164967308869
2023-09-20 06:00:00,2023,9,20,6,4.367042301306557,4.626009389503007,-0.2589670881964503,0.2589670881964503
2023-09-20 12:00:00,2023,9,20,12,8.462374794076478,8.304701860484913,0.15767293359156476,0.15767293359156476
2023-09-20 18:00:00,2023,9,20,18,4.619187501807341,4.706651708835185,-0.08746420702784441,0.08746420702784441
2023-09-21 00:00:00,2023,9,21,0,4.1741202955814805,4.008544347591498,0.1655759479899821,0.1655759479899821
2023-09-21 06:00:00,2023,9,21,6,4.446927518052773,4.4376695828508685,0.00925793520190421,0.00925793520190421
2023-09-21 12:00:00,2023,9,21,12,8.833635820307487,8.380628233250016,0.4530075870574706,0.4530075870574706
2023-09-21 18:00:00,2023,9,21,18,4.993115103546833,4.772511421052303,0.22060368249452988,0.22060368249452988
2023-09-22 00:00:00,2023,9,22,0,4.047755839728901,3.9315614082505514,0.11619443147834962,0.11619443147834962
2023-09-22 06:00:00,2023,9,22,6,4.735536050052066,4.699385724595713,0.03615032545635355,0.03615032545635355
2023-09-22 12:00:00,2023,9,22,12,8.751624220076355,8.352153869979633,0.39947035009672227,0.39947035009672227
2023-09-22 18:00:00,2023,9,22,18,4.551496147997386,4.567808204785814,-0.016312056788428286,0.016312056788428286
2023-09-23 00:00:00,2023,9,23,0,4.216995067580522,3.9124625449602646,0.30453252262025776,0.30453252262025776
2023-09-23 06:00:00,2023,9,23,6,4.859335853396729,4.72852286960951,0.1308129837872194,0.1308129837872194
2023-09-23 12:00:00,2023,9,23,12,8.552031679367552,8.361139956510995,0.19089172285655742,0.19089172285655742
2023-09-23 18:00:00,2023,9,23,18,4.417926841262116,4.492316162661017,-0.07438932139890042,0.07438932139890042
2023-09-24 00:00:00,2023,9,24,0,3.9172634547425607,4.07211011982221,-0.15484666507964961,0.15484666507964961
2023-09-24 06:00:00,2023,9,24,6,4.272498959960247,4.344539981479075,-0.07204102151882807,0.07204102151882807
2023-09-24 12:00:00,2023,9,24,12,8.009968403515312,8.289636117966072,-0.2796677144507598,0.2796677144507598
2023-09-24 18:00:00,2023,9,24,18,4.919640961944193,4.60231366938153,0.3173272925626627,0.3173272925626627
2023-09-25 00:00:00,2023,9,25,0,4.008553866931849,3.755228109306675,0.25332575762517395,0.25332575762517395
2023-09-25 06:00:00,2023,9,25,6,4.528904198505643,4.589250225048741,-0.0603460265430984,0.0603460265430984
2023-09-25 12:00:00,2023,9,25,12,8.158177866363367,8.185988173480697,-0.027810307117329458,0.027810307117329458
2023-09-25 18:00:00,2023,9,25,18,4.342235547633446,4.223872837238675,0.11836271039477086,0.11836271039477086
2023-09-26 00:00:00,2023,9,26,0,3.979124302012431,3.996207013912576,-0.017082711900144876,0.017082711900144876
2023-09-26 06:00:00,2023,9,26,6,4.566508230896995,4.662596645857601,-0.09608841496060627,0.09608841496060627
2023-09-26 12:00:00,2023,9,26,12,8.24628907240345,8.250714068136793,-0.004424995733343096,0.004424995733343096
2023-09-26 18:00:00,2023,9,26,18,4.540504346869308,4.59341586721684,-0.052911520347532104,0.052911520347532104
2023-09-27 00:00:00,2023,9,27,0,3.921613776812988,3.9917006649200646,-0.07008688810707664,0.07008688810707664
2023-09-27 06:00:00,2023,9,27,6,3.9730158580210944,4.063062753672581,-0.09004689565148638,0.09004689565148638
2023-09-27 12:00:00,2023,9,27,12,7.805329887220537,8.096094093591368,-0.2907642063708309,0.2907642063708309
2023-09-27 18:00:00,2023,9,27,18,4.63992125104976,4.292769572874524,0.3471516781752362,0.3471516781752362
2023-09-28 00:00:00,2023,9,28,0,3.936196695805332,3.887760299503676,0.04843639630165564,0.04843639630165564
2023-09-28 06:00:00,2023,9,28,6,4.584881448955591,4.4460011343306425,0.13888031462494865,0.13888031462494865
2023-09-28 12:00:00,2023,9,28,12,8.282602060162377,8.323805451108738,-0.04120339094636094,0.04120339094636094
2023-09-28 18:00:00,2023,9,28,18,4.320316432168087,4.444750189647819,-0.12443375747973207,0.12443375747973207
2023-09-29 00:00:00,2023,9,29,0,3.911946112149673,3.737016023437031,0.17493008871264193,0.17493008871264193
2023-09-29 06:00:00,2023,9,29,6,4.682429518921875,4.415327595763282,0.2671019231585934,0.2671019231585934
2023-09-29 12:00:00,2023,9,29,12,8.091454016398705,7.992953710032843,0.09850030636586204,0.09850030636586204
2023-09-29 18:00:00,2023,9,29,18,4.235543683322536,4.2726093707133135,-0.03706568739077731,0.03706568739077731
2023-09-30 00:00:00,2023,9,30,0,3.8523918877957057,3.7264350097394594,0.12595687805624634,0.12595687805624634
2023-09-30 06:00:00,2023,9,30,6,4.467832693569084,4.342943523652841,0.12488916991624333,0.12488916991624333
2023-09-30 12:00:00,2023,9,30,12,7.577592123498875,7.661327987414274,-0.08373586391539867,0.08373586391539867
2023-09-30 18:00:00,2023,9,30,18,5.0968029186964685,4.620804295642439,0.4759986230540294,0.4759986230540294
2023-10-01 00:00:00,2023,10,1,0,3.5655014730476267,3.459773868667702,0.10572760437992468,0.10572760437992468
2023-10-01 06:00:00,2023,10,1,6,4.615193162809268,4.427707918807429,0.18748524400183886,0.18748524400183886
2023-10-01 12:00:00,2023,10,1,12,8.094673980785739,8.123656767462567,-0.028982786676827743,0.028982786676827743
2023-10-01 18:00:00,2023,10,1,18,4.624723847648514,4.297486009852042,0.3272378377964724,0.3272378377964724
2023-10-02 00:00:00,2023,10,2,0,3.949507927064541,3.664001588213339,0.2855063388512016,0.2855063388512016
2023-10-02 06:00:00,2023,10,2,6,4.411820047366635,4.278268184985708,0.13355186238092642,0.13355186238092642
2023-10-02 12:00:00,2023,10,2,12,7.914973564974484,8.297028144448138,-0.38205457947365407,0.38205457947365407
2023-10-02 18:00:00,2023,10,2,18,4.22204492056032,4.149862290335531,0.07218263022478855,0.07218263022478855
2023-10-03 00:00:00,2023,10,3,0,3.776360027912257,3.725700614322026,0.05065941359023096,0.05065941359023096
2023-10-03 06:00:00,2023,10,3,6,4.465423211288589,4.416385384252862,0.049037827035726345,0.049037827035726345
2023-10-03 12:00:00,2023,10,3,12,7.943459848876718,8.0554686991819,-0.11200885030518126,0.11200885030518126
2023-10-03 18:00:00,2023,10,3,18,4.468034510525705,4.250988554793556,0.21704595573214824,0.21704595573214824
2023-10-04 00:00:00,2023,10,4,0,3.862542288583211,3.788715123061811,0.07382716552140023,0.07382716552140023
2023-10-04 06:00:00,2023,10,4,6,4.314900795120964,4.320796331955293,-0.005895536834328752,0.005895536834328752
2023-10-04 12:00:00,2023,10,4,12,7.765932481445462,7.73523060646517,0.03070187498029231,0.03070187498029231
2023-10-04 18:00:00,2023,10,4,18,4.330802479971325,4.393155234119362,-0.06235275414803709,0.06235275414803709
2023-10-05 00:00:00,2023,10,5,0,3.435588004298685,3.5292747686621033,-0.09368676436341827,0.09368676436341827
2023-10-05 06:00:00,2023,10,5,6,4.443285253857723,4.373504697556461,0.06978055630126168,0.06978055630126168
2023-10-05 12:00:00,2023,10,5,12,7.748466465781731,7.907369411146498,-0.15890294536476723,0.15890294536476723
2023-10-05 18:00:00,2023,10,5,18,4.227417440121731,4.22147341592801,0.005944024193721198,0.005944024193721198
2023-10-06 00:00:00,2023,10,6,0,3.612334102614528,3.6554705773579244,-0.043136474743396214,0.043136474743396214
2023-10-06 06:00:00,2023,10,6,6,4.384558462484131,4.3205779359649,0.06398052651923081,0.06398052651923081
2023-10-06 12:00:00,2023,10,6,12,7.989832328727991,7.998565973918777,-0.008733645190785566,0.008733645190785566
2023-10-06 18:00:00,2023,10,6,18,4.128859549380893,4.212497146356899,-0.08363759697600592,0.08363759697600592
2023-10-07 00:00:00,2023,10,7,0,3.586531454565075,3.874416554986432,-0.2878851004213572,0.2878851004213572
2023-10-07 06:00:00,2023,10,7,6,4.512154396518548,4.300344811585761,0.21180958493278723,0.21180958493278723
2023-10-07 12:00:00,2023,10,7,12,7.9904949041499,7.837763052526187,0.15273185162371306,0.15273185162371306
2023-10-07 18:00:00,2023,10,7,18,4.154367742885874,3.950704662423134,0.20366308046274018,0.20366308046274018
2023-10-08 00:00:00,2023,10,8,0,3.402903388076873,3.6998511205365547,-0.29694773245968165,0.29694773245968165
2023-10-08 06:00:00,2023,10,8,6,4.267164397740935,4.19119636842541,0.07596802931552471,0.07596802931552471
2023-10-08 12:00:00,2023,10,8,12,7.848810479958883,7.86098327679548,-0.012172796836597222,0.012172796836597222
2023-10-08 18:00:00,2023,10,8,18,3.778593643652615,3.7854238044123565,-0.0068301607597414105,0.0068301607597414105
2023-10-09 00:00:00,2023,10,9,0,3.703469115172804,3.6700911556262326,0.0333779595465713,0.0333779595465713
2023-10-09 06:00:00,2023,10,9,6,3.984182347010967,4.020236571459086,-0.03605422444811879,0.03605422444811879
2023-10-09 12:00:00,2023,10,9,12,7.621619994293237,7.362957997809245,0.25866199648399224,0.25866199648399224
2023-10-09 18:00:00,2023,10,9,18,4.170209111108957,4.2972090892197485,-0.1269999781107911,0.1269999781107911
2023-10-10 00:00:00,2023,10,10,0,3.3810160681357115,3.2176110491701504,0.16340501896556114,0.16340501896556114
2023-10-10 06:00:00,2023,10,10,6,4.16020917950933,4.010887068456489,0.14932211105284132,0.14932211105284132
2023-10-10 12:00:00,2023,10,10,12,7.628346625994528,7.589197274316636,0.03914935167789224,0.03914935167789224
2023-10-10 18:00:00,2023,10,10,18,3.880330564723304,3.757947215913961,0.12238334880934287,0.12238334880934287
2023-10-11 00:00:00,2023,10,11,0,3.3089092020825244,3.329467235837753,-0.02055803375522869,0.02055803375522869
2023-10-11 06:00:00,2023,10,11,6,4.130944253213259,4.091862571275607,0.0390816819376516,0.0390816819376516
2023-10-11 12:00:00,2023,10,11,12,7.723632297292269,7.564436373213402,0.15919592407886718,0.15919592407886718
2023-10-11 18:00:00,2023,10,11,18,3.96754630889918,3.9432515114230475,0.0242947974761325,0.0242947974761325
2023-10-12 00:00:00,2023,10,12,0,3.5149304337161844,3.804501380321287,-0.28957094660510263,0.28957094660510263
2023-10-12 06:00:00,2023,10,12,6,4.093589940224283,4.084719605870451,0.008870334353831666,0.008870334353831666
2023-10-12 12:00:00,2023,10,12,12,7.436358093224693,7.546026471206492,-0.10966837798179885,0.10966837798179885
2023-10-12 18:00:00,2023,10,12,18,4.047010074602118,4.200138706761565,-0.15312863215944716,0.15312863215944716
2023-10-13 00:00:00,2023,10,13,0,3.749745824303176,3.6511157887222905,0.09863003558088534,0.09863003558088534
2023-10-13 06:00:00,2023,10,13,6,4.252937841385859,4.049783833377643,0.20315400800821592,0.20315400800821592
2023-10-13 12:00:00,2023,10,13,12,7.293491737175092,7.483051124105981,-0.18955938693088914,0.18955938693088914
2023-10-13 18:00:00,2023,10,13,18,4.030919104849583,4.015618771750911,0.01530033309867207,0.01530033309867207
2023-10-14 00:00:00,2023,10,14,0,3.1555250913277697,3.1909017792872785,-0.03537668795950877,0.03537668795950877
2023-10-14 06:00:00,2023,10,14,6,4.1865783119018944,4.004115076714297,0.18246323518759766,0.18246323518759766
2023-10-14 12:00:00,2023,10,14,12,7.314997517642554,7.120950018430029,0.19404749921252495,0.19404749921252495
2023-10-14 18:00:00,2023,10,14,18,4.155903107932681,3.8991442521222055,0.2567588558104754,0.2567588558104754
2023-10-15 00:00:00,2023,10,15,0,3.4187904996864766,3.3352250874543805,0.08356541223209613,0.08356541223209613
2023-10-15 06:00:00,2023,10,15,6,3.79847680035421,3.7457380348293023,0.05273876552490764,0.05273876552490764
2023-10-15 12:00:00,2023,10,15,12,7.499933878374397,7.194251460926505,0.3056824174478914,0.3056824174478914
2023-10-15 18:00:00,2023,10,15,18,3.6050914925664177,3.9233027598336676,-0.3182112672672499,0.3182112672672499
2023-10-16 00:00:00,2023,10,16,0,3.439882840731239,3.5551253559833293,-0.11524251525209017,0.11524251525209017
2023-10-16 06:00:00,2023,10,16,6,3.867621151516581,3.7920922156211896,0.07552893589539122,0.07552893589539122
2023-10-16 12:00:00,2023,10,16,12,7.262244991753555,7.247313681994039,0.01493130975951562,0.01493130975951562
2023-10-16 18:00:00,2023,10,16,18,4.102182163672692,3.9860406978151057,0.11614146585758656,0.11614146585758656
2023-10-17 00:00:00,2023,10,17,0,3.209143888109274,3.135014955958067,0.0741289321512073,0.0741289321512073
2023-10-17 06:00:00,2023,10,17,6,3.3264296082732,3.667489446081952,-0.34105983780875215,0.34105983780875215
2023-10-17 12:00:00,2023,10,17,12,7.150289794362129,7.089887920096362,0.06040187426576704,0.06040187426576704
2023-10-17 18:00:00,2023,10,17,18,3.910510300379776,3.8874942207871137,0.023016079592662386,0.023016079592662386
2023-10-18 00:00:00,2023,10,18,0,3.339033982417183,3.2753951335571116,0.0636388488600712,0.0636388488600712
2023-10-18 06:00:00,2023,10,18,6,3.8528148517900553,3.819239404925363,0.03357544686469227,0.03357544686469227
2023-10-18 12:00:00,2023,10,18,12,6.984028529673693,7.3773141506193305,-0.3932856209456377,0.3932856209456377
2023-10-18 18:00:00,2023,10,18,18,4.439612312526914,3.9777023313943642,0.4619099811325498,0.4619099811325498
2023-10-19 00:00:00,2023,10,19,0,3.3477496375499736,3.0722786737796435,0.2754709637703301,0.2754709637703301
2023-10-19 06:00:00,2023,10,19,6,3.8364507229899023,4.051536670437186,-0.21508594744728393,0.21508594744728393
2023-10-19 12:00:00,2023,10,19,12,6.977531727548446,7.37488247754315,-0.397350749994704,0.397350749994704
2023-10-19 18:00:00,2023,10,19,18,4.0885806361042745,3.9530820904324915,0.135498545671783,0.135498545671783
2023-10-20 00:00:00,2023,10,20,0,3.228047092138787,3.3913462943406527,-0.16329920220186578,0.16329920220186578
2023-10-20 06:00:00,2023,10,20,6,3.842698935923636,3.820290460784188,0.02240847513944777,0.02240847513944777
2023-10-20 12:00:00,2023,10,20,12,7.498142917685758,7.539392088136263,-0.04124917045050491,0.04124917045050491
2023-10-20 18:00:00,2023,10,20,18,3.660785115814485,3.9828806137349746,-0.32209549792048975,0.32209549792048975
2023-10-21 00:00:00,2023,10,21,0,2.6810932057196526,3.0373645773361617,-0.3562713716165091,0.3562713716165091
2023-10-21 06:00:00,2023,10,21,6,3.615994763978528,3.749138135341551,-0.133143371363023,0.133143371363023
2023-10-21 12:00:00,2023,10,21,12,7.562201721644035,7.45314672259041,0.10905499905362515,0.10905499905362515
2023-10-21 18:00:00,2023,10,21,18,3.615402118087411,3.688161846644454,-0.07275972855704316,0.07275972855704316
2023-10-22 00:00:00,2023,10,22,0,3.286100116034623,3.1304126835270067,0.1556874325076163,0.1556874325076163
2023-10-22 06:00:00,2023,10,22,6,3.519198499608387,3.860864028798141,-0.3416655291897541,0.3416655291897541
2023-10-22 12:00:00,2023,10,22,12,7.037987146907407,7.119302787684215,-0.08131564077680764,0.08131564077680764
2023-10-22 18:00:00,2023,10,22,18,3.671764905714829,3.7420250467928233,-0.07026014107799439,0.07026014107799439
2023-10-23 00:00:00,2023,10,23,0,3.070480361109107,3.0918486219111534,-0.021368260802046457,0.021368260802046457
2023-10-23 06:00:00,2023,10,23,6,3.5526886448236468,3.7309650037351174,-0.17827635891147064,0.17827635891147064
2023-10-23 12:00:00,2023,10,23,12,7.125979308169736,7.431892816046899,-0.30591350787716287,0.30591350787716287
2023-10-23 18:00:00,2023,10,23,18,3.588122582300892,3.738825974002947,-0.15070339170205482,0.15070339170205482
2023-10-24 00:00:00,2023,10,24,0,2.996342034268577,2.9916673556289335,0.004674678639643659,0.004674678639643659
2023-10-24 06:00:00,2023,10,24,6,3.981426503167475,3.8753156467311305,0.10611085643634466,0.10611085643634466
2023-10-24 12:00:00,2023,10,24,12,7.006369694491025,7.0652922179509465,-0.05892252345992155,0.05892252345992155
2023-10-24 18:00:00,2023,10,24,18,3.455935238588899,3.41507688164971,0.04085835693918893,0.04085835693918893
2023-10-25 00:00:00,2023,10,25,0,2.9454324218707346,2.9973506009458597,-0.05191817907512508,0.05191817907512508
2023-10-25 06:00:00,2023,10,25,6,3.697678770122777,3.6172140262097945,0.08046474391298242,0.08046474391298242
2023-10-25 12:00:00,2023,10,25,12,7.09147575204439,6.907789986695133,0.1836857653492574,0.1836857653492574
2023-10-25 18:00:00,2023,10,25,18,3.446432082235256,3.656997745772764,-0.21056566353750794,0.21056566353750794
2023-10-26 00:00:00,2023,10,26,0,3.263570975762453,3.1734949993281147,0.0900759764343384,0.0900759764343384
2023-10-26 06:00:00,2023,10,26,6,3.614974789119477,3.7540860175777944,-0.13911122845831736,0.13911122845831736
2023-10-26 12:00:00,2023,10,26,12,7.108540641906906,7.209324394917868,-0.10078375301096187,0.10078375301096187
2023-10-26 18:00:00,2023,10,26,18,3.772636688740045,3.7308054091337346,0.04183127960631028,0.04183127960631028
2023-10-27 00:00:00,2023,10,27,0,3.033685781203578,3.019251823642291,0.01443395756128707,0.01443395756128707
2023-10-27 06:00:00,2023,10,27,6,3.7648909377044255,3.7356150054831025,0.029275932221322964,0.029275932221322964
2023-10-27 12:00:00,2023,10,27,12,7.532320875531378,7.226076686624668,0.30624418890671024,0.30624418890671024
2023-10-27 18:00:00,2023,10,27,18,3.973542600618144,3.6568907575738154,0.31665184304432836,0.31665184304432836
2023-10-28 00:00:00,2023,10,28,0,3.0558503564234787,2.8942698935562676,0.16158046286721106,0.16158046286721106
2023-10-28 06:00:00,2023,10,28,6,3.5529457656903696,3.335648808306307,0.2172969573840624,0.2172969573840624
2023-10-28 12:00:00,2023,10,28,12,6.779674522587007,6.996366590547985,-0.2166920679609774,0.2166920679609774
2023-10-28 18:00:00,2023,10,28,18,3.7342980691551455,3.6863529924996734,0.047945076655472096,0.047945076655472096
2023-10-29 00:00:00,2023,10,29,0,3.1333213958871187,2.899144177930063,0.23417721795705582,0.23417721795705582
2023-10-29 06:00:00,2023,10,29,6,3.354315633442237,3.5341152709431585,-0.17979963750092143,0.17979963750092143
2023-10-29 12:00:00,2023,10,29,12,6.767488421640912,6.932350147867338,-0.1648617262264267,0.1648617262264267
2023-10-29 18:00:00,2023,10,29,18,3.5629467682576705,3.592785938805131,-0.029839170547460547,0.029839170547460547
2023-10-30 00:00:00,2023,10,30,0,3.193450625256629,3.044688099857347,0.14876252539928192,0.14876252539928192
2023-10-30 06:00:00,2023,10,30,6,3.725468619019088,3.6693694470946006,0.056099171924487656,0.056099171924487656
2023-10-30 12:00:00,2023,10,30,12,7.157347813407806,7.040644238315331,0.11670357509247431,0.11670357509247431
2023-10-30 18:00:00,2023,10,30,18,3.3953826119699246,3.6020779574677997,-0.20669534549787505,0.20669534549787505
2023-10-31 00:00:00,2023,10,31,0,2.381331349577668,2.77421894861547,-0.392887599037802,0.392887599037802
2023-10-31 06:00:00,2023,10,31,6,3.66112364601629,3.5798399485311916,0.08128369748509856,0.08128369748509856
2023-10-31 12:00:00,2023,10,31,12,6.826333284355877,6.795167177230773,0.03116610712510326,0.03116610712510326
2023-10-31 18:00:00,2023,10,31,18,3.5137179426959,3.4585228331814,0.05519510951450002,0.05519510951450002
2023-11-01 00:00:00,2023,11,1,0,2.383128005140974,2.69073012156822,-0.3076021164272458,0.3076021164272458
2023-11-01 06:00:00,2023,11,1,6,3.2172849721373997,3.373146496759874,-0.15586152462247416,0.15586152462247416
2023-11-01 12:00:00,2023,11,1,12,7.074437548025383,7.003801953049608,0.07063559497577465,0.07063559497577465
2023-11-01 18:00:00,2023,11,1,18,3.458795605129311,3.4283190128932537,0.030476592236057254,0.030476592236057254
2023-11-02 00:00:00,2023,11,2,0,2.68911771489942,2.9102859499768807,-0.22116823507746064,0.22116823507746064
2023-11-02 06:00:00,2023,11,2,6,3.3305224704450014,3.5777723379028865,-0.24724986745788513,0.24724986745788513
2023-11-02 12:00:00,2023,11,2,12,7.092054820242764,6.8462047313813255,0.2458500888614381,0.2458500888614381
2023-11-02 18:00:00,2023,11,2,18,3.6988263835528703,3.4945683246523798,0.20425805890049054,0.20425805890049054
2023-11-03 00:00:00,2023,11,3,0,2.8319055318234674,2.8457406625327533,-0.013835130709285881,0.013835130709285881
2023-11-03 06:00:00,2023,11,3,6,3.4101002205460915,3.5033507774752284,-0.09325055692913686,0.09325055692913686
2023-11-03 12:00:00,2023,11,3,12,6.97326781688403,7.029829293230621,-0.05656147634659092,0.05656147634659092
2023-11-03 18:00:00,2023,11,3,18,3.4458914799972447,3.445406734199865,0.0004847457973795599,0.0004847457973795599
2023-11-04 00:00:00,2023,11,4,0,2.730992479055118,2.9714619822410833,-0.24046950318596538,0.24046950318596538
2023-11-04 06:00:00,2023,11,4,6,2.874411021800769,3.1971926108331714,-0.3227815890324024,0.3227815890324024
2023-11-04 12:00:00,2023,11,4,12,6.618580215127768,6.881280404411405,-0.26270018928363736,0.26270018928363736
2023-11-04 18:00:00,2023,11,4,18,3.2167691514593564,3.309482824138135,-0.09271367267877872,0.09271367267877872
2023-11-05 00:00:00,2023,11,5,0,2.7848588164450097,2.802785667914673,-0.01792685146966333,0.01792685146966333
2023-11-05 06:00:00,2023,11,5,6,3.2230188343000408,3.2985611336177993,-0.07554229931775858,0.07554229931775858
2023-11-05 12:00:00,2023,11,5,12,7.017252924747926,6.700233856662663,0.3170190680852629,0.3170190680852629
2023-11-05 18:00:00,2023,11,5,18,3.4056187631742563,3.446196300348973,-0.04057753717471657,0.04057753717471657
2023-11-06 00:00:00,2023,11,6,0,2.8459700583073357,2.896112941175071,-0.05014288286773505,0.05014288286773505
2023-11-06 06:00:00,2023,11,6,6,3.3272433340295064,3.421881766905611,-0.09463843287610452,0.09463843287610452
2023-11-06 12:00:00,2023,11,6,12,6.495892058819778,6.599322531772228,-0.10343047295245,0.10343047295245
2023-11-06 18:00:00,2023,11,6,18,3.3984454190460096,3.5346209765708596,-0.13617555752485,0.13617555752485
2023-11-07 00:00:00,2023,11,7,0,2.8590178765383225,2.6943779308216964,0.1646399457166261,0.1646399457166261
2023-11-07 06:00:00,2023,11,7,6,3.164619690034272,3.308924225851845,-0.14430453581757297,0.14430453581757297
2023-11-07 12:00:00,2023,11,7,12,6.666329006785749,6.243297517211734,0.42303148957401504,0.42303148957401504
2023-11-07 18:00:00,2023,11,7,18,3.4131486108815845,3.4809068184798355,-0.06775820759825102,0.06775820759825102
2023-11-08 00:00:00,2023,11,8,0,2.8475458032120917,2.717542081010882,0.13000372220120981,0.13000372220120981
2023-11-08 06:00:00,2023,11,8,6,3.417959309232916,3.2450459580028497,0.17291335123006624,0.17291335123006624
2023-11-08 12:00:00,2023,11,8,12,6.716074088645422,6.775830540308052,-0.05975645166262922,0.05975645166262922
2023-11-08 18:00:00,2023,11,8,18,3.177471441257167,3.285828659235036,-0.1083572179778689,0.1083572179778689
2023-11-09 00:00:00,2023,11,9,0,2.491786414102412,2.5931942808778596,-0.10140786677544744,0.10140786677544744
2023-11-09 06:00:00,2023,11,9,6,3.281747532648072,3.2487879026505033,0.03295962999756874,0.03295962999756874
2023-11-09 12:00:00,2023,11,9,12,7.2330941119976675,6.938042972787693,0.29505113920997417,0.29505113920997417
2023-11-09 18:00:00,2023,11,9,18,3.312285489859881,3.3416958341584686,-0.0294103442985878,0.0294103442985878
2023-11-10 00:00:00,2023,11,10,0,2.581484065590775,2.6576261466262774,-0.07614208103550224,0.07614208103550224
2023-11-10 06:00:00,2023,11,10,6,3.144052018711297,3.4777112176167932,-0.33365919890549645,0.33365919890549645
2023-11-10 12:00:00,2023,11,10,12,6.775262305027876,6.419436047657317,0.35582625737055906,0.35582625737055906
2023-11-10 18:00:00,2023,11,10,18,3.546814567873512,3.50047590542702,0.04633866244649232,0.04633866244649232
2023-11-11 00:00:00,2023,11,11,0,2.532040097472205,2.7741079317368293,-0.24206783426462453,0.24206783426462453
2023-11-11 06:00:00,2023,11,11,6,2.8543876082468937,3.1798556649715812,-0.3254680567246875,0.3254680567246875
2023-11-11 12:00:00,2023,11,11,12,6.589633785743274,6.488052140263727,0.10158164547954751,0.10158164547954751
2023-11-11 18:00:00,2023,11,11,18,3.1843907151484485,3.2039675717630685,-0.019576856614619942,0.019576856614619942
2023-11-12 00:00:00,2023,11,12,0,3.119278317136788,3.0476857843851706,0.07159253275161737,0.07159253275161737
2023-11-12 06:00:00,2023,11,12,6,3.258659725671284,3.3166955712843085,-0.05803584561302433,0.05803584561302433
2023-11-12 12:00:00,2023,11,12,12,6.579774217821027,6.647041353748845,-0.06726713592781852,0.06726713592781852
2023-11-12 18:00:00,2023,11,12,18,3.1783815102929664,3.302692764320811,-0.1243112540278446,0.1243112540278446
2023-11-13 00:00:00,2023,11,13,0,2.74686814483571,2.7543471933429164,-0.007479048507206265,0.007479048507206265
2023-11-13 06:00:00,2023,11,13,6,3.362620256810103,3.3931530567889103,-0.0305327999788072,0.0305327999788072
2023-11-13 12:00:00,2023,11,13,12,6.254317278578438,6.4913990421841525,-0.23708176360571454,0.23708176360571454
2023-11-13 18:00:00,2023,11,13,18,3.0690970654404883,3.2338490314442008,-0.16475196600371245,0.16475196600371245
2023-11-14 00:00:00,2023,11,14,0,2.630911968748513,2.5795494639177736,0.051362504830739564,0.051362504830739564
2023-11-14 06:00:00,2023,11,14,6,3.1692890437625105,3.166923539219607,0.002365504542903629,0.002365504542903629
2023-11-14 12:00:00,2023,11,14,12,6.951909732155691,6.832553942355868,0.11935578979982342,0.11935578979982342
2023-11-14 18:00:00,2023,11,14,18,3.385848464749997,3.175160364648126,0.210688100101871,0.210688100101871
2023-11-15 00:00:00,2023,11,15,0,2.7028470794877117,2.587504445439359,0.11534263404835254,0.11534263404835254
2023-11-15 06:00:00,2023,11,15,6,3.0121588439873554,3.1847274690031777,-0.17256862501582226,0.17256862501582226
2023-11-15 12:00:00,2023,11,15,12,6.321604749937897,6.5118743939574735,-0.19026964401957613,0.19026964401957613
2023-11-15 18:00:00,2023,11,15,18,3.157582471141894,3.2672622940137708,-0.10967982287187672,0.10967982287187672
2023-11-16 00:00:00,2023,11,16,0,2.525803831156358,2.499187845682487,0.026615985473871007,0.026615985473871007
2023-11-16 06:00:00,2023,11,16,6,2.7578235651325502,3.0979939067010682,-0.340170341568518,0.340170341568518
2023-11-16 12:00:00,2023,11,16,12,6.106166099409343,6.5362110624564975,-0.43004496304715456,0.43004496304715456
2023-11-16 18:00:00,2023,11,16,18,3.103321839035623,3.196193043175546,-0.09287120413992289,0.09287120413992289
2023-11-17 00:00:00,2023,11,17,0,2.240230072856082,2.594819421581119,-0.3545893487250371,0.3545893487250371
2023-11-17 06:00:00,2023,11,17,6,3.134945599010934,3.311415471320868,-0.17646987230993405,0.17646987230993405
2023-11-17 12:00:00,2023,11,17,12,6.278142179509548,6.282760856212125,-0.004618676702577318,0.004618676702577318
2023-11-17 18:00:00,2023,11,17,18,2.6788636906001613,3.0817806770666287,-0.40291698646646745,0.40291698646646745
2023-11-18 00:00:00,2023,11,18,0,2.494249362391195,2.6233326596351647,-0.1290832972439695,0.1290832972439695
2023-11-18 06:00:00,2023,11,18,6,2.991976578490785,3.049380668761422,-0.0574040902706372,0.0574040902706372
2023-11-18 12:00:00,2023,11,18,12,6.476805400428949,6.527684558273777,-0.050879157844827994,0.050879157844827994
2023-11-18 18:00:00,2023,11,18,18,3.371625968719627,3.2696187385678366,0.10200723015179047,0.10200723015179047
2023-11-19 00:00:00,2023,11,19,0,2.5880820203069703,2.486145615297356,0.10193640500961454,0.10193640500961454
2023-11-19 06:00:00,2023,11,19,6,2.9547834016728576,3.085558332303198,-0.1307749306303405,0.1307749306303405
2023-11-19 12:00:00,2023,11,19,12,6.527073691909092,6.694242586096872,-0.16716889418778003,0.16716889418778003
2023-11-19 18:00:00,2023,11,19,18,2.9667264306877708,3.257253824977292,-0.29052739428952146,0.29052739428952146
2023-11-20 00:00:00,2023,11,20,0,2.179186093067784,2.3495789559886866,-0.1703928629209024,0.1703928629209024
2023-11-20 06:00:00,2023,11,20,6,3.357477719146221,3.3856734592933124,-0.028195740147091364,0.028195740147091364
2023-11-20 12:00:00,2023,11,20,12,6.1846489432222125,6.278458235510806,-0.09380929228859358,0.09380929228859358
2023-11-20 18:00:00,2023,11,20,18,3.5083325247128463,3.147061595551805,0.3612709291610412,0.3612709291610412
2023-11-21 00:00:00,2023,11,21,0,2.5211900491770725,2.3551466971301243,0.1660433520469482,0.1660433520469482
2023-11-21 06:00:00,2023,11,21,6,3.3902379610478155,3.24949893559535,0.14073902545246542,0.14073902545246542
2023-11-21 12:00:00,2023,11,21,12,6.048125117350842,6.3953651814194945,-0.3472400640686528,0.3472400640686528
2023-11-21 18:00:00,2023,11,21,18,3.022845596035884,3.097601503665122,-0.07475590762923812,0.07475590762923812
2023-11-22 00:00:00,2023,11,22,0,2.402540633724416,2.4196015210627517,-0.01706088733833555,0.01706088733833555
2023-11-22 06:00:00,2023,11,22,6,2.9522698695792204,3.016225084531306,-0.06395521495208545,0.06395521495208545
2023-11-22 12:00:00,2023,11,22,12,6.4429417705091305,6.623812224117656,-0.1808704536085255,0.1808704536085255
2023-11-22 18:00:00,2023,11,22,18,3.162842474198557,3.1725790014688715,-0.00973652727031471,0.00973652727031471
2023-11-23 00:00:00,2023,11,23,0,2.66005992095832,2.4967030206014393,0.16335690035688044,0.16335690035688044
2023-11-23 06:00:00,2023,11,23,6,2.8431651413125003,3.052830661767756,-0.20966552045525555,0.20966552045525555
2023-11-23 12:00:00,2023,11,23,12,6.06266086091876,6.228450746862139,-0.1657898859433784,0.1657898859433784
2023-11-23 18:00:00,2023,11,23,18,3.094669981246314,3.0546751953981013,0.03999478584821281,0.03999478584821281
2023-11-24 00:00:00,2023,11,24,0,2.2898547280998462,2.47614182171108,-0.18628709361123397,0.18628709361123397
2023-11-24 06:00:00,2023,11,24,6,2.612695956253941,2.873305118384325,-0.2606091621303839,0.2606091621303839
2023-11-24 12:00:00,2023,11,24,12,6.355287514584639,6.048067462838746,0.30722005174589295,0.30722005174589295
2023-11-24 18:00:00,2023,11,24,18,3.033228113739752,3.004529549905141,0.02869856383461089,0.02869856383461089
2023-11-25 00:00:00,2023,11,25,0,2.605895886319644,2.499277525047135,0.10661836127250934,0.10661836127250934
2023-11-25 06:00:00,2023,11,25,6,2.9725868508014703,3.0464192215010644,-0.07383237069959403,0.07383237069959403
2023-11-25 12:00:00,2023,11,25,12,6.662567758414894,6.611154174638676,0.05141358377621774,0.05141358377621774
2023-11-25 18:00:00,2023,11,25,18,2.7842723627441583,2.993598281362164,-0.20932591861800587,0.20932591861800587
2023-11-26 00:00:00,2023,11,26,0,2.570614244251604,2.592388053068329,-0.021773808816725193,0.021773808816725193
2023-11-26 06:00:00,2023,11,26,6,3.336363017615146,2.987708243990507,0.34865477362463926,0.34865477362463926
2023-11-26 12:00:00,2023,11,26,12,6.55920016953735,6.555988558317678,0.0032116112196725055,0.0032116112196725055
2023-11-26 18:00:00,2023,11,26,18,3.1294879886010527,2.982182809246142,0.14730517935491072,0.14730517935491072
2023-11-27 00:00:00,2023,11,27,0,2.2543043020554667,2.1542047660505457,0.10009953600492105,0.10009953600492105
2023-11-27 06:00:00,2023,11,27,6,2.92262285209067,2.9156379853949126,0.006984866695757486,0.006984866695757486
2023-11-27 12:00:00,2023,11,27,12,5.943115488932301,6.052885287305118,-0.10976979837281764,0.10976979837281764
2023-11-27 18:00:00,2023,11,27,18,3.2654238150863297,3.128609386217616,0.13681442886871364,0.13681442886871364
2023-11-28 00:00:00,2023,11,28,0,2.315762587710095,2.237957388095477,0.07780519961461829,0.07780519961461829
2023-11-28 06:00:00,2023,11,28,6,2.928700225646428,3.0053944555819543,-0.07669422993552644,0.07669422993552644
2023-11-28 12:00:00,2023,11,28,12,6.454116108086223,6.630110372676425,-0.1759942645902024,0.1759942645902024
2023-11-28 18:00:00,2023,11,28,18,3.0318060938760274,2.8541941568938762,0.17761193698215116,0.17761193698215116
2023-11-29 00:00:00,2023,11,29,0,2.5887105988095414,2.4036254862210957,0.18508511258844562,0.18508511258844562
2023-11-29 06:00:00,2023,11,29,6,2.6988463134675795,2.736023066212841,-0.03717675274526133,0.03717675274526133
2023-11-29 12:00:00,2023,11,29,12,6.306504999634098,6.138055140442645,0.16844985919145294,0.16844985919145294
2023-11-29 18:00:00,2023,11,29,18,3.287325056104406,3.197251008324672,0.09007404777973393,0.09007404777973393
2023-11-30 00:00:00,2023,11,30,0,2.595538989030104,2.3207405610258256,0.27479842800427834,0.27479842800427834
2023-11-30 06:00:00,2023,11,30,6,3.0561443068196232,3.0301316275304737,0.02601267928914952,0.02601267928914952
2023-11-30 12:00:00,2023,11,30,12,6.156346043881432,6.136051336929031,0.02029470695240132,0.02029470695240132
2023-11-30 18:00:00,2023,11,30,18,2.6416618374308976,2.8934410558470582,-0.2517792184161607,0.2517792184161607
2023-12-01 00:00:00,2023,12,1,0,1.9695801788138343,2.088922867034153,-0.1193426882203188,0.1193426882203188
2023-12-01 06:00:00,2023,12,1,6,2.718061690636329,2.8190724492537518,-0.1010107586174227,0.1010107586174227
2023-12-01 12:00:00,2023,12,1,12,6.3493091995164495,6.104027357813909,0.24528184170254086,0.24528184170254086
2023-12-01 18:00:00,2023,12,1,18,2.562834350578897,2.839381552367111,-0.276547201788214,0.276547201788214
2023-12-02 00:00:00,2023,12,2,0,2.0250492888313776,2.0695361910262915,-0.04448690219491391,0.04448690219491391
2023-12-02 06:00:00,2023,12,2,6,2.4286586066042237,2.7587341269176733,-0.33007552031344956,0.33007552031344956
2023-12-02 12:00:00,2023,12,2,12,6.070495192540693,5.955971744355588,0.11452344818510518,0.11452344818510518
2023-12-02 18:00:00,2023,12,2,18,2.399769031186973,2.6266809811824583,-0.22691194999548525,0.22691194999548525
2023-12-03 00:00:00,2023,12,3,0,2.111460094008092,2.108222398742644,0.0032376952654482594,0.0032376952654482594
2023-12-03 06:00:00,2023,12,3,6,3.301307243747818,2.9705133444827885,0.33079389926502945,0.33079389926502945
2023-12-03 12:00:00,2023,12,3,12,6.050894973346216,5.928004536827723,0.12289043651849241,0.12289043651849241
2023-12-03 18:00:00,2023,12,3,18,3.181043169748345,2.9817906346484917,0.1992525350998533,0.1992525350998533
2023-12-04 00:00:00,2023,12,4,0,2.6142837459426174,2.2720554514635753,0.342228294479042,0.342228294479042
2023-12-04 06:00:00,2023,12,4,6,2.8668148842408065,2.834533841155213,0.03228104308559354,0.03228104308559354
2023-12-04 12:00:00,2023,12,4,12,5.705828727639912,5.881982518632807,-0.17615379099289452,0.17615379099289452
2023-12-04 18:00:00,2023,12,4,18,3.2486845903207984,2.960806687494034,0.2878779028267644,0.2878779028267644
2023-12-05 00:00:00,2023,12,5,0,2.269597624572521,2.1246587385191193,0.14493888605340155,0.14493888605340155
2023-12-05 06:00:00,2023,12,5,6,2.737415133062089,2.7016930736718074,0.03572205939028139,0.03572205939028139
2023-12-05 12:00:00,2023,12,5,12,6.078015540285047,6.087568178021564,-0.009552637736517156,0.009552637736517156
2023-12-05 18:00:00,2023,12,5,18,2.9568464759495945,2.856380216947228,0.10046625900236661,0.10046625900236661
2023-12-06 00:00:00,2023,12,6,0,1.821474938956368,2.2536836341789606,-0.43220869522259253,0.43220869522259253
2023-12-06 06:00:00,2023,12,6,6,3.2583798977527216,2.944183787943524,0.31419610980919765,0.31419610980919765
2023-12-06 12:00:00,2023,12,6,12,6.254946765615133,6.238071677220482,0.01687508839465135,0.01687508839465135
2023-12-06 18:00:00,2023,12,6,18,3.110575499668413,3.061380931383418,0.04919456828499502,0.04919456828499502
2023-12-07 00:00:00,2023,12,7,0,2.270770394481456,2.2328937156707167,0.03787667881073942,0.03787667881073942
2023-12-07 06:00:00,2023,12,7,6,2.698043785181216,2.8611302193483104,-0.16308643416709456,0.16308643416709456
2023-12-07 12:00:00,2023,12,7,12,6.013104454910749,5.978931920397763,0.03417253451298663,0.03417253451298663
2023-12-07 18:00:00,2023,12,7,18,2.7121047575293398,2.757977497746893,-0.045872740217553165,0.045872740217553165
2023-12-08 00:00:00,2023,12,8,0,1.9974875418669955,2.2396739854751204,-0.2421864436081249,0.2421864436081249
2023-12-08 06:00:00,2023,12,8,6,2.736569780419282,2.8865577639920756,-0.14998798357279375,0.14998798357279375
2023-12-08 12:00:00,2023,12,8,12,5.976142857217168,6.048175717798809,-0.0720328605816416,0.0720328605816416
2023-12-08 18:00:00,2023,12,8,18,2.775782967351067,2.6841390833341983,0.09164388401686896,0.09164388401686896
2023-12-09 00:00:00,2023,12,9,0,2.0309177497138435,1.9563882751588657,0.07452947455497783,0.07452947455497783
2023-12-09 06:00:00,2023,12,9,6,2.534282324310534,2.609059297707551,-0.07477697339701672,0.07477697339701672
2023-12-09 12:00:00,2023,12,9,12,5.713515632639473,6.087966109539538,-0.3744504769000647,0.3744504769000647
2023-12-09 18:00:00,2023,12,9,18,2.490376857653706,2.442274163162337,0.04810269449136939,0.04810269449136939
2023-12-10 00:00:00,2023,12,10,0,2.0558944551109977,2.1375465283614434,-0.08165207325044577,0.08165207325044577
2023-12-10 06:00:00,2023,12,10,6,2.4312182862091696,2.6633985985349176,-0.23218031232574798,0.23218031232574798
2023-12-10 12:00:00,2023,12,10,12,5.637655484455664,5.663918001478967,-0.02626251702330329,0.02626251702330329
2023-12-10 18:00:00,2023,12,10,18,2.798656897532178,2.725523652425083,0.07313324510709496,0.07313324510709496
2023-12-11 00:00:00,2023,12,11,0,2.181563053581401,1.9625413259263325,0.21902172765506833,0.21902172765506833
2023-12-11 06:00:00,2023,12,11,6,2.682990275152864,2.8062950127052315,-0.1233047375523677,0.1233047375523677
2023-12-11 12:00:00,2023,12,11,12,5.724203616557919,5.98293930852407,-0.25873569196615165,0.25873569196615165
2023-12-11 18:00:00,2023,12,11,18,2.999418732001785,2.715461163148391,0.28395756885339374,0.28395756885339374
2023-12-12 00:00:00,2023,12,12,0,2.210645076776599,2.144332629308399,0.06631244746819975,0.06631244746819975
2023-12-12 06:00:00,2023,12,12,6,2.937920358988976,2.7924622905385994,0.14545806845037657,0.14545806845037657
2023-12-12 12:00:00,2023,12,12,12,6.408654636643708,6.137338510722341,0.2713161259213672,0.2713161259213672
2023-12-12 18:00:00,2023,12,12,18,2.4643158217412635,2.598861090304501,-0.13454526856323756,0.13454526856323756
2023-12-13 00:00:00,2023,12,13,0,1.889612049012991,2.091417404394734,-0.20180535538174293,0.20180535538174293
2023-12-13 06:00:00,2023,12,13,6,2.8977569461289936,2.870205300900303,0.027551645228690802,0.027551645228690802
2023-12-13 12:00:00,2023,12,13,12,5.722733909121865,5.845388983497017,-0.12265507437515222,0.12265507437515222
2023-12-13 18:00:00,2023,12,13,18,2.788124808597645,2.675084977154592,0.11303983144305318,0.11303983144305318
2023-12-14 00:00:00,2023,12,14,0,2.619252284105076,2.4501171758377933,0.1691351082672825,0.1691351082672825
2023-12-14 06:00:00,2023,12,14,6,2.857394496499866,2.751590534728725,0.10580396177114082,0.10580396177114082
2023-12-14 12:00:00,2023,12,14,12,6.198631844307229,5.977994589410172,0.2206372548970572,0.2206372548970572
2023-12-14 18:00:00,2023,12,14,18,3.258035016547053,2.9426323522746434,0.3154026642724097,0.3154026642724097
2023-12-15 00:00:00,2023,12,15,0,2.035145946109823,2.1107473912389216,-0.07560144512909872,0.07560144512909872
2023-12-15 06:00:00,2023,12,15,6,2.843062639278992,2.877872263399138,-0.03480962412014588,0.03480962412014588
2023-12-15 12:00:00,2023,12,15,12,6.084326490550752,5.93194598138588,0.152380509164872,0.152380509164872
2023-12-15 18:00:00,2023,12,15,18,2.61439919545557,2.5743060161748454,0.040093179280724645,0.040093179280724645
2023-12-16 00:00:00,2023,12,16,0,2.0014044967160927,2.0374260216738365,-0.0360215249577438,0.0360215249577438
2023-12-16 06:00:00,2023,12,16,6,3.2825542532125263,2.818668107144307,0.4638861460682193,0.4638861460682193
2023-12-16 12:00:00,2023,12,16,12,5.9456007645295,5.85191367289239,0.09368709163710953,0.09368709163710953
2023-12-16 18:00:00,2023,12,16,18,2.68773301846074,2.840179172232113,-0.15244615377137283,0.15244615377137283
2023-12-17 00:00:00,2023,12,17,0,2.6412473462915624,2.495885886706883,0.1453614595846795,0.1453614595846795
2023-12-17 06:00:00,2023,12,17,6,2.531668410313741,2.566680067902746,-0.03501165758900493,0.03501165758900493
2023-12-17 12:00:00,2023,12,17,12,6.073921426679047,5.819289977878957,0.25463144880009025,0.25463144880009025
2023-12-17 18:00:00,2023,12,17,18,3.0330948945538574,2.938566015742958,0.09452887881089955,0.09452887881089955
2023-12-18 00:00:00,2023,12,18,0,2.0792562448633896,2.1757493476107603,-0.09649310274737077,0.09649310274737077
2023-12-18 06:00:00,2023,12,18,6,2.4072704403244893,2.822322589420789,-0.4150521490962995,0.4150521490962995
2023-12-18 12:00:00,2023,12,18,12,5.990785426077671,5.793345237940648,0.1974401881370227,0.1974401881370227
2023-12-18 18:00:00,2023,12,18,18,2.6870393628807734,2.5824246739048413,0.10461468897593207,0.10461468897593207
2023-12-19 00:00:00,2023,12,19,0,2.2469991345870213,2.3344218774806516,-0.08742274289363028,0.08742274289363028
2023-12-19 06:00:00,2023,12,19,6,2.967076313149551,2.856411519224869,0.11066479392468187,0.11066479392468187
2023-12-19 12:00:00,2023,12,19,12,5.5452778548534285,5.525582922482403,0.019694932371025153,0.019694932371025153
2023-12-19 18:00:00,2023,12,19,18,2.724701006061007,2.7667927810706647,-0.042091775009657884,0.042091775009657884
2023-12-20 00:00:00,2023,12,20,0,2.409604024124543,2.3077053087320847,0.10189871539245843,0.10189871539245843
2023-12-20 06:00:00,2023,12,20,6,2.876438327139556,2.5611144490751565,0.31532387806439965,0.31532387806439965
2023-12-20 12:00:00,2023,12,20,12,6.294505739265361,5.933402429149003,0.3611033101163583,0.3611033101163583
2023-12-20 18:00:00,2023,12,20,18,2.754596560611092,2.7217568036693933,0.03283975694169872,0.03283975694169872
2023-12-21 00:00:00,2023,12,21,0,1.947365633680661,1.9875331250679988,-0.04016749138733777,0.04016749138733777
2023-12-21 06:00:00,2023,12,21,6,2.7929337316857263,2.9027949460660647,-0.10986121438033836,0.10986121438033836
2023-12-21 12:00:00,2023,12,21,12,5.789217758334422,5.8395874993593075,-0.050369741024885784,0.050369741024885784
2023-12-21 18:00:00,2023,12,21,18,2.7978513780776293,2.794472376547131,0.0033790015304981935,0.0033790015304981935
2023-12-22 00:00:00,2023,12,22,0,2.265930174493667,2.123598694550103,0.142331479943564,0.142331479943564
2023-12-22 06:00:00,2023,12,22,6,2.569391667060508,2.482294275350994,0.08709739170951414,0.08709739170951414
2023-12-22 12:00:00,2023,12,22,12,5.705701345976325,5.795867590130811,-0.09016624415448593,0.09016624415448593
2023-12-22 18:00:00,2023,12,22,18,2.47704075225882,2.5184417119050497,-0.04140095964622992,0.04140095964622992
2023-12-23 00:00:00,2023,12,23,0,1.785080586163802,1.9417847753792772,-0.15670418921547524,0.15670418921547524
2023-12-23 06:00:00,2023,12,23,6,2.5485027626534964,2.6419947818559746,-0.09349201920247818,0.09349201920247818
2023-12-23 12:00:00,2023,12,23,12,5.515978347138231,5.62167644867589,-0.10569810153765946,0.10569810153765946
2023-12-23 18:00:00,2023,12,23,18,2.481515585922603,2.600771905373408,-0.11925631945080539,0.11925631945080539
2023-12-24 00:00:00,2023,12,24,0,2.0063617657357824,1.9934103907577718,0.012951374978010577,0.012951374978010577
2023-12-24 06:00:00,2023,12,24,6,2.7678239553987902,2.65511417882636,0.11270977657243009,0.11270977657243009
2023-12-24 12:00:00,2023,12,24,12,5.625095721400549,5.623703119116852,0.0013926022836967533,0.0013926022836967533
2023-12-24 18:00:00,2023,12,24,18,2.8306008796830047,2.65499871458937,0.1756021650936348,0.1756021650936348
2023-12-25 00:00:00,2023,12,25,0,1.9152554070216483,1.9426645364420723,-0.02740912942042395,0.02740912942042395
2023-12-25 06:00:00,2023,12,25,6,2.305219786179511,2.4567085857399253,-0.1514887995604144,0.1514887995604144
2023-12-25 12:00:00,2023,12,25,12,5.78991577869904,5.841370640334698,-0.0514548616356576,0.0514548616356576
2023-12-25 18:00:00,2023,12,25,18,2.758613784963872,2.5620170265127307,0.19659675845114144,0.19659675845114144
2023-12-26 00:00:00,2023,12,26,0,1.9128277568250835,1.8607965963586686,0.05203116046641498,0.05203116046641498
2023-12-26 06:00:00,2023,12,26,6,2.793437348343512,2.698963258034443,0.09447409030906906,0.09447409030906906
2023-12-26 12:00:00,2023,12,26,12,5.587393842788347,5.674990943266289,-0.08759710047794211,0.08759710047794211
2023-12-26 18:00:00,2023,12,26,18,2.337965345934535,2.3556909396173356,-0.01772559368280069,0.01772559368280069
2023-12-27 00:00:00,2023,12,27,0,2.0305969160822146,1.943443077408144,0.08715383867407067,0.08715383867407067
2023-12-27 06:00:00,2023,12,27,6,2.733056570770474,2.6758052133880037,0.057251357382470225,0.057251357382470225
2023-12-27 12:00:00,2023,12,27,12,6.006913530872882,5.764432725220043,0.24248080565283825,0.24248080565283825
2023-12-27 18:00:00,2023,12,27,18,2.5986613203312623,2.8093392886666493,-0.210677968335387,0.210677968335387
2023-12-28 00:00:00,2023,12,28,0,1.72838457011536,1.892698307193457,-0.16431373707809716,0.16431373707809716
2023-12-28 06:00:00,2023,12,28,6,2.686526794046093,2.637087634896122,0.04943915914997099,0.04943915914997099
2023-12-28 12:00:00,2023,12,28,12,5.712984065015586,5.7161387176039975,-0.0031546525884111887,0.0031546525884111887
2023-12-28 18:00:00,2023,12,28,18,2.692065737090861,2.642770948644177,0.04929478844668411,0.04929478844668411
2023-12-29 00:00:00,2023,12,29,0,1.491789170706994,1.7636837458145933,-0.2718945751075994,0.2718945751075994
2023-12-29 06:00:00,2023,12,29,6,2.5742219182442487,2.565146767136929,0.009075151107319712,0.009075151107319712
2023-12-29 12:00:00,2023,12,29,12,6.203762112820634,6.060455270270249,0.14330684255038495,0.14330684255038495
2023-12-29 18:00:00,2023,12,29,18,2.6552621191987837,2.576925913982934,0.07833620521584983,0.07833620521584983
2023-12-30 00:00:00,2023,12,30,0,2.017542574595471,1.9553186042326778,0.062223970362793146,0.062223970362793146
2023-12-30 06:00:00,2023,12,30,6,2.7182083219759177,2.6967326063816786,0.02147571559423911,0.02147571559423911
2023-12-30 12:00:00,2023,12,30,12,5.799360082693739,5.760079263993116,0.03928081870062261,0.03928081870062261
2023-12-30 18:00:00,2023,12,30,18,2.77009440195996,2.7508692954743226,0.019225106485637244,0.019225106485637244
2023-12-31 00:00:00,2023,12,31,0,2.215604352336143,2.1172057996753595,0.09839855266078334,0.09839855266078334
2023-12-31 06:00:00,2023,12,31,6,2.614332687331298,2.5974881143402313,0.016844572991066897,0.016844572991066897
2023-12-31 12:00:00,2023,12,31,12,6.025394409732146,5.927157626285851,0.09823678344629538,0.09823678344629538
2023-12-31 18:00:00,2023,12,31,18,2.708983118757264,2.5828826892596735,0.12610042949759048,0.12610042949759048
