datetime,year,month,day,hour,actual_modis_et_mm,predicted_modis_et_mm,residual_error,absolute_error
2022-01-01 00:00:00,2022,1,1,0,1.3500117919380987,1.4582265717574403,-0.10821477981934158,0.10821477981934158
2022-01-01 06:00:00,2022,1,1,6,1.4058569917493904,1.5007796460511293,-0.09492265430173896,0.09492265430173896
2022-01-01 12:00:00,2022,1,1,12,3.39654084585651,3.2635715493877306,0.13296929646877942,0.13296929646877942
2022-01-01 18:00:00,2022,1,1,18,1.4352723009897823,1.7138467793991174,-0.27857447840933514,0.27857447840933514
2022-01-02 00:00:00,2022,1,2,0,2.0048682861032328,1.9817991276153282,0.023069158487904584,0.023069158487904584
2022-01-02 06:00:00,2022,1,2,6,1.376615463124674,1.4333323045640318,-0.056716841439357735,0.056716841439357735
2022-01-02 12:00:00,2022,1,2,12,3.3557448799059744,3.3006259145644528,0.05511896534152161,0.05511896534152161
2022-01-02 18:00:00,2022,1,2,18,1.3554243829493662,1.4680662140957865,-0.11264183114642035,0.11264183114642035
2022-01-03 00:00:00,2022,1,3,0,1.3917401576337058,1.6179095688499463,-0.22616941121624046,0.22616941121624046
2022-01-03 06:00:00,2022,1,3,6,1.7597169790980751,1.6708133783118964,0.08890360078617876,0.08890360078617876
2022-01-03 12:00:00,2022,1,3,12,3.813144569986971,3.7692949469048136,0.04384962308215723,0.04384962308215723
2022-01-03 18:00:00,2022,1,3,18,1.7722606936176928,1.6874303615831057,0.08483033203458712,0.08483033203458712
2022-01-04 00:00:00,2022,1,4,0,1.680519058283502,2.0116619841077363,-0.33114292582423444,0.33114292582423444
2022-01-04 06:00:00,2022,1,4,6,1.990764027123734,1.6925208096624993,0.2982432174612346,0.2982432174612346
2022-01-04 12:00:00,2022,1,4,12,3.254061292822888,3.3032862802625402,-0.04922498743965242,0.04922498743965242
2022-01-04 18:00:00,2022,1,4,18,1.4617813057716191,1.6178488577354875,-0.15606755196386835,0.15606755196386835
2022-01-05 00:00:00,2022,1,5,0,1.5281577642123088,1.8192449138653763,-0.2910871496530676,0.2910871496530676
2022-01-05 06:00:00,2022,1,5,6,1.613298882523124,1.6534709398301393,-0.04017205730701523,0.04017205730701523
2022-01-05 12:00:00,2022,1,5,12,2.9950965091843145,3.3814253581627294,-0.3863288489784149,0.3863288489784149
2022-01-05 18:00:00,2022,1,5,18,1.7526767223986826,1.645332125250307,0.10734459714837552,0.10734459714837552
2022-01-06 00:00:00,2022,1,6,0,1.5567028282024986,1.5462757024192766,0.010427125783222024,0.010427125783222024
2022-01-06 06:00:00,2022,1,6,6,1.6601806003100876,1.6804851587268508,-0.020304558416763152,0.020304558416763152
2022-01-06 12:00:00,2022,1,6,12,2.913819982050601,2.998483825941708,-0.08466384389110715,0.08466384389110715
2022-01-06 18:00:00,2022,1,6,18,1.4821122257811448,1.6709800664815093,-0.18886784070036455,0.18886784070036455
2022-01-07 00:00:00,2022,1,7,0,1.2670522812146243,1.398987446886657,-0.13193516567203267,0.13193516567203267
2022-01-07 06:00:00,2022,1,7,6,1.6561401661281987,1.5803287619888344,0.07581140413936427,0.07581140413936427
2022-01-07 12:00:00,2022,1,7,12,3.268452043541169,3.255338545896022,0.013113497645147021,0.013113497645147021
2022-01-07 18:00:00,2022,1,7,18,1.427019409146373,1.4344086462386982,-0.007389237092325196,0.007389237092325196
2022-01-08 00:00:00,2022,1,8,0,1.4385318132537823,1.6545929712810123,-0.21606115802723003,0.21606115802723003
2022-01-08 06:00:00,2022,1,8,6,1.6966313611779258,1.5288527845162654,0.1677785766616604,0.1677785766616604
2022-01-08 12:00:00,2022,1,8,12,2.986179455323557,3.0161866811865323,-0.03000722586297533,0.03000722586297533
2022-01-08 18:00:00,2022,1,8,18,2.087977288955392,2.2188473774003628,-0.13087008844497072,0.13087008844497072
2022-01-09 00:00:00,2022,1,9,0,1.5448950280913687,1.4915305573927715,0.05336447069859718,0.05336447069859718
2022-01-09 06:00:00,2022,1,9,6,1.4639188912757255,1.4646070728664926,-0.0006881815907671118,0.0006881815907671118
2022-01-09 12:00:00,2022,1,9,12,2.961660302221373,3.15134364320385,-0.18968334098247697,0.18968334098247697
2022-01-09 18:00:00,2022,1,9,18,1.6917997450764866,1.5910437654620695,0.10075597961441707,0.10075597961441707
2022-01-10 00:00:00,2022,1,10,0,1.567804834407677,1.5664217951502397,0.001383039257437213,0.001383039257437213
2022-01-10 06:00:00,2022,1,10,6,1.7686937126320907,1.7539571414827566,0.014736571149334132,0.014736571149334132
2022-01-10 12:00:00,2022,1,10,12,3.0939066046230104,3.3166490471351118,-0.2227424425121014,0.2227424425121014
2022-01-10 18:00:00,2022,1,10,18,1.7036278602220645,1.5775665296663486,0.1260613305557159,0.1260613305557159
2022-01-11 00:00:00,2022,1,11,0,1.5997375562194365,1.6826424823147135,-0.082904926095277,0.082904926095277
2022-01-11 06:00:00,2022,1,11,6,2.057290741414211,2.0092257793176755,0.048064962096535435,0.048064962096535435
2022-01-11 12:00:00,2022,1,11,12,3.352501989026813,3.325816767077908,0.026685221948905102,0.026685221948905102
2022-01-11 18:00:00,2022,1,11,18,1.880152375555302,1.7920209804141007,0.08813139514120127,0.08813139514120127
2022-01-12 00:00:00,2022,1,12,0,1.658521253903428,1.585829173305022,0.07269208059840593,0.07269208059840593
2022-01-12 06:00:00,2022,1,12,6,1.4802065109307363,1.450514228536288,0.02969228239444832,0.02969228239444832
2022-01-12 12:00:00,2022,1,12,12,3.3646119279812456,3.267972915328472,0.09663901265277364,0.09663901265277364
2022-01-12 18:00:00,2022,1,12,18,1.7202657240711583,1.650766082904097,0.0694996411670612,0.0694996411670612
2022-01-13 00:00:00,2022,1,13,0,1.6495881166207045,1.9051171509570826,-0.2555290343363781,0.2555290343363781
2022-01-13 06:00:00,2022,1,13,6,1.860788901576036,1.7589901543216242,0.10179874725441174,0.10179874725441174
2022-01-13 12:00:00,2022,1,13,12,3.283726169500997,3.2269013795221277,0.056824789978869195,0.056824789978869195
2022-01-13 18:00:00,2022,1,13,18,1.6904175767741327,1.502624042103638,0.18779353467049464,0.18779353467049464
2022-01-14 00:00:00,2022,1,14,0,1.8887929844185667,1.767807853292609,0.12098513112595777,0.12098513112595777
2022-01-14 06:00:00,2022,1,14,6,1.8366375616377784,1.8122952394006258,0.024342322237152603,0.024342322237152603
2022-01-14 12:00:00,2022,1,14,12,3.6827071964159694,3.795903843660314,-0.11319664724434464,0.11319664724434464
2022-01-14 18:00:00,2022,1,14,18,1.6886586477907954,1.692180792415364,-0.0035221446245685684,0.0035221446245685684
2022-01-15 00:00:00,2022,1,15,0,1.981587019435586,1.843815562229811,0.1377714572057751,0.1377714572057751
2022-01-15 06:00:00,2022,1,15,6,1.600296300157877,1.6198327297234578,-0.01953642956558088,0.01953642956558088
2022-01-15 12:00:00,2022,1,15,12,3.3630113870358294,3.320000904090118,0.04301048294571119,0.04301048294571119
2022-01-15 18:00:00,2022,1,15,18,1.7361219521368465,1.6475432754453125,0.08857867669153396,0.08857867669153396
2022-01-16 00:00:00,2022,1,16,0,1.6744065791651723,1.616883720819369,0.057522858345803396,0.057522858345803396
2022-01-16 06:00:00,2022,1,16,6,2.0962503726465616,2.108695856088475,-0.012445483441913652,0.012445483441913652
2022-01-16 12:00:00,2022,1,16,12,3.0795291387956856,3.0626037965840993,0.01692534221158626,0.01692534221158626
2022-01-16 18:00:00,2022,1,16,18,1.3702819528444266,1.7861879848084,-0.41590603196397335,0.41590603196397335
2022-01-17 00:00:00,2022,1,17,0,1.605210259429274,1.637821931299285,-0.032611671870010905,0.032611671870010905
2022-01-17 06:00:00,2022,1,17,6,2.166065095480408,2.300233905929886,-0.13416881044947804,0.13416881044947804
2022-01-17 12:00:00,2022,1,17,12,3.4113797335809704,3.4100126785630054,0.0013670550179649688,0.0013670550179649688
2022-01-17 18:00:00,2022,1,17,18,3.036320616264093,2.699809233256365,0.336511383007728,0.336511383007728
2022-01-18 00:00:00,2022,1,18,0,1.495370629313698,1.4942712496760004,0.0010993796376974618,0.0010993796376974618
2022-01-18 06:00:00,2022,1,18,6,1.9053571888321803,1.7386163483159283,0.16674084051625204,0.16674084051625204
2022-01-18 12:00:00,2022,1,18,12,3.4644313844342065,3.555633199459856,-0.0912018150256495,0.0912018150256495
2022-01-18 18:00:00,2022,1,18,18,2.2059310452480854,1.8463502488640107,0.3595807963840747,0.3595807963840747
2022-01-19 00:00:00,2022,1,19,0,1.7962488789358666,1.46785848547174,0.3283903934641266,0.3283903934641266
2022-01-19 06:00:00,2022,1,19,6,2.2603621659308795,2.27582323810398,-0.015461072173100554,0.015461072173100554
2022-01-19 12:00:00,2022,1,19,12,3.444852062898678,3.545391551214662,-0.10053948831598403,0.10053948831598403
2022-01-19 18:00:00,2022,1,19,18,1.9312474090019984,1.8848796914157364,0.046367717586262014,0.046367717586262014
2022-01-20 00:00:00,2022,1,20,0,1.8483404932215357,1.902188167836576,-0.05384767461504025,0.05384767461504025
2022-01-20 06:00:00,2022,1,20,6,1.8283327589418112,1.695490921898426,0.13284183704338526,0.13284183704338526
2022-01-20 12:00:00,2022,1,20,12,3.342530217911779,3.335920980544509,0.006609237367269927,0.006609237367269927
2022-01-20 18:00:00,2022,1,20,18,1.8201351612329184,1.7607830548183414,0.059352106414577,0.059352106414577
2022-01-21 00:00:00,2022,1,21,0,1.8334234270465957,1.8611315892827167,-0.027708162236121048,0.027708162236121048
2022-01-21 06:00:00,2022,1,21,6,1.755150507070939,1.62335016745435,0.131800339616589,0.131800339616589
2022-01-21 12:00:00,2022,1,21,12,3.428714122201147,3.3770260601323914,0.051688062068755425,0.051688062068755425
2022-01-21 18:00:00,2022,1,21,18,1.9286835358192855,1.5802021584909478,0.3484813773283377,0.3484813773283377
2022-01-22 00:00:00,2022,1,22,0,2.0314598118289053,1.890991140126267,0.14046867170263844,0.14046867170263844
2022-01-22 06:00:00,2022,1,22,6,1.5788173417558815,1.8352139117621886,-0.2563965700063071,0.2563965700063071
2022-01-22 12:00:00,2022,1,22,12,3.161470448515944,3.213088472258377,-0.05161802374243285,0.05161802374243285
2022-01-22 18:00:00,2022,1,22,18,1.583779738663445,1.6822394737831974,-0.09845973511975248,0.09845973511975248
2022-01-23 00:00:00,2022,1,23,0,1.744612988552687,1.7235781150675598,0.021034873485127337,0.021034873485127337
2022-01-23 06:00:00,2022,1,23,6,1.6158152895739664,1.6589752915591787,-0.043160001985212304,0.043160001985212304
2022-01-23 12:00:00,2022,1,23,12,2.992680010491179,3.0131387947169044,-0.020458784225725335,0.020458784225725335
2022-01-23 18:00:00,2022,1,23,18,1.9381421995282644,1.8692133336008157,0.06892886592744873,0.06892886592744873
2022-01-24 00:00:00,2022,1,24,0,1.5974769718517656,1.5829739921545158,0.014502979697249785,0.014502979697249785
2022-01-24 06:00:00,2022,1,24,6,1.653644244500159,1.5422046809149832,0.1114395635851757,0.1114395635851757
2022-01-24 12:00:00,2022,1,24,12,3.363873702656554,3.4728901686504052,-0.10901646599385106,0.10901646599385106
2022-01-24 18:00:00,2022,1,24,18,2.6157086847307687,2.6980621531738156,-0.08235346844304692,0.08235346844304692
2022-01-25 00:00:00,2022,1,25,0,1.805213789700504,1.7522850347039878,0.05292875499651628,0.05292875499651628
2022-01-25 06:00:00,2022,1,25,6,1.5924319258436304,1.660384665175353,-0.06795273933172274,0.06795273933172274
2022-01-25 12:00:00,2022,1,25,12,3.5660192424239847,3.5554491550427088,0.010570087381275961,0.010570087381275961
2022-01-25 18:00:00,2022,1,25,18,1.9941786164203483,1.8691904115150957,0.12498820490525264,0.12498820490525264
2022-01-26 00:00:00,2022,1,26,0,1.7765420529517983,1.5986654698949563,0.17787658305684206,0.17787658305684206
2022-01-26 06:00:00,2022,1,26,6,1.747790833542172,1.8906827834474602,-0.1428919499052883,0.1428919499052883
2022-01-26 12:00:00,2022,1,26,12,2.9450304123188458,3.2255606776241383,-0.28053026530529257,0.28053026530529257
2022-01-26 18:00:00,2022,1,26,18,2.0963773634264715,1.8967965787745975,0.199580784651874,0.199580784651874
2022-01-27 00:00:00,2022,1,27,0,1.5740060937288685,1.7394373099543767,-0.16543121622550827,0.16543121622550827
2022-01-27 06:00:00,2022,1,27,6,1.8080709993879345,1.6638039976588623,0.14426700172907214,0.14426700172907214
2022-01-27 12:00:00,2022,1,27,12,3.4517102114939826,3.406901182721186,0.044809028772796466,0.044809028772796466
2022-01-27 18:00:00,2022,1,27,18,1.597909568257618,1.6003594629350315,-0.002449894677413411,0.002449894677413411
2022-01-28 00:00:00,2022,1,28,0,2.6711391125443456,2.661968273132381,0.009170839411964504,0.009170839411964504
2022-01-28 06:00:00,2022,1,28,6,1.4623172846741,1.5383211869970694,-0.0760039023229695,0.0760039023229695
2022-01-28 12:00:00,2022,1,28,12,3.795958620603479,3.6574667548962925,0.13849186570718652,0.13849186570718652
2022-01-28 18:00:00,2022,1,28,18,2.1660320736692147,2.1728428594636364,-0.0068107857944217365,0.0068107857944217365
2022-01-29 00:00:00,2022,1,29,0,2.1980388465479748,1.7417461032466175,0.4562927433013573,0.4562927433013573
2022-01-29 06:00:00,2022,1,29,6,2.2906311601969973,2.2245397005994016,0.06609145959759566,0.06609145959759566
2022-01-29 12:00:00,2022,1,29,12,3.427365269484556,3.3726636273475004,0.05470164213705564,0.05470164213705564
2022-01-29 18:00:00,2022,1,29,18,1.679742546484722,1.8424145973288757,-0.1626720508441537,0.1626720508441537
2022-01-30 00:00:00,2022,1,30,0,1.847818225485037,1.7465235630957734,0.10129466238926366,0.10129466238926366
2022-01-30 06:00:00,2022,1,30,6,1.4674321730342197,1.7350694085328657,-0.26763723549864604,0.26763723549864604
2022-01-30 12:00:00,2022,1,30,12,3.2490566185258225,3.6024236892729573,-0.3533670707471348,0.3533670707471348
2022-01-30 18:00:00,2022,1,30,18,1.8296037272218997,1.7886740219741646,0.04092970524773509,0.04092970524773509
2022-01-31 00:00:00,2022,1,31,0,1.7957972016404995,1.630608814964022,0.1651883866764774,0.1651883866764774
2022-01-31 06:00:00,2022,1,31,6,1.8174117952774624,1.898952208042565,-0.08154041276510249,0.08154041276510249
2022-01-31 12:00:00,2022,1,31,12,2.965234091488667,3.1373397179607947,-0.17210562647212768,0.17210562647212768
2022-01-31 18:00:00,2022,1,31,18,1.7901603015504497,1.88613712772618,-0.09597682617573033,0.09597682617573033
2022-02-01 00:00:00,2022,2,1,0,1.531017184865428,1.5755100340509902,-0.04449284918556229,0.04449284918556229
2022-02-01 06:00:00,2022,2,1,6,1.9422601615634565,2.052627586837575,-0.11036742527411869,0.11036742527411869
2022-02-01 12:00:00,2022,2,1,12,3.590652187561466,3.3828476041564937,0.2078045834049722,0.2078045834049722
2022-02-01 18:00:00,2022,2,1,18,2.8043866597723266,2.447455363870009,0.35693129590231765,0.35693129590231765
2022-02-02 00:00:00,2022,2,2,0,1.4542900289367748,1.485209713299463,-0.030919684362688216,0.030919684362688216
2022-02-02 06:00:00,2022,2,2,6,1.8227164423468865,1.8186947131545983,0.004021729192288159,0.004021729192288159
2022-02-02 12:00:00,2022,2,2,12,3.357237739030269,3.358985675325479,-0.0017479362952101951,0.0017479362952101951
2022-02-02 18:00:00,2022,2,2,18,1.4968906140399625,1.6311548712321027,-0.1342642571921402,0.1342642571921402
2022-02-03 00:00:00,2022,2,3,0,1.974449390430982,2.1159257812033165,-0.14147639077233443,0.14147639077233443
2022-02-03 06:00:00,2022,2,3,6,1.5878593351444508,1.5889960388280953,-0.001136703683644491,0.001136703683644491
2022-02-03 12:00:00,2022,2,3,12,3.549436322625184,3.6035861195463657,-0.054149796921181714,0.054149796921181714
2022-02-03 18:00:00,2022,2,3,18,1.94660210439335,2.0171569865797223,-0.0705548821863724,0.0705548821863724
2022-02-04 00:00:00,2022,2,4,0,1.8252313931305144,1.7359539636812922,0.08927742944922223,0.08927742944922223
2022-02-04 06:00:00,2022,2,4,6,1.5821619946348575,1.6328850017533967,-0.050723007118539165,0.050723007118539165
2022-02-04 12:00:00,2022,2,4,12,3.1775716380866994,3.5709567945155936,-0.39338515642889416,0.39338515642889416
2022-02-04 18:00:00,2022,2,4,18,2.320420515439968,2.019618462562455,0.30080205287751305,0.30080205287751305
2022-02-05 00:00:00,2022,2,5,0,2.202874888013755,2.3933102429485884,-0.19043535493483343,0.19043535493483343
2022-02-05 06:00:00,2022,2,5,6,1.4708609268780637,1.6526522540855646,-0.1817913272075009,0.1817913272075009
2022-02-05 12:00:00,2022,2,5,12,3.154940185174162,3.7705416945104586,-0.6156015093362965,0.6156015093362965
2022-02-05 18:00:00,2022,2,5,18,2.1543152625389284,2.011021642010736,0.14329362052819228,0.14329362052819228
2022-02-06 00:00:00,2022,2,6,0,1.5904501653055871,1.7742971736164996,-0.1838470083109125,0.1838470083109125
2022-02-06 06:00:00,2022,2,6,6,1.5135752195301788,1.8374682847456094,-0.3238930652154306,0.3238930652154306
2022-02-06 12:00:00,2022,2,6,12,3.037963511681096,3.4312254015605035,-0.39326188987940736,0.39326188987940736
2022-02-06 18:00:00,2022,2,6,18,1.7720077981454605,1.7829143969779528,-0.010906598832492342,0.010906598832492342
2022-02-07 00:00:00,2022,2,7,0,1.748008775684126,1.8259841596613198,-0.07797538397719372,0.07797538397719372
2022-02-07 06:00:00,2022,2,7,6,1.440334150647704,1.7843662511227423,-0.3440321004750382,0.3440321004750382
2022-02-07 12:00:00,2022,2,7,12,3.701147822375457,3.74800954975766,-0.04686172738220318,0.04686172738220318
2022-02-07 18:00:00,2022,2,7,18,1.5930407388241692,1.7575221915462127,-0.1644814527220435,0.1644814527220435
2022-02-08 00:00:00,2022,2,8,0,2.0927079802247053,1.9145527720447613,0.178155208179944,0.178155208179944
2022-02-08 06:00:00,2022,2,8,6,1.9238120183348904,1.9598101465051647,-0.03599812817027437,0.03599812817027437
2022-02-08 12:00:00,2022,2,8,12,3.584564672481948,3.4516108086084083,0.1329538638735399,0.1329538638735399
2022-02-08 18:00:00,2022,2,8,18,2.0975583985390784,1.9992849099275822,0.09827348861149621,0.09827348861149621
2022-02-09 00:00:00,2022,2,9,0,1.6299706912341958,1.586814244699163,0.0431564465350327,0.0431564465350327
2022-02-09 06:00:00,2022,2,9,6,1.9085999214283325,1.8822992724045609,0.026300649023771605,0.026300649023771605
2022-02-09 12:00:00,2022,2,9,12,4.37251760946469,4.124936604517312,0.2475810049473779,0.2475810049473779
2022-02-09 18:00:00,2022,2,9,18,1.8215886584854084,1.8042783214711033,0.017310337014305066,0.017310337014305066
2022-02-10 00:00:00,2022,2,10,0,1.8336266123074956,2.012777641889792,-0.17915102958229623,0.17915102958229623
2022-02-10 06:00:00,2022,2,10,6,1.735250450373742,1.9823429079159975,-0.2470924575422555,0.2470924575422555
2022-02-10 12:00:00,2022,2,10,12,3.653066848012735,3.37588402464758,0.277182823365155,0.277182823365155
2022-02-10 18:00:00,2022,2,10,18,2.220824314005991,1.90786813784837,0.31295617615762095,0.31295617615762095
2022-02-11 00:00:00,2022,2,11,0,2.015363547406925,2.1760614369783684,-0.1606978895714435,0.1606978895714435
2022-02-11 06:00:00,2022,2,11,6,1.9998061010959365,1.9751462459690774,0.024659855126859087,0.024659855126859087
2022-02-11 12:00:00,2022,2,11,12,3.5576152925358198,3.453054574014524,0.10456071852129556,0.10456071852129556
2022-02-11 18:00:00,2022,2,11,18,1.9954996737628563,2.011616271746418,-0.016116597983561576,0.016116597983561576
2022-02-12 00:00:00,2022,2,12,0,1.8006519218592223,1.8293669687707106,-0.028715046911488296,0.028715046911488296
2022-02-12 06:00:00,2022,2,12,6,2.1233051459367123,2.21975715305861,-0.09645200712189794,0.09645200712189794
2022-02-12 12:00:00,2022,2,12,12,3.5569378245454875,3.6471834161296868,-0.09024559158419931,0.09024559158419931
2022-02-12 18:00:00,2022,2,12,18,2.3771126784969803,2.2348129597868263,0.142299718710154,0.142299718710154
2022-02-13 00:00:00,2022,2,13,0,1.8274935123805125,1.7321782983302725,0.09531521405024002,0.09531521405024002
2022-02-13 06:00:00,2022,2,13,6,1.98620783992725,2.074570405251328,-0.08836256532407805,0.08836256532407805
2022-02-13 12:00:00,2022,2,13,12,3.3570960473770888,3.5355583498870535,-0.17846230250996475,0.17846230250996475
2022-02-13 18:00:00,2022,2,13,18,1.9767878574264608,1.8744703619182437,0.10231749550821712,0.10231749550821712
2022-02-14 00:00:00,2022,2,14,0,1.6462482677301258,1.6810271583289809,-0.03477889059885508,0.03477889059885508
2022-02-14 06:00:00,2022,2,14,6,1.5316468016894649,1.593880142898828,-0.06223334120936319,0.06223334120936319
2022-02-14 12:00:00,2022,2,14,12,3.5269901230235035,3.348423681258287,0.1785664417652164,0.1785664417652164
2022-02-14 18:00:00,2022,2,14,18,2.095713034415596,2.2232169488773197,-0.1275039144617236,0.1275039144617236
2022-02-15 00:00:00,2022,2,15,0,1.5359258703583607,1.7539271959858351,-0.21800132562747443,0.21800132562747443
2022-02-15 06:00:00,2022,2,15,6,1.9102963174920733,1.8552867817824434,0.05500953570962985,0.05500953570962985
2022-02-15 12:00:00,2022,2,15,12,4.105910625815555,3.696701648928059,0.4092089768874958,0.4092089768874958
2022-02-15 18:00:00,2022,2,15,18,1.704174979631949,1.938272272897343,-0.23409729326539397,0.23409729326539397
2022-02-16 00:00:00,2022,2,16,0,1.7017009126930691,1.714447412900799,-0.012746500207729827,0.012746500207729827
2022-02-16 06:00:00,2022,2,16,6,1.8422751335054397,1.9754603691156651,-0.13318523561022544,0.13318523561022544
2022-02-16 12:00:00,2022,2,16,12,4.189052600087735,3.9436595117171613,0.24539308837057394,0.24539308837057394
2022-02-16 18:00:00,2022,2,16,18,2.1015153686668064,2.1550452374465165,-0.05352986877971011,0.05352986877971011
2022-02-17 00:00:00,2022,2,17,0,2.2286514934020767,2.2422186704626723,-0.013567177060595625,0.013567177060595625
2022-02-17 06:00:00,2022,2,17,6,1.6519426100461774,1.941987336413732,-0.2900447263675545,0.2900447263675545
2022-02-17 12:00:00,2022,2,17,12,4.075978756841956,4.184113862198836,-0.10813510535687954,0.10813510535687954
2022-02-17 18:00:00,2022,2,17,18,2.1730673247873225,2.418548815999922,-0.24548149121259977,0.24548149121259977
2022-02-18 00:00:00,2022,2,18,0,1.872746048849098,1.9299890246263527,-0.05724297577725479,0.05724297577725479
2022-02-18 06:00:00,2022,2,18,6,2.341345626861212,2.315280261167718,0.026065365693493714,0.026065365693493714
2022-02-18 12:00:00,2022,2,18,12,4.144039474713409,3.8709571460417505,0.2730823286716588,0.2730823286716588
2022-02-18 18:00:00,2022,2,18,18,1.9304744047637583,1.9764987187272556,-0.046024313963497265,0.046024313963497265
2022-02-19 00:00:00,2022,2,19,0,1.7722879579958175,1.7466958347611687,0.025592123234648767,0.025592123234648767
2022-02-19 06:00:00,2022,2,19,6,1.7698954338042812,1.9375990693674665,-0.16770363556318535,0.16770363556318535
2022-02-19 12:00:00,2022,2,19,12,3.44187859723741,3.78836305684554,-0.34648445960813,0.34648445960813
2022-02-19 18:00:00,2022,2,19,18,1.7968793153976053,1.8388504023726213,-0.04197108697501606,0.04197108697501606
2022-02-20 00:00:00,2022,2,20,0,1.8352357569355455,1.8924041607039572,-0.0571684037684117,0.0571684037684117
2022-02-20 06:00:00,2022,2,20,6,2.2141660987350376,1.945256806208468,0.2689092925265695,0.2689092925265695
2022-02-20 12:00:00,2022,2,20,12,4.443959783497976,4.234948929541694,0.20901085395628183,0.20901085395628183
2022-02-20 18:00:00,2022,2,20,18,2.0889748768049894,1.9174171518010166,0.17155772500397282,0.17155772500397282
2022-02-21 00:00:00,2022,2,21,0,1.6993490660349666,1.8751302424090635,-0.17578117637409685,0.17578117637409685
2022-02-21 06:00:00,2022,2,21,6,2.084136860290393,2.1231290291865283,-0.038992168896135215,0.038992168896135215
2022-02-21 12:00:00,2022,2,21,12,4.042300593953817,4.310500190751565,-0.2681995967977482,0.2681995967977482
2022-02-21 18:00:00,2022,2,21,18,1.9444600426356116,2.1855737398884094,-0.24111369725279785,0.24111369725279785
2022-02-22 00:00:00,2022,2,22,0,1.751819077393493,2.011343356556164,-0.25952427916267085,0.25952427916267085
2022-02-22 06:00:00,2022,2,22,6,2.2511892026524016,2.2976718309503563,-0.04648262829795469,0.04648262829795469
2022-02-22 12:00:00,2022,2,22,12,3.893206900531343,4.077867839124283,-0.1846609385929403,0.1846609385929403
2022-02-22 18:00:00,2022,2,22,18,2.51384144421803,2.4827535968236205,0.031087847394409618,0.031087847394409618
2022-02-23 00:00:00,2022,2,23,0,2.190153082704225,2.056217818932484,0.13393526377174103,0.13393526377174103
2022-02-23 06:00:00,2022,2,23,6,1.963985151320964,1.9121451019462408,0.05184004937472331,0.05184004937472331
2022-02-23 12:00:00,2022,2,23,12,3.779207252895547,4.195254473140255,-0.4160472202447081,0.4160472202447081
2022-02-23 18:00:00,2022,2,23,18,2.095505756457968,2.0547163913783444,0.04078936507962361,0.04078936507962361
2022-02-24 00:00:00,2022,2,24,0,1.8396342803031929,1.8581531905411484,-0.018518910237955488,0.018518910237955488
2022-02-24 06:00:00,2022,2,24,6,1.9546285910752328,2.0443401292169474,-0.08971153814171462,0.08971153814171462
2022-02-24 12:00:00,2022,2,24,12,3.7318709881900176,4.116033044681428,-0.38416205649141055,0.38416205649141055
2022-02-24 18:00:00,2022,2,24,18,2.300712106714472,2.1172876389347444,0.18342446777972743,0.18342446777972743
2022-02-25 00:00:00,2022,2,25,0,1.813158001904769,1.8930148073464,-0.07985680544163087,0.07985680544163087
2022-02-25 06:00:00,2022,2,25,6,1.7056626223848474,1.8565505280299903,-0.15088790564514287,0.15088790564514287
2022-02-25 12:00:00,2022,2,25,12,4.322548724195598,4.583390228453831,-0.2608415042582326,0.2608415042582326
2022-02-25 18:00:00,2022,2,25,18,1.948592927296568,1.9471043020381513,0.0014886252584167536,0.0014886252584167536
2022-02-26 00:00:00,2022,2,26,0,1.8393630384709028,1.9053524275808382,-0.06598938910993546,0.06598938910993546
2022-02-26 06:00:00,2022,2,26,6,1.9206302344229316,1.798690998652685,0.12193923577024668,0.12193923577024668
2022-02-26 12:00:00,2022,2,26,12,4.359421203100043,4.551774294866174,-0.19235309176613136,0.19235309176613136
2022-02-26 18:00:00,2022,2,26,18,2.339894028366667,2.372000664847303,-0.03210663648063594,0.03210663648063594
2022-02-27 00:00:00,2022,2,27,0,2.336264270014622,2.0868741278381377,0.24939014217648436,0.24939014217648436
2022-02-27 06:00:00,2022,2,27,6,2.339099364503253,2.0249900293046124,0.3141093351986406,0.3141093351986406
2022-02-27 12:00:00,2022,2,27,12,4.767847994892901,5.061970467450739,-0.29412247255783797,0.29412247255783797
2022-02-27 18:00:00,2022,2,27,18,1.968446444451407,1.959890830386481,0.008555614064925887,0.008555614064925887
2022-02-28 00:00:00,2022,2,28,0,1.7837079765424717,2.0469765107714686,-0.2632685342289969,0.2632685342289969
2022-02-28 06:00:00,2022,2,28,6,2.1753094791723284,2.273161765490573,-0.09785228631824472,0.09785228631824472
2022-02-28 12:00:00,2022,2,28,12,4.546245703060366,4.731705714424683,-0.18546001136431656,0.18546001136431656
2022-02-28 18:00:00,2022,2,28,18,2.158684712969579,2.1424653334582193,0.016219379511359655,0.016219379511359655
2022-03-01 00:00:00,2022,3,1,0,2.622855135064752,2.4281336039014665,0.19472153116328572,0.19472153116328572
2022-03-01 06:00:00,2022,3,1,6,2.1025949944089284,2.0168117751259222,0.08578321928300614,0.08578321928300614
2022-03-01 12:00:00,2022,3,1,12,4.473952759331088,4.54827767409876,-0.07432491476767122,0.07432491476767122
2022-03-01 18:00:00,2022,3,1,18,2.6097713541134904,2.2695637145654453,0.3402076395480451,0.3402076395480451
2022-03-02 00:00:00,2022,3,2,0,2.230761962266006,2.000486133474783,0.230275828791223,0.230275828791223
2022-03-02 06:00:00,2022,3,2,6,1.883053407032476,2.1254987829901153,-0.24244537595763926,0.24244537595763926
2022-03-02 12:00:00,2022,3,2,12,4.322215111750797,4.6702020073422785,-0.34798689559148155,0.34798689559148155
2022-03-02 18:00:00,2022,3,2,18,1.902911581381749,2.166806023419984,-0.263894442038235,0.263894442038235
2022-03-03 00:00:00,2022,3,3,0,2.1512230846368947,2.3153302053721854,-0.16410712073529066,0.16410712073529066
2022-03-03 06:00:00,2022,3,3,6,2.334453625931895,2.3355266775636983,-0.0010730516318031569,0.0010730516318031569
2022-03-03 12:00:00,2022,3,3,12,4.184687280295607,4.554016613861904,-0.3693293335662968,0.3693293335662968
2022-03-03 18:00:00,2022,3,3,18,2.48763928267011,2.2248116588200637,0.26282762385004643,0.26282762385004643
2022-03-04 00:00:00,2022,3,4,0,2.057086827411943,2.247912927886734,-0.1908261004747911,0.1908261004747911
2022-03-04 06:00:00,2022,3,4,6,2.0458908885870546,2.052603357125648,-0.00671246853859353,0.00671246853859353
2022-03-04 12:00:00,2022,3,4,12,4.548485379554401,4.66734527345221,-0.1188598938978096,0.1188598938978096
2022-03-04 18:00:00,2022,3,4,18,2.5165317076170624,2.402726784646473,0.1138049229705893,0.1138049229705893
2022-03-05 00:00:00,2022,3,5,0,2.4923264877913924,2.333785315735903,0.15854117205548945,0.15854117205548945
2022-03-05 06:00:00,2022,3,5,6,2.086821919229396,2.2744051944540056,-0.18758327522460938,0.18758327522460938
2022-03-05 12:00:00,2022,3,5,12,4.431295679624535,4.868399767590865,-0.43710408796632993,0.43710408796632993
2022-03-05 18:00:00,2022,3,5,18,2.4168689930518257,2.2926097972560107,0.12425919579581501,0.12425919579581501
2022-03-06 00:00:00,2022,3,6,0,2.155398990302599,2.0984450685695597,0.05695392173303926,0.05695392173303926
2022-03-06 06:00:00,2022,3,6,6,2.303598654484436,2.2307028240361793,0.07289583044825676,0.07289583044825676
2022-03-06 12:00:00,2022,3,6,12,4.449313027486118,4.441756462370251,0.007556565115867109,0.007556565115867109
2022-03-06 18:00:00,2022,3,6,18,2.9201918821876767,2.8419101588444486,0.07828172334322803,0.07828172334322803
2022-03-07 00:00:00,2022,3,7,0,2.168954053222596,1.9487900518319483,0.22016400139064762,0.22016400139064762
2022-03-07 06:00:00,2022,3,7,6,2.2237576234671645,2.0562041001668128,0.16755352330035178,0.16755352330035178
2022-03-07 12:00:00,2022,3,7,12,4.97838800631293,4.896805626511731,0.08158237980119942,0.08158237980119942
2022-03-07 18:00:00,2022,3,7,18,2.616976994846001,2.1687487694643064,0.4482282253816945,0.4482282253816945
2022-03-08 00:00:00,2022,3,8,0,2.155048386516235,2.0571646634785554,0.09788372303767945,0.09788372303767945
2022-03-08 06:00:00,2022,3,8,6,2.4823309679504715,2.4819488939140073,0.00038207403646417504,0.00038207403646417504
2022-03-08 12:00:00,2022,3,8,12,4.4859572630832645,4.515258052921835,-0.02930078983857065,0.02930078983857065
2022-03-08 18:00:00,2022,3,8,18,2.5282721298717936,2.5462918008779964,-0.01801967100620283,0.01801967100620283
2022-03-09 00:00:00,2022,3,9,0,2.136325647784762,2.155598618168078,-0.01927297038331588,0.01927297038331588
2022-03-09 06:00:00,2022,3,9,6,2.4517203087434107,2.497745469922278,-0.046025161178867346,0.046025161178867346
2022-03-09 12:00:00,2022,3,9,12,4.681497085381025,4.561329247949216,0.12016783743180959,0.12016783743180959
2022-03-09 18:00:00,2022,3,9,18,2.702344418358229,2.737681782944711,-0.03533736458648207,0.03533736458648207
2022-03-10 00:00:00,2022,3,10,0,2.199137157855887,1.9781734016632093,0.2209637561926776,0.2209637561926776
2022-03-10 06:00:00,2022,3,10,6,2.8742618335020613,2.7565585253631606,0.11770330813890073,0.11770330813890073
2022-03-10 12:00:00,2022,3,10,12,5.372688545401213,5.259870830460571,0.11281771494064241,0.11281771494064241
2022-03-10 18:00:00,2022,3,10,18,2.296103304987858,2.2284085018020185,0.06769480318583954,0.06769480318583954
2022-03-11 00:00:00,2022,3,11,0,2.2250237423994768,2.2983371688273033,-0.07331342642782657,0.07331342642782657
2022-03-11 06:00:00,2022,3,11,6,2.5931556231837054,2.626853660231551,-0.033698037047845464,0.033698037047845464
2022-03-11 12:00:00,2022,3,11,12,5.062586468929252,5.09204173611078,-0.029455267181528022,0.029455267181528022
2022-03-11 18:00:00,2022,3,11,18,2.7907625079506917,2.613999573901689,0.17676293404900267,0.17676293404900267
2022-03-12 00:00:00,2022,3,12,0,2.179448410957892,2.233419296358509,-0.0539708854006169,0.0539708854006169
2022-03-12 06:00:00,2022,3,12,6,2.5493015871642304,2.7626853658768105,-0.21338377871258007,0.21338377871258007
2022-03-12 12:00:00,2022,3,12,12,5.005519814705193,5.0413621931118815,-0.0358423784066888,0.0358423784066888
2022-03-12 18:00:00,2022,3,12,18,2.256080795159652,2.661249690060771,-0.40516889490111874,0.40516889490111874
2022-03-13 00:00:00,2022,3,13,0,2.1962363068204613,2.4747478648524077,-0.2785115580319464,0.2785115580319464
2022-03-13 06:00:00,2022,3,13,6,2.276740568860646,2.6247282218121826,-0.34798765295153666,0.34798765295153666
2022-03-13 12:00:00,2022,3,13,12,5.048780928819784,5.006327485662694,0.042453443157089765,0.042453443157089765
2022-03-13 18:00:00,2022,3,13,18,2.684279832719675,2.4384336381080427,0.24584619461163237,0.24584619461163237
2022-03-14 00:00:00,2022,3,14,0,1.9723371486360568,2.010676229996444,-0.038339081360386995,0.038339081360386995
2022-03-14 06:00:00,2022,3,14,6,2.7037728416747937,2.5622639424267026,0.14150889924809107,0.14150889924809107
2022-03-14 12:00:00,2022,3,14,12,5.128643317340916,4.970159004149971,0.1584843131909448,0.1584843131909448
2022-03-14 18:00:00,2022,3,14,18,2.537094789209536,2.540673786501086,-0.003578997291549868,0.003578997291549868
2022-03-15 00:00:00,2022,3,15,0,2.3180264156578048,2.4684232139062368,-0.150396798248432,0.150396798248432
2022-03-15 06:00:00,2022,3,15,6,2.570025164501355,2.5656257280490067,0.004399436452348304,0.004399436452348304
2022-03-15 12:00:00,2022,3,15,12,5.13769707920114,4.906543969288308,0.23115310991283167,0.23115310991283167
2022-03-15 18:00:00,2022,3,15,18,2.886475299836216,2.7478041369090445,0.13867116292717174,0.13867116292717174
2022-03-16 00:00:00,2022,3,16,0,2.752289671770085,2.553458148902585,0.19883152286750017,0.19883152286750017
2022-03-16 06:00:00,2022,3,16,6,2.739196086066202,2.6797702387056987,0.05942584736050316,0.05942584736050316
2022-03-16 12:00:00,2022,3,16,12,5.894670978565461,5.516449100970643,0.37822187759481807,0.37822187759481807
2022-03-16 18:00:00,2022,3,16,18,2.8984152031575983,2.7007575351172357,0.19765766804036256,0.19765766804036256
2022-03-17 00:00:00,2022,3,17,0,2.165402110121104,2.512780569585733,-0.347378459464629,0.347378459464629
2022-03-17 06:00:00,2022,3,17,6,2.70621556295382,2.710526169489739,-0.0043106065359190815,0.0043106065359190815
2022-03-17 12:00:00,2022,3,17,12,5.593947094800238,5.250282479593155,0.343664615207083,0.343664615207083
2022-03-17 18:00:00,2022,3,17,18,2.4365526799052373,2.417075477486398,0.019477202418839212,0.019477202418839212
2022-03-18 00:00:00,2022,3,18,0,2.875177795747325,2.4744515381470737,0.40072625760025105,0.40072625760025105
2022-03-18 06:00:00,2022,3,18,6,2.8135534077460718,2.815423198404285,-0.001869790658213244,0.001869790658213244
2022-03-18 12:00:00,2022,3,18,12,5.812697866378196,5.685549294613608,0.12714857176458771,0.12714857176458771
2022-03-18 18:00:00,2022,3,18,18,3.5068906563580318,3.560989616296733,-0.054098959938701174,0.054098959938701174
2022-03-19 00:00:00,2022,3,19,0,2.3968935963980136,2.39371518091901,0.003178415479003771,0.003178415479003771
2022-03-19 06:00:00,2022,3,19,6,2.96990793875256,3.0926650672793476,-0.12275712852678744,0.12275712852678744
2022-03-19 12:00:00,2022,3,19,12,5.46184052464243,5.532439315306889,-0.07059879066445873,0.07059879066445873
2022-03-19 18:00:00,2022,3,19,18,2.991007083761924,2.870899539901689,0.12010754386023503,0.12010754386023503
2022-03-20 00:00:00,2022,3,20,0,2.390446023500867,2.2364389072118387,0.1540071162890282,0.1540071162890282
2022-03-20 06:00:00,2022,3,20,6,2.7199468954829333,2.731176403741384,-0.011229508258450593,0.011229508258450593
2022-03-20 12:00:00,2022,3,20,12,5.687888268058051,5.601723245388946,0.08616502266910508,0.08616502266910508
2022-03-20 18:00:00,2022,3,20,18,3.067749322401731,2.936968250551036,0.13078107185069499,0.13078107185069499
2022-03-21 00:00:00,2022,3,21,0,2.639322262498559,2.679016156552725,-0.03969389405416601,0.03969389405416601
2022-03-21 06:00:00,2022,3,21,6,2.5117142755365127,2.7433118118925717,-0.23159753635605895,0.23159753635605895
2022-03-21 12:00:00,2022,3,21,12,5.40652784845536,5.307077889892063,0.09944995856329708,0.09944995856329708
2022-03-21 18:00:00,2022,3,21,18,2.9126585980053448,2.9139049959308365,-0.001246397925491749,0.001246397925491749
2022-03-22 00:00:00,2022,3,22,0,2.71417549962369,2.693051855766447,0.021123643857242858,0.021123643857242858
2022-03-22 06:00:00,2022,3,22,6,3.5304043926202064,3.285083501790485,0.24532089082972153,0.24532089082972153
2022-03-22 12:00:00,2022,3,22,12,5.415403864682308,5.553242948236403,-0.1378390835540948,0.1378390835540948
2022-03-22 18:00:00,2022,3,22,18,2.833325564803808,2.842939166283851,-0.009613601480042977,0.009613601480042977
2022-03-23 00:00:00,2022,3,23,0,2.8596081146476737,2.6692467479736908,0.19036136667398296,0.19036136667398296
2022-03-23 06:00:00,2022,3,23,6,2.815277880752862,2.775678202981791,0.03959967777107076,0.03959967777107076
2022-03-23 12:00:00,2022,3,23,12,5.426148853169617,5.329652844349686,0.09649600881993159,0.09649600881993159
2022-03-23 18:00:00,2022,3,23,18,2.739191744743319,2.9426206798556866,-0.2034289351123677,0.2034289351123677
2022-03-24 00:00:00,2022,3,24,0,2.447140268291812,2.3531268609533442,0.09401340733846775,0.09401340733846775
2022-03-24 06:00:00,2022,3,24,6,2.836096048149872,2.847703291878188,-0.011607243728315897,0.011607243728315897
2022-03-24 12:00:00,2022,3,24,12,5.76544643680431,5.737193689917471,0.028252746886838764,0.028252746886838764
2022-03-24 18:00:00,2022,3,24,18,3.4284509764962867,3.5661825237530955,-0.1377315472568088,0.1377315472568088
2022-03-25 00:00:00,2022,3,25,0,2.568296149936988,2.707871677877261,-0.13957552794027306,0.13957552794027306
2022-03-25 06:00:00,2022,3,25,6,3.3312453743338497,3.2848747575329726,0.04637061680087706,0.04637061680087706
2022-03-25 12:00:00,2022,3,25,12,5.851376134646169,5.537108676999927,0.31426745764624187,0.31426745764624187
2022-03-25 18:00:00,2022,3,25,18,2.6633589832182,2.5812350726366113,0.08212391058158852,0.08212391058158852
2022-03-26 00:00:00,2022,3,26,0,2.7062436586284093,2.587122267679306,0.11912139094910312,0.11912139094910312
2022-03-26 06:00:00,2022,3,26,6,3.23485036175861,3.323038335446468,-0.08818797368785791,0.08818797368785791
2022-03-26 12:00:00,2022,3,26,12,5.98833433709003,6.072258043591946,-0.08392370650191605,0.08392370650191605
2022-03-26 18:00:00,2022,3,26,18,2.803631546542878,2.851947380771011,-0.04831583422813335,0.04831583422813335
2022-03-27 00:00:00,2022,3,27,0,2.627818017988652,2.800517632703852,-0.17269961471520023,0.17269961471520023
2022-03-27 06:00:00,2022,3,27,6,3.132240211890522,3.0400072218147,0.09223299007582186,0.09223299007582186
2022-03-27 12:00:00,2022,3,27,12,5.919699597633796,5.813835258488873,0.10586433914492321,0.10586433914492321
2022-03-27 18:00:00,2022,3,27,18,3.5233424546100007,3.5089157937009188,0.014426660909081956,0.014426660909081956
2022-03-28 00:00:00,2022,3,28,0,3.03288211883818,3.2072083071026034,-0.17432618826442337,0.17432618826442337
2022-03-28 06:00:00,2022,3,28,6,3.517441706918032,3.324795729010285,0.19264597790774696,0.19264597790774696
2022-03-28 12:00:00,2022,3,28,12,5.941784376819752,6.001663081323497,-0.05987870450374544,0.05987870450374544
2022-03-28 18:00:00,2022,3,28,18,3.2977637518025285,3.258874695311952,0.03888905649057639,0.03888905649057639
2022-03-29 00:00:00,2022,3,29,0,2.743028883907461,2.7649287170779204,-0.021899833170459626,0.021899833170459626
2022-03-29 06:00:00,2022,3,29,6,3.570182491918232,3.628536878998133,-0.05835438707990104,0.05835438707990104
2022-03-29 12:00:00,2022,3,29,12,6.315526697733495,6.125711540852088,0.18981515688140682,0.18981515688140682
2022-03-29 18:00:00,2022,3,29,18,3.651164772744094,3.550212599066421,0.10095217367767306,0.10095217367767306
2022-03-30 00:00:00,2022,3,30,0,3.111002941005353,2.9292812230107352,0.18172171799461756,0.18172171799461756
2022-03-30 06:00:00,2022,3,30,6,3.58144006004014,3.3921250454484486,0.18931501459169153,0.18931501459169153
2022-03-30 12:00:00,2022,3,30,12,5.760675681208972,5.936744160137617,-0.17606847892864508,0.17606847892864508
2022-03-30 18:00:00,2022,3,30,18,3.5389381518357967,3.284285904172566,0.2546522476632309,0.2546522476632309
2022-03-31 00:00:00,2022,3,31,0,3.108758262115165,2.9854094982180945,0.1233487638970705,0.1233487638970705
2022-03-31 06:00:00,2022,3,31,6,3.2571278207761134,3.3474002860905014,-0.09027246531438804,0.09027246531438804
2022-03-31 12:00:00,2022,3,31,12,6.430198960776203,6.265074580294641,0.1651243804815623,0.1651243804815623
2022-03-31 18:00:00,2022,3,31,18,3.556178740496825,3.5485699773161707,0.007608763180654066,0.007608763180654066
2022-04-01 00:00:00,2022,4,1,0,2.9127538773522907,3.0084503110315417,-0.09569643367925096,0.09569643367925096
2022-04-01 06:00:00,2022,4,1,6,3.570591001473295,3.50021598367975,0.07037501779354516,0.07037501779354516
2022-04-01 12:00:00,2022,4,1,12,5.957223128188542,6.059238144886161,-0.10201501669761903,0.10201501669761903
2022-04-01 18:00:00,2022,4,1,18,3.1749416916138213,3.2082943077363266,-0.033352616122505285,0.033352616122505285
2022-04-02 00:00:00,2022,4,2,0,2.9490255433154795,3.1413896989537253,-0.19236415563824583,0.19236415563824583
2022-04-02 06:00:00,2022,4,2,6,3.035294306420996,3.1969194248458743,-0.16162511842487826,0.16162511842487826
2022-04-02 12:00:00,2022,4,2,12,6.002725338530925,6.096823405688128,-0.09409806715720315,0.09409806715720315
2022-04-02 18:00:00,2022,4,2,18,3.8782978074866334,3.7495895678390663,0.12870823964756717,0.12870823964756717
2022-04-03 00:00:00,2022,4,3,0,2.71624494474438,2.787821352638794,-0.07157640789441366,0.07157640789441366
2022-04-03 06:00:00,2022,4,3,6,3.771399297191701,3.742275270408376,0.029124026783325263,0.029124026783325263
2022-04-03 12:00:00,2022,4,3,12,6.532369890134412,6.404553798584941,0.12781609154947038,0.12781609154947038
2022-04-03 18:00:00,2022,4,3,18,3.464249766376638,3.3927124454206488,0.07153732095598908,0.07153732095598908
2022-04-04 00:00:00,2022,4,4,0,2.7506429398218373,3.0389082407139236,-0.28826530089208635,0.28826530089208635
2022-04-04 06:00:00,2022,4,4,6,3.256247266384852,3.3906392696748453,-0.13439200328999323,0.13439200328999323
2022-04-04 12:00:00,2022,4,4,12,7.288948361082297,7.021922316964978,0.2670260441173191,0.2670260441173191
2022-04-04 18:00:00,2022,4,4,18,3.4762788693595024,3.497207200249721,-0.020928330890218838,0.020928330890218838
2022-04-05 00:00:00,2022,4,5,0,3.120836417882425,3.2390223535510136,-0.11818593566858882,0.11818593566858882
2022-04-05 06:00:00,2022,4,5,6,3.625277796904144,3.565702576037366,0.05957522086677791,0.05957522086677791
2022-04-05 12:00:00,2022,4,5,12,6.315796333823895,6.478937811177514,-0.1631414773536184,0.1631414773536184
2022-04-05 18:00:00,2022,4,5,18,4.086551850636741,3.742547492785332,0.3440043578514085,0.3440043578514085
2022-04-06 00:00:00,2022,4,6,0,3.293343267765493,2.958776345224672,0.3345669225408212,0.3345669225408212
2022-04-06 06:00:00,2022,4,6,6,4.116482877925813,4.178497254549663,-0.0620143766238499,0.0620143766238499
2022-04-06 12:00:00,2022,4,6,12,6.711778943867932,6.7772594719773345,-0.06548052810940241,0.06548052810940241
2022-04-06 18:00:00,2022,4,6,18,3.45378981450142,3.9066043162299477,-0.45281450172852766,0.45281450172852766
2022-04-07 00:00:00,2022,4,7,0,3.0843648835012814,3.1745572445945274,-0.09019236109324602,0.09019236109324602
2022-04-07 06:00:00,2022,4,7,6,3.528494016077763,3.5930054308133954,-0.06451141473563249,0.06451141473563249
2022-04-07 12:00:00,2022,4,7,12,6.937931975914224,6.572824442377927,0.365107533536297,0.365107533536297
2022-04-07 18:00:00,2022,4,7,18,3.673148275754445,3.8322403975307293,-0.1590921217762844,0.1590921217762844
2022-04-08 00:00:00,2022,4,8,0,3.303409432285128,3.145199685582793,0.1582097467023349,0.1582097467023349
2022-04-08 06:00:00,2022,4,8,6,4.240443972649216,4.129057225834376,0.11138674681484062,0.11138674681484062
2022-04-08 12:00:00,2022,4,8,12,6.854557647481134,6.639152904152447,0.21540474332868698,0.21540474332868698
2022-04-08 18:00:00,2022,4,8,18,3.5447606455004927,3.8431705996233294,-0.29840995412283666,0.29840995412283666
2022-04-09 00:00:00,2022,4,9,0,3.344147860555523,3.5805837867286523,-0.23643592617312947,0.23643592617312947
2022-04-09 06:00:00,2022,4,9,6,3.618605695022556,3.7742476551439093,-0.15564196012135323,0.15564196012135323
2022-04-09 12:00:00,2022,4,9,12,6.648851398503093,6.591639386413234,0.0572120120898596,0.0572120120898596
2022-04-09 18:00:00,2022,4,9,18,3.2186575013423484,3.4724673778935684,-0.25380987655122,0.25380987655122
2022-04-10 00:00:00,2022,4,10,0,3.387739468039856,3.5326342554424848,-0.14489478740262873,0.14489478740262873
2022-04-10 06:00:00,2022,4,10,6,4.555052987026151,4.418457563547216,0.13659542347893527,0.13659542347893527
2022-04-10 12:00:00,2022,4,10,12,7.367237580893284,6.932254307859153,0.4349832730341312,0.4349832730341312
2022-04-10 18:00:00,2022,4,10,18,3.681550368201129,3.6737578727975726,0.007792495403556199,0.007792495403556199
2022-04-11 00:00:00,2022,4,11,0,3.109425291913462,3.0923936689627824,0.017031622950679726,0.017031622950679726
2022-04-11 06:00:00,2022,4,11,6,3.708278882361919,3.8201411685364364,-0.11186228617451732,0.11186228617451732
2022-04-11 12:00:00,2022,4,11,12,7.507867117076824,7.077781775445993,0.43008534163083123,0.43008534163083123
2022-04-11 18:00:00,2022,4,11,18,4.454164044870232,4.36048030955069,0.09368373531954255,0.09368373531954255
2022-04-12 00:00:00,2022,4,12,0,3.151814080107495,3.3581219464843017,-0.20630786637680654,0.20630786637680654
2022-04-12 06:00:00,2022,4,12,6,4.03459036452124,3.8825721801463344,0.152018184374906,0.152018184374906
2022-04-12 12:00:00,2022,4,12,12,6.924595749740919,6.8024554656322715,0.12214028410864763,0.12214028410864763
2022-04-12 18:00:00,2022,4,12,18,4.001392034274475,4.2360065314112685,-0.2346144971367936,0.2346144971367936
2022-04-13 00:00:00,2022,4,13,0,3.419260120978435,3.3449574150182677,0.07430270596016708,0.07430270596016708
2022-04-13 06:00:00,2022,4,13,6,4.040806801927164,4.165512395311794,-0.12470559338462994,0.12470559338462994
2022-04-13 12:00:00,2022,4,13,12,6.768817943294083,6.947082109338186,-0.17826416604410245,0.17826416604410245
2022-04-13 18:00:00,2022,4,13,18,3.984871599853228,4.027058868761001,-0.042187268907773134,0.042187268907773134
2022-04-14 00:00:00,2022,4,14,0,3.502791411312093,3.380464323211372,0.12232708810072124,0.12232708810072124
2022-04-14 06:00:00,2022,4,14,6,4.227029277473896,3.937265390940632,0.28976388653326435,0.28976388653326435
2022-04-14 12:00:00,2022,4,14,12,7.342623314067221,7.287696148082692,0.054927165984528514,0.054927165984528514
2022-04-14 18:00:00,2022,4,14,18,3.5261822532215112,3.736139279849287,-0.2099570266277757,0.2099570266277757
2022-04-15 00:00:00,2022,4,15,0,3.620949606486114,3.4419389052284,0.179010701257714,0.179010701257714
2022-04-15 06:00:00,2022,4,15,6,4.621846168437963,4.332665485171729,0.2891806832662338,0.2891806832662338
2022-04-15 12:00:00,2022,4,15,12,6.953086924210253,7.1853750710788855,-0.23228814686863242,0.23228814686863242
2022-04-15 18:00:00,2022,4,15,18,4.3251003468617455,4.317469215025484,0.007631131836261851,0.007631131836261851
2022-04-16 00:00:00,2022,4,16,0,4.060044042461502,3.8100047873266774,0.25003925513482494,0.25003925513482494
2022-04-16 06:00:00,2022,4,16,6,3.892326261341749,4.177653783886896,-0.28532752254514726,0.28532752254514726
2022-04-16 12:00:00,2022,4,16,12,6.9130808361707405,7.258930756617782,-0.34584992044704155,0.34584992044704155
2022-04-16 18:00:00,2022,4,16,18,3.87980003637931,3.921403263392614,-0.04160322701330399,0.04160322701330399
2022-04-17 00:00:00,2022,4,17,0,3.742967241104672,3.752072218685539,-0.009104977580867146,0.009104977580867146
2022-04-17 06:00:00,2022,4,17,6,3.7806321496509128,3.9031722253205827,-0.12254007566966996,0.12254007566966996
2022-04-17 12:00:00,2022,4,17,12,7.580144551914057,7.38137749804565,0.19876705386840765,0.19876705386840765
2022-04-17 18:00:00,2022,4,17,18,4.655091912624585,4.378347960213971,0.2767439524106141,0.2767439524106141
2022-04-18 00:00:00,2022,4,18,0,3.65035763808684,3.6909887310453735,-0.04063109295853362,0.04063109295853362
2022-04-18 06:00:00,2022,4,18,6,4.19781375041938,4.24822035204064,-0.050406601621260094,0.050406601621260094
2022-04-18 12:00:00,2022,4,18,12,6.992888279341794,7.141226740104367,-0.14833846076257284,0.14833846076257284
2022-04-18 18:00:00,2022,4,18,18,4.337716650264885,4.314083237216866,0.023633413048019136,0.023633413048019136
2022-04-19 00:00:00,2022,4,19,0,3.3154278171101503,3.420418649687837,-0.10499083257768671,0.10499083257768671
2022-04-19 06:00:00,2022,4,19,6,4.4253644962373615,4.336377474324566,0.0889870219127955,0.0889870219127955
2022-04-19 12:00:00,2022,4,19,12,6.89188260859421,6.972153137977619,-0.08027052938340873,0.08027052938340873
2022-04-19 18:00:00,2022,4,19,18,4.058585478278853,4.286948717639003,-0.22836323936015024,0.22836323936015024
2022-04-20 00:00:00,2022,4,20,0,4.185951908699495,3.8448399300563274,0.341111978643168,0.341111978643168
2022-04-20 06:00:00,2022,4,20,6,4.185487786640634,4.14077327853516,0.04471450810547406,0.04471450810547406
2022-04-20 12:00:00,2022,4,20,12,7.458395612691907,7.435118787297144,0.02327682539476328,0.02327682539476328
2022-04-20 18:00:00,2022,4,20,18,5.361494693006528,4.816783748526279,0.5447109444802489,0.5447109444802489
2022-04-21 00:00:00,2022,4,21,0,4.067016163978507,3.877790031189075,0.189226132789432,0.189226132789432
2022-04-21 06:00:00,2022,4,21,6,5.35966788857478,4.875001253986604,0.4846666345881756,0.4846666345881756
2022-04-21 12:00:00,2022,4,21,12,7.246376034728048,7.35602025822272,-0.10964422349467196,0.10964422349467196
2022-04-21 18:00:00,2022,4,21,18,4.49119459634899,4.323510349033816,0.16768424731517406,0.16768424731517406
2022-04-22 00:00:00,2022,4,22,0,3.948560214617799,3.7855582400814702,0.16300197453632892,0.16300197453632892
2022-04-22 06:00:00,2022,4,22,6,4.506065223124364,4.390372501226029,0.11569272189833502,0.11569272189833502
2022-04-22 12:00:00,2022,4,22,12,7.748555267884779,7.90487998529564,-0.15632471741086107,0.15632471741086107
2022-04-22 18:00:00,2022,4,22,18,4.850145890240118,4.657287134488351,0.19285875575176714,0.19285875575176714
2022-04-23 00:00:00,2022,4,23,0,3.787776785630256,3.9373780391984687,-0.14960125356821274,0.14960125356821274
2022-04-23 06:00:00,2022,4,23,6,3.868044781951765,3.885911662746887,-0.017866880795121887,0.017866880795121887
2022-04-23 12:00:00,2022,4,23,12,7.600118544657448,7.93404718100389,-0.33392863634644154,0.33392863634644154
2022-04-23 18:00:00,2022,4,23,18,4.6779970350400495,4.324777213091608,0.3532198219484419,0.3532198219484419
2022-04-24 00:00:00,2022,4,24,0,3.896038926148031,3.66923274714548,0.22680617900255085,0.22680617900255085
2022-04-24 06:00:00,2022,4,24,6,4.941383896462762,4.670203581916446,0.2711803145463163,0.2711803145463163
2022-04-24 12:00:00,2022,4,24,12,7.370989705480009,7.423773123359929,-0.0527834178799198,0.0527834178799198
2022-04-24 18:00:00,2022,4,24,18,4.501653857769941,4.57071467341647,-0.06906081564652844,0.06906081564652844
2022-04-25 00:00:00,2022,4,25,0,3.861672600554381,4.0040740209722285,-0.14240142041784765,0.14240142041784765
2022-04-25 06:00:00,2022,4,25,6,4.851411203076698,4.5690739591421385,0.2823372439345597,0.2823372439345597
2022-04-25 12:00:00,2022,4,25,12,7.575892641187413,7.772725897051601,-0.19683325586418832,0.19683325586418832
2022-04-25 18:00:00,2022,4,25,18,4.5097329915779945,4.308222614083584,0.2015103774944107,0.2015103774944107
2022-04-26 00:00:00,2022,4,26,0,4.191934551844614,3.9977834656096727,0.1941510862349416,0.1941510862349416
2022-04-26 06:00:00,2022,4,26,6,4.675350099704303,4.708877907965015,-0.033527808260712,0.033527808260712
2022-04-26 12:00:00,2022,4,26,12,7.561435743848375,7.56873504546713,-0.007299301618754583,0.007299301618754583
2022-04-26 18:00:00,2022,4,26,18,4.750445745953204,4.607367330928632,0.14307841502457208,0.14307841502457208
2022-04-27 00:00:00,2022,4,27,0,4.083225263228004,4.3589573787850355,-0.27573211555703114,0.27573211555703114
2022-04-27 06:00:00,2022,4,27,6,4.829597799910503,4.799973133109393,0.029624666801109534,0.029624666801109534
2022-04-27 12:00:00,2022,4,27,12,7.993980043639725,7.841747018887424,0.15223302475230138,0.15223302475230138
2022-04-27 18:00:00,2022,4,27,18,4.588375952978398,4.523097192210018,0.06527876076838002,0.06527876076838002
2022-04-28 00:00:00,2022,4,28,0,4.226341683709785,4.243849358524903,-0.017507674815117724,0.017507674815117724
2022-04-28 06:00:00,2022,4,28,6,4.449412006710128,4.594592141704123,-0.14518013499399451,0.14518013499399451
2022-04-28 12:00:00,2022,4,28,12,8.065649087599724,7.867701436534536,0.19794765106518764,0.19794765106518764
2022-04-28 18:00:00,2022,4,28,18,4.427507098649932,4.364287932883964,0.0632191657659682,0.0632191657659682
2022-04-29 00:00:00,2022,4,29,0,3.970967031906978,4.259473008669078,-0.2885059767620999,0.2885059767620999
2022-04-29 06:00:00,2022,4,29,6,4.505085328266293,4.605399757000766,-0.10031442873447372,0.10031442873447372
2022-04-29 12:00:00,2022,4,29,12,7.50570177103482,7.673077682879662,-0.16737591184484213,0.16737591184484213
2022-04-29 18:00:00,2022,4,29,18,4.834381150663051,4.847615313591541,-0.01323416292849,0.01323416292849
2022-04-30 00:00:00,2022,4,30,0,4.287894387373896,4.053259851081592,0.23463453629230457,0.23463453629230457
2022-04-30 06:00:00,2022,4,30,6,4.700259090785474,4.944248421315105,-0.24398933052963034,0.24398933052963034
2022-04-30 12:00:00,2022,4,30,12,8.093265714833665,8.161953577731788,-0.06868786289812334,0.06868786289812334
2022-04-30 18:00:00,2022,4,30,18,4.791098270260527,4.778938091851219,0.012160178409307498,0.012160178409307498
2022-05-01 00:00:00,2022,5,1,0,4.519599768675003,4.355028071288862,0.1645716973861413,0.1645716973861413
2022-05-01 06:00:00,2022,5,1,6,4.596516213316761,4.596142125119417,0.00037408819734352505,0.00037408819734352505
2022-05-01 12:00:00,2022,5,1,12,7.754882772991569,7.8190179415602845,-0.0641351685687157,0.0641351685687157
2022-05-01 18:00:00,2022,5,1,18,5.161887801469983,4.790991927382202,0.3708958740877808,0.3708958740877808
2022-05-02 00:00:00,2022,5,2,0,4.509717387178863,4.633786407051575,-0.1240690198727119,0.1240690198727119
2022-05-02 06:00:00,2022,5,2,6,5.613781578771018,4.962134627419422,0.6516469513515961,0.6516469513515961
2022-05-02 12:00:00,2022,5,2,12,8.475976830612293,8.552777302607216,-0.07680047199492357,0.07680047199492357
2022-05-02 18:00:00,2022,5,2,18,4.908233356480647,4.784875032933033,0.12335832354761411,0.12335832354761411
2022-05-03 00:00:00,2022,5,3,0,4.633432148982911,4.551685773252912,0.08174637572999899,0.08174637572999899
2022-05-03 06:00:00,2022,5,3,6,5.251031882476958,5.176704035181034,0.07432784729592434,0.07432784729592434
2022-05-03 12:00:00,2022,5,3,12,8.204695230662807,8.294698463796768,-0.0900032331339613,0.0900032331339613
2022-05-03 18:00:00,2022,5,3,18,4.714100322244283,4.879068363304168,-0.16496804105988527,0.16496804105988527
2022-05-04 00:00:00,2022,5,4,0,4.758774880121204,4.671895629935283,0.08687925018592146,0.08687925018592146
2022-05-04 06:00:00,2022,5,4,6,5.22080110389827,5.345816647934093,-0.12501554403582293,0.12501554403582293
2022-05-04 12:00:00,2022,5,4,12,8.012136347626786,8.167090493230273,-0.15495414560348664,0.15495414560348664
2022-05-04 18:00:00,2022,5,4,18,5.654552897629597,5.467999995510439,0.18655290211915787,0.18655290211915787
2022-05-05 00:00:00,2022,5,5,0,4.207322795574199,4.3210106782455595,-0.11368788267136054,0.11368788267136054
2022-05-05 06:00:00,2022,5,5,6,5.887035226545113,5.27083077105712,0.6162044554879937,0.6162044554879937
2022-05-05 12:00:00,2022,5,5,12,8.665982710698344,8.307726100039687,0.3582566106586569,0.3582566106586569
2022-05-05 18:00:00,2022,5,5,18,5.343740485706423,5.128453941404617,0.21528654430180616,0.21528654430180616
2022-05-06 00:00:00,2022,5,6,0,4.355144389349634,4.352925552948555,0.002218836401079116,0.002218836401079116
2022-05-06 06:00:00,2022,5,6,6,4.717091658687421,4.6855430760128325,0.03154858267458849,0.03154858267458849
2022-05-06 12:00:00,2022,5,6,12,8.279755366592356,8.346284544132605,-0.06652917754024834,0.06652917754024834
2022-05-06 18:00:00,2022,5,6,18,5.091294360179437,4.895206346867126,0.19608801331231085,0.19608801331231085
2022-05-07 00:00:00,2022,5,7,0,4.727505203213347,4.419343076013916,0.3081621271994317,0.3081621271994317
2022-05-07 06:00:00,2022,5,7,6,4.728357422602419,4.880907030863571,-0.15254960826115216,0.15254960826115216
2022-05-07 12:00:00,2022,5,7,12,8.106449228077684,8.191812333734244,-0.08536310565656002,0.08536310565656002
2022-05-07 18:00:00,2022,5,7,18,4.545809828540542,4.631140573313826,-0.08533074477328384,0.08533074477328384
2022-05-08 00:00:00,2022,5,8,0,4.26466185803191,4.531245605225201,-0.26658374719329103,0.26658374719329103
2022-05-08 06:00:00,2022,5,8,6,4.893076299082066,4.990369945064398,-0.09729364598233126,0.09729364598233126
2022-05-08 12:00:00,2022,5,8,12,8.494481891892239,8.27388516003841,0.22059673185382955,0.22059673185382955
2022-05-08 18:00:00,2022,5,8,18,5.696473054858288,5.250316131240734,0.4461569236175542,0.4461569236175542
2022-05-09 00:00:00,2022,5,9,0,4.655267334450558,4.451871790682263,0.20339554376829483,0.20339554376829483
2022-05-09 06:00:00,2022,5,9,6,5.647863697695125,5.586065015856891,0.06179868183823345,0.06179868183823345
2022-05-09 12:00:00,2022,5,9,12,7.830420781275579,8.199694101075199,-0.3692733197996203,0.3692733197996203
2022-05-09 18:00:00,2022,5,9,18,5.729806163426609,5.414718061039375,0.31508810238723406,0.31508810238723406
2022-05-10 00:00:00,2022,5,10,0,4.431718717749957,4.4354020687587905,-0.0036833510088332133,0.0036833510088332133
2022-05-10 06:00:00,2022,5,10,6,5.2720340753651405,5.217609064246602,0.05442501111853826,0.05442501111853826
2022-05-10 12:00:00,2022,5,10,12,8.557210433283018,8.705725235160005,-0.14851480187698662,0.14851480187698662
2022-05-10 18:00:00,2022,5,10,18,5.475918664987932,5.3045162058545765,0.17140245913335583,0.17140245913335583
2022-05-11 00:00:00,2022,5,11,0,4.226193941619314,4.134202145612059,0.09199179600725582,0.09199179600725582
2022-05-11 06:00:00,2022,5,11,6,5.229852198602301,5.173037804066986,0.05681439453531478,0.05681439453531478
2022-05-11 12:00:00,2022,5,11,12,8.260846995436529,8.367256319851238,-0.10640932441470952,0.10640932441470952
2022-05-11 18:00:00,2022,5,11,18,4.726840031036163,4.877656468207603,-0.15081643717144022,0.15081643717144022
2022-05-12 00:00:00,2022,5,12,0,4.739010190990952,4.608777465471208,0.13023272551974419,0.13023272551974419
2022-05-12 06:00:00,2022,5,12,6,5.704558920756659,5.540130518975567,0.16442840178109197,0.16442840178109197
2022-05-12 12:00:00,2022,5,12,12,8.941569853591703,8.813515879875219,0.12805397371648475,0.12805397371648475
2022-05-12 18:00:00,2022,5,12,18,5.688497087202916,5.536975136568181,0.15152195063473517,0.15152195063473517
2022-05-13 00:00:00,2022,5,13,0,5.00539114404314,4.725272861304999,0.2801182827381403,0.2801182827381403
2022-05-13 06:00:00,2022,5,13,6,5.779108421446904,5.449251422934921,0.3298569985119828,0.3298569985119828
2022-05-13 12:00:00,2022,5,13,12,8.612108018362708,8.747366992821092,-0.13525897445838453,0.13525897445838453
2022-05-13 18:00:00,2022,5,13,18,5.835089119191362,5.859030357195493,-0.023941238004131726,0.023941238004131726
2022-05-14 00:00:00,2022,5,14,0,4.423897310628577,4.702735241126791,-0.2788379304982138,0.2788379304982138
2022-05-14 06:00:00,2022,5,14,6,5.604903804802908,5.539284951836804,0.0656188529661037,0.0656188529661037
2022-05-14 12:00:00,2022,5,14,12,8.507158368719475,9.000206911889006,-0.4930485431695306,0.4930485431695306
2022-05-14 18:00:00,2022,5,14,18,5.306120577029682,5.142763273488394,0.16335730354128764,0.16335730354128764
2022-05-15 00:00:00,2022,5,15,0,4.876530620899709,5.06501701916571,-0.18848639826600078,0.18848639826600078
2022-05-15 06:00:00,2022,5,15,6,5.304899411885132,5.47232144368766,-0.1674220318025279,0.1674220318025279
2022-05-15 12:00:00,2022,5,15,12,8.839295770977982,8.661259810074377,0.17803596090360507,0.17803596090360507
2022-05-15 18:00:00,2022,5,15,18,5.530814127195928,5.323962502530998,0.2068516246649299,0.2068516246649299
2022-05-16 00:00:00,2022,5,16,0,4.83497832424829,4.772918491491128,0.062059832757162425,0.062059832757162425
2022-05-16 06:00:00,2022,5,16,6,5.274263505175101,5.420853550375822,-0.14659004520072116,0.14659004520072116
2022-05-16 12:00:00,2022,5,16,12,8.501481261708223,8.722590251464329,-0.2211089897561056,0.2211089897561056
2022-05-16 18:00:00,2022,5,16,18,5.391987722890296,5.3795206595292235,0.012467063361072839,0.012467063361072839
2022-05-17 00:00:00,2022,5,17,0,5.011736319409948,4.877985308122711,0.1337510112872371,0.1337510112872371
2022-05-17 06:00:00,2022,5,17,6,5.015892052364472,4.935424668864795,0.08046738349967697,0.08046738349967697
2022-05-17 12:00:00,2022,5,17,12,9.069204766473188,8.90748577893544,0.16171898753774805,0.16171898753774805
2022-05-17 18:00:00,2022,5,17,18,5.69281715799878,5.937378876124644,-0.2445617181258637,0.2445617181258637
2022-05-18 00:00:00,2022,5,18,0,5.121738400369013,5.0152539223506905,0.10648447801832273,0.10648447801832273
2022-05-18 06:00:00,2022,5,18,6,5.608089002562148,5.697832110046653,-0.08974310748450431,0.08974310748450431
2022-05-18 12:00:00,2022,5,18,12,8.938268690791684,8.895826476492271,0.042442214299413195,0.042442214299413195
2022-05-18 18:00:00,2022,5,18,18,5.686486781107025,5.551117617306129,0.13536916380089536,0.13536916380089536
2022-05-19 00:00:00,2022,5,19,0,4.92307630750204,4.87928946951331,0.04378683798872984,0.04378683798872984
2022-05-19 06:00:00,2022,5,19,6,5.427704365899236,5.524682188832968,-0.09697782293373258,0.09697782293373258
2022-05-19 12:00:00,2022,5,19,12,9.166236175451983,8.913618880527922,0.25261729492406104,0.25261729492406104
2022-05-19 18:00:00,2022,5,19,18,5.377108662693469,5.589205348175233,-0.21209668548176452,0.21209668548176452
2022-05-20 00:00:00,2022,5,20,0,5.06063846110281,5.088447362120628,-0.027808901017817966,0.027808901017817966
2022-05-20 06:00:00,2022,5,20,6,5.762012754547984,5.542340543489817,0.2196722110581666,0.2196722110581666
2022-05-20 12:00:00,2022,5,20,12,8.874007791953064,8.939121548999458,-0.06511375704639377,0.06511375704639377
2022-05-20 18:00:00,2022,5,20,18,5.887900111538105,5.850632207274086,0.03726790426401916,0.03726790426401916
2022-05-21 00:00:00,2022,5,21,0,5.354485038708932,5.188036280644281,0.16644875806465187,0.16644875806465187
2022-05-21 06:00:00,2022,5,21,6,5.536248690966387,5.570957157105912,-0.034708466139525385,0.034708466139525385
2022-05-21 12:00:00,2022,5,21,12,9.024747728054232,9.336169699644234,-0.3114219715900024,0.3114219715900024
2022-05-21 18:00:00,2022,5,21,18,5.769735645501404,5.87546309135182,-0.10572744585041605,0.10572744585041605
2022-05-22 00:00:00,2022,5,22,0,5.518467785130411,5.426772413553023,0.09169537157738805,0.09169537157738805
2022-05-22 06:00:00,2022,5,22,6,5.461303874995384,5.650289857597662,-0.1889859826022784,0.1889859826022784
2022-05-22 12:00:00,2022,5,22,12,9.367349029264137,9.412419503635785,-0.04507047437164857,0.04507047437164857
2022-05-22 18:00:00,2022,5,22,18,5.51706989384274,5.3051739522505725,0.21189594159216707,0.21189594159216707
2022-05-23 00:00:00,2022,5,23,0,4.987158806237353,5.008848666169734,-0.021689859932380706,0.021689859932380706
2022-05-23 06:00:00,2022,5,23,6,5.678862881441214,5.549202358868104,0.12966052257310956,0.12966052257310956
2022-05-23 12:00:00,2022,5,23,12,8.628015603732287,8.840968725937087,-0.21295312220479978,0.21295312220479978
2022-05-23 18:00:00,2022,5,23,18,5.321481978562643,5.375226487592218,-0.05374450902957495,0.05374450902957495
2022-05-24 00:00:00,2022,5,24,0,4.7866755577994695,4.7765796907219045,0.010095867077565046,0.010095867077565046
2022-05-24 06:00:00,2022,5,24,6,5.608729591833186,5.593734059589541,0.01499553224364547,0.01499553224364547
2022-05-24 12:00:00,2022,5,24,12,9.201633810764582,9.162213369336436,0.03942044142814538,0.03942044142814538
2022-05-24 18:00:00,2022,5,24,18,5.910272302037511,5.543586836529056,0.36668546550845527,0.36668546550845527
2022-05-25 00:00:00,2022,5,25,0,5.178656087321778,5.247330730185264,-0.06867464286348568,0.06867464286348568
2022-05-25 06:00:00,2022,5,25,6,5.86841985151231,5.62154943553991,0.2468704159724,0.2468704159724
2022-05-25 12:00:00,2022,5,25,12,9.398738899388333,9.559298497452692,-0.16055959806435993,0.16055959806435993
2022-05-25 18:00:00,2022,5,25,18,5.41824834575136,5.617999486300637,-0.19975114054927712,0.19975114054927712
2022-05-26 00:00:00,2022,5,26,0,5.013161370371669,4.951474333255082,0.061687037116586296,0.061687037116586296
2022-05-26 06:00:00,2022,5,26,6,5.043165825883062,5.187382063545289,-0.1442162376622278,0.1442162376622278
2022-05-26 12:00:00,2022,5,26,12,8.389462536315484,8.634892497906122,-0.2454299615906379,0.2454299615906379
2022-05-26 18:00:00,2022,5,26,18,5.765748441149527,5.820664430877085,-0.05491598972755796,0.05491598972755796
2022-05-27 00:00:00,2022,5,27,0,4.757200482760054,4.727439463697322,0.02976101906273243,0.02976101906273243
2022-05-27 06:00:00,2022,5,27,6,5.586799577309229,5.780178649868201,-0.19337907255897235,0.19337907255897235
2022-05-27 12:00:00,2022,5,27,12,9.007372457805356,9.17105415077933,-0.16368169297397372,0.16368169297397372
2022-05-27 18:00:00,2022,5,27,18,5.398928161151972,5.663904559829912,-0.26497639867793943,0.26497639867793943
2022-05-28 00:00:00,2022,5,28,0,5.1617584972961765,5.148028316665576,0.013730180630600941,0.013730180630600941
2022-05-28 06:00:00,2022,5,28,6,5.702980220820697,5.867948474387598,-0.1649682535669008,0.1649682535669008
2022-05-28 12:00:00,2022,5,28,12,8.675918807511652,8.879224588448272,-0.20330578093662055,0.20330578093662055
2022-05-28 18:00:00,2022,5,28,18,5.990218423719588,6.051097441046122,-0.06087901732653389,0.06087901732653389
2022-05-29 00:00:00,2022,5,29,0,5.389732100907559,5.247916303832866,0.1418157970746936,0.1418157970746936
2022-05-29 06:00:00,2022,5,29,6,5.512927509291811,5.833383904143814,-0.3204563948520027,0.3204563948520027
2022-05-29 12:00:00,2022,5,29,12,9.357618083976664,9.182315006692935,0.17530307728372918,0.17530307728372918
2022-05-29 18:00:00,2022,5,29,18,6.180149665113545,6.149785125904696,0.03036453920884874,0.03036453920884874
2022-05-30 00:00:00,2022,5,30,0,5.135371297069345,4.98719642540585,0.1481748716634952,0.1481748716634952
2022-05-30 06:00:00,2022,5,30,6,6.6525378445707535,6.498892911937644,0.1536449326331093,0.1536449326331093
2022-05-30 12:00:00,2022,5,30,12,8.84283762929372,8.910013398950454,-0.06717576965673366,0.06717576965673366
2022-05-30 18:00:00,2022,5,30,18,5.254307943631998,5.315459073796636,-0.06115113016463791,0.06115113016463791
2022-05-31 00:00:00,2022,5,31,0,4.880609297352242,4.944372296678595,-0.06376299932635288,0.06376299932635288
2022-05-31 06:00:00,2022,5,31,6,5.867705266413811,5.746966486288191,0.12073878012562034,0.12073878012562034
2022-05-31 12:00:00,2022,5,31,12,9.190114207616762,9.242347250681641,-0.05223304306487897,0.05223304306487897
2022-05-31 18:00:00,2022,5,31,18,5.520989596792674,5.688342643884256,-0.1673530470915816,0.1673530470915816
2022-06-01 00:00:00,2022,6,1,0,5.035483710248478,5.043010607990445,-0.007526897741967353,0.007526897741967353
2022-06-01 06:00:00,2022,6,1,6,5.6212497067699765,5.652594060289445,-0.031344353519468626,0.031344353519468626
2022-06-01 12:00:00,2022,6,1,12,9.5418629451083,9.406623475157998,0.13523946995030123,0.13523946995030123
2022-06-01 18:00:00,2022,6,1,18,5.70835665099477,5.8765289699808045,-0.16817231898603424,0.16817231898603424
2022-06-02 00:00:00,2022,6,2,0,4.433192257037126,4.640442777121851,-0.20725052008472478,0.20725052008472478
2022-06-02 06:00:00,2022,6,2,6,5.78921303851399,5.862708947347548,-0.07349590883355805,0.07349590883355805
2022-06-02 12:00:00,2022,6,2,12,9.667202747957916,9.477680257170498,0.189522490787418,0.189522490787418
2022-06-02 18:00:00,2022,6,2,18,5.422556058660044,5.368501297738669,0.05405476092137551,0.05405476092137551
2022-06-03 00:00:00,2022,6,3,0,4.886175927742025,4.933820044519353,-0.04764411677732827,0.04764411677732827
2022-06-03 06:00:00,2022,6,3,6,5.94463158658506,5.755878926416747,0.18875266016831294,0.18875266016831294
2022-06-03 12:00:00,2022,6,3,12,9.172669092689206,9.303177960435438,-0.13050886774623116,0.13050886774623116
2022-06-03 18:00:00,2022,6,3,18,5.719422162052313,5.798939026050099,-0.07951686399778612,0.07951686399778612
2022-06-04 00:00:00,2022,6,4,0,4.982735315910865,5.062882627489773,-0.08014731157890775,0.08014731157890775
2022-06-04 06:00:00,2022,6,4,6,5.820965200476072,5.4884251267320785,0.33254007374399386,0.33254007374399386
2022-06-04 12:00:00,2022,6,4,12,9.187894482486834,8.85414531453266,0.3337491679541742,0.3337491679541742
2022-06-04 18:00:00,2022,6,4,18,5.45997925332721,5.414285925949094,0.04569332737811571,0.04569332737811571
2022-06-05 00:00:00,2022,6,5,0,5.446556608440798,5.3881337409184615,0.05842286752233683,0.05842286752233683
2022-06-05 06:00:00,2022,6,5,6,5.715978669819064,5.97999215542412,-0.264013485605056,0.264013485605056
2022-06-05 12:00:00,2022,6,5,12,9.586691180275707,9.52843993630051,0.05825124397519765,0.05825124397519765
2022-06-05 18:00:00,2022,6,5,18,6.327129744190493,6.3208080194434535,0.00632172474703907,0.00632172474703907
2022-06-06 00:00:00,2022,6,6,0,5.655743843177481,5.484024785066653,0.17171905811082766,0.17171905811082766
2022-06-06 06:00:00,2022,6,6,6,6.331858664085064,6.299413058484745,0.032445605600318395,0.032445605600318395
2022-06-06 12:00:00,2022,6,6,12,8.906487101585366,9.028441471607566,-0.12195437002220011,0.12195437002220011
2022-06-06 18:00:00,2022,6,6,18,5.909786564798162,5.905630112378376,0.004156452419785239,0.004156452419785239
2022-06-07 00:00:00,2022,6,7,0,5.458700054963927,5.077135190164388,0.38156486479953866,0.38156486479953866
2022-06-07 06:00:00,2022,6,7,6,6.010687601175754,5.793920540438685,0.21676706073706953,0.21676706073706953
2022-06-07 12:00:00,2022,6,7,12,8.857780842304894,9.152574597735265,-0.294793755430371,0.294793755430371
2022-06-07 18:00:00,2022,6,7,18,5.949955667683827,6.054543124269472,-0.10458745658564439,0.10458745658564439
2022-06-08 00:00:00,2022,6,8,0,5.216412835108761,5.231799822137129,-0.015386987028367827,0.015386987028367827
2022-06-08 06:00:00,2022,6,8,6,5.433476946850563,5.493274273303377,-0.05979732645281377,0.05979732645281377
2022-06-08 12:00:00,2022,6,8,12,9.543573620644985,9.37048049530375,0.173093125341234,0.173093125341234
2022-06-08 18:00:00,2022,6,8,18,5.759459480552828,5.876112511345536,-0.11665303079270739,0.11665303079270739
2022-06-09 00:00:00,2022,6,9,0,4.813476156206022,4.893161972790247,-0.07968581658422469,0.07968581658422469
2022-06-09 06:00:00,2022,6,9,6,5.860768024592119,5.852324175363814,0.008443849228304323,0.008443849228304323
2022-06-09 12:00:00,2022,6,9,12,9.777545145931493,9.524333237388737,0.253211908542756,0.253211908542756
2022-06-09 18:00:00,2022,6,9,18,6.114190011091583,5.930556161275274,0.18363384981630926,0.18363384981630926
2022-06-10 00:00:00,2022,6,10,0,5.242591526547609,5.260374867654731,-0.017783341107121764,0.017783341107121764
2022-06-10 06:00:00,2022,6,10,6,5.660773912555048,5.620734593200907,0.04003931935414151,0.04003931935414151
2022-06-10 12:00:00,2022,6,10,12,9.187000421458652,9.02222263488684,0.16477778657181297,0.16477778657181297
2022-06-10 18:00:00,2022,6,10,18,5.828008156870965,5.771513880047679,0.056494276823285894,0.056494276823285894
2022-06-11 00:00:00,2022,6,11,0,5.561871780113005,5.075979376893638,0.485892403219367,0.485892403219367
2022-06-11 06:00:00,2022,6,11,6,5.664566203095698,5.469581565426121,0.1949846376695774,0.1949846376695774
2022-06-11 12:00:00,2022,6,11,12,9.322036026029792,9.293994288792925,0.028041737236867093,0.028041737236867093
2022-06-11 18:00:00,2022,6,11,18,5.644925995119096,5.566206190334273,0.07871980478482321,0.07871980478482321
2022-06-12 00:00:00,2022,6,12,0,5.3299441041104965,5.19239114876869,0.1375529553418069,0.1375529553418069
2022-06-12 06:00:00,2022,6,12,6,5.564671071102619,5.6277178691235346,-0.06304679802091595,0.06304679802091595
2022-06-12 12:00:00,2022,6,12,12,9.17841213582276,9.623838706683111,-0.4454265708603504,0.4454265708603504
2022-06-12 18:00:00,2022,6,12,18,5.584324095577067,5.645471785216559,-0.06114768963949224,0.06114768963949224
2022-06-13 00:00:00,2022,6,13,0,5.515605778868748,5.470334693157005,0.0452710857117431,0.0452710857117431
2022-06-13 06:00:00,2022,6,13,6,6.186676929629422,6.392590582770167,-0.20591365314074483,0.20591365314074483
2022-06-13 12:00:00,2022,6,13,12,9.07605102306004,9.226575351197774,-0.15052432813773287,0.15052432813773287
2022-06-13 18:00:00,2022,6,13,18,5.862279237242086,5.6610115105626,0.201267726679486,0.201267726679486
2022-06-14 00:00:00,2022,6,14,0,5.286920266634142,5.51358198469414,-0.22666171805999813,0.22666171805999813
2022-06-14 06:00:00,2022,6,14,6,5.807670946649107,5.727125447401171,0.08054549924793619,0.08054549924793619
2022-06-14 12:00:00,2022,6,14,12,8.587906382815653,9.054933682657714,-0.4670272998420604,0.4670272998420604
2022-06-14 18:00:00,2022,6,14,18,5.824059723282002,5.54423120598003,0.2798285173019721,0.2798285173019721
2022-06-15 00:00:00,2022,6,15,0,5.352155445685831,5.410633199157475,-0.05847775347164408,0.05847775347164408
2022-06-15 06:00:00,2022,6,15,6,5.377073811622988,5.5252431899516585,-0.14816937832867083,0.14816937832867083
2022-06-15 12:00:00,2022,6,15,12,9.537163919931404,9.30572776806399,0.2314361518674133,0.2314361518674133
2022-06-15 18:00:00,2022,6,15,18,6.214362705540485,5.965307108744819,0.24905559679566647,0.24905559679566647
2022-06-16 00:00:00,2022,6,16,0,4.581069962263806,4.785341306517986,-0.20427134425418014,0.20427134425418014
2022-06-16 06:00:00,2022,6,16,6,5.213906454432324,5.484000479205174,-0.27009402477284983,0.27009402477284983
2022-06-16 12:00:00,2022,6,16,12,9.419485465107234,9.39205812136448,0.027427343742754573,0.027427343742754573
2022-06-16 18:00:00,2022,6,16,18,5.936879106287859,5.837574400471765,0.09930470581609363,0.09930470581609363
2022-06-17 00:00:00,2022,6,17,0,5.136562061352789,5.135181982924512,0.0013800784282773648,0.0013800784282773648
2022-06-17 06:00:00,2022,6,17,6,5.812841353214101,5.6652413458530075,0.1476000073610937,0.1476000073610937
2022-06-17 12:00:00,2022,6,17,12,9.137560524893324,9.144249526551773,-0.006689001658449101,0.006689001658449101
2022-06-17 18:00:00,2022,6,17,18,6.026232122928967,6.1460158375892195,-0.11978371466025273,0.11978371466025273
2022-06-18 00:00:00,2022,6,18,0,4.883122110117465,5.085029019251749,-0.20190690913428444,0.20190690913428444
2022-06-18 06:00:00,2022,6,18,6,5.851947428480158,5.775830325582482,0.07611710289767615,0.07611710289767615
2022-06-18 12:00:00,2022,6,18,12,9.15508628466935,9.231043546586424,-0.07595726191707364,0.07595726191707364
2022-06-18 18:00:00,2022,6,18,18,5.505432716190621,5.589133154088366,-0.08370043789774506,0.08370043789774506
2022-06-19 00:00:00,2022,6,19,0,5.108833437094491,5.153139615063372,-0.044306177968881144,0.044306177968881144
2022-06-19 06:00:00,2022,6,19,6,6.014018567979576,5.864404392665369,0.1496141753142073,0.1496141753142073
2022-06-19 12:00:00,2022,6,19,12,8.556113543957647,8.738217842886337,-0.1821042989286905,0.1821042989286905
2022-06-19 18:00:00,2022,6,19,18,5.458088017149629,5.555902865164656,-0.09781484801502671,0.09781484801502671
2022-06-20 00:00:00,2022,6,20,0,4.970965638795331,4.88956291356881,0.08140272522652126,0.08140272522652126
2022-06-20 06:00:00,2022,6,20,6,5.947694268382221,5.979562154572281,-0.03186788619006009,0.03186788619006009
2022-06-20 12:00:00,2022,6,20,12,9.04633181998554,9.007105714358792,0.039226105626747554,0.039226105626747554
2022-06-20 18:00:00,2022,6,20,18,5.86360968304057,5.773729658149951,0.0898800248906193,0.0898800248906193
2022-06-21 00:00:00,2022,6,21,0,5.439226146420942,5.2468198468501175,0.19240629957082422,0.19240629957082422
2022-06-21 06:00:00,2022,6,21,6,5.641007285277408,5.839595429888891,-0.19858814461148278,0.19858814461148278
2022-06-21 12:00:00,2022,6,21,12,8.974355378224768,9.33798379206921,-0.36362841384444167,0.36362841384444167
2022-06-21 18:00:00,2022,6,21,18,6.130141638896983,5.95203929729139,0.17810234160559357,0.17810234160559357
2022-06-22 00:00:00,2022,6,22,0,5.167880084426174,5.0449877661064795,0.12289231831969438,0.12289231831969438
2022-06-22 06:00:00,2022,6,22,6,5.887843278777364,5.7270521509909775,0.1607911277863865,0.1607911277863865
2022-06-22 12:00:00,2022,6,22,12,9.664614495050351,9.516940099033334,0.14767439601701682,0.14767439601701682
2022-06-22 18:00:00,2022,6,22,18,5.574329936678062,5.564981853095129,0.00934808358293271,0.00934808358293271
2022-06-23 00:00:00,2022,6,23,0,5.339090078088854,5.20342384120284,0.13566623688601442,0.13566623688601442
2022-06-23 06:00:00,2022,6,23,6,5.421386180828817,5.390635422327962,0.03075075850085529,0.03075075850085529
2022-06-23 12:00:00,2022,6,23,12,9.3058363627261,9.21267674719097,0.09315961553512864,0.09315961553512864
2022-06-23 18:00:00,2022,6,23,18,6.071539605925801,5.895045795819865,0.1764938101059359,0.1764938101059359
2022-06-24 00:00:00,2022,6,24,0,5.58339059790194,5.384387923966325,0.199002673935615,0.199002673935615
2022-06-24 06:00:00,2022,6,24,6,5.8752599861658,6.031804214305068,-0.15654422813926772,0.15654422813926772
2022-06-24 12:00:00,2022,6,24,12,8.9223187600822,9.136326033839165,-0.21400727375696427,0.21400727375696427
2022-06-24 18:00:00,2022,6,24,18,6.366170676410199,6.194663247523956,0.17150742888624304,0.17150742888624304
2022-06-25 00:00:00,2022,6,25,0,5.340666730810739,5.168345243948981,0.1723214868617573,0.1723214868617573
2022-06-25 06:00:00,2022,6,25,6,5.623511959216801,5.633838417443278,-0.010326458226477264,0.010326458226477264
2022-06-25 12:00:00,2022,6,25,12,8.87480350210366,8.820250800670417,0.0545527014332432,0.0545527014332432
2022-06-25 18:00:00,2022,6,25,18,5.919698112943702,5.482742019567268,0.43695609337643404,0.43695609337643404
2022-06-26 00:00:00,2022,6,26,0,4.972141265920548,4.9960341419629195,-0.023892876042371114,0.023892876042371114
2022-06-26 06:00:00,2022,6,26,6,5.721236088266271,5.6513401587806245,0.06989592948564649,0.06989592948564649
2022-06-26 12:00:00,2022,6,26,12,8.949187176196565,9.220613132429714,-0.27142595623314847,0.27142595623314847
2022-06-26 18:00:00,2022,6,26,18,5.595622346336124,5.643076679321441,-0.04745433298531676,0.04745433298531676
2022-06-27 00:00:00,2022,6,27,0,4.743833579656344,4.9488086047311555,-0.2049750250748117,0.2049750250748117
2022-06-27 06:00:00,2022,6,27,6,5.913597488896273,5.8602520972894085,0.05334539160686447,0.05334539160686447
2022-06-27 12:00:00,2022,6,27,12,9.274698787590438,9.119156291848899,0.155542495741539,0.155542495741539
2022-06-27 18:00:00,2022,6,27,18,5.754440564489915,5.793737745777531,-0.03929718128761639,0.03929718128761639
2022-06-28 00:00:00,2022,6,28,0,5.6603179757758,5.42405786685403,0.23626010892176996,0.23626010892176996
2022-06-28 06:00:00,2022,6,28,6,5.693080468632646,5.755336748104974,-0.06225627947232848,0.06225627947232848
2022-06-28 12:00:00,2022,6,28,12,8.502656374259383,8.702902276397818,-0.20024590213843574,0.20024590213843574
2022-06-28 18:00:00,2022,6,28,18,6.082230874797754,5.931137534734476,0.15109334006327835,0.15109334006327835
2022-06-29 00:00:00,2022,6,29,0,4.9307064991880525,4.776899114820804,0.15380738436724872,0.15380738436724872
2022-06-29 06:00:00,2022,6,29,6,5.59744407193678,5.5325799369265205,0.0648641350102599,0.0648641350102599
2022-06-29 12:00:00,2022,6,29,12,8.801515633353954,8.850580485696321,-0.049064852342366905,0.049064852342366905
2022-06-29 18:00:00,2022,6,29,18,5.099581315563484,5.241826078489466,-0.14224476292598176,0.14224476292598176
2022-06-30 00:00:00,2022,6,30,0,5.327486462160798,5.176236232026304,0.1512502301344938,0.1512502301344938
2022-06-30 06:00:00,2022,6,30,6,5.373346471134683,5.500999047451689,-0.127652576317006,0.127652576317006
2022-06-30 12:00:00,2022,6,30,12,9.296056577535849,8.881239535334524,0.4148170422013244,0.4148170422013244
2022-06-30 18:00:00,2022,6,30,18,6.126250592454615,5.871334040761179,0.2549165516934355,0.2549165516934355
2022-07-01 00:00:00,2022,7,1,0,4.9045983323860485,4.991535611837112,-0.08693727945106389,0.08693727945106389
2022-07-01 06:00:00,2022,7,1,6,5.8105032735991005,5.757629538343223,0.05287373525587746,0.05287373525587746
2022-07-01 12:00:00,2022,7,1,12,9.29023408131887,9.152700133857941,0.13753394746092873,0.13753394746092873
2022-07-01 18:00:00,2022,7,1,18,5.4328392047888014,5.445838118522536,-0.012998913733734518,0.012998913733734518
2022-07-02 00:00:00,2022,7,2,0,4.323275360377314,4.8569618172026034,-0.533686456825289,0.533686456825289
2022-07-02 06:00:00,2022,7,2,6,5.720191729260136,5.837510663297342,-0.11731893403720672,0.11731893403720672
2022-07-02 12:00:00,2022,7,2,12,9.327807035111231,9.151869279213786,0.1759377558974453,0.1759377558974453
2022-07-02 18:00:00,2022,7,2,18,5.838198920652327,5.918169913692401,-0.0799709930400736,0.0799709930400736
2022-07-03 00:00:00,2022,7,3,0,5.074966698382138,5.042653047756426,0.03231365062571179,0.03231365062571179
2022-07-03 06:00:00,2022,7,3,6,5.853673531047277,5.768964802310748,0.0847087287365289,0.0847087287365289
2022-07-03 12:00:00,2022,7,3,12,8.977640896630552,8.886857320309701,0.09078357632085066,0.09078357632085066
2022-07-03 18:00:00,2022,7,3,18,5.417619547501817,5.353996739100564,0.06362280840125312,0.06362280840125312
2022-07-04 00:00:00,2022,7,4,0,5.795943574928294,5.710312066491945,0.08563150843634837,0.08563150843634837
2022-07-04 06:00:00,2022,7,4,6,5.36724470144848,5.639454127803579,-0.2722094263550989,0.2722094263550989
2022-07-04 12:00:00,2022,7,4,12,8.7599863596784,8.880218926398053,-0.12023256671965221,0.12023256671965221
2022-07-04 18:00:00,2022,7,4,18,5.443699826120599,5.477738459455077,-0.034038633334477986,0.034038633334477986
2022-07-05 00:00:00,2022,7,5,0,4.712556989847721,4.719919555236125,-0.007362565388403297,0.007362565388403297
2022-07-05 06:00:00,2022,7,5,6,5.23271916771588,5.437796412802962,-0.20507724508708236,0.20507724508708236
2022-07-05 12:00:00,2022,7,5,12,8.723375039129024,8.871563198514705,-0.14818815938568086,0.14818815938568086
2022-07-05 18:00:00,2022,7,5,18,5.287817229808851,5.432495539735855,-0.1446783099270048,0.1446783099270048
2022-07-06 00:00:00,2022,7,6,0,4.882816945686738,4.846721501233554,0.03609544445318402,0.03609544445318402
2022-07-06 06:00:00,2022,7,6,6,5.434578309695497,5.5172328135696596,-0.08265450387416262,0.08265450387416262
2022-07-06 12:00:00,2022,7,6,12,8.647700069081782,8.913452846503882,-0.26575277742209913,0.26575277742209913
2022-07-06 18:00:00,2022,7,6,18,5.341455266249128,5.551537570724809,-0.210082304475681,0.210082304475681
2022-07-07 00:00:00,2022,7,7,0,4.78438108390908,4.557180983988353,0.22720009992072754,0.22720009992072754
2022-07-07 06:00:00,2022,7,7,6,5.8922837162633845,6.0572305474020025,-0.16494683113861797,0.16494683113861797
2022-07-07 12:00:00,2022,7,7,12,8.874790456548139,8.9901274637263,-0.11533700717816053,0.11533700717816053
2022-07-07 18:00:00,2022,7,7,18,5.824566384923893,5.646718171894277,0.1778482130296153,0.1778482130296153
2022-07-08 00:00:00,2022,7,8,0,4.612153050252286,4.686310199915418,-0.07415714966313214,0.07415714966313214
2022-07-08 06:00:00,2022,7,8,6,5.896882258577519,5.731956398100083,0.16492586047743618,0.16492586047743618
2022-07-08 12:00:00,2022,7,8,12,8.680160991768128,8.956839620199888,-0.2766786284317604,0.2766786284317604
2022-07-08 18:00:00,2022,7,8,18,5.855318030737006,5.775640948190934,0.07967708254607242,0.07967708254607242
2022-07-09 00:00:00,2022,7,9,0,5.108018114099573,4.98244101065897,0.12557710344060258,0.12557710344060258
2022-07-09 06:00:00,2022,7,9,6,5.142894979248142,5.218972876745234,-0.07607789749709148,0.07607789749709148
2022-07-09 12:00:00,2022,7,9,12,8.787904455466629,8.382727368954399,0.4051770865122304,0.4051770865122304
2022-07-09 18:00:00,2022,7,9,18,5.701700128539754,5.684585125311426,0.017115003228327375,0.017115003228327375
2022-07-10 00:00:00,2022,7,10,0,4.763553357688682,4.819868008075919,-0.05631465038723693,0.05631465038723693
2022-07-10 06:00:00,2022,7,10,6,5.525007533788578,5.4939589729332,0.031048560855378327,0.031048560855378327
2022-07-10 12:00:00,2022,7,10,12,9.287905050134873,9.227752235909069,0.06015281422580365,0.06015281422580365
2022-07-10 18:00:00,2022,7,10,18,5.996351544971487,6.014521019243551,-0.018169474272063724,0.018169474272063724
2022-07-11 00:00:00,2022,7,11,0,5.115942949026938,4.851732389069661,0.26421055995727727,0.26421055995727727
2022-07-11 06:00:00,2022,7,11,6,5.656624643347443,5.5609842298761,0.09564041347134289,0.09564041347134289
2022-07-11 12:00:00,2022,7,11,12,8.550280422177147,8.586543016859894,-0.036262594682746396,0.036262594682746396
2022-07-11 18:00:00,2022,7,11,18,5.393231556480493,5.439972346975464,-0.046740790494971485,0.046740790494971485
2022-07-12 00:00:00,2022,7,12,0,4.362191881520442,4.499934842295085,-0.1377429607746432,0.1377429607746432
2022-07-12 06:00:00,2022,7,12,6,5.333095621859033,5.344357037202921,-0.011261415343888359,0.011261415343888359
2022-07-12 12:00:00,2022,7,12,12,8.70109746068517,8.85833969574268,-0.15724223505750956,0.15724223505750956
2022-07-12 18:00:00,2022,7,12,18,5.744897568405551,5.7609808385998,-0.016083270194249266,0.016083270194249266
2022-07-13 00:00:00,2022,7,13,0,4.612496117961924,4.730439950632281,-0.11794383267035702,0.11794383267035702
2022-07-13 06:00:00,2022,7,13,6,5.111080372032185,5.526127368639306,-0.4150469966071215,0.4150469966071215
2022-07-13 12:00:00,2022,7,13,12,8.611778488526637,8.523878788725508,0.08789969980112922,0.08789969980112922
2022-07-13 18:00:00,2022,7,13,18,5.361536946712958,5.319538989480746,0.041997957232212,0.041997957232212
2022-07-14 00:00:00,2022,7,14,0,4.039676213058002,4.496414350450604,-0.45673813739260183,0.45673813739260183
2022-07-14 06:00:00,2022,7,14,6,5.794665427825342,5.899279097358592,-0.1046136695332498,0.1046136695332498
2022-07-14 12:00:00,2022,7,14,12,9.078843059761786,8.934166623331683,0.1446764364301032,0.1446764364301032
2022-07-14 18:00:00,2022,7,14,18,5.091857535342721,5.361346005516453,-0.2694884701737319,0.2694884701737319
2022-07-15 00:00:00,2022,7,15,0,4.64293718136621,4.725444945435781,-0.08250776406957083,0.08250776406957083
2022-07-15 06:00:00,2022,7,15,6,5.737023404367259,5.432354712758896,0.30466869160836385,0.30466869160836385
2022-07-15 12:00:00,2022,7,15,12,8.626663422187553,8.62692521785822,-0.00026179567066719756,0.00026179567066719756
2022-07-15 18:00:00,2022,7,15,18,5.561154199311954,5.262150967361662,0.29900323195029177,0.29900323195029177
2022-07-16 00:00:00,2022,7,16,0,4.417515199138339,4.5132715673534785,-0.09575636821513989,0.09575636821513989
2022-07-16 06:00:00,2022,7,16,6,5.105714364206767,5.190221955897047,-0.08450759169028021,0.08450759169028021
2022-07-16 12:00:00,2022,7,16,12,8.62623828791238,8.595650395068793,0.030587892843586317,0.030587892843586317
2022-07-16 18:00:00,2022,7,16,18,5.521290712299529,5.553024246065952,-0.03173353376642307,0.03173353376642307
2022-07-17 00:00:00,2022,7,17,0,4.984685534940555,4.8505013471248235,0.13418418781573127,0.13418418781573127
2022-07-17 06:00:00,2022,7,17,6,5.428240565799561,5.375603474332814,0.05263709146674689,0.05263709146674689
2022-07-17 12:00:00,2022,7,17,12,9.10542972711393,9.044634256638822,0.06079547047510836,0.06079547047510836
2022-07-17 18:00:00,2022,7,17,18,4.904967854020608,5.143171547416066,-0.23820369339545788,0.23820369339545788
2022-07-18 00:00:00,2022,7,18,0,5.1432591738917255,5.388957700183079,-0.24569852629135358,0.24569852629135358
2022-07-18 06:00:00,2022,7,18,6,5.415763995628505,5.451820369638313,-0.03605637400980832,0.03605637400980832
2022-07-18 12:00:00,2022,7,18,12,8.618743920843578,8.87361878079528,-0.2548748599517019,0.2548748599517019
2022-07-18 18:00:00,2022,7,18,18,5.195169713034455,5.372630369869847,-0.17746065683539136,0.17746065683539136
2022-07-19 00:00:00,2022,7,19,0,4.800548003713506,4.9103941827558035,-0.10984617904229754,0.10984617904229754
2022-07-19 06:00:00,2022,7,19,6,4.969052140448279,5.160540965364912,-0.19148882491663244,0.19148882491663244
2022-07-19 12:00:00,2022,7,19,12,8.819579007444217,8.847269081859823,-0.027690074415605892,0.027690074415605892
2022-07-19 18:00:00,2022,7,19,18,5.393589203300922,5.348295879767285,0.04529332353363724,0.04529332353363724
2022-07-20 00:00:00,2022,7,20,0,4.905970046215609,4.730738583400402,0.17523146281520674,0.17523146281520674
2022-07-20 06:00:00,2022,7,20,6,5.129418550323768,5.24429636776873,-0.11487781744496228,0.11487781744496228
2022-07-20 12:00:00,2022,7,20,12,8.561886845313408,8.708549125652464,-0.14666228033905604,0.14666228033905604
2022-07-20 18:00:00,2022,7,20,18,5.646218632370855,5.69132057131947,-0.045101938948614695,0.045101938948614695
2022-07-21 00:00:00,2022,7,21,0,4.635700908145083,4.704883171315684,-0.06918226317060139,0.06918226317060139
2022-07-21 06:00:00,2022,7,21,6,5.238848723613869,5.199338220887771,0.03951050272609802,0.03951050272609802
2022-07-21 12:00:00,2022,7,21,12,8.595672496097178,8.563679074337834,0.03199342175934383,0.03199342175934383
2022-07-21 18:00:00,2022,7,21,18,5.168136011161315,5.230297125058447,-0.0621611138971323,0.0621611138971323
2022-07-22 00:00:00,2022,7,22,0,3.712125340462712,4.143719691415737,-0.4315943509530249,0.4315943509530249
2022-07-22 06:00:00,2022,7,22,6,5.0147802469360405,5.007163763746527,0.007616483189513801,0.007616483189513801
2022-07-22 12:00:00,2022,7,22,12,8.758096705724274,8.594771909036496,0.16332479668777822,0.16332479668777822
2022-07-22 18:00:00,2022,7,22,18,5.511107320269211,5.474338126159945,0.036769194109266046,0.036769194109266046
2022-07-23 00:00:00,2022,7,23,0,4.9791481412333285,4.624752218587045,0.35439592264628317,0.35439592264628317
2022-07-23 06:00:00,2022,7,23,6,5.1736114748842725,5.302956186801054,-0.1293447119167812,0.1293447119167812
2022-07-23 12:00:00,2022,7,23,12,8.871629148940421,9.001701381172069,-0.13007223223164743,0.13007223223164743
2022-07-23 18:00:00,2022,7,23,18,5.706040022696323,5.352359710500607,0.35368031219571616,0.35368031219571616
2022-07-24 00:00:00,2022,7,24,0,4.138056764906063,4.131784643108177,0.00627212179788561,0.00627212179788561
2022-07-24 06:00:00,2022,7,24,6,5.354922976391563,5.135063210349762,0.21985976604180113,0.21985976604180113
2022-07-24 12:00:00,2022,7,24,12,8.218700783447993,8.307783781807855,-0.08908299835986178,0.08908299835986178
2022-07-24 18:00:00,2022,7,24,18,5.280874679455162,5.256810704253149,0.02406397520201331,0.02406397520201331
2022-07-25 00:00:00,2022,7,25,0,4.404755098153296,4.241495696071406,0.1632594020818896,0.1632594020818896
2022-07-25 06:00:00,2022,7,25,6,5.051050675682523,5.15149269185835,-0.10044201617582704,0.10044201617582704
2022-07-25 12:00:00,2022,7,25,12,8.370379659177635,8.445204197556217,-0.07482453837858216,0.07482453837858216
2022-07-25 18:00:00,2022,7,25,18,4.9566976248957255,4.780718663319927,0.1759789615757983,0.1759789615757983
2022-07-26 00:00:00,2022,7,26,0,4.63336542966066,4.601555846780755,0.03180958287990521,0.03180958287990521
2022-07-26 06:00:00,2022,7,26,6,5.396421943668817,5.343133638771622,0.05328830489719483,0.05328830489719483
2022-07-26 12:00:00,2022,7,26,12,8.40822091801399,8.3488948173129,0.05932610070109057,0.05932610070109057
2022-07-26 18:00:00,2022,7,26,18,5.29419290885093,5.021214778276538,0.27297813057439235,0.27297813057439235
2022-07-27 00:00:00,2022,7,27,0,4.461539540221199,4.45235299435064,0.009186545870558227,0.009186545870558227
2022-07-27 06:00:00,2022,7,27,6,5.115168660774994,5.020194023169603,0.09497463760539127,0.09497463760539127
2022-07-27 12:00:00,2022,7,27,12,8.679568327082807,8.71268893756605,-0.033120610483242885,0.033120610483242885
2022-07-27 18:00:00,2022,7,27,18,5.144744470215686,5.328682932623368,-0.1839384624076814,0.1839384624076814
2022-07-28 00:00:00,2022,7,28,0,4.065788000709245,3.996808505433137,0.0689794952761078,0.0689794952761078
2022-07-28 06:00:00,2022,7,28,6,5.169999316393968,5.0895109657182385,0.08048835067572924,0.08048835067572924
2022-07-28 12:00:00,2022,7,28,12,8.552078044741723,8.49681502070156,0.0552630240401637,0.0552630240401637
2022-07-28 18:00:00,2022,7,28,18,5.619264285076057,5.629712985607335,-0.010448700531277666,0.010448700531277666
2022-07-29 00:00:00,2022,7,29,0,4.602964595559946,4.31277514843661,0.2901894471233364,0.2901894471233364
2022-07-29 06:00:00,2022,7,29,6,5.220444735359871,5.249549764447453,-0.029105029087581613,0.029105029087581613
2022-07-29 12:00:00,2022,7,29,12,8.417501058336894,8.289207998965136,0.1282930593717584,0.1282930593717584
2022-07-29 18:00:00,2022,7,29,18,4.781653227666485,4.920941304144592,-0.13928807647810704,0.13928807647810704
2022-07-30 00:00:00,2022,7,30,0,4.36705296120978,4.373786258270915,-0.006733297061134458,0.006733297061134458
2022-07-30 06:00:00,2022,7,30,6,5.106262906674234,5.257621594832743,-0.15135868815850895,0.15135868815850895
2022-07-30 12:00:00,2022,7,30,12,8.374167717354762,8.61732696098147,-0.2431592436267085,0.2431592436267085
2022-07-30 18:00:00,2022,7,30,18,5.471021090644753,5.3785458936127615,0.09247519703199192,0.09247519703199192
2022-07-31 00:00:00,2022,7,31,0,4.645559642377789,4.648980761404894,-0.0034211190271049574,0.0034211190271049574
2022-07-31 06:00:00,2022,7,31,6,4.947935402993965,5.095687708568494,-0.14775230557452979,0.14775230557452979
2022-07-31 12:00:00,2022,7,31,12,8.522033323055691,8.41674658192624,0.10528674112945069,0.10528674112945069
2022-07-31 18:00:00,2022,7,31,18,4.914510813649756,5.119593922069347,-0.20508310841959076,0.20508310841959076
2022-08-01 00:00:00,2022,8,1,0,4.585133444209896,4.259892740277346,0.32524070393255045,0.32524070393255045
2022-08-01 06:00:00,2022,8,1,6,5.246312900202358,5.392206688767969,-0.14589378856561108,0.14589378856561108
2022-08-01 12:00:00,2022,8,1,12,8.364739607276352,8.394168962290136,-0.029429355013784075,0.029429355013784075
2022-08-01 18:00:00,2022,8,1,18,4.640041445038384,4.713890347577649,-0.07384890253926457,0.07384890253926457
2022-08-02 00:00:00,2022,8,2,0,4.379896139817439,4.535011950058269,-0.15511581024083032,0.15511581024083032
2022-08-02 06:00:00,2022,8,2,6,4.688262684172541,4.891812454532364,-0.2035497703598228,0.2035497703598228
2022-08-02 12:00:00,2022,8,2,12,8.549901972155478,8.399466021842724,0.15043595031275458,0.15043595031275458
2022-08-02 18:00:00,2022,8,2,18,5.22946920509514,5.187909177647454,0.0415600274476855,0.0415600274476855
2022-08-03 00:00:00,2022,8,3,0,4.689611497110128,4.656758004948346,0.03285349216178268,0.03285349216178268
2022-08-03 06:00:00,2022,8,3,6,4.692859393864529,4.701965323006506,-0.009105929141977498,0.009105929141977498
2022-08-03 12:00:00,2022,8,3,12,8.091464520250176,7.950102739658387,0.1413617805917884,0.1413617805917884
2022-08-03 18:00:00,2022,8,3,18,5.046465824922131,5.031563909935624,0.014901914986507059,0.014901914986507059
2022-08-04 00:00:00,2022,8,4,0,4.575989027970169,4.616674546298497,-0.040685518328327674,0.040685518328327674
2022-08-04 06:00:00,2022,8,4,6,5.216529572230975,5.106184725575025,0.11034484665595024,0.11034484665595024
2022-08-04 12:00:00,2022,8,4,12,8.543327414186743,8.450792957100617,0.09253445708612595,0.09253445708612595
2022-08-04 18:00:00,2022,8,4,18,4.870444517768131,4.994555970765844,-0.1241114529977132,0.1241114529977132
2022-08-05 00:00:00,2022,8,5,0,4.323332931145624,4.286998813748408,0.03633411739721648,0.03633411739721648
2022-08-05 06:00:00,2022,8,5,6,4.9413986597268655,4.9452427792621085,-0.0038441195352429958,0.0038441195352429958
2022-08-05 12:00:00,2022,8,5,12,8.432925784104297,8.687571183714548,-0.2546453996102507,0.2546453996102507
2022-08-05 18:00:00,2022,8,5,18,5.0331186959240775,4.9561976093221265,0.07692108660195096,0.07692108660195096
2022-08-06 00:00:00,2022,8,6,0,4.610623843728754,4.364512190622242,0.24611165310651195,0.24611165310651195
2022-08-06 06:00:00,2022,8,6,6,5.182014102570498,5.008555531752757,0.17345857081774163,0.17345857081774163
2022-08-06 12:00:00,2022,8,6,12,8.409835003363419,8.357933894427838,0.05190110893558142,0.05190110893558142
2022-08-06 18:00:00,2022,8,6,18,4.426170101671777,4.7585447535380405,-0.3323746518662638,0.3323746518662638
2022-08-07 00:00:00,2022,8,7,0,4.561407798671632,4.311713559518471,0.24969423915316113,0.24969423915316113
2022-08-07 06:00:00,2022,8,7,6,5.234364969760303,5.042977106014179,0.19138786374612415,0.19138786374612415
2022-08-07 12:00:00,2022,8,7,12,8.074080506703913,8.03410909994583,0.03997140675808275,0.03997140675808275
2022-08-07 18:00:00,2022,8,7,18,4.883467861604825,4.7565770976449375,0.12689076395988774,0.12689076395988774
2022-08-08 00:00:00,2022,8,8,0,4.131591773199011,4.208314204239843,-0.07672243104083254,0.07672243104083254
2022-08-08 06:00:00,2022,8,8,6,4.668368456272774,4.659929815545038,0.00843864072773659,0.00843864072773659
2022-08-08 12:00:00,2022,8,8,12,8.172545262488464,7.845069756537897,0.3274755059505674,0.3274755059505674
2022-08-08 18:00:00,2022,8,8,18,4.872626892993478,4.8805073486625385,-0.007880455669060815,0.007880455669060815
2022-08-09 00:00:00,2022,8,9,0,4.46111584623464,4.191937270398813,0.26917857583582716,0.26917857583582716
2022-08-09 06:00:00,2022,8,9,6,4.86299127956186,4.986569365174162,-0.12357808561230232,0.12357808561230232
2022-08-09 12:00:00,2022,8,9,12,8.242165145124606,7.756674379590375,0.4854907655342302,0.4854907655342302
2022-08-09 18:00:00,2022,8,9,18,4.943572095972718,4.8780308276689155,0.0655412683038028,0.0655412683038028
2022-08-10 00:00:00,2022,8,10,0,4.264054925331331,4.2639044318618025,0.00015049346952888953,0.00015049346952888953
2022-08-10 06:00:00,2022,8,10,6,4.85902027018819,4.943549125411235,-0.08452885522304499,0.08452885522304499
2022-08-10 12:00:00,2022,8,10,12,8.048274304538356,8.119089145037789,-0.07081484049943221,0.07081484049943221
2022-08-10 18:00:00,2022,8,10,18,4.886973463693346,4.996261112104256,-0.10928764841090999,0.10928764841090999
2022-08-11 00:00:00,2022,8,11,0,4.183601031767828,4.198032130771755,-0.014431099003926917,0.014431099003926917
2022-08-11 06:00:00,2022,8,11,6,4.912788271127486,4.806107082217899,0.10668118890958667,0.10668118890958667
2022-08-11 12:00:00,2022,8,11,12,7.7277069923180495,7.587897511276868,0.13980948104118163,0.13980948104118163
2022-08-11 18:00:00,2022,8,11,18,4.509544092291677,4.68514021050707,-0.17559611821539267,0.17559611821539267
2022-08-12 00:00:00,2022,8,12,0,4.006474670623184,3.7810667489726004,0.225407921650584,0.225407921650584
2022-08-12 06:00:00,2022,8,12,6,4.955021656367705,5.13342982008981,-0.17840816372210444,0.17840816372210444
2022-08-12 12:00:00,2022,8,12,12,7.625607810532688,7.779077041407174,-0.15346923087448605,0.15346923087448605
2022-08-12 18:00:00,2022,8,12,18,4.967821655522076,4.64442165484711,0.3234000006749662,0.3234000006749662
2022-08-13 00:00:00,2022,8,13,0,4.098438840844248,3.739939131238199,0.35849970960604916,0.35849970960604916
2022-08-13 06:00:00,2022,8,13,6,4.549711531258316,4.747865060405129,-0.19815352914681306,0.19815352914681306
2022-08-13 12:00:00,2022,8,13,12,7.742875316847589,7.70098008987674,0.041895226970848576,0.041895226970848576
2022-08-13 18:00:00,2022,8,13,18,4.938819109798257,4.925765879187155,0.013053230611101974,0.013053230611101974
2022-08-14 00:00:00,2022,8,14,0,3.9965120862686714,4.139805584445282,-0.14329349817661097,0.14329349817661097
2022-08-14 06:00:00,2022,8,14,6,5.03190709838616,5.072586573457369,-0.04067947507120895,0.04067947507120895
2022-08-14 12:00:00,2022,8,14,12,7.906082368654826,7.981146510885874,-0.07506414223104763,0.07506414223104763
2022-08-14 18:00:00,2022,8,14,18,4.7154789454216886,4.664337427439525,0.051141517982163265,0.051141517982163265
2022-08-15 00:00:00,2022,8,15,0,4.036066661726,4.129562005304891,-0.09349534357889056,0.09349534357889056
2022-08-15 06:00:00,2022,8,15,6,4.695749445053859,4.678523244312823,0.0172262007410362,0.0172262007410362
2022-08-15 12:00:00,2022,8,15,12,7.623293295481345,7.723692399817254,-0.10039910433590915,0.10039910433590915
2022-08-15 18:00:00,2022,8,15,18,4.972922704250263,4.945476704765445,0.02744599948481774,0.02744599948481774
2022-08-16 00:00:00,2022,8,16,0,3.768260799773636,3.9103718132502396,-0.1421110134766037,0.1421110134766037
2022-08-16 06:00:00,2022,8,16,6,4.675344882697111,4.9616329929497685,-0.28628811025265755,0.28628811025265755
2022-08-16 12:00:00,2022,8,16,12,7.855596879075495,7.74935963726881,0.10623724180668503,0.10623724180668503
2022-08-16 18:00:00,2022,8,16,18,4.529031430170124,4.446832208842537,0.0821992213275875,0.0821992213275875
2022-08-17 00:00:00,2022,8,17,0,4.11844504799745,4.258560325242934,-0.14011527724548412,0.14011527724548412
2022-08-17 06:00:00,2022,8,17,6,4.937970202887465,4.977461488748914,-0.03949128586144912,0.03949128586144912
2022-08-17 12:00:00,2022,8,17,12,8.05203172952323,8.319430112125994,-0.2673983826027637,0.2673983826027637
2022-08-17 18:00:00,2022,8,17,18,4.771202859221012,4.84633601827297,-0.0751331590519575,0.0751331590519575
2022-08-18 00:00:00,2022,8,18,0,3.836754012621956,3.9297012343021778,-0.09294722168022185,0.09294722168022185
2022-08-18 06:00:00,2022,8,18,6,4.575282930661341,4.584850592825708,-0.009567662164366553,0.009567662164366553
2022-08-18 12:00:00,2022,8,18,12,7.877566389141767,7.751919425255274,0.125646963886493,0.125646963886493
2022-08-18 18:00:00,2022,8,18,18,4.566638568564406,4.567269061105789,-0.000630492541382921,0.000630492541382921
2022-08-19 00:00:00,2022,8,19,0,4.283560290628113,4.367079988028517,-0.08351969740040399,0.08351969740040399
2022-08-19 06:00:00,2022,8,19,6,4.830122903609675,4.715513772390527,0.11460913121914817,0.11460913121914817
2022-08-19 12:00:00,2022,8,19,12,7.209886156801665,7.706115955511259,-0.49622979870959405,0.49622979870959405
2022-08-19 18:00:00,2022,8,19,18,5.107279228850355,4.973896730457437,0.13338249839291816,0.13338249839291816
2022-08-20 00:00:00,2022,8,20,0,4.2020432682491045,4.010915043467159,0.19112822478194502,0.19112822478194502
2022-08-20 06:00:00,2022,8,20,6,4.78876797618451,4.579591402490799,0.20917657369371145,0.20917657369371145
2022-08-20 12:00:00,2022,8,20,12,7.640085200158731,7.591490442314418,0.04859475784431311,0.04859475784431311
2022-08-20 18:00:00,2022,8,20,18,4.790048344999088,4.644094467350544,0.14595387764854362,0.14595387764854362
2022-08-21 00:00:00,2022,8,21,0,4.078325056401958,4.047076967470844,0.031248088931114637,0.031248088931114637
2022-08-21 06:00:00,2022,8,21,6,4.285151634592069,4.444343044017781,-0.15919140942571275,0.15919140942571275
2022-08-21 12:00:00,2022,8,21,12,8.018746302519771,7.80336071669843,0.21538558582134115,0.21538558582134115
2022-08-21 18:00:00,2022,8,21,18,5.061938269024801,4.878989239681464,0.18294902934333734,0.18294902934333734
2022-08-22 00:00:00,2022,8,22,0,3.955784843061275,4.15044935919969,-0.19466451613841462,0.19466451613841462
2022-08-22 06:00:00,2022,8,22,6,4.714231997084478,4.623954028148496,0.09027796893598161,0.09027796893598161
2022-08-22 12:00:00,2022,8,22,12,7.800348405569477,7.943176314952286,-0.14282790938280865,0.14282790938280865
2022-08-22 18:00:00,2022,8,22,18,4.332657611620911,4.233226590224381,0.09943102139652993,0.09943102139652993
2022-08-23 00:00:00,2022,8,23,0,4.074409352436279,4.12203983774018,-0.047630485303900905,0.047630485303900905
2022-08-23 06:00:00,2022,8,23,6,4.543268244054556,4.524353180372081,0.018915063682475086,0.018915063682475086
2022-08-23 12:00:00,2022,8,23,12,7.820518722839225,7.699002537267587,0.12151618557163779,0.12151618557163779
2022-08-23 18:00:00,2022,8,23,18,4.697699635032401,4.7447141305866305,-0.04701449555422954,0.04701449555422954
2022-08-24 00:00:00,2022,8,24,0,4.11733381066263,4.314696926859464,-0.19736311619683455,0.19736311619683455
2022-08-24 06:00:00,2022,8,24,6,4.80403345537225,4.358868299714002,0.44516515565824744,0.44516515565824744
2022-08-24 12:00:00,2022,8,24,12,7.592259463197751,7.511019963184203,0.08123950001354796,0.08123950001354796
2022-08-24 18:00:00,2022,8,24,18,4.54779577903359,4.418301742982703,0.12949403605088694,0.12949403605088694
2022-08-25 00:00:00,2022,8,25,0,4.191645506084711,4.106281639293391,0.08536386679132058,0.08536386679132058
2022-08-25 06:00:00,2022,8,25,6,4.276644008828603,4.132280412252147,0.14436359657645603,0.14436359657645603
2022-08-25 12:00:00,2022,8,25,12,7.662434221770729,7.3366156542797505,0.3258185674909786,0.3258185674909786
2022-08-25 18:00:00,2022,8,25,18,4.707700411501429,4.586992581624973,0.12070782987645678,0.12070782987645678
2022-08-26 00:00:00,2022,8,26,0,3.788341218357806,3.6986259148490492,0.08971530350875678,0.08971530350875678
2022-08-26 06:00:00,2022,8,26,6,4.436032992182646,4.339171830270926,0.09686116191172012,0.09686116191172012
2022-08-26 12:00:00,2022,8,26,12,7.891454300502311,7.878370022124594,0.01308427837771653,0.01308427837771653
2022-08-26 18:00:00,2022,8,26,18,4.354431544865862,4.43297440362164,-0.07854285875577816,0.07854285875577816
2022-08-27 00:00:00,2022,8,27,0,3.8108746919119407,3.644978050257563,0.16589664165437767,0.16589664165437767
2022-08-27 06:00:00,2022,8,27,6,4.611302276346962,4.561728926553321,0.0495733497936417,0.0495733497936417
2022-08-27 12:00:00,2022,8,27,12,7.5613087265185,7.416250717746781,0.14505800877171904,0.14505800877171904
2022-08-27 18:00:00,2022,8,27,18,4.5331562772850775,4.44787505832914,0.0852812189559371,0.0852812189559371
2022-08-28 00:00:00,2022,8,28,0,2.9300077494595245,3.3971760136996263,-0.4671682642401018,0.4671682642401018
2022-08-28 06:00:00,2022,8,28,6,4.598823913201526,4.701968490145488,-0.1031445769439614,0.1031445769439614
2022-08-28 12:00:00,2022,8,28,12,7.582652659477488,7.4628338352442745,0.11981882423321366,0.11981882423321366
2022-08-28 18:00:00,2022,8,28,18,4.524410823511684,4.4796436021133434,0.04476722139834077,0.04476722139834077
2022-08-29 00:00:00,2022,8,29,0,3.8054574363772615,3.7021340982313498,0.10332333814591177,0.10332333814591177
2022-08-29 06:00:00,2022,8,29,6,4.618580234756369,4.562407277795292,0.056172956961076714,0.056172956961076714
2022-08-29 12:00:00,2022,8,29,12,7.571173032266187,7.693236439007852,-0.12206340674166505,0.12206340674166505
2022-08-29 18:00:00,2022,8,29,18,4.2080810232482,4.172427489898311,0.03565353334988863,0.03565353334988863
2022-08-30 00:00:00,2022,8,30,0,4.027196221154258,3.9752501616231477,0.05194605953110987,0.05194605953110987
2022-08-30 06:00:00,2022,8,30,6,4.477246827337267,4.508003189357088,-0.03075636201982057,0.03075636201982057
2022-08-30 12:00:00,2022,8,30,12,7.193115254270631,7.366591031820878,-0.17347577755024712,0.17347577755024712
2022-08-30 18:00:00,2022,8,30,18,4.73263503790879,4.509680121189238,0.22295491671955237,0.22295491671955237
2022-08-31 00:00:00,2022,8,31,0,3.5836751249265624,3.635452426119249,-0.05177730119268675,0.05177730119268675
2022-08-31 06:00:00,2022,8,31,6,4.477389635776036,4.473962787889598,0.003426847886437656,0.003426847886437656
2022-08-31 12:00:00,2022,8,31,12,7.037783979770584,7.1442119883341535,-0.1064280085635696,0.1064280085635696
2022-08-31 18:00:00,2022,8,31,18,4.27943073001802,4.101406797257732,0.17802393276028816,0.17802393276028816
2022-09-01 00:00:00,2022,9,1,0,3.351842219527557,3.3710070927705384,-0.01916487324298144,0.01916487324298144
2022-09-01 06:00:00,2022,9,1,6,4.2567847436725925,4.29911720758971,-0.0423324639171172,0.0423324639171172
2022-09-01 12:00:00,2022,9,1,12,6.838308676689596,6.77912474441896,0.059183932270636674,0.059183932270636674
2022-09-01 18:00:00,2022,9,1,18,4.047227624862749,4.305965729511329,-0.2587381046485806,0.2587381046485806
2022-09-02 00:00:00,2022,9,2,0,3.39624530543016,3.5559211094788545,-0.15967580404869475,0.15967580404869475
2022-09-02 06:00:00,2022,9,2,6,4.739141677543442,4.671952192575256,0.06718948496818555,0.06718948496818555
2022-09-02 12:00:00,2022,9,2,12,7.540866669820871,7.332457521082545,0.20840914873832617,0.20840914873832617
2022-09-02 18:00:00,2022,9,2,18,4.132279402588902,4.269942130829964,-0.13766272824106185,0.13766272824106185
2022-09-03 00:00:00,2022,9,3,0,3.5113923059405083,3.6116844056291595,-0.10029209968865116,0.10029209968865116
2022-09-03 06:00:00,2022,9,3,6,4.317354754662216,4.525042924024965,-0.2076881693627488,0.2076881693627488
2022-09-03 12:00:00,2022,9,3,12,7.130324347652891,7.287154168797365,-0.1568298211444734,0.1568298211444734
2022-09-03 18:00:00,2022,9,3,18,4.023985510655477,4.132096187276258,-0.10811067662078155,0.10811067662078155
2022-09-04 00:00:00,2022,9,4,0,4.121608009329466,3.782941416558883,0.3386665927705832,0.3386665927705832
2022-09-04 06:00:00,2022,9,4,6,4.027492436726225,4.152707492722994,-0.12521505599676974,0.12521505599676974
2022-09-04 12:00:00,2022,9,4,12,7.400219187258821,7.14727034614577,0.25294884111305116,0.25294884111305116
2022-09-04 18:00:00,2022,9,4,18,4.326511832586605,4.2931553936333895,0.033356438953215495,0.033356438953215495
2022-09-05 00:00:00,2022,9,5,0,3.579525284030235,3.609852608486602,-0.030327324456366878,0.030327324456366878
2022-09-05 06:00:00,2022,9,5,6,4.160340589513179,4.311444092720824,-0.15110350320764443,0.15110350320764443
2022-09-05 12:00:00,2022,9,5,12,6.848827245128235,6.994856989450884,-0.14602974432264926,0.14602974432264926
2022-09-05 18:00:00,2022,9,5,18,4.418026674490887,4.308747503222619,0.1092791712682688,0.1092791712682688
2022-09-06 00:00:00,2022,9,6,0,2.9614690009857485,3.6145242533311297,-0.6530552523453812,0.6530552523453812
2022-09-06 06:00:00,2022,9,6,6,4.141452146363295,4.3128203060779535,-0.17136815971465857,0.17136815971465857
2022-09-06 12:00:00,2022,9,6,12,6.644475390045364,6.665495263805969,-0.0210198737606051,0.0210198737606051
2022-09-06 18:00:00,2022,9,6,18,4.068124835779803,4.28359497109107,-0.2154701353112669,0.2154701353112669
2022-09-07 00:00:00,2022,9,7,0,3.695832911966668,3.680949227216662,0.014883684750006232,0.014883684750006232
2022-09-07 06:00:00,2022,9,7,6,4.292362329475948,4.193215348787045,0.09914698068890271,0.09914698068890271
2022-09-07 12:00:00,2022,9,7,12,6.6850784613695495,6.851621672182704,-0.16654321081315437,0.16654321081315437
2022-09-07 18:00:00,2022,9,7,18,3.849902314427323,4.0559420575781004,-0.20603974315077744,0.20603974315077744
2022-09-08 00:00:00,2022,9,8,0,3.2567558137177213,3.2997673825003773,-0.043011568782655996,0.043011568782655996
2022-09-08 06:00:00,2022,9,8,6,4.031458858121251,4.0315077270881075,-4.8868966856296936e-05,4.8868966856296936e-05
2022-09-08 12:00:00,2022,9,8,12,6.703054610348688,6.733577745634776,-0.030523135286087744,0.030523135286087744
2022-09-08 18:00:00,2022,9,8,18,4.531706415787193,4.209527073634645,0.3221793421525483,0.3221793421525483
2022-09-09 00:00:00,2022,9,9,0,3.168064720644737,3.3689884657538416,-0.2009237451091046,0.2009237451091046
2022-09-09 06:00:00,2022,9,9,6,4.1270743669122805,4.180737039833073,-0.053662672920792964,0.053662672920792964
2022-09-09 12:00:00,2022,9,9,12,7.288919365256796,7.537710049485716,-0.24879068422891937,0.24879068422891937
2022-09-09 18:00:00,2022,9,9,18,3.909553203060432,3.9190367081397506,-0.009483505079318721,0.009483505079318721
2022-09-10 00:00:00,2022,9,10,0,3.700687230243362,3.7287978276301597,-0.028110597386797664,0.028110597386797664
2022-09-10 06:00:00,2022,9,10,6,4.688523744564142,4.524139247548187,0.1643844970159547,0.1643844970159547
2022-09-10 12:00:00,2022,9,10,12,6.685735701080785,6.918784070701343,-0.2330483696205583,0.2330483696205583
2022-09-10 18:00:00,2022,9,10,18,4.547494797092852,4.416781759560791,0.1307130375320602,0.1307130375320602
2022-09-11 00:00:00,2022,9,11,0,3.9022887719934594,3.88438354684714,0.017905225146319204,0.017905225146319204
2022-09-11 06:00:00,2022,9,11,6,3.89330677668622,3.9973506889381767,-0.10404391225195653,0.10404391225195653
2022-09-11 12:00:00,2022,9,11,12,7.0163764705411,6.850677757680704,0.1656987128603955,0.1656987128603955
2022-09-11 18:00:00,2022,9,11,18,4.544547119597368,4.342906831405628,0.20164028819174007,0.20164028819174007
2022-09-12 00:00:00,2022,9,12,0,3.838784006421327,3.6918018977508367,0.14698210867049033,0.14698210867049033
2022-09-12 06:00:00,2022,9,12,6,3.849126838009933,4.037590587111035,-0.18846374910110208,0.18846374910110208
2022-09-12 12:00:00,2022,9,12,12,6.605105912194551,6.80873367944062,-0.20362776724606935,0.20362776724606935
2022-09-12 18:00:00,2022,9,12,18,4.145314435630188,4.143513859844968,0.001800575785219749,0.001800575785219749
2022-09-13 00:00:00,2022,9,13,0,2.8757233698200277,3.1479063525808795,-0.27218298276085173,0.27218298276085173
2022-09-13 06:00:00,2022,9,13,6,3.9954608458961234,3.7263031795707087,0.2691576663254147,0.2691576663254147
2022-09-13 12:00:00,2022,9,13,12,6.671046136814551,6.823656346603912,-0.15261020978936113,0.15261020978936113
2022-09-13 18:00:00,2022,9,13,18,4.23759956421456,3.999415600479198,0.238183963735362,0.238183963735362
2022-09-14 00:00:00,2022,9,14,0,3.431860853301772,3.433739029785843,-0.0018781764840714033,0.0018781764840714033
2022-09-14 06:00:00,2022,9,14,6,3.8422472670939833,3.898327552482203,-0.05608028538821985,0.05608028538821985
2022-09-14 12:00:00,2022,9,14,12,6.887976807601268,6.96491278577258,-0.07693597817131259,0.07693597817131259
2022-09-14 18:00:00,2022,9,14,18,4.058432745040641,4.037658007158355,0.02077473788228623,0.02077473788228623
2022-09-15 00:00:00,2022,9,15,0,3.699253937367073,3.9504556408968665,-0.25120170352979354,0.25120170352979354
2022-09-15 06:00:00,2022,9,15,6,4.287797838061045,4.116408360572707,0.17138947748833822,0.17138947748833822
2022-09-15 12:00:00,2022,9,15,12,5.94494710706462,6.5928419975788985,-0.6478948905142783,0.6478948905142783
2022-09-15 18:00:00,2022,9,15,18,3.4414715919666574,3.817900083991245,-0.3764284920245875,0.3764284920245875
2022-09-16 00:00:00,2022,9,16,0,3.429357095996858,3.3992588152514602,0.030098280745397776,0.030098280745397776
2022-09-16 06:00:00,2022,9,16,6,3.6561042314308887,3.7361770737972018,-0.08007284236631307,0.08007284236631307
2022-09-16 12:00:00,2022,9,16,12,6.229398780574141,6.51104465232462,-0.28164587175047906,0.28164587175047906
2022-09-16 18:00:00,2022,9,16,18,4.343592765465252,4.028042543715451,0.31555022174980163,0.31555022174980163
2022-09-17 00:00:00,2022,9,17,0,2.9063757643400887,2.9643199982021917,-0.05794423386210301,0.05794423386210301
2022-09-17 06:00:00,2022,9,17,6,4.110217818382839,4.007115362547476,0.10310245583536304,0.10310245583536304
2022-09-17 12:00:00,2022,9,17,12,6.540012652957093,6.4452182977173145,0.0947943552397783,0.0947943552397783
2022-09-17 18:00:00,2022,9,17,18,3.516212900996453,3.820477221354345,-0.3042643203578921,0.3042643203578921
2022-09-18 00:00:00,2022,9,18,0,3.292550546204562,3.252049182834101,0.04050136337046073,0.04050136337046073
2022-09-18 06:00:00,2022,9,18,6,3.3877191018749726,3.5570356296444268,-0.16931652776945416,0.16931652776945416
2022-09-18 12:00:00,2022,9,18,12,6.198949200572676,6.7080753987805934,-0.5091261982079178,0.5091261982079178
2022-09-18 18:00:00,2022,9,18,18,4.201997103501846,4.1258231619432415,0.07617394155860424,0.07617394155860424
2022-09-19 00:00:00,2022,9,19,0,2.739988634476641,2.9409798653398633,-0.20099123086322246,0.20099123086322246
2022-09-19 06:00:00,2022,9,19,6,4.259877638386819,4.001191163511726,0.258686474875093,0.258686474875093
2022-09-19 12:00:00,2022,9,19,12,7.512093295049424,7.493882555509484,0.018210739539940235,0.018210739539940235
2022-09-19 18:00:00,2022,9,19,18,3.8359488418580927,3.9427437937669323,-0.10679495190883959,0.10679495190883959
2022-09-20 00:00:00,2022,9,20,0,3.56476404109204,3.4004486708481165,0.1643153702439233,0.1643153702439233
2022-09-20 06:00:00,2022,9,20,6,4.522468928504331,4.42101008884177,0.10145883966256086,0.10145883966256086
2022-09-20 12:00:00,2022,9,20,12,6.422301442323677,6.558826491744166,-0.13652504942048882,0.13652504942048882
2022-09-20 18:00:00,2022,9,20,18,3.714084399271532,3.8540597652166033,-0.13997536594507132,0.13997536594507132
2022-09-21 00:00:00,2022,9,21,0,3.259303894676793,3.0155164788057323,0.2437874158710609,0.2437874158710609
2022-09-21 06:00:00,2022,9,21,6,3.582009197708941,3.780860823917157,-0.19885162620821584,0.19885162620821584
2022-09-21 12:00:00,2022,9,21,12,6.249969222731799,6.525062616229545,-0.27509339349774553,0.27509339349774553
2022-09-21 18:00:00,2022,9,21,18,3.662042589847605,3.6045783666218036,0.05746422322580136,0.05746422322580136
2022-09-22 00:00:00,2022,9,22,0,3.18483485332788,3.0791952669756353,0.10563958635224457,0.10563958635224457
2022-09-22 06:00:00,2022,9,22,6,3.883871893949175,3.852112382165302,0.03175951178387315,0.03175951178387315
2022-09-22 12:00:00,2022,9,22,12,6.391638103166978,6.391045914677401,0.0005921884895769836,0.0005921884895769836
2022-09-22 18:00:00,2022,9,22,18,3.4679783027949904,3.489359005389821,-0.021380702594830492,0.021380702594830492
2022-09-23 00:00:00,2022,9,23,0,3.035680471266193,2.9702742246177865,0.06540624664840644,0.06540624664840644
2022-09-23 06:00:00,2022,9,23,6,3.8173019379569775,3.754835998048717,0.06246593990826055,0.06246593990826055
2022-09-23 12:00:00,2022,9,23,12,6.431021545463197,6.366598846257375,0.06442269920582167,0.06442269920582167
2022-09-23 18:00:00,2022,9,23,18,3.79138330030133,3.851287342483416,-0.05990404218208578,0.05990404218208578
2022-09-24 00:00:00,2022,9,24,0,2.8467461601889807,2.853404767671411,-0.006658607482430412,0.006658607482430412
2022-09-24 06:00:00,2022,9,24,6,3.3030552341558246,3.3747250388869383,-0.07166980473111373,0.07166980473111373
2022-09-24 12:00:00,2022,9,24,12,6.20225533997144,6.359212014425713,-0.15695667445427297,0.15695667445427297
2022-09-24 18:00:00,2022,9,24,18,3.891243755683014,3.8790185345522366,0.01222522113077762,0.01222522113077762
2022-09-25 00:00:00,2022,9,25,0,2.842693353411553,2.807683279111588,0.035010074299965055,0.035010074299965055
2022-09-25 06:00:00,2022,9,25,6,3.4032571252913857,3.4435536416095105,-0.04029651631812481,0.04029651631812481
2022-09-25 12:00:00,2022,9,25,12,6.200468562427597,6.452276117595033,-0.2518075551674359,0.2518075551674359
2022-09-25 18:00:00,2022,9,25,18,3.935293361742667,3.8910894340627435,0.04420392767992354,0.04420392767992354
2022-09-26 00:00:00,2022,9,26,0,2.9374870194071425,2.970953613236745,-0.0334665938296026,0.0334665938296026
2022-09-26 06:00:00,2022,9,26,6,3.298126254027281,3.4433670945699113,-0.14524084054263042,0.14524084054263042
2022-09-26 12:00:00,2022,9,26,12,6.440145156779597,6.622474284691351,-0.18232912791175426,0.18232912791175426
2022-09-26 18:00:00,2022,9,26,18,3.642831280446465,3.6553758460191528,-0.012544565572687905,0.012544565572687905
2022-09-27 00:00:00,2022,9,27,0,2.681505185407738,2.923928475693576,-0.2424232902858381,0.2424232902858381
2022-09-27 06:00:00,2022,9,27,6,3.6227046350729872,3.7436411179160713,-0.12093648284308411,0.12093648284308411
2022-09-27 12:00:00,2022,9,27,12,6.442008747567916,6.444763776194732,-0.0027550286268152036,0.0027550286268152036
2022-09-27 18:00:00,2022,9,27,18,3.560766371738066,3.652035499182641,-0.09126912744457494,0.09126912744457494
2022-09-28 00:00:00,2022,9,28,0,2.80375732472206,2.857593974008201,-0.05383664928614085,0.05383664928614085
2022-09-28 06:00:00,2022,9,28,6,3.791098205550295,3.8656724129884856,-0.07457420743819076,0.07457420743819076
2022-09-28 12:00:00,2022,9,28,12,5.976040320732159,5.863623801724875,0.11241651900728389,0.11241651900728389
2022-09-28 18:00:00,2022,9,28,18,3.574730677085741,3.7483680849384275,-0.17363740785268655,0.17363740785268655
2022-09-29 00:00:00,2022,9,29,0,3.227158581115744,3.0164056906071,0.210752890508644,0.210752890508644
2022-09-29 06:00:00,2022,9,29,6,3.8825279201249288,3.818740582039952,0.06378733808497694,0.06378733808497694
2022-09-29 12:00:00,2022,9,29,12,6.005174084376795,5.68493070595655,0.320243378420245,0.320243378420245
2022-09-29 18:00:00,2022,9,29,18,3.150359260721673,3.4138256865695094,-0.2634664258478363,0.2634664258478363
2022-09-30 00:00:00,2022,9,30,0,2.457015984953354,2.642068965595137,-0.18505298064178266,0.18505298064178266
2022-09-30 06:00:00,2022,9,30,6,3.3492545576829325,3.3015748850842708,0.04767967259866168,0.04767967259866168
2022-09-30 12:00:00,2022,9,30,12,6.069739758493789,5.958461253572043,0.11127850492174574,0.11127850492174574
2022-09-30 18:00:00,2022,9,30,18,3.077308406676876,3.0977496957504274,-0.02044128907355125,0.02044128907355125
2022-10-01 00:00:00,2022,10,1,0,3.0298003382932617,3.0319254231646067,-0.0021250848713449955,0.0021250848713449955
2022-10-01 06:00:00,2022,10,1,6,2.922870968649238,3.1429113907112924,-0.22004042206205465,0.22004042206205465
2022-10-01 12:00:00,2022,10,1,12,5.685373939382008,5.866685788003679,-0.1813118486216707,0.1813118486216707
2022-10-01 18:00:00,2022,10,1,18,3.782472538089943,3.606848636897828,0.17562390119211502,0.17562390119211502
2022-10-02 00:00:00,2022,10,2,0,2.6734323749751217,2.5327131353008925,0.14071923967422917,0.14071923967422917
2022-10-02 06:00:00,2022,10,2,6,4.044355631384873,3.8353196412322395,0.2090359901526333,0.2090359901526333
2022-10-02 12:00:00,2022,10,2,12,6.046512706724866,5.760106275936089,0.2864064307887775,0.2864064307887775
2022-10-02 18:00:00,2022,10,2,18,3.133157396804513,3.1782843817827,-0.04512698497818679,0.04512698497818679
2022-10-03 00:00:00,2022,10,3,0,3.146931177689352,3.013287578755157,0.13364359893419486,0.13364359893419486
2022-10-03 06:00:00,2022,10,3,6,3.3752834475027984,3.3597684166529063,0.015515030849892142,0.015515030849892142
2022-10-03 12:00:00,2022,10,3,12,5.588682478637363,5.66266862957476,-0.07398615093739735,0.07398615093739735
2022-10-03 18:00:00,2022,10,3,18,3.4136902083769654,3.5579932696234846,-0.14430306124651926,0.14430306124651926
2022-10-04 00:00:00,2022,10,4,0,3.0408984975033047,2.9192586867354806,0.12163981076782404,0.12163981076782404
2022-10-04 06:00:00,2022,10,4,6,3.777252829819952,3.7209720866844704,0.0562807431354817,0.0562807431354817
2022-10-04 12:00:00,2022,10,4,12,5.43665241200826,5.506526193937022,-0.06987378192876204,0.06987378192876204
2022-10-04 18:00:00,2022,10,4,18,3.1874477726400348,3.2119765464747174,-0.02452877383468266,0.02452877383468266
2022-10-05 00:00:00,2022,10,5,0,2.417392079724125,2.6920965554567196,-0.2747044757325945,0.2747044757325945
2022-10-05 06:00:00,2022,10,5,6,3.1838240788453724,3.2475105165347475,-0.0636864376893751,0.0636864376893751
2022-10-05 12:00:00,2022,10,5,12,6.502640404912976,6.198204247422689,0.3044361574902865,0.3044361574902865
2022-10-05 18:00:00,2022,10,5,18,3.188250169353804,3.2891260867830203,-0.10087591742921642,0.10087591742921642
2022-10-06 00:00:00,2022,10,6,0,2.590992708507933,2.4477638651703226,0.14322884333761055,0.14322884333761055
2022-10-06 06:00:00,2022,10,6,6,3.318721983629954,3.2588066792247963,0.05991530440515769,0.05991530440515769
2022-10-06 12:00:00,2022,10,6,12,5.694199574713171,5.595108492564989,0.09909108214818119,0.09909108214818119
2022-10-06 18:00:00,2022,10,6,18,3.201752212282984,3.0768637611012037,0.12488845118178027,0.12488845118178027
2022-10-07 00:00:00,2022,10,7,0,2.777928917408813,2.6521555405225814,0.1257733768862317,0.1257733768862317
2022-10-07 06:00:00,2022,10,7,6,2.888773695644966,2.973142997689817,-0.08436930204485105,0.08436930204485105
2022-10-07 12:00:00,2022,10,7,12,5.436093050871901,5.313858542151498,0.12223450872040331,0.12223450872040331
2022-10-07 18:00:00,2022,10,7,18,3.739963430400712,3.5555821081069148,0.1843813222937971,0.1843813222937971
2022-10-08 00:00:00,2022,10,8,0,2.5589836290399783,2.698955542130888,-0.13997191309090962,0.13997191309090962
2022-10-08 06:00:00,2022,10,8,6,2.51457922161416,2.62284461735647,-0.10826539574231031,0.10826539574231031
2022-10-08 12:00:00,2022,10,8,12,5.299821245422681,5.023957301799469,0.27586394362321176,0.27586394362321176
2022-10-08 18:00:00,2022,10,8,18,3.514235881866395,3.233222472382777,0.28101340948361786,0.28101340948361786
2022-10-09 00:00:00,2022,10,9,0,2.393201031055741,2.508959150797163,-0.11575811974142214,0.11575811974142214
2022-10-09 06:00:00,2022,10,9,6,3.006479444165979,3.071806174500672,-0.06532673033469338,0.06532673033469338
2022-10-09 12:00:00,2022,10,9,12,5.484746699818227,5.636019786580192,-0.15127308676196538,0.15127308676196538
2022-10-09 18:00:00,2022,10,9,18,3.2274654684490667,3.0817209564471844,0.14574451200188232,0.14574451200188232
2022-10-10 00:00:00,2022,10,10,0,3.024259956449784,3.3100582896337105,-0.28579833318392645,0.28579833318392645
2022-10-10 06:00:00,2022,10,10,6,2.8782622561318214,2.6562210986839263,0.2220411574478951,0.2220411574478951
2022-10-10 12:00:00,2022,10,10,12,5.2774040359781695,5.267835939221246,0.009568096756923161,0.009568096756923161
2022-10-10 18:00:00,2022,10,10,18,3.1225026394782422,3.0654659126876953,0.05703672679054694,0.05703672679054694
2022-10-11 00:00:00,2022,10,11,0,2.8556107387748857,2.825807132655869,0.029803606119016557,0.029803606119016557
2022-10-11 06:00:00,2022,10,11,6,3.205964343641829,3.022104100111388,0.18386024353044084,0.18386024353044084
2022-10-11 12:00:00,2022,10,11,12,6.050023435014868,5.8130622694377045,0.2369611655771635,0.2369611655771635
2022-10-11 18:00:00,2022,10,11,18,3.098694001324679,3.0619612844555864,0.03673271686909274,0.03673271686909274
2022-10-12 00:00:00,2022,10,12,0,3.12610613293565,2.8959686781447544,0.23013745479089565,0.23013745479089565
2022-10-12 06:00:00,2022,10,12,6,3.2608306096271686,3.3197021482030786,-0.05887153857590999,0.05887153857590999
2022-10-12 12:00:00,2022,10,12,12,5.280039867898248,5.347440911034717,-0.06740104313646889,0.06740104313646889
2022-10-12 18:00:00,2022,10,12,18,2.977707588624227,3.036058734200055,-0.05835114557582832,0.05835114557582832
2022-10-13 00:00:00,2022,10,13,0,2.80494084283664,2.8657882125432197,-0.06084736970657989,0.06084736970657989
2022-10-13 06:00:00,2022,10,13,6,3.45412584388391,3.4587781426975717,-0.004652298813661471,0.004652298813661471
2022-10-13 12:00:00,2022,10,13,12,5.571004853307519,5.18219661253418,0.3888082407733391,0.3888082407733391
2022-10-13 18:00:00,2022,10,13,18,3.213239958906093,3.11528766029428,0.09795229861181287,0.09795229861181287
2022-10-14 00:00:00,2022,10,14,0,2.538120954245424,2.8426957398579344,-0.3045747856125103,0.3045747856125103
2022-10-14 06:00:00,2022,10,14,6,3.407996563178832,3.0966676563689606,0.31132890680987124,0.31132890680987124
2022-10-14 12:00:00,2022,10,14,12,5.340692174288472,5.353158038491159,-0.012465864202686916,0.012465864202686916
2022-10-14 18:00:00,2022,10,14,18,3.4646130353326936,3.3657990150056123,0.09881402032708131,0.09881402032708131
2022-10-15 00:00:00,2022,10,15,0,1.955848884124231,2.0850948346911164,-0.12924595056688548,0.12924595056688548
2022-10-15 06:00:00,2022,10,15,6,2.876282912627991,3.1403958248820443,-0.2641129122540531,0.2641129122540531
2022-10-15 12:00:00,2022,10,15,12,5.315961058179127,5.079502717466247,0.23645834071287997,0.23645834071287997
2022-10-15 18:00:00,2022,10,15,18,3.2513889427980738,2.9244378493727523,0.32695109342532147,0.32695109342532147
2022-10-16 00:00:00,2022,10,16,0,1.856595693115012,2.1077009631192727,-0.25110527000426064,0.25110527000426064
2022-10-16 06:00:00,2022,10,16,6,3.0057332910143817,3.0905548445768725,-0.08482155356249077,0.08482155356249077
2022-10-16 12:00:00,2022,10,16,12,5.205748618706093,5.065518394544874,0.14023022416121922,0.14023022416121922
2022-10-16 18:00:00,2022,10,16,18,2.899452071601361,2.9612067610867423,-0.06175468948538132,0.06175468948538132
2022-10-17 00:00:00,2022,10,17,0,2.2281514633680355,2.0747087680241485,0.153442695343887,0.153442695343887
2022-10-17 06:00:00,2022,10,17,6,2.588598523365637,2.698717261111589,-0.11011873774595227,0.11011873774595227
2022-10-17 12:00:00,2022,10,17,12,5.151373611584512,4.975008084040554,0.1763655275439584,0.1763655275439584
2022-10-17 18:00:00,2022,10,17,18,2.760680516580188,2.9463640061385368,-0.18568348955834857,0.18568348955834857
2022-10-18 00:00:00,2022,10,18,0,2.522363496570432,2.4651960944194933,0.05716740215093852,0.05716740215093852
2022-10-18 06:00:00,2022,10,18,6,3.5773950198157145,3.42866308526504,0.14873193455067435,0.14873193455067435
2022-10-18 12:00:00,2022,10,18,12,5.382273323796683,5.3689926982735585,0.013280625523124812,0.013280625523124812
2022-10-18 18:00:00,2022,10,18,18,3.175617024377739,3.006227764932839,0.16938925944490002,0.16938925944490002
2022-10-19 00:00:00,2022,10,19,0,2.1649971405212542,2.2346844584437644,-0.06968731792251015,0.06968731792251015
2022-10-19 06:00:00,2022,10,19,6,2.556615285477812,2.9124867649312045,-0.3558714794533926,0.3558714794533926
2022-10-19 12:00:00,2022,10,19,12,4.863948536436404,4.666555835416591,0.19739270101981354,0.19739270101981354
2022-10-19 18:00:00,2022,10,19,18,3.2078828402743267,3.0941729952302466,0.1137098450440801,0.1137098450440801
2022-10-20 00:00:00,2022,10,20,0,2.096485417827053,2.1301861653363954,-0.03370074750934249,0.03370074750934249
2022-10-20 06:00:00,2022,10,20,6,3.211033141816778,3.268410494817504,-0.05737735300072622,0.05737735300072622
2022-10-20 12:00:00,2022,10,20,12,4.945540285877773,4.856021945120954,0.08951834075681919,0.08951834075681919
2022-10-20 18:00:00,2022,10,20,18,3.2920301289468914,3.127584702072198,0.16444542687469355,0.16444542687469355
2022-10-21 00:00:00,2022,10,21,0,2.1920733683118456,2.151635500462678,0.040437867849167475,0.040437867849167475
2022-10-21 06:00:00,2022,10,21,6,2.808261194009652,2.9095062779847374,-0.10124508397508558,0.10124508397508558
2022-10-21 12:00:00,2022,10,21,12,5.40730048696722,4.955480652724203,0.4518198342430164,0.4518198342430164
2022-10-21 18:00:00,2022,10,21,18,2.529314984482686,2.8321823762224883,-0.30286739173980237,0.30286739173980237
2022-10-22 00:00:00,2022,10,22,0,2.4197134248011314,2.433336488255153,-0.013623063454021533,0.013623063454021533
2022-10-22 06:00:00,2022,10,22,6,2.91111472476871,2.9644817719027037,-0.05336704713399376,0.05336704713399376
2022-10-22 12:00:00,2022,10,22,12,5.197925812111366,5.270592552087828,-0.07266673997646134,0.07266673997646134
2022-10-22 18:00:00,2022,10,22,18,2.7478140765646777,2.8353510547533998,-0.08753697818872208,0.08753697818872208
2022-10-23 00:00:00,2022,10,23,0,2.203743188013481,2.3946012195509168,-0.19085803153743575,0.19085803153743575
2022-10-23 06:00:00,2022,10,23,6,2.7921295391728824,2.696236928673017,0.09589261049986542,0.09589261049986542
2022-10-23 12:00:00,2022,10,23,12,5.004671804871161,4.621106891630167,0.38356491324099373,0.38356491324099373
2022-10-23 18:00:00,2022,10,23,18,3.4486928594270387,3.427482915463492,0.021209943963546696,0.021209943963546696
2022-10-24 00:00:00,2022,10,24,0,2.406973654167281,2.2645677779636006,0.1424058762036804,0.1424058762036804
2022-10-24 06:00:00,2022,10,24,6,3.394341860594389,3.2556859036771177,0.13865595691727117,0.13865595691727117
2022-10-24 12:00:00,2022,10,24,12,5.5415992338902775,5.07298288463456,0.4686163492557176,0.4686163492557176
2022-10-24 18:00:00,2022,10,24,18,2.9937627759625927,2.9610501707162906,0.03271260524630204,0.03271260524630204
2022-10-25 00:00:00,2022,10,25,0,2.352140087702429,2.6467770214567894,-0.2946369337543602,0.2946369337543602
2022-10-25 06:00:00,2022,10,25,6,2.9128446561364387,2.8523926341896613,0.06045202194677746,0.06045202194677746
2022-10-25 12:00:00,2022,10,25,12,5.022700544117614,4.961703887378411,0.06099665673920285,0.06099665673920285
2022-10-25 18:00:00,2022,10,25,18,3.347849149724301,3.0663510730939034,0.2814980766303976,0.2814980766303976
2022-10-26 00:00:00,2022,10,26,0,2.846801862119121,2.40757429555908,0.4392275665600409,0.4392275665600409
2022-10-26 06:00:00,2022,10,26,6,2.7047923994220198,2.735565662082812,-0.030773262660792167,0.030773262660792167
2022-10-26 12:00:00,2022,10,26,12,5.158026724627041,5.061628451229325,0.09639827339771578,0.09639827339771578
2022-10-26 18:00:00,2022,10,26,18,2.4388777310961034,2.67910257758549,-0.24022484648938658,0.24022484648938658
2022-10-27 00:00:00,2022,10,27,0,2.1872670365360958,2.260828990704511,-0.07356195416841516,0.07356195416841516
2022-10-27 06:00:00,2022,10,27,6,2.408126081423724,2.3348917199423154,0.0732343614814086,0.0732343614814086
2022-10-27 12:00:00,2022,10,27,12,4.602661630916392,4.635784173964811,-0.03312254304841833,0.03312254304841833
2022-10-27 18:00:00,2022,10,27,18,2.7717741547776407,2.787018531619913,-0.015244376842272533,0.015244376842272533
2022-10-28 00:00:00,2022,10,28,0,1.721745236003542,1.7160449129270545,0.005700323076487379,0.005700323076487379
2022-10-28 06:00:00,2022,10,28,6,2.749620099106184,2.801062470176591,-0.051442371070407056,0.051442371070407056
2022-10-28 12:00:00,2022,10,28,12,4.82744464723364,4.801610155908036,0.025834491325603892,0.025834491325603892
2022-10-28 18:00:00,2022,10,28,18,2.973041949537019,2.954649081902902,0.01839286763411696,0.01839286763411696
2022-10-29 00:00:00,2022,10,29,0,1.987866593979604,1.829374480642146,0.15849211333745816,0.15849211333745816
2022-10-29 06:00:00,2022,10,29,6,2.533189273030265,2.345153211399507,0.18803606163075814,0.18803606163075814
2022-10-29 12:00:00,2022,10,29,12,5.087181535612807,4.927383100604934,0.15979843500787272,0.15979843500787272
2022-10-29 18:00:00,2022,10,29,18,2.8969596900539303,2.9050422336137385,-0.008082543559808197,0.008082543559808197
2022-10-30 00:00:00,2022,10,30,0,2.378367435566335,2.3436675008515713,0.034699934714763625,0.034699934714763625
2022-10-30 06:00:00,2022,10,30,6,2.827119087843699,2.505015555487158,0.3221035323565413,0.3221035323565413
2022-10-30 12:00:00,2022,10,30,12,4.466189236059377,4.5877139266015625,-0.12152469054218518,0.12152469054218518
2022-10-30 18:00:00,2022,10,30,18,2.900166743720405,3.048927355141106,-0.14876061142070096,0.14876061142070096
2022-10-31 00:00:00,2022,10,31,0,2.020157424017896,1.9787967806914364,0.04136064332645972,0.04136064332645972
2022-10-31 06:00:00,2022,10,31,6,2.7191748053576656,2.808628329661879,-0.08945352430421316,0.08945352430421316
2022-10-31 12:00:00,2022,10,31,12,5.5418814790817805,5.281050904154234,0.2608305749275468,0.2608305749275468
2022-10-31 18:00:00,2022,10,31,18,2.3428720195370984,2.338018015766075,0.004854003771023407,0.004854003771023407
2022-11-01 00:00:00,2022,11,1,0,1.753829739936121,1.766359008858505,-0.012529268922384151,0.012529268922384151
2022-11-01 06:00:00,2022,11,1,6,3.039368900474089,2.999118830216551,0.04025007025753835,0.04025007025753835
2022-11-01 12:00:00,2022,11,1,12,4.213780437010623,4.3215587167453835,-0.1077782797347604,0.1077782797347604
2022-11-01 18:00:00,2022,11,1,18,2.4752563293299974,2.5052564889132225,-0.030000159583225106,0.030000159583225106
2022-11-02 00:00:00,2022,11,2,0,1.643868611974292,1.8013514607324848,-0.15748284875819274,0.15748284875819274
2022-11-02 06:00:00,2022,11,2,6,2.7849014935856395,2.7768061434138147,0.008095350171824833,0.008095350171824833
2022-11-02 12:00:00,2022,11,2,12,4.410699915890398,4.361652017644519,0.049047898245879296,0.049047898245879296
2022-11-02 18:00:00,2022,11,2,18,2.87850903006214,2.9721728169440733,-0.09366378688193322,0.09366378688193322
2022-11-03 00:00:00,2022,11,3,0,2.4463857477075286,2.0599860020999885,0.3863997456075401,0.3863997456075401
2022-11-03 06:00:00,2022,11,3,6,2.317773244899526,2.409664664476797,-0.0918914195772711,0.0918914195772711
2022-11-03 12:00:00,2022,11,3,12,4.817351768944311,4.681712552340342,0.13563921660396971,0.13563921660396971
2022-11-03 18:00:00,2022,11,3,18,2.5318812277884204,2.6784082812840615,-0.1465270534956411,0.1465270534956411
2022-11-04 00:00:00,2022,11,4,0,2.2677614081045965,2.2300824731198,0.03767893498479635,0.03767893498479635
2022-11-04 06:00:00,2022,11,4,6,2.3272219224925976,2.3450862148804448,-0.017864292387847147,0.017864292387847147
2022-11-04 12:00:00,2022,11,4,12,4.534263144041491,4.208961414559699,0.3253017294817919,0.3253017294817919
2022-11-04 18:00:00,2022,11,4,18,2.725575931463069,2.6030558507680723,0.12252008069499665,0.12252008069499665
2022-11-05 00:00:00,2022,11,5,0,1.4638514584608786,1.4368432568666418,0.02700820159423678,0.02700820159423678
2022-11-05 06:00:00,2022,11,5,6,2.5665579538671914,2.4829033357548935,0.08365461811229791,0.08365461811229791
2022-11-05 12:00:00,2022,11,5,12,4.461016737563705,4.54546122180437,-0.08444448424066486,0.08444448424066486
2022-11-05 18:00:00,2022,11,5,18,2.256367404654332,2.482549319865353,-0.22618191521102116,0.22618191521102116
2022-11-06 00:00:00,2022,11,6,0,1.4450316011631157,1.6056835426172356,-0.16065194145411987,0.16065194145411987
2022-11-06 06:00:00,2022,11,6,6,2.285781028565087,2.2435275277518554,0.042253500813231426,0.042253500813231426
2022-11-06 12:00:00,2022,11,6,12,4.099412967208275,4.266584789744396,-0.16717182253612073,0.16717182253612073
2022-11-06 18:00:00,2022,11,6,18,2.4516472098675166,2.2927926083914274,0.1588546014760892,0.1588546014760892
2022-11-07 00:00:00,2022,11,7,0,1.9937421804322497,2.01194984028395,-0.018207659851700253,0.018207659851700253
2022-11-07 06:00:00,2022,11,7,6,2.318860763879803,2.322586338938422,-0.003725575058619146,0.003725575058619146
2022-11-07 12:00:00,2022,11,7,12,4.75034287911227,4.507057096854266,0.24328578225800435,0.24328578225800435
2022-11-07 18:00:00,2022,11,7,18,2.1055885790782543,2.2675891215415644,-0.1620005424633102,0.1620005424633102
2022-11-08 00:00:00,2022,11,8,0,1.96319556368429,1.996715431292547,-0.03351986760825709,0.03351986760825709
2022-11-08 06:00:00,2022,11,8,6,2.331866443167552,2.2770525303021745,0.054813912865377734,0.054813912865377734
2022-11-08 12:00:00,2022,11,8,12,4.688741759949063,4.572969946082114,0.11577181386694946,0.11577181386694946
2022-11-08 18:00:00,2022,11,8,18,2.268612023885788,2.0054354352658064,0.2631765886199817,0.2631765886199817
2022-11-09 00:00:00,2022,11,9,0,1.8272915509288548,1.9815318626431704,-0.15424031171431563,0.15424031171431563
2022-11-09 06:00:00,2022,11,9,6,2.4626867224870077,2.5212546569393397,-0.05856793445233199,0.05856793445233199
2022-11-09 12:00:00,2022,11,9,12,4.20731502865585,4.165218855047194,0.04209617360865536,0.04209617360865536
2022-11-09 18:00:00,2022,11,9,18,2.3490170770779617,2.6530142965569183,-0.30399721947895664,0.30399721947895664
2022-11-10 00:00:00,2022,11,10,0,1.964605202257512,1.8417254952636732,0.12287970699383877,0.12287970699383877
2022-11-10 06:00:00,2022,11,10,6,2.2284458125984594,2.04256008930624,0.1858857232922193,0.1858857232922193
2022-11-10 12:00:00,2022,11,10,12,4.176002613283634,4.200083462031699,-0.024080848748065264,0.024080848748065264
2022-11-10 18:00:00,2022,11,10,18,2.3927447215099886,2.464048006503786,-0.07130328499379734,0.07130328499379734
2022-11-11 00:00:00,2022,11,11,0,2.1307656723588533,2.424672010573386,-0.2939063382145326,0.2939063382145326
2022-11-11 06:00:00,2022,11,11,6,2.1124539819037844,2.1229532129092483,-0.010499231005463905,0.010499231005463905
2022-11-11 12:00:00,2022,11,11,12,4.536999730251228,4.351752220238868,0.18524751001235984,0.18524751001235984
2022-11-11 18:00:00,2022,11,11,18,2.260138627984202,2.1835227826991153,0.07661584528508669,0.07661584528508669
2022-11-12 00:00:00,2022,11,12,0,1.7122065582524348,1.8919852554884524,-0.17977869723601758,0.17977869723601758
2022-11-12 06:00:00,2022,11,12,6,2.7381577317492134,2.3998697147651047,0.3382880169841087,0.3382880169841087
2022-11-12 12:00:00,2022,11,12,12,4.602601612731029,4.479447538811852,0.12315407391917699,0.12315407391917699
2022-11-12 18:00:00,2022,11,12,18,2.7638471279760863,2.300095725380323,0.4637514025957632,0.4637514025957632
2022-11-13 00:00:00,2022,11,13,0,1.6064733791970474,1.8608207776907106,-0.2543473984936633,0.2543473984936633
2022-11-13 06:00:00,2022,11,13,6,2.2369252223023834,2.152611902797626,0.08431331950475762,0.08431331950475762
2022-11-13 12:00:00,2022,11,13,12,4.21157566287949,4.206542478530013,0.005033184349477082,0.005033184349477082
2022-11-13 18:00:00,2022,11,13,18,2.5504332065112214,2.5993516624585538,-0.04891845594733235,0.04891845594733235
2022-11-14 00:00:00,2022,11,14,0,1.492873139287366,1.6424985471342064,-0.14962540784684042,0.14962540784684042
2022-11-14 06:00:00,2022,11,14,6,2.105387817365429,2.0667081865321775,0.038679630833251544,0.038679630833251544
2022-11-14 12:00:00,2022,11,14,12,3.7943219886277775,4.080811533097228,-0.28648954446945085,0.28648954446945085
2022-11-14 18:00:00,2022,11,14,18,1.9213660927593517,2.188919307199348,-0.26755321443999636,0.26755321443999636
2022-11-15 00:00:00,2022,11,15,0,1.7728503010886367,1.8567849855112957,-0.08393468442265895,0.08393468442265895
2022-11-15 06:00:00,2022,11,15,6,2.3395168721349195,2.1573281725931412,0.1821886995417783,0.1821886995417783
2022-11-15 12:00:00,2022,11,15,12,4.219503150126358,4.193584356735221,0.025918793391136674,0.025918793391136674
2022-11-15 18:00:00,2022,11,15,18,2.49617600045105,2.245097324254855,0.25107867619619517,0.25107867619619517
2022-11-16 00:00:00,2022,11,16,0,1.256049272217909,1.380976060436698,-0.124926788218789,0.124926788218789
2022-11-16 06:00:00,2022,11,16,6,2.2242796609500517,1.9945231248383823,0.22975653611166935,0.22975653611166935
2022-11-16 12:00:00,2022,11,16,12,3.912221095154099,3.838758554795894,0.07346254035820499,0.07346254035820499
2022-11-16 18:00:00,2022,11,16,18,2.0339998826726178,2.210385587681825,-0.17638570500920725,0.17638570500920725
2022-11-17 00:00:00,2022,11,17,0,1.5141443016499316,1.431803710688235,0.08234059096169655,0.08234059096169655
2022-11-17 06:00:00,2022,11,17,6,1.88146836369493,1.9938991126411532,-0.11243074894622307,0.11243074894622307
2022-11-17 12:00:00,2022,11,17,12,4.183555278605611,4.056936192613481,0.12661908599212968,0.12661908599212968
2022-11-17 18:00:00,2022,11,17,18,2.0768755259030933,2.2823158844295675,-0.20544035852647413,0.20544035852647413
2022-11-18 00:00:00,2022,11,18,0,1.601028789383962,1.6165097016436099,-0.015480912259647761,0.015480912259647761
2022-11-18 06:00:00,2022,11,18,6,2.4265084259003675,2.161359128203322,0.2651492976970453,0.2651492976970453
2022-11-18 12:00:00,2022,11,18,12,4.382918537646355,4.361948912990499,0.020969624655855945,0.020969624655855945
2022-11-18 18:00:00,2022,11,18,18,2.0904438819526345,2.141161135110989,-0.0507172531583544,0.0507172531583544
2022-11-19 00:00:00,2022,11,19,0,1.215103927686281,1.6076587067145165,-0.39255477902823555,0.39255477902823555
2022-11-19 06:00:00,2022,11,19,6,2.020504888663633,2.003667313492493,0.016837575171140262,0.016837575171140262
2022-11-19 12:00:00,2022,11,19,12,3.8602348873712695,4.095224514176825,-0.23498962680555513,0.23498962680555513
2022-11-19 18:00:00,2022,11,19,18,2.284182836458326,2.1842773396446398,0.09990549681368632,0.09990549681368632
2022-11-20 00:00:00,2022,11,20,0,1.7457328739437956,1.6705190086365247,0.07521386530727092,0.07521386530727092
2022-11-20 06:00:00,2022,11,20,6,2.01051726731175,1.8989766848114202,0.11154058250032994,0.11154058250032994
2022-11-20 12:00:00,2022,11,20,12,3.76286996845988,3.7039170041369887,0.05895296432289143,0.05895296432289143
2022-11-20 18:00:00,2022,11,20,18,2.219693889350593,2.0909767106755406,0.1287171786750525,0.1287171786750525
2022-11-21 00:00:00,2022,11,21,0,1.8032582184078028,1.7361311819760366,0.06712703643176621,0.06712703643176621
2022-11-21 06:00:00,2022,11,21,6,1.8079923763657009,2.0394358365560477,-0.23144346019034678,0.23144346019034678
2022-11-21 12:00:00,2022,11,21,12,4.169732467708267,4.071436696047326,0.09829577166094161,0.09829577166094161
2022-11-21 18:00:00,2022,11,21,18,2.16640853878574,2.1035884395729116,0.0628200992128285,0.0628200992128285
2022-11-22 00:00:00,2022,11,22,0,2.0786613912140206,2.139863722426641,-0.0612023312126202,0.0612023312126202
2022-11-22 06:00:00,2022,11,22,6,2.11275833653252,2.3302237045231355,-0.21746536799061555,0.21746536799061555
2022-11-22 12:00:00,2022,11,22,12,4.255448598827448,4.1492407094600425,0.10620788936740588,0.10620788936740588
2022-11-22 18:00:00,2022,11,22,18,1.8035918631733985,1.8962717475789286,-0.0926798844055301,0.0926798844055301
2022-11-23 00:00:00,2022,11,23,0,1.8585945467775111,1.7730162964830956,0.08557825029441557,0.08557825029441557
2022-11-23 06:00:00,2022,11,23,6,1.6365862669234856,1.8158526375065116,-0.17926637058302597,0.17926637058302597
2022-11-23 12:00:00,2022,11,23,12,4.068370311235393,4.072893398443642,-0.004523087208249343,0.004523087208249343
2022-11-23 18:00:00,2022,11,23,18,1.7400766783044754,1.7189556280157123,0.0211210502887631,0.0211210502887631
2022-11-24 00:00:00,2022,11,24,0,2.00324053024966,1.9197459009050697,0.0834946293445904,0.0834946293445904
2022-11-24 06:00:00,2022,11,24,6,2.175961538497441,1.9070387161318505,0.2689228223655904,0.2689228223655904
2022-11-24 12:00:00,2022,11,24,12,3.975833147735453,3.6214834992849916,0.35434964845046135,0.35434964845046135
2022-11-24 18:00:00,2022,11,24,18,1.9430796481379065,2.1696296693246584,-0.22655002118675194,0.22655002118675194
2022-11-25 00:00:00,2022,11,25,0,1.634429344755599,1.6944502292397339,-0.060020884484134784,0.060020884484134784
2022-11-25 06:00:00,2022,11,25,6,1.915202623406821,1.7861286765179718,0.1290739468888491,0.1290739468888491
2022-11-25 12:00:00,2022,11,25,12,3.994776941327435,3.9957858877255785,-0.0010089463981435287,0.0010089463981435287
2022-11-25 18:00:00,2022,11,25,18,2.29767781159387,2.115667549338829,0.18201026225504124,0.18201026225504124
2022-11-26 00:00:00,2022,11,26,0,1.5951176030066507,1.6283632967975972,-0.03324569379094644,0.03324569379094644
2022-11-26 06:00:00,2022,11,26,6,2.331870343094136,2.160232637879277,0.171637705214859,0.171637705214859
2022-11-26 12:00:00,2022,11,26,12,3.7417280494600793,3.3593534306095285,0.3823746188505508,0.3823746188505508
2022-11-26 18:00:00,2022,11,26,18,2.1933078530383563,2.0429272004052508,0.15038065263310552,0.15038065263310552
2022-11-27 00:00:00,2022,11,27,0,1.7946830296483245,1.810160287568944,-0.015477257920619492,0.015477257920619492
2022-11-27 06:00:00,2022,11,27,6,1.9059243446912613,2.014964173741835,-0.10903982905057386,0.10903982905057386
2022-11-27 12:00:00,2022,11,27,12,3.439911840187152,3.608229655279873,-0.16831781509272137,0.16831781509272137
2022-11-27 18:00:00,2022,11,27,18,2.4583120167398302,2.419246302486373,0.03906571425345717,0.03906571425345717
2022-11-28 00:00:00,2022,11,28,0,1.7723758894157409,1.7102431822008388,0.06213270721490205,0.06213270721490205
2022-11-28 06:00:00,2022,11,28,6,1.970809138444827,2.0325829267720232,-0.061773788327196266,0.061773788327196266
2022-11-28 12:00:00,2022,11,28,12,4.628116381417765,4.391474814296362,0.23664156712140283,0.23664156712140283
2022-11-28 18:00:00,2022,11,28,18,2.302359423254956,2.0823139803641686,0.22004544289078742,0.22004544289078742
2022-11-29 00:00:00,2022,11,29,0,1.5347648578934925,1.5637479294285737,-0.028983071535081173,0.028983071535081173
2022-11-29 06:00:00,2022,11,29,6,1.6337593298362234,1.6837139443547986,-0.04995461451857519,0.04995461451857519
2022-11-29 12:00:00,2022,11,29,12,3.503521084281471,3.5237375329780853,-0.020216448696614542,0.020216448696614542
2022-11-29 18:00:00,2022,11,29,18,1.957032288059436,1.8453535727577326,0.11167871530170337,0.11167871530170337
2022-11-30 00:00:00,2022,11,30,0,1.5876939403638606,1.6350833871021375,-0.04738944673827694,0.04738944673827694
2022-11-30 06:00:00,2022,11,30,6,1.6544077901051075,1.8032499378439313,-0.14884214773882376,0.14884214773882376
2022-11-30 12:00:00,2022,11,30,12,3.396475184995237,3.491711776315624,-0.09523659132038675,0.09523659132038675
2022-11-30 18:00:00,2022,11,30,18,2.230330050045925,2.07971980602751,0.15061024401841516,0.15061024401841516
2022-12-01 00:00:00,2022,12,1,0,1.492564214077756,1.6756000650748255,-0.18303585099706954,0.18303585099706954
2022-12-01 06:00:00,2022,12,1,6,2.1822847874234004,2.2173325422397343,-0.03504775481633393,0.03504775481633393
2022-12-01 12:00:00,2022,12,1,12,3.433666338485243,3.4320053541878988,0.0016609842973442923,0.0016609842973442923
2022-12-01 18:00:00,2022,12,1,18,1.621127984475781,1.7373248444957017,-0.11619686001992058,0.11619686001992058
2022-12-02 00:00:00,2022,12,2,0,1.553539513329628,1.5915763710200064,-0.038036857690378456,0.038036857690378456
2022-12-02 06:00:00,2022,12,2,6,2.421350791727586,2.182029700158301,0.23932109156928494,0.23932109156928494
2022-12-02 12:00:00,2022,12,2,12,4.119325985864521,3.906149034902084,0.2131769509624366,0.2131769509624366
2022-12-02 18:00:00,2022,12,2,18,1.8718574725487191,1.9555413108353477,-0.08368383828662851,0.08368383828662851
2022-12-03 00:00:00,2022,12,3,0,1.8261638682220729,1.6783430139523683,0.1478208542697046,0.1478208542697046
2022-12-03 06:00:00,2022,12,3,6,1.9837118100997084,1.9456451510405788,0.03806665905912965,0.03806665905912965
2022-12-03 12:00:00,2022,12,3,12,3.478929750794023,3.4225554107015155,0.05637434009250741,0.05637434009250741
2022-12-03 18:00:00,2022,12,3,18,1.8797443961113205,1.8820143684055515,-0.002269972294230982,0.002269972294230982
2022-12-04 00:00:00,2022,12,4,0,1.9012366296129213,1.8784871089457018,0.02274952066721947,0.02274952066721947
2022-12-04 06:00:00,2022,12,4,6,1.605651699425386,1.5627906774215041,0.042861022003881866,0.042861022003881866
2022-12-04 12:00:00,2022,12,4,12,3.555461522713085,3.5909341699279556,-0.035472647214870534,0.035472647214870534
2022-12-04 18:00:00,2022,12,4,18,1.636714847948513,1.5405429220928046,0.09617192585570833,0.09617192585570833
2022-12-05 00:00:00,2022,12,5,0,2.066282734315638,1.7645262597949818,0.301756474520656,0.301756474520656
2022-12-05 06:00:00,2022,12,5,6,1.814819705836256,1.8208152613860313,-0.005995555549775267,0.005995555549775267
2022-12-05 12:00:00,2022,12,5,12,3.539848131925156,3.522208526298755,0.01763960562640099,0.01763960562640099
2022-12-05 18:00:00,2022,12,5,18,1.9731421586197568,2.007125270876026,-0.033983112256269044,0.033983112256269044
2022-12-06 00:00:00,2022,12,6,0,1.2935724708473513,1.2814850683302608,0.012087402517090506,0.012087402517090506
2022-12-06 06:00:00,2022,12,6,6,2.006409590130783,1.767030126233059,0.23937946389772402,0.23937946389772402
2022-12-06 12:00:00,2022,12,6,12,3.844335671927408,3.3218849654798848,0.5224507064475232,0.5224507064475232
2022-12-06 18:00:00,2022,12,6,18,1.5843321990860826,1.75626318422166,-0.17193098513557747,0.17193098513557747
2022-12-07 00:00:00,2022,12,7,0,1.914338954916109,1.8331064640714192,0.08123249084468975,0.08123249084468975
2022-12-07 06:00:00,2022,12,7,6,2.056915646638745,1.9922896278299924,0.0646260188087524,0.0646260188087524
2022-12-07 12:00:00,2022,12,7,12,3.6636565793058073,3.609301837640043,0.05435474166576437,0.05435474166576437
2022-12-07 18:00:00,2022,12,7,18,2.005192141773744,1.891876178710664,0.11331596306308,0.11331596306308
2022-12-08 00:00:00,2022,12,8,0,1.4494672236843906,1.9545684055060168,-0.5051011818216262,0.5051011818216262
2022-12-08 06:00:00,2022,12,8,6,1.398737069229436,1.572274366408088,-0.17353729717865196,0.17353729717865196
2022-12-08 12:00:00,2022,12,8,12,3.3574341134674595,3.5958574762654285,-0.23842336279796905,0.23842336279796905
2022-12-08 18:00:00,2022,12,8,18,1.5367518295781175,1.7594316676223174,-0.22267983804419988,0.22267983804419988
2022-12-09 00:00:00,2022,12,9,0,1.9957055439099625,1.7888854787753863,0.20682006513457618,0.20682006513457618
2022-12-09 06:00:00,2022,12,9,6,1.530686712799484,1.48924470408622,0.04144200871326409,0.04144200871326409
2022-12-09 12:00:00,2022,12,9,12,3.031474382833284,3.2733449598312547,-0.24187057699797077,0.24187057699797077
2022-12-09 18:00:00,2022,12,9,18,2.1551018476654984,1.9777662081880794,0.17733563947741904,0.17733563947741904
2022-12-10 00:00:00,2022,12,10,0,1.375907061752142,1.3682196148312644,0.007687446920877639,0.007687446920877639
2022-12-10 06:00:00,2022,12,10,6,1.8638310471057755,1.6265667212420045,0.237264325863771,0.237264325863771
2022-12-10 12:00:00,2022,12,10,12,3.231246955313478,3.2274894042209743,0.0037575510925038635,0.0037575510925038635
2022-12-10 18:00:00,2022,12,10,18,2.2861178880340067,2.425162379113962,-0.1390444910799551,0.1390444910799551
2022-12-11 00:00:00,2022,12,11,0,1.6621254542548265,1.6633066621802273,-0.0011812079254007735,0.0011812079254007735
2022-12-11 06:00:00,2022,12,11,6,2.4691282695826984,2.5337169658521246,-0.0645886962694262,0.0645886962694262
2022-12-11 12:00:00,2022,12,11,12,3.370874641861054,3.6385949565950004,-0.26772031473394664,0.26772031473394664
2022-12-11 18:00:00,2022,12,11,18,1.5477431575851326,1.5444702240871409,0.003272933497991737,0.003272933497991737
2022-12-12 00:00:00,2022,12,12,0,1.8168408219062624,1.749828647805413,0.06701217410084936,0.06701217410084936
2022-12-12 06:00:00,2022,12,12,6,1.2700388174020825,1.4059685730992517,-0.13592975569716925,0.13592975569716925
2022-12-12 12:00:00,2022,12,12,12,3.4172067481577293,3.377198287052958,0.040008461104771076,0.040008461104771076
2022-12-12 18:00:00,2022,12,12,18,1.877858583610283,1.8456653555510765,0.03219322805920655,0.03219322805920655
2022-12-13 00:00:00,2022,12,13,0,1.444562359763948,1.501109267548345,-0.05654690778439697,0.05654690778439697
2022-12-13 06:00:00,2022,12,13,6,1.8379690654645324,1.6722486024635748,0.16572046300095766,0.16572046300095766
2022-12-13 12:00:00,2022,12,13,12,3.794287781518056,3.7229030064150552,0.07138477510300056,0.07138477510300056
2022-12-13 18:00:00,2022,12,13,18,1.8231099713966676,1.8488996599974896,-0.02578968860082198,0.02578968860082198
2022-12-14 00:00:00,2022,12,14,0,1.8626013227728335,1.910667379012987,-0.04806605624015359,0.04806605624015359
2022-12-14 06:00:00,2022,12,14,6,1.3536843860555572,1.6532142231801177,-0.2995298371245605,0.2995298371245605
2022-12-14 12:00:00,2022,12,14,12,2.861382782609026,2.8780670078871267,-0.01668422527810076,0.01668422527810076
2022-12-14 18:00:00,2022,12,14,18,1.2954775440582251,1.4983437592236337,-0.2028662151654086,0.2028662151654086
2022-12-15 00:00:00,2022,12,15,0,1.7695072987229068,1.7842384063867107,-0.014731107663803922,0.014731107663803922
2022-12-15 06:00:00,2022,12,15,6,1.693177449405596,1.6710879672900165,0.022089482115579484,0.022089482115579484
2022-12-15 12:00:00,2022,12,15,12,3.31726579070868,3.257543870907697,0.05972191980098307,0.05972191980098307
2022-12-15 18:00:00,2022,12,15,18,1.4130900732247065,1.565863818561631,-0.15277374533692445,0.15277374533692445
2022-12-16 00:00:00,2022,12,16,0,1.465825846514187,1.502388979764567,-0.036563133250380186,0.036563133250380186
2022-12-16 06:00:00,2022,12,16,6,1.2091602329190383,1.5473181874140154,-0.3381579544949771,0.3381579544949771
2022-12-16 12:00:00,2022,12,16,12,3.6687899204813226,3.498381472545667,0.1704084479356558,0.1704084479356558
2022-12-16 18:00:00,2022,12,16,18,1.568741773760978,1.7079582578756403,-0.13921648411466236,0.13921648411466236
2022-12-17 00:00:00,2022,12,17,0,1.3840882478177472,1.359908230814675,0.024180017003072152,0.024180017003072152
2022-12-17 06:00:00,2022,12,17,6,1.638861384239382,1.659225096761733,-0.02036371252235103,0.02036371252235103
2022-12-17 12:00:00,2022,12,17,12,2.798199224722011,2.993397373726267,-0.19519814900425603,0.19519814900425603
2022-12-17 18:00:00,2022,12,17,18,1.850636458035716,1.8992382667969063,-0.04860180876119036,0.04860180876119036
2022-12-18 00:00:00,2022,12,18,0,1.592650089293609,1.8967541588310777,-0.3041040695374686,0.3041040695374686
2022-12-18 06:00:00,2022,12,18,6,1.5735375860519418,1.6764845254317626,-0.1029469393798208,0.1029469393798208
2022-12-18 12:00:00,2022,12,18,12,2.99900901969258,3.36636966408226,-0.36736064438967997,0.36736064438967997
2022-12-18 18:00:00,2022,12,18,18,1.6442110010161437,1.5717953670499025,0.07241563396624118,0.07241563396624118
2022-12-19 00:00:00,2022,12,19,0,1.7644602423365614,1.6469652817824971,0.11749496055406428,0.11749496055406428
2022-12-19 06:00:00,2022,12,19,6,1.597758569483973,1.6297645156607938,-0.03200594617682073,0.03200594617682073
2022-12-19 12:00:00,2022,12,19,12,3.0865437938581426,3.1761726814181683,-0.08962888756002574,0.08962888756002574
2022-12-19 18:00:00,2022,12,19,18,1.898060181495976,1.876361747017389,0.021698434478587103,0.021698434478587103
2022-12-20 00:00:00,2022,12,20,0,1.573745404060179,1.6075173239939788,-0.0337719199337998,0.0337719199337998
2022-12-20 06:00:00,2022,12,20,6,1.5622658344773186,1.6535200445615863,-0.0912542100842677,0.0912542100842677
2022-12-20 12:00:00,2022,12,20,12,3.761116745592093,3.327063918034108,0.4340528275579847,0.4340528275579847
2022-12-20 18:00:00,2022,12,20,18,1.271205714467922,1.4131947187709164,-0.14198900430299433,0.14198900430299433
2022-12-21 00:00:00,2022,12,21,0,1.4914013930861094,1.474864905242665,0.016536487843444414,0.016536487843444414
2022-12-21 06:00:00,2022,12,21,6,1.758330670178384,1.5438477692696069,0.2144829009087772,0.2144829009087772
2022-12-21 12:00:00,2022,12,21,12,3.5413836828124228,3.45670428045101,0.08467940236141258,0.08467940236141258
2022-12-21 18:00:00,2022,12,21,18,1.94658839427984,1.870909488397648,0.07567890588219206,0.07567890588219206
2022-12-22 00:00:00,2022,12,22,0,1.757953874755459,1.7475030623341692,0.010450812421289868,0.010450812421289868
2022-12-22 06:00:00,2022,12,22,6,1.635584327819872,1.453994567393665,0.18158976042620711,0.18158976042620711
2022-12-22 12:00:00,2022,12,22,12,2.933653622453438,2.92416084440112,0.009492778052318407,0.009492778052318407
2022-12-22 18:00:00,2022,12,22,18,1.4877308602849142,1.4829690565033526,0.004761803781561547,0.004761803781561547
2022-12-23 00:00:00,2022,12,23,0,1.6625041900346735,1.4780564536235745,0.18444773641109902,0.18444773641109902
2022-12-23 06:00:00,2022,12,23,6,1.9907718604702744,1.8529339320616918,0.13783792840858267,0.13783792840858267
2022-12-23 12:00:00,2022,12,23,12,3.24763054779455,3.1263915399788846,0.12123900781566554,0.12123900781566554
2022-12-23 18:00:00,2022,12,23,18,1.5517316587337524,1.7480357934072872,-0.1963041346735348,0.1963041346735348
2022-12-24 00:00:00,2022,12,24,0,1.5142487265379363,1.4000055182672415,0.11424320827069478,0.11424320827069478
2022-12-24 06:00:00,2022,12,24,6,1.3757044427252982,1.5325980220677378,-0.15689357934243953,0.15689357934243953
2022-12-24 12:00:00,2022,12,24,12,3.4763441609121783,3.347471606025947,0.1288725548862315,0.1288725548862315
2022-12-24 18:00:00,2022,12,24,18,1.7162465536597151,1.5533570547443918,0.16288949891532334,0.16288949891532334
2022-12-25 00:00:00,2022,12,25,0,1.786670326843685,1.7316371687641998,0.05503315807948517,0.05503315807948517
2022-12-25 06:00:00,2022,12,25,6,1.6850042276648454,1.5736747192896436,0.11132950837520172,0.11132950837520172
2022-12-25 12:00:00,2022,12,25,12,3.2719949158836568,3.3146876256963225,-0.04269270981266571,0.04269270981266571
2022-12-25 18:00:00,2022,12,25,18,1.7639376504793596,1.6806965855811409,0.0832410648982187,0.0832410648982187
2022-12-26 00:00:00,2022,12,26,0,1.7211504908594424,1.5968194357405587,0.12433105511888365,0.12433105511888365
2022-12-26 06:00:00,2022,12,26,6,1.8076613292500872,1.4595553553823637,0.34810597386772346,0.34810597386772346
2022-12-26 12:00:00,2022,12,26,12,3.351070289674785,3.458539660748618,-0.10746937107383303,0.10746937107383303
2022-12-26 18:00:00,2022,12,26,18,1.679812862381988,1.7961259806147363,-0.11631311823274837,0.11631311823274837
2022-12-27 00:00:00,2022,12,27,0,1.681396740053458,1.8316154689193582,-0.15021872886590026,0.15021872886590026
2022-12-27 06:00:00,2022,12,27,6,1.508325762384844,1.5832478121328561,-0.07492204974801209,0.07492204974801209
2022-12-27 12:00:00,2022,12,27,12,3.018888061243313,2.9728258543231787,0.04606220692013441,0.04606220692013441
2022-12-27 18:00:00,2022,12,27,18,1.5115923767418695,1.5783934439141682,-0.06680106717229872,0.06680106717229872
2022-12-28 00:00:00,2022,12,28,0,1.0198442909368144,1.3267340611142726,-0.3068897701774582,0.3068897701774582
2022-12-28 06:00:00,2022,12,28,6,1.5885181277188525,1.7550679744616617,-0.16654984674280926,0.16654984674280926
2022-12-28 12:00:00,2022,12,28,12,3.046906703028928,3.1792883468536037,-0.13238164382467588,0.13238164382467588
2022-12-28 18:00:00,2022,12,28,18,2.7966915211802577,2.425906276976256,0.3707852442040016,0.3707852442040016
2022-12-29 00:00:00,2022,12,29,0,1.4305249251930678,1.4100526721482485,0.020472253044819366,0.020472253044819366
2022-12-29 06:00:00,2022,12,29,6,1.4283709718984814,1.4690984951144967,-0.04072752321601536,0.04072752321601536
2022-12-29 12:00:00,2022,12,29,12,2.8840607949589323,3.10029161853513,-0.21623082357619783,0.21623082357619783
2022-12-29 18:00:00,2022,12,29,18,1.664918371605297,1.5387218377934575,0.1261965338118396,0.1261965338118396
2022-12-30 00:00:00,2022,12,30,0,1.983366109078216,1.9260749647546167,0.057291144323599275,0.057291144323599275
2022-12-30 06:00:00,2022,12,30,6,1.583040381262148,1.7340688263722681,-0.15102844511012004,0.15102844511012004
2022-12-30 12:00:00,2022,12,30,12,3.159651709471213,3.2423720687460236,-0.08272035927481047,0.08272035927481047
2022-12-30 18:00:00,2022,12,30,18,1.570062198636764,1.8529379895403002,-0.2828757909035362,0.2828757909035362
2022-12-31 00:00:00,2022,12,31,0,1.6794240433196446,1.5863153363535596,0.09310870696608498,0.09310870696608498
2022-12-31 06:00:00,2022,12,31,6,1.4622352448988916,1.607093723664819,-0.1448584787659275,0.1448584787659275
2022-12-31 12:00:00,2022,12,31,12,3.5864465223069275,3.3035418203979203,0.2829047019090072,0.2829047019090072
2022-12-31 18:00:00,2022,12,31,18,1.3746498512026146,1.625281388212302,-0.25063153700968743,0.25063153700968743
2022-01-01 00:00:00,2022,1,1,0,2.5611594550453254,2.6604482272298307,-0.09928877218450527,0.09928877218450527
2022-01-01 06:00:00,2022,1,1,6,3.056292758707219,3.0084608009820597,0.047831957725159135,0.047831957725159135
2022-01-01 12:00:00,2022,1,1,12,4.82788230346041,4.8576986888135325,-0.029816385353122143,0.029816385353122143
2022-01-01 18:00:00,2022,1,1,18,3.2207620609374312,3.0705973335803094,0.15016472735712183,0.15016472735712183
2022-01-02 00:00:00,2022,1,2,0,2.768606775617618,2.578753361173656,0.18985341444396164,0.18985341444396164
2022-01-02 06:00:00,2022,1,2,6,2.914321970455325,2.8094804458266784,0.10484152462864671,0.10484152462864671
2022-01-02 12:00:00,2022,1,2,12,5.098967597592034,4.941033037571003,0.15793456002103046,0.15793456002103046
2022-01-02 18:00:00,2022,1,2,18,2.538308237890812,2.794535265969115,-0.2562270280783028,0.2562270280783028
2022-01-03 00:00:00,2022,1,3,0,2.8532408413503174,2.780972863849489,0.07226797750082836,0.07226797750082836
2022-01-03 06:00:00,2022,1,3,6,2.8013313932178368,2.7992469191112836,0.0020844741065531025,0.0020844741065531025
2022-01-03 12:00:00,2022,1,3,12,5.349700836551427,4.85901114773611,0.4906896888153165,0.4906896888153165
2022-01-03 18:00:00,2022,1,3,18,3.0215056500862123,3.0711825814772418,-0.049676931391029466,0.049676931391029466
2022-01-04 00:00:00,2022,1,4,0,2.337488062657417,2.442784021063473,-0.10529595840605577,0.10529595840605577
2022-01-04 06:00:00,2022,1,4,6,2.7557519998546227,2.9297456178346826,-0.17399361798005986,0.17399361798005986
2022-01-04 12:00:00,2022,1,4,12,4.40928470483296,4.837909170675543,-0.4286244658425824,0.4286244658425824
2022-01-04 18:00:00,2022,1,4,18,3.1797705876264035,3.068010317870595,0.11176026975580866,0.11176026975580866
2022-01-05 00:00:00,2022,1,5,0,2.587058758306284,2.6010808933193545,-0.014022135013070702,0.014022135013070702
2022-01-05 06:00:00,2022,1,5,6,2.755744189674924,2.8264116521332125,-0.07066746245828837,0.07066746245828837
2022-01-05 12:00:00,2022,1,5,12,4.460918138241974,4.707130984585343,-0.24621284634336948,0.24621284634336948
2022-01-05 18:00:00,2022,1,5,18,3.03557690784419,2.873440145594035,0.16213676225015483,0.16213676225015483
2022-01-06 00:00:00,2022,1,6,0,2.0265031368363897,2.5258865492353784,-0.49938341239898865,0.49938341239898865
2022-01-06 06:00:00,2022,1,6,6,2.9504899649124017,3.102385052173251,-0.15189508726084933,0.15189508726084933
2022-01-06 12:00:00,2022,1,6,12,5.307239224668516,4.897239933511883,0.40999929115663303,0.40999929115663303
2022-01-06 18:00:00,2022,1,6,18,2.9534663825884726,2.870214671459175,0.08325171112929741,0.08325171112929741
2022-01-07 00:00:00,2022,1,7,0,2.612662169884004,2.594116738345679,0.018545431538325108,0.018545431538325108
2022-01-07 06:00:00,2022,1,7,6,2.929967149078631,2.882399663449397,0.047567485629234074,0.047567485629234074
2022-01-07 12:00:00,2022,1,7,12,4.807775561943759,4.957996388363086,-0.15022082641932677,0.15022082641932677
2022-01-07 18:00:00,2022,1,7,18,2.7878839441174805,2.9240229031120117,-0.1361389589945312,0.1361389589945312
2022-01-08 00:00:00,2022,1,8,0,2.631578351510888,2.5725551113661522,0.05902324014473592,0.05902324014473592
2022-01-08 06:00:00,2022,1,8,6,3.358306200959705,3.2177614911854393,0.1405447097742658,0.1405447097742658
2022-01-08 12:00:00,2022,1,8,12,4.58511429382789,4.471426598697572,0.11368769513031829,0.11368769513031829
2022-01-08 18:00:00,2022,1,8,18,2.8402321018667886,2.9629708529402534,-0.12273875107346477,0.12273875107346477
2022-01-09 00:00:00,2022,1,9,0,2.514416198307376,2.4373400032904122,0.07707619501696383,0.07707619501696383
2022-01-09 06:00:00,2022,1,9,6,2.9487156962358214,2.8752515756715153,0.07346412056430607,0.07346412056430607
2022-01-09 12:00:00,2022,1,9,12,4.901350145616159,4.909471276280528,-0.008121130664369147,0.008121130664369147
2022-01-09 18:00:00,2022,1,9,18,2.789437029755801,2.8521410719660327,-0.06270404221023185,0.06270404221023185
2022-01-10 00:00:00,2022,1,10,0,2.0699205582369133,2.362916316057446,-0.29299575782053244,0.29299575782053244
2022-01-10 06:00:00,2022,1,10,6,2.524197834314741,2.7213160280918145,-0.19711819377707362,0.19711819377707362
2022-01-10 12:00:00,2022,1,10,12,5.282469510983698,5.1348412059375415,0.14762830504615643,0.14762830504615643
2022-01-10 18:00:00,2022,1,10,18,2.4846154752934506,2.744128063817466,-0.25951258852401526,0.25951258852401526
2022-01-11 00:00:00,2022,1,11,0,2.3295393632370507,2.2487139957306317,0.080825367506419,0.080825367506419
2022-01-11 06:00:00,2022,1,11,6,2.619720961864016,2.8413081676198,-0.22158720575578394,0.22158720575578394
2022-01-11 12:00:00,2022,1,11,12,4.764797774667796,5.077243577002305,-0.31244580233450847,0.31244580233450847
2022-01-11 18:00:00,2022,1,11,18,3.35703867148867,3.13277503001558,0.2242636414730903,0.2242636414730903
2022-01-12 00:00:00,2022,1,12,0,2.862130530339192,2.556763373226142,0.30536715711305007,0.30536715711305007
2022-01-12 06:00:00,2022,1,12,6,2.779727177235263,2.7618181833708184,0.017908993864444778,0.017908993864444778
2022-01-12 12:00:00,2022,1,12,12,4.7896076593839165,5.016400711199173,-0.22679305181525677,0.22679305181525677
2022-01-12 18:00:00,2022,1,12,18,2.8429575987977893,2.7104066578166686,0.13255094098112075,0.13255094098112075
2022-01-13 00:00:00,2022,1,13,0,2.1845617605894945,2.445692542576993,-0.2611307819874984,0.2611307819874984
2022-01-13 06:00:00,2022,1,13,6,3.017864028134821,2.914052573104297,0.1038114550305238,0.1038114550305238
2022-01-13 12:00:00,2022,1,13,12,5.127057121199667,4.934921856077055,0.19213526512261225,0.19213526512261225
2022-01-13 18:00:00,2022,1,13,18,2.8251553109669127,2.7357076197173185,0.08944769124959429,0.08944769124959429
2022-01-14 00:00:00,2022,1,14,0,1.999323633627024,2.1249170386026988,-0.12559340497567484,0.12559340497567484
2022-01-14 06:00:00,2022,1,14,6,3.32590636538787,3.060824617021792,0.2650817483660779,0.2650817483660779
2022-01-14 12:00:00,2022,1,14,12,4.705395000095412,4.823376117441903,-0.11798111734649108,0.11798111734649108
2022-01-14 18:00:00,2022,1,14,18,2.676282867093573,2.69154341147113,-0.015260544377556862,0.015260544377556862
2022-01-15 00:00:00,2022,1,15,0,2.235403080905317,2.234408050117232,0.0009950307880850495,0.0009950307880850495
2022-01-15 06:00:00,2022,1,15,6,3.053786435947345,3.2315355995189585,-0.17774916357161352,0.17774916357161352
2022-01-15 12:00:00,2022,1,15,12,4.820375231438562,4.871234478182042,-0.05085924674347986,0.05085924674347986
2022-01-15 18:00:00,2022,1,15,18,2.6612271244777856,2.6787915317048125,-0.0175644072270269,0.0175644072270269
2022-01-16 00:00:00,2022,1,16,0,2.056351711831566,2.15250472458591,-0.09615301275434396,0.09615301275434396
2022-01-16 06:00:00,2022,1,16,6,2.712330492219387,2.7073439401757837,0.004986552043603432,0.004986552043603432
2022-01-16 12:00:00,2022,1,16,12,4.306567547559942,4.6709783826858695,-0.36441083512592787,0.36441083512592787
2022-01-16 18:00:00,2022,1,16,18,2.739258403079916,2.75261651089701,-0.013358107817094123,0.013358107817094123
2022-01-17 00:00:00,2022,1,17,0,2.391878959507308,2.3986681745453375,-0.006789215038029539,0.006789215038029539
2022-01-17 06:00:00,2022,1,17,6,2.767616850161861,2.5765623092292333,0.19105454093262786,0.19105454093262786
2022-01-17 12:00:00,2022,1,17,12,4.695660263333002,4.65761484018874,0.03804542314426218,0.03804542314426218
2022-01-17 18:00:00,2022,1,17,18,2.914615279014302,3.0968360870452165,-0.18222080803091467,0.18222080803091467
2022-01-18 00:00:00,2022,1,18,0,2.163278193879844,2.197161356694175,-0.03388316281433079,0.03388316281433079
2022-01-18 06:00:00,2022,1,18,6,2.96908124296562,2.809076635791045,0.16000460717457532,0.16000460717457532
2022-01-18 12:00:00,2022,1,18,12,4.70994436021477,5.060554400967476,-0.35061004075270574,0.35061004075270574
2022-01-18 18:00:00,2022,1,18,18,2.9954506660140914,2.6875125672223583,0.30793809879173306,0.30793809879173306
2022-01-19 00:00:00,2022,1,19,0,2.507804338303022,2.4515589057490983,0.05624543255392389,0.05624543255392389
2022-01-19 06:00:00,2022,1,19,6,2.8664758741583154,2.7742472392851343,0.09222863487318111,0.09222863487318111
2022-01-19 12:00:00,2022,1,19,12,4.752615862250616,4.977666578557112,-0.22505071630649542,0.22505071630649542
2022-01-19 18:00:00,2022,1,19,18,2.476616897127462,2.5515351973107143,-0.0749183001832523,0.0749183001832523
2022-01-20 00:00:00,2022,1,20,0,2.15821082035669,2.364854441001414,-0.20664362064472375,0.20664362064472375
2022-01-20 06:00:00,2022,1,20,6,2.9418678931564037,2.754863579261228,0.18700431389517558,0.18700431389517558
2022-01-20 12:00:00,2022,1,20,12,4.688129036878792,4.749109403769731,-0.06098036689093966,0.06098036689093966
2022-01-20 18:00:00,2022,1,20,18,2.2726756591365964,2.4468954364704123,-0.17421977733381588,0.17421977733381588
2022-01-21 00:00:00,2022,1,21,0,2.088892116497603,1.944071881824864,0.1448202346727392,0.1448202346727392
2022-01-21 06:00:00,2022,1,21,6,2.750644419148688,2.59270799169887,0.15793642744981806,0.15793642744981806
2022-01-21 12:00:00,2022,1,21,12,5.135232045259834,5.133109282898423,0.00212276236141129,0.00212276236141129
2022-01-21 18:00:00,2022,1,21,18,2.5753610345391085,2.566640047339952,0.008720987199156482,0.008720987199156482
2022-01-22 00:00:00,2022,1,22,0,2.279688799929953,2.2007220442693463,0.07896675566060685,0.07896675566060685
2022-01-22 06:00:00,2022,1,22,6,2.480138464355352,2.6790330207765165,-0.19889455642116438,0.19889455642116438
2022-01-22 12:00:00,2022,1,22,12,5.118591962693824,5.162592737517235,-0.04400077482341125,0.04400077482341125
2022-01-22 18:00:00,2022,1,22,18,2.989034259204669,2.874385165588997,0.1146490936156721,0.1146490936156721
2022-01-23 00:00:00,2022,1,23,0,2.3761174451349305,2.1395774982108744,0.2365399469240561,0.2365399469240561
2022-01-23 06:00:00,2022,1,23,6,2.3026798708652407,2.6586257159929385,-0.3559458451276978,0.3559458451276978
2022-01-23 12:00:00,2022,1,23,12,4.850826836792281,4.794971935110889,0.05585490168139273,0.05585490168139273
2022-01-23 18:00:00,2022,1,23,18,2.685136884941136,2.675011089026364,0.010125795914771807,0.010125795914771807
2022-01-24 00:00:00,2022,1,24,0,2.3769697566349297,2.206939043037783,0.17003071359714683,0.17003071359714683
2022-01-24 06:00:00,2022,1,24,6,2.252201858784188,2.4451679451703914,-0.19296608638620327,0.19296608638620327
2022-01-24 12:00:00,2022,1,24,12,5.185166620939224,4.951105121454541,0.23406149948468347,0.23406149948468347
2022-01-24 18:00:00,2022,1,24,18,2.584046032105003,2.762124172332248,-0.1780781402272451,0.1780781402272451
2022-01-25 00:00:00,2022,1,25,0,2.644886186060914,2.4599883642896097,0.1848978217713042,0.1848978217713042
2022-01-25 06:00:00,2022,1,25,6,2.7223981959176617,2.806531577436623,-0.08413338151896133,0.08413338151896133
2022-01-25 12:00:00,2022,1,25,12,4.98624654831002,4.999794735341419,-0.013548187031399372,0.013548187031399372
2022-01-25 18:00:00,2022,1,25,18,2.489864904476105,2.456508389050396,0.033356515425709166,0.033356515425709166
2022-01-26 00:00:00,2022,1,26,0,2.4945690484941085,2.1135342164449353,0.3810348320491732,0.3810348320491732
2022-01-26 06:00:00,2022,1,26,6,2.8412524772413787,2.8453959062834846,-0.004143429042105851,0.004143429042105851
2022-01-26 12:00:00,2022,1,26,12,4.760029895709263,4.892156173236925,-0.1321262775276626,0.1321262775276626
2022-01-26 18:00:00,2022,1,26,18,2.845702117039968,2.8237967684980623,0.021905348541905845,0.021905348541905845
2022-01-27 00:00:00,2022,1,27,0,2.02934145955175,2.092165359231819,-0.06282389968006896,0.06282389968006896
2022-01-27 06:00:00,2022,1,27,6,2.486936593307825,2.5528163416411878,-0.06587974833336263,0.06587974833336263
2022-01-27 12:00:00,2022,1,27,12,4.82188332096272,4.665842803139397,0.15604051782332284,0.15604051782332284
2022-01-27 18:00:00,2022,1,27,18,2.535770075695729,2.7114663763059386,-0.17569630061020947,0.17569630061020947
2022-01-28 00:00:00,2022,1,28,0,2.5077970882722447,2.144067221292691,0.3637298669795537,0.3637298669795537
2022-01-28 06:00:00,2022,1,28,6,2.767543585907468,2.76561687447941,0.0019267114280583364,0.0019267114280583364
2022-01-28 12:00:00,2022,1,28,12,4.38511496902953,4.674761392930597,-0.28964642390106654,0.28964642390106654
2022-01-28 18:00:00,2022,1,28,18,2.4659417478994268,2.4619254127986308,0.00401633510079602,0.00401633510079602
2022-01-29 00:00:00,2022,1,29,0,2.47540718206924,2.355865561893986,0.11954162017525372,0.11954162017525372
2022-01-29 06:00:00,2022,1,29,6,2.5749256785659163,2.58278542602214,-0.007859747456223865,0.007859747456223865
2022-01-29 12:00:00,2022,1,29,12,4.856833420987125,5.057512929739249,-0.20067950875212404,0.20067950875212404
2022-01-29 18:00:00,2022,1,29,18,2.777966843594375,2.587818771369436,0.19014807222493912,0.19014807222493912
2022-01-30 00:00:00,2022,1,30,0,2.477475995760318,2.3608935101979673,0.11658248556235051,0.11658248556235051
2022-01-30 06:00:00,2022,1,30,6,2.8194561827211357,2.8538478165418546,-0.03439163382071886,0.03439163382071886
2022-01-30 12:00:00,2022,1,30,12,4.893536716951104,4.993757295794319,-0.10022057884321534,0.10022057884321534
2022-01-30 18:00:00,2022,1,30,18,2.4454134672608574,2.603690296076264,-0.1582768288154064,0.1582768288154064
2022-01-31 00:00:00,2022,1,31,0,2.2194256749256174,2.0796237198465084,0.13980195507910897,0.13980195507910897
2022-01-31 06:00:00,2022,1,31,6,2.66177603011712,2.4228591865200486,0.23891684359707144,0.23891684359707144
2022-01-31 12:00:00,2022,1,31,12,4.786564079605332,4.631842630328359,0.1547214492769733,0.1547214492769733
2022-01-31 18:00:00,2022,1,31,18,2.459521278970316,2.6006352534247115,-0.14111397445439566,0.14111397445439566
2022-02-01 00:00:00,2022,2,1,0,2.069615167014855,2.1421671113498664,-0.07255194433501133,0.07255194433501133
2022-02-01 06:00:00,2022,2,1,6,2.588534686385648,2.598483838798181,-0.009949152412533024,0.009949152412533024
2022-02-01 12:00:00,2022,2,1,12,4.610385022685995,4.677411325374134,-0.0670263026881388,0.0670263026881388
2022-02-01 18:00:00,2022,2,1,18,2.704364249372087,2.6103642967103777,0.09399995266170924,0.09399995266170924
2022-02-02 00:00:00,2022,2,2,0,2.3557537793757097,2.1925780828874624,0.16317569648824737,0.16317569648824737
2022-02-02 06:00:00,2022,2,2,6,2.629013028687455,2.6758290326661602,-0.04681600397870511,0.04681600397870511
2022-02-02 12:00:00,2022,2,2,12,4.845704471513814,4.772533770353267,0.07317070116054758,0.07317070116054758
2022-02-02 18:00:00,2022,2,2,18,2.424364315969785,2.43000726417224,-0.005642948202454701,0.005642948202454701
2022-02-03 00:00:00,2022,2,3,0,2.646030966208296,2.3730742069552115,0.2729567592530846,0.2729567592530846
2022-02-03 06:00:00,2022,2,3,6,2.4553898975571564,2.522934381340908,-0.06754448378375155,0.06754448378375155
2022-02-03 12:00:00,2022,2,3,12,4.395205865811659,4.518491285788199,-0.12328541997654074,0.12328541997654074
2022-02-03 18:00:00,2022,2,3,18,2.7112517718937355,2.7640611017864924,-0.052809329892756995,0.052809329892756995
2022-02-04 00:00:00,2022,2,4,0,2.413046185598801,2.225628594430616,0.18741759116818502,0.18741759116818502
2022-02-04 06:00:00,2022,2,4,6,2.286997120041132,2.50786735912007,-0.2208702390789381,0.2208702390789381
2022-02-04 12:00:00,2022,2,4,12,5.101314481178704,4.849260234292378,0.2520542468863267,0.2520542468863267
2022-02-04 18:00:00,2022,2,4,18,3.0612487556482213,3.131908602902242,-0.07065984725402075,0.07065984725402075
2022-02-05 00:00:00,2022,2,5,0,1.8849491956983635,2.0995398181030795,-0.21459062240471605,0.21459062240471605
2022-02-05 06:00:00,2022,2,5,6,2.899887376562237,2.7244326006822606,0.1754547758799765,0.1754547758799765
2022-02-05 12:00:00,2022,2,5,12,4.696277191108016,4.69678722240958,-0.0005100313015642399,0.0005100313015642399
2022-02-05 18:00:00,2022,2,5,18,2.711581795369534,2.6576968731444737,0.05388492222506036,0.05388492222506036
2022-02-06 00:00:00,2022,2,6,0,2.074965630471721,2.1596647093291477,-0.08469907885742689,0.08469907885742689
2022-02-06 06:00:00,2022,2,6,6,2.5206884055567103,2.402917020479565,0.11777138507714513,0.11777138507714513
2022-02-06 12:00:00,2022,2,6,12,4.75353578065638,4.648812723577092,0.10472305707928786,0.10472305707928786
2022-02-06 18:00:00,2022,2,6,18,2.809891627239826,2.5373897814611626,0.27250184577866365,0.27250184577866365
2022-02-07 00:00:00,2022,2,7,0,2.486594424902757,2.4258659666175526,0.06072845828520457,0.06072845828520457
2022-02-07 06:00:00,2022,2,7,6,2.7731080976701694,2.805915183183034,-0.032807085512864376,0.032807085512864376
2022-02-07 12:00:00,2022,2,7,12,4.732244444820451,4.784192260914566,-0.05194781609411514,0.05194781609411514
2022-02-07 18:00:00,2022,2,7,18,2.2871875245400104,2.5192969413805493,-0.23210941684053887,0.23210941684053887
2022-02-08 00:00:00,2022,2,8,0,2.457462344145427,2.475881596058209,-0.01841925191278193,0.01841925191278193
2022-02-08 06:00:00,2022,2,8,6,2.8374624728575566,2.8046152549011394,0.03284721795641721,0.03284721795641721
2022-02-08 12:00:00,2022,2,8,12,5.180129513959291,4.913863132318338,0.2662663816409534,0.2662663816409534
2022-02-08 18:00:00,2022,2,8,18,2.516223559628456,2.5986237788783937,-0.08240021924993757,0.08240021924993757
2022-02-09 00:00:00,2022,2,9,0,2.4877896775056207,2.3063184521613116,0.18147122534430915,0.18147122534430915
2022-02-09 06:00:00,2022,2,9,6,2.539221771233789,2.613896814450443,-0.0746750432166543,0.0746750432166543
2022-02-09 12:00:00,2022,2,9,12,5.192578153870339,4.8583379380908225,0.33424021577951635,0.33424021577951635
2022-02-09 18:00:00,2022,2,9,18,2.5610924158770043,2.91003388586316,-0.3489414699861557,0.3489414699861557
2022-02-10 00:00:00,2022,2,10,0,2.3360899882868056,2.121147397499001,0.21494259078780464,0.21494259078780464
2022-02-10 06:00:00,2022,2,10,6,2.727401685293311,2.7723981743746076,-0.04499648908129661,0.04499648908129661
2022-02-10 12:00:00,2022,2,10,12,5.137706576066427,4.916638776781483,0.2210677992849437,0.2210677992849437
2022-02-10 18:00:00,2022,2,10,18,3.054871303966543,2.7671532498585876,0.28771805410795537,0.28771805410795537
2022-02-11 00:00:00,2022,2,11,0,2.196353899546652,2.2049480764427924,-0.008594176896140393,0.008594176896140393
2022-02-11 06:00:00,2022,2,11,6,2.442056525966481,2.640074484760924,-0.19801795879444306,0.19801795879444306
2022-02-11 12:00:00,2022,2,11,12,4.700276110708836,4.931957942680168,-0.23168183197133185,0.23168183197133185
2022-02-11 18:00:00,2022,2,11,18,2.506148910994423,2.6880356903656937,-0.18188677937127062,0.18188677937127062
2022-02-12 00:00:00,2022,2,12,0,1.9514120410528364,2.2976875680488074,-0.346275526995971,0.346275526995971
2022-02-12 06:00:00,2022,2,12,6,2.6497144541938704,2.707131496617426,-0.05741704242355539,0.05741704242355539
2022-02-12 12:00:00,2022,2,12,12,5.137794348421743,5.072196169787105,0.06559817863463824,0.06559817863463824
2022-02-12 18:00:00,2022,2,12,18,2.6127451176743315,2.6006419355220003,0.012103182152331193,0.012103182152331193
2022-02-13 00:00:00,2022,2,13,0,2.3600510590903205,2.3669737997721843,-0.006922740681863715,0.006922740681863715
2022-02-13 06:00:00,2022,2,13,6,2.4141573518582886,2.668415447352793,-0.2542580954945044,0.2542580954945044
2022-02-13 12:00:00,2022,2,13,12,4.775473283038669,4.894423293266991,-0.11895001022832208,0.11895001022832208
2022-02-13 18:00:00,2022,2,13,18,2.7066060694087017,2.630149257240662,0.07645681216803979,0.07645681216803979
2022-02-14 00:00:00,2022,2,14,0,2.536936519510897,2.3511966254747594,0.18573989403613744,0.18573989403613744
2022-02-14 06:00:00,2022,2,14,6,2.2006830337760133,2.5333736606196395,-0.33269062684362627,0.33269062684362627
2022-02-14 12:00:00,2022,2,14,12,5.001438547751804,5.15998669846384,-0.15854815071203543,0.15854815071203543
2022-02-14 18:00:00,2022,2,14,18,2.579729670256195,2.5796844068564795,4.526339971544502e-05,4.526339971544502e-05
2022-02-15 00:00:00,2022,2,15,0,2.020517966614617,2.1830898067807807,-0.16257184016616355,0.16257184016616355
2022-02-15 06:00:00,2022,2,15,6,2.890166843648266,2.800047797737893,0.09011904591037334,0.09011904591037334
2022-02-15 12:00:00,2022,2,15,12,4.986989476856971,4.82228315691401,0.1647063199429608,0.1647063199429608
2022-02-15 18:00:00,2022,2,15,18,2.65759105596977,2.719451325650689,-0.061860269680918734,0.061860269680918734
2022-02-16 00:00:00,2022,2,16,0,2.05290199918802,2.205123302184132,-0.1522213029961117,0.1522213029961117
2022-02-16 06:00:00,2022,2,16,6,3.1511243009033683,2.8109553629715496,0.3401689379318187,0.3401689379318187
2022-02-16 12:00:00,2022,2,16,12,4.806146655738601,4.749611266665182,0.05653538907341904,0.05653538907341904
2022-02-16 18:00:00,2022,2,16,18,2.616080587936532,2.6268904746091306,-0.010809886672598523,0.010809886672598523
2022-02-17 00:00:00,2022,2,17,0,2.0800254117452743,2.224128752733714,-0.14410334098843958,0.14410334098843958
2022-02-17 06:00:00,2022,2,17,6,2.493691215692117,2.6737256525162527,-0.18003443682413556,0.18003443682413556
2022-02-17 12:00:00,2022,2,17,12,4.972309462764604,4.935692341086915,0.036617121677688935,0.036617121677688935
2022-02-17 18:00:00,2022,2,17,18,2.638099201074193,2.7890727192743228,-0.15097351820012994,0.15097351820012994
2022-02-18 00:00:00,2022,2,18,0,2.2497763863415634,2.4218375952577795,-0.17206120891621612,0.17206120891621612
2022-02-18 06:00:00,2022,2,18,6,2.52315656827441,2.6140551336594253,-0.0908985653850154,0.0908985653850154
2022-02-18 12:00:00,2022,2,18,12,4.951351888896453,4.993668494553873,-0.04231660565741979,0.04231660565741979
2022-02-18 18:00:00,2022,2,18,18,2.8782302616999065,2.62818361267167,0.25004664902823626,0.25004664902823626
2022-02-19 00:00:00,2022,2,19,0,2.193022649608548,2.2135039114936883,-0.020481261885140434,0.020481261885140434
2022-02-19 06:00:00,2022,2,19,6,2.653495906121122,2.877707577555832,-0.22421167143471,0.22421167143471
2022-02-19 12:00:00,2022,2,19,12,4.765670612083702,4.849018015146489,-0.08334740306278654,0.08334740306278654
2022-02-19 18:00:00,2022,2,19,18,2.8881611637996487,2.7577496947102675,0.13041146908938117,0.13041146908938117
2022-02-20 00:00:00,2022,2,20,0,2.5810585837060387,2.3967485081626188,0.18431007554341994,0.18431007554341994
2022-02-20 06:00:00,2022,2,20,6,2.824701288041619,2.686126865020374,0.13857442302124534,0.13857442302124534
2022-02-20 12:00:00,2022,2,20,12,5.040698007308665,4.94822604734601,0.09247195996265489,0.09247195996265489
2022-02-20 18:00:00,2022,2,20,18,2.856395517903792,2.5842820673093034,0.27211345059448844,0.27211345059448844
2022-02-21 00:00:00,2022,2,21,0,2.346889684749085,2.315635834719875,0.031253850029210106,0.031253850029210106
2022-02-21 06:00:00,2022,2,21,6,2.771730108622552,2.6701320541083255,0.10159805451422654,0.10159805451422654
2022-02-21 12:00:00,2022,2,21,12,4.954893457211198,5.018307501953904,-0.06341404474270629,0.06341404474270629
2022-02-21 18:00:00,2022,2,21,18,2.5633110296506443,2.6131516063975293,-0.049840576746885024,0.049840576746885024
2022-02-22 00:00:00,2022,2,22,0,2.1533547618986213,2.181810999902426,-0.028456238003804923,0.028456238003804923
2022-02-22 06:00:00,2022,2,22,6,3.1761885079156373,3.148521974777363,0.027666533138274385,0.027666533138274385
2022-02-22 12:00:00,2022,2,22,12,4.751224621021295,4.837686985977509,-0.08646236495621373,0.08646236495621373
2022-02-22 18:00:00,2022,2,22,18,2.229745325672729,2.543030306056557,-0.3132849803838278,0.3132849803838278
2022-02-23 00:00:00,2022,2,23,0,2.1164219499894243,2.2367590528461285,-0.12033710285670418,0.12033710285670418
2022-02-23 06:00:00,2022,2,23,6,2.75786423779636,2.5944155649443106,0.16344867285204945,0.16344867285204945
2022-02-23 12:00:00,2022,2,23,12,5.030288603880744,5.0202917337549735,0.009996870125770663,0.009996870125770663
2022-02-23 18:00:00,2022,2,23,18,2.806744162805741,2.8215231766570787,-0.01477901385133773,0.01477901385133773
2022-02-24 00:00:00,2022,2,24,0,2.4075283854790093,2.4921897689032417,-0.08466138342423246,0.08466138342423246
2022-02-24 06:00:00,2022,2,24,6,2.7824369667693483,2.6879156317018116,0.09452133506753668,0.09452133506753668
2022-02-24 12:00:00,2022,2,24,12,4.929329266347435,4.874573740809749,0.05475552553768548,0.05475552553768548
2022-02-24 18:00:00,2022,2,24,18,2.8002389215631367,2.808955897569478,-0.008716976006341248,0.008716976006341248
2022-02-25 00:00:00,2022,2,25,0,2.7304554091804083,2.5331118069073164,0.1973436022730919,0.1973436022730919
2022-02-25 06:00:00,2022,2,25,6,2.749329703791262,2.5748449330489938,0.1744847707422683,0.1744847707422683
2022-02-25 12:00:00,2022,2,25,12,5.660139274875528,5.438952124932643,0.22118714994288435,0.22118714994288435
2022-02-25 18:00:00,2022,2,25,18,2.9245432390823467,2.9486196934905555,-0.024076454408208825,0.024076454408208825
2022-02-26 00:00:00,2022,2,26,0,2.395830094571834,2.4710282025632853,-0.07519810799145121,0.07519810799145121
2022-02-26 06:00:00,2022,2,26,6,2.685955414334873,2.849724768259517,-0.1637693539246441,0.1637693539246441
2022-02-26 12:00:00,2022,2,26,12,5.220452273030801,5.419128593132983,-0.19867632010218195,0.19867632010218195
2022-02-26 18:00:00,2022,2,26,18,2.7945421142211164,2.911772712250158,-0.11723059802904157,0.11723059802904157
2022-02-27 00:00:00,2022,2,27,0,2.4224220777069227,2.6284281413053163,-0.20600606359839357,0.20600606359839357
2022-02-27 06:00:00,2022,2,27,6,2.691870502712607,2.9504632267747577,-0.25859272406215084,0.25859272406215084
2022-02-27 12:00:00,2022,2,27,12,4.977522686251421,5.1575577241238895,-0.18003503787246888,0.18003503787246888
2022-02-27 18:00:00,2022,2,27,18,2.4849613780744333,2.6851822941726153,-0.20022091609818204,0.20022091609818204
2022-02-28 00:00:00,2022,2,28,0,2.250826916966738,2.274119788072159,-0.023292871105420776,0.023292871105420776
2022-02-28 06:00:00,2022,2,28,6,2.957896436842551,2.8487695467704772,0.10912689007207366,0.10912689007207366
2022-02-28 12:00:00,2022,2,28,12,5.314809993875574,5.200571101592971,0.11423889228260276,0.11423889228260276
2022-02-28 18:00:00,2022,2,28,18,3.060553885098359,3.156059660784869,-0.09550577568650986,0.09550577568650986
2022-03-01 00:00:00,2022,3,1,0,2.161413976255305,2.2131425116868826,-0.051728535431577516,0.051728535431577516
2022-03-01 06:00:00,2022,3,1,6,3.2119834178989355,3.236743329648939,-0.02475991175000347,0.02475991175000347
2022-03-01 12:00:00,2022,3,1,12,5.334646031624492,5.252026819720972,0.08261921190351984,0.08261921190351984
2022-03-01 18:00:00,2022,3,1,18,3.006263302895197,2.857952861192234,0.14831044170296304,0.14831044170296304
2022-03-02 00:00:00,2022,3,2,0,2.4830723882856103,2.738246433934126,-0.25517404564851587,0.25517404564851587
2022-03-02 06:00:00,2022,3,2,6,3.044536549449122,2.8181991091880207,0.22633744026110136,0.22633744026110136
2022-03-02 12:00:00,2022,3,2,12,5.428380394881878,5.311896128689261,0.11648426619261709,0.11648426619261709
2022-03-02 18:00:00,2022,3,2,18,2.9438991132025603,2.760706182378844,0.18319293082371635,0.18319293082371635
2022-03-03 00:00:00,2022,3,3,0,2.0546165784877397,2.285367657620331,-0.2307510791325913,0.2307510791325913
2022-03-03 06:00:00,2022,3,3,6,2.7263883907031143,2.924087923267896,-0.19769953256478168,0.19769953256478168
2022-03-03 12:00:00,2022,3,3,12,5.082727922237156,5.123178837410208,-0.04045091517305188,0.04045091517305188
2022-03-03 18:00:00,2022,3,3,18,2.805739460534778,2.708213215123935,0.09752624541084298,0.09752624541084298
2022-03-04 00:00:00,2022,3,4,0,2.32853097173798,2.513511444783179,-0.18498047304519893,0.18498047304519893
2022-03-04 06:00:00,2022,3,4,6,2.9747728120684087,2.862423385165101,0.11234942690330785,0.11234942690330785
2022-03-04 12:00:00,2022,3,4,12,5.404604853647037,5.177691003098573,0.22691385054846336,0.22691385054846336
2022-03-04 18:00:00,2022,3,4,18,2.4886116215725718,2.590747334502732,-0.10213571293016033,0.10213571293016033
2022-03-05 00:00:00,2022,3,5,0,2.630913477129205,2.7618828904685633,-0.1309694133393582,0.1309694133393582
2022-03-05 06:00:00,2022,3,5,6,3.132078216013066,3.1714859450715926,-0.03940772905852663,0.03940772905852663
2022-03-05 12:00:00,2022,3,5,12,5.206644061932232,5.285512447406353,-0.078868385474121,0.078868385474121
2022-03-05 18:00:00,2022,3,5,18,3.0214351970237385,2.924167515658261,0.09726768136547737,0.09726768136547737
2022-03-06 00:00:00,2022,3,6,0,2.472387274326367,2.4013355960300107,0.07105167829635617,0.07105167829635617
2022-03-06 06:00:00,2022,3,6,6,3.0882960344845243,2.927686461761576,0.16060957272294818,0.16060957272294818
2022-03-06 12:00:00,2022,3,6,12,5.049417611143648,5.4458970070700925,-0.39647939592644477,0.39647939592644477
2022-03-06 18:00:00,2022,3,6,18,2.712750202722593,2.7465796780319716,-0.03382947530937841,0.03382947530937841
2022-03-07 00:00:00,2022,3,7,0,2.309408442796239,2.441550268367046,-0.13214182557080667,0.13214182557080667
2022-03-07 06:00:00,2022,3,7,6,3.014361910598309,2.9246477987493313,0.08971411184897748,0.08971411184897748
2022-03-07 12:00:00,2022,3,7,12,5.497624141540498,5.436336272177926,0.06128786936257136,0.06128786936257136
2022-03-07 18:00:00,2022,3,7,18,2.840242661882533,2.9215845104886746,-0.08134184860614146,0.08134184860614146
2022-03-08 00:00:00,2022,3,8,0,3.067023738924909,2.8220928213384395,0.24493091758646957,0.24493091758646957
2022-03-08 06:00:00,2022,3,8,6,2.692360800402139,2.808088384902854,-0.11572758450071507,0.11572758450071507
2022-03-08 12:00:00,2022,3,8,12,5.161057616898716,5.17377191703203,-0.012714300133314538,0.012714300133314538
2022-03-08 18:00:00,2022,3,8,18,3.5558065072198834,3.3010273982617324,0.25477910895815103,0.25477910895815103
2022-03-09 00:00:00,2022,3,9,0,2.8254770138028253,2.7042455669687953,0.12123144683403009,0.12123144683403009
2022-03-09 06:00:00,2022,3,9,6,2.6027655377630143,2.563456316603372,0.039309221159642416,0.039309221159642416
2022-03-09 12:00:00,2022,3,9,12,5.148272630870895,5.2067739171722165,-0.0585012863013219,0.0585012863013219
2022-03-09 18:00:00,2022,3,9,18,3.002484207043243,2.9191034225980013,0.08338078444524166,0.08338078444524166
2022-03-10 00:00:00,2022,3,10,0,2.414217177438336,2.4646109413020105,-0.05039376386367467,0.05039376386367467
2022-03-10 06:00:00,2022,3,10,6,3.0625024557832603,2.877463031514081,0.18503942426917952,0.18503942426917952
2022-03-10 12:00:00,2022,3,10,12,5.235638487436055,5.312077318750852,-0.076438831314797,0.076438831314797
2022-03-10 18:00:00,2022,3,10,18,2.974746001753957,3.0477152645337413,-0.07296926277978422,0.07296926277978422
2022-03-11 00:00:00,2022,3,11,0,2.527246932075311,2.6955757781318335,-0.16832884605652243,0.16832884605652243
2022-03-11 06:00:00,2022,3,11,6,2.808598603973558,2.9045730110544468,-0.09597440708088856,0.09597440708088856
2022-03-11 12:00:00,2022,3,11,12,5.201776145571959,5.335806014088978,-0.13402986851701915,0.13402986851701915
2022-03-11 18:00:00,2022,3,11,18,2.8073444403864416,3.1712508447179317,-0.36390640433149013,0.36390640433149013
2022-03-12 00:00:00,2022,3,12,0,2.377335924354455,2.420531572625786,-0.04319564827133071,0.04319564827133071
2022-03-12 06:00:00,2022,3,12,6,2.905043710751251,2.997326494799593,-0.09228278404834223,0.09228278404834223
2022-03-12 12:00:00,2022,3,12,12,5.253456255059798,5.386549902932977,-0.1330936478731788,0.1330936478731788
2022-03-12 18:00:00,2022,3,12,18,2.838234619422221,2.943167858482814,-0.10493323906059304,0.10493323906059304
2022-03-13 00:00:00,2022,3,13,0,2.720346965942152,2.7562920172889793,-0.03594505134682713,0.03594505134682713
2022-03-13 06:00:00,2022,3,13,6,2.621794038937072,2.9118167948855826,-0.29002275594851046,0.29002275594851046
2022-03-13 12:00:00,2022,3,13,12,5.310807944607793,5.273380650573179,0.03742729403461453,0.03742729403461453
2022-03-13 18:00:00,2022,3,13,18,3.1527848814481136,3.02151458678792,0.1312702946601938,0.1312702946601938
2022-03-14 00:00:00,2022,3,14,0,2.512184998354231,2.619745461903827,-0.10756046354959636,0.10756046354959636
2022-03-14 06:00:00,2022,3,14,6,3.379508670497448,3.109102562387618,0.27040610810983035,0.27040610810983035
2022-03-14 12:00:00,2022,3,14,12,5.810004110504598,5.547131828328334,0.26287228217626346,0.26287228217626346
2022-03-14 18:00:00,2022,3,14,18,3.592468353072949,3.6068797389386473,-0.014411385865698456,0.014411385865698456
2022-03-15 00:00:00,2022,3,15,0,2.6800695908431837,2.8193874891463913,-0.1393178983032075,0.1393178983032075
2022-03-15 06:00:00,2022,3,15,6,2.9614423967076924,2.9756641266046393,-0.014221729896946922,0.014221729896946922
2022-03-15 12:00:00,2022,3,15,12,5.580605761605144,5.394555022281204,0.18605073932393967,0.18605073932393967
2022-03-15 18:00:00,2022,3,15,18,3.400904446781672,3.076059899322601,0.32484454745907065,0.32484454745907065
2022-03-16 00:00:00,2022,3,16,0,2.674334842779144,2.6216849759509517,0.05264986682819206,0.05264986682819206
2022-03-16 06:00:00,2022,3,16,6,3.262925095698539,3.019824760865461,0.2431003348330778,0.2431003348330778
2022-03-16 12:00:00,2022,3,16,12,5.425131613784356,5.477926495744249,-0.052794881959893125,0.052794881959893125
2022-03-16 18:00:00,2022,3,16,18,3.020485029883114,3.1113912247113396,-0.09090619482822548,0.09090619482822548
2022-03-17 00:00:00,2022,3,17,0,2.6679506499116603,2.7055319289910527,-0.03758127907939235,0.03758127907939235
2022-03-17 06:00:00,2022,3,17,6,3.39756957513561,3.126280982672679,0.2712885924629309,0.2712885924629309
2022-03-17 12:00:00,2022,3,17,12,5.050012489479291,5.4103411593897075,-0.3603286699104169,0.3603286699104169
2022-03-17 18:00:00,2022,3,17,18,3.231049333210515,2.8361167620140746,0.3949325711964402,0.3949325711964402
2022-03-18 00:00:00,2022,3,18,0,2.662734212013965,2.6586001595647994,0.004134052449165537,0.004134052449165537
2022-03-18 06:00:00,2022,3,18,6,3.2496159258551773,3.0899882515632697,0.1596276742919076,0.1596276742919076
2022-03-18 12:00:00,2022,3,18,12,5.432656467385624,5.346629262127759,0.08602720525786545,0.08602720525786545
2022-03-18 18:00:00,2022,3,18,18,2.830722223086735,2.9865014647067314,-0.15577924161999634,0.15577924161999634
2022-03-19 00:00:00,2022,3,19,0,2.899394712488384,2.6617978286461432,0.23759688384224065,0.23759688384224065
2022-03-19 06:00:00,2022,3,19,6,2.810032893528932,2.85571965904128,-0.04568676551234807,0.04568676551234807
2022-03-19 12:00:00,2022,3,19,12,5.467198072541158,5.4919373134589895,-0.02473924091783175,0.02473924091783175
2022-03-19 18:00:00,2022,3,19,18,2.9944567667647752,2.927340773793538,0.06711599297123705,0.06711599297123705
2022-03-20 00:00:00,2022,3,20,0,2.927530379551122,2.898703718722219,0.028826660828903172,0.028826660828903172
2022-03-20 06:00:00,2022,3,20,6,3.435336399290999,3.476229980211022,-0.040893580920023265,0.040893580920023265
2022-03-20 12:00:00,2022,3,20,12,5.742148779363253,5.571543208547885,0.17060557081536842,0.17060557081536842
2022-03-20 18:00:00,2022,3,20,18,3.0385032844837143,2.988082536065426,0.05042074841828814,0.05042074841828814
2022-03-21 00:00:00,2022,3,21,0,2.920135082261374,2.8014852969737447,0.11864978528762915,0.11864978528762915
2022-03-21 06:00:00,2022,3,21,6,3.0583372001849525,3.041060092040902,0.01727710814405059,0.01727710814405059
2022-03-21 12:00:00,2022,3,21,12,5.39888764541261,5.468694860773717,-0.06980721536110757,0.06980721536110757
2022-03-21 18:00:00,2022,3,21,18,2.8881349481236307,2.7830728380169063,0.1050621101067244,0.1050621101067244
2022-03-22 00:00:00,2022,3,22,0,2.125915639943122,2.526190892170617,-0.40027525222749505,0.40027525222749505
2022-03-22 06:00:00,2022,3,22,6,3.1054898058391767,3.01724944318519,0.08824036265398671,0.08824036265398671
2022-03-22 12:00:00,2022,3,22,12,5.687753479123667,5.461134728975989,0.22661875014767752,0.22661875014767752
2022-03-22 18:00:00,2022,3,22,18,3.32852861388151,3.204007259971344,0.12452135391016617,0.12452135391016617
2022-03-23 00:00:00,2022,3,23,0,2.234926309132019,2.5162815724863754,-0.28135526335435657,0.28135526335435657
2022-03-23 06:00:00,2022,3,23,6,3.2490559504386907,3.028278132149135,0.22077781828955567,0.22077781828955567
2022-03-23 12:00:00,2022,3,23,12,5.708524399542116,5.768311400431684,-0.059787000889567565,0.059787000889567565
2022-03-23 18:00:00,2022,3,23,18,3.2254357237281,3.1621072373208463,0.06332848640725386,0.06332848640725386
2022-03-24 00:00:00,2022,3,24,0,2.9992035879054195,2.878056050776097,0.12114753712932247,0.12114753712932247
2022-03-24 06:00:00,2022,3,24,6,2.9398664473776366,3.03981839173661,-0.09995194435897359,0.09995194435897359
2022-03-24 12:00:00,2022,3,24,12,5.783627451884599,5.846074398652555,-0.062446946767956035,0.062446946767956035
2022-03-24 18:00:00,2022,3,24,18,2.6501581908506022,2.7848133575792056,-0.13465516672860334,0.13465516672860334
2022-03-25 00:00:00,2022,3,25,0,2.6276346372849906,2.742870374771075,-0.1152357374860844,0.1152357374860844
2022-03-25 06:00:00,2022,3,25,6,2.85386194133675,3.0117105508269484,-0.1578486094901983,0.1578486094901983
2022-03-25 12:00:00,2022,3,25,12,5.74655128950332,5.601323987983769,0.14522730151955088,0.14522730151955088
2022-03-25 18:00:00,2022,3,25,18,3.001893552418073,3.189315495847746,-0.1874219434296731,0.1874219434296731
2022-03-26 00:00:00,2022,3,26,0,2.601612916659241,2.6689191395328593,-0.0673062228736181,0.0673062228736181
2022-03-26 06:00:00,2022,3,26,6,2.979053448054119,3.016356013299205,-0.037302565245085795,0.037302565245085795
2022-03-26 12:00:00,2022,3,26,12,5.858326246733423,5.803883829552679,0.05444241718074405,0.05444241718074405
2022-03-26 18:00:00,2022,3,26,18,3.188192884727542,3.0074831484756706,0.18070973625187126,0.18070973625187126
2022-03-27 00:00:00,2022,3,27,0,2.657304597463793,2.836788615381729,-0.179484017917936,0.179484017917936
2022-03-27 06:00:00,2022,3,27,6,3.096208975455119,3.19244622837049,-0.09623725291537077,0.09623725291537077
2022-03-27 12:00:00,2022,3,27,12,5.558989507660264,5.533434472918223,0.025555034742040128,0.025555034742040128
2022-03-27 18:00:00,2022,3,27,18,3.2940715075742046,3.1874217755640974,0.10664973201010719,0.10664973201010719
2022-03-28 00:00:00,2022,3,28,0,2.3425839561942245,2.594357916441228,-0.25177396024700327,0.25177396024700327
2022-03-28 06:00:00,2022,3,28,6,3.0241436206461167,3.0103746541539405,0.013768966492176293,0.013768966492176293
2022-03-28 12:00:00,2022,3,28,12,5.683684187127176,5.652602280180896,0.031081906946280213,0.031081906946280213
2022-03-28 18:00:00,2022,3,28,18,3.310889542638376,3.01024604346129,0.3006434991770859,0.3006434991770859
2022-03-29 00:00:00,2022,3,29,0,2.811393345593652,2.827161814710342,-0.015768469116689943,0.015768469116689943
2022-03-29 06:00:00,2022,3,29,6,3.0728969736263063,3.243508892704315,-0.17061191907800888,0.17061191907800888
2022-03-29 12:00:00,2022,3,29,12,5.78231265672878,5.762296362216185,0.02001629451259479,0.02001629451259479
2022-03-29 18:00:00,2022,3,29,18,2.8967620741953195,2.9781066295240124,-0.08134455532869289,0.08134455532869289
2022-03-30 00:00:00,2022,3,30,0,2.646939911502445,2.6466532294801284,0.00028668202231640905,0.00028668202231640905
2022-03-30 06:00:00,2022,3,30,6,3.3778996595231248,3.138070522888649,0.23982913663447558,0.23982913663447558
2022-03-30 12:00:00,2022,3,30,12,5.569099857724956,5.701946215491901,-0.13284635776694476,0.13284635776694476
2022-03-30 18:00:00,2022,3,30,18,3.4327677234762053,3.2482483826018727,0.18451934087433264,0.18451934087433264
2022-03-31 00:00:00,2022,3,31,0,2.9145963141417166,2.799931157716211,0.11466515642550545,0.11466515642550545
2022-03-31 06:00:00,2022,3,31,6,3.3372168323368507,3.246646884647812,0.0905699476890387,0.0905699476890387
2022-03-31 12:00:00,2022,3,31,12,6.181457813318958,6.25089691460024,-0.06943910128128206,0.06943910128128206
2022-03-31 18:00:00,2022,3,31,18,3.375306593623012,2.9835710237324014,0.39173556989061087,0.39173556989061087
2022-04-01 00:00:00,2022,4,1,0,3.0236157155852776,2.9233617857947998,0.10025392979047787,0.10025392979047787
2022-04-01 06:00:00,2022,4,1,6,3.187340072922149,3.3215519303430603,-0.13421185742091124,0.13421185742091124
2022-04-01 12:00:00,2022,4,1,12,5.796458810723919,6.056607416107369,-0.2601486053834492,0.2601486053834492
2022-04-01 18:00:00,2022,4,1,18,2.89101230701334,3.0987435264506473,-0.20773121943730732,0.20773121943730732
2022-04-02 00:00:00,2022,4,2,0,3.171757888101527,2.990489033621961,0.18126885447956598,0.18126885447956598
2022-04-02 06:00:00,2022,4,2,6,3.10018309457798,3.0994177251504005,0.0007653694275795431,0.0007653694275795431
2022-04-02 12:00:00,2022,4,2,12,5.879112354110349,6.218227193960221,-0.3391148398498718,0.3391148398498718
2022-04-02 18:00:00,2022,4,2,18,2.7423997777823184,3.0775246354067027,-0.3351248576243844,0.3351248576243844
2022-04-03 00:00:00,2022,4,3,0,2.4822446199143147,2.6748811952129796,-0.19263657529866496,0.19263657529866496
2022-04-03 06:00:00,2022,4,3,6,3.045194934983268,3.1684033165831353,-0.12320838159986724,0.12320838159986724
2022-04-03 12:00:00,2022,4,3,12,6.110541326041041,6.004190365324296,0.10635096071674521,0.10635096071674521
2022-04-03 18:00:00,2022,4,3,18,3.353928271745043,3.36414688419512,-0.010218612450076936,0.010218612450076936
2022-04-04 00:00:00,2022,4,4,0,2.982732019907689,2.8119181799299553,0.17081383997773392,0.17081383997773392
2022-04-04 06:00:00,2022,4,4,6,3.553535525778298,3.3859937125189963,0.16754181325930162,0.16754181325930162
2022-04-04 12:00:00,2022,4,4,12,6.00651627245753,5.704939683547116,0.3015765889104136,0.3015765889104136
2022-04-04 18:00:00,2022,4,4,18,3.4930017753816927,3.2177018614516855,0.2752999139300072,0.2752999139300072
2022-04-05 00:00:00,2022,4,5,0,2.819921938449452,2.7375691758096594,0.08235276263979241,0.08235276263979241
2022-04-05 06:00:00,2022,4,5,6,2.822746149952536,2.995293010437065,-0.17254686048452905,0.17254686048452905
2022-04-05 12:00:00,2022,4,5,12,5.722303390914981,5.716913036251163,0.005390354663818542,0.005390354663818542
2022-04-05 18:00:00,2022,4,5,18,3.039873363742377,3.211033896240595,-0.17116053249821794,0.17116053249821794
2022-04-06 00:00:00,2022,4,6,0,2.8510192324646217,2.779111593774208,0.07190763869041383,0.07190763869041383
2022-04-06 06:00:00,2022,4,6,6,2.8855091315852177,3.098680659628568,-0.21317152804335038,0.21317152804335038
2022-04-06 12:00:00,2022,4,6,12,6.253663424032099,6.085115609078779,0.16854781495332016,0.16854781495332016
2022-04-06 18:00:00,2022,4,6,18,3.455595096171172,3.3216565709995685,0.13393852517160365,0.13393852517160365
2022-04-07 00:00:00,2022,4,7,0,2.6619934437544077,2.713445918206376,-0.05145247445196821,0.05145247445196821
2022-04-07 06:00:00,2022,4,7,6,3.1122563782781043,3.1664996991465326,-0.05424332086842831,0.05424332086842831
2022-04-07 12:00:00,2022,4,7,12,6.091971641848064,6.109809701113206,-0.01783805926514237,0.01783805926514237
2022-04-07 18:00:00,2022,4,7,18,3.055306536029707,3.1662316311018466,-0.11092509507213943,0.11092509507213943
2022-04-08 00:00:00,2022,4,8,0,2.6281610138602485,2.6515313545400256,-0.02337034067977717,0.02337034067977717
2022-04-08 06:00:00,2022,4,8,6,2.6366060734353587,2.9601994553069693,-0.3235933818716106,0.3235933818716106
2022-04-08 12:00:00,2022,4,8,12,5.955032619388134,6.050968159093165,-0.09593553970503166,0.09593553970503166
2022-04-08 18:00:00,2022,4,8,18,3.111012346781298,3.25945154190384,-0.1484391951225419,0.1484391951225419
2022-04-09 00:00:00,2022,4,9,0,2.9550658294095857,2.836396466250512,0.11866936315907362,0.11866936315907362
2022-04-09 06:00:00,2022,4,9,6,3.138361967138091,3.1448109397298207,-0.006448972591729607,0.006448972591729607
2022-04-09 12:00:00,2022,4,9,12,6.247497519833499,6.151331730484675,0.0961657893488237,0.0961657893488237
2022-04-09 18:00:00,2022,4,9,18,3.1132025355615127,3.218644366741386,-0.10544183117987327,0.10544183117987327
2022-04-10 00:00:00,2022,4,10,0,2.848139835370928,2.845625649050526,0.002514186320402345,0.002514186320402345
2022-04-10 06:00:00,2022,4,10,6,2.9366367791538845,3.2516660484699385,-0.3150292693160539,0.3150292693160539
2022-04-10 12:00:00,2022,4,10,12,6.252276012409903,6.089891006509406,0.16238500590049654,0.16238500590049654
2022-04-10 18:00:00,2022,4,10,18,3.4934913167574075,3.3192876654242394,0.17420365133316817,0.17420365133316817
2022-04-11 00:00:00,2022,4,11,0,2.7845819903534017,2.6808959868309254,0.10368600352247626,0.10368600352247626
2022-04-11 06:00:00,2022,4,11,6,3.1891384077368348,3.319909237967484,-0.13077083023064917,0.13077083023064917
2022-04-11 12:00:00,2022,4,11,12,6.182764086436397,6.174517457049882,0.008246629386515103,0.008246629386515103
2022-04-11 18:00:00,2022,4,11,18,3.187375171672145,3.203354455704221,-0.01597928403207627,0.01597928403207627
2022-04-12 00:00:00,2022,4,12,0,2.5927581626006204,2.8620650107349452,-0.2693068481343248,0.2693068481343248
2022-04-12 06:00:00,2022,4,12,6,3.463015792907245,3.2973162308398156,0.16569956206742953,0.16569956206742953
2022-04-12 12:00:00,2022,4,12,12,5.637086944435955,5.757954934079394,-0.12086798964343881,0.12086798964343881
2022-04-12 18:00:00,2022,4,12,18,3.266928864335411,3.2121752489261293,0.054753615409281586,0.054753615409281586
2022-04-13 00:00:00,2022,4,13,0,2.922714003553901,2.8925426448765124,0.03017135867738885,0.03017135867738885
2022-04-13 06:00:00,2022,4,13,6,3.7444809556184935,3.6002080341911706,0.14427292142732284,0.14427292142732284
2022-04-13 12:00:00,2022,4,13,12,6.041398396075233,6.243941686218867,-0.20254329014363393,0.20254329014363393
2022-04-13 18:00:00,2022,4,13,18,3.3878290619638665,3.440344667553866,-0.05251560558999957,0.05251560558999957
2022-04-14 00:00:00,2022,4,14,0,3.184981148303699,3.024542979536937,0.16043816876676198,0.16043816876676198
2022-04-14 06:00:00,2022,4,14,6,3.233125936181091,3.353360832631179,-0.12023489645008789,0.12023489645008789
2022-04-14 12:00:00,2022,4,14,12,6.187784813683929,6.064313471688242,0.12347134199568721,0.12347134199568721
2022-04-14 18:00:00,2022,4,14,18,3.047700020334931,3.1467986305954265,-0.0990986102604956,0.0990986102604956
2022-04-15 00:00:00,2022,4,15,0,2.9843827303752795,2.8634847007123425,0.12089802966293695,0.12089802966293695
2022-04-15 06:00:00,2022,4,15,6,3.113754081997316,3.147449763618513,-0.03369568162119663,0.03369568162119663
2022-04-15 12:00:00,2022,4,15,12,6.14061919603215,6.115714101063826,0.024905094968323382,0.024905094968323382
2022-04-15 18:00:00,2022,4,15,18,3.6914334426015785,3.455065291515324,0.2363681510862543,0.2363681510862543
2022-04-16 00:00:00,2022,4,16,0,2.976407884850763,3.1195130019650104,-0.14310511711424745,0.14310511711424745
2022-04-16 06:00:00,2022,4,16,6,3.3340609088372424,3.289896737147398,0.044164171689844434,0.044164171689844434
2022-04-16 12:00:00,2022,4,16,12,5.643045301712773,6.137237946094049,-0.4941926443812763,0.4941926443812763
2022-04-16 18:00:00,2022,4,16,18,2.888246213130897,2.8212401370955966,0.0670060760353004,0.0670060760353004
2022-04-17 00:00:00,2022,4,17,0,3.277927380892694,3.0514871927793377,0.2264401881133562,0.2264401881133562
2022-04-17 06:00:00,2022,4,17,6,3.192517135153203,3.256027241831485,-0.06351010667828216,0.06351010667828216
2022-04-17 12:00:00,2022,4,17,12,5.923563847489722,5.832362080447684,0.09120176704203775,0.09120176704203775
2022-04-17 18:00:00,2022,4,17,18,3.617843076773082,3.3927941720369925,0.2250489047360893,0.2250489047360893
2022-04-18 00:00:00,2022,4,18,0,3.0875143077678664,2.917366443326591,0.1701478644412755,0.1701478644412755
2022-04-18 06:00:00,2022,4,18,6,3.3296018141229764,3.618749993653961,-0.2891481795309847,0.2891481795309847
2022-04-18 12:00:00,2022,4,18,12,5.917105040935531,6.13931580319377,-0.22221076225823921,0.22221076225823921
2022-04-18 18:00:00,2022,4,18,18,3.31659769006308,3.331232194928415,-0.014634504865335352,0.014634504865335352
2022-04-19 00:00:00,2022,4,19,0,2.92129044472553,2.8420860213396155,0.0792044233859146,0.0792044233859146
2022-04-19 06:00:00,2022,4,19,6,3.341151044287243,3.3809084783660825,-0.03975743407883936,0.03975743407883936
2022-04-19 12:00:00,2022,4,19,12,6.095452620123753,6.161397760815508,-0.06594514069175528,0.06594514069175528
2022-04-19 18:00:00,2022,4,19,18,3.2028635201667632,3.3365513304154018,-0.13368781024863852,0.13368781024863852
2022-04-20 00:00:00,2022,4,20,0,2.930649760246219,3.176691165474007,-0.24604140522778772,0.24604140522778772
2022-04-20 06:00:00,2022,4,20,6,3.036208622655044,3.223871732121535,-0.18766310946649067,0.18766310946649067
2022-04-20 12:00:00,2022,4,20,12,6.117834685515943,6.169485963240109,-0.051651277724166,0.051651277724166
2022-04-20 18:00:00,2022,4,20,18,3.1272703173649568,3.2647853744519555,-0.13751505708699874,0.13751505708699874
2022-04-21 00:00:00,2022,4,21,0,2.8501328016446146,2.9532592813646197,-0.1031264797200051,0.1031264797200051
2022-04-21 06:00:00,2022,4,21,6,3.047203912765273,3.2751425145224653,-0.2279386017571925,0.2279386017571925
2022-04-21 12:00:00,2022,4,21,12,6.3991373136355705,6.439537537029487,-0.04040022339391669,0.04040022339391669
2022-04-21 18:00:00,2022,4,21,18,3.558594637347457,3.3929136579300128,0.16568097941744409,0.16568097941744409
2022-04-22 00:00:00,2022,4,22,0,3.108766968030594,2.926663580183607,0.1821033878469871,0.1821033878469871
2022-04-22 06:00:00,2022,4,22,6,3.572180018061075,3.6058316404480264,-0.033651622386951185,0.033651622386951185
2022-04-22 12:00:00,2022,4,22,12,6.261735738007316,6.363102229221766,-0.10136649121444918,0.10136649121444918
2022-04-22 18:00:00,2022,4,22,18,3.238956705817249,3.2640633028143204,-0.025106596997071406,0.025106596997071406
2022-04-23 00:00:00,2022,4,23,0,2.9262544024384702,2.9600942380677955,-0.03383983562932524,0.03383983562932524
2022-04-23 06:00:00,2022,4,23,6,3.4147883443378766,3.3535867014533647,0.06120164288451191,0.06120164288451191
2022-04-23 12:00:00,2022,4,23,12,6.2921997860790135,6.26825418678023,0.02394559929878337,0.02394559929878337
2022-04-23 18:00:00,2022,4,23,18,3.530955863026785,3.3917766271959717,0.13917923583081349,0.13917923583081349
2022-04-24 00:00:00,2022,4,24,0,2.8118907261165527,2.8104182146093226,0.0014725115072300454,0.0014725115072300454
2022-04-24 06:00:00,2022,4,24,6,3.3339958252221624,3.384104476640312,-0.050108651418149464,0.050108651418149464
2022-04-24 12:00:00,2022,4,24,12,6.368881840086468,6.56418314554149,-0.1953013054550219,0.1953013054550219
2022-04-24 18:00:00,2022,4,24,18,3.129977935167151,3.411764533843985,-0.28178659867683375,0.28178659867683375
2022-04-25 00:00:00,2022,4,25,0,2.849523631972045,2.7922325674452413,0.05729106452680366,0.05729106452680366
2022-04-25 06:00:00,2022,4,25,6,3.533994943961371,3.559963177450806,-0.025968233489434667,0.025968233489434667
2022-04-25 12:00:00,2022,4,25,12,6.482432348149625,6.598430487759777,-0.11599813961015215,0.11599813961015215
2022-04-25 18:00:00,2022,4,25,18,3.970050503753877,3.51914242204017,0.450908081713707,0.450908081713707
2022-04-26 00:00:00,2022,4,26,0,3.644565082532462,3.383828224277748,0.2607368582547136,0.2607368582547136
2022-04-26 06:00:00,2022,4,26,6,3.622377212986033,3.5983747783827984,0.02400243460323459,0.02400243460323459
2022-04-26 12:00:00,2022,4,26,12,6.660953848560129,6.682599915974402,-0.021646067414272885,0.021646067414272885
2022-04-26 18:00:00,2022,4,26,18,3.346017891897853,3.3854244820598693,-0.0394065901620162,0.0394065901620162
2022-04-27 00:00:00,2022,4,27,0,3.212490788334952,3.077242922035873,0.1352478662990788,0.1352478662990788
2022-04-27 06:00:00,2022,4,27,6,3.2360663406214822,3.2334414677421592,0.0026248728793230036,0.0026248728793230036
2022-04-27 12:00:00,2022,4,27,12,6.264539970005589,6.381121932606414,-0.11658196260082487,0.11658196260082487
2022-04-27 18:00:00,2022,4,27,18,4.169176878647079,4.176999906569781,-0.007823027922702508,0.007823027922702508
2022-04-28 00:00:00,2022,4,28,0,3.1361158697803457,2.933009074858588,0.20310679492175776,0.20310679492175776
2022-04-28 06:00:00,2022,4,28,6,3.735704317203476,3.484146178528184,0.25155813867529186,0.25155813867529186
2022-04-28 12:00:00,2022,4,28,12,6.154476312654449,6.466974641424112,-0.31249832876966277,0.31249832876966277
2022-04-28 18:00:00,2022,4,28,18,3.265021430280473,3.427546612819637,-0.16252518253916381,0.16252518253916381
2022-04-29 00:00:00,2022,4,29,0,3.3202168922613637,3.2559598735254056,0.06425701873595813,0.06425701873595813
2022-04-29 06:00:00,2022,4,29,6,3.3984047159684554,3.387299568402872,0.01110514756558345,0.01110514756558345
2022-04-29 12:00:00,2022,4,29,12,6.684779440306524,6.4618568531604454,0.22292258714607893,0.22292258714607893
2022-04-29 18:00:00,2022,4,29,18,3.640745071285705,3.4559888108633254,0.18475626042237936,0.18475626042237936
2022-04-30 00:00:00,2022,4,30,0,2.684623025847581,2.979213437220139,-0.2945904113725577,0.2945904113725577
2022-04-30 06:00:00,2022,4,30,6,3.106261187183015,3.207850129748984,-0.10158894256596929,0.10158894256596929
2022-04-30 12:00:00,2022,4,30,12,6.086585694794329,6.460380166416385,-0.37379447162205626,0.37379447162205626
2022-04-30 18:00:00,2022,4,30,18,3.1415173736297697,3.389183248769701,-0.2476658751399312,0.2476658751399312
2022-05-01 00:00:00,2022,5,1,0,3.180251060030783,3.0719943865663817,0.10825667346440149,0.10825667346440149
2022-05-01 06:00:00,2022,5,1,6,3.8627579899624753,4.090111250094605,-0.22735326013212953,0.22735326013212953
2022-05-01 12:00:00,2022,5,1,12,6.860243276618257,6.511576856845734,0.3486664197725231,0.3486664197725231
2022-05-01 18:00:00,2022,5,1,18,3.0319438293019254,3.291882928173574,-0.2599390988716488,0.2599390988716488
2022-05-02 00:00:00,2022,5,2,0,3.476328472112624,3.4492685249640305,0.02705994714859372,0.02705994714859372
2022-05-02 06:00:00,2022,5,2,6,3.582441843035225,3.6220506160006187,-0.03960877296539378,0.03960877296539378
2022-05-02 12:00:00,2022,5,2,12,7.11739735200796,6.862415102303169,0.2549822497047911,0.2549822497047911
2022-05-02 18:00:00,2022,5,2,18,3.601767904807655,3.760746805517359,-0.158978900709704,0.158978900709704
2022-05-03 00:00:00,2022,5,3,0,2.888051305501196,2.9188826225109175,-0.030831317009721637,0.030831317009721637
2022-05-03 06:00:00,2022,5,3,6,3.370637178082502,3.506790923923299,-0.13615374584079687,0.13615374584079687
2022-05-03 12:00:00,2022,5,3,12,6.923320758860914,6.54760637254044,0.3757143863204737,0.3757143863204737
2022-05-03 18:00:00,2022,5,3,18,4.164874068768775,3.9029483715667705,0.2619256972020043,0.2619256972020043
2022-05-04 00:00:00,2022,5,4,0,3.325810514099618,3.419782711982673,-0.09397219788305478,0.09397219788305478
2022-05-04 06:00:00,2022,5,4,6,3.663645317574701,3.9363967911753868,-0.27275147360068575,0.27275147360068575
2022-05-04 12:00:00,2022,5,4,12,6.615627925598527,6.5074640927877825,0.10816383281074415,0.10816383281074415
2022-05-04 18:00:00,2022,5,4,18,3.2417263089692003,3.335483782330244,-0.09375747336104379,0.09375747336104379
2022-05-05 00:00:00,2022,5,5,0,3.4784215693144263,3.2644179176768175,0.2140036516376087,0.2140036516376087
2022-05-05 06:00:00,2022,5,5,6,3.703080736552341,3.5769631987121397,0.12611753784020108,0.12611753784020108
2022-05-05 12:00:00,2022,5,5,12,6.708020812082246,6.58334125585039,0.12467955623185656,0.12467955623185656
2022-05-05 18:00:00,2022,5,5,18,3.3926841249555717,3.5224149980129416,-0.12973087305736986,0.12973087305736986
2022-05-06 00:00:00,2022,5,6,0,3.001656900539716,3.195592087640862,-0.19393518710114632,0.19393518710114632
2022-05-06 06:00:00,2022,5,6,6,3.5966449629155752,3.591290157644886,0.005354805270689322,0.005354805270689322
2022-05-06 12:00:00,2022,5,6,12,7.0526368090258105,6.757512235408482,0.29512457361732825,0.29512457361732825
2022-05-06 18:00:00,2022,5,6,18,3.387401523314171,3.578221104129561,-0.19081958081538986,0.19081958081538986
2022-05-07 00:00:00,2022,5,7,0,3.1252635512442115,3.0593036694174,0.06595988182681145,0.06595988182681145
2022-05-07 06:00:00,2022,5,7,6,3.442980594194471,3.520613681758899,-0.07763308756442822,0.07763308756442822
2022-05-07 12:00:00,2022,5,7,12,6.636499907212899,6.483217928894866,0.15328197831803347,0.15328197831803347
2022-05-07 18:00:00,2022,5,7,18,3.335850999176264,3.506214863666729,-0.17036386449046503,0.17036386449046503
2022-05-08 00:00:00,2022,5,8,0,3.1659251208743857,3.169275549446514,-0.0033504285721281946,0.0033504285721281946
2022-05-08 06:00:00,2022,5,8,6,4.01294497619936,3.8519362937290347,0.16100868247032496,0.16100868247032496
2022-05-08 12:00:00,2022,5,8,12,6.595569901367071,6.735125384891197,-0.13955548352412617,0.13955548352412617
2022-05-08 18:00:00,2022,5,8,18,3.615823443225407,3.53091313014873,0.08491031307667685,0.08491031307667685
2022-05-09 00:00:00,2022,5,9,0,3.5273404491577627,3.555993857539555,-0.0286534083817922,0.0286534083817922
2022-05-09 06:00:00,2022,5,9,6,3.754196664109064,3.5880855651153833,0.1661110989936807,0.1661110989936807
2022-05-09 12:00:00,2022,5,9,12,6.707560457527349,6.5829910089701995,0.1245694485571498,0.1245694485571498
2022-05-09 18:00:00,2022,5,9,18,3.77626954949248,3.824751038091058,-0.048481488598577815,0.048481488598577815
2022-05-10 00:00:00,2022,5,10,0,3.209054645176198,3.2230897105898153,-0.014035065413617431,0.014035065413617431
2022-05-10 06:00:00,2022,5,10,6,3.6771882563216,3.8242846117573754,-0.14709635543577537,0.14709635543577537
2022-05-10 12:00:00,2022,5,10,12,6.774934653155638,6.559902131747347,0.21503252140829066,0.21503252140829066
2022-05-10 18:00:00,2022,5,10,18,3.990029936406807,3.634678701428552,0.3553512349782548,0.3553512349782548
2022-05-11 00:00:00,2022,5,11,0,3.1484910786676084,3.241040509997984,-0.09254943133037585,0.09254943133037585
2022-05-11 06:00:00,2022,5,11,6,3.885083410439501,4.021093782099591,-0.13601037166009,0.13601037166009
2022-05-11 12:00:00,2022,5,11,12,6.8735924740399135,6.4828432093514445,0.39074926468846893,0.39074926468846893
2022-05-11 18:00:00,2022,5,11,18,3.485655644464477,3.7530697313816,-0.2674140869171233,0.2674140869171233
2022-05-12 00:00:00,2022,5,12,0,3.241317729231897,3.107574766385107,0.1337429628467901,0.1337429628467901
2022-05-12 06:00:00,2022,5,12,6,4.292528725486443,4.180632528324379,0.11189619716206423,0.11189619716206423
2022-05-12 12:00:00,2022,5,12,12,6.501135172601904,6.527882998763969,-0.02674782616206528,0.02674782616206528
2022-05-12 18:00:00,2022,5,12,18,3.5959979035612,3.574506878626785,0.021491024934415126,0.021491024934415126
2022-05-13 00:00:00,2022,5,13,0,3.634374401642833,3.3135129803280705,0.3208614213147625,0.3208614213147625
2022-05-13 06:00:00,2022,5,13,6,3.513819865782464,3.753829598623791,-0.24000973284132687,0.24000973284132687
2022-05-13 12:00:00,2022,5,13,12,6.9837222704548365,6.825494915360854,0.15822735509398278,0.15822735509398278
2022-05-13 18:00:00,2022,5,13,18,4.025052153153674,3.839241205642308,0.1858109475113663,0.1858109475113663
2022-05-14 00:00:00,2022,5,14,0,3.481225275087754,3.3172842737521715,0.16394100133558265,0.16394100133558265
2022-05-14 06:00:00,2022,5,14,6,3.817278755680961,3.7416585538641676,0.0756202018167933,0.0756202018167933
2022-05-14 12:00:00,2022,5,14,12,6.964424648512753,6.569583814712906,0.39484083379984725,0.39484083379984725
2022-05-14 18:00:00,2022,5,14,18,3.4985958990788824,3.507041594563695,-0.008445695484812443,0.008445695484812443
2022-05-15 00:00:00,2022,5,15,0,3.265283104060111,3.4719897785076363,-0.20670667444752544,0.20670667444752544
2022-05-15 06:00:00,2022,5,15,6,3.808842962736909,4.0547555233601305,-0.2459125606232213,0.2459125606232213
2022-05-15 12:00:00,2022,5,15,12,6.42691982730766,6.5013042561385825,-0.07438442883092211,0.07438442883092211
2022-05-15 18:00:00,2022,5,15,18,3.984511268139891,3.8650352462207804,0.11947602191911066,0.11947602191911066
2022-05-16 00:00:00,2022,5,16,0,3.025618138115802,3.13763829303497,-0.11202015491916795,0.11202015491916795
2022-05-16 06:00:00,2022,5,16,6,3.526848146306671,3.5109191596395997,0.01592898666707132,0.01592898666707132
2022-05-16 12:00:00,2022,5,16,12,6.79003952783717,6.900486624658178,-0.11044709682100873,0.11044709682100873
2022-05-16 18:00:00,2022,5,16,18,3.77007733773846,3.7674962996071395,0.00258103813132049,0.00258103813132049
2022-05-17 00:00:00,2022,5,17,0,3.2861282552213096,3.18956773723251,0.09656051798879961,0.09656051798879961
2022-05-17 06:00:00,2022,5,17,6,3.8309086484046393,3.7246714109408097,0.10623723746382963,0.10623723746382963
2022-05-17 12:00:00,2022,5,17,12,6.771452900929587,6.6715480903211635,0.09990481060842349,0.09990481060842349
2022-05-17 18:00:00,2022,5,17,18,3.74707097536916,3.7388197540326242,0.008251221336535774,0.008251221336535774
2022-05-18 00:00:00,2022,5,18,0,3.4255881399521333,3.46748509719088,-0.04189695723874687,0.04189695723874687
2022-05-18 06:00:00,2022,5,18,6,3.8834527410238553,3.81248524234318,0.07096749868067542,0.07096749868067542
2022-05-18 12:00:00,2022,5,18,12,6.726400602501069,6.690167250565295,0.03623335193577404,0.03623335193577404
2022-05-18 18:00:00,2022,5,18,18,4.371819489879815,4.211779808000159,0.16003968187965611,0.16003968187965611
2022-05-19 00:00:00,2022,5,19,0,3.4444142470896075,3.2954126213878734,0.14900162570173414,0.14900162570173414
2022-05-19 06:00:00,2022,5,19,6,3.8010172264444986,3.893381906987231,-0.09236468054273228,0.09236468054273228
2022-05-19 12:00:00,2022,5,19,12,7.039432768160515,6.902595576361308,0.1368371917992075,0.1368371917992075
2022-05-19 18:00:00,2022,5,19,18,3.526849862598165,3.702537743933312,-0.175687881335147,0.175687881335147
2022-05-20 00:00:00,2022,5,20,0,3.264220900810968,3.188550194396207,0.07567070641476104,0.07567070641476104
2022-05-20 06:00:00,2022,5,20,6,3.950995854387779,3.8550616095139216,0.09593424487385738,0.09593424487385738
2022-05-20 12:00:00,2022,5,20,12,6.983256557870312,7.246062584232543,-0.26280602636223094,0.26280602636223094
2022-05-20 18:00:00,2022,5,20,18,4.339671503152919,4.488631934185678,-0.14896043103275858,0.14896043103275858
2022-05-21 00:00:00,2022,5,21,0,3.5641854509816246,3.6055727185196846,-0.04138726753805999,0.04138726753805999
2022-05-21 06:00:00,2022,5,21,6,3.960171775846695,4.088403108273024,-0.12823133242632867,0.12823133242632867
2022-05-21 12:00:00,2022,5,21,12,7.074144729788618,6.770587758822889,0.30355697096572953,0.30355697096572953
2022-05-21 18:00:00,2022,5,21,18,4.106203883305363,3.776824540194066,0.329379343111297,0.329379343111297
2022-05-22 00:00:00,2022,5,22,0,3.3939069678106866,3.2256146661930427,0.16829230161764386,0.16829230161764386
2022-05-22 06:00:00,2022,5,22,6,4.695658780189009,5.005921201160476,-0.3102624209714664,0.3102624209714664
2022-05-22 12:00:00,2022,5,22,12,6.865539336966615,6.630629443410361,0.2349098935562539,0.2349098935562539
2022-05-22 18:00:00,2022,5,22,18,3.665932343361496,4.037827764837894,-0.37189542147639854,0.37189542147639854
2022-05-23 00:00:00,2022,5,23,0,3.7625658486928666,4.118832914883208,-0.3562670661903411,0.3562670661903411
2022-05-23 06:00:00,2022,5,23,6,4.113548940614042,4.158124761757058,-0.04457582114301584,0.04457582114301584
2022-05-23 12:00:00,2022,5,23,12,6.646103629410882,6.7445983114399475,-0.09849468202906575,0.09849468202906575
2022-05-23 18:00:00,2022,5,23,18,3.741356188887072,3.8275548845320975,-0.08619869564502558,0.08619869564502558
2022-05-24 00:00:00,2022,5,24,0,3.747749387973325,3.756995983109149,-0.009246595135824265,0.009246595135824265
2022-05-24 06:00:00,2022,5,24,6,4.014380073341578,4.09892438590474,-0.0845443125631622,0.0845443125631622
2022-05-24 12:00:00,2022,5,24,12,6.990195634680038,7.073995061767806,-0.08379942708776777,0.08379942708776777
2022-05-24 18:00:00,2022,5,24,18,4.0188186788707805,4.243577684282056,-0.22475900541127558,0.22475900541127558
2022-05-25 00:00:00,2022,5,25,0,3.2382421385784053,3.308237960258592,-0.06999582168018659,0.06999582168018659
2022-05-25 06:00:00,2022,5,25,6,4.200560828975563,4.49100940363215,-0.2904485746565868,0.2904485746565868
2022-05-25 12:00:00,2022,5,25,12,7.4214526566188015,7.639201720271873,-0.21774906365307167,0.21774906365307167
2022-05-25 18:00:00,2022,5,25,18,4.444435712439614,4.245853575168991,0.19858213727062335,0.19858213727062335
2022-05-26 00:00:00,2022,5,26,0,3.8736444094729943,3.7297011785668936,0.14394323090610062,0.14394323090610062
2022-05-26 06:00:00,2022,5,26,6,4.206257735092067,4.19803266514176,0.008225069950307251,0.008225069950307251
2022-05-26 12:00:00,2022,5,26,12,7.20546553040742,7.418690068417162,-0.21322453800974195,0.21322453800974195
2022-05-26 18:00:00,2022,5,26,18,4.051213416706196,4.1193425833763495,-0.06812916667015312,0.06812916667015312
2022-05-27 00:00:00,2022,5,27,0,3.456153052936188,3.530894566090633,-0.0747415131544451,0.0747415131544451
2022-05-27 06:00:00,2022,5,27,6,4.154964949600285,4.276823874828716,-0.12185892522843123,0.12185892522843123
2022-05-27 12:00:00,2022,5,27,12,7.02762767804502,7.289622716377718,-0.26199503833269766,0.26199503833269766
2022-05-27 18:00:00,2022,5,27,18,4.017294442046786,3.903057107983004,0.11423733406378256,0.11423733406378256
2022-05-28 00:00:00,2022,5,28,0,3.406994066229628,3.4925330190410206,-0.08553895281139257,0.08553895281139257
2022-05-28 06:00:00,2022,5,28,6,3.38557236128406,3.704903607024559,-0.3193312457404991,0.3193312457404991
2022-05-28 12:00:00,2022,5,28,12,7.436619091577125,7.438966931334606,-0.002347839757480763,0.002347839757480763
2022-05-28 18:00:00,2022,5,28,18,4.195091165069851,4.055183688559519,0.13990747651033164,0.13990747651033164
2022-05-29 00:00:00,2022,5,29,0,3.7640624946450254,4.14132480819252,-0.3772623135474946,0.3772623135474946
2022-05-29 06:00:00,2022,5,29,6,4.232497300969143,4.4709739053920625,-0.23847660442291918,0.23847660442291918
2022-05-29 12:00:00,2022,5,29,12,6.80306609642106,6.778696114481778,0.02436998193928197,0.02436998193928197
2022-05-29 18:00:00,2022,5,29,18,3.785558358632605,4.082311639103555,-0.29675328047094984,0.29675328047094984
2022-05-30 00:00:00,2022,5,30,0,4.255557556063603,4.039401150622604,0.2161564054409988,0.2161564054409988
2022-05-30 06:00:00,2022,5,30,6,4.081449211601216,4.076946663386088,0.004502548215127966,0.004502548215127966
2022-05-30 12:00:00,2022,5,30,12,7.364542853267692,7.58748220343573,-0.2229393501680379,0.2229393501680379
2022-05-30 18:00:00,2022,5,30,18,3.737486419623018,3.8717018893099215,-0.13421546968690334,0.13421546968690334
2022-05-31 00:00:00,2022,5,31,0,3.76720849999573,3.7363849173996795,0.030823582596050336,0.030823582596050336
2022-05-31 06:00:00,2022,5,31,6,3.876528609858897,3.9620386255596456,-0.08551001570074845,0.08551001570074845
2022-05-31 12:00:00,2022,5,31,12,7.405633151923862,7.209279083113725,0.19635406881013662,0.19635406881013662
2022-05-31 18:00:00,2022,5,31,18,4.0631129865855335,3.97898514686111,0.08412783972442339,0.08412783972442339
2022-06-01 00:00:00,2022,6,1,0,4.537137515800677,4.675526940721489,-0.13838942492081152,0.13838942492081152
2022-06-01 06:00:00,2022,6,1,6,4.517604037085467,4.631311850558104,-0.11370781347263748,0.11370781347263748
2022-06-01 12:00:00,2022,6,1,12,7.299862574128653,7.4891653005987955,-0.18930272647014235,0.18930272647014235
2022-06-01 18:00:00,2022,6,1,18,4.106091960786985,4.265556617372207,-0.15946465658522158,0.15946465658522158
2022-06-02 00:00:00,2022,6,2,0,3.850136003793209,3.911194712185034,-0.061058708391825256,0.061058708391825256
2022-06-02 06:00:00,2022,6,2,6,4.414367668888456,4.4461032626385615,-0.03173559375010537,0.03173559375010537
2022-06-02 12:00:00,2022,6,2,12,7.793624059164408,7.618670616011625,0.17495344315278327,0.17495344315278327
2022-06-02 18:00:00,2022,6,2,18,4.142675149300263,4.176101800043758,-0.033426650743495046,0.033426650743495046
2022-06-03 00:00:00,2022,6,3,0,3.990302541401643,3.911246448086087,0.07905609331555574,0.07905609331555574
2022-06-03 06:00:00,2022,6,3,6,4.354861359733936,4.485900786786519,-0.13103942705258298,0.13103942705258298
2022-06-03 12:00:00,2022,6,3,12,7.588979586654847,7.587952075621448,0.0010275110333983761,0.0010275110333983761
2022-06-03 18:00:00,2022,6,3,18,4.468422460109911,4.3801777775694335,0.0882446825404779,0.0882446825404779
2022-06-04 00:00:00,2022,6,4,0,3.631208132742981,3.8530372849463266,-0.22182915220334554,0.22182915220334554
2022-06-04 06:00:00,2022,6,4,6,4.324881678097068,4.391043535518247,-0.06616185742117953,0.06616185742117953
2022-06-04 12:00:00,2022,6,4,12,6.956155929661688,7.088042309752584,-0.13188638009089626,0.13188638009089626
2022-06-04 18:00:00,2022,6,4,18,4.405389918690617,4.258723104102789,0.14666681458782804,0.14666681458782804
2022-06-05 00:00:00,2022,6,5,0,3.736840841128191,3.8052564421269204,-0.06841560099872934,0.06841560099872934
2022-06-05 06:00:00,2022,6,5,6,5.197938912054205,4.842126077097551,0.3558128349566543,0.3558128349566543
2022-06-05 12:00:00,2022,6,5,12,7.535591575005123,7.412415445618965,0.12317612938615774,0.12317612938615774
2022-06-05 18:00:00,2022,6,5,18,4.653285459080524,4.472912091274467,0.18037336780605706,0.18037336780605706
2022-06-06 00:00:00,2022,6,6,0,4.128906710595775,4.118577476784774,0.01032923381100126,0.01032923381100126
2022-06-06 06:00:00,2022,6,6,6,4.995963124561082,4.731175786687146,0.26478733787393605,0.26478733787393605
2022-06-06 12:00:00,2022,6,6,12,7.416928994849699,7.216079075971675,0.20084991887802417,0.20084991887802417
2022-06-06 18:00:00,2022,6,6,18,3.8370973132662582,4.257458847984651,-0.4203615347183929,0.4203615347183929
2022-06-07 00:00:00,2022,6,7,0,4.842883831716149,4.803140728981792,0.03974310273435666,0.03974310273435666
2022-06-07 06:00:00,2022,6,7,6,4.6508970740763,4.753987297459162,-0.10309022338286145,0.10309022338286145
2022-06-07 12:00:00,2022,6,7,12,7.496274945970279,7.673573748774804,-0.17729880280452548,0.17729880280452548
2022-06-07 18:00:00,2022,6,7,18,4.840701421947068,4.864717193048614,-0.024015771101546513,0.024015771101546513
2022-06-08 00:00:00,2022,6,8,0,3.920635548255886,3.87612325382626,0.044512294429625676,0.044512294429625676
2022-06-08 06:00:00,2022,6,8,6,4.302527993751843,4.159768268325237,0.14275972542660575,0.14275972542660575
2022-06-08 12:00:00,2022,6,8,12,7.646544148303998,7.5132253220959075,0.13331882620809044,0.13331882620809044
2022-06-08 18:00:00,2022,6,8,18,4.874176299548214,4.57014548529403,0.3040308142541841,0.3040308142541841
2022-06-09 00:00:00,2022,6,9,0,4.740079013509578,4.8587326688559385,-0.11865365534636041,0.11865365534636041
2022-06-09 06:00:00,2022,6,9,6,4.7481989300578125,4.972561557792037,-0.22436262773422477,0.22436262773422477
2022-06-09 12:00:00,2022,6,9,12,7.528020124570147,7.666953441503368,-0.13893331693322164,0.13893331693322164
2022-06-09 18:00:00,2022,6,9,18,4.911543955186433,5.057443396306028,-0.14589944111959507,0.14589944111959507
2022-06-10 00:00:00,2022,6,10,0,4.162861855487162,4.341818165605634,-0.17895631011847168,0.17895631011847168
2022-06-10 06:00:00,2022,6,10,6,4.769608378079878,4.684797133264179,0.08481124481569946,0.08481124481569946
2022-06-10 12:00:00,2022,6,10,12,7.671887623015043,7.693277586471518,-0.021389963456474703,0.021389963456474703
2022-06-10 18:00:00,2022,6,10,18,4.8427996343008655,4.6287289439641555,0.21407069033671,0.21407069033671
2022-06-11 00:00:00,2022,6,11,0,4.500977511111431,4.681680416176178,-0.18070290506474684,0.18070290506474684
2022-06-11 06:00:00,2022,6,11,6,4.923867448338715,4.786196367481037,0.13767108085767799,0.13767108085767799
2022-06-11 12:00:00,2022,6,11,12,7.9713974892742,7.731199962414097,0.24019752686010332,0.24019752686010332
2022-06-11 18:00:00,2022,6,11,18,4.959506900236828,4.810395814924818,0.14911108531201034,0.14911108531201034
2022-06-12 00:00:00,2022,6,12,0,4.308893087012651,4.283154481888357,0.02573860512429338,0.02573860512429338
2022-06-12 06:00:00,2022,6,12,6,4.530692796576322,4.483139673172289,0.04755312340403339,0.04755312340403339
2022-06-12 12:00:00,2022,6,12,12,7.9129691904537935,7.566398780567771,0.3465704098860227,0.3465704098860227
2022-06-12 18:00:00,2022,6,12,18,4.509744067521608,4.572072200388392,-0.06232813286678329,0.06232813286678329
2022-06-13 00:00:00,2022,6,13,0,4.427095594002065,4.511378201297763,-0.08428260729569814,0.08428260729569814
2022-06-13 06:00:00,2022,6,13,6,4.69554039696433,4.6372543194431595,0.058286077521170654,0.058286077521170654
2022-06-13 12:00:00,2022,6,13,12,7.784544086401842,7.500618534933227,0.28392555146861476,0.28392555146861476
2022-06-13 18:00:00,2022,6,13,18,4.83076060209942,4.600700948358049,0.23005965374137105,0.23005965374137105
2022-06-14 00:00:00,2022,6,14,0,4.10702724890156,4.129370129827644,-0.022342880926084163,0.022342880926084163
2022-06-14 06:00:00,2022,6,14,6,4.073728441342855,4.306908913924422,-0.2331804725815676,0.2331804725815676
2022-06-14 12:00:00,2022,6,14,12,7.53995346130089,7.442285194255847,0.09766826704504261,0.09766826704504261
2022-06-14 18:00:00,2022,6,14,18,4.606822482482674,4.668734414393128,-0.061911931910454854,0.061911931910454854
2022-06-15 00:00:00,2022,6,15,0,4.4117818245378615,4.3892832243528455,0.022498600185016038,0.022498600185016038
2022-06-15 06:00:00,2022,6,15,6,4.370170984840261,4.435095783577107,-0.06492479873684598,0.06492479873684598
2022-06-15 12:00:00,2022,6,15,12,7.6242448379641905,7.422364710741939,0.20188012722225146,0.20188012722225146
2022-06-15 18:00:00,2022,6,15,18,4.42274931148589,4.468614986789289,-0.04586567530339902,0.04586567530339902
2022-06-16 00:00:00,2022,6,16,0,3.979154807578559,4.012010979249491,-0.032856171670932355,0.032856171670932355
2022-06-16 06:00:00,2022,6,16,6,4.317599120636191,4.453648684768259,-0.13604956413206803,0.13604956413206803
2022-06-16 12:00:00,2022,6,16,12,8.121151150787497,7.952719605390053,0.16843154539744454,0.16843154539744454
2022-06-16 18:00:00,2022,6,16,18,4.848974522998189,4.753846099605688,0.0951284233925005,0.0951284233925005
2022-06-17 00:00:00,2022,6,17,0,4.788854007602818,4.742459424841469,0.04639458276134878,0.04639458276134878
2022-06-17 06:00:00,2022,6,17,6,5.064075691939262,4.8933595188365295,0.17071617310273268,0.17071617310273268
2022-06-17 12:00:00,2022,6,17,12,7.862026958567759,7.642815416374357,0.21921154219340178,0.21921154219340178
2022-06-17 18:00:00,2022,6,17,18,4.176405208606829,4.317596548352203,-0.14119133974537412,0.14119133974537412
2022-06-18 00:00:00,2022,6,18,0,4.0156787032929016,4.085266879342771,-0.06958817604986933,0.06958817604986933
2022-06-18 06:00:00,2022,6,18,6,4.807998197718122,4.746009307510019,0.061988890208103165,0.061988890208103165
2022-06-18 12:00:00,2022,6,18,12,7.712553117816857,7.519581794017515,0.192971323799342,0.192971323799342
2022-06-18 18:00:00,2022,6,18,18,4.997227155182446,4.83218026303558,0.16504689214686596,0.16504689214686596
2022-06-19 00:00:00,2022,6,19,0,4.308019845557778,4.306703475842469,0.0013163697153091292,0.0013163697153091292
2022-06-19 06:00:00,2022,6,19,6,4.752249637292138,4.666463118099731,0.08578651919240698,0.08578651919240698
2022-06-19 12:00:00,2022,6,19,12,7.8622579328783315,7.770546318304688,0.09171161457364363,0.09171161457364363
2022-06-19 18:00:00,2022,6,19,18,4.994242443720626,4.708629401982953,0.28561304173767343,0.28561304173767343
2022-06-20 00:00:00,2022,6,20,0,4.129380670376422,4.04574984950546,0.08363082087096263,0.08363082087096263
2022-06-20 06:00:00,2022,6,20,6,4.480003163361499,4.600467324950587,-0.12046416158908801,0.12046416158908801
2022-06-20 12:00:00,2022,6,20,12,7.633113418893649,7.401564500737886,0.23154891815576306,0.23154891815576306
2022-06-20 18:00:00,2022,6,20,18,4.329537782389619,4.681969449523227,-0.3524316671336081,0.3524316671336081
2022-06-21 00:00:00,2022,6,21,0,4.170799920678032,4.126782804441331,0.04401711623670135,0.04401711623670135
2022-06-21 06:00:00,2022,6,21,6,4.614361383531881,4.5814639466060605,0.032897436925820145,0.032897436925820145
2022-06-21 12:00:00,2022,6,21,12,7.773448445179685,7.7037774801255425,0.06967096505414272,0.06967096505414272
2022-06-21 18:00:00,2022,6,21,18,4.346535104616772,4.602553037510007,-0.2560179328932346,0.2560179328932346
2022-06-22 00:00:00,2022,6,22,0,4.610621880154292,4.6704627683064945,-0.05984088815220279,0.05984088815220279
2022-06-22 06:00:00,2022,6,22,6,4.953242441962243,4.82316959223947,0.13007284972277322,0.13007284972277322
2022-06-22 12:00:00,2022,6,22,12,8.689156144286587,8.699678639177256,-0.01052249489066881,0.01052249489066881
2022-06-22 18:00:00,2022,6,22,18,4.605448747564043,4.641009599103817,-0.03556085153977406,0.03556085153977406
2022-06-23 00:00:00,2022,6,23,0,4.373036302086346,4.367358864911672,0.005677437174673727,0.005677437174673727
2022-06-23 06:00:00,2022,6,23,6,4.736976594587086,4.589515228063786,0.14746136652329955,0.14746136652329955
2022-06-23 12:00:00,2022,6,23,12,7.659920807595144,7.399725732676594,0.26019507491855,0.26019507491855
2022-06-23 18:00:00,2022,6,23,18,4.645947714352386,4.760441804736123,-0.11449409038373748,0.11449409038373748
2022-06-24 00:00:00,2022,6,24,0,4.67818805468727,4.48919074994056,0.18899730474671017,0.18899730474671017
2022-06-24 06:00:00,2022,6,24,6,4.757355996518034,4.641279545980952,0.11607645053708193,0.11607645053708193
2022-06-24 12:00:00,2022,6,24,12,7.992675307554486,7.845350085444281,0.14732522211020527,0.14732522211020527
2022-06-24 18:00:00,2022,6,24,18,4.663958493585018,4.716735934790768,-0.05277744120575001,0.05277744120575001
2022-06-25 00:00:00,2022,6,25,0,4.37953014286108,4.2935096390901695,0.08602050377091075,0.08602050377091075
2022-06-25 06:00:00,2022,6,25,6,5.15955404603343,4.984901933416711,0.17465211261671953,0.17465211261671953
2022-06-25 12:00:00,2022,6,25,12,8.190389842068768,7.844541486081292,0.3458483559874761,0.3458483559874761
2022-06-25 18:00:00,2022,6,25,18,4.980552319230138,4.90089482308866,0.07965749614147732,0.07965749614147732
2022-06-26 00:00:00,2022,6,26,0,4.272112920483647,4.403058455059598,-0.13094553457595026,0.13094553457595026
2022-06-26 06:00:00,2022,6,26,6,5.199497672559731,5.096653940695393,0.10284373186433804,0.10284373186433804
2022-06-26 12:00:00,2022,6,26,12,8.262758878030327,8.092949108657217,0.16980976937311,0.16980976937311
2022-06-26 18:00:00,2022,6,26,18,5.044716141136801,4.881139388238347,0.16357675289845375,0.16357675289845375
2022-06-27 00:00:00,2022,6,27,0,4.792096313319822,4.79294249044592,-0.0008461771260979134,0.0008461771260979134
2022-06-27 06:00:00,2022,6,27,6,4.979170153334383,4.672026985996748,0.30714316733763525,0.30714316733763525
2022-06-27 12:00:00,2022,6,27,12,8.050154677641203,8.169497741005713,-0.11934306336451073,0.11934306336451073
2022-06-27 18:00:00,2022,6,27,18,4.697447157931521,4.708736287951007,-0.011289130019486393,0.011289130019486393
2022-06-28 00:00:00,2022,6,28,0,4.546579257644177,4.434840473079959,0.11173878456421793,0.11173878456421793
2022-06-28 06:00:00,2022,6,28,6,5.120419890723467,4.9733976158805095,0.14702227484295705,0.14702227484295705
2022-06-28 12:00:00,2022,6,28,12,7.909030303192024,7.964817407924198,-0.05578710473217363,0.05578710473217363
2022-06-28 18:00:00,2022,6,28,18,5.100634212852047,5.010886097879848,0.08974811497219903,0.08974811497219903
2022-06-29 00:00:00,2022,6,29,0,5.0123857141028605,4.682178253668757,0.33020746043410387,0.33020746043410387
2022-06-29 06:00:00,2022,6,29,6,4.7363723421412365,4.795035061370302,-0.05866271922906563,0.05866271922906563
2022-06-29 12:00:00,2022,6,29,12,7.984880713200209,7.894409421104203,0.09047129209600602,0.09047129209600602
2022-06-29 18:00:00,2022,6,29,18,4.483752434252478,4.710376560672404,-0.22662412641992535,0.22662412641992535
2022-06-30 00:00:00,2022,6,30,0,4.414769440607876,4.436766655159345,-0.021997214551468858,0.021997214551468858
2022-06-30 06:00:00,2022,6,30,6,4.970346259211548,4.944802217158681,0.025544042052866978,0.025544042052866978
2022-06-30 12:00:00,2022,6,30,12,8.010705847688644,8.066033961826541,-0.05532811413789673,0.05532811413789673
2022-06-30 18:00:00,2022,6,30,18,4.664303921794068,4.869665602086823,-0.20536168029275537,0.20536168029275537
2022-07-01 00:00:00,2022,7,1,0,4.491017622341018,4.643331431109048,-0.1523138087680298,0.1523138087680298
2022-07-01 06:00:00,2022,7,1,6,4.891783895305119,4.91583314977569,-0.024049254470570602,0.024049254470570602
2022-07-01 12:00:00,2022,7,1,12,8.876818491073703,8.40997616425572,0.4668423268179822,0.4668423268179822
2022-07-01 18:00:00,2022,7,1,18,4.458994569679299,4.6193670712334995,-0.16037250155420057,0.16037250155420057
2022-07-02 00:00:00,2022,7,2,0,4.707369408668766,4.704739624224311,0.002629784444454941,0.002629784444454941
2022-07-02 06:00:00,2022,7,2,6,4.927547248116993,4.975417985887979,-0.04787073777098527,0.04787073777098527
2022-07-02 12:00:00,2022,7,2,12,8.108880402485157,8.143418995087634,-0.034538592602476825,0.034538592602476825
2022-07-02 18:00:00,2022,7,2,18,4.62014160295069,4.73476359208216,-0.11462198913147059,0.11462198913147059
2022-07-03 00:00:00,2022,7,3,0,4.764130911200636,4.683620843563524,0.08051006763711133,0.08051006763711133
2022-07-03 06:00:00,2022,7,3,6,4.8667591654242806,5.000386480757734,-0.1336273153334533,0.1336273153334533
2022-07-03 12:00:00,2022,7,3,12,7.931236187580513,8.143013021874783,-0.21177683429426963,0.21177683429426963
2022-07-03 18:00:00,2022,7,3,18,4.881552533297627,4.881218039268967,0.00033449402865937117,0.00033449402865937117
2022-07-04 00:00:00,2022,7,4,0,5.407580968727751,5.499129103712298,-0.0915481349845475,0.0915481349845475
2022-07-04 06:00:00,2022,7,4,6,5.258140741217101,5.461758098262131,-0.20361735704503037,0.20361735704503037
2022-07-04 12:00:00,2022,7,4,12,8.081754682742448,8.35725220053556,-0.27549751779311293,0.27549751779311293
2022-07-04 18:00:00,2022,7,4,18,4.977324439302095,5.050874207500568,-0.07354976819847359,0.07354976819847359
2022-07-05 00:00:00,2022,7,5,0,4.499230538085497,4.544083083018237,-0.04485254493274038,0.04485254493274038
2022-07-05 06:00:00,2022,7,5,6,5.146277317013353,4.969021845189541,0.17725547182381174,0.17725547182381174
2022-07-05 12:00:00,2022,7,5,12,7.618447135793283,7.970128479572716,-0.3516813437794326,0.3516813437794326
2022-07-05 18:00:00,2022,7,5,18,4.922824944103455,4.892592089655341,0.030232854448113855,0.030232854448113855
2022-07-06 00:00:00,2022,7,6,0,4.634185346360193,4.5699051040690435,0.06428024229114992,0.06428024229114992
2022-07-06 06:00:00,2022,7,6,6,4.82287203658294,4.887644222214633,-0.06477218563169362,0.06477218563169362
2022-07-06 12:00:00,2022,7,6,12,8.181808006148659,8.064677128728361,0.11713087742029771,0.11713087742029771
2022-07-06 18:00:00,2022,7,6,18,4.984096589529505,5.100950276994124,-0.11685368746461844,0.11685368746461844
2022-07-07 00:00:00,2022,7,7,0,4.631275932238171,4.733972750136216,-0.10269681789804519,0.10269681789804519
2022-07-07 06:00:00,2022,7,7,6,4.8107891015192665,5.220315985009023,-0.4095268834897565,0.4095268834897565
2022-07-07 12:00:00,2022,7,7,12,8.005486986894393,8.257452878349534,-0.25196589145514103,0.25196589145514103
2022-07-07 18:00:00,2022,7,7,18,4.904623292196706,5.083248480889618,-0.17862518869291222,0.17862518869291222
2022-07-08 00:00:00,2022,7,8,0,4.8024329053097325,4.748163216379347,0.05426968893038531,0.05426968893038531
2022-07-08 06:00:00,2022,7,8,6,5.341503607702358,5.012005289638252,0.3294983180641058,0.3294983180641058
2022-07-08 12:00:00,2022,7,8,12,8.240039987826833,8.202717726491448,0.037322261335384965,0.037322261335384965
2022-07-08 18:00:00,2022,7,8,18,5.801383278789373,5.696990215924964,0.10439306286440964,0.10439306286440964
2022-07-09 00:00:00,2022,7,9,0,4.674088811944474,4.633219711008504,0.04086910093596963,0.04086910093596963
2022-07-09 06:00:00,2022,7,9,6,4.756475039392965,4.847223180957034,-0.09074814156406852,0.09074814156406852
2022-07-09 12:00:00,2022,7,9,12,8.123996208388862,8.394473530684229,-0.2704773222953669,0.2704773222953669
2022-07-09 18:00:00,2022,7,9,18,5.2382276005986,5.19589818319961,0.04232941739899054,0.04232941739899054
2022-07-10 00:00:00,2022,7,10,0,5.008222013888968,4.900622304304298,0.10759970958467058,0.10759970958467058
2022-07-10 06:00:00,2022,7,10,6,4.611436808440671,4.760159029717754,-0.14872222127708312,0.14872222127708312
2022-07-10 12:00:00,2022,7,10,12,7.932623562554021,7.8835386505924445,0.04908491196157616,0.04908491196157616
2022-07-10 18:00:00,2022,7,10,18,5.4842818958040445,5.383293278300375,0.10098861750366961,0.10098861750366961
2022-07-11 00:00:00,2022,7,11,0,4.796135666737951,4.846325732660643,-0.05019006592269193,0.05019006592269193
2022-07-11 06:00:00,2022,7,11,6,5.460765259355901,5.234781621757883,0.22598363759801732,0.22598363759801732
2022-07-11 12:00:00,2022,7,11,12,7.721930576194144,8.279665267011321,-0.5577346908171767,0.5577346908171767
2022-07-11 18:00:00,2022,7,11,18,5.396415348356459,5.607879772499771,-0.2114644241433119,0.2114644241433119
2022-07-12 00:00:00,2022,7,12,0,5.225287510241532,5.201567797124893,0.02371971311663934,0.02371971311663934
2022-07-12 06:00:00,2022,7,12,6,5.185684573585135,5.1741177452528895,0.011566828332245649,0.011566828332245649
2022-07-12 12:00:00,2022,7,12,12,8.338011549659328,8.259063308106384,0.07894824155294344,0.07894824155294344
2022-07-12 18:00:00,2022,7,12,18,5.30089287592701,5.417909400264989,-0.11701652433797882,0.11701652433797882
2022-07-13 00:00:00,2022,7,13,0,5.348531457454617,5.1778435741323365,0.17068788332228024,0.17068788332228024
2022-07-13 06:00:00,2022,7,13,6,5.142647488270344,5.187648056187712,-0.045000567917367285,0.045000567917367285
2022-07-13 12:00:00,2022,7,13,12,8.676281811581044,8.468016574795406,0.20826523678563724,0.20826523678563724
2022-07-13 18:00:00,2022,7,13,18,5.176353740765757,5.383804402772844,-0.20745066200708706,0.20745066200708706
2022-07-14 00:00:00,2022,7,14,0,5.036770019412246,5.054850913914519,-0.01808089450227346,0.01808089450227346
2022-07-14 06:00:00,2022,7,14,6,5.209326071110791,5.026607535074804,0.18271853603598665,0.18271853603598665
2022-07-14 12:00:00,2022,7,14,12,8.104977642518492,8.593687814898349,-0.48871017237985726,0.48871017237985726
2022-07-14 18:00:00,2022,7,14,18,5.094682331016935,5.0950144586095645,-0.00033212759262912783,0.00033212759262912783
2022-07-15 00:00:00,2022,7,15,0,4.603974250759869,4.678496154763623,-0.07452190400375436,0.07452190400375436
2022-07-15 06:00:00,2022,7,15,6,5.224649887226032,5.1577589274971505,0.06689095972888115,0.06689095972888115
2022-07-15 12:00:00,2022,7,15,12,7.95373318985061,8.224636911585465,-0.27090372173485555,0.27090372173485555
2022-07-15 18:00:00,2022,7,15,18,5.031746483074675,5.078631831494236,-0.04688534841956038,0.04688534841956038
2022-07-16 00:00:00,2022,7,16,0,5.088830505644729,4.98196901173662,0.1068614939081094,0.1068614939081094
2022-07-16 06:00:00,2022,7,16,6,6.091621676964109,6.033189904324319,0.05843177263979005,0.05843177263979005
2022-07-16 12:00:00,2022,7,16,12,8.65022928655042,8.841512287628955,-0.1912830010785349,0.1912830010785349
2022-07-16 18:00:00,2022,7,16,18,5.31777455584129,5.26771704622761,0.05005750961367994,0.05005750961367994
2022-07-17 00:00:00,2022,7,17,0,5.494198695327242,5.533279954034373,-0.03908125870713075,0.03908125870713075
2022-07-17 06:00:00,2022,7,17,6,5.275828705784719,5.189465786362901,0.08636291942181806,0.08636291942181806
2022-07-17 12:00:00,2022,7,17,12,8.029065825596545,8.169943822942807,-0.14087799734626216,0.14087799734626216
2022-07-17 18:00:00,2022,7,17,18,5.4842884017277065,5.827097880396688,-0.3428094786689817,0.3428094786689817
2022-07-18 00:00:00,2022,7,18,0,4.513155899606865,4.67947865875803,-0.16632275915116512,0.16632275915116512
2022-07-18 06:00:00,2022,7,18,6,5.103836133553592,5.0773075140048025,0.026528619548789045,0.026528619548789045
2022-07-18 12:00:00,2022,7,18,12,8.223105522465405,8.63290182989046,-0.4097963074250561,0.4097963074250561
2022-07-18 18:00:00,2022,7,18,18,6.017322127872866,5.92693246129849,0.09038966657437619,0.09038966657437619
2022-07-19 00:00:00,2022,7,19,0,4.545863330787062,4.686761737145555,-0.1408984063584926,0.1408984063584926
2022-07-19 06:00:00,2022,7,19,6,4.927932577063971,5.018254950925931,-0.09032237386195963,0.09032237386195963
2022-07-19 12:00:00,2022,7,19,12,8.420024823764955,8.31577503059204,0.10424979317291516,0.10424979317291516
2022-07-19 18:00:00,2022,7,19,18,5.11896287605761,5.303231058313721,-0.18426818225611097,0.18426818225611097
2022-07-20 00:00:00,2022,7,20,0,5.023915392284551,4.943100976079411,0.08081441620513985,0.08081441620513985
2022-07-20 06:00:00,2022,7,20,6,5.710495545045171,5.469707553868867,0.24078799117630378,0.24078799117630378
2022-07-20 12:00:00,2022,7,20,12,8.459907466755158,8.25631044282364,0.20359702393151835,0.20359702393151835
2022-07-20 18:00:00,2022,7,20,18,4.915259153911266,5.032149996483244,-0.11689084257197813,0.11689084257197813
2022-07-21 00:00:00,2022,7,21,0,5.247575115129552,5.182621920475092,0.06495319465446059,0.06495319465446059
2022-07-21 06:00:00,2022,7,21,6,5.6017434066966345,5.501980056122454,0.09976335057418062,0.09976335057418062
2022-07-21 12:00:00,2022,7,21,12,8.748552036525494,8.381528678833766,0.36702335769172834,0.36702335769172834
2022-07-21 18:00:00,2022,7,21,18,5.5442572676997495,5.704078937956456,-0.15982167025670613,0.15982167025670613
2022-07-22 00:00:00,2022,7,22,0,5.252013552410348,5.2999680129848,-0.047954460574451296,0.047954460574451296
2022-07-22 06:00:00,2022,7,22,6,5.15096778198912,5.13454644120383,0.016421340785290006,0.016421340785290006
2022-07-22 12:00:00,2022,7,22,12,9.028846680081587,9.037630429345445,-0.008783749263857388,0.008783749263857388
2022-07-22 18:00:00,2022,7,22,18,5.310591012992057,5.493448658059422,-0.18285764506736513,0.18285764506736513
2022-07-23 00:00:00,2022,7,23,0,4.70525632012864,4.8645068509467295,-0.15925053081808915,0.15925053081808915
2022-07-23 06:00:00,2022,7,23,6,5.007754571532607,5.235516784778519,-0.22776221324591184,0.22776221324591184
2022-07-23 12:00:00,2022,7,23,12,8.836907866374496,8.66514893307656,0.17175893329793546,0.17175893329793546
2022-07-23 18:00:00,2022,7,23,18,5.243649026308235,5.172391702902715,0.07125732340552027,0.07125732340552027
2022-07-24 00:00:00,2022,7,24,0,4.644464502987464,4.857359956312581,-0.2128954533251166,0.2128954533251166
2022-07-24 06:00:00,2022,7,24,6,5.092960839072875,4.920661688985447,0.17229915008742758,0.17229915008742758
2022-07-24 12:00:00,2022,7,24,12,8.830226821389893,8.512599019400527,0.31762780198936547,0.31762780198936547
2022-07-24 18:00:00,2022,7,24,18,5.899910739829829,5.862906094282369,0.037004645547459525,0.037004645547459525
2022-07-25 00:00:00,2022,7,25,0,4.738664024956263,4.726717196068812,0.011946828887451133,0.011946828887451133
2022-07-25 06:00:00,2022,7,25,6,5.435683530062098,5.308839555055898,0.12684397500620026,0.12684397500620026
2022-07-25 12:00:00,2022,7,25,12,8.327990303035886,8.465194237318281,-0.13720393428239497,0.13720393428239497
2022-07-25 18:00:00,2022,7,25,18,4.850083272913052,5.0982050201102505,-0.2481217471971986,0.2481217471971986
2022-07-26 00:00:00,2022,7,26,0,4.799164975218633,4.918784475340164,-0.119619500121531,0.119619500121531
2022-07-26 06:00:00,2022,7,26,6,5.885271043702953,5.866751632468663,0.018519411234289684,0.018519411234289684
2022-07-26 12:00:00,2022,7,26,12,9.061753390937168,8.854726426573148,0.20702696436402057,0.20702696436402057
2022-07-26 18:00:00,2022,7,26,18,5.325711287100321,5.283165971469649,0.04254531563067232,0.04254531563067232
2022-07-27 00:00:00,2022,7,27,0,5.358573041233186,5.190141793151787,0.16843124808139898,0.16843124808139898
2022-07-27 06:00:00,2022,7,27,6,5.451780326882805,5.218951226258837,0.23282910062396756,0.23282910062396756
2022-07-27 12:00:00,2022,7,27,12,8.48133437974267,8.452452680544013,0.028881699198656463,0.028881699198656463
2022-07-27 18:00:00,2022,7,27,18,5.3800630716077125,5.310113840184876,0.06994923142283671,0.06994923142283671
2022-07-28 00:00:00,2022,7,28,0,5.337330258494652,5.1289948137464,0.20833544474825239,0.20833544474825239
2022-07-28 06:00:00,2022,7,28,6,5.409890934648581,5.383491637642059,0.026399297006521216,0.026399297006521216
2022-07-28 12:00:00,2022,7,28,12,8.639232218628068,8.410153100162423,0.22907911846564488,0.22907911846564488
2022-07-28 18:00:00,2022,7,28,18,4.918601335387642,5.175088820102045,-0.25648748471440275,0.25648748471440275
2022-07-29 00:00:00,2022,7,29,0,4.973782786180454,5.113184680870499,-0.13940189469004505,0.13940189469004505
2022-07-29 06:00:00,2022,7,29,6,5.597769800200784,5.475608870581229,0.1221609296195556,0.1221609296195556
2022-07-29 12:00:00,2022,7,29,12,8.335831627322623,8.23076589174958,0.10506573557304222,0.10506573557304222
2022-07-29 18:00:00,2022,7,29,18,6.008311723762614,5.910300261462183,0.09801146230043134,0.09801146230043134
2022-07-30 00:00:00,2022,7,30,0,4.816566632539007,4.984387974336183,-0.16782134179717634,0.16782134179717634
2022-07-30 06:00:00,2022,7,30,6,4.998538464704868,5.291276608534289,-0.2927381438294203,0.2927381438294203
2022-07-30 12:00:00,2022,7,30,12,8.924194669380535,8.74845544913603,0.1757392202445054,0.1757392202445054
2022-07-30 18:00:00,2022,7,30,18,5.803204939784247,6.007075751483737,-0.20387081169949006,0.20387081169949006
2022-07-31 00:00:00,2022,7,31,0,5.262170228667883,5.218591444593636,0.04357878407424742,0.04357878407424742
2022-07-31 06:00:00,2022,7,31,6,5.370312107284207,5.378059785371067,-0.00774767808686061,0.00774767808686061
2022-07-31 12:00:00,2022,7,31,12,8.449065840693613,8.661225488833017,-0.21215964813940325,0.21215964813940325
2022-07-31 18:00:00,2022,7,31,18,5.563589484875204,5.316913630702973,0.24667585417223137,0.24667585417223137
2022-08-01 00:00:00,2022,8,1,0,5.31220096991836,5.150561752075171,0.1616392178431889,0.1616392178431889
2022-08-01 06:00:00,2022,8,1,6,5.463232338144064,5.55949255267515,-0.09626021453108535,0.09626021453108535
2022-08-01 12:00:00,2022,8,1,12,8.322262648133433,8.408273602413837,-0.08601095428040395,0.08601095428040395
2022-08-01 18:00:00,2022,8,1,18,5.343557700039978,5.215061003200722,0.1284966968392558,0.1284966968392558
2022-08-02 00:00:00,2022,8,2,0,5.290382898746956,4.985661184932286,0.3047217138146703,0.3047217138146703
2022-08-02 06:00:00,2022,8,2,6,5.325278530269709,5.248565580779184,0.07671294949052498,0.07671294949052498
2022-08-02 12:00:00,2022,8,2,12,8.392423828557392,8.358501572156488,0.033922256400904516,0.033922256400904516
2022-08-02 18:00:00,2022,8,2,18,5.1867205705236215,5.142886648799013,0.04383392172460887,0.04383392172460887
2022-08-03 00:00:00,2022,8,3,0,5.159645700881023,5.071041568513435,0.08860413236758813,0.08860413236758813
2022-08-03 06:00:00,2022,8,3,6,5.748856739581305,5.438226924459795,0.31062981512150944,0.31062981512150944
2022-08-03 12:00:00,2022,8,3,12,8.482224451487182,8.393975814360333,0.08824863712684916,0.08824863712684916
2022-08-03 18:00:00,2022,8,3,18,5.6662205775510985,5.758844231305281,-0.09262365375418202,0.09262365375418202
2022-08-04 00:00:00,2022,8,4,0,5.612209016438266,5.280305050974561,0.33190396546370504,0.33190396546370504
2022-08-04 06:00:00,2022,8,4,6,5.493543313089324,5.353154407703805,0.14038890538551918,0.14038890538551918
2022-08-04 12:00:00,2022,8,4,12,8.289077369526206,8.291147926700027,-0.002070557173821541,0.002070557173821541
2022-08-04 18:00:00,2022,8,4,18,5.6140702736679575,5.830311572335602,-0.21624129866764452,0.21624129866764452
2022-08-05 00:00:00,2022,8,5,0,5.35341597458679,5.0121376366475,0.34127833793928986,0.34127833793928986
2022-08-05 06:00:00,2022,8,5,6,5.544701278913977,5.494830114632344,0.049871164281633185,0.049871164281633185
2022-08-05 12:00:00,2022,8,5,12,8.609610764916633,8.662455142038784,-0.05284437712215073,0.05284437712215073
2022-08-05 18:00:00,2022,8,5,18,5.702279925641167,5.445240285715655,0.2570396399255124,0.2570396399255124
2022-08-06 00:00:00,2022,8,6,0,4.830939201517542,4.874469969186451,-0.04353076766890851,0.04353076766890851
2022-08-06 06:00:00,2022,8,6,6,5.341011311989113,5.336878069530817,0.004133242458295605,0.004133242458295605
2022-08-06 12:00:00,2022,8,6,12,8.33390975362778,8.37254754157026,-0.03863778794247885,0.03863778794247885
2022-08-06 18:00:00,2022,8,6,18,5.270759359367949,5.321004951659916,-0.0502455922919669,0.0502455922919669
2022-08-07 00:00:00,2022,8,7,0,4.979269263419333,4.944507873114007,0.03476139030532632,0.03476139030532632
2022-08-07 06:00:00,2022,8,7,6,5.606119496663649,5.718411732156612,-0.11229223549296297,0.11229223549296297
2022-08-07 12:00:00,2022,8,7,12,8.273875722513399,8.357394936767767,-0.08351921425436792,0.08351921425436792
2022-08-07 18:00:00,2022,8,7,18,5.684838547700314,5.55557539134727,0.1292631563530433,0.1292631563530433
2022-08-08 00:00:00,2022,8,8,0,5.555125854404251,5.419662307165419,0.1354635472388317,0.1354635472388317
2022-08-08 06:00:00,2022,8,8,6,5.155787981813372,5.350892012499386,-0.19510403068601434,0.19510403068601434
2022-08-08 12:00:00,2022,8,8,12,8.23033235908895,8.41557165805122,-0.1852392989622711,0.1852392989622711
2022-08-08 18:00:00,2022,8,8,18,5.444712301251645,5.407156721326158,0.037555579925486526,0.037555579925486526
2022-08-09 00:00:00,2022,8,9,0,4.986319786811826,4.991115632393816,-0.004795845581989866,0.004795845581989866
2022-08-09 06:00:00,2022,8,9,6,5.274248243696098,5.622179559694502,-0.3479313159984043,0.3479313159984043
2022-08-09 12:00:00,2022,8,9,12,8.379957689435775,8.300515518885629,0.07944217055014668,0.07944217055014668
2022-08-09 18:00:00,2022,8,9,18,5.747819609407424,5.430885063940727,0.3169345454666965,0.3169345454666965
2022-08-10 00:00:00,2022,8,10,0,5.041166296191626,4.830558604461992,0.210607691729634,0.210607691729634
2022-08-10 06:00:00,2022,8,10,6,5.824062579928412,5.5593373680768075,0.26472521185160414,0.26472521185160414
2022-08-10 12:00:00,2022,8,10,12,8.782903410289428,8.494893380738661,0.28801002955076704,0.28801002955076704
2022-08-10 18:00:00,2022,8,10,18,5.4917945307925295,5.522156568522154,-0.030362037729624092,0.030362037729624092
2022-08-11 00:00:00,2022,8,11,0,5.839143983255376,5.697297049126165,0.14184693412921057,0.14184693412921057
2022-08-11 06:00:00,2022,8,11,6,5.533634051928958,5.431858295783378,0.10177575614557988,0.10177575614557988
2022-08-11 12:00:00,2022,8,11,12,8.173157581935763,8.286967750904713,-0.11381016896894991,0.11381016896894991
2022-08-11 18:00:00,2022,8,11,18,5.865101539586995,6.141788798329566,-0.2766872587425713,0.2766872587425713
2022-08-12 00:00:00,2022,8,12,0,5.284469463075336,5.0650677060895415,0.21940175698579445,0.21940175698579445
2022-08-12 06:00:00,2022,8,12,6,5.339586562752386,5.3556666818068175,-0.01608011905443174,0.01608011905443174
2022-08-12 12:00:00,2022,8,12,12,9.337781452590647,8.954232725546555,0.3835487270440918,0.3835487270440918
2022-08-12 18:00:00,2022,8,12,18,5.128350295451404,5.378601315046287,-0.2502510195948826,0.2502510195948826
2022-08-13 00:00:00,2022,8,13,0,4.722771418342798,4.842220953834823,-0.1194495354920253,0.1194495354920253
2022-08-13 06:00:00,2022,8,13,6,5.350431800565382,5.298683585491331,0.05174821507405181,0.05174821507405181
2022-08-13 12:00:00,2022,8,13,12,8.116860720020526,8.190529094886255,-0.07366837486572919,0.07366837486572919
2022-08-13 18:00:00,2022,8,13,18,6.116855164280317,6.021071926159365,0.09578323812095135,0.09578323812095135
2022-08-14 00:00:00,2022,8,14,0,5.464819800833834,5.444896218924102,0.019923581909732313,0.019923581909732313
2022-08-14 06:00:00,2022,8,14,6,5.533026915284997,5.506311590623034,0.02671532466196247,0.02671532466196247
2022-08-14 12:00:00,2022,8,14,12,8.753134052339426,8.618045889145941,0.13508816319348504,0.13508816319348504
2022-08-14 18:00:00,2022,8,14,18,6.0139771243506965,6.01913806096669,-0.005160936615993705,0.005160936615993705
2022-08-15 00:00:00,2022,8,15,0,5.173350706323227,5.095804076127624,0.07754663019560226,0.07754663019560226
2022-08-15 06:00:00,2022,8,15,6,5.189942729774956,5.419871800248297,-0.22992907047334032,0.22992907047334032
2022-08-15 12:00:00,2022,8,15,12,8.608033490758265,8.451695099229502,0.15633839152876305,0.15633839152876305
2022-08-15 18:00:00,2022,8,15,18,5.321059191158861,5.435589167503181,-0.11452997634432016,0.11452997634432016
2022-08-16 00:00:00,2022,8,16,0,5.225652860379708,5.2478066186969805,-0.0221537583172724,0.0221537583172724
2022-08-16 06:00:00,2022,8,16,6,5.453948613369259,5.442618861392885,0.011329751976373537,0.011329751976373537
2022-08-16 12:00:00,2022,8,16,12,8.951429734970372,8.664647584253702,0.2867821507166699,0.2867821507166699
2022-08-16 18:00:00,2022,8,16,18,5.354458023668176,5.422432101120366,-0.06797407745218997,0.06797407745218997
2022-08-17 00:00:00,2022,8,17,0,4.8310696980374175,4.916202931210273,-0.08513323317285515,0.08513323317285515
2022-08-17 06:00:00,2022,8,17,6,5.317417013715883,5.5861348044747094,-0.26871779075882607,0.26871779075882607
2022-08-17 12:00:00,2022,8,17,12,8.177701650646261,8.313598943122447,-0.13589729247618543,0.13589729247618543
2022-08-17 18:00:00,2022,8,17,18,5.809393290879637,5.898677493655352,-0.08928420277571547,0.08928420277571547
2022-08-18 00:00:00,2022,8,18,0,5.288922589091962,5.198906393145892,0.09001619594607035,0.09001619594607035
2022-08-18 06:00:00,2022,8,18,6,5.419096232560215,5.3450790317047625,0.07401720085545271,0.07401720085545271
2022-08-18 12:00:00,2022,8,18,12,8.417039557326067,8.366921675814996,0.05011788151107055,0.05011788151107055
2022-08-18 18:00:00,2022,8,18,18,5.449061030259599,5.779786821337519,-0.33072579107792066,0.33072579107792066
2022-08-19 00:00:00,2022,8,19,0,4.856127364366654,4.958207893675284,-0.10208052930862976,0.10208052930862976
2022-08-19 06:00:00,2022,8,19,6,5.749606369628048,5.566740653802333,0.18286571582571476,0.18286571582571476
2022-08-19 12:00:00,2022,8,19,12,8.734526584077493,8.442626864999244,0.2918997190782484,0.2918997190782484
2022-08-19 18:00:00,2022,8,19,18,5.152641182652163,5.223842810326648,-0.07120162767448512,0.07120162767448512
2022-08-20 00:00:00,2022,8,20,0,5.260359188614507,5.110218227263963,0.15014096135054444,0.15014096135054444
2022-08-20 06:00:00,2022,8,20,6,5.537880793651352,5.422233263542689,0.1156475301086628,0.1156475301086628
2022-08-20 12:00:00,2022,8,20,12,8.29075470331704,8.165121100472872,0.12563360284416802,0.12563360284416802
2022-08-20 18:00:00,2022,8,20,18,5.593696904332588,5.640263772302042,-0.04656686796945397,0.04656686796945397
2022-08-21 00:00:00,2022,8,21,0,4.657735282688602,4.884703984366266,-0.2269687016776638,0.2269687016776638
2022-08-21 06:00:00,2022,8,21,6,5.610936116053409,5.765527140469712,-0.15459102441630268,0.15459102441630268
2022-08-21 12:00:00,2022,8,21,12,8.302822187746164,8.189582407326908,0.11323978041925642,0.11323978041925642
2022-08-21 18:00:00,2022,8,21,18,5.739830238800292,5.4496208245546285,0.2902094142456635,0.2902094142456635
2022-08-22 00:00:00,2022,8,22,0,4.731153552227565,4.917770545351749,-0.18661699312418367,0.18661699312418367
2022-08-22 06:00:00,2022,8,22,6,5.399552684969757,5.42909802421083,-0.029545339241073165,0.029545339241073165
2022-08-22 12:00:00,2022,8,22,12,8.421969350881508,8.200954532607247,0.22101481827426106,0.22101481827426106
2022-08-22 18:00:00,2022,8,22,18,5.831261060883797,5.722970018458204,0.10829104242559318,0.10829104242559318
2022-08-23 00:00:00,2022,8,23,0,5.580514064379347,5.750170494091145,-0.1696564297117975,0.1696564297117975
2022-08-23 06:00:00,2022,8,23,6,5.912424147132974,6.03941297074042,-0.12698882360744612,0.12698882360744612
2022-08-23 12:00:00,2022,8,23,12,8.759652022961072,8.434676930852625,0.3249750921084473,0.3249750921084473
2022-08-23 18:00:00,2022,8,23,18,5.466665375064865,5.411056864550266,0.05560851051459892,0.05560851051459892
2022-08-24 00:00:00,2022,8,24,0,5.381231223825958,5.4006370682204174,-0.019405844394459137,0.019405844394459137
2022-08-24 06:00:00,2022,8,24,6,5.405613054767928,5.401020384715807,0.004592670052121051,0.004592670052121051
2022-08-24 12:00:00,2022,8,24,12,8.240211848838465,8.273587139232387,-0.03337529039392173,0.03337529039392173
2022-08-24 18:00:00,2022,8,24,18,5.158031449738045,5.367854962336074,-0.209823512598029,0.209823512598029
2022-08-25 00:00:00,2022,8,25,0,5.417640278609888,5.270033890944481,0.147606387665407,0.147606387665407
2022-08-25 06:00:00,2022,8,25,6,5.466097606480226,5.636050030506123,-0.1699524240258974,0.1699524240258974
2022-08-25 12:00:00,2022,8,25,12,8.134773706184454,8.125656344217969,0.00911736196648505,0.00911736196648505
2022-08-25 18:00:00,2022,8,25,18,5.615146368943416,5.306626175406233,0.3085201935371824,0.3085201935371824
2022-08-26 00:00:00,2022,8,26,0,5.464415993982287,5.5557957613312565,-0.09137976734896913,0.09137976734896913
2022-08-26 06:00:00,2022,8,26,6,5.501232146497618,5.5038863288793705,-0.0026541823817520793,0.0026541823817520793
2022-08-26 12:00:00,2022,8,26,12,8.544494308198532,8.327706222725467,0.21678808547306438,0.21678808547306438
2022-08-26 18:00:00,2022,8,26,18,5.367059114007857,5.498344280430646,-0.13128516642278942,0.13128516642278942
2022-08-27 00:00:00,2022,8,27,0,5.092392104537581,4.971848695263085,0.1205434092744957,0.1205434092744957
2022-08-27 06:00:00,2022,8,27,6,5.654271894400207,5.498693001738428,0.1555788926617785,0.1555788926617785
2022-08-27 12:00:00,2022,8,27,12,8.341492184309098,8.169094464438254,0.17239771987084396,0.17239771987084396
2022-08-27 18:00:00,2022,8,27,18,5.430834200903491,5.276783244828206,0.1540509560752854,0.1540509560752854
2022-08-28 00:00:00,2022,8,28,0,4.7281657652069216,5.027495781651736,-0.2993300164448147,0.2993300164448147
2022-08-28 06:00:00,2022,8,28,6,5.7064170448022775,5.642181072699976,0.06423597210230181,0.06423597210230181
2022-08-28 12:00:00,2022,8,28,12,7.79034525022432,7.999908293474028,-0.20956304324970798,0.20956304324970798
2022-08-28 18:00:00,2022,8,28,18,5.268508681172517,5.136111256394786,0.1323974247777313,0.1323974247777313
2022-08-29 00:00:00,2022,8,29,0,5.762299974169004,5.662418846331266,0.09988112783773762,0.09988112783773762
2022-08-29 06:00:00,2022,8,29,6,5.380897811339876,5.414253471481065,-0.03335566014118907,0.03335566014118907
2022-08-29 12:00:00,2022,8,29,12,8.30000086941776,8.180322026513876,0.11967884290388398,0.11967884290388398
2022-08-29 18:00:00,2022,8,29,18,5.572816255598116,5.620111666474168,-0.04729541087605149,0.04729541087605149
2022-08-30 00:00:00,2022,8,30,0,5.389312097944229,5.284749964671446,0.10456213327278263,0.10456213327278263
2022-08-30 06:00:00,2022,8,30,6,5.6715909799309365,5.6241078682808014,0.04748311165013508,0.04748311165013508
2022-08-30 12:00:00,2022,8,30,12,8.016430126861346,8.092216079174387,-0.07578595231304064,0.07578595231304064
2022-08-30 18:00:00,2022,8,30,18,5.587663050651821,5.374068755097406,0.21359429555441434,0.21359429555441434
2022-08-31 00:00:00,2022,8,31,0,5.15600531376049,5.120769713965828,0.035235599794662065,0.035235599794662065
2022-08-31 06:00:00,2022,8,31,6,5.668966311166237,5.488379278109503,0.1805870330567343,0.1805870330567343
2022-08-31 12:00:00,2022,8,31,12,7.893408625538167,8.063653276014579,-0.17024465047641169,0.17024465047641169
2022-08-31 18:00:00,2022,8,31,18,5.290020789476002,5.519339837588036,-0.22931904811203374,0.22931904811203374
2022-09-01 00:00:00,2022,9,1,0,5.200798853480344,5.004496617014981,0.19630223646536304,0.19630223646536304
2022-09-01 06:00:00,2022,9,1,6,5.593819924172763,5.605906678042998,-0.012086753870234723,0.012086753870234723
2022-09-01 12:00:00,2022,9,1,12,8.05287150240405,8.069235424828143,-0.01636392242409279,0.01636392242409279
2022-09-01 18:00:00,2022,9,1,18,5.665675505722429,5.561585433339929,0.10409007238249934,0.10409007238249934
2022-09-02 00:00:00,2022,9,2,0,5.26229915172034,5.030632722816898,0.23166642890344225,0.23166642890344225
2022-09-02 06:00:00,2022,9,2,6,5.42694412071913,5.638406807063002,-0.21146268634387244,0.21146268634387244
2022-09-02 12:00:00,2022,9,2,12,8.383859243887732,8.156568381035463,0.22729086285226963,0.22729086285226963
2022-09-02 18:00:00,2022,9,2,18,5.566080952322433,5.607776822049923,-0.04169586972748984,0.04169586972748984
2022-09-03 00:00:00,2022,9,3,0,4.884249186845142,4.776461806941112,0.1077873799040292,0.1077873799040292
2022-09-03 06:00:00,2022,9,3,6,5.166477108414783,5.2542364945932665,-0.08775938617848311,0.08775938617848311
2022-09-03 12:00:00,2022,9,3,12,8.192970360586452,8.332331911593622,-0.13936155100716974,0.13936155100716974
2022-09-03 18:00:00,2022,9,3,18,5.60722719007786,5.573205298493321,0.03402189158453872,0.03402189158453872
2022-09-04 00:00:00,2022,9,4,0,4.541115362258135,4.621522596417047,-0.08040723415891193,0.08040723415891193
2022-09-04 06:00:00,2022,9,4,6,5.289488262891653,5.453552938041048,-0.16406467514939482,0.16406467514939482
2022-09-04 12:00:00,2022,9,4,12,8.020872955405139,8.011285543147125,0.009587412258014183,0.009587412258014183
2022-09-04 18:00:00,2022,9,4,18,5.065543679557621,5.300414101789889,-0.23487042223226862,0.23487042223226862
2022-09-05 00:00:00,2022,9,5,0,5.259274010300653,5.217144935071768,0.042129075228885426,0.042129075228885426
2022-09-05 06:00:00,2022,9,5,6,5.993272844185613,5.887542907813881,0.10572993637173234,0.10572993637173234
2022-09-05 12:00:00,2022,9,5,12,7.816729007353216,7.9678862489767335,-0.15115724162351718,0.15115724162351718
2022-09-05 18:00:00,2022,9,5,18,5.501415901040504,5.3979149328778036,0.1035009681627006,0.1035009681627006
2022-09-06 00:00:00,2022,9,6,0,5.304835044323568,5.211677082863086,0.09315796146048161,0.09315796146048161
2022-09-06 06:00:00,2022,9,6,6,4.993604501429054,5.246230871477541,-0.2526263700484872,0.2526263700484872
2022-09-06 12:00:00,2022,9,6,12,8.263439869488362,7.9449010561549125,0.3185388133334497,0.3185388133334497
2022-09-06 18:00:00,2022,9,6,18,5.493264733893708,5.307976376211138,0.18528835768257057,0.18528835768257057
2022-09-07 00:00:00,2022,9,7,0,5.33939414443554,5.124842171329116,0.21455197310642404,0.21455197310642404
2022-09-07 06:00:00,2022,9,7,6,5.30263334716483,5.324659123807799,-0.022025776642968786,0.022025776642968786
2022-09-07 12:00:00,2022,9,7,12,7.558350419053733,7.917986994436589,-0.3596365753828561,0.3596365753828561
2022-09-07 18:00:00,2022,9,7,18,5.50420148269954,5.459843321353326,0.04435816134621362,0.04435816134621362
2022-09-08 00:00:00,2022,9,8,0,4.961803439207785,4.946497107317619,0.015306331890166724,0.015306331890166724
2022-09-08 06:00:00,2022,9,8,6,5.3751195192465016,5.290026105614401,0.08509341363210066,0.08509341363210066
2022-09-08 12:00:00,2022,9,8,12,8.310755786930278,8.363733620752269,-0.05297783382199128,0.05297783382199128
2022-09-08 18:00:00,2022,9,8,18,5.801408019139791,5.429256398804174,0.3721516203356172,0.3721516203356172
2022-09-09 00:00:00,2022,9,9,0,4.712214097196034,4.94131764222998,-0.22910354503394625,0.22910354503394625
2022-09-09 06:00:00,2022,9,9,6,5.56160081665729,5.590612979799361,-0.029012163142071223,0.029012163142071223
2022-09-09 12:00:00,2022,9,9,12,7.559461619185286,7.828483237414057,-0.2690216182287708,0.2690216182287708
2022-09-09 18:00:00,2022,9,9,18,5.260488304901675,5.341276130556023,-0.0807878256543475,0.0807878256543475
2022-09-10 00:00:00,2022,9,10,0,5.141750186475408,5.301059712959381,-0.15930952648397323,0.15930952648397323
2022-09-10 06:00:00,2022,9,10,6,5.2696710589729765,5.298573809167626,-0.02890275019464994,0.02890275019464994
2022-09-10 12:00:00,2022,9,10,12,7.574198251356163,7.8348148753241675,-0.2606166239680041,0.2606166239680041
2022-09-10 18:00:00,2022,9,10,18,6.103052374219003,6.1474865944160815,-0.04443422019707821,0.04443422019707821
2022-09-11 00:00:00,2022,9,11,0,5.275315145802435,5.335249532073751,-0.05993438627131642,0.05993438627131642
2022-09-11 06:00:00,2022,9,11,6,5.150357200090678,5.311486821592945,-0.16112962150226728,0.16112962150226728
2022-09-11 12:00:00,2022,9,11,12,7.469406124217621,7.758619968793928,-0.28921384457630683,0.28921384457630683
2022-09-11 18:00:00,2022,9,11,18,5.314489485046803,5.288148984561436,0.02634050048536718,0.02634050048536718
2022-09-12 00:00:00,2022,9,12,0,5.198909185852576,5.044295430170886,0.15461375568169,0.15461375568169
2022-09-12 06:00:00,2022,9,12,6,5.128851326185963,5.1751503051161745,-0.04629897893021173,0.04629897893021173
2022-09-12 12:00:00,2022,9,12,12,8.43915915348473,8.62340490641698,-0.18424575293224876,0.18424575293224876
2022-09-12 18:00:00,2022,9,12,18,4.786595405204608,5.091607319152982,-0.30501191394837424,0.30501191394837424
2022-09-13 00:00:00,2022,9,13,0,4.425542192367887,4.592092251760194,-0.16655005939230705,0.16655005939230705
2022-09-13 06:00:00,2022,9,13,6,5.845286899253765,5.717551778418348,0.1277351208354176,0.1277351208354176
2022-09-13 12:00:00,2022,9,13,12,7.977652977596696,7.665950088088801,0.31170288950789526,0.31170288950789526
2022-09-13 18:00:00,2022,9,13,18,5.384651025380339,5.456830906775764,-0.0721798813954253,0.0721798813954253
2022-09-14 00:00:00,2022,9,14,0,4.84862631678909,5.092378949496704,-0.24375263270761405,0.24375263270761405
2022-09-14 06:00:00,2022,9,14,6,5.625336273518305,5.594123954930496,0.031212318587808596,0.031212318587808596
2022-09-14 12:00:00,2022,9,14,12,8.141831877114138,7.959696857125989,0.18213501998814863,0.18213501998814863
2022-09-14 18:00:00,2022,9,14,18,5.299322714527374,5.179283532209124,0.1200391823182505,0.1200391823182505
2022-09-15 00:00:00,2022,9,15,0,4.4846944705120055,4.5930189387674005,-0.10832446825539499,0.10832446825539499
2022-09-15 06:00:00,2022,9,15,6,5.7188597773407785,5.406999014475629,0.31186076286514997,0.31186076286514997
2022-09-15 12:00:00,2022,9,15,12,7.917258906117293,7.9422577217443235,-0.02499881562703088,0.02499881562703088
2022-09-15 18:00:00,2022,9,15,18,5.642338657149892,5.6761900858607355,-0.03385142871084312,0.03385142871084312
2022-09-16 00:00:00,2022,9,16,0,4.798658418523796,4.759392862843453,0.039265555680342956,0.039265555680342956
2022-09-16 06:00:00,2022,9,16,6,4.711965330716667,4.7781985334385935,-0.06623320272192679,0.06623320272192679
2022-09-16 12:00:00,2022,9,16,12,7.964914067852724,7.930672902076387,0.0342411657763364,0.0342411657763364
2022-09-16 18:00:00,2022,9,16,18,5.678397791882299,5.5993801979025815,0.0790175939797173,0.0790175939797173
2022-09-17 00:00:00,2022,9,17,0,5.000167376091216,4.796175185705431,0.20399219038578487,0.20399219038578487
2022-09-17 06:00:00,2022,9,17,6,5.9333577767567975,5.603114137054249,0.3302436397025481,0.3302436397025481
2022-09-17 12:00:00,2022,9,17,12,7.955180248522183,7.973259535729112,-0.01807928720692953,0.01807928720692953
2022-09-17 18:00:00,2022,9,17,18,5.372275495363472,5.527943828451062,-0.15566833308758987,0.15566833308758987
2022-09-18 00:00:00,2022,9,18,0,4.806905093647263,4.880493587189568,-0.07358849354230479,0.07358849354230479
2022-09-18 06:00:00,2022,9,18,6,5.657149233079483,5.463215463411001,0.1939337696684822,0.1939337696684822
2022-09-18 12:00:00,2022,9,18,12,8.007375391734804,8.105952669112543,-0.09857727737773914,0.09857727737773914
2022-09-18 18:00:00,2022,9,18,18,5.415574435309324,5.1349970352477925,0.28057740006153153,0.28057740006153153
2022-09-19 00:00:00,2022,9,19,0,4.870944952080187,4.828660070190603,0.042284881889584014,0.042284881889584014
2022-09-19 06:00:00,2022,9,19,6,5.444351898072361,5.275044087256067,0.16930781081629398,0.16930781081629398
2022-09-19 12:00:00,2022,9,19,12,7.760397570825321,7.753423738808647,0.006973832016673676,0.006973832016673676
2022-09-19 18:00:00,2022,9,19,18,5.290353162112849,5.155619949636188,0.13473321247666092,0.13473321247666092
2022-09-20 00:00:00,2022,9,20,0,4.119757397356452,4.670265105200204,-0.5505077078437521,0.5505077078437521
2022-09-20 06:00:00,2022,9,20,6,5.333782207216395,5.256894277330489,0.0768879298859062,0.0768879298859062
2022-09-20 12:00:00,2022,9,20,12,7.848296766578815,7.765290464386422,0.08300630219239302,0.08300630219239302
2022-09-20 18:00:00,2022,9,20,18,5.027065565593768,5.084772405274511,-0.057706839680743194,0.057706839680743194
2022-09-21 00:00:00,2022,9,21,0,4.679631947422854,4.542407115104959,0.1372248323178944,0.1372248323178944
2022-09-21 06:00:00,2022,9,21,6,5.2502885300831,5.2231200278905145,0.02716850219258582,0.02716850219258582
2022-09-21 12:00:00,2022,9,21,12,7.693299749787026,7.844085784459891,-0.15078603467286467,0.15078603467286467
2022-09-21 18:00:00,2022,9,21,18,5.05966128202385,4.9098783182889685,0.1497829637348813,0.1497829637348813
2022-09-22 00:00:00,2022,9,22,0,4.85958397324154,4.740217378826438,0.11936659441510145,0.11936659441510145
2022-09-22 06:00:00,2022,9,22,6,5.359915750141785,5.050432136618934,0.30948361352285136,0.30948361352285136
2022-09-22 12:00:00,2022,9,22,12,8.321487383615864,8.177353699921571,0.14413368369429236,0.14413368369429236
2022-09-22 18:00:00,2022,9,22,18,5.359595250462691,5.297448214700754,0.06214703576193692,0.06214703576193692
2022-09-23 00:00:00,2022,9,23,0,4.797100733271989,4.745004206514988,0.05209652675700127,0.05209652675700127
2022-09-23 06:00:00,2022,9,23,6,5.0286524246320665,5.198852088907153,-0.1701996642750867,0.1701996642750867
2022-09-23 12:00:00,2022,9,23,12,7.575373238533378,7.60870743225797,-0.0333341937245919,0.0333341937245919
2022-09-23 18:00:00,2022,9,23,18,5.112585434431582,5.06414325277671,0.04844218165487213,0.04844218165487213
2022-09-24 00:00:00,2022,9,24,0,4.753943991694992,4.582385589450598,0.17155840224439434,0.17155840224439434
2022-09-24 06:00:00,2022,9,24,6,5.647979519956444,5.544999358456378,0.10298016150006628,0.10298016150006628
2022-09-24 12:00:00,2022,9,24,12,8.631660536199888,8.310369485628804,0.32129105057108376,0.32129105057108376
2022-09-24 18:00:00,2022,9,24,18,5.980289900797912,6.020472554907729,-0.040182654109817584,0.040182654109817584
2022-09-25 00:00:00,2022,9,25,0,4.5602943254627775,4.727044482549192,-0.1667501570864145,0.1667501570864145
2022-09-25 06:00:00,2022,9,25,6,5.435047882505541,5.4359208476368,-0.0008729651312595621,0.0008729651312595621
2022-09-25 12:00:00,2022,9,25,12,8.000478177497067,7.884899077891394,0.11557909960567336,0.11557909960567336
2022-09-25 18:00:00,2022,9,25,18,5.433418004042357,5.0291463321452525,0.40427167189710467,0.40427167189710467
2022-09-26 00:00:00,2022,9,26,0,4.466228350743973,4.552918770542912,-0.08669041979893954,0.08669041979893954
2022-09-26 06:00:00,2022,9,26,6,5.529028513613168,5.581240074375842,-0.052211560762673415,0.052211560762673415
2022-09-26 12:00:00,2022,9,26,12,8.0477877907601,7.975270008872572,0.07251778188752844,0.07251778188752844
2022-09-26 18:00:00,2022,9,26,18,5.078077169498084,5.593177116943014,-0.5150999474449298,0.5150999474449298
2022-09-27 00:00:00,2022,9,27,0,4.490178369793785,4.927248281685565,-0.43706991189178,0.43706991189178
2022-09-27 06:00:00,2022,9,27,6,5.451701784928181,5.768565723161633,-0.3168639382334524,0.3168639382334524
2022-09-27 12:00:00,2022,9,27,12,7.843156180181393,7.705510223555393,0.13764595662599977,0.13764595662599977
2022-09-27 18:00:00,2022,9,27,18,5.178420663367143,5.374952375395614,-0.19653171202847108,0.19653171202847108
2022-09-28 00:00:00,2022,9,28,0,4.321753123164023,4.647852698908588,-0.32609957574456505,0.32609957574456505
2022-09-28 06:00:00,2022,9,28,6,4.793083148304987,4.854644635949916,-0.06156148764492908,0.06156148764492908
2022-09-28 12:00:00,2022,9,28,12,7.90886926953497,7.764709882148077,0.1441593873868925,0.1441593873868925
2022-09-28 18:00:00,2022,9,28,18,4.887283257967409,4.92929208501417,-0.0420088270467609,0.0420088270467609
2022-09-29 00:00:00,2022,9,29,0,4.763865951103144,4.655781820607311,0.10808413049583265,0.10808413049583265
2022-09-29 06:00:00,2022,9,29,6,5.33388548942043,5.265985803881268,0.06789968553916204,0.06789968553916204
2022-09-29 12:00:00,2022,9,29,12,7.349238652994989,7.19170112841908,0.15753752457590942,0.15753752457590942
2022-09-29 18:00:00,2022,9,29,18,4.910692366337102,4.8892423382097325,0.021450028127369514,0.021450028127369514
2022-09-30 00:00:00,2022,9,30,0,4.635228293267689,4.621745373157472,0.013482920110217123,0.013482920110217123
2022-09-30 06:00:00,2022,9,30,6,5.066902384633788,4.9388123819670655,0.1280900026667222,0.1280900026667222
2022-09-30 12:00:00,2022,9,30,12,7.38288643741611,7.26070041148045,0.12218602593565997,0.12218602593565997
2022-09-30 18:00:00,2022,9,30,18,5.184931298429299,4.998363921897738,0.18656737653156075,0.18656737653156075
2022-10-01 00:00:00,2022,10,1,0,4.735972975153108,4.633656243652385,0.10231673150072318,0.10231673150072318
2022-10-01 06:00:00,2022,10,1,6,4.899971013868797,4.837589984986527,0.06238102888226926,0.06238102888226926
2022-10-01 12:00:00,2022,10,1,12,6.851502572607618,7.184408346078984,-0.3329057734713654,0.3329057734713654
2022-10-01 18:00:00,2022,10,1,18,5.040456950014503,5.156067404095696,-0.11561045408119242,0.11561045408119242
2022-10-02 00:00:00,2022,10,2,0,4.448674749050314,4.608121463791543,-0.15944671474122885,0.15944671474122885
2022-10-02 06:00:00,2022,10,2,6,5.119508961085856,5.070796725789155,0.04871223529670132,0.04871223529670132
2022-10-02 12:00:00,2022,10,2,12,7.806589318694224,7.720951095145602,0.08563822354862172,0.08563822354862172
2022-10-02 18:00:00,2022,10,2,18,4.617087463148551,4.708493397427845,-0.09140593427929389,0.09140593427929389
2022-10-03 00:00:00,2022,10,3,0,4.714642235304286,4.834624009726148,-0.11998177442186186,0.11998177442186186
2022-10-03 06:00:00,2022,10,3,6,5.148315858707522,5.075065054189192,0.07325080451832999,0.07325080451832999
2022-10-03 12:00:00,2022,10,3,12,7.5093919825727395,7.532387618361821,-0.022995635789081703,0.022995635789081703
2022-10-03 18:00:00,2022,10,3,18,4.511560524378429,4.890094571006604,-0.37853404662817525,0.37853404662817525
2022-10-04 00:00:00,2022,10,4,0,4.415926674688473,4.407313168446197,0.008613506242276081,0.008613506242276081
2022-10-04 06:00:00,2022,10,4,6,4.725659636292108,4.801081268321924,-0.07542163202981556,0.07542163202981556
2022-10-04 12:00:00,2022,10,4,12,7.532126883362259,7.344732756935273,0.1873941264269856,0.1873941264269856
2022-10-04 18:00:00,2022,10,4,18,4.986802880365034,5.051102397444851,-0.0642995170798164,0.0642995170798164
2022-10-05 00:00:00,2022,10,5,0,4.60133425736842,4.605838327433122,-0.0045040700647014376,0.0045040700647014376
2022-10-05 06:00:00,2022,10,5,6,5.15027498721895,5.102042690313219,0.04823229690573072,0.04823229690573072
2022-10-05 12:00:00,2022,10,5,12,6.943333983921456,7.173288245189381,-0.22995426126792484,0.22995426126792484
2022-10-05 18:00:00,2022,10,5,18,4.776659260902403,4.794948391390547,-0.018289130488144067,0.018289130488144067
2022-10-06 00:00:00,2022,10,6,0,4.579454938343422,4.666692993276691,-0.08723805493326964,0.08723805493326964
2022-10-06 06:00:00,2022,10,6,6,4.619490169228324,4.619873551029815,-0.0003833818014911117,0.0003833818014911117
2022-10-06 12:00:00,2022,10,6,12,7.49520742582658,7.567384058970671,-0.07217663314409073,0.07217663314409073
2022-10-06 18:00:00,2022,10,6,18,4.825682198586401,4.8326752161531745,-0.006993017566773396,0.006993017566773396
2022-10-07 00:00:00,2022,10,7,0,4.380177654354776,4.417313718844474,-0.03713606448969742,0.03713606448969742
2022-10-07 06:00:00,2022,10,7,6,5.022771995240249,4.89200583316346,0.13076616207678882,0.13076616207678882
2022-10-07 12:00:00,2022,10,7,12,7.387126668109009,7.1217390225581045,0.26538764555090477,0.26538764555090477
2022-10-07 18:00:00,2022,10,7,18,5.524969279775835,5.253038807525443,0.2719304722503919,0.2719304722503919
2022-10-08 00:00:00,2022,10,8,0,4.3301301576041045,4.170069449005628,0.16006070859847643,0.16006070859847643
2022-10-08 06:00:00,2022,10,8,6,4.869516624569842,4.695745260787964,0.17377136378187785,0.17377136378187785
2022-10-08 12:00:00,2022,10,8,12,7.304100899933993,7.2469084767188745,0.05719242321511864,0.05719242321511864
2022-10-08 18:00:00,2022,10,8,18,4.691774733029207,4.758084289259092,-0.06630955622988566,0.06630955622988566
2022-10-09 00:00:00,2022,10,9,0,4.3262017589500505,4.449393537288905,-0.12319177833885409,0.12319177833885409
2022-10-09 06:00:00,2022,10,9,6,4.788699364419197,4.816005543808873,-0.027306179389675833,0.027306179389675833
2022-10-09 12:00:00,2022,10,9,12,7.174076729355381,6.8698480705608285,0.3042286587945524,0.3042286587945524
2022-10-09 18:00:00,2022,10,9,18,4.639943535941861,4.608439892266456,0.03150364367540526,0.03150364367540526
2022-10-10 00:00:00,2022,10,10,0,4.605526959815236,4.40142639723286,0.20410056258237663,0.20410056258237663
2022-10-10 06:00:00,2022,10,10,6,4.410326320471716,4.74807741246541,-0.33775109199369346,0.33775109199369346
2022-10-10 12:00:00,2022,10,10,12,6.773382778048653,7.173330943771731,-0.3999481657230781,0.3999481657230781
2022-10-10 18:00:00,2022,10,10,18,5.240388613067157,4.944027667873502,0.29636094519365574,0.29636094519365574
2022-10-11 00:00:00,2022,10,11,0,4.741160120449125,4.614234390309778,0.12692573013934716,0.12692573013934716
2022-10-11 06:00:00,2022,10,11,6,4.891861728027913,4.585879057453747,0.30598267057416617,0.30598267057416617
2022-10-11 12:00:00,2022,10,11,12,6.673488791862033,6.830583034024614,-0.1570942421625814,0.1570942421625814
2022-10-11 18:00:00,2022,10,11,18,5.016523294742805,4.85792666843922,0.1585966263035843,0.1585966263035843
2022-10-12 00:00:00,2022,10,12,0,4.029042382227858,4.285504486782066,-0.2564621045542079,0.2564621045542079
2022-10-12 06:00:00,2022,10,12,6,4.786086316039014,4.479392355778208,0.3066939602608061,0.3066939602608061
2022-10-12 12:00:00,2022,10,12,12,7.2066300009084125,7.0468466008943915,0.15978340001402103,0.15978340001402103
2022-10-12 18:00:00,2022,10,12,18,4.653657579602252,4.570614706380175,0.0830428732220776,0.0830428732220776
2022-10-13 00:00:00,2022,10,13,0,4.6239213361318345,4.364701888133937,0.2592194479978973,0.2592194479978973
2022-10-13 06:00:00,2022,10,13,6,4.664675951537083,4.6063306211080555,0.05834533042902734,0.05834533042902734
2022-10-13 12:00:00,2022,10,13,12,7.169580187703456,7.178507111159376,-0.0089269234559195,0.0089269234559195
2022-10-13 18:00:00,2022,10,13,18,4.523426829103988,4.743172676772558,-0.21974584766857053,0.21974584766857053
2022-10-14 00:00:00,2022,10,14,0,4.61224138054839,4.535987678782748,0.07625370176564239,0.07625370176564239
2022-10-14 06:00:00,2022,10,14,6,4.947113643734343,4.959211090739227,-0.012097447004883577,0.012097447004883577
2022-10-14 12:00:00,2022,10,14,12,7.040110652158662,7.098912828937793,-0.0588021767791318,0.0588021767791318
2022-10-14 18:00:00,2022,10,14,18,4.846641142321954,4.98412870198456,-0.13748755966260617,0.13748755966260617
2022-10-15 00:00:00,2022,10,15,0,4.470215252607818,4.300935469516984,0.16927978309083347,0.16927978309083347
2022-10-15 06:00:00,2022,10,15,6,4.635449780575806,4.587460331229417,0.047989449346388824,0.047989449346388824
2022-10-15 12:00:00,2022,10,15,12,7.420578147833963,7.149907322472686,0.27067082536127707,0.27067082536127707
2022-10-15 18:00:00,2022,10,15,18,4.903356313277329,4.764695167994096,0.13866114528323337,0.13866114528323337
2022-10-16 00:00:00,2022,10,16,0,3.7212706181630986,4.1771708619405485,-0.45590024377745,0.45590024377745
2022-10-16 06:00:00,2022,10,16,6,4.951016411160313,4.806813332266694,0.14420307889361883,0.14420307889361883
2022-10-16 12:00:00,2022,10,16,12,6.899784854549205,6.725082822293225,0.17470203225598002,0.17470203225598002
2022-10-16 18:00:00,2022,10,16,18,4.913514791168509,4.732277206638971,0.18123758452953798,0.18123758452953798
2022-10-17 00:00:00,2022,10,17,0,4.06084305909789,4.021095773910752,0.039747285187138104,0.039747285187138104
2022-10-17 06:00:00,2022,10,17,6,4.694486218339901,4.635840989249607,0.05864522909029457,0.05864522909029457
2022-10-17 12:00:00,2022,10,17,12,6.992536212303989,6.786316981438979,0.2062192308650097,0.2062192308650097
2022-10-17 18:00:00,2022,10,17,18,4.998469399434907,4.632089065208675,0.36638033422623284,0.36638033422623284
2022-10-18 00:00:00,2022,10,18,0,4.308623362741112,4.184774375653601,0.12384898708751102,0.12384898708751102
2022-10-18 06:00:00,2022,10,18,6,4.520967932515965,4.617810952615714,-0.09684302009974921,0.09684302009974921
2022-10-18 12:00:00,2022,10,18,12,6.764729849979871,7.054678956586004,-0.2899491066061328,0.2899491066061328
2022-10-18 18:00:00,2022,10,18,18,5.056874108188513,4.967482788267238,0.08939131992127525,0.08939131992127525
2022-10-19 00:00:00,2022,10,19,0,4.535699884363112,4.34399555394867,0.19170433041444213,0.19170433041444213
2022-10-19 06:00:00,2022,10,19,6,4.5308562040375495,4.648179029650269,-0.11732282561271923,0.11732282561271923
2022-10-19 12:00:00,2022,10,19,12,7.085747273856625,7.058019720387267,0.027727553469357957,0.027727553469357957
2022-10-19 18:00:00,2022,10,19,18,4.350190827783919,4.548534514613716,-0.19834368682979697,0.19834368682979697
2022-10-20 00:00:00,2022,10,20,0,4.236205418229285,4.1711265374665505,0.06507888076273449,0.06507888076273449
2022-10-20 06:00:00,2022,10,20,6,4.3033076165431865,4.387283455984209,-0.08397583944102216,0.08397583944102216
2022-10-20 12:00:00,2022,10,20,12,6.549415018386276,6.492535025178979,0.0568799932072972,0.0568799932072972
2022-10-20 18:00:00,2022,10,20,18,4.314332436964091,4.203277266070268,0.111055170893823,0.111055170893823
2022-10-21 00:00:00,2022,10,21,0,4.609710747718756,4.507476488872866,0.10223425884588977,0.10223425884588977
2022-10-21 06:00:00,2022,10,21,6,4.493854151865773,4.532134822221765,-0.038280670355991475,0.038280670355991475
2022-10-21 12:00:00,2022,10,21,12,6.877783584986671,6.96672889374693,-0.08894530876025897,0.08894530876025897
2022-10-21 18:00:00,2022,10,21,18,4.803949454462552,4.700335597360284,0.10361385710226845,0.10361385710226845
2022-10-22 00:00:00,2022,10,22,0,4.031229292337136,4.266909397110401,-0.23568010477326506,0.23568010477326506
2022-10-22 06:00:00,2022,10,22,6,4.174257549134707,4.480886596634705,-0.30662904749999775,0.30662904749999775
2022-10-22 12:00:00,2022,10,22,12,6.803952194206165,7.000498188883503,-0.19654599467733824,0.19654599467733824
2022-10-22 18:00:00,2022,10,22,18,4.781785558298469,4.714968080271468,0.06681747802700055,0.06681747802700055
2022-10-23 00:00:00,2022,10,23,0,3.9437326361997096,4.138455088638054,-0.19472245243834418,0.19472245243834418
2022-10-23 06:00:00,2022,10,23,6,4.675580680300085,4.56291958281499,0.11266109748509479,0.11266109748509479
2022-10-23 12:00:00,2022,10,23,12,6.663827382795447,6.763252763908062,-0.09942538111261445,0.09942538111261445
2022-10-23 18:00:00,2022,10,23,18,4.2392647477599255,4.208879711658752,0.03038503610117349,0.03038503610117349
2022-10-24 00:00:00,2022,10,24,0,4.723228082850102,4.437441025488928,0.2857870573611736,0.2857870573611736
2022-10-24 06:00:00,2022,10,24,6,4.608428349970291,4.422423838123663,0.1860045118466278,0.1860045118466278
2022-10-24 12:00:00,2022,10,24,12,7.240744322617453,6.813068304988657,0.42767601762879615,0.42767601762879615
2022-10-24 18:00:00,2022,10,24,18,4.7368413935411455,4.4845198894743135,0.25232150406683207,0.25232150406683207
2022-10-25 00:00:00,2022,10,25,0,4.488772129728953,4.207489810620332,0.28128231910862134,0.28128231910862134
2022-10-25 06:00:00,2022,10,25,6,4.505549162526338,4.438447673274249,0.06710148925208959,0.06710148925208959
2022-10-25 12:00:00,2022,10,25,12,6.597805496011453,6.434070789143493,0.16373470686796043,0.16373470686796043
2022-10-25 18:00:00,2022,10,25,18,4.675849811474183,4.490772953870231,0.18507685760395276,0.18507685760395276
2022-10-26 00:00:00,2022,10,26,0,4.249763587359299,4.139789705653378,0.10997388170592082,0.10997388170592082
2022-10-26 06:00:00,2022,10,26,6,4.801700566849007,4.8283982722747485,-0.026697705425741347,0.026697705425741347
2022-10-26 12:00:00,2022,10,26,12,6.633358088138919,6.360202741514185,0.2731553466247334,0.2731553466247334
2022-10-26 18:00:00,2022,10,26,18,4.410162575642615,4.331502755757598,0.0786598198850168,0.0786598198850168
2022-10-27 00:00:00,2022,10,27,0,3.796464540179581,4.048203030318983,-0.25173849013940197,0.25173849013940197
2022-10-27 06:00:00,2022,10,27,6,4.435582667706649,4.412401650043298,0.0231810176633509,0.0231810176633509
2022-10-27 12:00:00,2022,10,27,12,6.477274894790607,6.578817813174778,-0.10154291838417073,0.10154291838417073
2022-10-27 18:00:00,2022,10,27,18,4.471986989099983,4.564021430400631,-0.09203444130064842,0.09203444130064842
2022-10-28 00:00:00,2022,10,28,0,3.92792628222255,3.8740710115097174,0.05385527071283258,0.05385527071283258
2022-10-28 06:00:00,2022,10,28,6,4.249235851625283,4.098057360801107,0.15117849082417578,0.15117849082417578
2022-10-28 12:00:00,2022,10,28,12,6.346034216435751,6.300518710477723,0.04551550595802745,0.04551550595802745
2022-10-28 18:00:00,2022,10,28,18,4.608135836416055,4.782637873568471,-0.17450203715241575,0.17450203715241575
2022-10-29 00:00:00,2022,10,29,0,3.690352300872247,3.920408924187996,-0.23005662331574905,0.23005662331574905
2022-10-29 06:00:00,2022,10,29,6,4.868616491356165,4.8209121070377865,0.04770438431837842,0.04770438431837842
2022-10-29 12:00:00,2022,10,29,12,6.853293002142761,6.682142596914003,0.17115040522875802,0.17115040522875802
2022-10-29 18:00:00,2022,10,29,18,4.65353081711244,4.704763879153625,-0.051233062041185384,0.051233062041185384
2022-10-30 00:00:00,2022,10,30,0,3.7597844864582446,4.35105050425656,-0.5912660177983153,0.5912660177983153
2022-10-30 06:00:00,2022,10,30,6,4.150879541813535,4.4553354851706075,-0.3044559433570724,0.3044559433570724
2022-10-30 12:00:00,2022,10,30,12,6.338233316036311,6.262667854339994,0.07556546169631684,0.07556546169631684
2022-10-30 18:00:00,2022,10,30,18,4.42949817791364,4.3530312108351765,0.07646696707846345,0.07646696707846345
2022-10-31 00:00:00,2022,10,31,0,3.8102934322743938,3.7039234362910674,0.10636999598332642,0.10636999598332642
2022-10-31 06:00:00,2022,10,31,6,4.431800565033982,4.174981407961634,0.25681915707234815,0.25681915707234815
2022-10-31 12:00:00,2022,10,31,12,6.507764662410632,6.53098739569219,-0.023222733281557773,0.023222733281557773
2022-10-31 18:00:00,2022,10,31,18,4.23082049102955,4.013172368761468,0.2176481222680815,0.2176481222680815
2022-11-01 00:00:00,2022,11,1,0,4.289833200969426,4.072782066326212,0.21705113464321357,0.21705113464321357
2022-11-01 06:00:00,2022,11,1,6,4.308797789820205,4.103432240927135,0.20536554889307013,0.20536554889307013
2022-11-01 12:00:00,2022,11,1,12,6.580105593848586,6.828505166553002,-0.24839957270441637,0.24839957270441637
2022-11-01 18:00:00,2022,11,1,18,4.498127128135549,4.597574929316625,-0.09944780118107666,0.09944780118107666
2022-11-02 00:00:00,2022,11,2,0,4.013765973746793,4.075872743325985,-0.06210676957919237,0.06210676957919237
2022-11-02 06:00:00,2022,11,2,6,3.993060963264426,4.230688375089571,-0.2376274118251449,0.2376274118251449
2022-11-02 12:00:00,2022,11,2,12,6.533649074446845,6.483742371989998,0.049906702456846475,0.049906702456846475
2022-11-02 18:00:00,2022,11,2,18,4.414203419164518,4.410443779192217,0.0037596399723005547,0.0037596399723005547
2022-11-03 00:00:00,2022,11,3,0,3.910758057915819,3.6614052490224815,0.24935280889333766,0.24935280889333766
2022-11-03 06:00:00,2022,11,3,6,4.0148621451642175,4.02751110028766,-0.012648955123442107,0.012648955123442107
2022-11-03 12:00:00,2022,11,3,12,6.169877328806035,6.296569066752556,-0.1266917379465209,0.1266917379465209
2022-11-03 18:00:00,2022,11,3,18,3.90107373043921,3.894607991411313,0.0064657390278966,0.0064657390278966
2022-11-04 00:00:00,2022,11,4,0,4.103785645230129,3.788191026911415,0.31559461831871394,0.31559461831871394
2022-11-04 06:00:00,2022,11,4,6,4.106010792224781,4.083784592982578,0.022226199242203037,0.022226199242203037
2022-11-04 12:00:00,2022,11,4,12,6.521421359755854,6.31155929384214,0.2098620659137138,0.2098620659137138
2022-11-04 18:00:00,2022,11,4,18,4.129042896970141,4.330364837284092,-0.20132194031395123,0.20132194031395123
2022-11-05 00:00:00,2022,11,5,0,3.706556456601117,3.5501193179455943,0.15643713865552256,0.15643713865552256
2022-11-05 06:00:00,2022,11,5,6,3.879387671010021,4.06313920934249,-0.18375153833246882,0.18375153833246882
2022-11-05 12:00:00,2022,11,5,12,6.6146411170595645,6.659708077788454,-0.045066960728889605,0.045066960728889605
2022-11-05 18:00:00,2022,11,5,18,4.175771469834855,4.376161605584405,-0.2003901357495499,0.2003901357495499
2022-11-06 00:00:00,2022,11,6,0,3.601439223267776,3.8087582315900423,-0.20731900832226646,0.20731900832226646
2022-11-06 06:00:00,2022,11,6,6,3.6677681768688486,3.9193385950687945,-0.25157041819994586,0.25157041819994586
2022-11-06 12:00:00,2022,11,6,12,6.232603211213302,6.301001053203089,-0.06839784198978727,0.06839784198978727
2022-11-06 18:00:00,2022,11,6,18,3.603152736663402,4.009068434891193,-0.4059156982277914,0.4059156982277914
2022-11-07 00:00:00,2022,11,7,0,3.2042355282953263,3.4805423992903695,-0.27630687099504314,0.27630687099504314
2022-11-07 06:00:00,2022,11,7,6,4.167012014775749,4.130631111504087,0.03638090327166221,0.03638090327166221
2022-11-07 12:00:00,2022,11,7,12,6.0124841300613765,6.180096795109088,-0.16761266504771122,0.16761266504771122
2022-11-07 18:00:00,2022,11,7,18,3.819944071063851,3.9760255983876274,-0.15608152732377656,0.15608152732377656
2022-11-08 00:00:00,2022,11,8,0,4.284234710310293,3.891652774178047,0.3925819361322458,0.3925819361322458
2022-11-08 06:00:00,2022,11,8,6,4.346775944067992,4.208712076453053,0.13806386761493883,0.13806386761493883
2022-11-08 12:00:00,2022,11,8,12,6.346512487732629,6.316673002837659,0.029839484894970347,0.029839484894970347
2022-11-08 18:00:00,2022,11,8,18,4.9325784833191095,4.89973558395823,0.032842899360879585,0.032842899360879585
2022-11-09 00:00:00,2022,11,9,0,3.2847179054542104,3.4715138200518645,-0.1867959145976541,0.1867959145976541
2022-11-09 06:00:00,2022,11,9,6,4.659065617825949,4.600228890003695,0.058836727822253465,0.058836727822253465
2022-11-09 12:00:00,2022,11,9,12,5.68021658248472,5.966970249188823,-0.2867536667041035,0.2867536667041035
2022-11-09 18:00:00,2022,11,9,18,4.246353768488187,4.123116652883353,0.12323711560483375,0.12323711560483375
2022-11-10 00:00:00,2022,11,10,0,3.5914626475263787,3.5862767002627223,0.005185947263656399,0.005185947263656399
2022-11-10 06:00:00,2022,11,10,6,4.4763064695646575,4.426896665845032,0.04940980371962578,0.04940980371962578
2022-11-10 12:00:00,2022,11,10,12,6.32618292226404,6.229255787235624,0.09692713502841688,0.09692713502841688
2022-11-10 18:00:00,2022,11,10,18,3.749921335009355,3.821500804057802,-0.07157946904844703,0.07157946904844703
2022-11-11 00:00:00,2022,11,11,0,3.8890902818782336,3.8275293176571124,0.06156096422112123,0.06156096422112123
2022-11-11 06:00:00,2022,11,11,6,3.8695751208901976,3.9236634775269885,-0.0540883566367909,0.0540883566367909
2022-11-11 12:00:00,2022,11,11,12,6.1433508635873615,5.886493119156799,0.25685774443056264,0.25685774443056264
2022-11-11 18:00:00,2022,11,11,18,4.150790588352847,4.091008726608495,0.059781861744352405,0.059781861744352405
2022-11-12 00:00:00,2022,11,12,0,3.9010213174190698,3.6218149037599545,0.27920641365911525,0.27920641365911525
2022-11-12 06:00:00,2022,11,12,6,3.856157763639353,4.053046050434822,-0.19688828679546866,0.19688828679546866
2022-11-12 12:00:00,2022,11,12,12,5.8379267093482525,5.963417683993345,-0.12549097464509273,0.12549097464509273
2022-11-12 18:00:00,2022,11,12,18,3.726234230783388,3.968415201760801,-0.24218097097741342,0.24218097097741342
2022-11-13 00:00:00,2022,11,13,0,3.4788623013818354,3.5399067115574345,-0.06104441017559914,0.06104441017559914
2022-11-13 06:00:00,2022,11,13,6,4.237587247862255,4.004136833536993,0.2334504143252616,0.2334504143252616
2022-11-13 12:00:00,2022,11,13,12,5.934315756928293,5.990251957756416,-0.055936200828123006,0.055936200828123006
2022-11-13 18:00:00,2022,11,13,18,3.985331739789989,4.155760001880155,-0.17042826209016582,0.17042826209016582
2022-11-14 00:00:00,2022,11,14,0,3.463759414846116,3.522539552038328,-0.05878013719221187,0.05878013719221187
2022-11-14 06:00:00,2022,11,14,6,3.931606784006664,3.8575471548515674,0.07405962915509656,0.07405962915509656
2022-11-14 12:00:00,2022,11,14,12,6.088865276052665,5.986057637906395,0.10280763814627036,0.10280763814627036
2022-11-14 18:00:00,2022,11,14,18,4.020429063598312,4.004846353113674,0.01558271048463844,0.01558271048463844
2022-11-15 00:00:00,2022,11,15,0,3.1932916267495184,3.271793268809665,-0.07850164206014654,0.07850164206014654
2022-11-15 06:00:00,2022,11,15,6,3.5321730707092978,3.678951323083788,-0.14677825237449005,0.14677825237449005
2022-11-15 12:00:00,2022,11,15,12,6.390386578329569,5.911781287293676,0.4786052910358922,0.4786052910358922
2022-11-15 18:00:00,2022,11,15,18,4.34492175923882,4.240175783589259,0.10474597564956056,0.10474597564956056
2022-11-16 00:00:00,2022,11,16,0,3.7774350285195104,3.519210269032213,0.2582247594872973,0.2582247594872973
2022-11-16 06:00:00,2022,11,16,6,4.298673832354795,3.87349272938736,0.42518110296743483,0.42518110296743483
2022-11-16 12:00:00,2022,11,16,12,6.335430944357757,6.402037353654835,-0.06660640929707817,0.06660640929707817
2022-11-16 18:00:00,2022,11,16,18,4.059069594637108,4.104928075411721,-0.045858480774612964,0.045858480774612964
2022-11-17 00:00:00,2022,11,17,0,3.770081576406205,3.559476331751406,0.2106052446547988,0.2106052446547988
2022-11-17 06:00:00,2022,11,17,6,3.9415107305877513,3.6423412848250054,0.29916944576274584,0.29916944576274584
2022-11-17 12:00:00,2022,11,17,12,5.812977239778884,5.710642250727074,0.10233498905181015,0.10233498905181015
2022-11-17 18:00:00,2022,11,17,18,3.8959179057680777,4.0265622956447364,-0.13064438987665872,0.13064438987665872
2022-11-18 00:00:00,2022,11,18,0,3.882957083517108,3.6604920641567036,0.22246501936040453,0.22246501936040453
2022-11-18 06:00:00,2022,11,18,6,3.6660976164620704,3.94759379815466,-0.2814961816925896,0.2814961816925896
2022-11-18 12:00:00,2022,11,18,12,5.798249253780392,5.597769262268041,0.20047999151235096,0.20047999151235096
2022-11-18 18:00:00,2022,11,18,18,3.9850780776038857,3.698182101999119,0.28689597560476665,0.28689597560476665
2022-11-19 00:00:00,2022,11,19,0,3.4231725704039744,3.3653561026939585,0.05781646771001592,0.05781646771001592
2022-11-19 06:00:00,2022,11,19,6,4.1431152724685365,3.8805107731277952,0.26260449934074126,0.26260449934074126
2022-11-19 12:00:00,2022,11,19,12,5.827391515991885,5.545291895460985,0.2820996205309001,0.2820996205309001
2022-11-19 18:00:00,2022,11,19,18,4.071223552132733,3.935759081989852,0.13546447014288132,0.13546447014288132
2022-11-20 00:00:00,2022,11,20,0,4.674261071431736,4.635888493478701,0.038372577953034614,0.038372577953034614
2022-11-20 06:00:00,2022,11,20,6,3.621878663710039,3.8024818636059474,-0.18060319989590834,0.18060319989590834
2022-11-20 12:00:00,2022,11,20,12,5.9146730190218255,5.907336906835184,0.007336112186641763,0.007336112186641763
2022-11-20 18:00:00,2022,11,20,18,3.724214470876983,4.096485022959923,-0.37227055208294013,0.37227055208294013
2022-11-21 00:00:00,2022,11,21,0,3.6172886705818352,3.4663337806751597,0.1509548899066755,0.1509548899066755
2022-11-21 06:00:00,2022,11,21,6,3.848466277383935,3.6933486221442844,0.1551176552396507,0.1551176552396507
2022-11-21 12:00:00,2022,11,21,12,5.845442457330725,5.725185653574966,0.12025680375575831,0.12025680375575831
2022-11-21 18:00:00,2022,11,21,18,3.643338699206869,3.7327108889276226,-0.08937218972075378,0.08937218972075378
2022-11-22 00:00:00,2022,11,22,0,3.165334919541622,3.324694545789389,-0.15935962624776678,0.15935962624776678
2022-11-22 06:00:00,2022,11,22,6,3.399334492546788,3.4454817874257495,-0.04614729487896163,0.04614729487896163
2022-11-22 12:00:00,2022,11,22,12,5.495253205347491,5.613127857840389,-0.11787465249289841,0.11787465249289841
2022-11-22 18:00:00,2022,11,22,18,4.481735092613934,4.181537087395447,0.30019800521848694,0.30019800521848694
2022-11-23 00:00:00,2022,11,23,0,2.958455518789733,3.3143785800340746,-0.3559230612443418,0.3559230612443418
2022-11-23 06:00:00,2022,11,23,6,3.6398561881297113,3.9918905481264715,-0.35203435999676014,0.35203435999676014
2022-11-23 12:00:00,2022,11,23,12,5.564948042190636,5.391293972214673,0.17365406997596278,0.17365406997596278
2022-11-23 18:00:00,2022,11,23,18,3.7138907010512505,3.472229554076623,0.2416611469746277,0.2416611469746277
2022-11-24 00:00:00,2022,11,24,0,3.3681933201214806,3.2006958734655275,0.16749744665595312,0.16749744665595312
2022-11-24 06:00:00,2022,11,24,6,3.714060463411391,3.9129486318010085,-0.19888816838961754,0.19888816838961754
2022-11-24 12:00:00,2022,11,24,12,6.107730826681268,5.858144545646025,0.24958628103524383,0.24958628103524383
2022-11-24 18:00:00,2022,11,24,18,3.686267889729504,3.837919913259193,-0.1516520235296892,0.1516520235296892
2022-11-25 00:00:00,2022,11,25,0,3.4656676076825548,3.472428259709542,-0.00676065202698739,0.00676065202698739
2022-11-25 06:00:00,2022,11,25,6,3.9531255130828105,3.814408489238741,0.1387170238440696,0.1387170238440696
2022-11-25 12:00:00,2022,11,25,12,5.602078963816815,5.690205540112382,-0.08812657629556675,0.08812657629556675
2022-11-25 18:00:00,2022,11,25,18,3.37861784681374,3.575456581312542,-0.19683873449880185,0.19683873449880185
2022-11-26 00:00:00,2022,11,26,0,2.8981031078000794,3.1929765034224777,-0.29487339562239834,0.29487339562239834
2022-11-26 06:00:00,2022,11,26,6,3.565951221479758,3.8447038904694435,-0.2787526689896853,0.2787526689896853
2022-11-26 12:00:00,2022,11,26,12,5.883791647151409,5.714807006610748,0.16898464054066142,0.16898464054066142
2022-11-26 18:00:00,2022,11,26,18,3.962629669398639,3.766646684316896,0.19598298508174272,0.19598298508174272
2022-11-27 00:00:00,2022,11,27,0,3.068026292477446,3.2596183653100996,-0.19159207283265367,0.19159207283265367
2022-11-27 06:00:00,2022,11,27,6,3.605998250381394,3.6199729979910176,-0.013974747609623694,0.013974747609623694
2022-11-27 12:00:00,2022,11,27,12,5.254715311821492,5.631869773907099,-0.3771544620856071,0.3771544620856071
2022-11-27 18:00:00,2022,11,27,18,3.84794665661692,3.8944860301392357,-0.04653937352231585,0.04653937352231585
2022-11-28 00:00:00,2022,11,28,0,2.769366924366102,3.2821035067324553,-0.5127365823663532,0.5127365823663532
2022-11-28 06:00:00,2022,11,28,6,3.712944564685448,3.839269062876728,-0.1263244981912801,0.1263244981912801
2022-11-28 12:00:00,2022,11,28,12,5.354732003423215,5.496551179296659,-0.14181917587344373,0.14181917587344373
2022-11-28 18:00:00,2022,11,28,18,3.720115120061174,3.663795078052069,0.05632004200910501,0.05632004200910501
2022-11-29 00:00:00,2022,11,29,0,3.575341485352212,3.438798871040309,0.13654261431190307,0.13654261431190307
2022-11-29 06:00:00,2022,11,29,6,3.322620431186853,3.38519801423873,-0.0625775830518771,0.0625775830518771
2022-11-29 12:00:00,2022,11,29,12,5.805869292019753,5.56928346653531,0.2365858254844424,0.2365858254844424
2022-11-29 18:00:00,2022,11,29,18,3.61011575878138,3.6961196423697835,-0.0860038835884036,0.0860038835884036
2022-11-30 00:00:00,2022,11,30,0,3.706230936730208,3.8239173780895,-0.11768644135929174,0.11768644135929174
2022-11-30 06:00:00,2022,11,30,6,3.1564571146620497,3.598734370575074,-0.44227725591302436,0.44227725591302436
2022-11-30 12:00:00,2022,11,30,12,6.264261570937071,5.602857679098614,0.6614038918384573,0.6614038918384573
2022-11-30 18:00:00,2022,11,30,18,3.659871767205489,3.3623050565929664,0.2975667106125224,0.2975667106125224
2022-12-01 00:00:00,2022,12,1,0,3.0959037582559694,2.945911386795834,0.14999237146013522,0.14999237146013522
2022-12-01 06:00:00,2022,12,1,6,3.4717489101814625,3.3882564985082797,0.08349241167318278,0.08349241167318278
2022-12-01 12:00:00,2022,12,1,12,5.11984082804884,5.377619992822915,-0.2577791647740746,0.2577791647740746
2022-12-01 18:00:00,2022,12,1,18,3.6018982311038967,3.670271757177332,-0.06837352607343528,0.06837352607343528
2022-12-02 00:00:00,2022,12,2,0,3.4933025746147663,3.2167312356767375,0.2765713389380289,0.2765713389380289
2022-12-02 06:00:00,2022,12,2,6,3.124503569910745,3.3503863422606033,-0.2258827723498582,0.2258827723498582
2022-12-02 12:00:00,2022,12,2,12,5.556335435365914,5.475744136224661,0.08059129914125318,0.08059129914125318
2022-12-02 18:00:00,2022,12,2,18,3.321491875166052,3.1993629678688067,0.12212890729724535,0.12212890729724535
2022-12-03 00:00:00,2022,12,3,0,2.9642887645310267,3.0320131716469687,-0.06772440711594196,0.06772440711594196
2022-12-03 06:00:00,2022,12,3,6,3.286218906378762,3.3342659588607506,-0.048047052481988484,0.048047052481988484
2022-12-03 12:00:00,2022,12,3,12,5.164110712751818,5.410015589013888,-0.24590487626206947,0.24590487626206947
2022-12-03 18:00:00,2022,12,3,18,3.815634974543336,3.5539829562106817,0.2616520183326543,0.2616520183326543
2022-12-04 00:00:00,2022,12,4,0,3.1094732378078263,3.2727991959742164,-0.16332595816639017,0.16332595816639017
2022-12-04 06:00:00,2022,12,4,6,3.197447592956047,3.2722029359225853,-0.07475534296653841,0.07475534296653841
2022-12-04 12:00:00,2022,12,4,12,5.070366389756887,5.569533798943187,-0.49916740918629987,0.49916740918629987
2022-12-04 18:00:00,2022,12,4,18,3.362118957528577,3.4666530841119347,-0.1045341265833577,0.1045341265833577
2022-12-05 00:00:00,2022,12,5,0,3.0487544766668853,3.144743251641999,-0.0959887749751136,0.0959887749751136
2022-12-05 06:00:00,2022,12,5,6,3.3864238839407466,3.4093594175265545,-0.02293553358580791,0.02293553358580791
2022-12-05 12:00:00,2022,12,5,12,5.149375192748975,5.409467888149304,-0.26009269540032864,0.26009269540032864
2022-12-05 18:00:00,2022,12,5,18,3.3879132329670094,3.2414795532883267,0.1464336796786827,0.1464336796786827
2022-12-06 00:00:00,2022,12,6,0,2.553103898153279,2.8894505702420643,-0.3363466720887853,0.3363466720887853
2022-12-06 06:00:00,2022,12,6,6,3.2835854635671318,3.4754728920536992,-0.19188742848656748,0.19188742848656748
2022-12-06 12:00:00,2022,12,6,12,5.395903219859346,5.495773438928863,-0.09987021906951643,0.09987021906951643
2022-12-06 18:00:00,2022,12,6,18,3.672304212050508,3.449377399769146,0.2229268122813619,0.2229268122813619
2022-12-07 00:00:00,2022,12,7,0,3.130065856611945,3.1420021671927123,-0.011936310580767273,0.011936310580767273
2022-12-07 06:00:00,2022,12,7,6,3.563621240513064,3.485597899253249,0.07802334125981503,0.07802334125981503
2022-12-07 12:00:00,2022,12,7,12,5.265769421027587,5.3770572243448695,-0.11128780331728283,0.11128780331728283
2022-12-07 18:00:00,2022,12,7,18,3.3589234062137048,3.508281116370127,-0.1493577101564223,0.1493577101564223
2022-12-08 00:00:00,2022,12,8,0,2.9832616920743185,2.792604086037393,0.1906576060369254,0.1906576060369254
2022-12-08 06:00:00,2022,12,8,6,3.511569473564116,3.2719634948731215,0.23960597869099454,0.23960597869099454
2022-12-08 12:00:00,2022,12,8,12,5.292646963189943,5.204263909985823,0.08838305320412054,0.08838305320412054
2022-12-08 18:00:00,2022,12,8,18,3.344270295834767,3.1719597690068486,0.1723105268279186,0.1723105268279186
2022-12-09 00:00:00,2022,12,9,0,2.9241808195172725,2.8706256446474434,0.05355517486982908,0.05355517486982908
2022-12-09 06:00:00,2022,12,9,6,2.802405096748509,3.1357067300307246,-0.3333016332822156,0.3333016332822156
2022-12-09 12:00:00,2022,12,9,12,5.18157641624452,5.227288652191253,-0.04571223594673235,0.04571223594673235
2022-12-09 18:00:00,2022,12,9,18,3.06138116344074,3.136707978456751,-0.07532681501601113,0.07532681501601113
2022-12-10 00:00:00,2022,12,10,0,2.648952292454852,2.6551942744761607,-0.006241982021308878,0.006241982021308878
2022-12-10 06:00:00,2022,12,10,6,3.3053382055583604,3.153068837474477,0.15226936808388336,0.15226936808388336
2022-12-10 12:00:00,2022,12,10,12,5.051694597879893,5.077087025793732,-0.025392427913839555,0.025392427913839555
2022-12-10 18:00:00,2022,12,10,18,3.1160680573535124,3.2891049235813203,-0.1730368662278079,0.1730368662278079
2022-12-11 00:00:00,2022,12,11,0,2.955090761061825,2.8346062238215883,0.12048453724023656,0.12048453724023656
2022-12-11 06:00:00,2022,12,11,6,2.8921963006346125,3.0349634301446886,-0.14276712951007609,0.14276712951007609
2022-12-11 12:00:00,2022,12,11,12,5.393618173359977,5.7040019803429125,-0.31038380698293544,0.31038380698293544
2022-12-11 18:00:00,2022,12,11,18,3.364309858161089,3.3337129105432974,0.030596947617791415,0.030596947617791415
2022-12-12 00:00:00,2022,12,12,0,2.7320251911265574,2.78950070211813,-0.057475510991572776,0.057475510991572776
2022-12-12 06:00:00,2022,12,12,6,3.633891290282138,3.4374171903610593,0.19647409992107878,0.19647409992107878
2022-12-12 12:00:00,2022,12,12,12,5.259714595523217,5.087206616541365,0.17250797898185244,0.17250797898185244
2022-12-12 18:00:00,2022,12,12,18,3.726725944329005,3.570591474295986,0.15613447003301895,0.15613447003301895
2022-12-13 00:00:00,2022,12,13,0,3.0421297033979333,3.0359780069845237,0.006151696413409624,0.006151696413409624
2022-12-13 06:00:00,2022,12,13,6,3.364423259847306,3.238735062827349,0.12568819701995704,0.12568819701995704
2022-12-13 12:00:00,2022,12,13,12,5.474804792672529,5.060038617476884,0.41476617519564485,0.41476617519564485
2022-12-13 18:00:00,2022,12,13,18,3.327076864986022,3.0883896906534134,0.23868717433260844,0.23868717433260844
2022-12-14 00:00:00,2022,12,14,0,2.7867795670078968,2.632609179832983,0.1541703871749136,0.1541703871749136
2022-12-14 06:00:00,2022,12,14,6,3.364784097451416,3.2605470803716203,0.10423701707979571,0.10423701707979571
2022-12-14 12:00:00,2022,12,14,12,6.0203058831594936,5.690327910280093,0.32997797287940056,0.32997797287940056
2022-12-14 18:00:00,2022,12,14,18,3.2281093025670344,3.0437116536534052,0.1843976489136292,0.1843976489136292
2022-12-15 00:00:00,2022,12,15,0,2.710553711525734,2.5031771351775904,0.20737657634814344,0.20737657634814344
2022-12-15 06:00:00,2022,12,15,6,3.4478860899562047,3.281002816024795,0.1668832739314099,0.1668832739314099
2022-12-15 12:00:00,2022,12,15,12,5.07027741485764,4.6951273337526755,0.3751500811049642,0.3751500811049642
2022-12-15 18:00:00,2022,12,15,18,3.180684018656824,3.12883774361408,0.05184627504274397,0.05184627504274397
2022-12-16 00:00:00,2022,12,16,0,2.793235676259013,2.7483145087209047,0.044921167538108264,0.044921167538108264
2022-12-16 06:00:00,2022,12,16,6,3.316222601637272,3.0949705215879946,0.2212520800492772,0.2212520800492772
2022-12-16 12:00:00,2022,12,16,12,4.856142105919909,4.530921181271532,0.3252209246483764,0.3252209246483764
2022-12-16 18:00:00,2022,12,16,18,3.1453699336974794,3.2798865298480555,-0.1345165961505761,0.1345165961505761
2022-12-17 00:00:00,2022,12,17,0,3.072481935130842,2.9443182751886883,0.12816365994215362,0.12816365994215362
2022-12-17 06:00:00,2022,12,17,6,3.062772747525976,3.14418524147101,-0.08141249394503403,0.08141249394503403
2022-12-17 12:00:00,2022,12,17,12,5.160109049491671,5.171235027625449,-0.011125978133778247,0.011125978133778247
2022-12-17 18:00:00,2022,12,17,18,3.184414406218313,3.288184646986303,-0.10377024076798991,0.10377024076798991
2022-12-18 00:00:00,2022,12,18,0,2.754181125774321,2.7777858584314483,-0.023604732657127148,0.023604732657127148
2022-12-18 06:00:00,2022,12,18,6,3.2205109712600684,3.185713982674972,0.0347969885850965,0.0347969885850965
2022-12-18 12:00:00,2022,12,18,12,5.051656275540755,5.172236276991176,-0.12058000145042058,0.12058000145042058
2022-12-18 18:00:00,2022,12,18,18,3.178366929800818,3.164483967695125,0.013882962105693064,0.013882962105693064
2022-12-19 00:00:00,2022,12,19,0,2.8479516311019104,2.6537038490377878,0.19424778206412263,0.19424778206412263
2022-12-19 06:00:00,2022,12,19,6,2.550388292586793,2.924167626383596,-0.37377933379680295,0.37377933379680295
2022-12-19 12:00:00,2022,12,19,12,5.261757288377908,5.2910365503729855,-0.02927926199507791,0.02927926199507791
2022-12-19 18:00:00,2022,12,19,18,2.999707124281437,3.034217320168377,-0.03451019588694004,0.03451019588694004
2022-12-20 00:00:00,2022,12,20,0,3.10374788805945,2.9024747317335984,0.2012731563258514,0.2012731563258514
2022-12-20 06:00:00,2022,12,20,6,2.9601211424213334,3.062757753888208,-0.10263661146687442,0.10263661146687442
2022-12-20 12:00:00,2022,12,20,12,4.6966567735223945,4.525024714841175,0.17163205868121967,0.17163205868121967
2022-12-20 18:00:00,2022,12,20,18,3.1086264297197097,3.0286439654105317,0.07998246430917799,0.07998246430917799
2022-12-21 00:00:00,2022,12,21,0,2.5205756856688275,2.6699242994796353,-0.14934861381080777,0.14934861381080777
2022-12-21 06:00:00,2022,12,21,6,3.3781954503689025,3.093901167086762,0.28429428328214046,0.28429428328214046
2022-12-21 12:00:00,2022,12,21,12,4.940817821353282,4.726788807818875,0.2140290135344074,0.2140290135344074
2022-12-21 18:00:00,2022,12,21,18,3.161330271865448,3.026094946437254,0.13523532542819394,0.13523532542819394
2022-12-22 00:00:00,2022,12,22,0,2.5264631029713573,2.548055827076138,-0.021592724104780636,0.021592724104780636
2022-12-22 06:00:00,2022,12,22,6,3.2651801583943096,3.0842733692513997,0.18090678914290992,0.18090678914290992
2022-12-22 12:00:00,2022,12,22,12,4.981020600435792,5.084706111210166,-0.10368551077437438,0.10368551077437438
2022-12-22 18:00:00,2022,12,22,18,2.724210167234268,2.8932244774731464,-0.16901431023887836,0.16901431023887836
2022-12-23 00:00:00,2022,12,23,0,2.682217549912388,2.77434605824331,-0.09212850833092201,0.09212850833092201
2022-12-23 06:00:00,2022,12,23,6,3.1462839010067807,3.134832682658325,0.01145121834845586,0.01145121834845586
2022-12-23 12:00:00,2022,12,23,12,4.869250832431726,4.985638058501463,-0.11638722606973673,0.11638722606973673
2022-12-23 18:00:00,2022,12,23,18,3.327450125975982,2.996770691667699,0.33067943430828306,0.33067943430828306
2022-12-24 00:00:00,2022,12,24,0,2.5061669005977687,2.595607403164215,-0.08944050256644642,0.08944050256644642
2022-12-24 06:00:00,2022,12,24,6,2.898597533329607,2.9481531298168058,-0.04955559648719898,0.04955559648719898
2022-12-24 12:00:00,2022,12,24,12,4.495023190594356,4.719869132413956,-0.22484594181960027,0.22484594181960027
2022-12-24 18:00:00,2022,12,24,18,3.4062442399460573,3.143088546908658,0.2631556930373993,0.2631556930373993
2022-12-25 00:00:00,2022,12,25,0,2.0581995014639087,2.435336667693605,-0.37713716622969606,0.37713716622969606
2022-12-25 06:00:00,2022,12,25,6,3.1937114725945186,3.1015249676355396,0.09218650495897895,0.09218650495897895
2022-12-25 12:00:00,2022,12,25,12,4.780420997451994,4.834384164444352,-0.05396316699235815,0.05396316699235815
2022-12-25 18:00:00,2022,12,25,18,2.637396665924109,2.8895081382750902,-0.2521114723509812,0.2521114723509812
2022-12-26 00:00:00,2022,12,26,0,2.3170251226875416,2.444489579859867,-0.12746445717232557,0.12746445717232557
2022-12-26 06:00:00,2022,12,26,6,2.6982414713108804,2.9440649054412593,-0.24582343413037888,0.24582343413037888
2022-12-26 12:00:00,2022,12,26,12,5.01965949630257,4.944372770073922,0.07528672622864718,0.07528672622864718
2022-12-26 18:00:00,2022,12,26,18,2.5451614583032827,2.8430007350442836,-0.29783927674100097,0.29783927674100097
2022-12-27 00:00:00,2022,12,27,0,2.674830395371877,2.53114043591945,0.14368995945242702,0.14368995945242702
2022-12-27 06:00:00,2022,12,27,6,3.1338713973708634,2.9352803631276054,0.19859103424325797,0.19859103424325797
2022-12-27 12:00:00,2022,12,27,12,5.396808940202466,5.103692355246887,0.29311658495557946,0.29311658495557946
2022-12-27 18:00:00,2022,12,27,18,2.887357904226218,3.0852471553403,-0.19788925111408195,0.19788925111408195
2022-12-28 00:00:00,2022,12,28,0,2.3916075408613557,2.4784301577420487,-0.08682261688069293,0.08682261688069293
2022-12-28 06:00:00,2022,12,28,6,2.80755346437922,2.824327125727524,-0.01677366134830427,0.01677366134830427
2022-12-28 12:00:00,2022,12,28,12,4.642620931603341,4.699323845802311,-0.05670291419897033,0.05670291419897033
2022-12-28 18:00:00,2022,12,28,18,3.017492749772837,2.94597352554165,0.07151922423118684,0.07151922423118684
2022-12-29 00:00:00,2022,12,29,0,2.515231966740429,2.531178280487456,-0.01594631374702704,0.01594631374702704
2022-12-29 06:00:00,2022,12,29,6,3.1173139824472624,3.138157670412035,-0.020843687964772428,0.020843687964772428
2022-12-29 12:00:00,2022,12,29,12,5.016957994524028,4.74951782042976,0.26744017409426846,0.26744017409426846
2022-12-29 18:00:00,2022,12,29,18,2.822806727010099,2.9363953336821673,-0.11358860667206816,0.11358860667206816
2022-12-30 00:00:00,2022,12,30,0,2.4745003455857773,2.5107866126799516,-0.036286267094174374,0.036286267094174374
2022-12-30 06:00:00,2022,12,30,6,2.798651410361514,3.0605639864531655,-0.2619125760916514,0.2619125760916514
2022-12-30 12:00:00,2022,12,30,12,4.8457282555614105,5.112353064234491,-0.2666248086730807,0.2666248086730807
2022-12-30 18:00:00,2022,12,30,18,3.0611711791841767,2.9375827253257443,0.12358845385843242,0.12358845385843242
2022-12-31 00:00:00,2022,12,31,0,2.2758497085557803,2.523185965092582,-0.2473362565368018,0.2473362565368018
2022-12-31 06:00:00,2022,12,31,6,2.896450262365568,2.8402631452839078,0.056187117081660354,0.056187117081660354
2022-12-31 12:00:00,2022,12,31,12,5.281230307697262,5.2436096987852725,0.037620608911989706,0.037620608911989706
2022-12-31 18:00:00,2022,12,31,18,2.825940119345805,2.9673243545115353,-0.1413842351657304,0.1413842351657304
2022-01-01 00:00:00,2022,1,1,0,3.9291036256934815,4.0502064061288445,-0.12110278043536304,0.12110278043536304
2022-01-01 06:00:00,2022,1,1,6,4.326754607104943,4.150490063747889,0.17626454335705422,0.17626454335705422
2022-01-01 12:00:00,2022,1,1,12,6.467903380200043,6.362057453754581,0.10584592644546209,0.10584592644546209
2022-01-01 18:00:00,2022,1,1,18,4.421703261433897,4.185081798776895,0.236621462657002,0.236621462657002
2022-01-02 00:00:00,2022,1,2,0,3.6731828607991495,3.9038721476368905,-0.23068928683774104,0.23068928683774104
2022-01-02 06:00:00,2022,1,2,6,4.151572935049034,4.27282089061492,-0.1212479555658863,0.1212479555658863
2022-01-02 12:00:00,2022,1,2,12,6.186721198970196,6.4022953506735165,-0.21557415170332028,0.21557415170332028
2022-01-02 18:00:00,2022,1,2,18,5.000709824531628,4.87513564169294,0.1255741828386885,0.1255741828386885
2022-01-03 00:00:00,2022,1,3,0,3.785432351156238,3.998479734476505,-0.21304738332026707,0.21304738332026707
2022-01-03 06:00:00,2022,1,3,6,4.034062852679684,4.047592125435641,-0.0135292727559575,0.0135292727559575
2022-01-03 12:00:00,2022,1,3,12,6.515166455097284,6.853627049826329,-0.3384605947290451,0.3384605947290451
2022-01-03 18:00:00,2022,1,3,18,4.2471337582595785,4.159181661719309,0.08795209654026959,0.08795209654026959
2022-01-04 00:00:00,2022,1,4,0,3.786908125807994,3.932061806679768,-0.14515368087177372,0.14515368087177372
2022-01-04 06:00:00,2022,1,4,6,4.405136971922615,4.484348665249069,-0.07921169332645395,0.07921169332645395
2022-01-04 12:00:00,2022,1,4,12,6.042335093641349,6.169877529401006,-0.12754243575965685,0.12754243575965685
2022-01-04 18:00:00,2022,1,4,18,4.237749862602459,4.262559074738565,-0.024809212136106318,0.024809212136106318
2022-01-05 00:00:00,2022,1,5,0,4.055502899849736,3.980683917386188,0.0748189824635479,0.0748189824635479
2022-01-05 06:00:00,2022,1,5,6,4.173423527126034,4.1375150425870935,0.03590848453894058,0.03590848453894058
2022-01-05 12:00:00,2022,1,5,12,5.942076310125207,6.556996895408489,-0.614920585283282,0.614920585283282
2022-01-05 18:00:00,2022,1,5,18,4.3972850417575,4.1324688797343,0.2648161620231999,0.2648161620231999
2022-01-06 00:00:00,2022,1,6,0,4.193605059932774,4.293566025370285,-0.09996096543751065,0.09996096543751065
2022-01-06 06:00:00,2022,1,6,6,3.9553100965035286,4.082543607671831,-0.12723351116830273,0.12723351116830273
2022-01-06 12:00:00,2022,1,6,12,7.479167359996,7.418822263166811,0.06034509682918898,0.06034509682918898
2022-01-06 18:00:00,2022,1,6,18,3.8975788131014415,3.916230905075944,-0.01865209197450257,0.01865209197450257
2022-01-07 00:00:00,2022,1,7,0,4.142226174437525,4.098951470164746,0.04327470427277902,0.04327470427277902
2022-01-07 06:00:00,2022,1,7,6,4.379859311860696,4.23497546602834,0.14488384583235625,0.14488384583235625
2022-01-07 12:00:00,2022,1,7,12,7.028981148926635,7.100487800071718,-0.07150665114508303,0.07150665114508303
2022-01-07 18:00:00,2022,1,7,18,3.9897945911360506,4.004170561017907,-0.01437596988185641,0.01437596988185641
2022-01-08 00:00:00,2022,1,8,0,3.758729925955669,3.6814953561748265,0.07723456978084231,0.07723456978084231
2022-01-08 06:00:00,2022,1,8,6,5.091894850990613,4.6656384710334855,0.4262563799571275,0.4262563799571275
2022-01-08 12:00:00,2022,1,8,12,6.602415437302058,6.387653193409296,0.21476224389276233,0.21476224389276233
2022-01-08 18:00:00,2022,1,8,18,4.436079630917457,4.072917621009168,0.3631620099082893,0.3631620099082893
2022-01-09 00:00:00,2022,1,9,0,4.159027177419844,4.002628715038355,0.1563984623814889,0.1563984623814889
2022-01-09 06:00:00,2022,1,9,6,4.124880968455077,4.082598893447012,0.0422820750080648,0.0422820750080648
2022-01-09 12:00:00,2022,1,9,12,6.3092969004633,6.576950710707696,-0.26765381024439616,0.26765381024439616
2022-01-09 18:00:00,2022,1,9,18,4.412192094319668,4.255965040825874,0.15622705349379373,0.15622705349379373
2022-01-10 00:00:00,2022,1,10,0,4.193676619866777,4.136320572262021,0.0573560476047561,0.0573560476047561
2022-01-10 06:00:00,2022,1,10,6,3.9416206733243824,4.035386890837976,-0.09376621751359338,0.09376621751359338
2022-01-10 12:00:00,2022,1,10,12,6.588726710832655,6.4279396777481494,0.16078703308450581,0.16078703308450581
2022-01-10 18:00:00,2022,1,10,18,4.36992833367413,4.223267747659583,0.1466605860145469,0.1466605860145469
2022-01-11 00:00:00,2022,1,11,0,4.043916432875454,4.142353417305906,-0.09843698443045223,0.09843698443045223
2022-01-11 06:00:00,2022,1,11,6,4.317634887920957,4.059788709822839,0.2578461780981183,0.2578461780981183
2022-01-11 12:00:00,2022,1,11,12,6.379653042458338,6.363635001033325,0.016018041425013507,0.016018041425013507
2022-01-11 18:00:00,2022,1,11,18,4.718166548947094,4.66928495024038,0.04888159870671416,0.04888159870671416
2022-01-12 00:00:00,2022,1,12,0,3.9239633526825166,3.926138722062994,-0.0021753693804775764,0.0021753693804775764
2022-01-12 06:00:00,2022,1,12,6,4.179201031998976,4.100975885902557,0.07822514609641917,0.07822514609641917
2022-01-12 12:00:00,2022,1,12,12,6.583512518316618,6.784975497848743,-0.201462979532125,0.201462979532125
2022-01-12 18:00:00,2022,1,12,18,4.022669955583299,3.957744017197549,0.06492593838575011,0.06492593838575011
2022-01-13 00:00:00,2022,1,13,0,4.805651814848331,4.832436593257526,-0.02678477840919502,0.02678477840919502
2022-01-13 06:00:00,2022,1,13,6,3.7880913428191687,3.9747567547050675,-0.1866654118858988,0.1866654118858988
2022-01-13 12:00:00,2022,1,13,12,6.682201386081243,6.310605361129505,0.3715960249517378,0.3715960249517378
2022-01-13 18:00:00,2022,1,13,18,4.120347652802479,4.139584357556113,-0.019236704753633482,0.019236704753633482
2022-01-14 00:00:00,2022,1,14,0,4.6036225364054975,4.650432709781078,-0.046810173375580355,0.046810173375580355
2022-01-14 06:00:00,2022,1,14,6,4.224226061087935,4.14822481948006,0.07600124160787569,0.07600124160787569
2022-01-14 12:00:00,2022,1,14,12,6.479894068831568,6.453365764082371,0.02652830474919643,0.02652830474919643
2022-01-14 18:00:00,2022,1,14,18,4.404127503549908,4.2934470009523675,0.11068050259754081,0.11068050259754081
2022-01-15 00:00:00,2022,1,15,0,3.886018703930647,3.9693350590073377,-0.08331635507669066,0.08331635507669066
2022-01-15 06:00:00,2022,1,15,6,4.197178125232641,4.27820573897241,-0.08102761373976897,0.08102761373976897
2022-01-15 12:00:00,2022,1,15,12,6.443541772987468,6.5634323366178595,-0.11989056363039108,0.11989056363039108
2022-01-15 18:00:00,2022,1,15,18,4.198559820724503,4.314095112717985,-0.11553529199348223,0.11553529199348223
2022-01-16 00:00:00,2022,1,16,0,4.195268072560934,4.282567079107374,-0.08729900654644052,0.08729900654644052
2022-01-16 06:00:00,2022,1,16,6,4.608277159549952,4.415723215162272,0.19255394438768025,0.19255394438768025
2022-01-16 12:00:00,2022,1,16,12,6.512238571546262,6.600371547623848,-0.08813297607758575,0.08813297607758575
2022-01-16 18:00:00,2022,1,16,18,4.457449849165947,4.731338653874931,-0.27388880470898425,0.27388880470898425
2022-01-17 00:00:00,2022,1,17,0,4.143626344477357,4.278421637456128,-0.13479529297877058,0.13479529297877058
2022-01-17 06:00:00,2022,1,17,6,4.80719971273362,4.3892729859984945,0.4179267267351259,0.4179267267351259
2022-01-17 12:00:00,2022,1,17,12,6.560913738826302,6.617175045393337,-0.056261306567034985,0.056261306567034985
2022-01-17 18:00:00,2022,1,17,18,4.655383851455547,4.443265916319226,0.2121179351363205,0.2121179351363205
2022-01-18 00:00:00,2022,1,18,0,5.3198346354191095,5.11870380664739,0.20113082877171973,0.20113082877171973
2022-01-18 06:00:00,2022,1,18,6,4.433018256961821,4.3418537350515285,0.09116452191029278,0.09116452191029278
2022-01-18 12:00:00,2022,1,18,12,6.473851852952272,6.770540474469517,-0.2966886215172444,0.2966886215172444
2022-01-18 18:00:00,2022,1,18,18,4.50166629912466,4.275704033292933,0.2259622658317273,0.2259622658317273
2022-01-19 00:00:00,2022,1,19,0,4.1349876152955565,4.366525914575752,-0.23153829928019576,0.23153829928019576
2022-01-19 06:00:00,2022,1,19,6,4.1157005613735365,4.33753284515739,-0.22183228378385333,0.22183228378385333
2022-01-19 12:00:00,2022,1,19,12,6.632593464679092,6.8064988252184175,-0.17390536053932593,0.17390536053932593
2022-01-19 18:00:00,2022,1,19,18,4.65886727859438,4.588338179085766,0.0705290995086143,0.0705290995086143
2022-01-20 00:00:00,2022,1,20,0,4.532564653251132,4.658996121560391,-0.1264314683092591,0.1264314683092591
2022-01-20 06:00:00,2022,1,20,6,4.520746050358475,4.581316120075066,-0.06057006971659096,0.06057006971659096
2022-01-20 12:00:00,2022,1,20,12,6.834582851887337,6.722050174941837,0.11253267694549951,0.11253267694549951
2022-01-20 18:00:00,2022,1,20,18,4.2523062219734085,4.2967093419043545,-0.04440311993094603,0.04440311993094603
2022-01-21 00:00:00,2022,1,21,0,4.4675315257966846,4.506810524474268,-0.039278998677583665,0.039278998677583665
2022-01-21 06:00:00,2022,1,21,6,4.691651901448123,4.593015870178606,0.0986360312695167,0.0986360312695167
2022-01-21 12:00:00,2022,1,21,12,6.9686765362641445,6.80867221934692,0.16000431691722472,0.16000431691722472
2022-01-21 18:00:00,2022,1,21,18,4.641921523457557,4.551806166620673,0.09011535683688443,0.09011535683688443
2022-01-22 00:00:00,2022,1,22,0,4.102376491485416,4.197642994721711,-0.09526650323629493,0.09526650323629493
2022-01-22 06:00:00,2022,1,22,6,4.623467070180439,4.605796050363058,0.017671019817380618,0.017671019817380618
2022-01-22 12:00:00,2022,1,22,12,7.048429306162539,6.7487372265879975,0.2996920795745419,0.2996920795745419
2022-01-22 18:00:00,2022,1,22,18,4.819573699417991,4.6820513949656135,0.13752230445237767,0.13752230445237767
2022-01-23 00:00:00,2022,1,23,0,4.274775738126147,4.466782951046907,-0.1920072129207604,0.1920072129207604
2022-01-23 06:00:00,2022,1,23,6,4.583411791249191,4.473657400151744,0.10975439109744745,0.10975439109744745
2022-01-23 12:00:00,2022,1,23,12,7.019622040033527,6.883515706212792,0.13610633382073445,0.13610633382073445
2022-01-23 18:00:00,2022,1,23,18,4.3520467180447335,4.259343755974474,0.09270296207025996,0.09270296207025996
2022-01-24 00:00:00,2022,1,24,0,4.707320513970141,4.591066952149688,0.11625356182045365,0.11625356182045365
2022-01-24 06:00:00,2022,1,24,6,4.175820098576671,4.567994203658755,-0.39217410508208417,0.39217410508208417
2022-01-24 12:00:00,2022,1,24,12,6.989905258256527,6.89104032122414,0.09886493703238663,0.09886493703238663
2022-01-24 18:00:00,2022,1,24,18,5.068061470632896,4.817048820282826,0.25101265035007003,0.25101265035007003
2022-01-25 00:00:00,2022,1,25,0,5.649533199757428,5.6327891042803815,0.016744095477046805,0.016744095477046805
2022-01-25 06:00:00,2022,1,25,6,4.862214653787349,4.701947963557827,0.16026669022952245,0.16026669022952245
2022-01-25 12:00:00,2022,1,25,12,6.997625612208587,6.801386690331492,0.1962389218770948,0.1962389218770948
2022-01-25 18:00:00,2022,1,25,18,4.630772885620762,4.665318339257393,-0.034545453636630974,0.034545453636630974
2022-01-26 00:00:00,2022,1,26,0,4.647886418123161,4.637235489828816,0.010650928294344553,0.010650928294344553
2022-01-26 06:00:00,2022,1,26,6,4.803609121110308,4.7824079015692496,0.02120121954105869,0.02120121954105869
2022-01-26 12:00:00,2022,1,26,12,7.091036221457749,6.927030892607307,0.1640053288504415,0.1640053288504415
2022-01-26 18:00:00,2022,1,26,18,4.689660713906554,4.487526940061157,0.20213377384539744,0.20213377384539744
2022-01-27 00:00:00,2022,1,27,0,4.87271225699648,4.699052151086696,0.17366010590978398,0.17366010590978398
2022-01-27 06:00:00,2022,1,27,6,4.722508694980213,4.711726097406604,0.01078259757360911,0.01078259757360911
2022-01-27 12:00:00,2022,1,27,12,6.892722706183678,6.626638442346774,0.26608426383690365,0.26608426383690365
2022-01-27 18:00:00,2022,1,27,18,4.827493179879028,4.7688452941692345,0.05864788570979318,0.05864788570979318
2022-01-28 00:00:00,2022,1,28,0,4.4628941292936055,4.437963372206015,0.024930757087590294,0.024930757087590294
2022-01-28 06:00:00,2022,1,28,6,4.931275491078376,4.889070792392462,0.04220469868591348,0.04220469868591348
2022-01-28 12:00:00,2022,1,28,12,6.999694966445894,6.8077414159082235,0.19195355053767038,0.19195355053767038
2022-01-28 18:00:00,2022,1,28,18,4.575183420250315,4.655901167027785,-0.08071774677746912,0.08071774677746912
2022-01-29 00:00:00,2022,1,29,0,4.227372318090435,4.25903378102801,-0.0316614629375751,0.0316614629375751
2022-01-29 06:00:00,2022,1,29,6,4.840140165682907,4.888919995667379,-0.048779829984471945,0.048779829984471945
2022-01-29 12:00:00,2022,1,29,12,7.369395440207239,7.165829186988365,0.20356625321887378,0.20356625321887378
2022-01-29 18:00:00,2022,1,29,18,4.726022563310371,4.657294409711463,0.06872815359890794,0.06872815359890794
2022-01-30 00:00:00,2022,1,30,0,4.618179534500149,4.686212342486781,-0.0680328079866328,0.0680328079866328
2022-01-30 06:00:00,2022,1,30,6,4.420034310129268,4.7363878299676925,-0.3163535198384242,0.3163535198384242
2022-01-30 12:00:00,2022,1,30,12,7.189261958227266,7.2641763793375835,-0.07491442111031787,0.07491442111031787
2022-01-30 18:00:00,2022,1,30,18,4.701020853242915,4.767940825294462,-0.0669199720515472,0.0669199720515472
2022-01-31 00:00:00,2022,1,31,0,4.532293828034576,4.819420995437857,-0.2871271674032805,0.2871271674032805
2022-01-31 06:00:00,2022,1,31,6,4.913847959803441,4.894966846823957,0.018881112979483916,0.018881112979483916
2022-01-31 12:00:00,2022,1,31,12,6.993450841097214,7.033987459968696,-0.04053661887148152,0.04053661887148152
2022-01-31 18:00:00,2022,1,31,18,4.727000349045777,4.677681012893549,0.0493193361522275,0.0493193361522275
2022-02-01 00:00:00,2022,2,1,0,4.543575151701347,4.534731358310432,0.008843793390915344,0.008843793390915344
2022-02-01 06:00:00,2022,2,1,6,4.812262284833079,4.940715575783518,-0.12845329095043834,0.12845329095043834
2022-02-01 12:00:00,2022,2,1,12,6.918199523814914,6.92564402309924,-0.0074444992843263336,0.0074444992843263336
2022-02-01 18:00:00,2022,2,1,18,4.9303010296802094,4.795991465320876,0.1343095643593335,0.1343095643593335
2022-02-02 00:00:00,2022,2,2,0,4.64985488967593,4.720717490645688,-0.07086260096975838,0.07086260096975838
2022-02-02 06:00:00,2022,2,2,6,5.155163093621136,4.8522007655993775,0.30296232802175815,0.30296232802175815
2022-02-02 12:00:00,2022,2,2,12,7.443823108669572,7.249452489067202,0.19437061960237045,0.19437061960237045
2022-02-02 18:00:00,2022,2,2,18,4.6358885143425965,4.683760844218722,-0.04787232987612544,0.04787232987612544
2022-02-03 00:00:00,2022,2,3,0,5.223860395198656,5.361177109153406,-0.13731671395474976,0.13731671395474976
2022-02-03 06:00:00,2022,2,3,6,4.732170450675063,4.725604106687062,0.006566343988000156,0.006566343988000156
2022-02-03 12:00:00,2022,2,3,12,6.878564045641882,6.878216788300633,0.0003472573412492963,0.0003472573412492963
2022-02-03 18:00:00,2022,2,3,18,4.708942387636064,4.776204517256124,-0.06726212962005995,0.06726212962005995
2022-02-04 00:00:00,2022,2,4,0,5.037191670391368,5.230560762344375,-0.19336909195300667,0.19336909195300667
2022-02-04 06:00:00,2022,2,4,6,4.806555712369845,4.649462377465456,0.15709333490438926,0.15709333490438926
2022-02-04 12:00:00,2022,2,4,12,7.735265872396314,7.757331241065804,-0.02206536866949005,0.02206536866949005
2022-02-04 18:00:00,2022,2,4,18,4.8593119371904,4.810940892217747,0.048371044972652655,0.048371044972652655
2022-02-05 00:00:00,2022,2,5,0,4.428724201182064,4.5249717708299695,-0.0962475696479057,0.0962475696479057
2022-02-05 06:00:00,2022,2,5,6,4.905282461569132,5.039539118331382,-0.13425665676224963,0.13425665676224963
2022-02-05 12:00:00,2022,2,5,12,8.006658994816732,8.079488572160873,-0.07282957734414097,0.07282957734414097
2022-02-05 18:00:00,2022,2,5,18,4.333061229688869,4.569350585704929,-0.23628935601606038,0.23628935601606038
2022-02-06 00:00:00,2022,2,6,0,4.63711715553725,4.616346734715378,0.020770420821871305,0.020770420821871305
2022-02-06 06:00:00,2022,2,6,6,5.094405471966228,4.847860558483577,0.2465449134826505,0.2465449134826505
2022-02-06 12:00:00,2022,2,6,12,7.454428791393488,7.376475808477046,0.07795298291644137,0.07795298291644137
2022-02-06 18:00:00,2022,2,6,18,4.813275799639153,4.782073457361619,0.031202342277533823,0.031202342277533823
2022-02-07 00:00:00,2022,2,7,0,5.09182975868746,4.824721400784513,0.26710835790294674,0.26710835790294674
2022-02-07 06:00:00,2022,2,7,6,4.949939172368664,5.018505622894737,-0.06856645052607302,0.06856645052607302
2022-02-07 12:00:00,2022,2,7,12,7.360461632724498,7.267002485931351,0.09345914679314671,0.09345914679314671
2022-02-07 18:00:00,2022,2,7,18,5.06985380435675,5.018903387913295,0.050950416443455104,0.050950416443455104
2022-02-08 00:00:00,2022,2,8,0,4.617588674903525,4.557145278309316,0.06044339659420839,0.06044339659420839
2022-02-08 06:00:00,2022,2,8,6,5.190881452971141,5.040319544659393,0.15056190831174732,0.15056190831174732
2022-02-08 12:00:00,2022,2,8,12,7.383016786333512,7.585556064306607,-0.202539277973095,0.202539277973095
2022-02-08 18:00:00,2022,2,8,18,5.045681840096594,4.827665667986337,0.21801617211025714,0.21801617211025714
2022-02-09 00:00:00,2022,2,9,0,4.78961425916813,4.692789625606805,0.09682463356132498,0.09682463356132498
2022-02-09 06:00:00,2022,2,9,6,5.235832301593618,5.251571616314167,-0.015739314720549125,0.015739314720549125
2022-02-09 12:00:00,2022,2,9,12,8.298139756345575,8.323663963712887,-0.025524207367311647,0.025524207367311647
2022-02-09 18:00:00,2022,2,9,18,4.668080007897735,4.830451563911993,-0.162371556014258,0.162371556014258
2022-02-10 00:00:00,2022,2,10,0,4.175504541801415,4.404187344559988,-0.22868280275857256,0.22868280275857256
2022-02-10 06:00:00,2022,2,10,6,4.648077995705083,4.765628951360302,-0.11755095565521945,0.11755095565521945
2022-02-10 12:00:00,2022,2,10,12,7.503869976053741,7.4886039293569375,0.015266046696803315,0.015266046696803315
2022-02-10 18:00:00,2022,2,10,18,4.972423186734631,5.000204099784148,-0.027780913049516798,0.027780913049516798
2022-02-11 00:00:00,2022,2,11,0,4.61893688267927,4.624139730084045,-0.00520284740477539,0.00520284740477539
2022-02-11 06:00:00,2022,2,11,6,5.215586656071136,5.2474994405716995,-0.03191278450056334,0.03191278450056334
2022-02-11 12:00:00,2022,2,11,12,7.405359554169588,7.510342060424108,-0.10498250625451977,0.10498250625451977
2022-02-11 18:00:00,2022,2,11,18,5.085591365082916,5.068655160883994,0.016936204198922056,0.016936204198922056
2022-02-12 00:00:00,2022,2,12,0,5.224471514034956,4.915860593504451,0.308610920530505,0.308610920530505
2022-02-12 06:00:00,2022,2,12,6,4.965009858844679,4.973475558875167,-0.008465700030487966,0.008465700030487966
2022-02-12 12:00:00,2022,2,12,12,7.530643041370978,7.507375642879336,0.023267398491642055,0.023267398491642055
2022-02-12 18:00:00,2022,2,12,18,4.845591597574272,4.989615601969448,-0.1440240043951766,0.1440240043951766
2022-02-13 00:00:00,2022,2,13,0,4.663592344855953,4.771114082239534,-0.10752173738358106,0.10752173738358106
2022-02-13 06:00:00,2022,2,13,6,4.964863525343696,4.959167184084497,0.005696341259199045,0.005696341259199045
2022-02-13 12:00:00,2022,2,13,12,7.202394762482226,7.252142147902002,-0.04974738541977608,0.04974738541977608
2022-02-13 18:00:00,2022,2,13,18,4.881964818121909,4.863783783912706,0.018181034209202807,0.018181034209202807
2022-02-14 00:00:00,2022,2,14,0,5.055076278356671,4.841408259084201,0.21366801927247003,0.21366801927247003
2022-02-14 06:00:00,2022,2,14,6,4.696662958321458,5.010109418131944,-0.31344645981048647,0.31344645981048647
2022-02-14 12:00:00,2022,2,14,12,7.340773783258467,7.403720038476223,-0.06294625521775554,0.06294625521775554
2022-02-14 18:00:00,2022,2,14,18,4.96391244053298,4.905703284186824,0.0582091563461562,0.0582091563461562
2022-02-15 00:00:00,2022,2,15,0,4.904268651390322,4.990684467808118,-0.08641581641779617,0.08641581641779617
2022-02-15 06:00:00,2022,2,15,6,5.350114009412989,5.091711600001182,0.2584024094118069,0.2584024094118069
2022-02-15 12:00:00,2022,2,15,12,7.759838482828823,7.659372603042986,0.10046587978583776,0.10046587978583776
2022-02-15 18:00:00,2022,2,15,18,5.156058228853276,5.210096905864258,-0.05403867701098264,0.05403867701098264
2022-02-16 00:00:00,2022,2,16,0,4.581130093918513,4.773281217555725,-0.19215112363721243,0.19215112363721243
2022-02-16 06:00:00,2022,2,16,6,5.2607954738244,5.29086901312269,-0.030073539298290264,0.030073539298290264
2022-02-16 12:00:00,2022,2,16,12,7.351126784312568,7.57998779744928,-0.22886101313671237,0.22886101313671237
2022-02-16 18:00:00,2022,2,16,18,4.800219091438547,4.882570331612686,-0.0823512401741393,0.0823512401741393
2022-02-17 00:00:00,2022,2,17,0,4.801967905794622,4.588404811112773,0.21356309468184875,0.21356309468184875
2022-02-17 06:00:00,2022,2,17,6,5.25286307245692,5.411128096817398,-0.15826502436047818,0.15826502436047818
2022-02-17 12:00:00,2022,2,17,12,7.614687483469568,7.658680053108887,-0.04399256963931908,0.04399256963931908
2022-02-17 18:00:00,2022,2,17,18,5.277800443284153,5.27814403827592,-0.00034359499176694897,0.00034359499176694897
2022-02-18 00:00:00,2022,2,18,0,4.76093571270485,4.624122452062847,0.13681326064200228,0.13681326064200228
2022-02-18 06:00:00,2022,2,18,6,5.082407267129864,5.2144425994811865,-0.1320353323513226,0.1320353323513226
2022-02-18 12:00:00,2022,2,18,12,7.302769020055376,7.320082791923795,-0.017313771868419536,0.017313771868419536
2022-02-18 18:00:00,2022,2,18,18,4.990570578239281,4.950865362102644,0.039705216136637134,0.039705216136637134
2022-02-19 00:00:00,2022,2,19,0,4.816963187552795,4.616249021976531,0.20071416557626431,0.20071416557626431
2022-02-19 06:00:00,2022,2,19,6,5.030473432600427,5.191085787059135,-0.16061235445870814,0.16061235445870814
2022-02-19 12:00:00,2022,2,19,12,7.865144947960752,7.927378022113237,-0.062233074152485024,0.062233074152485024
2022-02-19 18:00:00,2022,2,19,18,5.124830016492273,5.15666288976212,-0.031832873269847184,0.031832873269847184
2022-02-20 00:00:00,2022,2,20,0,4.5923819018741305,4.842368335173686,-0.24998643329955517,0.24998643329955517
2022-02-20 06:00:00,2022,2,20,6,5.023784726360462,4.925072230342763,0.09871249601769883,0.09871249601769883
2022-02-20 12:00:00,2022,2,20,12,7.494047502003259,7.648024467006512,-0.15397696500325342,0.15397696500325342
2022-02-20 18:00:00,2022,2,20,18,5.362801237657368,5.0672819184374935,0.2955193192198742,0.2955193192198742
2022-02-21 00:00:00,2022,2,21,0,4.973629741377104,4.959201602156333,0.014428139220770575,0.014428139220770575
2022-02-21 06:00:00,2022,2,21,6,5.265796425564348,5.328024296310465,-0.06222787074611702,0.06222787074611702
2022-02-21 12:00:00,2022,2,21,12,7.82883193301777,7.734148024970235,0.09468390804753479,0.09468390804753479
2022-02-21 18:00:00,2022,2,21,18,4.9924306796836895,5.040662342445502,-0.0482316627618129,0.0482316627618129
2022-02-22 00:00:00,2022,2,22,0,4.471397805116228,4.5668885818337674,-0.09549077671753903,0.09549077671753903
2022-02-22 06:00:00,2022,2,22,6,5.313802749250498,5.311322332529799,0.002480416720699097,0.002480416720699097
2022-02-22 12:00:00,2022,2,22,12,7.875385919235267,7.745924496814895,0.1294614224203725,0.1294614224203725
2022-02-22 18:00:00,2022,2,22,18,4.692158881531353,4.960369070797534,-0.26821018926618123,0.26821018926618123
2022-02-23 00:00:00,2022,2,23,0,4.824886038997318,4.761612702433958,0.06327333656335998,0.06327333656335998
2022-02-23 06:00:00,2022,2,23,6,5.356442445022632,5.318017072373868,0.038425372648763556,0.038425372648763556
2022-02-23 12:00:00,2022,2,23,12,8.450130271532288,8.515644287571517,-0.0655140160392289,0.0655140160392289
2022-02-23 18:00:00,2022,2,23,18,4.943942139314039,5.1460333513643866,-0.2020912120503473,0.2020912120503473
2022-02-24 00:00:00,2022,2,24,0,4.893672448556975,4.795517115141125,0.09815533341584981,0.09815533341584981
2022-02-24 06:00:00,2022,2,24,6,4.939881361311754,5.015254682131076,-0.07537332081932213,0.07537332081932213
2022-02-24 12:00:00,2022,2,24,12,7.571648972133008,7.721329747157996,-0.14968077502498822,0.14968077502498822
2022-02-24 18:00:00,2022,2,24,18,4.906159645958825,5.103960684748347,-0.19780103878952193,0.19780103878952193
2022-02-25 00:00:00,2022,2,25,0,4.884396678759121,4.808384816935548,0.07601186182357278,0.07601186182357278
2022-02-25 06:00:00,2022,2,25,6,5.055012845433843,5.037986048703576,0.01702679673026708,0.01702679673026708
2022-02-25 12:00:00,2022,2,25,12,8.358112134503505,8.49019564113661,-0.13208350663310497,0.13208350663310497
2022-02-25 18:00:00,2022,2,25,18,5.062738759558831,5.119875053493096,-0.05713629393426434,0.05713629393426434
2022-02-26 00:00:00,2022,2,26,0,4.645072163243754,4.750892739784423,-0.10582057654066901,0.10582057654066901
2022-02-26 06:00:00,2022,2,26,6,4.970502440362575,5.120452197841355,-0.14994975747878048,0.14994975747878048
2022-02-26 12:00:00,2022,2,26,12,7.303197659844717,7.5568160078036115,-0.25361834795889493,0.25361834795889493
2022-02-26 18:00:00,2022,2,26,18,5.864508023633032,5.67305393158299,0.1914540920500425,0.1914540920500425
2022-02-27 00:00:00,2022,2,27,0,5.301475070555342,5.121509847882993,0.17996522267234916,0.17996522267234916
2022-02-27 06:00:00,2022,2,27,6,4.742293937461136,4.9688683735367905,-0.22657443607565408,0.22657443607565408
2022-02-27 12:00:00,2022,2,27,12,8.145868523139658,8.207264613235232,-0.061396090095573896,0.061396090095573896
2022-02-27 18:00:00,2022,2,27,18,5.1862886656879095,5.026674626369397,0.15961403931851237,0.15961403931851237
2022-02-28 00:00:00,2022,2,28,0,4.550541125186585,4.627022870931566,-0.07648174574498157,0.07648174574498157
2022-02-28 06:00:00,2022,2,28,6,4.949283716827311,5.090761734076675,-0.14147801724936393,0.14147801724936393
2022-02-28 12:00:00,2022,2,28,12,8.495435635547318,8.295812547007591,0.19962308853972743,0.19962308853972743
2022-02-28 18:00:00,2022,2,28,18,4.776824718263395,4.875681144429777,-0.0988564261663818,0.0988564261663818
2022-03-01 00:00:00,2022,3,1,0,4.666323545391309,4.658113274918447,0.008210270472861936,0.008210270472861936
2022-03-01 06:00:00,2022,3,1,6,5.23346045058427,5.046719484414727,0.18674096616954294,0.18674096616954294
2022-03-01 12:00:00,2022,3,1,12,8.041625650341,7.779079415680581,0.2625462346604195,0.2625462346604195
2022-03-01 18:00:00,2022,3,1,18,5.317586666776566,5.256981729849984,0.0606049369265822,0.0606049369265822
2022-03-02 00:00:00,2022,3,2,0,4.924422349955508,4.788471926597285,0.13595042335822338,0.13595042335822338
2022-03-02 06:00:00,2022,3,2,6,5.386436613032225,5.257755879661502,0.1286807333707225,0.1286807333707225
2022-03-02 12:00:00,2022,3,2,12,7.650430783202375,7.601468236573662,0.048962546628713355,0.048962546628713355
2022-03-02 18:00:00,2022,3,2,18,5.837464216607659,5.9811599025478825,-0.14369568594022386,0.14369568594022386
2022-03-03 00:00:00,2022,3,3,0,4.613810027485452,4.851356514569497,-0.23754648708404513,0.23754648708404513
2022-03-03 06:00:00,2022,3,3,6,5.365034980412376,5.169050974688042,0.19598400572433405,0.19598400572433405
2022-03-03 12:00:00,2022,3,3,12,7.674292954309208,7.713301768685899,-0.03900881437669135,0.03900881437669135
2022-03-03 18:00:00,2022,3,3,18,5.008495571556717,5.027039365658116,-0.01854379410139817,0.01854379410139817
2022-03-04 00:00:00,2022,3,4,0,4.507074851975768,4.650717356896311,-0.14364250492054254,0.14364250492054254
2022-03-04 06:00:00,2022,3,4,6,5.259164014347556,5.119664472180116,0.13949954216744054,0.13949954216744054
2022-03-04 12:00:00,2022,3,4,12,7.649779640039575,7.610970402079113,0.03880923796046165,0.03880923796046165
2022-03-04 18:00:00,2022,3,4,18,5.085678648446725,5.092580099966912,-0.006901451520186619,0.006901451520186619
2022-03-05 00:00:00,2022,3,5,0,5.080355341237014,4.924932382506947,0.15542295873006662,0.15542295873006662
2022-03-05 06:00:00,2022,3,5,6,4.378689715248174,4.918216797386386,-0.5395270821382123,0.5395270821382123
2022-03-05 12:00:00,2022,3,5,12,7.948305633188756,7.762770420540652,0.18553521264810424,0.18553521264810424
2022-03-05 18:00:00,2022,3,5,18,4.861103502203565,5.110059506147847,-0.24895600394428197,0.24895600394428197
2022-03-06 00:00:00,2022,3,6,0,4.382908879383484,4.565805048051875,-0.18289616866839076,0.18289616866839076
2022-03-06 06:00:00,2022,3,6,6,4.995707056250654,4.9629689858641495,0.03273807038650478,0.03273807038650478
2022-03-06 12:00:00,2022,3,6,12,7.606599900704869,7.4076446149408675,0.19895528576400157,0.19895528576400157
2022-03-06 18:00:00,2022,3,6,18,5.401610054320046,5.132207630673451,0.2694024236465946,0.2694024236465946
2022-03-07 00:00:00,2022,3,7,0,4.845174809511363,4.7441254536238935,0.10104935588746944,0.10104935588746944
2022-03-07 06:00:00,2022,3,7,6,5.576193977052756,5.263193925363697,0.313000051689059,0.313000051689059
2022-03-07 12:00:00,2022,3,7,12,7.520769482745186,7.615041514898905,-0.09427203215371893,0.09427203215371893
2022-03-07 18:00:00,2022,3,7,18,4.998417577832667,5.131529131911941,-0.13311155407927444,0.13311155407927444
2022-03-08 00:00:00,2022,3,8,0,4.651246849545141,4.701783850134441,-0.05053700058929955,0.05053700058929955
2022-03-08 06:00:00,2022,3,8,6,5.002578622365927,5.063778030332624,-0.061199407966696207,0.061199407966696207
2022-03-08 12:00:00,2022,3,8,12,7.735722284685404,7.865922169944618,-0.13019988525921367,0.13019988525921367
2022-03-08 18:00:00,2022,3,8,18,5.182904481610526,5.1178019329709254,0.06510254863960085,0.06510254863960085
2022-03-09 00:00:00,2022,3,9,0,5.137081264454827,4.974506140417175,0.1625751240376525,0.1625751240376525
2022-03-09 06:00:00,2022,3,9,6,5.142777367010348,5.0197582058464025,0.12301916116394551,0.12301916116394551
2022-03-09 12:00:00,2022,3,9,12,7.643558128977157,7.546181243704765,0.09737688527239197,0.09737688527239197
2022-03-09 18:00:00,2022,3,9,18,4.731192390385114,4.862129015771537,-0.1309366253864237,0.1309366253864237
2022-03-10 00:00:00,2022,3,10,0,4.806288171699996,4.650720865720689,0.15556730597930724,0.15556730597930724
2022-03-10 06:00:00,2022,3,10,6,5.326108125182652,5.09144243345865,0.2346656917240022,0.2346656917240022
2022-03-10 12:00:00,2022,3,10,12,7.780136736841188,7.498952630561421,0.28118410627976687,0.28118410627976687
2022-03-10 18:00:00,2022,3,10,18,5.073437101183112,5.0011759128190585,0.07226118836405337,0.07226118836405337
2022-03-11 00:00:00,2022,3,11,0,4.964149638260509,4.770449139177971,0.1937004990825386,0.1937004990825386
2022-03-11 06:00:00,2022,3,11,6,4.598393618178074,4.93674547538772,-0.3383518572096458,0.3383518572096458
2022-03-11 12:00:00,2022,3,11,12,7.779023445466653,7.541040336197716,0.23798310926893773,0.23798310926893773
2022-03-11 18:00:00,2022,3,11,18,4.732997532854022,4.756244549821702,-0.02324701696767928,0.02324701696767928
2022-03-12 00:00:00,2022,3,12,0,4.786238405399314,4.740271841382631,0.04596656401668309,0.04596656401668309
2022-03-12 06:00:00,2022,3,12,6,4.994816648176405,5.107206283293413,-0.11238963511700817,0.11238963511700817
2022-03-12 12:00:00,2022,3,12,12,8.794280999549095,8.457420341318082,0.3368606582310125,0.3368606582310125
2022-03-12 18:00:00,2022,3,12,18,4.817184356167285,4.987055585034638,-0.16987122886735317,0.16987122886735317
2022-03-13 00:00:00,2022,3,13,0,4.716444173853668,4.773517788029743,-0.05707361417607437,0.05707361417607437
2022-03-13 06:00:00,2022,3,13,6,5.197306282776328,5.104011545022753,0.09329473775357489,0.09329473775357489
2022-03-13 12:00:00,2022,3,13,12,7.228668431292043,7.699412317158155,-0.4707438858661126,0.4707438858661126
2022-03-13 18:00:00,2022,3,13,18,4.762591781675341,4.860036130024076,-0.09744434834873505,0.09744434834873505
2022-03-14 00:00:00,2022,3,14,0,4.822108160848708,4.700046969909682,0.1220611909390259,0.1220611909390259
2022-03-14 06:00:00,2022,3,14,6,5.116979664518997,5.124660017307059,-0.00768035278806245,0.00768035278806245
2022-03-14 12:00:00,2022,3,14,12,7.523820754636533,7.434188651142042,0.08963210349449113,0.08963210349449113
2022-03-14 18:00:00,2022,3,14,18,5.090710685012996,4.985206180744689,0.10550450426830693,0.10550450426830693
2022-03-15 00:00:00,2022,3,15,0,4.655976284392136,4.600502934599973,0.05547334979216334,0.05547334979216334
2022-03-15 06:00:00,2022,3,15,6,4.835239106519816,4.897223870519414,-0.06198476399959851,0.06198476399959851
2022-03-15 12:00:00,2022,3,15,12,7.471770131145434,7.591232355975207,-0.11946222482977298,0.11946222482977298
2022-03-15 18:00:00,2022,3,15,18,4.942442578481325,4.906056681531829,0.03638589694949612,0.03638589694949612
2022-03-16 00:00:00,2022,3,16,0,4.648396461446247,4.692787759130754,-0.04439129768450645,0.04439129768450645
2022-03-16 06:00:00,2022,3,16,6,4.942022013045171,4.913351724381078,0.028670288664092602,0.028670288664092602
2022-03-16 12:00:00,2022,3,16,12,7.838432906475932,7.615183932505265,0.22324897397066668,0.22324897397066668
2022-03-16 18:00:00,2022,3,16,18,4.991113008242812,4.837962576432288,0.15315043181052435,0.15315043181052435
2022-03-17 00:00:00,2022,3,17,0,4.422065637871424,4.621603473085991,-0.19953783521456714,0.19953783521456714
2022-03-17 06:00:00,2022,3,17,6,5.194266749325813,5.227808367881167,-0.03354161855535409,0.03354161855535409
2022-03-17 12:00:00,2022,3,17,12,7.460342897566734,7.6082126581349465,-0.14786976056821288,0.14786976056821288
2022-03-17 18:00:00,2022,3,17,18,4.733510015891421,4.7892021374427864,-0.05569212155136505,0.05569212155136505
2022-03-18 00:00:00,2022,3,18,0,4.772411525958372,4.68277980495683,0.08963172100154182,0.08963172100154182
2022-03-18 06:00:00,2022,3,18,6,5.782753301901408,5.94020643881777,-0.1574531369163621,0.1574531369163621
2022-03-18 12:00:00,2022,3,18,12,7.695576048959207,7.458273941143602,0.237302107815605,0.237302107815605
2022-03-18 18:00:00,2022,3,18,18,4.772815328700045,4.7356641537957636,0.03715117490428188,0.03715117490428188
2022-03-19 00:00:00,2022,3,19,0,4.312860018863057,4.420227260230978,-0.1073672413679212,0.1073672413679212
2022-03-19 06:00:00,2022,3,19,6,4.66035986904329,4.792617581579033,-0.13225771253574248,0.13225771253574248
2022-03-19 12:00:00,2022,3,19,12,7.441574126825232,7.538234401158317,-0.0966602743330851,0.0966602743330851
2022-03-19 18:00:00,2022,3,19,18,4.902710900608319,4.833317005435551,0.06939389517276862,0.06939389517276862
2022-03-20 00:00:00,2022,3,20,0,4.625321130145744,4.611538887276933,0.013782242868811245,0.013782242868811245
2022-03-20 06:00:00,2022,3,20,6,5.030435156683502,4.931159980811044,0.09927517587245838,0.09927517587245838
2022-03-20 12:00:00,2022,3,20,12,7.442479620147637,7.486253350132613,-0.043773729984976306,0.043773729984976306
2022-03-20 18:00:00,2022,3,20,18,4.710803534177384,4.902890515287016,-0.19208698110963152,0.19208698110963152
2022-03-21 00:00:00,2022,3,21,0,4.683812486502365,4.693261550589744,-0.009449064087379,0.009449064087379
2022-03-21 06:00:00,2022,3,21,6,5.158117973309653,4.914565572555792,0.24355240075386142,0.24355240075386142
2022-03-21 12:00:00,2022,3,21,12,7.340783678146169,7.453849877681833,-0.11306619953566432,0.11306619953566432
2022-03-21 18:00:00,2022,3,21,18,5.124850858672416,5.016432306204313,0.10841855246810361,0.10841855246810361
2022-03-22 00:00:00,2022,3,22,0,4.55087063362339,4.622299385351808,-0.07142875172841823,0.07142875172841823
2022-03-22 06:00:00,2022,3,22,6,4.959301678342841,5.041418044808404,-0.08211636646556286,0.08211636646556286
2022-03-22 12:00:00,2022,3,22,12,7.094963082354502,7.454365615819859,-0.35940253346535744,0.35940253346535744
2022-03-22 18:00:00,2022,3,22,18,4.892499146972674,4.758512591991881,0.13398655498079304,0.13398655498079304
2022-03-23 00:00:00,2022,3,23,0,5.115736210761245,4.704182705681208,0.41155350508003696,0.41155350508003696
2022-03-23 06:00:00,2022,3,23,6,4.811222066284494,5.0022955345194555,-0.1910734682349613,0.1910734682349613
2022-03-23 12:00:00,2022,3,23,12,7.540104263793806,7.514159327371224,0.02594493642258211,0.02594493642258211
2022-03-23 18:00:00,2022,3,23,18,4.4676629370683685,4.715407324077815,-0.24774438700944668,0.24774438700944668
2022-03-24 00:00:00,2022,3,24,0,5.510683052997846,5.273749694417857,0.23693335857998932,0.23693335857998932
2022-03-24 06:00:00,2022,3,24,6,4.7937144762690975,4.811176420770539,-0.01746194450144145,0.01746194450144145
2022-03-24 12:00:00,2022,3,24,12,7.078634601104088,7.560218824255451,-0.48158422315136296,0.48158422315136296
2022-03-24 18:00:00,2022,3,24,18,4.820963807182705,4.810813039399954,0.010150767782750592,0.010150767782750592
2022-03-25 00:00:00,2022,3,25,0,5.027908250848169,4.727905216446721,0.30000303440144815,0.30000303440144815
2022-03-25 06:00:00,2022,3,25,6,5.734362278438979,5.52853952427107,0.20582275416790896,0.20582275416790896
2022-03-25 12:00:00,2022,3,25,12,7.609174154031844,7.529511657985779,0.07966249604606457,0.07966249604606457
2022-03-25 18:00:00,2022,3,25,18,5.008026326417198,4.816328723296835,0.191697603120363,0.191697603120363
2022-03-26 00:00:00,2022,3,26,0,4.655549250611148,4.512862661190231,0.14268658942091772,0.14268658942091772
2022-03-26 06:00:00,2022,3,26,6,4.577676820685591,4.6530007551486925,-0.0753239344631016,0.0753239344631016
2022-03-26 12:00:00,2022,3,26,12,7.419201932110491,7.3947780896279784,0.024423842482512725,0.024423842482512725
2022-03-26 18:00:00,2022,3,26,18,4.913761638883805,4.824188765229287,0.08957287365451716,0.08957287365451716
2022-03-27 00:00:00,2022,3,27,0,4.513313175370299,4.663565045025291,-0.15025186965499238,0.15025186965499238
2022-03-27 06:00:00,2022,3,27,6,5.237408483923969,5.00638153725951,0.23102694666445878,0.23102694666445878
2022-03-27 12:00:00,2022,3,27,12,7.526855656133315,7.603893722523901,-0.0770380663905863,0.0770380663905863
2022-03-27 18:00:00,2022,3,27,18,4.798985925808908,4.846060178967824,-0.047074253158916335,0.047074253158916335
2022-03-28 00:00:00,2022,3,28,0,4.409779795420861,4.517995469609439,-0.10821567418857825,0.10821567418857825
2022-03-28 06:00:00,2022,3,28,6,4.546461725570408,4.503267381231718,0.04319434433868974,0.04319434433868974
2022-03-28 12:00:00,2022,3,28,12,7.398850358249683,7.57272972066186,-0.17387936241217705,0.17387936241217705
2022-03-28 18:00:00,2022,3,28,18,5.384170276483956,5.547716993782792,-0.16354671729883652,0.16354671729883652
2022-03-29 00:00:00,2022,3,29,0,4.453210938797323,4.687877946880646,-0.2346670080833233,0.2346670080833233
2022-03-29 06:00:00,2022,3,29,6,5.10333400160863,5.526892767611216,-0.4235587660025857,0.4235587660025857
2022-03-29 12:00:00,2022,3,29,12,7.320184467666104,7.479006486328182,-0.1588220186620779,0.1588220186620779
2022-03-29 18:00:00,2022,3,29,18,4.973114659423898,4.757400729523987,0.21571392989991178,0.21571392989991178
2022-03-30 00:00:00,2022,3,30,0,4.960121744446601,4.734216551028861,0.2259051934177405,0.2259051934177405
2022-03-30 06:00:00,2022,3,30,6,4.834213559059793,4.794486778242368,0.03972678081742487,0.03972678081742487
2022-03-30 12:00:00,2022,3,30,12,8.848776013882823,8.533719857745151,0.3150561561376719,0.3150561561376719
2022-03-30 18:00:00,2022,3,30,18,4.388061850202622,4.570174447823102,-0.18211259762048027,0.18211259762048027
2022-03-31 00:00:00,2022,3,31,0,4.543305822508523,4.517383077077986,0.02592274543053641,0.02592274543053641
2022-03-31 06:00:00,2022,3,31,6,4.7310168684889,4.824104190048989,-0.09308732156008936,0.09308732156008936
2022-03-31 12:00:00,2022,3,31,12,8.809039295389935,8.40125769193858,0.4077816034513546,0.4077816034513546
2022-03-31 18:00:00,2022,3,31,18,5.154717490981389,4.956778739822,0.19793875115938864,0.19793875115938864
2022-04-01 00:00:00,2022,4,1,0,4.722342593873233,4.576502001966252,0.14584059190698095,0.14584059190698095
2022-04-01 06:00:00,2022,4,1,6,5.148608664969724,5.121496324391374,0.027112340578350214,0.027112340578350214
2022-04-01 12:00:00,2022,4,1,12,7.994510306903929,7.940183767063396,0.05432653984053282,0.05432653984053282
2022-04-01 18:00:00,2022,4,1,18,5.805105416425881,5.828976131372541,-0.0238707149466606,0.0238707149466606
2022-04-02 00:00:00,2022,4,2,0,5.827976652810689,5.839243868341789,-0.01126721553110066,0.01126721553110066
2022-04-02 06:00:00,2022,4,2,6,5.208456616713631,5.223833849197162,-0.015377232483531067,0.015377232483531067
2022-04-02 12:00:00,2022,4,2,12,7.271637398229613,7.365250628957753,-0.0936132307281401,0.0936132307281401
2022-04-02 18:00:00,2022,4,2,18,5.1720708474500405,4.942938579812669,0.2291322676373717,0.2291322676373717
2022-04-03 00:00:00,2022,4,3,0,5.045609980791299,4.869596037421154,0.17601394337014487,0.17601394337014487
2022-04-03 06:00:00,2022,4,3,6,5.068795019901513,4.700224638299576,0.3685703816019368,0.3685703816019368
2022-04-03 12:00:00,2022,4,3,12,7.685018377816066,7.697975557975152,-0.01295718015908598,0.01295718015908598
2022-04-03 18:00:00,2022,4,3,18,6.171744054521587,5.991663344701433,0.180080709820154,0.180080709820154
2022-04-04 00:00:00,2022,4,4,0,4.443435998005697,4.476688543045092,-0.03325254503939501,0.03325254503939501
2022-04-04 06:00:00,2022,4,4,6,4.5424073432344425,4.688591388562307,-0.1461840453278649,0.1461840453278649
2022-04-04 12:00:00,2022,4,4,12,7.343052471921823,7.432073822765015,-0.08902135084319251,0.08902135084319251
2022-04-04 18:00:00,2022,4,4,18,5.263882177096655,4.897129429857612,0.36675274723904305,0.36675274723904305
2022-04-05 00:00:00,2022,4,5,0,4.499244971946792,4.712941173221165,-0.21369620127437283,0.21369620127437283
2022-04-05 06:00:00,2022,4,5,6,4.874945467384922,4.788769792075287,0.08617567530963477,0.08617567530963477
2022-04-05 12:00:00,2022,4,5,12,7.178175105666636,7.513266043905722,-0.33509093823908653,0.33509093823908653
2022-04-05 18:00:00,2022,4,5,18,4.914172532861315,4.904845948415194,0.009326584446120556,0.009326584446120556
2022-04-06 00:00:00,2022,4,6,0,4.435283959727369,4.509446069412796,-0.07416210968542725,0.07416210968542725
2022-04-06 06:00:00,2022,4,6,6,5.0222741930652655,4.862280340394783,0.15999385267048272,0.15999385267048272
2022-04-06 12:00:00,2022,4,6,12,7.704429282208009,7.694174070204765,0.010255212003244196,0.010255212003244196
2022-04-06 18:00:00,2022,4,6,18,4.889173084392317,5.001298906999829,-0.11212582260751258,0.11212582260751258
2022-04-07 00:00:00,2022,4,7,0,4.993871675267149,4.662950444933012,0.33092123033413756,0.33092123033413756
2022-04-07 06:00:00,2022,4,7,6,4.568600627504559,4.8885816853468524,-0.319981057842293,0.319981057842293
2022-04-07 12:00:00,2022,4,7,12,7.581485083119113,7.543726969036749,0.03775811408236418,0.03775811408236418
2022-04-07 18:00:00,2022,4,7,18,4.523404243105569,4.748762169057095,-0.22535792595152593,0.22535792595152593
2022-04-08 00:00:00,2022,4,8,0,4.520367039271755,4.494308200782671,0.0260588384890843,0.0260588384890843
2022-04-08 06:00:00,2022,4,8,6,4.862154198419948,4.949897397627356,-0.08774319920740759,0.08774319920740759
2022-04-08 12:00:00,2022,4,8,12,7.4822475211573405,7.538893477208997,-0.05664595605165612,0.05664595605165612
2022-04-08 18:00:00,2022,4,8,18,4.844712055665856,4.795735655721619,0.048976399944237414,0.048976399944237414
2022-04-09 00:00:00,2022,4,9,0,4.804109962627428,4.714967492413283,0.08914247021414479,0.08914247021414479
2022-04-09 06:00:00,2022,4,9,6,5.25730133772621,5.0886028458855215,0.1686984918406882,0.1686984918406882
2022-04-09 12:00:00,2022,4,9,12,7.7090197377136,7.827729972610688,-0.11871023489708765,0.11871023489708765
2022-04-09 18:00:00,2022,4,9,18,5.13416259596728,4.826080917462823,0.30808167850445667,0.30808167850445667
2022-04-10 00:00:00,2022,4,10,0,4.659887519970074,4.738101807933544,-0.07821428796346996,0.07821428796346996
2022-04-10 06:00:00,2022,4,10,6,4.953987143691217,4.978545879532931,-0.02455873584171453,0.02455873584171453
2022-04-10 12:00:00,2022,4,10,12,7.751101534316561,7.6035614548978145,0.14754007941874647,0.14754007941874647
2022-04-10 18:00:00,2022,4,10,18,5.751862811494815,5.733819796172944,0.01804301532187136,0.01804301532187136
2022-04-11 00:00:00,2022,4,11,0,4.52084557696235,4.50501595712237,0.015829619839980325,0.015829619839980325
2022-04-11 06:00:00,2022,4,11,6,5.214070120168984,5.101481616733777,0.11258850343520699,0.11258850343520699
2022-04-11 12:00:00,2022,4,11,12,7.796999378401393,7.742882210345848,0.05411716805554523,0.05411716805554523
2022-04-11 18:00:00,2022,4,11,18,4.744350095706491,4.910741816591085,-0.16639172088459464,0.16639172088459464
2022-04-12 00:00:00,2022,4,12,0,4.358789033923381,4.456052952182098,-0.09726391825871694,0.09726391825871694
2022-04-12 06:00:00,2022,4,12,6,4.4862065049193065,4.839832986779522,-0.35362648186021506,0.35362648186021506
2022-04-12 12:00:00,2022,4,12,12,7.5312354968931485,7.611892143897072,-0.08065664700392361,0.08065664700392361
2022-04-12 18:00:00,2022,4,12,18,5.308225984366421,5.372587406292039,-0.06436142192561878,0.06436142192561878
2022-04-13 00:00:00,2022,4,13,0,5.006300614004806,4.837191006397362,0.1691096076074432,0.1691096076074432
2022-04-13 06:00:00,2022,4,13,6,5.007516848532269,5.067599721548655,-0.06008287301638582,0.06008287301638582
2022-04-13 12:00:00,2022,4,13,12,7.581449935900362,7.681871732428309,-0.10042179652794747,0.10042179652794747
2022-04-13 18:00:00,2022,4,13,18,5.047545731345453,4.999760385608393,0.047785345737059615,0.047785345737059615
2022-04-14 00:00:00,2022,4,14,0,5.900560729018964,5.659441924244529,0.24111880477443481,0.24111880477443481
2022-04-14 06:00:00,2022,4,14,6,5.136989863702803,5.034917142828843,0.10207272087396024,0.10207272087396024
2022-04-14 12:00:00,2022,4,14,12,7.850020662024822,7.623748579055963,0.22627208296885915,0.22627208296885915
2022-04-14 18:00:00,2022,4,14,18,4.850333587473127,5.12394564659869,-0.2736120591255631,0.2736120591255631
2022-04-15 00:00:00,2022,4,15,0,4.731149701175842,4.765951840233873,-0.03480213905803087,0.03480213905803087
2022-04-15 06:00:00,2022,4,15,6,5.012961890151137,5.045961591278983,-0.03299970112784667,0.03299970112784667
2022-04-15 12:00:00,2022,4,15,12,7.918066639496676,7.799906259887397,0.11816037960927872,0.11816037960927872
2022-04-15 18:00:00,2022,4,15,18,5.036507375678872,5.003912839631094,0.03259453604777818,0.03259453604777818
2022-04-16 00:00:00,2022,4,16,0,4.694603579803273,4.561617229936498,0.1329863498667745,0.1329863498667745
2022-04-16 06:00:00,2022,4,16,6,6.095351914392463,5.9773990426103785,0.11795287178208458,0.11795287178208458
2022-04-16 12:00:00,2022,4,16,12,8.143971884740788,8.020230574077178,0.12374131066360938,0.12374131066360938
2022-04-16 18:00:00,2022,4,16,18,6.102338235998198,6.007083189148214,0.0952550468499842,0.0952550468499842
2022-04-17 00:00:00,2022,4,17,0,5.150917592053008,5.017815729889345,0.13310186216366304,0.13310186216366304
2022-04-17 06:00:00,2022,4,17,6,5.026532974958988,5.16780402713812,-0.14127105217913183,0.14127105217913183
2022-04-17 12:00:00,2022,4,17,12,8.018428225348195,7.767037550854098,0.2513906744940977,0.2513906744940977
2022-04-17 18:00:00,2022,4,17,18,5.059809785292103,5.026542327150505,0.03326745814159793,0.03326745814159793
2022-04-18 00:00:00,2022,4,18,0,4.264754654569853,4.717200739129656,-0.45244608455980284,0.45244608455980284
2022-04-18 06:00:00,2022,4,18,6,5.234877977569547,5.042693441680129,0.1921845358894183,0.1921845358894183
2022-04-18 12:00:00,2022,4,18,12,7.757561464235595,7.7987775159527954,-0.041216051717200664,0.041216051717200664
2022-04-18 18:00:00,2022,4,18,18,6.060534729845329,6.1012016824528565,-0.04066695260752784,0.04066695260752784
2022-04-19 00:00:00,2022,4,19,0,4.635350415579624,4.719543705775373,-0.08419329019574917,0.08419329019574917
2022-04-19 06:00:00,2022,4,19,6,6.106225705058387,6.122612817228144,-0.016387112169756968,0.016387112169756968
2022-04-19 12:00:00,2022,4,19,12,7.913874839985151,7.887308871397433,0.026565968587717315,0.026565968587717315
2022-04-19 18:00:00,2022,4,19,18,5.295264463584754,5.226108230537943,0.06915623304681073,0.06915623304681073
2022-04-20 00:00:00,2022,4,20,0,4.945116664276873,4.756978063591834,0.18813860068503896,0.18813860068503896
2022-04-20 06:00:00,2022,4,20,6,5.231025933179678,5.289960913644214,-0.058934980464536046,0.058934980464536046
2022-04-20 12:00:00,2022,4,20,12,8.005892649646398,7.843865238908073,0.16202741073832527,0.16202741073832527
2022-04-20 18:00:00,2022,4,20,18,5.493138472493887,5.261063099745584,0.23207537274830248,0.23207537274830248
2022-04-21 00:00:00,2022,4,21,0,4.802280894705111,4.765436186362579,0.036844708342532506,0.036844708342532506
2022-04-21 06:00:00,2022,4,21,6,5.03000871064595,5.1375187162689855,-0.10751000562303581,0.10751000562303581
2022-04-21 12:00:00,2022,4,21,12,7.954754946823647,8.123709850631801,-0.16895490380815392,0.16895490380815392
2022-04-21 18:00:00,2022,4,21,18,4.956050143247883,5.0109294510521725,-0.05487930780428929,0.05487930780428929
2022-04-22 00:00:00,2022,4,22,0,5.194015500939691,5.003125171679301,0.19089032926039007,0.19089032926039007
2022-04-22 06:00:00,2022,4,22,6,5.475993925165656,5.497910497144898,-0.021916571979241795,0.021916571979241795
2022-04-22 12:00:00,2022,4,22,12,8.035810371834536,7.922728369185899,0.11308200264863721,0.11308200264863721
2022-04-22 18:00:00,2022,4,22,18,4.964593914691917,5.194120367315089,-0.22952645262317262,0.22952645262317262
2022-04-23 00:00:00,2022,4,23,0,4.800674807418519,4.877144346065602,-0.07646953864708372,0.07646953864708372
2022-04-23 06:00:00,2022,4,23,6,5.35587770722885,5.344720775220189,0.01115693200866108,0.01115693200866108
2022-04-23 12:00:00,2022,4,23,12,8.24630163194154,8.205910466803001,0.04039116513853891,0.04039116513853891
2022-04-23 18:00:00,2022,4,23,18,5.776659419160652,5.641320200315063,0.13533921884558975,0.13533921884558975
2022-04-24 00:00:00,2022,4,24,0,4.852937304349999,4.994634467376879,-0.14169716302687974,0.14169716302687974
2022-04-24 06:00:00,2022,4,24,6,5.210292515024982,5.213017411039188,-0.002724896014206557,0.002724896014206557
2022-04-24 12:00:00,2022,4,24,12,8.348798892416589,8.228601534815303,0.12019735760128647,0.12019735760128647
2022-04-24 18:00:00,2022,4,24,18,5.113533023305959,5.116295625307518,-0.002762602001558534,0.002762602001558534
2022-04-25 00:00:00,2022,4,25,0,4.9158468523050685,4.759690613716676,0.15615623858839278,0.15615623858839278
2022-04-25 06:00:00,2022,4,25,6,5.397399155634378,5.430412810169355,-0.033013654534976844,0.033013654534976844
2022-04-25 12:00:00,2022,4,25,12,7.869568436452723,8.063443781821302,-0.1938753453685793,0.1938753453685793
2022-04-25 18:00:00,2022,4,25,18,5.400639129142708,5.27861914517236,0.12201998397034775,0.12201998397034775
2022-04-26 00:00:00,2022,4,26,0,5.101432652350399,5.215211805896393,-0.11377915354599377,0.11377915354599377
2022-04-26 06:00:00,2022,4,26,6,5.0078818148539614,5.143425889876541,-0.1355440750225796,0.1355440750225796
2022-04-26 12:00:00,2022,4,26,12,7.895518411730462,7.9155046650343595,-0.01998625330389725,0.01998625330389725
2022-04-26 18:00:00,2022,4,26,18,5.647734324389118,5.437700400261618,0.2100339241275,0.2100339241275
2022-04-27 00:00:00,2022,4,27,0,5.183699244179912,5.109360904885262,0.07433833929464928,0.07433833929464928
2022-04-27 06:00:00,2022,4,27,6,5.308113977570466,5.277795593690448,0.03031838388001784,0.03031838388001784
2022-04-27 12:00:00,2022,4,27,12,7.765889051417396,8.05450731370363,-0.2886182622862332,0.2886182622862332
2022-04-27 18:00:00,2022,4,27,18,5.545991528835408,5.5595012550708995,-0.013509726235491293,0.013509726235491293
2022-04-28 00:00:00,2022,4,28,0,4.942956186106968,4.938240271594812,0.0047159145121558055,0.0047159145121558055
2022-04-28 06:00:00,2022,4,28,6,5.200598816761419,5.672750222744895,-0.4721514059834764,0.4721514059834764
2022-04-28 12:00:00,2022,4,28,12,8.34976036293421,8.242015123498254,0.10774523943595682,0.10774523943595682
2022-04-28 18:00:00,2022,4,28,18,5.1760035920890015,5.350127331468891,-0.17412373937988956,0.17412373937988956
2022-04-29 00:00:00,2022,4,29,0,5.266229898215495,5.437649019140442,-0.1714191209249467,0.1714191209249467
2022-04-29 06:00:00,2022,4,29,6,5.616921259032389,5.574082086556688,0.042839172475701126,0.042839172475701126
2022-04-29 12:00:00,2022,4,29,12,8.27006157606309,8.241012664910704,0.029048911152386836,0.029048911152386836
2022-04-29 18:00:00,2022,4,29,18,5.588068355875194,5.416094933032671,0.17197342284252315,0.17197342284252315
2022-04-30 00:00:00,2022,4,30,0,5.302675499042673,5.154002581232766,0.14867291780990666,0.14867291780990666
2022-04-30 06:00:00,2022,4,30,6,5.359252801299897,5.561490308193178,-0.20223750689328046,0.20223750689328046
2022-04-30 12:00:00,2022,4,30,12,8.334150944677592,8.261166003093125,0.07298494158446722,0.07298494158446722
2022-04-30 18:00:00,2022,4,30,18,5.417180218829424,5.396034390543424,0.021145828286000423,0.021145828286000423
2022-05-01 00:00:00,2022,5,1,0,5.002451787950151,5.147565232583657,-0.14511344463350628,0.14511344463350628
2022-05-01 06:00:00,2022,5,1,6,5.38057664261509,5.468455490285872,-0.08787884767078236,0.08787884767078236
2022-05-01 12:00:00,2022,5,1,12,8.112233819545303,8.245051781534478,-0.13281796198917561,0.13281796198917561
2022-05-01 18:00:00,2022,5,1,18,5.548245080014855,5.374086230391152,0.1741588496237032,0.1741588496237032
2022-05-02 00:00:00,2022,5,2,0,5.534762522127104,5.150966218261047,0.383796303866057,0.383796303866057
2022-05-02 06:00:00,2022,5,2,6,5.159213866085933,5.389618759628734,-0.2304048935428007,0.2304048935428007
2022-05-02 12:00:00,2022,5,2,12,8.213741891054923,8.242521700932762,-0.02877980987783957,0.02877980987783957
2022-05-02 18:00:00,2022,5,2,18,5.406165573697561,5.480215313075407,-0.07404973937784565,0.07404973937784565
2022-05-03 00:00:00,2022,5,3,0,5.134970392008007,5.0897914854374315,0.04517890657057588,0.04517890657057588
2022-05-03 06:00:00,2022,5,3,6,5.65024573854231,5.553266332917897,0.09697940562441332,0.09697940562441332
2022-05-03 12:00:00,2022,5,3,12,8.252158758910825,8.153060324172394,0.0990984347384316,0.0990984347384316
2022-05-03 18:00:00,2022,5,3,18,6.373597644952518,6.4473502964464835,-0.07375265149396526,0.07375265149396526
2022-05-04 00:00:00,2022,5,4,0,6.104834689753558,5.8742691864073215,0.23056550334623616,0.23056550334623616
2022-05-04 06:00:00,2022,5,4,6,5.6873105567343885,5.492272931898746,0.19503762483564202,0.19503762483564202
2022-05-04 12:00:00,2022,5,4,12,8.596052982793417,8.257140789251187,0.3389121935422299,0.3389121935422299
2022-05-04 18:00:00,2022,5,4,18,5.528620069884112,5.765931378294268,-0.23731130841015613,0.23731130841015613
2022-05-05 00:00:00,2022,5,5,0,5.382552631879678,5.300387305978334,0.08216532590134396,0.08216532590134396
2022-05-05 06:00:00,2022,5,5,6,5.384884227593601,5.524835478019981,-0.13995125042638001,0.13995125042638001
2022-05-05 12:00:00,2022,5,5,12,8.16106593511153,8.3160733095413,-0.1550073744297702,0.1550073744297702
2022-05-05 18:00:00,2022,5,5,18,5.467512097943833,5.521748094261759,-0.054235996317926194,0.054235996317926194
2022-05-06 00:00:00,2022,5,6,0,5.310371318367704,5.217180707042551,0.09319061132515305,0.09319061132515305
2022-05-06 06:00:00,2022,5,6,6,6.646990343900893,6.412111899353757,0.23487844454713613,0.23487844454713613
2022-05-06 12:00:00,2022,5,6,12,8.419696358551064,8.311514410620275,0.10818194793078995,0.10818194793078995
2022-05-06 18:00:00,2022,5,6,18,6.406167370213756,6.644847656441443,-0.23868028622768733,0.23868028622768733
2022-05-07 00:00:00,2022,5,7,0,5.193558199968827,5.258605890227079,-0.06504769025825219,0.06504769025825219
2022-05-07 06:00:00,2022,5,7,6,5.273141801158983,5.495404725006871,-0.2222629238478886,0.2222629238478886
2022-05-07 12:00:00,2022,5,7,12,8.419278311705773,8.575843536821017,-0.1565652251152443,0.1565652251152443
2022-05-07 18:00:00,2022,5,7,18,5.415550556739128,5.591243769988867,-0.17569321324973863,0.17569321324973863
2022-05-08 00:00:00,2022,5,8,0,5.083235691984391,5.13884187278694,-0.05560618080254898,0.05560618080254898
2022-05-08 06:00:00,2022,5,8,6,6.500407786254932,6.551695380423443,-0.05128759416851025,0.05128759416851025
2022-05-08 12:00:00,2022,5,8,12,8.228691863306057,8.267426035747908,-0.038734172441850845,0.038734172441850845
2022-05-08 18:00:00,2022,5,8,18,5.575190191029283,5.713063799011472,-0.13787360798218895,0.13787360798218895
2022-05-09 00:00:00,2022,5,9,0,5.17613980523208,5.289793894650688,-0.113654089418608,0.113654089418608
2022-05-09 06:00:00,2022,5,9,6,5.404735901802074,5.329631132069513,0.07510476973256175,0.07510476973256175
2022-05-09 12:00:00,2022,5,9,12,8.724220091382517,8.66784371103918,0.0563763803433357,0.0563763803433357
2022-05-09 18:00:00,2022,5,9,18,5.286474905090008,5.43133301298553,-0.144858107895522,0.144858107895522
2022-05-10 00:00:00,2022,5,10,0,6.207167198949513,6.326397561611549,-0.11923036266203635,0.11923036266203635
2022-05-10 06:00:00,2022,5,10,6,5.489137673708928,5.643811136515527,-0.1546734628065991,0.1546734628065991
2022-05-10 12:00:00,2022,5,10,12,8.423722365973376,8.246590970105414,0.17713139586796167,0.17713139586796167
2022-05-10 18:00:00,2022,5,10,18,5.38887054722781,5.408140288950112,-0.01926974172230267,0.01926974172230267
2022-05-11 00:00:00,2022,5,11,0,5.410806620502656,5.24105640656407,0.16975021393858647,0.16975021393858647
2022-05-11 06:00:00,2022,5,11,6,5.279436388183382,5.357512414398172,-0.0780760262147897,0.0780760262147897
2022-05-11 12:00:00,2022,5,11,12,8.407659847863945,8.346723359867985,0.060936487995959965,0.060936487995959965
2022-05-11 18:00:00,2022,5,11,18,5.366557894710877,5.522804351733202,-0.1562464570223252,0.1562464570223252
2022-05-12 00:00:00,2022,5,12,0,6.102768010829233,6.24533129445624,-0.1425632836270072,0.1425632836270072
2022-05-12 06:00:00,2022,5,12,6,5.339366205718192,5.453947635528419,-0.11458142981022679,0.11458142981022679
2022-05-12 12:00:00,2022,5,12,12,8.914551241753829,8.6097764109757,0.30477483077812906,0.30477483077812906
2022-05-12 18:00:00,2022,5,12,18,6.452240620231874,6.278578227078352,0.1736623931535215,0.1736623931535215
2022-05-13 00:00:00,2022,5,13,0,6.364110287624712,6.225569577526318,0.1385407100983942,0.1385407100983942
2022-05-13 06:00:00,2022,5,13,6,5.241905869806048,5.435077983154058,-0.19317211334801065,0.19317211334801065
2022-05-13 12:00:00,2022,5,13,12,9.2553006624571,9.054012565051957,0.20128809740514342,0.20128809740514342
2022-05-13 18:00:00,2022,5,13,18,5.335027141288301,5.5522189251112035,-0.21719178382290227,0.21719178382290227
2022-05-14 00:00:00,2022,5,14,0,5.474973046636176,5.366520517584526,0.10845252905165026,0.10845252905165026
2022-05-14 06:00:00,2022,5,14,6,5.737472870552291,5.48816650759024,0.24930636296205133,0.24930636296205133
2022-05-14 12:00:00,2022,5,14,12,9.610847149958191,9.290435740897461,0.3204114090607302,0.3204114090607302
2022-05-14 18:00:00,2022,5,14,18,5.649004716294725,5.70611887361837,-0.05711415732364511,0.05711415732364511
2022-05-15 00:00:00,2022,5,15,0,5.646158620273082,5.859655258683493,-0.21349663841041178,0.21349663841041178
2022-05-15 06:00:00,2022,5,15,6,5.3726887601399325,5.604066576626057,-0.2313778164861242,0.2313778164861242
2022-05-15 12:00:00,2022,5,15,12,8.484808772564323,8.46634841073262,0.01846036183170341,0.01846036183170341
2022-05-15 18:00:00,2022,5,15,18,6.610065323905269,6.6489236101045694,-0.038858286199300096,0.038858286199300096
2022-05-16 00:00:00,2022,5,16,0,5.192044268713391,5.04321685217383,0.14882741653956089,0.14882741653956089
2022-05-16 06:00:00,2022,5,16,6,5.921853579827281,5.916173622051657,0.005679957775623912,0.005679957775623912
2022-05-16 12:00:00,2022,5,16,12,8.373338730336316,8.336799613205596,0.036539117130720555,0.036539117130720555
2022-05-16 18:00:00,2022,5,16,18,6.459493361945073,6.521007565969946,-0.0615142040248724,0.0615142040248724
2022-05-17 00:00:00,2022,5,17,0,5.2860761355301005,5.385074500355229,-0.09899836482512825,0.09899836482512825
2022-05-17 06:00:00,2022,5,17,6,5.65411985801307,5.633981782926507,0.020138075086562957,0.020138075086562957
2022-05-17 12:00:00,2022,5,17,12,9.258207585982367,9.2804236830476,-0.022216097065232532,0.022216097065232532
2022-05-17 18:00:00,2022,5,17,18,5.427824739006839,5.449742572869169,-0.021917833862329594,0.021917833862329594
2022-05-18 00:00:00,2022,5,18,0,5.589364612342441,5.36213027237684,0.2272343399656016,0.2272343399656016
2022-05-18 06:00:00,2022,5,18,6,6.488876879289979,6.405790892608286,0.08308598668169331,0.08308598668169331
2022-05-18 12:00:00,2022,5,18,12,8.453293539120514,8.31241029919026,0.14088323993025398,0.14088323993025398
2022-05-18 18:00:00,2022,5,18,18,6.415859577357112,6.438968543350961,-0.02310896599384904,0.02310896599384904
2022-05-19 00:00:00,2022,5,19,0,6.256605703321065,6.268894789322167,-0.012289086001102234,0.012289086001102234
2022-05-19 06:00:00,2022,5,19,6,5.215283681394686,5.48101547652774,-0.2657317951330542,0.2657317951330542
2022-05-19 12:00:00,2022,5,19,12,8.914955236474373,8.531036958616609,0.3839182778577648,0.3839182778577648
2022-05-19 18:00:00,2022,5,19,18,6.166358627695346,6.203405238517266,-0.03704661082192029,0.03704661082192029
2022-05-20 00:00:00,2022,5,20,0,5.403613304446686,5.406681132206325,-0.003067827759639208,0.003067827759639208
2022-05-20 06:00:00,2022,5,20,6,5.518377648503201,5.576822252633552,-0.058444604130351685,0.058444604130351685
2022-05-20 12:00:00,2022,5,20,12,8.863079010573745,8.871739737081612,-0.008660726507866201,0.008660726507866201
2022-05-20 18:00:00,2022,5,20,18,6.343793200982388,6.381364975453291,-0.03757177447090321,0.03757177447090321
2022-05-21 00:00:00,2022,5,21,0,5.449291697681224,5.45180072284016,-0.00250902515893614,0.00250902515893614
2022-05-21 06:00:00,2022,5,21,6,5.216046003566891,5.395536697251762,-0.1794906936848708,0.1794906936848708
2022-05-21 12:00:00,2022,5,21,12,8.87935445033192,8.929617670329774,-0.05026321999785388,0.05026321999785388
2022-05-21 18:00:00,2022,5,21,18,5.597490038096998,5.394211962991183,0.20327807510581497,0.20327807510581497
2022-05-22 00:00:00,2022,5,22,0,5.485734259320223,5.609548110952827,-0.12381385163260372,0.12381385163260372
2022-05-22 06:00:00,2022,5,22,6,5.188712925906887,5.39016233871108,-0.20144941280419282,0.20144941280419282
2022-05-22 12:00:00,2022,5,22,12,8.147709873364136,8.19044768914894,-0.042737815784803956,0.042737815784803956
2022-05-22 18:00:00,2022,5,22,18,5.87187141803923,5.368603857881855,0.5032675601573757,0.5032675601573757
2022-05-23 00:00:00,2022,5,23,0,5.948463220440202,5.922889410808437,0.025573809631765698,0.025573809631765698
2022-05-23 06:00:00,2022,5,23,6,6.622499173952429,6.370206569993859,0.25229260395857,0.25229260395857
2022-05-23 12:00:00,2022,5,23,12,9.0571180307541,8.999322916527214,0.05779511422688621,0.05779511422688621
2022-05-23 18:00:00,2022,5,23,18,6.10707797149485,6.280681652224824,-0.17360368072997368,0.17360368072997368
2022-05-24 00:00:00,2022,5,24,0,5.93533354728995,5.631140831725946,0.30419271556400407,0.30419271556400407
2022-05-24 06:00:00,2022,5,24,6,5.450437159111546,5.840408779751865,-0.38997162064031876,0.38997162064031876
2022-05-24 12:00:00,2022,5,24,12,7.889185287669733,8.056191801355444,-0.1670065136857115,0.1670065136857115
2022-05-24 18:00:00,2022,5,24,18,5.828175966990383,5.815529186867063,0.012646780123319878,0.012646780123319878
2022-05-25 00:00:00,2022,5,25,0,5.530852092332417,5.282407485495627,0.24844460683678982,0.24844460683678982
2022-05-25 06:00:00,2022,5,25,6,5.801502377100106,6.037755096684171,-0.23625271958406469,0.23625271958406469
2022-05-25 12:00:00,2022,5,25,12,9.12384392576961,9.066242045838314,0.05760187993129584,0.05760187993129584
2022-05-25 18:00:00,2022,5,25,18,5.288101457352318,5.3871021112709245,-0.09900065391860657,0.09900065391860657
2022-05-26 00:00:00,2022,5,26,0,5.36523804888162,5.108722425115788,0.25651562376583215,0.25651562376583215
2022-05-26 06:00:00,2022,5,26,6,5.4748874650927855,5.334802751682132,0.1400847134106531,0.1400847134106531
2022-05-26 12:00:00,2022,5,26,12,8.069681906648011,8.003269915880297,0.06641199076771365,0.06641199076771365
2022-05-26 18:00:00,2022,5,26,18,5.565957414930536,5.610863237343243,-0.0449058224127068,0.0449058224127068
2022-05-27 00:00:00,2022,5,27,0,4.767999630844276,5.0233103400653984,-0.2553107092211224,0.2553107092211224
2022-05-27 06:00:00,2022,5,27,6,5.303464055394714,5.3612363460709895,-0.05777229067627587,0.05777229067627587
2022-05-27 12:00:00,2022,5,27,12,8.425661216498682,8.180754564069588,0.24490665242909415,0.24490665242909415
2022-05-27 18:00:00,2022,5,27,18,6.457715392918123,6.299631179530437,0.15808421338768586,0.15808421338768586
2022-05-28 00:00:00,2022,5,28,0,5.611219725692417,5.715885877518821,-0.10466615182640471,0.10466615182640471
2022-05-28 06:00:00,2022,5,28,6,5.399138376852751,5.329971250074573,0.06916712677817838,0.06916712677817838
2022-05-28 12:00:00,2022,5,28,12,8.612845588230279,8.795617589731359,-0.18277200150108008,0.18277200150108008
2022-05-28 18:00:00,2022,5,28,18,5.265452081791657,5.274176929799899,-0.008724848008242247,0.008724848008242247
2022-05-29 00:00:00,2022,5,29,0,5.163438897749089,5.217209364715242,-0.05377046696615384,0.05377046696615384
2022-05-29 06:00:00,2022,5,29,6,6.126361023674157,6.1899350978337955,-0.06357407415963845,0.06357407415963845
2022-05-29 12:00:00,2022,5,29,12,8.0309419443286,8.004190300857712,0.026751643470888098,0.026751643470888098
2022-05-29 18:00:00,2022,5,29,18,5.361168495408058,5.1766072872353694,0.1845612081726884,0.1845612081726884
2022-05-30 00:00:00,2022,5,30,0,4.933161346097032,4.905201917558965,0.02795942853806732,0.02795942853806732
2022-05-30 06:00:00,2022,5,30,6,5.960354560298227,6.00367121018005,-0.04331664988182293,0.04331664988182293
2022-05-30 12:00:00,2022,5,30,12,8.446798297045659,8.459092554080208,-0.012294257034549005,0.012294257034549005
2022-05-30 18:00:00,2022,5,30,18,5.748975503852294,5.306191358586365,0.4427841452659287,0.4427841452659287
2022-05-31 00:00:00,2022,5,31,0,5.0372195962522985,4.911628785232482,0.1255908110198165,0.1255908110198165
2022-05-31 06:00:00,2022,5,31,6,5.627278469749762,5.86994255979324,-0.242664090043478,0.242664090043478
2022-05-31 12:00:00,2022,5,31,12,8.071577926486368,8.133558770763607,-0.06198084427723849,0.06198084427723849
2022-05-31 18:00:00,2022,5,31,18,5.803586270015804,5.829237298720043,-0.025651028704239742,0.025651028704239742
2022-06-01 00:00:00,2022,6,1,0,5.385786620034931,4.9395941959240135,0.44619242411091786,0.44619242411091786
2022-06-01 06:00:00,2022,6,1,6,5.436132786244695,5.461856310083654,-0.02572352383895904,0.02572352383895904
2022-06-01 12:00:00,2022,6,1,12,8.769366652000686,8.736875626626608,0.03249102537407822,0.03249102537407822
2022-06-01 18:00:00,2022,6,1,18,5.407048586394084,5.254726662267494,0.15232192412659007,0.15232192412659007
2022-06-02 00:00:00,2022,6,2,0,5.224267695543106,5.198272195108897,0.02599550043420873,0.02599550043420873
2022-06-02 06:00:00,2022,6,2,6,5.094700999373052,5.408614048199771,-0.313913048826719,0.313913048826719
2022-06-02 12:00:00,2022,6,2,12,8.141171683958737,8.115326385685032,0.025845298273704742,0.025845298273704742
2022-06-02 18:00:00,2022,6,2,18,5.5881674079042805,5.775899927823331,-0.1877325199190505,0.1877325199190505
2022-06-03 00:00:00,2022,6,3,0,4.65969487240794,4.857387927237303,-0.1976930548293634,0.1976930548293634
2022-06-03 06:00:00,2022,6,3,6,5.255352401675382,5.303727004982888,-0.04837460330750609,0.04837460330750609
2022-06-03 12:00:00,2022,6,3,12,7.937968471323162,8.074547822078667,-0.13657935075550487,0.13657935075550487
2022-06-03 18:00:00,2022,6,3,18,5.540521057628047,5.539312810763278,0.0012082468647696132,0.0012082468647696132
2022-06-04 00:00:00,2022,6,4,0,5.772876272812039,5.553005740235538,0.21987053257650047,0.21987053257650047
2022-06-04 06:00:00,2022,6,4,6,5.577217067896362,5.852176746643842,-0.2749596787474795,0.2749596787474795
2022-06-04 12:00:00,2022,6,4,12,7.810234279535697,7.985221510209147,-0.1749872306734499,0.1749872306734499
2022-06-04 18:00:00,2022,6,4,18,5.926833457725123,6.024569427892192,-0.09773597016706947,0.09773597016706947
2022-06-05 00:00:00,2022,6,5,0,5.031213705027953,5.001371058860959,0.029842646166994058,0.029842646166994058
2022-06-05 06:00:00,2022,6,5,6,5.219618188625814,5.180477352188169,0.0391408364376451,0.0391408364376451
2022-06-05 12:00:00,2022,6,5,12,7.751597325870351,7.954991838647573,-0.20339451277722187,0.20339451277722187
2022-06-05 18:00:00,2022,6,5,18,4.6801058792345325,5.03606548643557,-0.35595960720103736,0.35595960720103736
2022-06-06 00:00:00,2022,6,6,0,5.910227191676592,5.816271685735718,0.09395550594087343,0.09395550594087343
2022-06-06 06:00:00,2022,6,6,6,5.037050143603141,5.030860197213091,0.006189946390049883,0.006189946390049883
2022-06-06 12:00:00,2022,6,6,12,8.594053265957678,8.45964115745426,0.13441210850341712,0.13441210850341712
2022-06-06 18:00:00,2022,6,6,18,5.926743773757757,5.82535165200877,0.1013921217489866,0.1013921217489866
2022-06-07 00:00:00,2022,6,7,0,5.650735763815956,5.3690661250992555,0.2816696387167008,0.2816696387167008
2022-06-07 06:00:00,2022,6,7,6,6.0874949665347655,6.070867825960442,0.016627140574323462,0.016627140574323462
2022-06-07 12:00:00,2022,6,7,12,7.971490424391117,7.984975247038319,-0.013484822647201966,0.013484822647201966
2022-06-07 18:00:00,2022,6,7,18,5.448582364403774,5.710550586663689,-0.2619682222599149,0.2619682222599149
2022-06-08 00:00:00,2022,6,8,0,5.557170863702671,5.544813360343536,0.012357503359135436,0.012357503359135436
2022-06-08 06:00:00,2022,6,8,6,5.530300905411648,5.635669835192839,-0.10536892978119106,0.10536892978119106
2022-06-08 12:00:00,2022,6,8,12,7.89509909306483,7.824794783013529,0.07030431005130033,0.07030431005130033
2022-06-08 18:00:00,2022,6,8,18,5.525029869111201,5.492253930418025,0.03277593869317563,0.03277593869317563
2022-06-09 00:00:00,2022,6,9,0,5.531922029449354,5.670067979290241,-0.13814594984088746,0.13814594984088746
2022-06-09 06:00:00,2022,6,9,6,5.455042256173275,5.133319743260072,0.32172251291320286,0.32172251291320286
2022-06-09 12:00:00,2022,6,9,12,8.59390874906544,8.557899123577544,0.0360096254878961,0.0360096254878961
2022-06-09 18:00:00,2022,6,9,18,5.371629691396967,5.194223306706467,0.1774063846904994,0.1774063846904994
2022-06-10 00:00:00,2022,6,10,0,5.491056820849851,5.34729157960825,0.14376524124160106,0.14376524124160106
2022-06-10 06:00:00,2022,6,10,6,6.097986423415764,5.904916391301943,0.19307003211382145,0.19307003211382145
2022-06-10 12:00:00,2022,6,10,12,8.096697137313502,7.953276095246059,0.14342104206744288,0.14342104206744288
2022-06-10 18:00:00,2022,6,10,18,5.874951294857207,6.029903473843141,-0.1549521789859334,0.1549521789859334
2022-06-11 00:00:00,2022,6,11,0,4.922358190866638,4.601313222485218,0.32104496838142005,0.32104496838142005
2022-06-11 06:00:00,2022,6,11,6,5.896284754399844,5.861831275418449,0.03445347898139417,0.03445347898139417
2022-06-11 12:00:00,2022,6,11,12,7.847588312817154,7.816725032764895,0.03086328005225969,0.03086328005225969
2022-06-11 18:00:00,2022,6,11,18,5.309166594639736,5.423944198474211,-0.114777603834475,0.114777603834475
2022-06-12 00:00:00,2022,6,12,0,5.604842409501041,5.262086214616188,0.34275619488485276,0.34275619488485276
2022-06-12 06:00:00,2022,6,12,6,5.6644956646437405,5.481406027574183,0.18308963706955783,0.18308963706955783
2022-06-12 12:00:00,2022,6,12,12,8.404307807548308,8.356427156155203,0.04788065139310582,0.04788065139310582
2022-06-12 18:00:00,2022,6,12,18,5.770711400232629,5.863256806457757,-0.09254540622512852,0.09254540622512852
2022-06-13 00:00:00,2022,6,13,0,4.431507268849275,4.724822070351306,-0.2933148015020306,0.2933148015020306
2022-06-13 06:00:00,2022,6,13,6,5.609143981271411,5.570813288785227,0.03833069248618415,0.03833069248618415
2022-06-13 12:00:00,2022,6,13,12,8.290582291529939,8.120713362863322,0.16986892866661663,0.16986892866661663
2022-06-13 18:00:00,2022,6,13,18,4.729396016866234,4.983182744449554,-0.25378672758331966,0.25378672758331966
2022-06-14 00:00:00,2022,6,14,0,5.008859433933499,5.19121431133463,-0.18235487740113054,0.18235487740113054
2022-06-14 06:00:00,2022,6,14,6,4.894314829484433,4.9631572996783255,-0.06884247019389278,0.06884247019389278
2022-06-14 12:00:00,2022,6,14,12,7.73157244536599,7.801986801281892,-0.07041435591590162,0.07041435591590162
2022-06-14 18:00:00,2022,6,14,18,5.647743089049583,5.566955294032652,0.08078779501693134,0.08078779501693134
2022-06-15 00:00:00,2022,6,15,0,5.049396148621718,4.907402253297595,0.14199389532412354,0.14199389532412354
2022-06-15 06:00:00,2022,6,15,6,5.750509655916536,5.632240423458182,0.11826923245835452,0.11826923245835452
2022-06-15 12:00:00,2022,6,15,12,8.479222336003726,8.326780097020496,0.15244223898323028,0.15244223898323028
2022-06-15 18:00:00,2022,6,15,18,5.679595449880323,5.678348203006645,0.001247246873678165,0.001247246873678165
2022-06-16 00:00:00,2022,6,16,0,5.2668333261625415,4.995767419015883,0.27106590714665835,0.27106590714665835
2022-06-16 06:00:00,2022,6,16,6,5.285519623273702,5.130384471216198,0.15513515205750394,0.15513515205750394
2022-06-16 12:00:00,2022,6,16,12,8.246139922563863,8.223522212438178,0.02261771012568481,0.02261771012568481
2022-06-16 18:00:00,2022,6,16,18,4.790707279557226,4.912440029412975,-0.12173274985574967,0.12173274985574967
2022-06-17 00:00:00,2022,6,17,0,5.028312996793297,5.206682877112245,-0.17836988031894752,0.17836988031894752
2022-06-17 06:00:00,2022,6,17,6,5.311148171158149,5.032818333096097,0.278329838062052,0.278329838062052
2022-06-17 12:00:00,2022,6,17,12,7.946061283801387,7.933698825376062,0.012362458425324796,0.012362458425324796
2022-06-17 18:00:00,2022,6,17,18,4.751870570896134,5.016889888956359,-0.26501931806022494,0.26501931806022494
2022-06-18 00:00:00,2022,6,18,0,4.653000118285244,4.627822975301697,0.025177142983547007,0.025177142983547007
2022-06-18 06:00:00,2022,6,18,6,5.2543057395482204,5.399612616274355,-0.14530687672613496,0.14530687672613496
2022-06-18 12:00:00,2022,6,18,12,7.558151640246721,7.865616713269345,-0.30746507302262405,0.30746507302262405
2022-06-18 18:00:00,2022,6,18,18,5.360234528534478,5.281864937877801,0.07836959065667681,0.07836959065667681
2022-06-19 00:00:00,2022,6,19,0,4.804346752953978,4.824366382934745,-0.020019629980766673,0.020019629980766673
2022-06-19 06:00:00,2022,6,19,6,4.94012650585655,4.999097101227995,-0.058970595371445,0.058970595371445
2022-06-19 12:00:00,2022,6,19,12,7.501140485179511,7.6824538274108445,-0.18131334223133333,0.18131334223133333
2022-06-19 18:00:00,2022,6,19,18,4.922701898641273,4.904836670183309,0.017865228457964122,0.017865228457964122
2022-06-20 00:00:00,2022,6,20,0,5.275739610863173,5.152605263281758,0.1231343475814155,0.1231343475814155
2022-06-20 06:00:00,2022,6,20,6,4.743437804617542,4.830382349376217,-0.08694454475867541,0.08694454475867541
2022-06-20 12:00:00,2022,6,20,12,7.388340025611472,7.43264753446156,-0.044307508850087274,0.044307508850087274
2022-06-20 18:00:00,2022,6,20,18,5.098760821954376,4.842047777887005,0.2567130440673715,0.2567130440673715
2022-06-21 00:00:00,2022,6,21,0,4.338000607459332,4.650362524423094,-0.3123619169637619,0.3123619169637619
2022-06-21 06:00:00,2022,6,21,6,5.005222712771467,4.967097790555989,0.03812492221547714,0.03812492221547714
2022-06-21 12:00:00,2022,6,21,12,7.984148353023379,8.035802204337507,-0.051653851314128474,0.051653851314128474
2022-06-21 18:00:00,2022,6,21,18,5.2713095220089095,5.278345175443915,-0.007035653435005784,0.007035653435005784
2022-06-22 00:00:00,2022,6,22,0,4.194191614976409,4.429822867982733,-0.23563125300632404,0.23563125300632404
2022-06-22 06:00:00,2022,6,22,6,4.4813574834104,4.904571224561178,-0.4232137411507786,0.4232137411507786
2022-06-22 12:00:00,2022,6,22,12,8.159798917726553,8.00421022683159,0.1555886908949624,0.1555886908949624
2022-06-22 18:00:00,2022,6,22,18,4.651197663630472,4.784108405891361,-0.13291074226088906,0.13291074226088906
2022-06-23 00:00:00,2022,6,23,0,5.122802729555964,4.8912070772900575,0.23159565226590662,0.23159565226590662
2022-06-23 06:00:00,2022,6,23,6,4.688682544185234,4.79056476682074,-0.10188222263550628,0.10188222263550628
2022-06-23 12:00:00,2022,6,23,12,7.148397428490857,7.156006035111464,-0.007608606620606473,0.007608606620606473
2022-06-23 18:00:00,2022,6,23,18,5.556145703056348,5.478737814606972,0.0774078884493763,0.0774078884493763
2022-06-24 00:00:00,2022,6,24,0,4.922980289336731,4.812072943485565,0.11090734585116646,0.11090734585116646
2022-06-24 06:00:00,2022,6,24,6,4.270725603658718,4.70104429678849,-0.430318693129772,0.430318693129772
2022-06-24 12:00:00,2022,6,24,12,7.119560735205505,7.35613751856474,-0.2365767833592347,0.2365767833592347
2022-06-24 18:00:00,2022,6,24,18,5.4915219010853775,5.3379982438667986,0.15352365721857897,0.15352365721857897
2022-06-25 00:00:00,2022,6,25,0,4.894012363494815,5.015332828864641,-0.1213204653698261,0.1213204653698261
2022-06-25 06:00:00,2022,6,25,6,4.870068509816281,4.930355489188052,-0.06028697937177174,0.06028697937177174
2022-06-25 12:00:00,2022,6,25,12,7.997476978532028,7.879453317956356,0.11802366057567149,0.11802366057567149
2022-06-25 18:00:00,2022,6,25,18,5.388513440788969,5.303897102559762,0.08461633822920778,0.08461633822920778
2022-06-26 00:00:00,2022,6,26,0,4.187138199842863,4.461649841291782,-0.27451164144891926,0.27451164144891926
2022-06-26 06:00:00,2022,6,26,6,4.937650150031605,4.923619022946788,0.014031127084816575,0.014031127084816575
2022-06-26 12:00:00,2022,6,26,12,7.853150043979421,7.810168076006394,0.042981967973027224,0.042981967973027224
2022-06-26 18:00:00,2022,6,26,18,5.10734824931882,4.988825144524096,0.11852310479472372,0.11852310479472372
2022-06-27 00:00:00,2022,6,27,0,4.856172764263299,5.082979381853907,-0.22680661759060783,0.22680661759060783
2022-06-27 06:00:00,2022,6,27,6,5.2607693661229336,5.234139465876611,0.026629900246322613,0.026629900246322613
2022-06-27 12:00:00,2022,6,27,12,7.231828112116466,7.346365623346098,-0.1145375112296323,0.1145375112296323
2022-06-27 18:00:00,2022,6,27,18,4.702242882307935,4.827030817931147,-0.12478793562321222,0.12478793562321222
2022-06-28 00:00:00,2022,6,28,0,5.327257585763201,5.196591136637053,0.13066644912614755,0.13066644912614755
2022-06-28 06:00:00,2022,6,28,6,4.97525902344406,5.276015988885596,-0.3007569654415354,0.3007569654415354
2022-06-28 12:00:00,2022,6,28,12,7.469458845789178,7.402098124092474,0.06736072169670404,0.06736072169670404
2022-06-28 18:00:00,2022,6,28,18,5.449885775389038,5.154713231710534,0.295172543678504,0.295172543678504
2022-06-29 00:00:00,2022,6,29,0,4.773661578581887,4.870359161675854,-0.0966975830939667,0.0966975830939667
2022-06-29 06:00:00,2022,6,29,6,4.748447960945232,4.73111313434523,0.01733482660000263,0.01733482660000263
2022-06-29 12:00:00,2022,6,29,12,7.689484553213218,7.618820083325675,0.07066446988754294,0.07066446988754294
2022-06-29 18:00:00,2022,6,29,18,5.353760141035142,5.37911299322569,-0.02535285219054817,0.02535285219054817
2022-06-30 00:00:00,2022,6,30,0,4.984544811203697,4.849070714328091,0.13547409687560563,0.13547409687560563
2022-06-30 06:00:00,2022,6,30,6,4.747394769410278,4.885941494033612,-0.1385467246233345,0.1385467246233345
2022-06-30 12:00:00,2022,6,30,12,7.508436757235902,7.631068784821701,-0.12263202758579883,0.12263202758579883
2022-06-30 18:00:00,2022,6,30,18,5.631493518692716,5.293535207683305,0.33795831100941154,0.33795831100941154
2022-07-01 00:00:00,2022,7,1,0,4.789541136784787,4.717003319283782,0.07253781750100519,0.07253781750100519
2022-07-01 06:00:00,2022,7,1,6,4.890167376257763,5.061474877842736,-0.1713075015849732,0.1713075015849732
2022-07-01 12:00:00,2022,7,1,12,7.547387502768843,7.323572082577295,0.22381542019154832,0.22381542019154832
2022-07-01 18:00:00,2022,7,1,18,4.927175788854847,4.970692686955528,-0.04351689810068038,0.04351689810068038
2022-07-02 00:00:00,2022,7,2,0,4.815912620773184,4.648842332914853,0.16707028785833078,0.16707028785833078
2022-07-02 06:00:00,2022,7,2,6,5.51161359795799,5.213501889685372,0.2981117082726179,0.2981117082726179
2022-07-02 12:00:00,2022,7,2,12,7.808043494290576,7.747518175180363,0.06052531911021308,0.06052531911021308
2022-07-02 18:00:00,2022,7,2,18,5.207984203174195,5.005382367226772,0.20260183594742376,0.20260183594742376
2022-07-03 00:00:00,2022,7,3,0,4.487756290219073,4.444541111585354,0.04321517863371849,0.04321517863371849
2022-07-03 06:00:00,2022,7,3,6,5.544731654235847,5.436971009282758,0.10776064495308901,0.10776064495308901
2022-07-03 12:00:00,2022,7,3,12,7.518503195735271,7.724884805560828,-0.20638160982555753,0.20638160982555753
2022-07-03 18:00:00,2022,7,3,18,4.508646611762234,4.666457444049764,-0.15781083228753,0.15781083228753
2022-07-04 00:00:00,2022,7,4,0,5.612688828627545,5.442091628114317,0.17059720051322813,0.17059720051322813
2022-07-04 06:00:00,2022,7,4,6,5.348869470757049,5.323994937235238,0.024874533521811237,0.024874533521811237
2022-07-04 12:00:00,2022,7,4,12,8.310042507030872,8.242282858321904,0.067759648708968,0.067759648708968
2022-07-04 18:00:00,2022,7,4,18,4.8333282500145724,4.916301714459282,-0.08297346444470932,0.08297346444470932
2022-07-05 00:00:00,2022,7,5,0,5.170158519301146,5.247302707809224,-0.07714418850807814,0.07714418850807814
2022-07-05 06:00:00,2022,7,5,6,5.1970590022003975,5.394434844187459,-0.19737584198706148,0.19737584198706148
2022-07-05 12:00:00,2022,7,5,12,8.091864211822658,8.0394930038837,0.052371207938957554,0.052371207938957554
2022-07-05 18:00:00,2022,7,5,18,5.478456121660399,5.335406564427548,0.1430495572328505,0.1430495572328505
2022-07-06 00:00:00,2022,7,6,0,4.948572673712272,5.080112563697074,-0.13153988998480148,0.13153988998480148
2022-07-06 06:00:00,2022,7,6,6,5.0588216581689744,5.266612480599606,-0.2077908224306313,0.2077908224306313
2022-07-06 12:00:00,2022,7,6,12,7.608761626073281,7.718035504218974,-0.109273878145693,0.109273878145693
2022-07-06 18:00:00,2022,7,6,18,4.875962091645024,4.964953234066079,-0.08899114242105455,0.08899114242105455
2022-07-07 00:00:00,2022,7,7,0,5.054089099551212,4.71082196779116,0.34326713176005175,0.34326713176005175
2022-07-07 06:00:00,2022,7,7,6,5.508861111978552,5.417418980277559,0.09144213170099302,0.09144213170099302
2022-07-07 12:00:00,2022,7,7,12,7.649082286198532,7.57242650549091,0.07665578070762269,0.07665578070762269
2022-07-07 18:00:00,2022,7,7,18,4.405998024604232,4.781010547176939,-0.3750125225727068,0.3750125225727068
2022-07-08 00:00:00,2022,7,8,0,4.929818380646031,5.036945874835595,-0.10712749418956413,0.10712749418956413
2022-07-08 06:00:00,2022,7,8,6,5.279723970508744,5.199996791563206,0.07972717894553849,0.07972717894553849
2022-07-08 12:00:00,2022,7,8,12,7.710611405052024,7.881224364189606,-0.170612959137582,0.170612959137582
2022-07-08 18:00:00,2022,7,8,18,5.307640759770394,5.302463911939668,0.005176847830726139,0.005176847830726139
2022-07-09 00:00:00,2022,7,9,0,4.968982902115556,4.890795727382252,0.07818717473330405,0.07818717473330405
2022-07-09 06:00:00,2022,7,9,6,5.17201365651758,5.157634133055035,0.014379523462544341,0.014379523462544341
2022-07-09 12:00:00,2022,7,9,12,7.529531552616948,7.427219449524492,0.10231210309245586,0.10231210309245586
2022-07-09 18:00:00,2022,7,9,18,4.932710947842252,4.922840786883634,0.009870160958618257,0.009870160958618257
2022-07-10 00:00:00,2022,7,10,0,4.878617646169444,4.577564088778389,0.30105355739105555,0.30105355739105555
2022-07-10 06:00:00,2022,7,10,6,5.165349544405318,5.214287069301158,-0.048937524895840134,0.048937524895840134
2022-07-10 12:00:00,2022,7,10,12,7.576771108128359,7.418000309627827,0.158770798500532,0.158770798500532
2022-07-10 18:00:00,2022,7,10,18,4.851264918026827,4.869064668754769,-0.017799750727942154,0.017799750727942154
2022-07-11 00:00:00,2022,7,11,0,5.343572633465564,5.356270230015337,-0.012697596549772427,0.012697596549772427
2022-07-11 06:00:00,2022,7,11,6,4.759289190932958,4.8270499064036505,-0.06776071547069229,0.06776071547069229
2022-07-11 12:00:00,2022,7,11,12,8.03339572909843,7.943701437451226,0.08969429164720388,0.08969429164720388
2022-07-11 18:00:00,2022,7,11,18,5.506259454655289,5.146443802461144,0.35981565219414513,0.35981565219414513
2022-07-12 00:00:00,2022,7,12,0,4.931515657701546,5.099077484451538,-0.1675618267499921,0.1675618267499921
2022-07-12 06:00:00,2022,7,12,6,4.811651550657924,5.092670219198105,-0.281018668540181,0.281018668540181
2022-07-12 12:00:00,2022,7,12,12,7.812669884399142,7.92089729379033,-0.10822740939118791,0.10822740939118791
2022-07-12 18:00:00,2022,7,12,18,5.390051238481651,5.462244468270137,-0.07219322978848641,0.07219322978848641
2022-07-13 00:00:00,2022,7,13,0,5.360313346578616,5.202287034021088,0.15802631255752786,0.15802631255752786
2022-07-13 06:00:00,2022,7,13,6,5.159356052412929,5.387548100543941,-0.22819204813101202,0.22819204813101202
2022-07-13 12:00:00,2022,7,13,12,7.511334309990191,7.636366301784684,-0.12503199179449354,0.12503199179449354
2022-07-13 18:00:00,2022,7,13,18,5.486970351934782,5.420947962112174,0.06602238982260822,0.06602238982260822
2022-07-14 00:00:00,2022,7,14,0,4.995749886279189,4.985436352025225,0.010313534253963752,0.010313534253963752
2022-07-14 06:00:00,2022,7,14,6,5.570402030541681,5.302567001094812,0.26783502944686877,0.26783502944686877
2022-07-14 12:00:00,2022,7,14,12,7.366239200620476,7.598836886305533,-0.23259768568505734,0.23259768568505734
2022-07-14 18:00:00,2022,7,14,18,5.635596622391989,5.440239370883329,0.19535725150865968,0.19535725150865968
2022-07-15 00:00:00,2022,7,15,0,5.554504692539267,5.474301920925389,0.08020277161387845,0.08020277161387845
2022-07-15 06:00:00,2022,7,15,6,5.462472795912594,5.453080037247985,0.009392758664608536,0.009392758664608536
2022-07-15 12:00:00,2022,7,15,12,8.31426528850775,8.29100272193091,0.02326256657683956,0.02326256657683956
2022-07-15 18:00:00,2022,7,15,18,5.587612790808387,5.417921149502071,0.16969164130631587,0.16969164130631587
2022-07-16 00:00:00,2022,7,16,0,5.267347281081702,5.109773740266882,0.15757354081481978,0.15757354081481978
2022-07-16 06:00:00,2022,7,16,6,5.265789419884969,5.098864412423284,0.16692500746168548,0.16692500746168548
2022-07-16 12:00:00,2022,7,16,12,8.074949607278267,8.023540485926045,0.05140912135222209,0.05140912135222209
2022-07-16 18:00:00,2022,7,16,18,5.907310400106507,5.794963657636324,0.11234674247018273,0.11234674247018273
2022-07-17 00:00:00,2022,7,17,0,5.505493083134987,5.548425634092398,-0.042932550957410776,0.042932550957410776
2022-07-17 06:00:00,2022,7,17,6,5.547104966686236,5.476507697320411,0.070597269365825,0.070597269365825
2022-07-17 12:00:00,2022,7,17,12,7.6679191402980305,7.613275936006768,0.05464320429126257,0.05464320429126257
2022-07-17 18:00:00,2022,7,17,18,4.691870225230884,4.979005528659501,-0.2871353034286166,0.2871353034286166
2022-07-18 00:00:00,2022,7,18,0,5.246014694931346,5.336434758731017,-0.09042006379967127,0.09042006379967127
2022-07-18 06:00:00,2022,7,18,6,4.926763769130872,5.196930285109722,-0.27016651597884955,0.27016651597884955
2022-07-18 12:00:00,2022,7,18,12,7.510633679390733,7.6604760774880925,-0.1498423980973591,0.1498423980973591
2022-07-18 18:00:00,2022,7,18,18,5.760194155947543,5.704803256259544,0.05539089968799882,0.05539089968799882
2022-07-19 00:00:00,2022,7,19,0,4.889606388822163,5.103217147297109,-0.21361075847494604,0.21361075847494604
2022-07-19 06:00:00,2022,7,19,6,5.278201361311613,5.368178167683371,-0.08997680637175787,0.08997680637175787
2022-07-19 12:00:00,2022,7,19,12,7.975522523879491,8.177721634986717,-0.20219911110722677,0.20219911110722677
2022-07-19 18:00:00,2022,7,19,18,5.764127521515441,5.599650851375942,0.16447667013949907,0.16447667013949907
2022-07-20 00:00:00,2022,7,20,0,5.505440289378288,5.50018808731828,0.005252202060007427,0.005252202060007427
2022-07-20 06:00:00,2022,7,20,6,5.124407461155327,5.517586003576123,-0.3931785424207961,0.3931785424207961
2022-07-20 12:00:00,2022,7,20,12,8.291388399189481,8.297992227999726,-0.00660382881024546,0.00660382881024546
2022-07-20 18:00:00,2022,7,20,18,5.4826018329366,5.5404867387403165,-0.05788490580371608,0.05788490580371608
2022-07-21 00:00:00,2022,7,21,0,5.2602603152109895,5.1753055791563565,0.084954736054633,0.084954736054633
2022-07-21 06:00:00,2022,7,21,6,5.373380217700017,5.480035628650242,-0.1066554109502249,0.1066554109502249
2022-07-21 12:00:00,2022,7,21,12,7.740626364664978,7.7225905657291065,0.018035798935871483,0.018035798935871483
2022-07-21 18:00:00,2022,7,21,18,5.296906053170656,5.350218457616514,-0.053312404445858164,0.053312404445858164
2022-07-22 00:00:00,2022,7,22,0,5.077238801527436,5.093270648007071,-0.016031846479634737,0.016031846479634737
2022-07-22 06:00:00,2022,7,22,6,5.470126155403765,5.321916092698257,0.14821006270550807,0.14821006270550807
2022-07-22 12:00:00,2022,7,22,12,8.09902395211211,8.307411047617931,-0.20838709550582024,0.20838709550582024
2022-07-22 18:00:00,2022,7,22,18,5.834933918714624,5.762831985924384,0.07210193279023969,0.07210193279023969
2022-07-23 00:00:00,2022,7,23,0,5.594715799584086,5.6143699822372435,-0.019654182653157548,0.019654182653157548
2022-07-23 06:00:00,2022,7,23,6,5.782841785945274,5.8147166169363755,-0.03187483099110189,0.03187483099110189
2022-07-23 12:00:00,2022,7,23,12,8.158107316937391,8.182911725948705,-0.02480440901131331,0.02480440901131331
2022-07-23 18:00:00,2022,7,23,18,5.204718385845558,5.494596143001331,-0.28987775715577335,0.28987775715577335
2022-07-24 00:00:00,2022,7,24,0,5.133085663369536,5.280711923559157,-0.14762626018962166,0.14762626018962166
2022-07-24 06:00:00,2022,7,24,6,5.486614393626791,5.682726353661907,-0.19611196003511555,0.19611196003511555
2022-07-24 12:00:00,2022,7,24,12,8.28174802240147,8.437430732306321,-0.1556827099048519,0.1556827099048519
2022-07-24 18:00:00,2022,7,24,18,5.593893669716659,5.714762468728593,-0.12086879901193459,0.12086879901193459
2022-07-25 00:00:00,2022,7,25,0,5.503988383310719,5.625864479618511,-0.12187609630779228,0.12187609630779228
2022-07-25 06:00:00,2022,7,25,6,5.481359987739636,5.456446599704299,0.024913388035336936,0.024913388035336936
2022-07-25 12:00:00,2022,7,25,12,8.192601986615333,8.21922985138271,-0.02662786476737722,0.02662786476737722
2022-07-25 18:00:00,2022,7,25,18,5.933694910428514,5.772999689629955,0.16069522079855858,0.16069522079855858
2022-07-26 00:00:00,2022,7,26,0,5.341761526784286,5.567929706907918,-0.22616818012363193,0.22616818012363193
2022-07-26 06:00:00,2022,7,26,6,5.247408017364136,5.36221001600522,-0.11480199864108442,0.11480199864108442
2022-07-26 12:00:00,2022,7,26,12,7.810723524962162,7.897335745651877,-0.08661222068971508,0.08661222068971508
2022-07-26 18:00:00,2022,7,26,18,5.62258125497507,5.682245962672909,-0.0596647076978396,0.0596647076978396
2022-07-27 00:00:00,2022,7,27,0,6.009414323582448,5.772620486104807,0.2367938374776415,0.2367938374776415
2022-07-27 06:00:00,2022,7,27,6,5.511750875185413,5.491997894805304,0.019752980380109086,0.019752980380109086
2022-07-27 12:00:00,2022,7,27,12,8.021022957723027,8.104095521593196,-0.0830725638701697,0.0830725638701697
2022-07-27 18:00:00,2022,7,27,18,5.378436427297416,5.554910546268499,-0.17647411897108345,0.17647411897108345
2022-07-28 00:00:00,2022,7,28,0,4.74696337906876,5.032639716612119,-0.2856763375433582,0.2856763375433582
2022-07-28 06:00:00,2022,7,28,6,5.179668510716711,5.429481760293593,-0.24981324957688233,0.24981324957688233
2022-07-28 12:00:00,2022,7,28,12,8.343703689056355,8.26587913459786,0.07782455445849479,0.07782455445849479
2022-07-28 18:00:00,2022,7,28,18,5.470215270034516,5.414954779763599,0.05526049027091684,0.05526049027091684
2022-07-29 00:00:00,2022,7,29,0,5.694659337886611,5.591907730470912,0.10275160741569866,0.10275160741569866
2022-07-29 06:00:00,2022,7,29,6,5.624571484454414,5.2233771296266704,0.40119435482774346,0.40119435482774346
2022-07-29 12:00:00,2022,7,29,12,7.876017152468785,7.891820617896394,-0.015803465427608465,0.015803465427608465
2022-07-29 18:00:00,2022,7,29,18,6.079932576274582,5.909294029415019,0.17063854685956326,0.17063854685956326
2022-07-30 00:00:00,2022,7,30,0,5.511199003717566,5.230679482549022,0.28051952116854384,0.28051952116854384
2022-07-30 06:00:00,2022,7,30,6,6.070957934066445,6.001266420374308,0.06969151369213655,0.06969151369213655
2022-07-30 12:00:00,2022,7,30,12,8.491766440633942,8.584844858074476,-0.09307841744053391,0.09307841744053391
2022-07-30 18:00:00,2022,7,30,18,5.403377605097573,5.600240741441866,-0.19686313634429276,0.19686313634429276
2022-07-31 00:00:00,2022,7,31,0,5.342478774518838,5.365624391256269,-0.02314561673743043,0.02314561673743043
2022-07-31 06:00:00,2022,7,31,6,5.656375846359812,5.617845424229903,0.038530422129909425,0.038530422129909425
2022-07-31 12:00:00,2022,7,31,12,8.189249436485323,8.555675387022296,-0.36642595053697313,0.36642595053697313
2022-07-31 18:00:00,2022,7,31,18,6.352381852745456,6.129103785457928,0.22327806728752808,0.22327806728752808
2022-08-01 00:00:00,2022,8,1,0,5.642129592543809,5.6194840966833555,0.022645495860453835,0.022645495860453835
2022-08-01 06:00:00,2022,8,1,6,6.112443827583375,6.138683378752802,-0.02623955116942689,0.02623955116942689
2022-08-01 12:00:00,2022,8,1,12,7.912219306314963,8.114798262969476,-0.20257895665451287,0.20257895665451287
2022-08-01 18:00:00,2022,8,1,18,5.87358348395582,5.89527395074607,-0.021690466790249552,0.021690466790249552
2022-08-02 00:00:00,2022,8,2,0,5.461590179675165,5.437472221043832,0.024117958631332925,0.024117958631332925
2022-08-02 06:00:00,2022,8,2,6,5.978759865959535,5.864467837657622,0.11429202830191354,0.11429202830191354
2022-08-02 12:00:00,2022,8,2,12,7.9815077814356945,8.051978563758992,-0.07047078232329707,0.07047078232329707
2022-08-02 18:00:00,2022,8,2,18,5.965595778186574,6.06294355346785,-0.0973477752812757,0.0973477752812757
2022-08-03 00:00:00,2022,8,3,0,5.504375941817497,5.603050742731357,-0.0986748009138596,0.0986748009138596
2022-08-03 06:00:00,2022,8,3,6,5.97856822117472,6.054346543251206,-0.07577832207648516,0.07577832207648516
2022-08-03 12:00:00,2022,8,3,12,8.544768730920456,8.638465487592915,-0.09369675667245936,0.09369675667245936
2022-08-03 18:00:00,2022,8,3,18,5.59873261402345,5.5713074426302605,0.02742517139318945,0.02742517139318945
2022-08-04 00:00:00,2022,8,4,0,5.7131653374877525,5.491687385012577,0.22147795247517532,0.22147795247517532
2022-08-04 06:00:00,2022,8,4,6,6.062710564359215,6.058018623332841,0.00469194102637438,0.00469194102637438
2022-08-04 12:00:00,2022,8,4,12,8.22328135901872,8.081725688416082,0.14155567060263863,0.14155567060263863
2022-08-04 18:00:00,2022,8,4,18,5.652171817701581,5.662760630043561,-0.010588812341979725,0.010588812341979725
2022-08-05 00:00:00,2022,8,5,0,5.812245008164035,5.825910475341247,-0.013665467177212065,0.013665467177212065
2022-08-05 06:00:00,2022,8,5,6,6.0455755582842725,6.008577371700793,0.036998186583479864,0.036998186583479864
2022-08-05 12:00:00,2022,8,5,12,8.302204443189945,8.203967043322123,0.09823739986782165,0.09823739986782165
2022-08-05 18:00:00,2022,8,5,18,6.105908312427322,6.027594954411492,0.07831335801582995,0.07831335801582995
2022-08-06 00:00:00,2022,8,6,0,5.621830802456982,5.589856587319612,0.03197421513737009,0.03197421513737009
2022-08-06 06:00:00,2022,8,6,6,5.85792482830873,5.762097161052967,0.09582766725576253,0.09582766725576253
2022-08-06 12:00:00,2022,8,6,12,8.223906565459473,8.106810726439848,0.11709583901962439,0.11709583901962439
2022-08-06 18:00:00,2022,8,6,18,5.967593535271514,6.06403496860989,-0.09644143333837629,0.09644143333837629
2022-08-07 00:00:00,2022,8,7,0,5.995791686146517,6.034282115967306,-0.038490429820789096,0.038490429820789096
2022-08-07 06:00:00,2022,8,7,6,5.779038729884478,5.79466720333761,-0.01562847345313223,0.01562847345313223
2022-08-07 12:00:00,2022,8,7,12,8.546721034543868,8.62500963899797,-0.07828860445410157,0.07828860445410157
2022-08-07 18:00:00,2022,8,7,18,5.69806520622554,5.668157160006195,0.029908046219345508,0.029908046219345508
2022-08-08 00:00:00,2022,8,8,0,5.644337331128154,5.533450057566084,0.11088727356207073,0.11088727356207073
2022-08-08 06:00:00,2022,8,8,6,5.774346088894977,5.8535572313176925,-0.07921114242271532,0.07921114242271532
2022-08-08 12:00:00,2022,8,8,12,8.191386440318848,8.29461792521311,-0.10323148489426259,0.10323148489426259
2022-08-08 18:00:00,2022,8,8,18,6.013671376933965,5.7995404922211256,0.2141308847128398,0.2141308847128398
2022-08-09 00:00:00,2022,8,9,0,6.13754404370579,5.874355822282334,0.263188221423456,0.263188221423456
2022-08-09 06:00:00,2022,8,9,6,5.859380545296954,6.297275070412171,-0.4378945251152171,0.4378945251152171
2022-08-09 12:00:00,2022,8,9,12,8.504901136860735,8.66883987617506,-0.16393873931432523,0.16393873931432523
2022-08-09 18:00:00,2022,8,9,18,6.5072304308009175,6.24683263965411,0.26039779114680783,0.26039779114680783
2022-08-10 00:00:00,2022,8,10,0,5.5508158397978,5.56180000444917,-0.010984164651369532,0.010984164651369532
2022-08-10 06:00:00,2022,8,10,6,6.094077178274676,5.995615725950432,0.09846145232424419,0.09846145232424419
2022-08-10 12:00:00,2022,8,10,12,8.289823688665651,8.245309357841858,0.04451433082379275,0.04451433082379275
2022-08-10 18:00:00,2022,8,10,18,6.163130514261597,6.004606687086112,0.1585238271754843,0.1585238271754843
2022-08-11 00:00:00,2022,8,11,0,5.812722609259521,6.026554839218261,-0.21383222995874007,0.21383222995874007
2022-08-11 06:00:00,2022,8,11,6,5.927843833435276,5.955270090943326,-0.02742625750805061,0.02742625750805061
2022-08-11 12:00:00,2022,8,11,12,8.723809850975133,8.69882585497663,0.024983995998503872,0.024983995998503872
2022-08-11 18:00:00,2022,8,11,18,6.069495594085895,6.102502556425627,-0.03300696233973177,0.03300696233973177
2022-08-12 00:00:00,2022,8,12,0,5.976355617837623,5.772990231589633,0.20336538624798983,0.20336538624798983
2022-08-12 06:00:00,2022,8,12,6,5.7876786875996125,5.665189975265974,0.1224887123336389,0.1224887123336389
2022-08-12 12:00:00,2022,8,12,12,8.479375497908114,8.400613185126263,0.0787623127818513,0.0787623127818513
2022-08-12 18:00:00,2022,8,12,18,6.307219552513423,5.9988928818745135,0.30832667063890984,0.30832667063890984
2022-08-13 00:00:00,2022,8,13,0,6.00369578048727,6.017252635489013,-0.01355685500174264,0.01355685500174264
2022-08-13 06:00:00,2022,8,13,6,6.428052462950652,6.320693696956183,0.10735876599446925,0.10735876599446925
2022-08-13 12:00:00,2022,8,13,12,8.181164748041546,8.41125482506757,-0.23009007702602347,0.23009007702602347
2022-08-13 18:00:00,2022,8,13,18,6.043813192552615,5.804064554646054,0.23974863790656098,0.23974863790656098
2022-08-14 00:00:00,2022,8,14,0,6.066788376573938,5.74552635445247,0.32126202212146815,0.32126202212146815
2022-08-14 06:00:00,2022,8,14,6,6.229430410732605,6.153572739085741,0.07585767164686441,0.07585767164686441
2022-08-14 12:00:00,2022,8,14,12,8.572541837636354,8.740345453849404,-0.16780361621304962,0.16780361621304962
2022-08-14 18:00:00,2022,8,14,18,6.066104856015607,6.121402337176547,-0.05529748116093991,0.05529748116093991
2022-08-15 00:00:00,2022,8,15,0,5.540505606770783,5.460073409447713,0.08043219732307083,0.08043219732307083
2022-08-15 06:00:00,2022,8,15,6,6.382764371900262,6.4021547743749885,-0.019390402474726898,0.019390402474726898
2022-08-15 12:00:00,2022,8,15,12,8.482065051815585,8.580291327066508,-0.09822627525092287,0.09822627525092287
2022-08-15 18:00:00,2022,8,15,18,6.319645555100864,6.286435420349287,0.033210134751577414,0.033210134751577414
2022-08-16 00:00:00,2022,8,16,0,6.041862881472649,5.829003558235363,0.21285932323728574,0.21285932323728574
2022-08-16 06:00:00,2022,8,16,6,6.425083584335242,6.31388837096642,0.11119521336882254,0.11119521336882254
2022-08-16 12:00:00,2022,8,16,12,8.799274576704283,8.811781784314093,-0.012507207609809612,0.012507207609809612
2022-08-16 18:00:00,2022,8,16,18,6.57615684375601,6.418999684485931,0.15715715927007867,0.15715715927007867
2022-08-17 00:00:00,2022,8,17,0,5.577139738749501,5.776778749904425,-0.19963901115492355,0.19963901115492355
2022-08-17 06:00:00,2022,8,17,6,6.161936085685705,6.339407584901107,-0.17747149921540206,0.17747149921540206
2022-08-17 12:00:00,2022,8,17,12,8.650540846831396,8.844303728733209,-0.19376288190181334,0.19376288190181334
2022-08-17 18:00:00,2022,8,17,18,6.500196160261709,6.274733278440389,0.22546288182131935,0.22546288182131935
2022-08-18 00:00:00,2022,8,18,0,5.68124606535669,5.664676065669492,0.016569999687197523,0.016569999687197523
2022-08-18 06:00:00,2022,8,18,6,5.958424542747699,6.132376213280244,-0.1739516705325448,0.1739516705325448
2022-08-18 12:00:00,2022,8,18,12,8.049426527124966,8.108645199611502,-0.05921867248653534,0.05921867248653534
2022-08-18 18:00:00,2022,8,18,18,6.384566889799763,6.463870013319327,-0.07930312351956381,0.07930312351956381
2022-08-19 00:00:00,2022,8,19,0,5.7268572522949,5.889652404577213,-0.162795152282313,0.162795152282313
2022-08-19 06:00:00,2022,8,19,6,6.2752579639028125,6.270831731868985,0.004426232033827304,0.004426232033827304
2022-08-19 12:00:00,2022,8,19,12,8.841925929658418,8.70739900026352,0.13452692939489808,0.13452692939489808
2022-08-19 18:00:00,2022,8,19,18,6.493841624478821,6.3209766231563345,0.17286500132248683,0.17286500132248683
2022-08-20 00:00:00,2022,8,20,0,5.5961210376320745,5.774340460771245,-0.17821942313917027,0.17821942313917027
2022-08-20 06:00:00,2022,8,20,6,6.647303716730907,6.445132711631186,0.20217100509972052,0.20217100509972052
2022-08-20 12:00:00,2022,8,20,12,8.413700920097378,8.435177427107371,-0.02147650700999293,0.02147650700999293
2022-08-20 18:00:00,2022,8,20,18,6.149181347820818,6.21691617271148,-0.06773482489066218,0.06773482489066218
2022-08-21 00:00:00,2022,8,21,0,6.5748508275061885,6.277579512559589,0.29727131494659975,0.29727131494659975
2022-08-21 06:00:00,2022,8,21,6,6.2280240821095,6.597530367981158,-0.36950628587165824,0.36950628587165824
2022-08-21 12:00:00,2022,8,21,12,8.160809472247577,8.321724035437445,-0.16091456318986808,0.16091456318986808
2022-08-21 18:00:00,2022,8,21,18,6.816195624126804,6.523701362641156,0.29249426148564783,0.29249426148564783
2022-08-22 00:00:00,2022,8,22,0,5.483306048933455,5.573867076499867,-0.09056102756641149,0.09056102756641149
2022-08-22 06:00:00,2022,8,22,6,6.243697274429926,5.985478823455523,0.258218450974403,0.258218450974403
2022-08-22 12:00:00,2022,8,22,12,8.939875832039727,8.699776687055115,0.2400991449846117,0.2400991449846117
2022-08-22 18:00:00,2022,8,22,18,6.624575694179535,6.312854978419412,0.3117207157601234,0.3117207157601234
2022-08-23 00:00:00,2022,8,23,0,6.112135724013426,6.005186869565999,0.10694885444742752,0.10694885444742752
2022-08-23 06:00:00,2022,8,23,6,6.23332651376833,6.473219920242863,-0.2398934064745326,0.2398934064745326
2022-08-23 12:00:00,2022,8,23,12,8.616977322156034,8.66179060820969,-0.04481328605365675,0.04481328605365675
2022-08-23 18:00:00,2022,8,23,18,6.90612927289666,6.5283469945954975,0.3777822783011624,0.3777822783011624
2022-08-24 00:00:00,2022,8,24,0,6.036374990355076,6.24148242427985,-0.20510743392477426,0.20510743392477426
2022-08-24 06:00:00,2022,8,24,6,6.589199751631484,6.5011709711699455,0.0880287804615385,0.0880287804615385
2022-08-24 12:00:00,2022,8,24,12,8.152975525702928,8.30484804441092,-0.15187251870799123,0.15187251870799123
2022-08-24 18:00:00,2022,8,24,18,6.228855876723233,6.222861253347542,0.0059946233756908995,0.0059946233756908995
2022-08-25 00:00:00,2022,8,25,0,6.01025873055725,6.071109772206937,-0.06085104164968769,0.06085104164968769
2022-08-25 06:00:00,2022,8,25,6,6.128260697644662,6.124076080243933,0.004184617400729174,0.004184617400729174
2022-08-25 12:00:00,2022,8,25,12,8.565756184470498,8.926595192448538,-0.3608390079780399,0.3608390079780399
2022-08-25 18:00:00,2022,8,25,18,5.968682666407118,6.338503606951011,-0.36982094054389236,0.36982094054389236
2022-08-26 00:00:00,2022,8,26,0,6.303673977524564,6.097367934673316,0.20630604285124843,0.20630604285124843
2022-08-26 06:00:00,2022,8,26,6,6.214236587853014,6.327331433765349,-0.1130948459123351,0.1130948459123351
2022-08-26 12:00:00,2022,8,26,12,8.641701473286822,8.350909199659087,0.2907922736277353,0.2907922736277353
2022-08-26 18:00:00,2022,8,26,18,6.199399889510081,6.079601230807974,0.11979865870210737,0.11979865870210737
2022-08-27 00:00:00,2022,8,27,0,6.37604073921911,6.235225746216312,0.14081499300279798,0.14081499300279798
2022-08-27 06:00:00,2022,8,27,6,5.8763539902928,6.110811172361032,-0.2344571820682324,0.2344571820682324
2022-08-27 12:00:00,2022,8,27,12,8.461515168906997,8.404300674127262,0.0572144947797355,0.0572144947797355
2022-08-27 18:00:00,2022,8,27,18,6.47400418073804,6.463732153352897,0.010272027385143545,0.010272027385143545
2022-08-28 00:00:00,2022,8,28,0,5.941446899488129,5.878363776011409,0.06308312347672018,0.06308312347672018
2022-08-28 06:00:00,2022,8,28,6,6.509589768499925,6.377337310894463,0.13225245760546223,0.13225245760546223
2022-08-28 12:00:00,2022,8,28,12,8.370951169089121,8.311693438925767,0.05925773016335434,0.05925773016335434
2022-08-28 18:00:00,2022,8,28,18,6.1857373150806,6.180475028681704,0.005262286398896698,0.005262286398896698
2022-08-29 00:00:00,2022,8,29,0,6.14038572768906,5.787810922341643,0.3525748053474169,0.3525748053474169
2022-08-29 06:00:00,2022,8,29,6,5.876733191044888,5.974237187041228,-0.09750399599634019,0.09750399599634019
2022-08-29 12:00:00,2022,8,29,12,8.787878020117917,8.716091996233958,0.07178602388395916,0.07178602388395916
2022-08-29 18:00:00,2022,8,29,18,6.023882350065155,6.14848328197543,-0.12460093191027521,0.12460093191027521
2022-08-30 00:00:00,2022,8,30,0,5.777168189301989,6.090061123057168,-0.31289293375517957,0.31289293375517957
2022-08-30 06:00:00,2022,8,30,6,6.426251480264161,6.397881079765999,0.02837040049816153,0.02837040049816153
2022-08-30 12:00:00,2022,8,30,12,8.519662160511054,8.308465616460538,0.2111965440505159,0.2111965440505159
2022-08-30 18:00:00,2022,8,30,18,6.24091219502904,6.180715959644618,0.06019623538442165,0.06019623538442165
2022-08-31 00:00:00,2022,8,31,0,5.750589769226098,5.950502882824135,-0.1999131135980372,0.1999131135980372
2022-08-31 06:00:00,2022,8,31,6,6.178720450171138,6.1234792035877135,0.05524124658342444,0.05524124658342444
2022-08-31 12:00:00,2022,8,31,12,8.601418653271368,8.548990433464809,0.05242821980655954,0.05242821980655954
2022-08-31 18:00:00,2022,8,31,18,5.926091332173252,6.053548694446673,-0.12745736227342075,0.12745736227342075
2022-09-01 00:00:00,2022,9,1,0,5.7651173012261765,5.83275090778447,-0.0676336065582932,0.0676336065582932
2022-09-01 06:00:00,2022,9,1,6,6.285849984910585,6.227721378599632,0.05812860631095251,0.05812860631095251
2022-09-01 12:00:00,2022,9,1,12,8.453399596837013,8.661952249417741,-0.2085526525807282,0.2085526525807282
2022-09-01 18:00:00,2022,9,1,18,6.5298588033990095,6.40211785073159,0.1277409526674198,0.1277409526674198
2022-09-02 00:00:00,2022,9,2,0,6.182308583679622,6.139354488301855,0.042954095377766954,0.042954095377766954
2022-09-02 06:00:00,2022,9,2,6,6.09408185877517,6.240498526551353,-0.14641666777618312,0.14641666777618312
2022-09-02 12:00:00,2022,9,2,12,8.200322246876913,8.339645492159637,-0.1393232452827231,0.1393232452827231
2022-09-02 18:00:00,2022,9,2,18,6.440275844665523,6.436013873238658,0.004261971426864797,0.004261971426864797
2022-09-03 00:00:00,2022,9,3,0,5.569892821362663,5.632090096392512,-0.06219727502984895,0.06219727502984895
2022-09-03 06:00:00,2022,9,3,6,6.469145074522296,6.296036873701693,0.17310820082060285,0.17310820082060285
2022-09-03 12:00:00,2022,9,3,12,8.108785318711783,8.020493562592513,0.0882917561192702,0.0882917561192702
2022-09-03 18:00:00,2022,9,3,18,6.298373127530659,6.228335512976017,0.07003761455464197,0.07003761455464197
2022-09-04 00:00:00,2022,9,4,0,5.766484778688559,5.760444179610262,0.006040599078296793,0.006040599078296793
2022-09-04 06:00:00,2022,9,4,6,5.651217178394371,5.730737545202286,-0.07952036680791519,0.07952036680791519
2022-09-04 12:00:00,2022,9,4,12,8.120950285818349,8.299641140051227,-0.17869085423287778,0.17869085423287778
2022-09-04 18:00:00,2022,9,4,18,5.867930992386477,5.933379066699044,-0.06544807431256672,0.06544807431256672
2022-09-05 00:00:00,2022,9,5,0,5.879734961030801,5.675064278563155,0.20467068246764608,0.20467068246764608
2022-09-05 06:00:00,2022,9,5,6,5.978158465096163,6.0306595101231295,-0.05250104502696651,0.05250104502696651
2022-09-05 12:00:00,2022,9,5,12,7.989369325216374,8.470809283571192,-0.48143995835481856,0.48143995835481856
2022-09-05 18:00:00,2022,9,5,18,6.462773047509566,6.364476079911308,0.09829696759825879,0.09829696759825879
2022-09-06 00:00:00,2022,9,6,0,5.678005901240557,5.813354686817899,-0.1353487855773423,0.1353487855773423
2022-09-06 06:00:00,2022,9,6,6,5.765755792082762,5.918787021517533,-0.1530312294347711,0.1530312294347711
2022-09-06 12:00:00,2022,9,6,12,8.382549319707996,8.460531162739777,-0.07798184303178068,0.07798184303178068
2022-09-06 18:00:00,2022,9,6,18,6.0407918362829,6.108049155788661,-0.06725731950576108,0.06725731950576108
2022-09-07 00:00:00,2022,9,7,0,5.692066751642727,5.848102784309463,-0.15603603266673538,0.15603603266673538
2022-09-07 06:00:00,2022,9,7,6,5.727614944353217,5.872945195099771,-0.1453302507465537,0.1453302507465537
2022-09-07 12:00:00,2022,9,7,12,8.081374805983282,8.271465442307196,-0.1900906363239141,0.1900906363239141
2022-09-07 18:00:00,2022,9,7,18,5.566975786663964,5.806425204525567,-0.23944941786160268,0.23944941786160268
2022-09-08 00:00:00,2022,9,8,0,5.610875561567808,5.442186236535774,0.1686893250320347,0.1686893250320347
2022-09-08 06:00:00,2022,9,8,6,6.426768500084452,6.290260859614832,0.13650764046962038,0.13650764046962038
2022-09-08 12:00:00,2022,9,8,12,8.071626218919647,8.10451434808611,-0.03288812916646222,0.03288812916646222
2022-09-08 18:00:00,2022,9,8,18,5.835051206761524,5.887125411384122,-0.052074204622597264,0.052074204622597264
2022-09-09 00:00:00,2022,9,9,0,5.60358917810173,5.574391441125022,0.029197736976708022,0.029197736976708022
2022-09-09 06:00:00,2022,9,9,6,5.956895267170325,5.856975651777115,0.09991961539321004,0.09991961539321004
2022-09-09 12:00:00,2022,9,9,12,8.228722583422659,8.485087085462908,-0.25636450204024896,0.25636450204024896
2022-09-09 18:00:00,2022,9,9,18,6.07045367494126,6.107525395682212,-0.03707172074095233,0.03707172074095233
2022-09-10 00:00:00,2022,9,10,0,5.517081140816253,5.582718748377724,-0.06563760756147108,0.06563760756147108
2022-09-10 06:00:00,2022,9,10,6,6.247347754773008,6.162152426409812,0.08519532836319588,0.08519532836319588
2022-09-10 12:00:00,2022,9,10,12,7.904198272982784,8.268394723348521,-0.36419645036573733,0.36419645036573733
2022-09-10 18:00:00,2022,9,10,18,6.087724860976526,6.077316401967401,0.010408459009124904,0.010408459009124904
2022-09-11 00:00:00,2022,9,11,0,5.90027720977406,5.859740881733926,0.04053632804013407,0.04053632804013407
2022-09-11 06:00:00,2022,9,11,6,5.885690032586468,6.087175142013531,-0.20148510942706288,0.20148510942706288
2022-09-11 12:00:00,2022,9,11,12,8.260663874070373,8.023667646893777,0.2369962271765953,0.2369962271765953
2022-09-11 18:00:00,2022,9,11,18,5.954607623928759,6.126610443008308,-0.17200281907954906,0.17200281907954906
2022-09-12 00:00:00,2022,9,12,0,5.199249735131655,5.243783847899492,-0.044534112767836476,0.044534112767836476
2022-09-12 06:00:00,2022,9,12,6,6.246094122337073,6.178584566730623,0.06750955560645,0.06750955560645
2022-09-12 12:00:00,2022,9,12,12,7.825347283237306,7.8340504056569475,-0.008703122419641218,0.008703122419641218
2022-09-12 18:00:00,2022,9,12,18,6.075474097448591,5.910717332180182,0.1647567652684092,0.1647567652684092
2022-09-13 00:00:00,2022,9,13,0,5.828713987112546,5.867707811074381,-0.03899382396183526,0.03899382396183526
2022-09-13 06:00:00,2022,9,13,6,6.249893261661874,6.304926713607452,-0.055033451945578626,0.055033451945578626
2022-09-13 12:00:00,2022,9,13,12,7.876546160272445,8.03665922738366,-0.1601130671112152,0.1601130671112152
2022-09-13 18:00:00,2022,9,13,18,6.245578424772398,6.026439503529331,0.21913892124306678,0.21913892124306678
2022-09-14 00:00:00,2022,9,14,0,5.071156938663987,5.2700257189928,-0.19886878032881317,0.19886878032881317
2022-09-14 06:00:00,2022,9,14,6,5.951002422241739,5.947425603946249,0.0035768182954898364,0.0035768182954898364
2022-09-14 12:00:00,2022,9,14,12,7.614621606672759,7.930736507403316,-0.3161149007305575,0.3161149007305575
2022-09-14 18:00:00,2022,9,14,18,5.992324957338511,5.901735071220167,0.09058988611834362,0.09058988611834362
2022-09-15 00:00:00,2022,9,15,0,5.732914866136748,5.783154449371905,-0.05023958323515654,0.05023958323515654
2022-09-15 06:00:00,2022,9,15,6,5.68769542141447,5.780245524759089,-0.09255010334461922,0.09255010334461922
2022-09-15 12:00:00,2022,9,15,12,8.408953624165312,8.57884007954692,-0.16988645538160796,0.16988645538160796
2022-09-15 18:00:00,2022,9,15,18,5.579322802840825,5.737515743782627,-0.15819294094180147,0.15819294094180147
2022-09-16 00:00:00,2022,9,16,0,5.362867901500756,5.342431784272129,0.020436117228626927,0.020436117228626927
2022-09-16 06:00:00,2022,9,16,6,6.323891440278372,6.205433378519145,0.11845806175922657,0.11845806175922657
2022-09-16 12:00:00,2022,9,16,12,7.971242492048778,7.909575312320703,0.061667179728075006,0.061667179728075006
2022-09-16 18:00:00,2022,9,16,18,5.450624786163307,5.471120743726053,-0.020495957562745915,0.020495957562745915
2022-09-17 00:00:00,2022,9,17,0,5.190033107079628,5.195516949394506,-0.0054838423148773074,0.0054838423148773074
2022-09-17 06:00:00,2022,9,17,6,6.263047407519739,6.012603141843355,0.2504442656763839,0.2504442656763839
2022-09-17 12:00:00,2022,9,17,12,8.224150606197426,8.372469949493048,-0.14831934329562202,0.14831934329562202
2022-09-17 18:00:00,2022,9,17,18,5.726224119612016,5.766803383500049,-0.040579263888033346,0.040579263888033346
2022-09-18 00:00:00,2022,9,18,0,5.397419458019092,5.508748566677077,-0.1113291086579844,0.1113291086579844
2022-09-18 06:00:00,2022,9,18,6,5.962636250544029,6.054859641393564,-0.09222339084953468,0.09222339084953468
2022-09-18 12:00:00,2022,9,18,12,7.866633895052881,8.280317152347177,-0.4136832572942959,0.4136832572942959
2022-09-18 18:00:00,2022,9,18,18,5.816664044313006,5.923785128372926,-0.10712108405992016,0.10712108405992016
2022-09-19 00:00:00,2022,9,19,0,5.598778911777373,5.520199250432565,0.07857966134480776,0.07857966134480776
2022-09-19 06:00:00,2022,9,19,6,5.501103703837294,5.747448279522679,-0.24634457568538526,0.24634457568538526
2022-09-19 12:00:00,2022,9,19,12,7.944092018075676,7.924181147659558,0.019910870416118165,0.019910870416118165
2022-09-19 18:00:00,2022,9,19,18,5.448549067182873,5.781258341913067,-0.3327092747301936,0.3327092747301936
2022-09-20 00:00:00,2022,9,20,0,5.856727262011928,5.730050561650585,0.12667670036134293,0.12667670036134293
2022-09-20 06:00:00,2022,9,20,6,6.296543872203252,5.954710950346402,0.34183292185684966,0.34183292185684966
2022-09-20 12:00:00,2022,9,20,12,7.76794184102582,7.81608109498491,-0.048139253959090134,0.048139253959090134
2022-09-20 18:00:00,2022,9,20,18,6.034514112366358,5.998159323868184,0.03635478849817364,0.03635478849817364
2022-09-21 00:00:00,2022,9,21,0,5.503179730466689,5.363612338937617,0.13956739152907183,0.13956739152907183
2022-09-21 06:00:00,2022,9,21,6,5.770917700769793,5.794797132788143,-0.023879432018349966,0.023879432018349966
2022-09-21 12:00:00,2022,9,21,12,7.298838544169558,7.618014525990351,-0.3191759818207931,0.3191759818207931
2022-09-21 18:00:00,2022,9,21,18,5.550049141311435,5.555646497661331,-0.00559735634989611,0.00559735634989611
2022-09-22 00:00:00,2022,9,22,0,5.321304512769722,5.284802217090396,0.03650229567932595,0.03650229567932595
2022-09-22 06:00:00,2022,9,22,6,5.917531690890273,5.968610433921026,-0.05107874303075288,0.05107874303075288
2022-09-22 12:00:00,2022,9,22,12,8.119190230083731,7.754763224537625,0.36442700554610674,0.36442700554610674
2022-09-22 18:00:00,2022,9,22,18,5.717211895841502,5.7150808061553136,0.002131089686188581,0.002131089686188581
2022-09-23 00:00:00,2022,9,23,0,5.93698549316945,5.849115818679237,0.08786967449021343,0.08786967449021343
2022-09-23 06:00:00,2022,9,23,6,5.490570613418247,5.5876787046497345,-0.09710809123148767,0.09710809123148767
2022-09-23 12:00:00,2022,9,23,12,6.988409474840185,7.4836139361631036,-0.49520446132291873,0.49520446132291873
2022-09-23 18:00:00,2022,9,23,18,5.531189095800236,5.662650251900542,-0.13146115610030673,0.13146115610030673
2022-09-24 00:00:00,2022,9,24,0,5.779283711189307,5.691032773074766,0.0882509381145411,0.0882509381145411
2022-09-24 06:00:00,2022,9,24,6,5.925420557361891,5.918953129988345,0.0064674273735461085,0.0064674273735461085
2022-09-24 12:00:00,2022,9,24,12,7.636238146612603,7.790768411358161,-0.1545302647455582,0.1545302647455582
2022-09-24 18:00:00,2022,9,24,18,6.115312646036681,5.936725044938552,0.17858760109812977,0.17858760109812977
2022-09-25 00:00:00,2022,9,25,0,5.783292870132519,5.793498061205875,-0.01020519107335538,0.01020519107335538
2022-09-25 06:00:00,2022,9,25,6,5.7364265410847,5.861640383317576,-0.1252138422328759,0.1252138422328759
2022-09-25 12:00:00,2022,9,25,12,7.944735960368114,8.022788184426243,-0.07805222405812984,0.07805222405812984
2022-09-25 18:00:00,2022,9,25,18,5.572595850819318,5.59634610744776,-0.023750256628441768,0.023750256628441768
2022-09-26 00:00:00,2022,9,26,0,5.444882281383283,5.366336562823694,0.0785457185595888,0.0785457185595888
2022-09-26 06:00:00,2022,9,26,6,5.766979718187495,5.531905530590663,0.2350741875968323,0.2350741875968323
2022-09-26 12:00:00,2022,9,26,12,7.878387523731562,7.970699384962493,-0.0923118612309306,0.0923118612309306
2022-09-26 18:00:00,2022,9,26,18,5.494946985531015,5.6420893197931115,-0.14714233426209677,0.14714233426209677
2022-09-27 00:00:00,2022,9,27,0,5.572488518794628,5.427794989343066,0.1446935294515619,0.1446935294515619
2022-09-27 06:00:00,2022,9,27,6,5.606440869464132,5.632769933174431,-0.02632906371029886,0.02632906371029886
2022-09-27 12:00:00,2022,9,27,12,7.90867336726272,7.9396032480666845,-0.030929880803964416,0.030929880803964416
2022-09-27 18:00:00,2022,9,27,18,5.703045246229186,5.824415276127477,-0.12137002989829071,0.12137002989829071
2022-09-28 00:00:00,2022,9,28,0,5.757967787744354,5.678458347295317,0.07950944044903707,0.07950944044903707
2022-09-28 06:00:00,2022,9,28,6,5.5159760963657565,5.720876912058483,-0.2049008156927261,0.2049008156927261
2022-09-28 12:00:00,2022,9,28,12,7.708324945186455,7.6730516040271795,0.03527334115927516,0.03527334115927516
2022-09-28 18:00:00,2022,9,28,18,4.944026960162958,5.341499522805026,-0.39747256264206765,0.39747256264206765
2022-09-29 00:00:00,2022,9,29,0,5.437500440160852,5.390230381750619,0.04727005841023235,0.04727005841023235
2022-09-29 06:00:00,2022,9,29,6,5.751860884397556,5.64150430070454,0.11035658369301604,0.11035658369301604
2022-09-29 12:00:00,2022,9,29,12,7.798700271088495,7.654953679709494,0.14374659137900103,0.14374659137900103
2022-09-29 18:00:00,2022,9,29,18,5.788325382271939,5.79636978583245,-0.00804440356051117,0.00804440356051117
2022-09-30 00:00:00,2022,9,30,0,5.533808340303229,5.62981911961693,-0.09601077931370128,0.09601077931370128
2022-09-30 06:00:00,2022,9,30,6,5.685746948399102,5.8288156074047714,-0.14306865900566912,0.14306865900566912
2022-09-30 12:00:00,2022,9,30,12,7.513999140826026,7.539482553675206,-0.025483412849180098,0.025483412849180098
2022-09-30 18:00:00,2022,9,30,18,5.656710908251008,5.631764986673815,0.024945921577192998,0.024945921577192998
2022-10-01 00:00:00,2022,10,1,0,5.459503347351339,5.44035910339831,0.019144243953028273,0.019144243953028273
2022-10-01 06:00:00,2022,10,1,6,5.887132778126662,5.659992701646507,0.227140076480155,0.227140076480155
2022-10-01 12:00:00,2022,10,1,12,7.616050015071199,8.037794655562776,-0.42174464049157656,0.42174464049157656
2022-10-01 18:00:00,2022,10,1,18,6.004926890563149,6.082705493586364,-0.07777860302321482,0.07777860302321482
2022-10-02 00:00:00,2022,10,2,0,5.197889908911407,5.3173170144291575,-0.11942710551775093,0.11942710551775093
2022-10-02 06:00:00,2022,10,2,6,5.472752242341843,5.8293179548269,-0.35656571248505653,0.35656571248505653
2022-10-02 12:00:00,2022,10,2,12,8.095551274227072,8.03568209138891,0.05986918283816145,0.05986918283816145
2022-10-02 18:00:00,2022,10,2,18,5.715727732670769,5.573308894940931,0.14241883772983766,0.14241883772983766
2022-10-03 00:00:00,2022,10,3,0,5.777645234357245,5.557385130373768,0.2202601039834775,0.2202601039834775
2022-10-03 06:00:00,2022,10,3,6,5.540694175106289,5.682234159416716,-0.1415399843104268,0.1415399843104268
2022-10-03 12:00:00,2022,10,3,12,7.162454953003435,7.469234344430166,-0.3067793914267316,0.3067793914267316
2022-10-03 18:00:00,2022,10,3,18,5.661599314211956,5.564551322704871,0.09704799150708521,0.09704799150708521
2022-10-04 00:00:00,2022,10,4,0,5.2349543949904485,5.350454928759838,-0.11550053376938951,0.11550053376938951
2022-10-04 06:00:00,2022,10,4,6,5.926381187437425,5.927762198721295,-0.0013810112838701372,0.0013810112838701372
2022-10-04 12:00:00,2022,10,4,12,7.807016864410604,7.558746284771236,0.24827057963936827,0.24827057963936827
2022-10-04 18:00:00,2022,10,4,18,5.81677215223473,5.802913670377595,0.013858481857134564,0.013858481857134564
2022-10-05 00:00:00,2022,10,5,0,5.511017651107706,5.370751595929081,0.14026605517862567,0.14026605517862567
2022-10-05 06:00:00,2022,10,5,6,6.149019529688169,5.9579605469710755,0.19105898271709343,0.19105898271709343
2022-10-05 12:00:00,2022,10,5,12,7.199980080996607,7.4128860308222855,-0.21290594982567868,0.21290594982567868
2022-10-05 18:00:00,2022,10,5,18,5.673484346375292,5.764440894789001,-0.09095654841370848,0.09095654841370848
2022-10-06 00:00:00,2022,10,6,0,5.443471690180485,5.2560027344558,0.18746895572468514,0.18746895572468514
2022-10-06 06:00:00,2022,10,6,6,5.784483718252512,5.863871432115741,-0.07938771386322863,0.07938771386322863
2022-10-06 12:00:00,2022,10,6,12,7.453503796151647,7.543104463878202,-0.08960066772655484,0.08960066772655484
2022-10-06 18:00:00,2022,10,6,18,5.939218254526821,5.9559969525149,-0.016778697988078406,0.016778697988078406
2022-10-07 00:00:00,2022,10,7,0,5.157283197269182,5.211600724145085,-0.05431752687590308,0.05431752687590308
2022-10-07 06:00:00,2022,10,7,6,5.884175687174159,5.867625553388665,0.016550133785494303,0.016550133785494303
2022-10-07 12:00:00,2022,10,7,12,7.519901003201653,7.522844647842843,-0.002943644641189458,0.002943644641189458
2022-10-07 18:00:00,2022,10,7,18,5.664906529066362,5.590132562689138,0.074773966377224,0.074773966377224
2022-10-08 00:00:00,2022,10,8,0,5.548890489531855,5.377716446588739,0.17117404294311633,0.17117404294311633
2022-10-08 06:00:00,2022,10,8,6,5.509263225818703,5.678313955827435,-0.16905073000873205,0.16905073000873205
2022-10-08 12:00:00,2022,10,8,12,7.792995315004038,7.6145450745135825,0.17845024049045577,0.17845024049045577
2022-10-08 18:00:00,2022,10,8,18,5.389982510247799,5.46035832632972,-0.07037581608192056,0.07037581608192056
2022-10-09 00:00:00,2022,10,9,0,5.712285800640089,5.683054576656843,0.029231223983245513,0.029231223983245513
2022-10-09 06:00:00,2022,10,9,6,5.68598526330357,5.8829721295763715,-0.19698686627280182,0.19698686627280182
2022-10-09 12:00:00,2022,10,9,12,8.081177765908402,8.025620442384541,0.05555732352386045,0.05555732352386045
2022-10-09 18:00:00,2022,10,9,18,5.962866885723301,5.882828536024788,0.08003834969851287,0.08003834969851287
2022-10-10 00:00:00,2022,10,10,0,5.486274012236717,5.460871556164657,0.02540245607206071,0.02540245607206071
2022-10-10 06:00:00,2022,10,10,6,6.204792428608671,6.069780613713065,0.13501181489560565,0.13501181489560565
2022-10-10 12:00:00,2022,10,10,12,7.827314310727012,8.090964900013562,-0.2636505892865504,0.2636505892865504
2022-10-10 18:00:00,2022,10,10,18,5.783428663410735,5.781213676576208,0.002214986834527366,0.002214986834527366
2022-10-11 00:00:00,2022,10,11,0,5.803064468347494,5.371412665207305,0.43165180314018947,0.43165180314018947
2022-10-11 06:00:00,2022,10,11,6,5.52917059584846,5.4942269591567845,0.03494363669167555,0.03494363669167555
2022-10-11 12:00:00,2022,10,11,12,7.702496359290103,7.519523617091226,0.18297274219887694,0.18297274219887694
2022-10-11 18:00:00,2022,10,11,18,5.7550658580177005,5.938550177307611,-0.18348431928991005,0.18348431928991005
2022-10-12 00:00:00,2022,10,12,0,5.953541247366338,5.6947543996767305,0.25878684768960714,0.25878684768960714
2022-10-12 06:00:00,2022,10,12,6,5.584439889218649,5.831735046088651,-0.24729515687000259,0.24729515687000259
2022-10-12 12:00:00,2022,10,12,12,7.860014432886685,8.024396054110957,-0.1643816212242717,0.1643816212242717
2022-10-12 18:00:00,2022,10,12,18,5.389743224399525,5.335122215540446,0.054621008859078835,0.054621008859078835
2022-10-13 00:00:00,2022,10,13,0,5.0969934196180136,5.252376437123431,-0.15538301750541716,0.15538301750541716
2022-10-13 06:00:00,2022,10,13,6,5.871560322173942,5.886401915602927,-0.014841593428984723,0.014841593428984723
2022-10-13 12:00:00,2022,10,13,12,7.465488057563656,7.651375267347904,-0.1858872097842479,0.1858872097842479
2022-10-13 18:00:00,2022,10,13,18,6.072267178964476,6.083901542027005,-0.011634363062528408,0.011634363062528408
2022-10-14 00:00:00,2022,10,14,0,5.343652501769888,5.3264543251881005,0.017198176581787905,0.017198176581787905
2022-10-14 06:00:00,2022,10,14,6,6.034574266067211,6.045573232652279,-0.010998966585067826,0.010998966585067826
2022-10-14 12:00:00,2022,10,14,12,8.127380405968239,7.743011438227347,0.38436896774089213,0.38436896774089213
2022-10-14 18:00:00,2022,10,14,18,5.717319096178327,5.840305170772612,-0.12298607459428457,0.12298607459428457
2022-10-15 00:00:00,2022,10,15,0,5.542982028133935,5.480064200189125,0.06291782794480927,0.06291782794480927
2022-10-15 06:00:00,2022,10,15,6,5.318335043592192,5.433799927728119,-0.11546488413592648,0.11546488413592648
2022-10-15 12:00:00,2022,10,15,12,7.921871561584091,8.068593362590779,-0.14672180100668797,0.14672180100668797
2022-10-15 18:00:00,2022,10,15,18,6.08737542496394,6.031048862219841,0.05632656274409964,0.05632656274409964
2022-10-16 00:00:00,2022,10,16,0,5.1096183085138325,5.357711156657039,-0.2480928481432061,0.2480928481432061
2022-10-16 06:00:00,2022,10,16,6,5.386236326351785,5.565064993093459,-0.17882866674167364,0.17882866674167364
2022-10-16 12:00:00,2022,10,16,12,7.981953332086746,7.996937337223784,-0.01498400513703757,0.01498400513703757
2022-10-16 18:00:00,2022,10,16,18,5.823699587553998,5.962967155680868,-0.13926756812687024,0.13926756812687024
2022-10-17 00:00:00,2022,10,17,0,5.411422271720871,5.216918098222233,0.1945041734986379,0.1945041734986379
2022-10-17 06:00:00,2022,10,17,6,5.5034550817367975,5.453543969426784,0.04991111231001355,0.04991111231001355
2022-10-17 12:00:00,2022,10,17,12,7.702172506450871,7.49966743022954,0.20250507622133096,0.20250507622133096
2022-10-17 18:00:00,2022,10,17,18,5.383083413091361,5.47095489798806,-0.0878714848966986,0.0878714848966986
2022-10-18 00:00:00,2022,10,18,0,5.404306329219964,5.498799427510558,-0.09449309829059338,0.09449309829059338
2022-10-18 06:00:00,2022,10,18,6,5.79690543579009,5.744485045705034,0.05242039008505639,0.05242039008505639
2022-10-18 12:00:00,2022,10,18,12,8.0109972168944,7.799440855988638,0.2115563609057629,0.2115563609057629
2022-10-18 18:00:00,2022,10,18,18,5.815273522660293,5.600401497414738,0.2148720252455556,0.2148720252455556
2022-10-19 00:00:00,2022,10,19,0,5.94716816269513,5.749081094311668,0.19808706838346168,0.19808706838346168
2022-10-19 06:00:00,2022,10,19,6,5.911741903127882,5.876458083116951,0.03528382001093089,0.03528382001093089
2022-10-19 12:00:00,2022,10,19,12,7.841177577174131,7.6197865198525525,0.22139105732157827,0.22139105732157827
2022-10-19 18:00:00,2022,10,19,18,5.752429476327359,5.683173147185622,0.06925632914173718,0.06925632914173718
2022-10-20 00:00:00,2022,10,20,0,5.1013736726414285,5.210206355981513,-0.10883268334008456,0.10883268334008456
2022-10-20 06:00:00,2022,10,20,6,5.508674221681488,5.605720013448036,-0.09704579176654793,0.09704579176654793
2022-10-20 12:00:00,2022,10,20,12,7.724804322615675,7.620000118233633,0.10480420438204252,0.10480420438204252
2022-10-20 18:00:00,2022,10,20,18,5.423637141518157,5.449291656616466,-0.025654515098309183,0.025654515098309183
2022-10-21 00:00:00,2022,10,21,0,5.503072588859215,5.563464573064416,-0.06039198420520098,0.06039198420520098
2022-10-21 06:00:00,2022,10,21,6,5.465123502456542,5.787882856404279,-0.32275935394773647,0.32275935394773647
2022-10-21 12:00:00,2022,10,21,12,7.811224345733875,7.643560913682433,0.16766343205144185,0.16766343205144185
2022-10-21 18:00:00,2022,10,21,18,5.6171440791093366,5.619688175802177,-0.002544096692840725,0.002544096692840725
2022-10-22 00:00:00,2022,10,22,0,5.733058927829235,5.403693685899152,0.3293652419300832,0.3293652419300832
2022-10-22 06:00:00,2022,10,22,6,5.74332506305902,6.188362539965221,-0.4450374769062009,0.4450374769062009
2022-10-22 12:00:00,2022,10,22,12,7.682238471313387,7.415214414849205,0.2670240564641819,0.2670240564641819
2022-10-22 18:00:00,2022,10,22,18,5.598682111816943,5.55065037793549,0.04803173388145332,0.04803173388145332
2022-10-23 00:00:00,2022,10,23,0,5.566025569286215,5.4897984736823595,0.07622709560385577,0.07622709560385577
2022-10-23 06:00:00,2022,10,23,6,6.280603189703983,6.0720687634350705,0.20853442626891283,0.20853442626891283
2022-10-23 12:00:00,2022,10,23,12,7.887630713541418,7.812781952253733,0.0748487612876847,0.0748487612876847
2022-10-23 18:00:00,2022,10,23,18,5.808917983295099,6.039420721879135,-0.23050273858403614,0.23050273858403614
2022-10-24 00:00:00,2022,10,24,0,5.968641992628471,5.681784162646418,0.2868578299820532,0.2868578299820532
2022-10-24 06:00:00,2022,10,24,6,5.524865838944085,5.64270393203315,-0.11783809308906523,0.11783809308906523
2022-10-24 12:00:00,2022,10,24,12,7.6258425312589795,7.579639987018928,0.046202544240051324,0.046202544240051324
2022-10-24 18:00:00,2022,10,24,18,5.808569640033273,6.120712010956176,-0.31214237092290276,0.31214237092290276
2022-10-25 00:00:00,2022,10,25,0,5.57056915530695,5.531975758787275,0.038593396519675416,0.038593396519675416
2022-10-25 06:00:00,2022,10,25,6,6.247610455611134,6.12271101462114,0.12489944098999395,0.12489944098999395
2022-10-25 12:00:00,2022,10,25,12,7.460444895192247,7.4385542203532875,0.02189067483895979,0.02189067483895979
2022-10-25 18:00:00,2022,10,25,18,5.682470241316492,5.716337279159334,-0.03386703784284251,0.03386703784284251
2022-10-26 00:00:00,2022,10,26,0,5.301290139271946,5.567138347273107,-0.26584820800116127,0.26584820800116127
2022-10-26 06:00:00,2022,10,26,6,6.146820041708989,6.02952953102118,0.11729051068780905,0.11729051068780905
2022-10-26 12:00:00,2022,10,26,12,7.647327484506229,7.527371212552768,0.11995627195346081,0.11995627195346081
2022-10-26 18:00:00,2022,10,26,18,5.508311796530695,5.599383538717968,-0.09107174218727287,0.09107174218727287
2022-10-27 00:00:00,2022,10,27,0,5.893556557311177,5.548975551293874,0.3445810060173029,0.3445810060173029
2022-10-27 06:00:00,2022,10,27,6,5.966339006215844,5.786545097718646,0.17979390849719845,0.17979390849719845
2022-10-27 12:00:00,2022,10,27,12,8.175296230504504,7.977888863409292,0.19740736709521212,0.19740736709521212
2022-10-27 18:00:00,2022,10,27,18,5.865890419198983,5.7993031190423725,0.06658730015661085,0.06658730015661085
2022-10-28 00:00:00,2022,10,28,0,5.467616812915141,5.361139090157185,0.10647772275795564,0.10647772275795564
2022-10-28 06:00:00,2022,10,28,6,6.037343012257328,5.950413114346701,0.08692989791062722,0.08692989791062722
2022-10-28 12:00:00,2022,10,28,12,7.657959142166767,7.584313144111704,0.07364599805506344,0.07364599805506344
2022-10-28 18:00:00,2022,10,28,18,5.498446727187307,5.760233661702589,-0.2617869345152819,0.2617869345152819
2022-10-29 00:00:00,2022,10,29,0,5.292528960407253,5.247895881778741,0.044633078628511846,0.044633078628511846
2022-10-29 06:00:00,2022,10,29,6,5.613199163531788,5.759342925122438,-0.14614376159065046,0.14614376159065046
2022-10-29 12:00:00,2022,10,29,12,7.113659286599454,7.49766785934156,-0.38400857274210676,0.38400857274210676
2022-10-29 18:00:00,2022,10,29,18,6.192029488270538,6.005140306761183,0.18688918150935496,0.18688918150935496
2022-10-30 00:00:00,2022,10,30,0,5.778633823502353,5.758266784246786,0.020367039255567043,0.020367039255567043
2022-10-30 06:00:00,2022,10,30,6,5.533752100358517,5.7062675364329065,-0.17251543607438968,0.17251543607438968
2022-10-30 12:00:00,2022,10,30,12,7.45816076309932,7.604194161397063,-0.1460333982977433,0.1460333982977433
2022-10-30 18:00:00,2022,10,30,18,5.8147547688729615,5.822737709834672,-0.007982940961710483,0.007982940961710483
2022-10-31 00:00:00,2022,10,31,0,5.6990236609694325,5.445282788212083,0.2537408727573496,0.2537408727573496
2022-10-31 06:00:00,2022,10,31,6,6.711868694778454,6.443040825746546,0.2688278690319086,0.2688278690319086
2022-10-31 12:00:00,2022,10,31,12,7.847885914481867,7.800812936039643,0.047072978442224134,0.047072978442224134
2022-10-31 18:00:00,2022,10,31,18,6.273843792655589,6.034368513005926,0.2394752796496622,0.2394752796496622
2022-11-01 00:00:00,2022,11,1,0,5.428501742420669,5.5174859710950575,-0.08898422867438871,0.08898422867438871
2022-11-01 06:00:00,2022,11,1,6,5.555454586579111,5.791800444444472,-0.236345857865361,0.236345857865361
2022-11-01 12:00:00,2022,11,1,12,8.101434514659186,8.108624848283384,-0.007190333624198075,0.007190333624198075
2022-11-01 18:00:00,2022,11,1,18,6.057996350712498,6.318844394231537,-0.26084804351903834,0.26084804351903834
2022-11-02 00:00:00,2022,11,2,0,5.862116958617943,5.778090522816891,0.08402643580105185,0.08402643580105185
2022-11-02 06:00:00,2022,11,2,6,6.101314140316541,6.111061910793945,-0.009747770477403606,0.009747770477403606
2022-11-02 12:00:00,2022,11,2,12,8.280985501932172,8.188465119295541,0.09252038263663032,0.09252038263663032
2022-11-02 18:00:00,2022,11,2,18,6.232237669252306,6.039944766754593,0.19229290249771225,0.19229290249771225
2022-11-03 00:00:00,2022,11,3,0,5.5771146760591135,5.341660632506643,0.2354540435524708,0.2354540435524708
2022-11-03 06:00:00,2022,11,3,6,6.181736429143899,6.110047182581303,0.07168924656259623,0.07168924656259623
2022-11-03 12:00:00,2022,11,3,12,8.289353576994575,7.961638388807988,0.32771518818658674,0.32771518818658674
2022-11-03 18:00:00,2022,11,3,18,5.76859423982663,5.670741701868459,0.09785253795817095,0.09785253795817095
2022-11-04 00:00:00,2022,11,4,0,5.917888345108548,5.8282715691097495,0.08961677599879891,0.08961677599879891
2022-11-04 06:00:00,2022,11,4,6,5.7649989556276005,5.834553935088031,-0.06955497946043021,0.06955497946043021
2022-11-04 12:00:00,2022,11,4,12,8.229499870257694,8.028378608031852,0.2011212622258416,0.2011212622258416
2022-11-04 18:00:00,2022,11,4,18,5.904252737907928,6.18424089705492,-0.27998815914699193,0.27998815914699193
2022-11-05 00:00:00,2022,11,5,0,6.23537772988799,6.021999884688003,0.21337784519998682,0.21337784519998682
2022-11-05 06:00:00,2022,11,5,6,5.188430928270531,5.587693682169024,-0.3992627538984932,0.3992627538984932
2022-11-05 12:00:00,2022,11,5,12,8.447868512101241,8.244119743349543,0.2037487687516979,0.2037487687516979
2022-11-05 18:00:00,2022,11,5,18,5.648843328701277,5.652729938520867,-0.0038866098195899923,0.0038866098195899923
2022-11-06 00:00:00,2022,11,6,0,5.575644340814779,5.377650886810976,0.19799345400380286,0.19799345400380286
2022-11-06 06:00:00,2022,11,6,6,5.777949106814664,5.886494285993304,-0.10854517917863937,0.10854517917863937
2022-11-06 12:00:00,2022,11,6,12,8.29405178186857,8.248674535819742,0.04537724604882776,0.04537724604882776
2022-11-06 18:00:00,2022,11,6,18,6.328236512826471,6.38835249479694,-0.06011598197046908,0.06011598197046908
2022-11-07 00:00:00,2022,11,7,0,5.968512366484723,5.985259781918711,-0.016747415433988166,0.016747415433988166
2022-11-07 06:00:00,2022,11,7,6,5.9547005756281655,6.021993990428431,-0.06729341480026552,0.06729341480026552
2022-11-07 12:00:00,2022,11,7,12,7.5647479843829295,7.625569431820945,-0.06082144743801532,0.06082144743801532
2022-11-07 18:00:00,2022,11,7,18,6.199696053716332,6.070439343595966,0.12925671012036588,0.12925671012036588
2022-11-08 00:00:00,2022,11,8,0,5.642676567972647,5.466640252971263,0.17603631500138395,0.17603631500138395
2022-11-08 06:00:00,2022,11,8,6,5.811798041701803,5.860856223356999,-0.049058181655195376,0.049058181655195376
2022-11-08 12:00:00,2022,11,8,12,7.875795858694829,7.777897688890722,0.09789816980410748,0.09789816980410748
2022-11-08 18:00:00,2022,11,8,18,5.927544796248599,5.772945092886177,0.1545997033624218,0.1545997033624218
2022-11-09 00:00:00,2022,11,9,0,5.93099834134108,5.779552821710544,0.15144551963053576,0.15144551963053576
2022-11-09 06:00:00,2022,11,9,6,5.476261180886159,5.589285233302841,-0.1130240524166819,0.1130240524166819
2022-11-09 12:00:00,2022,11,9,12,7.39270572788167,7.499789569216924,-0.10708384133525417,0.10708384133525417
2022-11-09 18:00:00,2022,11,9,18,6.13503919969312,6.431048597870267,-0.296009398177147,0.296009398177147
2022-11-10 00:00:00,2022,11,10,0,5.527568600739009,5.268768852394664,0.2587997483443454,0.2587997483443454
2022-11-10 06:00:00,2022,11,10,6,6.181552416570975,6.186474435945567,-0.004922019374592246,0.004922019374592246
2022-11-10 12:00:00,2022,11,10,12,7.122664628127065,7.539705160705727,-0.41704053257866125,0.41704053257866125
2022-11-10 18:00:00,2022,11,10,18,6.124429144486282,5.8743575426893475,0.2500716017969342,0.2500716017969342
2022-11-11 00:00:00,2022,11,11,0,5.902152475888308,5.73343152191739,0.16872095397091869,0.16872095397091869
2022-11-11 06:00:00,2022,11,11,6,6.084412525540443,5.957612371188801,0.12680015435164194,0.12680015435164194
2022-11-11 12:00:00,2022,11,11,12,7.511290160304131,7.501420210946998,0.00986994935713259,0.00986994935713259
2022-11-11 18:00:00,2022,11,11,18,6.000744897011036,5.98210889647271,0.01863600053832659,0.01863600053832659
2022-11-12 00:00:00,2022,11,12,0,5.389678434119273,5.362290144691891,0.027388289427381807,0.027388289427381807
2022-11-12 06:00:00,2022,11,12,6,6.274314049202778,6.189211220929013,0.08510282827376514,0.08510282827376514
2022-11-12 12:00:00,2022,11,12,12,7.6250717784337105,7.60944564344672,0.015626134986990614,0.015626134986990614
2022-11-12 18:00:00,2022,11,12,18,6.276539847443689,6.133587459862531,0.14295238758115847,0.14295238758115847
2022-11-13 00:00:00,2022,11,13,0,5.45939441544759,5.574072496195304,-0.1146780807477139,0.1146780807477139
2022-11-13 06:00:00,2022,11,13,6,6.135677458362502,6.197798413875948,-0.06212095551344632,0.06212095551344632
2022-11-13 12:00:00,2022,11,13,12,7.701195165061135,7.745740876473296,-0.04454571141216146,0.04454571141216146
2022-11-13 18:00:00,2022,11,13,18,5.40670688978261,5.5648769346474385,-0.15817004486482844,0.15817004486482844
2022-11-14 00:00:00,2022,11,14,0,5.214022814564872,5.137974664265876,0.07604815029899648,0.07604815029899648
2022-11-14 06:00:00,2022,11,14,6,6.011627120178677,6.0609970674271105,-0.04936994724843391,0.04936994724843391
2022-11-14 12:00:00,2022,11,14,12,7.488122929601735,7.496458575651873,-0.008335646050138479,0.008335646050138479
2022-11-14 18:00:00,2022,11,14,18,5.415959999520526,5.472505112535791,-0.056545113015265436,0.056545113015265436
2022-11-15 00:00:00,2022,11,15,0,5.198846406417545,5.200226209462452,-0.0013798030449070353,0.0013798030449070353
2022-11-15 06:00:00,2022,11,15,6,5.789220936346646,5.538103051660693,0.25111788468595275,0.25111788468595275
2022-11-15 12:00:00,2022,11,15,12,8.023474780547275,7.893909824323103,0.12956495622417208,0.12956495622417208
2022-11-15 18:00:00,2022,11,15,18,5.509986379855952,5.7260841132895255,-0.21609773343357386,0.21609773343357386
2022-11-16 00:00:00,2022,11,16,0,5.609272646047838,5.707418106018018,-0.09814545997017987,0.09814545997017987
2022-11-16 06:00:00,2022,11,16,6,5.4664019831426005,5.490523862378076,-0.024121879235475596,0.024121879235475596
2022-11-16 12:00:00,2022,11,16,12,8.100042247552006,8.158071681155096,-0.05802943360309065,0.05802943360309065
2022-11-16 18:00:00,2022,11,16,18,5.530343133633557,5.461835151947622,0.06850798168593464,0.06850798168593464
2022-11-17 00:00:00,2022,11,17,0,5.471289725878662,5.460154484598905,0.011135241279756514,0.011135241279756514
2022-11-17 06:00:00,2022,11,17,6,5.470502647205685,5.623832318946585,-0.15332967174089962,0.15332967174089962
2022-11-17 12:00:00,2022,11,17,12,7.316565016631578,7.332080301211719,-0.015515284580141397,0.015515284580141397
2022-11-17 18:00:00,2022,11,17,18,5.467556524582963,5.338123203025624,0.12943332155733867,0.12943332155733867
2022-11-18 00:00:00,2022,11,18,0,5.336448646201969,5.352044527172079,-0.015595880970109555,0.015595880970109555
2022-11-18 06:00:00,2022,11,18,6,5.391015170841484,5.526580255536572,-0.135565084695088,0.135565084695088
2022-11-18 12:00:00,2022,11,18,12,7.603668625500817,7.531005859423407,0.07266276607741062,0.07266276607741062
2022-11-18 18:00:00,2022,11,18,18,6.089466450839196,5.7218645002015505,0.36760195063764556,0.36760195063764556
2022-11-19 00:00:00,2022,11,19,0,5.025435206970796,5.076470804325664,-0.0510355973548684,0.0510355973548684
2022-11-19 06:00:00,2022,11,19,6,5.0533611964658816,5.302643569740852,-0.24928237327497005,0.24928237327497005
2022-11-19 12:00:00,2022,11,19,12,7.685646186160605,7.765215346333102,-0.07956916017249682,0.07956916017249682
2022-11-19 18:00:00,2022,11,19,18,5.2259552726927225,5.517316940114074,-0.2913616674213513,0.2913616674213513
2022-11-20 00:00:00,2022,11,20,0,5.082297415987674,5.221644747355807,-0.13934733136813282,0.13934733136813282
2022-11-20 06:00:00,2022,11,20,6,5.40001923103389,5.367089866572761,0.03292936446112904,0.03292936446112904
2022-11-20 12:00:00,2022,11,20,12,7.26607802742801,7.522791283870845,-0.2567132564428345,0.2567132564428345
2022-11-20 18:00:00,2022,11,20,18,4.915328071694528,5.2506664926946796,-0.3353384210001513,0.3353384210001513
2022-11-21 00:00:00,2022,11,21,0,5.243547998860519,5.152290876200349,0.09125712266016972,0.09125712266016972
2022-11-21 06:00:00,2022,11,21,6,5.325378020679425,5.482141858602939,-0.15676383792351434,0.15676383792351434
2022-11-21 12:00:00,2022,11,21,12,7.471451391801415,7.539851486933326,-0.06840009513191081,0.06840009513191081
2022-11-21 18:00:00,2022,11,21,18,5.469376251612848,5.640406184994095,-0.17102993338124683,0.17102993338124683
2022-11-22 00:00:00,2022,11,22,0,5.089413736122364,4.993310840529959,0.0961028955924057,0.0961028955924057
2022-11-22 06:00:00,2022,11,22,6,5.063519768339249,5.107963318553635,-0.0444435502143854,0.0444435502143854
2022-11-22 12:00:00,2022,11,22,12,7.62739560346037,7.262886390650731,0.3645092128096383,0.3645092128096383
2022-11-22 18:00:00,2022,11,22,18,5.741722206355275,5.5314037034395565,0.21031850291571885,0.21031850291571885
2022-11-23 00:00:00,2022,11,23,0,4.908081584239755,5.031384037181989,-0.12330245294223374,0.12330245294223374
2022-11-23 06:00:00,2022,11,23,6,5.006451086631982,5.1443324430496435,-0.13788135641766175,0.13788135641766175
2022-11-23 12:00:00,2022,11,23,12,7.289285468269698,7.319622639112642,-0.030337170842943628,0.030337170842943628
2022-11-23 18:00:00,2022,11,23,18,5.393357710793293,5.272219417156193,0.12113829363709971,0.12113829363709971
2022-11-24 00:00:00,2022,11,24,0,4.550564995215538,4.9026679437399245,-0.3521029485243865,0.3521029485243865
2022-11-24 06:00:00,2022,11,24,6,5.2849521084956725,5.136236525828987,0.14871558266668572,0.14871558266668572
2022-11-24 12:00:00,2022,11,24,12,7.828475884319532,7.617849861614666,0.21062602270486597,0.21062602270486597
2022-11-24 18:00:00,2022,11,24,18,5.421127021074929,5.382477816262397,0.03864920481253176,0.03864920481253176
2022-11-25 00:00:00,2022,11,25,0,5.233615200310148,5.241539433033749,-0.007924232723600433,0.007924232723600433
2022-11-25 06:00:00,2022,11,25,6,5.572635339597288,5.241786665247199,0.33084867435008913,0.33084867435008913
2022-11-25 12:00:00,2022,11,25,12,7.3375590887851665,7.337543329982455,1.5758802711651754e-05,1.5758802711651754e-05
2022-11-25 18:00:00,2022,11,25,18,5.07987756374057,5.113297822100912,-0.03342025836034157,0.03342025836034157
2022-11-26 00:00:00,2022,11,26,0,4.692482227165018,4.787122371536636,-0.09464014437161783,0.09464014437161783
2022-11-26 06:00:00,2022,11,26,6,5.291391095933346,5.492964215544009,-0.20157311961066338,0.20157311961066338
2022-11-26 12:00:00,2022,11,26,12,7.5034180761012035,7.2490615145941675,0.254356561507036,0.254356561507036
2022-11-26 18:00:00,2022,11,26,18,5.497188283316236,5.58873781889061,-0.09154953557437384,0.09154953557437384
2022-11-27 00:00:00,2022,11,27,0,5.638701774528703,5.855157944711007,-0.21645617018230467,0.21645617018230467
2022-11-27 06:00:00,2022,11,27,6,5.241200170631499,5.472581341330866,-0.23138117069936648,0.23138117069936648
2022-11-27 12:00:00,2022,11,27,12,7.372138336748261,7.02426747409278,0.34787086265548073,0.34787086265548073
2022-11-27 18:00:00,2022,11,27,18,5.3494454455995,5.176870978541959,0.1725744670575411,0.1725744670575411
2022-11-28 00:00:00,2022,11,28,0,5.2503458478468685,5.344253706891838,-0.09390785904496912,0.09390785904496912
2022-11-28 06:00:00,2022,11,28,6,5.799461207834356,5.522177741815857,0.27728346601849907,0.27728346601849907
2022-11-28 12:00:00,2022,11,28,12,7.169401690627576,7.091484530023484,0.07791716060409204,0.07791716060409204
2022-11-28 18:00:00,2022,11,28,18,4.914107785156121,5.053983924307336,-0.1398761391512151,0.1398761391512151
2022-11-29 00:00:00,2022,11,29,0,4.597186597331433,4.949197953289445,-0.3520113559580116,0.3520113559580116
2022-11-29 06:00:00,2022,11,29,6,5.1627664152206005,5.069530045195197,0.0932363700254033,0.0932363700254033
2022-11-29 12:00:00,2022,11,29,12,7.407247361348966,7.229645516164147,0.17760184518481914,0.17760184518481914
2022-11-29 18:00:00,2022,11,29,18,5.48228242822381,5.229096628171057,0.25318580005275315,0.25318580005275315
2022-11-30 00:00:00,2022,11,30,0,4.956742110159227,4.843900179873872,0.11284193028535494,0.11284193028535494
2022-11-30 06:00:00,2022,11,30,6,5.215068835493296,5.229119709300708,-0.014050873807411435,0.014050873807411435
2022-11-30 12:00:00,2022,11,30,12,7.021241475581314,7.109269194203175,-0.08802771862186098,0.08802771862186098
2022-11-30 18:00:00,2022,11,30,18,5.086935116863885,5.283311473844323,-0.19637635698043798,0.19637635698043798
2022-12-01 00:00:00,2022,12,1,0,4.939488899035037,5.1910996180178355,-0.2516107189827981,0.2516107189827981
2022-12-01 06:00:00,2022,12,1,6,4.550245296317413,4.884059569932467,-0.33381427361505445,0.33381427361505445
2022-12-01 12:00:00,2022,12,1,12,6.761946123309279,6.893229793361985,-0.13128367005270558,0.13128367005270558
2022-12-01 18:00:00,2022,12,1,18,4.782655190260629,4.7481573723638855,0.03449781789674322,0.03449781789674322
2022-12-02 00:00:00,2022,12,2,0,4.989294706681601,4.879669650266836,0.10962505641476561,0.10962505641476561
2022-12-02 06:00:00,2022,12,2,6,5.147744673305626,4.836244197054811,0.31150047625081445,0.31150047625081445
2022-12-02 12:00:00,2022,12,2,12,6.527066124920069,6.922888642948946,-0.3958225180288766,0.3958225180288766
2022-12-02 18:00:00,2022,12,2,18,5.213763340202556,5.12232345657679,0.09143988362576572,0.09143988362576572
2022-12-03 00:00:00,2022,12,3,0,4.226148677221405,4.334218526735964,-0.10806984951455867,0.10806984951455867
2022-12-03 06:00:00,2022,12,3,6,5.423543608114559,5.6199798060325925,-0.19643619791803335,0.19643619791803335
2022-12-03 12:00:00,2022,12,3,12,7.245246951583931,7.2350983055947085,0.01014864598922216,0.01014864598922216
2022-12-03 18:00:00,2022,12,3,18,4.946037789862827,4.87954009740139,0.06649769246143755,0.06649769246143755
2022-12-04 00:00:00,2022,12,4,0,4.620523166495641,4.830372416046139,-0.20984924955049866,0.20984924955049866
2022-12-04 06:00:00,2022,12,4,6,4.730971978069695,4.834641859050958,-0.10366988098126306,0.10366988098126306
2022-12-04 12:00:00,2022,12,4,12,7.054017590321133,6.883221345946411,0.1707962443747224,0.1707962443747224
2022-12-04 18:00:00,2022,12,4,18,5.1443803664928085,4.72256948317846,0.4218108833143486,0.4218108833143486
2022-12-05 00:00:00,2022,12,5,0,4.829551217948702,4.888150219449163,-0.058599001500461156,0.058599001500461156
2022-12-05 06:00:00,2022,12,5,6,4.966906499218999,5.064945134865909,-0.09803863564691007,0.09803863564691007
2022-12-05 12:00:00,2022,12,5,12,6.633383557821426,6.834511761159347,-0.20112820333792136,0.20112820333792136
2022-12-05 18:00:00,2022,12,5,18,4.756060350881215,4.898169821984458,-0.14210947110324224,0.14210947110324224
2022-12-06 00:00:00,2022,12,6,0,4.316168340760655,4.431762574256172,-0.11559423349551778,0.11559423349551778
2022-12-06 06:00:00,2022,12,6,6,4.639001233613163,4.754108408130589,-0.11510717451742636,0.11510717451742636
2022-12-06 12:00:00,2022,12,6,12,7.740651027321657,7.561930204611289,0.1787208227103676,0.1787208227103676
2022-12-06 18:00:00,2022,12,6,18,4.560517832942057,4.689312843098034,-0.1287950101559776,0.1287950101559776
2022-12-07 00:00:00,2022,12,7,0,4.393695034194611,4.525176012482003,-0.13148097828739225,0.13148097828739225
2022-12-07 06:00:00,2022,12,7,6,4.601307817841579,4.929304363807962,-0.32799654596638295,0.32799654596638295
2022-12-07 12:00:00,2022,12,7,12,7.17416375461844,6.97579970134499,0.19836405327344941,0.19836405327344941
2022-12-07 18:00:00,2022,12,7,18,4.902274414293919,5.007181477573739,-0.10490706327981947,0.10490706327981947
2022-12-08 00:00:00,2022,12,8,0,4.435739266383937,4.692774869686363,-0.2570356033024259,0.2570356033024259
2022-12-08 06:00:00,2022,12,8,6,4.630043848997349,4.580594717871126,0.04944913112622373,0.04944913112622373
2022-12-08 12:00:00,2022,12,8,12,6.583326611329195,6.778081818733318,-0.194755207404123,0.194755207404123
2022-12-08 18:00:00,2022,12,8,18,4.935442177509989,4.769734975306158,0.16570720220383084,0.16570720220383084
2022-12-09 00:00:00,2022,12,9,0,4.340603488241162,4.278052750254794,0.0625507379863679,0.0625507379863679
2022-12-09 06:00:00,2022,12,9,6,5.002275979230772,4.761310833012076,0.2409651462186959,0.2409651462186959
2022-12-09 12:00:00,2022,12,9,12,6.650251066544137,6.931940811908555,-0.2816897453644174,0.2816897453644174
2022-12-09 18:00:00,2022,12,9,18,4.736208280080268,4.670354399059957,0.06585388102031065,0.06585388102031065
2022-12-10 00:00:00,2022,12,10,0,5.381883149691886,5.289861967217201,0.09202118247468505,0.09202118247468505
2022-12-10 06:00:00,2022,12,10,6,4.673985503722422,4.80626070793856,-0.13227520421613814,0.13227520421613814
2022-12-10 12:00:00,2022,12,10,12,6.7775073698437165,7.184850612210358,-0.40734324236664143,0.40734324236664143
2022-12-10 18:00:00,2022,12,10,18,4.6849048334928405,4.757862561851769,-0.07295772835892844,0.07295772835892844
2022-12-11 00:00:00,2022,12,11,0,4.639582108225819,4.757691287578458,-0.11810917935263898,0.11810917935263898
2022-12-11 06:00:00,2022,12,11,6,4.549512288404262,4.753922907574849,-0.204410619170587,0.204410619170587
2022-12-11 12:00:00,2022,12,11,12,6.881157953931965,6.829824696127439,0.05133325780452669,0.05133325780452669
2022-12-11 18:00:00,2022,12,11,18,4.920149137163812,4.583018611640121,0.3371305255236914,0.3371305255236914
2022-12-12 00:00:00,2022,12,12,0,4.083582634558582,4.446127615913641,-0.3625449813550583,0.3625449813550583
2022-12-12 06:00:00,2022,12,12,6,4.370537798591274,4.399905438018718,-0.029367639427444026,0.029367639427444026
2022-12-12 12:00:00,2022,12,12,12,6.952907251130235,6.776486804657583,0.17642044647265198,0.17642044647265198
2022-12-12 18:00:00,2022,12,12,18,4.66224775225298,4.627769334398264,0.03447841785471528,0.03447841785471528
2022-12-13 00:00:00,2022,12,13,0,4.161071976991849,4.209455679161949,-0.04838370217010013,0.04838370217010013
2022-12-13 06:00:00,2022,12,13,6,4.432244886962838,4.64235662023103,-0.21011173326819144,0.21011173326819144
2022-12-13 12:00:00,2022,12,13,12,6.75958175619631,6.717181811038062,0.04239994515824819,0.04239994515824819
2022-12-13 18:00:00,2022,12,13,18,4.398188654071155,4.493512069777209,-0.09532341570605407,0.09532341570605407
2022-12-14 00:00:00,2022,12,14,0,4.509779806549286,4.417031693271548,0.09274811327773769,0.09274811327773769
2022-12-14 06:00:00,2022,12,14,6,4.253396654765173,4.299951337895475,-0.04655468313030209,0.04655468313030209
2022-12-14 12:00:00,2022,12,14,12,7.366665373994493,7.459624603509483,-0.0929592295149897,0.0929592295149897
2022-12-14 18:00:00,2022,12,14,18,4.448291166613328,4.4321881635389495,0.016103003074378286,0.016103003074378286
2022-12-15 00:00:00,2022,12,15,0,4.422066346970853,4.3379000049200025,0.0841663420508505,0.0841663420508505
2022-12-15 06:00:00,2022,12,15,6,4.662984763919595,4.429861784166103,0.2331229797534915,0.2331229797534915
2022-12-15 12:00:00,2022,12,15,12,6.949101219449246,6.78173072447635,0.16737049497289647,0.16737049497289647
2022-12-15 18:00:00,2022,12,15,18,4.659711583362434,4.420357697236308,0.23935388612612574,0.23935388612612574
2022-12-16 00:00:00,2022,12,16,0,4.518002833980976,4.369457919513613,0.1485449144673625,0.1485449144673625
2022-12-16 06:00:00,2022,12,16,6,4.61689882965681,4.4386001291156925,0.1782987005411174,0.1782987005411174
2022-12-16 12:00:00,2022,12,16,12,6.915108084477941,6.647028801156355,0.2680792833215859,0.2680792833215859
2022-12-16 18:00:00,2022,12,16,18,4.65871823559292,4.45392298495292,0.20479525064000015,0.20479525064000015
2022-12-17 00:00:00,2022,12,17,0,4.173348097598588,4.166309385487436,0.0070387121111519235,0.0070387121111519235
2022-12-17 06:00:00,2022,12,17,6,4.610739762725262,4.337391292579273,0.2733484701459892,0.2733484701459892
2022-12-17 12:00:00,2022,12,17,12,6.438719129212872,6.616078527489559,-0.17735939827668634,0.17735939827668634
2022-12-17 18:00:00,2022,12,17,18,4.510921015041853,4.727971656206845,-0.21705064116499173,0.21705064116499173
2022-12-18 00:00:00,2022,12,18,0,4.271861800393416,4.300504394433726,-0.028642594040309888,0.028642594040309888
2022-12-18 06:00:00,2022,12,18,6,5.404070562105965,5.288461478090502,0.1156090840154631,0.1156090840154631
2022-12-18 12:00:00,2022,12,18,12,6.558420178648497,6.579344473288435,-0.020924294639938168,0.020924294639938168
2022-12-18 18:00:00,2022,12,18,18,4.656572929510241,4.759358055935682,-0.10278512642544069,0.10278512642544069
2022-12-19 00:00:00,2022,12,19,0,4.713723474872841,4.813763862998746,-0.10004038812590466,0.10004038812590466
2022-12-19 06:00:00,2022,12,19,6,4.417359031765465,4.2762383836429025,0.14112064812256264,0.14112064812256264
2022-12-19 12:00:00,2022,12,19,12,6.58366596416918,6.632512479585545,-0.048846515416364866,0.048846515416364866
2022-12-19 18:00:00,2022,12,19,18,4.483852560740086,4.497653460365313,-0.01380089962522657,0.01380089962522657
2022-12-20 00:00:00,2022,12,20,0,4.0605341426763,3.9885983684976583,0.0719357741786415,0.0719357741786415
2022-12-20 06:00:00,2022,12,20,6,3.985939109208969,4.169671363728914,-0.18373225451994468,0.18373225451994468
2022-12-20 12:00:00,2022,12,20,12,7.05931429201779,6.514252993995983,0.5450612980218068,0.5450612980218068
2022-12-20 18:00:00,2022,12,20,18,4.222081169343081,4.221047760521266,0.0010334088218151294,0.0010334088218151294
2022-12-21 00:00:00,2022,12,21,0,4.0239811717420695,4.244475185547979,-0.22049401380590972,0.22049401380590972
2022-12-21 06:00:00,2022,12,21,6,4.681106598534047,4.412156255686333,0.268950342847714,0.268950342847714
2022-12-21 12:00:00,2022,12,21,12,6.741035830753314,6.462902164129098,0.2781336666242167,0.2781336666242167
2022-12-21 18:00:00,2022,12,21,18,4.278015284248111,4.271443297881454,0.006571986366656901,0.006571986366656901
2022-12-22 00:00:00,2022,12,22,0,4.104582254059447,4.053373413777284,0.05120884028216288,0.05120884028216288
2022-12-22 06:00:00,2022,12,22,6,4.210649575613247,4.102661223051386,0.10798835256186123,0.10798835256186123
2022-12-22 12:00:00,2022,12,22,12,7.216471386893469,7.189489592587028,0.02698179430644032,0.02698179430644032
2022-12-22 18:00:00,2022,12,22,18,4.190312838087598,4.016660436181687,0.1736524019059109,0.1736524019059109
2022-12-23 00:00:00,2022,12,23,0,4.066170320323848,4.082374319476251,-0.016203999152403448,0.016203999152403448
2022-12-23 06:00:00,2022,12,23,6,3.988562874624868,4.17538002605982,-0.1868171514349517,0.1868171514349517
2022-12-23 12:00:00,2022,12,23,12,6.545028775266035,6.326077729288876,0.21895104597715864,0.21895104597715864
2022-12-23 18:00:00,2022,12,23,18,4.311105681533008,4.336689064634336,-0.025583383101327684,0.025583383101327684
2022-12-24 00:00:00,2022,12,24,0,4.149795282425188,4.265863352103927,-0.11606806967873862,0.11606806967873862
2022-12-24 06:00:00,2022,12,24,6,4.03501648092862,4.157767075858724,-0.1227505949301042,0.1227505949301042
2022-12-24 12:00:00,2022,12,24,12,6.988276303849723,7.021620939661896,-0.03334463581217317,0.03334463581217317
2022-12-24 18:00:00,2022,12,24,18,4.3277927742289,4.100330359411409,0.22746241481749152,0.22746241481749152
2022-12-25 00:00:00,2022,12,25,0,4.262106748036726,4.254636546208617,0.007470201828109424,0.007470201828109424
2022-12-25 06:00:00,2022,12,25,6,4.843650266504329,4.787581427291047,0.05606883921328176,0.05606883921328176
2022-12-25 12:00:00,2022,12,25,12,6.651741973974499,6.451772000980188,0.1999699729943103,0.1999699729943103
2022-12-25 18:00:00,2022,12,25,18,4.202415659338446,3.9757321597432838,0.22668349959516254,0.22668349959516254
2022-12-26 00:00:00,2022,12,26,0,4.296432782675158,3.8957960445179047,0.4006367381572531,0.4006367381572531
2022-12-26 06:00:00,2022,12,26,6,4.272130246720322,4.457274068686853,-0.18514382196653045,0.18514382196653045
2022-12-26 12:00:00,2022,12,26,12,6.600084496832566,6.78460252876949,-0.18451803193692395,0.18451803193692395
2022-12-26 18:00:00,2022,12,26,18,4.089898995446379,4.256849747702521,-0.16695075225614175,0.16695075225614175
2022-12-27 00:00:00,2022,12,27,0,3.868521224543533,4.069416619649393,-0.20089539510585963,0.20089539510585963
2022-12-27 06:00:00,2022,12,27,6,4.56167823072435,4.297664100535627,0.26401413018872333,0.26401413018872333
2022-12-27 12:00:00,2022,12,27,12,6.3738403338993175,5.925523337577653,0.44831699632166444,0.44831699632166444
2022-12-27 18:00:00,2022,12,27,18,4.108324774734608,4.114696795984031,-0.006372021249423376,0.006372021249423376
2022-12-28 00:00:00,2022,12,28,0,4.308646803346073,4.179347357743972,0.1292994456021006,0.1292994456021006
2022-12-28 06:00:00,2022,12,28,6,4.061392614131711,4.224667896129402,-0.1632752819976906,0.1632752819976906
2022-12-28 12:00:00,2022,12,28,12,6.369162020671533,6.440884539148216,-0.0717225184766832,0.0717225184766832
2022-12-28 18:00:00,2022,12,28,18,4.330685676960941,4.6841072472980825,-0.35342157033714106,0.35342157033714106
2022-12-29 00:00:00,2022,12,29,0,3.5642860795289497,3.878818231190922,-0.3145321516619721,0.3145321516619721
2022-12-29 06:00:00,2022,12,29,6,3.94055514163032,4.063317746863439,-0.122762605233119,0.122762605233119
2022-12-29 12:00:00,2022,12,29,12,6.316643174527233,6.449827565354809,-0.1331843908275765,0.1331843908275765
2022-12-29 18:00:00,2022,12,29,18,5.354942007817613,4.928066791314723,0.4268752165028893,0.4268752165028893
2022-12-30 00:00:00,2022,12,30,0,4.090417642988985,3.953292842657787,0.13712480033119823,0.13712480033119823
2022-12-30 06:00:00,2022,12,30,6,4.40478375617391,4.259353800136876,0.14542995603703446,0.14542995603703446
2022-12-30 12:00:00,2022,12,30,12,6.293180161514533,6.360905087632127,-0.06772492611759429,0.06772492611759429
2022-12-30 18:00:00,2022,12,30,18,4.332514045119149,4.327749160187212,0.004764884931937274,0.004764884931937274
2022-12-31 00:00:00,2022,12,31,0,3.9773222713973593,4.236139520385746,-0.25881724898838643,0.25881724898838643
2022-12-31 06:00:00,2022,12,31,6,4.070153211428108,4.0195183983277705,0.050634813100337794,0.050634813100337794
2022-12-31 12:00:00,2022,12,31,12,6.312881029984866,6.3988578877830795,-0.0859768577982134,0.0859768577982134
2022-12-31 18:00:00,2022,12,31,18,3.976036946891685,4.31823978339385,-0.3422028365021652,0.3422028365021652
2022-01-01 00:00:00,2022,1,1,0,1.8154648544068692,1.8416116914293825,-0.026146837022513303,0.026146837022513303
2022-01-01 06:00:00,2022,1,1,6,2.5380238285050143,2.498823766700738,0.03920006180427649,0.03920006180427649
2022-01-01 12:00:00,2022,1,1,12,5.767126662590595,5.656786372695282,0.11034028989531297,0.11034028989531297
2022-01-01 18:00:00,2022,1,1,18,2.694196352801747,2.7049133489790003,-0.01071699617725308,0.01071699617725308
2022-01-02 00:00:00,2022,1,2,0,1.7351230213723408,1.815629720746187,-0.08050669937384614,0.08050669937384614
2022-01-02 06:00:00,2022,1,2,6,2.869814430384348,2.6201733863791326,0.24964104400521547,0.24964104400521547
2022-01-02 12:00:00,2022,1,2,12,5.635543836935484,5.710048572936933,-0.07450473600144925,0.07450473600144925
2022-01-02 18:00:00,2022,1,2,18,2.345382804580853,2.4541411381886,-0.10875833360774712,0.10875833360774712
2022-01-03 00:00:00,2022,1,3,0,2.102226738789015,1.9812705779332616,0.12095616085575323,0.12095616085575323
2022-01-03 06:00:00,2022,1,3,6,2.6022685385291773,2.466396767521817,0.13587177100736048,0.13587177100736048
2022-01-03 12:00:00,2022,1,3,12,6.024483271591447,6.122172680721041,-0.09768940912959412,0.09768940912959412
2022-01-03 18:00:00,2022,1,3,18,2.850829423224047,2.6412452947601737,0.2095841284638733,0.2095841284638733
2022-01-04 00:00:00,2022,1,4,0,1.82512262023522,1.828868322363573,-0.0037457021283531233,0.0037457021283531233
2022-01-04 06:00:00,2022,1,4,6,3.020024597713379,2.9638163057407736,0.05620829197260546,0.05620829197260546
2022-01-04 12:00:00,2022,1,4,12,5.592356557333186,5.386511980478327,0.2058445768548598,0.2058445768548598
2022-01-04 18:00:00,2022,1,4,18,2.6373913159754614,2.4954910941243074,0.14190022185115403,0.14190022185115403
2022-01-05 00:00:00,2022,1,5,0,2.1509120400264115,2.0399270748066054,0.11098496521980605,0.11098496521980605
2022-01-05 06:00:00,2022,1,5,6,2.2771799268679467,2.4704709222385675,-0.19329099537062078,0.19329099537062078
2022-01-05 12:00:00,2022,1,5,12,5.43910126644651,5.439166706931038,-6.544048452816753e-05,6.544048452816753e-05
2022-01-05 18:00:00,2022,1,5,18,2.720682379148627,2.6456962887963344,0.07498609035229276,0.07498609035229276
2022-01-06 00:00:00,2022,1,6,0,1.948971198682706,1.9815362894662418,-0.032565090783535755,0.032565090783535755
2022-01-06 06:00:00,2022,1,6,6,2.4168133066114774,2.4515194429285185,-0.034706136317041114,0.034706136317041114
2022-01-06 12:00:00,2022,1,6,12,5.98669762097571,5.719650687293809,0.26704693368190124,0.26704693368190124
2022-01-06 18:00:00,2022,1,6,18,2.4605815738708885,2.5833012216721403,-0.12271964780125177,0.12271964780125177
2022-01-07 00:00:00,2022,1,7,0,1.9737991111642297,1.8239315810731005,0.1498675300911292,0.1498675300911292
2022-01-07 06:00:00,2022,1,7,6,2.8147408930335702,2.6928661064242805,0.12187478660928974,0.12187478660928974
2022-01-07 12:00:00,2022,1,7,12,5.617544989694312,5.625510576876145,-0.007965587181833378,0.007965587181833378
2022-01-07 18:00:00,2022,1,7,18,2.779468709267833,2.759521565880047,0.019947143387785804,0.019947143387785804
2022-01-08 00:00:00,2022,1,8,0,1.6086745235351876,1.7738034865568306,-0.16512896302164304,0.16512896302164304
2022-01-08 06:00:00,2022,1,8,6,2.5367362989405637,2.463765004721988,0.07297129421857562,0.07297129421857562
2022-01-08 12:00:00,2022,1,8,12,5.216717458934101,5.572049917783661,-0.3553324588495599,0.3553324588495599
2022-01-08 18:00:00,2022,1,8,18,2.387072177276915,2.414436736718069,-0.027364559441154235,0.027364559441154235
2022-01-09 00:00:00,2022,1,9,0,1.530940782177484,1.649062455806267,-0.1181216736287829,0.1181216736287829
2022-01-09 06:00:00,2022,1,9,6,2.266119273742748,2.3385584292048716,-0.07243915546212376,0.07243915546212376
2022-01-09 12:00:00,2022,1,9,12,5.710360865884886,5.680816023034961,0.029544842849925423,0.029544842849925423
2022-01-09 18:00:00,2022,1,9,18,2.591912842740784,2.5120028644334047,0.07990997830737934,0.07990997830737934
2022-01-10 00:00:00,2022,1,10,0,1.897873869109329,1.9720771629279512,-0.07420329381862212,0.07420329381862212
2022-01-10 06:00:00,2022,1,10,6,2.308890120235441,2.3825371178408106,-0.07364699760536952,0.07364699760536952
2022-01-10 12:00:00,2022,1,10,12,5.565375076395663,5.491870773010015,0.07350430338564795,0.07350430338564795
2022-01-10 18:00:00,2022,1,10,18,2.6104427725932977,2.5620108246292173,0.04843194796408046,0.04843194796408046
2022-01-11 00:00:00,2022,1,11,0,2.040369348991454,1.716681702137079,0.323687646854375,0.323687646854375
2022-01-11 06:00:00,2022,1,11,6,2.160574473750717,2.224355932223486,-0.06378145847276917,0.06378145847276917
2022-01-11 12:00:00,2022,1,11,12,5.459952840669962,5.718252413980135,-0.2582995733101736,0.2582995733101736
2022-01-11 18:00:00,2022,1,11,18,2.457237633950824,2.4776135658470753,-0.02037593189625131,0.02037593189625131
2022-01-12 00:00:00,2022,1,12,0,1.8570219337911305,1.772279916728435,0.08474201706269535,0.08474201706269535
2022-01-12 06:00:00,2022,1,12,6,2.666882420802541,2.5474162028837535,0.11946621791878753,0.11946621791878753
2022-01-12 12:00:00,2022,1,12,12,5.730117066080545,5.492971381484192,0.23714568459635377,0.23714568459635377
2022-01-12 18:00:00,2022,1,12,18,2.1740055280752206,2.394151898643907,-0.22014637056868658,0.22014637056868658
2022-01-13 00:00:00,2022,1,13,0,2.0445387298263884,1.9961262564042053,0.04841247342218313,0.04841247342218313
2022-01-13 06:00:00,2022,1,13,6,2.4946789434028203,2.5787543043961976,-0.08407536099337731,0.08407536099337731
2022-01-13 12:00:00,2022,1,13,12,5.732825168027281,5.634917434351518,0.097907733675763,0.097907733675763
2022-01-13 18:00:00,2022,1,13,18,2.434747208271141,2.3802147808684837,0.05453242740265729,0.05453242740265729
2022-01-14 00:00:00,2022,1,14,0,1.7032467628640493,1.9176915617591703,-0.21444479889512102,0.21444479889512102
2022-01-14 06:00:00,2022,1,14,6,2.1675512411400617,2.348560843828581,-0.1810096026885195,0.1810096026885195
2022-01-14 12:00:00,2022,1,14,12,5.570018013834939,5.638681265032214,-0.06866325119727534,0.06866325119727534
2022-01-14 18:00:00,2022,1,14,18,2.2512018626698707,2.4658967323886456,-0.21469486971877494,0.21469486971877494
2022-01-15 00:00:00,2022,1,15,0,1.6933532435384884,1.9181283108754092,-0.22477506733692088,0.22477506733692088
2022-01-15 06:00:00,2022,1,15,6,2.185180548963636,2.394667099600821,-0.20948655063718524,0.20948655063718524
2022-01-15 12:00:00,2022,1,15,12,5.604650977843543,5.508275788033108,0.09637518981043502,0.09637518981043502
2022-01-15 18:00:00,2022,1,15,18,2.4801816535226417,2.4027385426005785,0.07744311092206324,0.07744311092206324
2022-01-16 00:00:00,2022,1,16,0,1.939045124126716,2.008352109289149,-0.06930698516243328,0.06930698516243328
2022-01-16 06:00:00,2022,1,16,6,2.440938939580472,2.540025408738086,-0.09908646915761388,0.09908646915761388
2022-01-16 12:00:00,2022,1,16,12,5.940899589198512,5.830069288709102,0.11083030048941023,0.11083030048941023
2022-01-16 18:00:00,2022,1,16,18,2.592247643170617,2.700325448996322,-0.10807780582570503,0.10807780582570503
2022-01-17 00:00:00,2022,1,17,0,1.9796196294412949,2.1868324366180696,-0.2072128071767747,0.2072128071767747
2022-01-17 06:00:00,2022,1,17,6,2.2968570764832275,2.434338997478058,-0.13748192099483036,0.13748192099483036
2022-01-17 12:00:00,2022,1,17,12,5.852178602661136,5.847761610435334,0.004416992225802829,0.004416992225802829
2022-01-17 18:00:00,2022,1,17,18,2.6693280436973734,2.57989234399533,0.08943569970204335,0.08943569970204335
2022-01-18 00:00:00,2022,1,18,0,1.8596821920963036,1.813850284479198,0.04583190761710565,0.04583190761710565
2022-01-18 06:00:00,2022,1,18,6,2.09507113913534,2.386768170596719,-0.29169703146137893,0.29169703146137893
2022-01-18 12:00:00,2022,1,18,12,5.910232714094566,5.8525409035543445,0.057691810540221766,0.057691810540221766
2022-01-18 18:00:00,2022,1,18,18,2.2843479224774312,2.4087309475960423,-0.1243830251186111,0.1243830251186111
2022-01-19 00:00:00,2022,1,19,0,2.022945193089103,1.8413389334874506,0.18160625960165233,0.18160625960165233
2022-01-19 06:00:00,2022,1,19,6,2.7084890907295245,2.6189401373250507,0.08954895340447377,0.08954895340447377
2022-01-19 12:00:00,2022,1,19,12,5.753297686979454,5.807754411650118,-0.05445672467066398,0.05445672467066398
2022-01-19 18:00:00,2022,1,19,18,2.3208453935588715,2.4386751685696324,-0.11782977501076086,0.11782977501076086
2022-01-20 00:00:00,2022,1,20,0,1.4549794430783038,1.8115671468334062,-0.3565877037551024,0.3565877037551024
2022-01-20 06:00:00,2022,1,20,6,2.416321396662055,2.515292420506284,-0.09897102384422896,0.09897102384422896
2022-01-20 12:00:00,2022,1,20,12,5.535942651607198,5.574083475595691,-0.038140823988492834,0.038140823988492834
2022-01-20 18:00:00,2022,1,20,18,2.829109184607276,2.6480917976583034,0.18101738694897263,0.18101738694897263
2022-01-21 00:00:00,2022,1,21,0,2.088479875856651,2.0260892401238277,0.06239063573282344,0.06239063573282344
2022-01-21 06:00:00,2022,1,21,6,2.496150907227558,2.488168896514761,0.007982010712797027,0.007982010712797027
2022-01-21 12:00:00,2022,1,21,12,6.2587253499834645,5.768771928919959,0.4899534210635057,0.4899534210635057
2022-01-21 18:00:00,2022,1,21,18,2.3705196965991173,2.5046691019462357,-0.1341494053471184,0.1341494053471184
2022-01-22 00:00:00,2022,1,22,0,1.902318512564868,1.8670403332698822,0.03527817929498589,0.03527817929498589
2022-01-22 06:00:00,2022,1,22,6,3.086268035938573,2.688005306919672,0.39826272901890114,0.39826272901890114
2022-01-22 12:00:00,2022,1,22,12,5.810719007099238,5.835407029469789,-0.02468802237055101,0.02468802237055101
2022-01-22 18:00:00,2022,1,22,18,2.477746977760485,2.4688961162505523,0.008850861509932528,0.008850861509932528
2022-01-23 00:00:00,2022,1,23,0,1.8938573640280407,1.8337164593930326,0.0601409046350081,0.0601409046350081
2022-01-23 06:00:00,2022,1,23,6,2.4482873682287023,2.4779879824966273,-0.02970061426792503,0.02970061426792503
2022-01-23 12:00:00,2022,1,23,12,5.648078016329359,5.756728398068201,-0.10865038173884223,0.10865038173884223
2022-01-23 18:00:00,2022,1,23,18,2.936912025559785,2.700393817660659,0.23651820789912614,0.23651820789912614
2022-01-24 00:00:00,2022,1,24,0,2.1764847517216097,2.049425172476935,0.12705957924467493,0.12705957924467493
2022-01-24 06:00:00,2022,1,24,6,2.5321610677393496,2.5598627797218025,-0.02770171198245297,0.02770171198245297
2022-01-24 12:00:00,2022,1,24,12,5.673050037815906,5.734795940983681,-0.061745903167775396,0.061745903167775396
2022-01-24 18:00:00,2022,1,24,18,2.6977307359191744,2.597915630806569,0.09981510511260527,0.09981510511260527
2022-01-25 00:00:00,2022,1,25,0,1.89040748443981,1.8411681145693868,0.04923936987042321,0.04923936987042321
2022-01-25 06:00:00,2022,1,25,6,2.4490133356256414,2.311259166602652,0.13775416902298954,0.13775416902298954
2022-01-25 12:00:00,2022,1,25,12,5.660484040015584,5.769940915798177,-0.10945687578259289,0.10945687578259289
2022-01-25 18:00:00,2022,1,25,18,2.765171940031206,2.8547887966102867,-0.08961685657908092,0.08961685657908092
2022-01-26 00:00:00,2022,1,26,0,1.8299634637994768,1.8038553280368115,0.026108135762665352,0.026108135762665352
2022-01-26 06:00:00,2022,1,26,6,2.673308087347086,2.5462300105160476,0.12707807683103844,0.12707807683103844
2022-01-26 12:00:00,2022,1,26,12,5.824819499098436,5.657195830514466,0.16762366858397026,0.16762366858397026
2022-01-26 18:00:00,2022,1,26,18,2.215689438516537,2.318172840259141,-0.10248340174260395,0.10248340174260395
2022-01-27 00:00:00,2022,1,27,0,1.7953184865751046,1.8592407330406286,-0.06392224646552402,0.06392224646552402
2022-01-27 06:00:00,2022,1,27,6,2.746979091527831,2.808138278930895,-0.0611591874030637,0.0611591874030637
2022-01-27 12:00:00,2022,1,27,12,5.890835995103347,5.852219506626016,0.03861648847733168,0.03861648847733168
2022-01-27 18:00:00,2022,1,27,18,2.159644372943959,2.4489742133911454,-0.28932984044718646,0.28932984044718646
2022-01-28 00:00:00,2022,1,28,0,2.1453614346549847,1.9842897074997512,0.16107172715523355,0.16107172715523355
2022-01-28 06:00:00,2022,1,28,6,2.4660105369991925,2.5714229680918876,-0.10541243109269516,0.10541243109269516
2022-01-28 12:00:00,2022,1,28,12,5.519606997111157,5.74684475766674,-0.22723776055558353,0.22723776055558353
2022-01-28 18:00:00,2022,1,28,18,2.5362151518313376,2.430501818775243,0.10571333305609443,0.10571333305609443
2022-01-29 00:00:00,2022,1,29,0,1.7807885552920453,1.7925575452717635,-0.011768989979718203,0.011768989979718203
2022-01-29 06:00:00,2022,1,29,6,2.058135627899601,2.377363973301509,-0.31922834540190825,0.31922834540190825
2022-01-29 12:00:00,2022,1,29,12,5.917993232906695,5.956547546930036,-0.038554314023341085,0.038554314023341085
2022-01-29 18:00:00,2022,1,29,18,2.753383832268761,2.5596319673244725,0.19375186494428842,0.19375186494428842
2022-01-30 00:00:00,2022,1,30,0,1.7715981010931048,1.877966043089488,-0.10636794199638322,0.10636794199638322
2022-01-30 06:00:00,2022,1,30,6,2.6318632587365607,2.590074519818806,0.041788738917754475,0.041788738917754475
2022-01-30 12:00:00,2022,1,30,12,6.019235526223066,5.7696080789940325,0.24962744722903363,0.24962744722903363
2022-01-30 18:00:00,2022,1,30,18,2.787063720044228,2.62866511283076,0.158398607213468,0.158398607213468
2022-01-31 00:00:00,2022,1,31,0,2.178556221497605,1.9619263323274228,0.21662988917018233,0.21662988917018233
2022-01-31 06:00:00,2022,1,31,6,2.64785603772255,2.512918785379879,0.13493725234267107,0.13493725234267107
2022-01-31 12:00:00,2022,1,31,12,5.872241972722785,5.922112797088284,-0.049870824365498834,0.049870824365498834
2022-01-31 18:00:00,2022,1,31,18,2.5410898949706446,2.5006779746239274,0.040411920346717256,0.040411920346717256
2022-02-01 00:00:00,2022,2,1,0,1.936489934444768,1.8465471203333,0.08994281411146798,0.08994281411146798
2022-02-01 06:00:00,2022,2,1,6,2.5537455031950995,2.608062412652244,-0.05431690945714429,0.05431690945714429
2022-02-01 12:00:00,2022,2,1,12,5.882624655879275,5.923912115714396,-0.04128745983512072,0.04128745983512072
2022-02-01 18:00:00,2022,2,1,18,2.62786861661011,2.499180485040381,0.1286881315697288,0.1286881315697288
2022-02-02 00:00:00,2022,2,2,0,1.803903434672819,1.9101964323947067,-0.1062929977218876,0.1062929977218876
2022-02-02 06:00:00,2022,2,2,6,2.7142966266600204,2.772345947588519,-0.05804932092849846,0.05804932092849846
2022-02-02 12:00:00,2022,2,2,12,5.767100824000161,5.64474574283134,0.12235508116882077,0.12235508116882077
2022-02-02 18:00:00,2022,2,2,18,2.213421419619356,2.4777314718255465,-0.2643100522061905,0.2643100522061905
2022-02-03 00:00:00,2022,2,3,0,1.7497459696837478,1.8256922131157516,-0.07594624343200373,0.07594624343200373
2022-02-03 06:00:00,2022,2,3,6,2.5191659285015207,2.417426206311874,0.10173972218964655,0.10173972218964655
2022-02-03 12:00:00,2022,2,3,12,6.016345808508863,5.7119055179212195,0.3044402905876433,0.3044402905876433
2022-02-03 18:00:00,2022,2,3,18,2.3796168103228794,2.521076482815817,-0.14145967249293756,0.14145967249293756
2022-02-04 00:00:00,2022,2,4,0,1.7800151404291151,1.8014651042044623,-0.021449963775347136,0.021449963775347136
2022-02-04 06:00:00,2022,2,4,6,2.579100368444734,2.632987745806801,-0.05388737736206739,0.05388737736206739
2022-02-04 12:00:00,2022,2,4,12,6.115654381469664,5.748679527539736,0.36697485392992757,0.36697485392992757
2022-02-04 18:00:00,2022,2,4,18,2.531432993913905,2.417543546307702,0.11388944760620312,0.11388944760620312
2022-02-05 00:00:00,2022,2,5,0,1.868907709682756,1.9135921481046354,-0.04468443842187941,0.04468443842187941
2022-02-05 06:00:00,2022,2,5,6,2.3967408399843877,2.404163695517215,-0.007422855532827288,0.007422855532827288
2022-02-05 12:00:00,2022,2,5,12,5.8513626516300645,5.920631831418335,-0.06926917978827074,0.06926917978827074
2022-02-05 18:00:00,2022,2,5,18,2.629049922300428,2.6354652417018505,-0.006415319401422259,0.006415319401422259
2022-02-06 00:00:00,2022,2,6,0,2.104501526279793,1.920099484593553,0.18440204168623997,0.18440204168623997
2022-02-06 06:00:00,2022,2,6,6,2.6397578450980217,2.448847626280417,0.19091021881760462,0.19091021881760462
2022-02-06 12:00:00,2022,2,6,12,5.98247057723811,5.987718644460077,-0.005248067221967467,0.005248067221967467
2022-02-06 18:00:00,2022,2,6,18,3.281128603705126,2.8247766990841257,0.4563519046210005,0.4563519046210005
2022-02-07 00:00:00,2022,2,7,0,1.887838329762308,1.8699535336007795,0.017884796161528493,0.017884796161528493
2022-02-07 06:00:00,2022,2,7,6,2.8927208408419824,2.8535305997154703,0.03919024112651215,0.03919024112651215
2022-02-07 12:00:00,2022,2,7,12,5.924677785778318,6.017806638450995,-0.09312885267267745,0.09312885267267745
2022-02-07 18:00:00,2022,2,7,18,2.429964941587348,2.5329097778584067,-0.10294483627105855,0.10294483627105855
2022-02-08 00:00:00,2022,2,8,0,1.899258367747706,1.9106415901981793,-0.011383222450473296,0.011383222450473296
2022-02-08 06:00:00,2022,2,8,6,2.7014387490012104,2.628356207350796,0.07308254165041461,0.07308254165041461
2022-02-08 12:00:00,2022,2,8,12,5.710307819381302,5.848320372692104,-0.1380125533108023,0.1380125533108023
2022-02-08 18:00:00,2022,2,8,18,2.7729286711527283,2.589316705694857,0.1836119654578714,0.1836119654578714
2022-02-09 00:00:00,2022,2,9,0,2.0593557949219097,1.847875910538175,0.21147988438373466,0.21147988438373466
2022-02-09 06:00:00,2022,2,9,6,2.9533047833196653,2.7336149739803752,0.21968980933929005,0.21968980933929005
2022-02-09 12:00:00,2022,2,9,12,6.112193902800724,5.937482394891951,0.1747115079087731,0.1747115079087731
2022-02-09 18:00:00,2022,2,9,18,2.1655344254457995,2.34522765842955,-0.1796932329837504,0.1796932329837504
2022-02-10 00:00:00,2022,2,10,0,2.157665739491615,2.1297597274435107,0.0279060120481045,0.0279060120481045
2022-02-10 06:00:00,2022,2,10,6,2.7231709154398724,2.5419977732893493,0.18117314215052316,0.18117314215052316
2022-02-10 12:00:00,2022,2,10,12,6.177900836364713,6.1685641041924,0.009336732172312345,0.009336732172312345
2022-02-10 18:00:00,2022,2,10,18,2.5887984018838046,2.7434454218456827,-0.15464701996187813,0.15464701996187813
2022-02-11 00:00:00,2022,2,11,0,2.1694306086489283,2.110959538096339,0.05847107055258949,0.05847107055258949
2022-02-11 06:00:00,2022,2,11,6,2.684238373210893,2.695572687600294,-0.011334314389400912,0.011334314389400912
2022-02-11 12:00:00,2022,2,11,12,5.95559729617292,6.2598598295409005,-0.3042625333679805,0.3042625333679805
2022-02-11 18:00:00,2022,2,11,18,2.736684753265806,2.6092505644651713,0.12743418880063473,0.12743418880063473
2022-02-12 00:00:00,2022,2,12,0,1.886954724800104,1.9220896555348626,-0.035134930734758596,0.035134930734758596
2022-02-12 06:00:00,2022,2,12,6,2.797556035782659,2.807969753536975,-0.010413717754315766,0.010413717754315766
2022-02-12 12:00:00,2022,2,12,12,5.701074465971308,5.880716486904857,-0.17964202093354942,0.17964202093354942
2022-02-12 18:00:00,2022,2,12,18,2.805561240588816,2.622010386585579,0.1835508540032369,0.1835508540032369
2022-02-13 00:00:00,2022,2,13,0,1.7875404080581372,1.8881273456054095,-0.10058693754727233,0.10058693754727233
2022-02-13 06:00:00,2022,2,13,6,3.028230817398488,2.6647923460797256,0.3634384713187626,0.3634384713187626
2022-02-13 12:00:00,2022,2,13,12,6.200416543288074,6.0691882272821385,0.13122831600593532,0.13122831600593532
2022-02-13 18:00:00,2022,2,13,18,2.6156594174281,2.405744767587091,0.20991464984100894,0.20991464984100894
2022-02-14 00:00:00,2022,2,14,0,1.956388416843699,1.9697010965188257,-0.013312679675126837,0.013312679675126837
2022-02-14 06:00:00,2022,2,14,6,2.734288518283577,2.73372852841234,0.0005599898712373985,0.0005599898712373985
2022-02-14 12:00:00,2022,2,14,12,5.894000189848751,5.90221950866837,-0.008219318819619126,0.008219318819619126
2022-02-14 18:00:00,2022,2,14,18,2.5012547900766364,2.4724720202814354,0.028782769795201002,0.028782769795201002
2022-02-15 00:00:00,2022,2,15,0,1.9738581772310368,2.1749903941430997,-0.20113221691206284,0.20113221691206284
2022-02-15 06:00:00,2022,2,15,6,2.219184257780128,2.6270175049344053,-0.40783324715427716,0.40783324715427716
2022-02-15 12:00:00,2022,2,15,12,5.951534760960028,5.97204734943842,-0.020512588478392324,0.020512588478392324
2022-02-15 18:00:00,2022,2,15,18,2.3267608412534333,2.6404767303695786,-0.31371588911614534,0.31371588911614534
2022-02-16 00:00:00,2022,2,16,0,1.85491281174202,1.8149950348868875,0.039917776855132425,0.039917776855132425
2022-02-16 06:00:00,2022,2,16,6,2.7382546510264154,2.772192289637454,-0.0339376386110386,0.0339376386110386
2022-02-16 12:00:00,2022,2,16,12,5.908682436415902,5.943156653332632,-0.03447421691672936,0.03447421691672936
2022-02-16 18:00:00,2022,2,16,18,2.58262934521498,2.6333745034425573,-0.0507451582275773,0.0507451582275773
2022-02-17 00:00:00,2022,2,17,0,2.295274924283936,2.184473493927424,0.11080143035651213,0.11080143035651213
2022-02-17 06:00:00,2022,2,17,6,2.3333344086322327,2.488641366351254,-0.15530695771902137,0.15530695771902137
2022-02-17 12:00:00,2022,2,17,12,6.041302384128249,5.8868190809263,0.1544833032019488,0.1544833032019488
2022-02-17 18:00:00,2022,2,17,18,2.86527200745003,2.8135232417007616,0.051748765749268344,0.051748765749268344
2022-02-18 00:00:00,2022,2,18,0,2.0031401527575787,2.2204983647119696,-0.21735821195439087,0.21735821195439087
2022-02-18 06:00:00,2022,2,18,6,2.880459797333301,2.999565754944332,-0.11910595761103115,0.11910595761103115
2022-02-18 12:00:00,2022,2,18,12,5.776145682808906,5.9962466849845235,-0.22010100217561757,0.22010100217561757
2022-02-18 18:00:00,2022,2,18,18,2.560821920076552,2.7845042902198722,-0.22368237014332015,0.22368237014332015
2022-02-19 00:00:00,2022,2,19,0,2.213563832658646,2.3403101376898614,-0.1267463050312152,0.1267463050312152
2022-02-19 06:00:00,2022,2,19,6,2.835306734730794,2.741469311933522,0.09383742279727203,0.09383742279727203
2022-02-19 12:00:00,2022,2,19,12,6.326050999225452,5.949000407709337,0.37705059151611486,0.37705059151611486
2022-02-19 18:00:00,2022,2,19,18,2.829807969235652,2.786287203208516,0.04352076602713595,0.04352076602713595
2022-02-20 00:00:00,2022,2,20,0,2.069259279228838,2.0818841612651093,-0.012624882036271323,0.012624882036271323
2022-02-20 06:00:00,2022,2,20,6,2.406494869191432,2.468374723573275,-0.06187985438184285,0.06187985438184285
2022-02-20 12:00:00,2022,2,20,12,5.6490745087961605,5.989859181038228,-0.34078467224206754,0.34078467224206754
2022-02-20 18:00:00,2022,2,20,18,2.648723060050668,2.761818088134558,-0.11309502808389027,0.11309502808389027
2022-02-21 00:00:00,2022,2,21,0,2.171887312203181,2.193418028643308,-0.02153071644012705,0.02153071644012705
2022-02-21 06:00:00,2022,2,21,6,2.8949791810107763,2.8376215085658725,0.05735767244490386,0.05735767244490386
2022-02-21 12:00:00,2022,2,21,12,5.971677689217105,5.918946501007128,0.05273118820997702,0.05273118820997702
2022-02-21 18:00:00,2022,2,21,18,2.587322503075623,2.6661190601928184,-0.07879655711719558,0.07879655711719558
2022-02-22 00:00:00,2022,2,22,0,2.131222181196187,1.990074040008846,0.1411481411873412,0.1411481411873412
2022-02-22 06:00:00,2022,2,22,6,2.9450146591611386,2.590288548299096,0.35472611086204253,0.35472611086204253
2022-02-22 12:00:00,2022,2,22,12,6.38203574064212,6.074352749196304,0.3076829914458159,0.3076829914458159
2022-02-22 18:00:00,2022,2,22,18,2.8881100095932712,2.6446897253865167,0.24342028420675454,0.24342028420675454
2022-02-23 00:00:00,2022,2,23,0,1.899546270373465,1.965324320028846,-0.06577804965538103,0.06577804965538103
2022-02-23 06:00:00,2022,2,23,6,2.5902430194924886,2.7327347709592007,-0.1424917514667121,0.1424917514667121
2022-02-23 12:00:00,2022,2,23,12,6.4306774200050505,6.725696939790787,-0.29501951978573615,0.29501951978573615
2022-02-23 18:00:00,2022,2,23,18,3.0584488301405437,3.0669693518572867,-0.008520521716743001,0.008520521716743001
2022-02-24 00:00:00,2022,2,24,0,2.317322159384727,1.9744615416510742,0.34286061773365284,0.34286061773365284
2022-02-24 06:00:00,2022,2,24,6,2.5957386047019275,2.570639860582229,0.02509874411969859,0.02509874411969859
2022-02-24 12:00:00,2022,2,24,12,5.797977670132911,5.927443639630765,-0.12946596949785327,0.12946596949785327
2022-02-24 18:00:00,2022,2,24,18,2.9905077357975176,2.749654462886184,0.24085327291133352,0.24085327291133352
2022-02-25 00:00:00,2022,2,25,0,2.266737180405308,2.211900103224082,0.05483707718122588,0.05483707718122588
2022-02-25 06:00:00,2022,2,25,6,2.856241244175309,2.790615698454652,0.06562554572065693,0.06562554572065693
2022-02-25 12:00:00,2022,2,25,12,6.241632116381633,6.166622041129112,0.07501007525252135,0.07501007525252135
2022-02-25 18:00:00,2022,2,25,18,2.7046930276678456,2.62211850368409,0.08257452398375564,0.08257452398375564
2022-02-26 00:00:00,2022,2,26,0,2.1389824670188924,2.2893410427905203,-0.15035857577162792,0.15035857577162792
2022-02-26 06:00:00,2022,2,26,6,2.8646093734905387,2.9651248659362053,-0.1005154924456666,0.1005154924456666
2022-02-26 12:00:00,2022,2,26,12,6.364885261242322,6.284186018172419,0.08069924306990295,0.08069924306990295
2022-02-26 18:00:00,2022,2,26,18,3.1217300046333727,2.9484257262344586,0.17330427839891405,0.17330427839891405
2022-02-27 00:00:00,2022,2,27,0,1.909402732849728,1.84286859156097,0.06653414128875812,0.06653414128875812
2022-02-27 06:00:00,2022,2,27,6,2.9113473618355137,2.5950906153315882,0.31625674650392543,0.31625674650392543
2022-02-27 12:00:00,2022,2,27,12,6.224984345483915,6.183069012923593,0.04191533256032276,0.04191533256032276
2022-02-27 18:00:00,2022,2,27,18,2.7229443554259665,2.7205657628592803,0.002378592566686155,0.002378592566686155
2022-02-28 00:00:00,2022,2,28,0,1.7714545739716352,2.0782799144653135,-0.30682534049367827,0.30682534049367827
2022-02-28 06:00:00,2022,2,28,6,2.902136613065549,2.8110716285597226,0.09106498450582645,0.09106498450582645
2022-02-28 12:00:00,2022,2,28,12,5.88029314130464,6.1751169997803705,-0.29482385847573056,0.29482385847573056
2022-02-28 18:00:00,2022,2,28,18,2.938860746766503,2.7699753079313076,0.16888543883519525,0.16888543883519525
2022-03-01 00:00:00,2022,3,1,0,2.4872985919511263,2.341459933740869,0.14583865821025732,0.14583865821025732
2022-03-01 06:00:00,2022,3,1,6,2.535487182515184,2.6461669472235805,-0.11067976470839636,0.11067976470839636
2022-03-01 12:00:00,2022,3,1,12,6.15188914116349,6.284697014370568,-0.13280787320707788,0.13280787320707788
2022-03-01 18:00:00,2022,3,1,18,2.8358436019313453,3.039721550470245,-0.20387794853889973,0.20387794853889973
2022-03-02 00:00:00,2022,3,2,0,2.241180531052153,2.3978724090149077,-0.15669187796275486,0.15669187796275486
2022-03-02 06:00:00,2022,3,2,6,2.7703771319862387,2.8472607583385496,-0.07688362635231094,0.07688362635231094
2022-03-02 12:00:00,2022,3,2,12,6.309177025294865,6.302458479682173,0.0067185456126921395,0.0067185456126921395
2022-03-02 18:00:00,2022,3,2,18,2.734564244953156,2.8423440465565513,-0.10777980160339506,0.10777980160339506
2022-03-03 00:00:00,2022,3,3,0,2.5195149349318533,2.2662544864195318,0.25326044851232155,0.25326044851232155
2022-03-03 06:00:00,2022,3,3,6,3.0633248129414805,3.067929517430399,-0.004604704488918365,0.004604704488918365
2022-03-03 12:00:00,2022,3,3,12,6.576989890557145,6.444464212413058,0.1325256781440869,0.1325256781440869
2022-03-03 18:00:00,2022,3,3,18,2.861196248144371,2.9048548672153927,-0.043658619071021754,0.043658619071021754
2022-03-04 00:00:00,2022,3,4,0,2.183933437993089,2.287975024425099,-0.10404158643201011,0.10404158643201011
2022-03-04 06:00:00,2022,3,4,6,2.7203344372891327,2.917329433880949,-0.1969949965918163,0.1969949965918163
2022-03-04 12:00:00,2022,3,4,12,6.102789765648405,6.252974783925489,-0.1501850182770843,0.1501850182770843
2022-03-04 18:00:00,2022,3,4,18,2.77722406829707,2.5509659085632785,0.2262581597337916,0.2262581597337916
2022-03-05 00:00:00,2022,3,5,0,2.0872417679815665,2.227539350557754,-0.14029758257618763,0.14029758257618763
2022-03-05 06:00:00,2022,3,5,6,3.115488799473612,3.1357417116164212,-0.020252912142809443,0.020252912142809443
2022-03-05 12:00:00,2022,3,5,12,6.305198359692738,5.880116809981396,0.4250815497113418,0.4250815497113418
2022-03-05 18:00:00,2022,3,5,18,2.658633024280727,2.680548753407453,-0.021915729126726013,0.021915729126726013
2022-03-06 00:00:00,2022,3,6,0,1.948374372599545,2.0861973474814817,-0.13782297488193662,0.13782297488193662
2022-03-06 06:00:00,2022,3,6,6,2.8825680815646755,2.8675061865377205,0.015061895026954986,0.015061895026954986
2022-03-06 12:00:00,2022,3,6,12,6.539786270587381,6.151841880574152,0.3879443900132289,0.3879443900132289
2022-03-06 18:00:00,2022,3,6,18,2.829956369683707,2.7233041650139844,0.10665220466972247,0.10665220466972247
2022-03-07 00:00:00,2022,3,7,0,2.2135257125232086,2.312564620678595,-0.09903890815538618,0.09903890815538618
2022-03-07 06:00:00,2022,3,7,6,3.1136989732191864,2.993372252973592,0.12032672024559421,0.12032672024559421
2022-03-07 12:00:00,2022,3,7,12,6.712722708938277,6.489347006670032,0.2233757022682452,0.2233757022682452
2022-03-07 18:00:00,2022,3,7,18,3.148511821405434,2.8149357773187065,0.3335760440867275,0.3335760440867275
2022-03-08 00:00:00,2022,3,8,0,2.1355401815424195,2.014563926279423,0.12097625526299671,0.12097625526299671
2022-03-08 06:00:00,2022,3,8,6,3.2576208214181963,3.2148163600617026,0.04280446135649374,0.04280446135649374
2022-03-08 12:00:00,2022,3,8,12,6.52307865048516,6.401425802079536,0.12165284840562407,0.12165284840562407
2022-03-08 18:00:00,2022,3,8,18,2.8357009464145566,2.839838022523003,-0.004137076108446269,0.004137076108446269
2022-03-09 00:00:00,2022,3,9,0,2.108612277412864,2.332661423479168,-0.22404914606630388,0.22404914606630388
2022-03-09 06:00:00,2022,3,9,6,2.510243662344773,2.7751172415167806,-0.2648735791720078,0.2648735791720078
2022-03-09 12:00:00,2022,3,9,12,6.495051708018482,6.54014093825477,-0.04508923023628775,0.04508923023628775
2022-03-09 18:00:00,2022,3,9,18,3.042819510678219,2.9414672232089374,0.1013522874692816,0.1013522874692816
2022-03-10 00:00:00,2022,3,10,0,2.426250734303621,2.358254503112911,0.06799623119071008,0.06799623119071008
2022-03-10 06:00:00,2022,3,10,6,2.867791582721126,3.0226035202279773,-0.1548119375068513,0.1548119375068513
2022-03-10 12:00:00,2022,3,10,12,6.414872161124054,6.5550855202362275,-0.14021335911217392,0.14021335911217392
2022-03-10 18:00:00,2022,3,10,18,2.8864491175914506,2.8831901622054112,0.003258955386039375,0.003258955386039375
2022-03-11 00:00:00,2022,3,11,0,2.22563834538354,2.42068715083412,-0.1950488054505799,0.1950488054505799
2022-03-11 06:00:00,2022,3,11,6,3.258526764855207,2.9722431072333904,0.2862836576218166,0.2862836576218166
2022-03-11 12:00:00,2022,3,11,12,6.154350444204309,6.011695463524411,0.14265498067989757,0.14265498067989757
2022-03-11 18:00:00,2022,3,11,18,3.2230067394952107,2.9381018996424664,0.2849048398527443,0.2849048398527443
2022-03-12 00:00:00,2022,3,12,0,2.714304447435684,2.4602637251333506,0.2540407223023333,0.2540407223023333
2022-03-12 06:00:00,2022,3,12,6,3.034809422495727,3.198511996112993,-0.16370257361726592,0.16370257361726592
2022-03-12 12:00:00,2022,3,12,12,6.448812784035511,6.326698331200836,0.12211445283467537,0.12211445283467537
2022-03-12 18:00:00,2022,3,12,18,3.0236035794285123,2.926596788059584,0.09700679136892854,0.09700679136892854
2022-03-13 00:00:00,2022,3,13,0,2.248075759567732,2.375870873004183,-0.12779511343645122,0.12779511343645122
2022-03-13 06:00:00,2022,3,13,6,3.03172784081796,3.037063730387317,-0.005335889569356933,0.005335889569356933
2022-03-13 12:00:00,2022,3,13,12,6.470013170462487,6.706623047906407,-0.2366098774439207,0.2366098774439207
2022-03-13 18:00:00,2022,3,13,18,2.876070865900779,2.955058471032347,-0.0789876051315681,0.0789876051315681
2022-03-14 00:00:00,2022,3,14,0,2.700489292407028,2.5531839679986748,0.1473053244083533,0.1473053244083533
2022-03-14 06:00:00,2022,3,14,6,2.7545923384462863,3.0441804555778575,-0.2895881171315713,0.2895881171315713
2022-03-14 12:00:00,2022,3,14,12,6.751859525245143,6.643745099933506,0.10811442531163706,0.10811442531163706
2022-03-14 18:00:00,2022,3,14,18,2.659074752783814,2.9522605015035475,-0.2931857487197336,0.2931857487197336
2022-03-15 00:00:00,2022,3,15,0,2.341422901749905,2.4061177306623396,-0.0646948289124345,0.0646948289124345
2022-03-15 06:00:00,2022,3,15,6,3.5833276899265702,3.177802875061838,0.40552481486473235,0.40552481486473235
2022-03-15 12:00:00,2022,3,15,12,6.858370376072354,6.74892729384073,0.10944308223162391,0.10944308223162391
2022-03-15 18:00:00,2022,3,15,18,3.1320165637503696,3.1032762356258288,0.02874032812454086,0.02874032812454086
2022-03-16 00:00:00,2022,3,16,0,2.4253315002570406,2.459651475296399,-0.034319975039358575,0.034319975039358575
2022-03-16 06:00:00,2022,3,16,6,3.1097326490349904,3.1831582505877427,-0.07342560155275235,0.07342560155275235
2022-03-16 12:00:00,2022,3,16,12,6.467932621406351,6.774075661898373,-0.3061430404920227,0.3061430404920227
2022-03-16 18:00:00,2022,3,16,18,3.1430906404223897,3.2762633653569075,-0.13317272493451782,0.13317272493451782
2022-03-17 00:00:00,2022,3,17,0,2.363885777268272,2.415167731543866,-0.05128195427559401,0.05128195427559401
2022-03-17 06:00:00,2022,3,17,6,3.3231716993215703,2.952127557694626,0.3710441416269443,0.3710441416269443
2022-03-17 12:00:00,2022,3,17,12,6.464501620642938,6.367260700073445,0.09724092056949285,0.09724092056949285
2022-03-17 18:00:00,2022,3,17,18,2.9796859884547686,3.1115028131466618,-0.13181682469189315,0.13181682469189315
2022-03-18 00:00:00,2022,3,18,0,2.420522583972327,2.439090275106551,-0.018567691134224074,0.018567691134224074
2022-03-18 06:00:00,2022,3,18,6,3.070071477156897,3.0336288734878765,0.036442603669020635,0.036442603669020635
2022-03-18 12:00:00,2022,3,18,12,6.865570270128639,6.772176116781884,0.09339415334675572,0.09339415334675572
2022-03-18 18:00:00,2022,3,18,18,3.022598843876416,2.8868742216436143,0.1357246222328019,0.1357246222328019
2022-03-19 00:00:00,2022,3,19,0,2.5541659677101824,2.3674242075222027,0.18674176018797972,0.18674176018797972
2022-03-19 06:00:00,2022,3,19,6,2.7959011690131508,2.884568629149864,-0.08866746013671323,0.08866746013671323
2022-03-19 12:00:00,2022,3,19,12,6.885888677514186,6.745594680015652,0.14029399749853333,0.14029399749853333
2022-03-19 18:00:00,2022,3,19,18,3.026300615629838,2.959203356791876,0.06709725883796214,0.06709725883796214
2022-03-20 00:00:00,2022,3,20,0,2.351621253359972,2.372243275640848,-0.020622022280876173,0.020622022280876173
2022-03-20 06:00:00,2022,3,20,6,3.0139142230511795,3.0251205781137833,-0.011206355062603812,0.011206355062603812
2022-03-20 12:00:00,2022,3,20,12,7.249144525937321,7.073174286316584,0.175970239620737,0.175970239620737
2022-03-20 18:00:00,2022,3,20,18,3.359145150515467,3.2657289140302863,0.09341623648518071,0.09341623648518071
2022-03-21 00:00:00,2022,3,21,0,2.577118117160529,2.4442379330104966,0.13288018415003222,0.13288018415003222
2022-03-21 06:00:00,2022,3,21,6,3.2340786541664497,3.277969288956188,-0.043890634789738314,0.043890634789738314
2022-03-21 12:00:00,2022,3,21,12,6.991122255872318,6.96363897914515,0.02748327672716755,0.02748327672716755
2022-03-21 18:00:00,2022,3,21,18,3.4434693626187616,3.0804722632288057,0.36299709938995584,0.36299709938995584
2022-03-22 00:00:00,2022,3,22,0,2.389611949717415,2.396310160914505,-0.0066982111970901315,0.0066982111970901315
2022-03-22 06:00:00,2022,3,22,6,3.047216649011426,3.1108236312177766,-0.06360698220635053,0.06360698220635053
2022-03-22 12:00:00,2022,3,22,12,7.018927690603876,7.010436638009107,0.008491052594768789,0.008491052594768789
2022-03-22 18:00:00,2022,3,22,18,2.931438003751176,2.8935352139062473,0.03790278984492845,0.03790278984492845
2022-03-23 00:00:00,2022,3,23,0,2.611327918774043,2.414007294443374,0.19732062433066888,0.19732062433066888
2022-03-23 06:00:00,2022,3,23,6,2.9220180191516256,2.952958318683042,-0.030940299531416304,0.030940299531416304
2022-03-23 12:00:00,2022,3,23,12,7.006467095783768,6.915470911045302,0.09099618473846594,0.09099618473846594
2022-03-23 18:00:00,2022,3,23,18,3.2373229794102687,3.3676161831245746,-0.13029320371430586,0.13029320371430586
2022-03-24 00:00:00,2022,3,24,0,2.832893173398086,2.5922697161218973,0.24062345727618872,0.24062345727618872
2022-03-24 06:00:00,2022,3,24,6,2.8976302213341474,3.0067975234674305,-0.10916730213328307,0.10916730213328307
2022-03-24 12:00:00,2022,3,24,12,6.904560436083242,7.024096067993891,-0.1195356319106482,0.1195356319106482
2022-03-24 18:00:00,2022,3,24,18,3.5048561617620195,3.2918602584290375,0.21299590333298202,0.21299590333298202
2022-03-25 00:00:00,2022,3,25,0,2.609393935205404,2.6628849664797123,-0.05349103127430821,0.05349103127430821
2022-03-25 06:00:00,2022,3,25,6,3.0950043098198425,3.3352177149069813,-0.24021340508713873,0.24021340508713873
2022-03-25 12:00:00,2022,3,25,12,6.882546690133147,6.886930205540176,-0.004383515407029748,0.004383515407029748
2022-03-25 18:00:00,2022,3,25,18,3.662630766738996,3.4851592732804475,0.1774714934585484,0.1774714934585484
2022-03-26 00:00:00,2022,3,26,0,2.594912872286854,2.5839363413139473,0.01097653097290685,0.01097653097290685
2022-03-26 06:00:00,2022,3,26,6,3.297068351757584,3.252429358268891,0.044638993488693046,0.044638993488693046
2022-03-26 12:00:00,2022,3,26,12,6.6972133684820605,6.721603895359383,-0.02439052687732257,0.02439052687732257
2022-03-26 18:00:00,2022,3,26,18,3.2926345669079917,3.078885562251162,0.21374900465682956,0.21374900465682956
2022-03-27 00:00:00,2022,3,27,0,2.5288382216633365,2.427047128698533,0.10179109296480338,0.10179109296480338
2022-03-27 06:00:00,2022,3,27,6,3.239291559553044,3.085976239660706,0.15331531989233804,0.15331531989233804
2022-03-27 12:00:00,2022,3,27,12,7.377027164616072,7.066027121254635,0.31100004336143705,0.31100004336143705
2022-03-27 18:00:00,2022,3,27,18,3.248964454540001,3.228172537187096,0.020791917352905198,0.020791917352905198
2022-03-28 00:00:00,2022,3,28,0,2.782750242413656,2.5558496585544583,0.22690058385919754,0.22690058385919754
2022-03-28 06:00:00,2022,3,28,6,3.054379633061417,3.2124617662528143,-0.1580821331913973,0.1580821331913973
2022-03-28 12:00:00,2022,3,28,12,7.011219299825041,7.055601873560784,-0.04438257373574306,0.04438257373574306
2022-03-28 18:00:00,2022,3,28,18,3.234983032908981,3.196983201018536,0.03799983189044509,0.03799983189044509
2022-03-29 00:00:00,2022,3,29,0,2.540234527604541,2.624631864827605,-0.0843973372230642,0.0843973372230642
2022-03-29 06:00:00,2022,3,29,6,3.2738769775332743,3.2965550989263837,-0.02267812139310932,0.02267812139310932
2022-03-29 12:00:00,2022,3,29,12,7.353369807912155,7.136980896082473,0.21638891182968134,0.21638891182968134
2022-03-29 18:00:00,2022,3,29,18,3.293774381826571,3.4721402580664256,-0.17836587623985478,0.17836587623985478
2022-03-30 00:00:00,2022,3,30,0,2.60073623614751,2.688807337916223,-0.08807110176871324,0.08807110176871324
2022-03-30 06:00:00,2022,3,30,6,3.413531147229733,3.37787689267887,0.03565425455086313,0.03565425455086313
2022-03-30 12:00:00,2022,3,30,12,6.942026678347523,6.874805153250445,0.06722152509707868,0.06722152509707868
2022-03-30 18:00:00,2022,3,30,18,3.01956717464718,3.159600222626399,-0.14003304797921867,0.14003304797921867
2022-03-31 00:00:00,2022,3,31,0,2.293308632857734,2.502755328372853,-0.20944669551511907,0.20944669551511907
2022-03-31 06:00:00,2022,3,31,6,3.441272936505434,3.3046949102305025,0.13657802627493165,0.13657802627493165
2022-03-31 12:00:00,2022,3,31,12,7.341102124445725,7.103896615831781,0.23720550861394418,0.23720550861394418
2022-03-31 18:00:00,2022,3,31,18,3.274788894736859,3.2807383675134996,-0.005949472776640707,0.005949472776640707
2022-04-01 00:00:00,2022,4,1,0,2.865180081910218,2.7591817187536742,0.10599836315654354,0.10599836315654354
2022-04-01 06:00:00,2022,4,1,6,3.187135864854613,3.5435344537348565,-0.35639858888024367,0.35639858888024367
2022-04-01 12:00:00,2022,4,1,12,7.175820547839559,7.06872153848867,0.10709900935088967,0.10709900935088967
2022-04-01 18:00:00,2022,4,1,18,3.256316157561573,3.170204210608946,0.08611194695262725,0.08611194695262725
2022-04-02 00:00:00,2022,4,2,0,2.9053578345732403,2.649069936965278,0.2562878976079621,0.2562878976079621
2022-04-02 06:00:00,2022,4,2,6,3.3256204038109747,3.2788124392657454,0.046807964545229286,0.046807964545229286
2022-04-02 12:00:00,2022,4,2,12,7.336864214185194,7.157154745148171,0.17970946903702334,0.17970946903702334
2022-04-02 18:00:00,2022,4,2,18,3.059586054069644,3.0475517533339116,0.012034300735732195,0.012034300735732195
2022-04-03 00:00:00,2022,4,3,0,2.6243845098379506,2.8349637651841393,-0.2105792553461887,0.2105792553461887
2022-04-03 06:00:00,2022,4,3,6,3.5082373231553343,3.4441250075626404,0.06411231559269392,0.06411231559269392
2022-04-03 12:00:00,2022,4,3,12,7.288754883269062,7.246076019227998,0.042678864041064024,0.042678864041064024
2022-04-03 18:00:00,2022,4,3,18,3.3826236303200803,3.307065406702872,0.07555822361720832,0.07555822361720832
2022-04-04 00:00:00,2022,4,4,0,2.860624953834348,2.7133356650667504,0.14728928876759761,0.14728928876759761
2022-04-04 06:00:00,2022,4,4,6,3.273673632038934,3.328762746578567,-0.055089114539633055,0.055089114539633055
2022-04-04 12:00:00,2022,4,4,12,7.385203260310181,7.25099962691221,0.1342036333979708,0.1342036333979708
2022-04-04 18:00:00,2022,4,4,18,3.378464956183495,3.3799018606218376,-0.0014369044383424345,0.0014369044383424345
2022-04-05 00:00:00,2022,4,5,0,2.69075793504774,2.786422636241305,-0.09566470119356474,0.09566470119356474
2022-04-05 06:00:00,2022,4,5,6,3.455084326486592,3.481908131889784,-0.026823805403192402,0.026823805403192402
2022-04-05 12:00:00,2022,4,5,12,7.390470645255728,7.204560301294968,0.18591034396075923,0.18591034396075923
2022-04-05 18:00:00,2022,4,5,18,3.362212268694795,3.340438644084671,0.021773624610123665,0.021773624610123665
2022-04-06 00:00:00,2022,4,6,0,3.0240029371362045,3.1323310186616466,-0.10832808152544215,0.10832808152544215
2022-04-06 06:00:00,2022,4,6,6,3.4617045847078893,3.4818486151984627,-0.02014403049057334,0.02014403049057334
2022-04-06 12:00:00,2022,4,6,12,7.049498811457637,6.982238848467613,0.06725996299002368,0.06725996299002368
2022-04-06 18:00:00,2022,4,6,18,3.324494858579437,3.347781023462664,-0.02328616488322721,0.02328616488322721
2022-04-07 00:00:00,2022,4,7,0,2.94856384937707,2.852840598657111,0.09572325071995902,0.09572325071995902
2022-04-07 06:00:00,2022,4,7,6,3.324390079101877,3.3657084956132843,-0.04131841651140755,0.04131841651140755
2022-04-07 12:00:00,2022,4,7,12,7.452168063793177,7.414026582265114,0.03814148152806318,0.03814148152806318
2022-04-07 18:00:00,2022,4,7,18,3.440704171635736,3.579759123234487,-0.13905495159875114,0.13905495159875114
2022-04-08 00:00:00,2022,4,8,0,2.726051796990044,2.844649577679433,-0.11859778068938898,0.11859778068938898
2022-04-08 06:00:00,2022,4,8,6,3.58513712613029,3.627118293282584,-0.04198116715229405,0.04198116715229405
2022-04-08 12:00:00,2022,4,8,12,7.744971531027757,7.45482089106977,0.2901506399579876,0.2901506399579876
2022-04-08 18:00:00,2022,4,8,18,3.6503081508431463,3.527997663075693,0.12231048776745324,0.12231048776745324
2022-04-09 00:00:00,2022,4,9,0,2.9775877901136565,3.178346953658302,-0.2007591635446455,0.2007591635446455
2022-04-09 06:00:00,2022,4,9,6,3.415862590495262,3.492552202846096,-0.0766896123508336,0.0766896123508336
2022-04-09 12:00:00,2022,4,9,12,7.651296588443946,7.281281472731901,0.3700151157120457,0.3700151157120457
2022-04-09 18:00:00,2022,4,9,18,3.542462818992673,3.451083594546918,0.09137922444575475,0.09137922444575475
2022-04-10 00:00:00,2022,4,10,0,2.8749861099636616,2.95430518615158,-0.07931907618791856,0.07931907618791856
2022-04-10 06:00:00,2022,4,10,6,3.7593696720566223,3.6673233600879787,0.09204631196864366,0.09204631196864366
2022-04-10 12:00:00,2022,4,10,12,7.245484161822671,7.338772928761572,-0.09328876693890109,0.09328876693890109
2022-04-10 18:00:00,2022,4,10,18,3.457002793295969,3.710232239610421,-0.25322944631445177,0.25322944631445177
2022-04-11 00:00:00,2022,4,11,0,2.6948112425037807,2.8710342835629725,-0.17622304105919184,0.17622304105919184
2022-04-11 06:00:00,2022,4,11,6,3.552650485587036,3.5432980004924524,0.009352485094583418,0.009352485094583418
2022-04-11 12:00:00,2022,4,11,12,6.960007778933514,7.195516786743941,-0.2355090078104265,0.2355090078104265
2022-04-11 18:00:00,2022,4,11,18,3.740469047618932,3.622381123484933,0.11808792413399916,0.11808792413399916
2022-04-12 00:00:00,2022,4,12,0,2.973012385682001,3.116670288572025,-0.14365790289002378,0.14365790289002378
2022-04-12 06:00:00,2022,4,12,6,3.384367670673653,3.5229799758851867,-0.13861230521153356,0.13861230521153356
2022-04-12 12:00:00,2022,4,12,12,7.319415664029644,7.402593646842468,-0.08317798281282407,0.08317798281282407
2022-04-12 18:00:00,2022,4,12,18,3.518226974593687,3.4666694979798294,0.05155747661385757,0.05155747661385757
2022-04-13 00:00:00,2022,4,13,0,2.9673331831868177,3.008956414204232,-0.0416232310174145,0.0416232310174145
2022-04-13 06:00:00,2022,4,13,6,3.946073823282695,3.7930830146810393,0.15299080860165581,0.15299080860165581
2022-04-13 12:00:00,2022,4,13,12,7.704631508228206,7.489435030738016,0.21519647749019022,0.21519647749019022
2022-04-13 18:00:00,2022,4,13,18,3.14503183784596,3.449919786923903,-0.3048879490779428,0.3048879490779428
2022-04-14 00:00:00,2022,4,14,0,3.2209385620096564,3.1397243234392307,0.08121423857042576,0.08121423857042576
2022-04-14 06:00:00,2022,4,14,6,3.424304313180314,3.392680953311953,0.03162335986836107,0.03162335986836107
2022-04-14 12:00:00,2022,4,14,12,7.612341213415608,7.581907253483329,0.03043395993227893,0.03043395993227893
2022-04-14 18:00:00,2022,4,14,18,3.759650562229936,3.841305621021642,-0.08165505879170576,0.08165505879170576
2022-04-15 00:00:00,2022,4,15,0,3.0168918222407304,3.1202102403511693,-0.10331841811043896,0.10331841811043896
2022-04-15 06:00:00,2022,4,15,6,3.4682383696269965,3.565732764398618,-0.09749439477162136,0.09749439477162136
2022-04-15 12:00:00,2022,4,15,12,7.27524018015114,7.339524371939295,-0.06428419178815492,0.06428419178815492
2022-04-15 18:00:00,2022,4,15,18,4.29702324118467,4.095702739015101,0.20132050216956898,0.20132050216956898
2022-04-16 00:00:00,2022,4,16,0,2.8396074649014293,2.871659163351642,-0.03205169845021283,0.03205169845021283
2022-04-16 06:00:00,2022,4,16,6,3.6557233252695824,3.7440547473147787,-0.08833142204519628,0.08833142204519628
2022-04-16 12:00:00,2022,4,16,12,7.601415205191716,7.625776240434086,-0.024361035242369766,0.024361035242369766
2022-04-16 18:00:00,2022,4,16,18,3.778994277405741,3.6475317086327337,0.13146256877300733,0.13146256877300733
2022-04-17 00:00:00,2022,4,17,0,3.384870219248618,3.285536457202263,0.09933376204635502,0.09933376204635502
2022-04-17 06:00:00,2022,4,17,6,3.91497610346921,3.626962261735616,0.2880138417335938,0.2880138417335938
2022-04-17 12:00:00,2022,4,17,12,7.68226149583738,7.655813575285144,0.026447920552235438,0.026447920552235438
2022-04-17 18:00:00,2022,4,17,18,4.039785386225944,3.7564767614514087,0.2833086247745351,0.2833086247745351
2022-04-18 00:00:00,2022,4,18,0,3.241515399135804,2.9459715766572785,0.2955438224785256,0.2955438224785256
2022-04-18 06:00:00,2022,4,18,6,3.995244448974756,3.8489931074065162,0.14625134156823982,0.14625134156823982
2022-04-18 12:00:00,2022,4,18,12,7.527497197883029,7.582142893336233,-0.0546456954532033,0.0546456954532033
2022-04-18 18:00:00,2022,4,18,18,3.768450998694748,3.6392931428763196,0.1291578558184283,0.1291578558184283
2022-04-19 00:00:00,2022,4,19,0,3.381532681361081,3.178388849207678,0.20314383215340293,0.20314383215340293
2022-04-19 06:00:00,2022,4,19,6,3.716528304560874,3.7217039779356216,-0.005175673374747447,0.005175673374747447
2022-04-19 12:00:00,2022,4,19,12,7.947606398685667,7.768726954894212,0.17887944379145537,0.17887944379145537
2022-04-19 18:00:00,2022,4,19,18,3.7693440174415023,3.6601240001592483,0.10922001728225395,0.10922001728225395
2022-04-20 00:00:00,2022,4,20,0,3.283146421045345,3.355433091697871,-0.07228667065252603,0.07228667065252603
2022-04-20 06:00:00,2022,4,20,6,3.77013654081087,3.8315724953779116,-0.06143595456704176,0.06143595456704176
2022-04-20 12:00:00,2022,4,20,12,7.774221068341417,7.682888965866421,0.09133210247499601,0.09133210247499601
2022-04-20 18:00:00,2022,4,20,18,4.189486933896898,3.9759115294261207,0.21357540447077739,0.21357540447077739
2022-04-21 00:00:00,2022,4,21,0,2.8044652134150487,3.076741219378564,-0.2722760059635152,0.2722760059635152
2022-04-21 06:00:00,2022,4,21,6,3.868379350956933,3.9239916802566905,-0.05561232929975768,0.05561232929975768
2022-04-21 12:00:00,2022,4,21,12,7.8266037056969,7.795353595277084,0.03125011041981551,0.03125011041981551
2022-04-21 18:00:00,2022,4,21,18,3.650442634684553,3.6667319534695557,-0.016289318785002838,0.016289318785002838
2022-04-22 00:00:00,2022,4,22,0,2.9916510603160766,3.065900843921038,-0.07424978360496137,0.07424978360496137
2022-04-22 06:00:00,2022,4,22,6,4.2652621120629455,4.097896779439396,0.16736533262354936,0.16736533262354936
2022-04-22 12:00:00,2022,4,22,12,8.116022111845703,8.0091058440167,0.10691626782900343,0.10691626782900343
2022-04-22 18:00:00,2022,4,22,18,3.844823191569668,3.7838635966552325,0.06095959491443548,0.06095959491443548
2022-04-23 00:00:00,2022,4,23,0,3.1868927122602773,3.3560273840193653,-0.16913467175908803,0.16913467175908803
2022-04-23 06:00:00,2022,4,23,6,3.7609370165263023,3.9229289120823787,-0.1619918955560764,0.1619918955560764
2022-04-23 12:00:00,2022,4,23,12,7.865288606647653,7.849015649431371,0.016272957216281192,0.016272957216281192
2022-04-23 18:00:00,2022,4,23,18,4.175996052625153,3.8954323245195948,0.28056372810555796,0.28056372810555796
2022-04-24 00:00:00,2022,4,24,0,3.5865231731353227,3.278891092087847,0.30763208104747575,0.30763208104747575
2022-04-24 06:00:00,2022,4,24,6,4.099485776703541,3.9467657555680136,0.15272002113552752,0.15272002113552752
2022-04-24 12:00:00,2022,4,24,12,7.687711520387192,7.87083526873019,-0.1831237483429975,0.1831237483429975
2022-04-24 18:00:00,2022,4,24,18,3.82473841598884,3.8365225099671694,-0.01178409397832958,0.01178409397832958
2022-04-25 00:00:00,2022,4,25,0,3.5630949190856422,3.5446077946849095,0.018487124400732746,0.018487124400732746
2022-04-25 06:00:00,2022,4,25,6,4.356183175429642,4.173773662002913,0.1824095134267294,0.1824095134267294
2022-04-25 12:00:00,2022,4,25,12,7.991038898836568,8.102117705663982,-0.11107880682741378,0.11107880682741378
2022-04-25 18:00:00,2022,4,25,18,3.6419846226873904,3.745511583367672,-0.10352696068028155,0.10352696068028155
2022-04-26 00:00:00,2022,4,26,0,3.587567698733364,3.5309608942407644,0.05660680449259958,0.05660680449259958
2022-04-26 06:00:00,2022,4,26,6,3.9399296803780817,3.911649323046118,0.028280357331963657,0.028280357331963657
2022-04-26 12:00:00,2022,4,26,12,8.21315598987384,7.823617724370035,0.38953826550380555,0.38953826550380555
2022-04-26 18:00:00,2022,4,26,18,3.743443836458293,3.700943073458868,0.04250076299942496,0.04250076299942496
2022-04-27 00:00:00,2022,4,27,0,3.7081308313672814,3.4495225930350366,0.2586082383322448,0.2586082383322448
2022-04-27 06:00:00,2022,4,27,6,3.952549216714401,3.962573557595574,-0.0100243408811731,0.0100243408811731
2022-04-27 12:00:00,2022,4,27,12,8.212403814816154,8.122508069102512,0.08989574571364223,0.08989574571364223
2022-04-27 18:00:00,2022,4,27,18,3.996189204623191,4.122041999773196,-0.12585279515000503,0.12585279515000503
2022-04-28 00:00:00,2022,4,28,0,2.9888413066565818,3.1673858160324384,-0.17854450937585664,0.17854450937585664
2022-04-28 06:00:00,2022,4,28,6,4.219725647808174,3.9001586105186026,0.31956703728957114,0.31956703728957114
2022-04-28 12:00:00,2022,4,28,12,7.915585587715277,7.855476577271769,0.060109010443508026,0.060109010443508026
2022-04-28 18:00:00,2022,4,28,18,4.001370149880085,3.929245177430884,0.0721249724492008,0.0721249724492008
2022-04-29 00:00:00,2022,4,29,0,3.429135679854925,3.3720846436534497,0.057051036201475114,0.057051036201475114
2022-04-29 06:00:00,2022,4,29,6,4.134297781505968,4.063269580734533,0.07102820077143424,0.07102820077143424
2022-04-29 12:00:00,2022,4,29,12,8.197182133638982,8.110247138879133,0.086934994759849,0.086934994759849
2022-04-29 18:00:00,2022,4,29,18,3.568570858708873,3.744537205291201,-0.17596634658232801,0.17596634658232801
2022-04-30 00:00:00,2022,4,30,0,3.5846971901165747,3.4698897434190665,0.1148074466975082,0.1148074466975082
2022-04-30 06:00:00,2022,4,30,6,4.202903698563982,4.2078224936380515,-0.004918795074069671,0.004918795074069671
2022-04-30 12:00:00,2022,4,30,12,7.956496300751862,7.753740374035794,0.20275592671606812,0.20275592671606812
2022-04-30 18:00:00,2022,4,30,18,3.925012214642004,4.144564084839044,-0.21955187019704026,0.21955187019704026
2022-05-01 00:00:00,2022,5,1,0,3.406558604700742,3.2200174381385507,0.18654116656219122,0.18654116656219122
2022-05-01 06:00:00,2022,5,1,6,4.23236461016224,4.155261709231946,0.07710290093029393,0.07710290093029393
2022-05-01 12:00:00,2022,5,1,12,8.138627041647581,8.084937927015408,0.05368911463217252,0.05368911463217252
2022-05-01 18:00:00,2022,5,1,18,3.94292996551793,4.185876012702942,-0.24294604718501223,0.24294604718501223
2022-05-02 00:00:00,2022,5,2,0,3.576077567717788,3.3223221892476915,0.25375537847009655,0.25375537847009655
2022-05-02 06:00:00,2022,5,2,6,4.379846214842397,4.206498619967625,0.17334759487477225,0.17334759487477225
2022-05-02 12:00:00,2022,5,2,12,7.982697412612851,8.095651829097381,-0.11295441648452975,0.11295441648452975
2022-05-02 18:00:00,2022,5,2,18,3.914553927641873,4.174889667354421,-0.2603357397125481,0.2603357397125481
2022-05-03 00:00:00,2022,5,3,0,3.902844715342897,3.655164268686485,0.24768044665641176,0.24768044665641176
2022-05-03 06:00:00,2022,5,3,6,3.855280336549452,4.0591116065785435,-0.20383127002909163,0.20383127002909163
2022-05-03 12:00:00,2022,5,3,12,8.24465072618616,8.26032184199388,-0.01567111580772007,0.01567111580772007
2022-05-03 18:00:00,2022,5,3,18,3.865863812109109,3.943161524941189,-0.0772977128320802,0.0772977128320802
2022-05-04 00:00:00,2022,5,4,0,3.3624844889652605,3.201969451644818,0.16051503732044248,0.16051503732044248
2022-05-04 06:00:00,2022,5,4,6,3.9215845258216766,3.9887378662380018,-0.06715334041632515,0.06715334041632515
2022-05-04 12:00:00,2022,5,4,12,8.699964295843005,8.433272889221799,0.26669140662120583,0.26669140662120583
2022-05-04 18:00:00,2022,5,4,18,4.24901960252596,4.066726362121159,0.18229324040480144,0.18229324040480144
2022-05-05 00:00:00,2022,5,5,0,3.467978607835651,3.4900398824678933,-0.022061274632242167,0.022061274632242167
2022-05-05 06:00:00,2022,5,5,6,3.920854655937482,3.944927080401118,-0.02407242446363611,0.02407242446363611
2022-05-05 12:00:00,2022,5,5,12,8.16629054518796,8.315507097968243,-0.1492165527802829,0.1492165527802829
2022-05-05 18:00:00,2022,5,5,18,3.956319001974992,3.7985328682410215,0.15778613373397032,0.15778613373397032
2022-05-06 00:00:00,2022,5,6,0,3.7595966705403625,3.7245689075337225,0.03502776300664001,0.03502776300664001
2022-05-06 06:00:00,2022,5,6,6,4.394049482807756,4.482223437905589,-0.0881739550978331,0.0881739550978331
2022-05-06 12:00:00,2022,5,6,12,8.427165279119585,8.65856220033611,-0.23139692121652544,0.23139692121652544
2022-05-06 18:00:00,2022,5,6,18,4.373714331023813,4.162623873443365,0.21109045758044864,0.21109045758044864
2022-05-07 00:00:00,2022,5,7,0,3.5808730407957405,3.6349072599526813,-0.05403421915694073,0.05403421915694073
2022-05-07 06:00:00,2022,5,7,6,4.531340770872287,4.0742461875995035,0.4570945832727835,0.4570945832727835
2022-05-07 12:00:00,2022,5,7,12,8.222785040905038,8.442443829547958,-0.21965878864292065,0.21965878864292065
2022-05-07 18:00:00,2022,5,7,18,4.058842637789306,4.168381936441644,-0.10953929865233825,0.10953929865233825
2022-05-08 00:00:00,2022,5,8,0,3.7708431382608256,4.073853425478238,-0.3030102872174125,0.3030102872174125
2022-05-08 06:00:00,2022,5,8,6,4.275380764665695,4.271733265365936,0.0036474992997597155,0.0036474992997597155
2022-05-08 12:00:00,2022,5,8,12,8.343027729381628,8.339218758548501,0.0038089708331270344,0.0038089708331270344
2022-05-08 18:00:00,2022,5,8,18,4.398160058057738,4.24578389247537,0.15237616558236766,0.15237616558236766
2022-05-09 00:00:00,2022,5,9,0,3.5091839221173884,3.674126804763338,-0.16494288264594958,0.16494288264594958
2022-05-09 06:00:00,2022,5,9,6,4.30241898202812,4.4306578666502405,-0.12823888462212096,0.12823888462212096
2022-05-09 12:00:00,2022,5,9,12,8.532170742840716,8.48759948047752,0.04457126236319553,0.04457126236319553
2022-05-09 18:00:00,2022,5,9,18,4.109468454130504,4.288249261952298,-0.17878080782179318,0.17878080782179318
2022-05-10 00:00:00,2022,5,10,0,3.837452494619192,3.9878120882107173,-0.15035959359152518,0.15035959359152518
2022-05-10 06:00:00,2022,5,10,6,4.376042105096856,4.238060023349731,0.13798208174712467,0.13798208174712467
2022-05-10 12:00:00,2022,5,10,12,8.750432376123317,8.524026243476118,0.2264061326471989,0.2264061326471989
2022-05-10 18:00:00,2022,5,10,18,4.270698106218505,4.386064856800746,-0.11536675058224066,0.11536675058224066
2022-05-11 00:00:00,2022,5,11,0,3.7734756729470136,3.8226375320621924,-0.049161859115178785,0.049161859115178785
2022-05-11 06:00:00,2022,5,11,6,4.192035039208758,4.147554346077847,0.044480693130910964,0.044480693130910964
2022-05-11 12:00:00,2022,5,11,12,8.48359392707299,8.625718652936477,-0.14212472586348746,0.14212472586348746
2022-05-11 18:00:00,2022,5,11,18,4.475915833959613,4.371304795941627,0.10461103801798632,0.10461103801798632
2022-05-12 00:00:00,2022,5,12,0,3.6956570432401774,3.4561048599170014,0.23955218332317596,0.23955218332317596
2022-05-12 06:00:00,2022,5,12,6,4.4606357365959255,4.2882985950348065,0.172337141561119,0.172337141561119
2022-05-12 12:00:00,2022,5,12,12,9.015783215896006,8.899116442747328,0.1166667731486779,0.1166667731486779
2022-05-12 18:00:00,2022,5,12,18,4.313572235046784,4.4765049983334375,-0.16293276328665307,0.16293276328665307
2022-05-13 00:00:00,2022,5,13,0,3.9848780569407034,3.754396590474939,0.2304814664657644,0.2304814664657644
2022-05-13 06:00:00,2022,5,13,6,4.445640885969901,4.5647793088255355,-0.11913842285563447,0.11913842285563447
2022-05-13 12:00:00,2022,5,13,12,8.770021498171266,8.598308564150571,0.17171293402069487,0.17171293402069487
2022-05-13 18:00:00,2022,5,13,18,4.190285890584405,4.356191473539793,-0.16590558295538838,0.16590558295538838
2022-05-14 00:00:00,2022,5,14,0,3.894554516490005,3.836272725886268,0.05828179060373673,0.05828179060373673
2022-05-14 06:00:00,2022,5,14,6,4.279892675961368,4.2139775291909,0.06591514677046817,0.06591514677046817
2022-05-14 12:00:00,2022,5,14,12,8.690016641184894,8.518697171081179,0.17131947010371462,0.17131947010371462
2022-05-14 18:00:00,2022,5,14,18,4.773848073938486,4.437214374717458,0.3366336992210277,0.3366336992210277
2022-05-15 00:00:00,2022,5,15,0,3.963899354216113,4.072381887492282,-0.10848253327616941,0.10848253327616941
2022-05-15 06:00:00,2022,5,15,6,4.442216956574791,4.44329209896686,-0.0010751423920689618,0.0010751423920689618
2022-05-15 12:00:00,2022,5,15,12,8.774797216492562,8.600448191177433,0.17434902531512897,0.17434902531512897
2022-05-15 18:00:00,2022,5,15,18,4.5783681502004185,4.542681372717242,0.03568677748317661,0.03568677748317661
2022-05-16 00:00:00,2022,5,16,0,3.967030874864325,3.9727556133402597,-0.00572473847593491,0.00572473847593491
2022-05-16 06:00:00,2022,5,16,6,4.4403609609832255,4.345482302890891,0.09487865809233487,0.09487865809233487
2022-05-16 12:00:00,2022,5,16,12,8.53288755957682,8.862479222109402,-0.3295916625325823,0.3295916625325823
2022-05-16 18:00:00,2022,5,16,18,4.446583741914142,4.269845046329502,0.17673869558463995,0.17673869558463995
2022-05-17 00:00:00,2022,5,17,0,4.1274892025188255,3.9138385336452766,0.2136506688735489,0.2136506688735489
2022-05-17 06:00:00,2022,5,17,6,4.482815426741455,4.389260658315027,0.0935547684264284,0.0935547684264284
2022-05-17 12:00:00,2022,5,17,12,8.85800177081715,9.098003468819357,-0.2400016980022066,0.2400016980022066
2022-05-17 18:00:00,2022,5,17,18,4.650525127743044,4.517854167362542,0.1326709603805014,0.1326709603805014
2022-05-18 00:00:00,2022,5,18,0,3.547721748519961,3.8785878922685404,-0.3308661437485796,0.3308661437485796
2022-05-18 06:00:00,2022,5,18,6,4.856141036772788,4.839254256758514,0.016886780014274017,0.016886780014274017
2022-05-18 12:00:00,2022,5,18,12,8.780913800707886,8.654096580202852,0.12681722050503375,0.12681722050503375
2022-05-18 18:00:00,2022,5,18,18,4.726424954241957,4.7984480433853465,-0.07202308914338929,0.07202308914338929
2022-05-19 00:00:00,2022,5,19,0,4.18197780767437,4.078287181475318,0.103690626199052,0.103690626199052
2022-05-19 06:00:00,2022,5,19,6,4.604513301631825,4.681331483660775,-0.07681818202894952,0.07681818202894952
2022-05-19 12:00:00,2022,5,19,12,9.130524935342647,9.011713080498637,0.1188118548440098,0.1188118548440098
2022-05-19 18:00:00,2022,5,19,18,4.598498016090445,4.622467762104126,-0.02396974601368118,0.02396974601368118
2022-05-20 00:00:00,2022,5,20,0,3.999648769650791,4.025497461489063,-0.02584869183827143,0.02584869183827143
2022-05-20 06:00:00,2022,5,20,6,4.271512863089371,4.291250781483795,-0.019737918394423737,0.019737918394423737
2022-05-20 12:00:00,2022,5,20,12,8.443282929952131,8.523065782267581,-0.07978285231545001,0.07978285231545001
2022-05-20 18:00:00,2022,5,20,18,4.292355742693165,4.668621241001731,-0.37626549830856604,0.37626549830856604
2022-05-21 00:00:00,2022,5,21,0,4.1792602382220645,4.147099755025991,0.032160483196073564,0.032160483196073564
2022-05-21 06:00:00,2022,5,21,6,4.411049531533557,4.633298229872881,-0.2222486983393237,0.2222486983393237
2022-05-21 12:00:00,2022,5,21,12,8.90843097258476,8.791183134597652,0.11724783798710803,0.11724783798710803
2022-05-21 18:00:00,2022,5,21,18,4.694589935568287,4.7787328225696655,-0.08414288700137806,0.08414288700137806
2022-05-22 00:00:00,2022,5,22,0,4.025613665796352,4.086922896495778,-0.0613092306994254,0.0613092306994254
2022-05-22 06:00:00,2022,5,22,6,4.181577390150693,4.647076780405016,-0.4654993902543234,0.4654993902543234
2022-05-22 12:00:00,2022,5,22,12,8.57704791257053,8.770916182211517,-0.19386826964098702,0.19386826964098702
2022-05-22 18:00:00,2022,5,22,18,4.503895425924536,4.725639505231657,-0.22174407930712103,0.22174407930712103
2022-05-23 00:00:00,2022,5,23,0,4.302994362124531,4.336540635894318,-0.033546273769786694,0.033546273769786694
2022-05-23 06:00:00,2022,5,23,6,4.647574543804216,4.840688486979513,-0.1931139431752964,0.1931139431752964
2022-05-23 12:00:00,2022,5,23,12,9.010779168961216,8.874583623405803,0.13619554555541313,0.13619554555541313
2022-05-23 18:00:00,2022,5,23,18,4.3707066009106965,4.809558185027969,-0.43885158411727243,0.43885158411727243
2022-05-24 00:00:00,2022,5,24,0,4.006304960498126,4.111732066760904,-0.10542710626277874,0.10542710626277874
2022-05-24 06:00:00,2022,5,24,6,4.689896194456759,4.827876602301263,-0.13798040784450372,0.13798040784450372
2022-05-24 12:00:00,2022,5,24,12,8.762169770188377,8.894175073169752,-0.13200530298137458,0.13200530298137458
2022-05-24 18:00:00,2022,5,24,18,4.561771906567849,4.758693476143404,-0.1969215695755553,0.1969215695755553
2022-05-25 00:00:00,2022,5,25,0,4.032885568960687,4.263505886185702,-0.2306203172250152,0.2306203172250152
2022-05-25 06:00:00,2022,5,25,6,4.910718335837385,4.947129234676547,-0.036410898839162265,0.036410898839162265
2022-05-25 12:00:00,2022,5,25,12,8.697351523288415,8.900722511770777,-0.20337098848236224,0.20337098848236224
2022-05-25 18:00:00,2022,5,25,18,4.750228382582722,4.825079894763993,-0.0748515121812714,0.0748515121812714
2022-05-26 00:00:00,2022,5,26,0,3.9885310949152415,4.288085079389809,-0.2995539844745676,0.2995539844745676
2022-05-26 06:00:00,2022,5,26,6,5.032239963767488,5.02324857562805,0.008991388139437895,0.008991388139437895
2022-05-26 12:00:00,2022,5,26,12,9.173133785776514,9.162762999265476,0.010370786511037622,0.010370786511037622
2022-05-26 18:00:00,2022,5,26,18,5.099819391268685,4.930762917219007,0.16905647404967805,0.16905647404967805
2022-05-27 00:00:00,2022,5,27,0,4.20226784113409,4.197072670498356,0.005195170635734492,0.005195170635734492
2022-05-27 06:00:00,2022,5,27,6,4.29551871247537,4.820476527323224,-0.5249578148478546,0.5249578148478546
2022-05-27 12:00:00,2022,5,27,12,9.299528277376709,9.14040325098957,0.1591250263871391,0.1591250263871391
2022-05-27 18:00:00,2022,5,27,18,4.948878207827911,4.980409337642499,-0.03153112981458772,0.03153112981458772
2022-05-28 00:00:00,2022,5,28,0,4.342154843796266,4.303532776926151,0.038622066870114935,0.038622066870114935
2022-05-28 06:00:00,2022,5,28,6,4.973460974948618,4.992700396984996,-0.019239422036378073,0.019239422036378073
2022-05-28 12:00:00,2022,5,28,12,9.48807788397677,9.427316008617295,0.06076187535947497,0.06076187535947497
2022-05-28 18:00:00,2022,5,28,18,4.86848106350841,4.955348764970478,-0.08686770146206779,0.08686770146206779
2022-05-29 00:00:00,2022,5,29,0,4.116317701075056,4.320381062777134,-0.20406336170207773,0.20406336170207773
2022-05-29 06:00:00,2022,5,29,6,4.708102502310753,4.740774512566286,-0.032672010255533124,0.032672010255533124
2022-05-29 12:00:00,2022,5,29,12,8.993875619114194,9.156980602462628,-0.16310498334843437,0.16310498334843437
2022-05-29 18:00:00,2022,5,29,18,5.194617189877103,5.084849496559246,0.10976769331785707,0.10976769331785707
2022-05-30 00:00:00,2022,5,30,0,4.16552445737779,4.33101628916784,-0.16549183179004956,0.16549183179004956
2022-05-30 06:00:00,2022,5,30,6,5.037751197462572,4.891389180203793,0.1463620172587783,0.1463620172587783
2022-05-30 12:00:00,2022,5,30,12,9.454649028932677,9.25289513215972,0.2017538967729564,0.2017538967729564
2022-05-30 18:00:00,2022,5,30,18,5.037689821983366,5.0115538513403655,0.02613597064300066,0.02613597064300066
2022-05-31 00:00:00,2022,5,31,0,4.623611025579008,4.607056091858482,0.016554933720525966,0.016554933720525966
2022-05-31 06:00:00,2022,5,31,6,5.013770762102072,4.966539694769721,0.04723106733235127,0.04723106733235127
2022-05-31 12:00:00,2022,5,31,12,9.370745557851825,9.48719428083452,-0.11644872298269604,0.11644872298269604
2022-05-31 18:00:00,2022,5,31,18,4.663734819644255,4.902969011543324,-0.2392341918990688,0.2392341918990688
2022-06-01 00:00:00,2022,6,1,0,4.263199832885419,4.244257736424733,0.018942096460685676,0.018942096460685676
2022-06-01 06:00:00,2022,6,1,6,5.197168528434256,5.165416118604604,0.031752409829651995,0.031752409829651995
2022-06-01 12:00:00,2022,6,1,12,9.571853083005728,9.48015766372054,0.09169541928518754,0.09169541928518754
2022-06-01 18:00:00,2022,6,1,18,4.981880127318837,4.983264256680633,-0.00138412936179666,0.00138412936179666
2022-06-02 00:00:00,2022,6,2,0,4.117575571941293,4.369435128255761,-0.2518595563144679,0.2518595563144679
2022-06-02 06:00:00,2022,6,2,6,5.112493868130087,4.878561332750661,0.2339325353794255,0.2339325353794255
2022-06-02 12:00:00,2022,6,2,12,9.024169625176068,9.00286688560128,0.021302739574787566,0.021302739574787566
2022-06-02 18:00:00,2022,6,2,18,4.992218027765311,5.0997442045489585,-0.10752617678364729,0.10752617678364729
2022-06-03 00:00:00,2022,6,3,0,4.348766020056374,4.522708287664884,-0.17394226760850984,0.17394226760850984
2022-06-03 06:00:00,2022,6,3,6,5.373970589763756,5.286272716395827,0.08769787336792856,0.08769787336792856
2022-06-03 12:00:00,2022,6,3,12,9.075737066276922,9.065956295526773,0.00978077075014916,0.00978077075014916
2022-06-03 18:00:00,2022,6,3,18,4.963412434002955,4.9755093785876685,-0.01209694458471322,0.01209694458471322
2022-06-04 00:00:00,2022,6,4,0,4.77505998515628,4.619288829752492,0.15577115540378816,0.15577115540378816
2022-06-04 06:00:00,2022,6,4,6,4.823971025396953,5.179314168829751,-0.3553431434327976,0.3553431434327976
2022-06-04 12:00:00,2022,6,4,12,9.418449018310053,9.132265187912857,0.28618383039719575,0.28618383039719575
2022-06-04 18:00:00,2022,6,4,18,5.169890284197556,4.988989778651285,0.1809005055462709,0.1809005055462709
2022-06-05 00:00:00,2022,6,5,0,4.472315079427367,4.436935406950514,0.0353796724768527,0.0353796724768527
2022-06-05 06:00:00,2022,6,5,6,5.156340348582816,5.011974404270019,0.14436594431279737,0.14436594431279737
2022-06-05 12:00:00,2022,6,5,12,9.391017120092764,9.392838761380137,-0.0018216412873730548,0.0018216412873730548
2022-06-05 18:00:00,2022,6,5,18,4.91698839119555,5.1783579951366905,-0.26136960394114084,0.26136960394114084
2022-06-06 00:00:00,2022,6,6,0,4.233790518013094,4.275343342085204,-0.04155282407211036,0.04155282407211036
2022-06-06 06:00:00,2022,6,6,6,5.586452339715234,5.239657001155417,0.3467953385598168,0.3467953385598168
2022-06-06 12:00:00,2022,6,6,12,9.360833180659764,9.663138541960745,-0.30230536130098073,0.30230536130098073
2022-06-06 18:00:00,2022,6,6,18,5.366095795487916,5.526245820556014,-0.1601500250680976,0.1601500250680976
2022-06-07 00:00:00,2022,6,7,0,4.683645606483239,4.564021950841932,0.11962365564130728,0.11962365564130728
2022-06-07 06:00:00,2022,6,7,6,5.24542080113657,5.173034319352078,0.07238648178449214,0.07238648178449214
2022-06-07 12:00:00,2022,6,7,12,9.472681482346871,9.459130820171817,0.01355066217505474,0.01355066217505474
2022-06-07 18:00:00,2022,6,7,18,5.330725743683872,5.274594747034917,0.056130996648954934,0.056130996648954934
2022-06-08 00:00:00,2022,6,8,0,4.370295175468609,4.508991337330395,-0.13869616186178568,0.13869616186178568
2022-06-08 06:00:00,2022,6,8,6,5.121508614890086,5.17324463472254,-0.051736019832453906,0.051736019832453906
2022-06-08 12:00:00,2022,6,8,12,9.326605088887003,9.567798798842817,-0.24119370995581413,0.24119370995581413
2022-06-08 18:00:00,2022,6,8,18,5.47070517192511,5.477394156884103,-0.0066889849589930606,0.0066889849589930606
2022-06-09 00:00:00,2022,6,9,0,4.637296701279593,4.55138330417362,0.08591339710597268,0.08591339710597268
2022-06-09 06:00:00,2022,6,9,6,4.956572587057401,5.176384945409859,-0.21981235835245805,0.21981235835245805
2022-06-09 12:00:00,2022,6,9,12,9.621438485960956,9.576659672165864,0.04477881379509263,0.04477881379509263
2022-06-09 18:00:00,2022,6,9,18,5.418471951476518,5.4083834442593455,0.010088507217172804,0.010088507217172804
2022-06-10 00:00:00,2022,6,10,0,4.36705584424924,4.3538622569841445,0.013193587265095452,0.013193587265095452
2022-06-10 06:00:00,2022,6,10,6,5.297701634707203,5.159964129357224,0.1377375053499792,0.1377375053499792
2022-06-10 12:00:00,2022,6,10,12,9.48156542914479,9.563378552649539,-0.08181312350474812,0.08181312350474812
2022-06-10 18:00:00,2022,6,10,18,5.105096858747007,5.0402496527945875,0.06484720595241988,0.06484720595241988
2022-06-11 00:00:00,2022,6,11,0,4.608662543793723,4.459245962042544,0.14941658175117833,0.14941658175117833
2022-06-11 06:00:00,2022,6,11,6,5.034536905180872,4.995238515332539,0.03929838984833278,0.03929838984833278
2022-06-11 12:00:00,2022,6,11,12,9.479294198495529,9.179232545943023,0.3000616525525057,0.3000616525525057
2022-06-11 18:00:00,2022,6,11,18,4.63728768812283,5.168239563998238,-0.5309518758754077,0.5309518758754077
2022-06-12 00:00:00,2022,6,12,0,4.70777529252992,4.5940587641446164,0.11371652838530366,0.11371652838530366
2022-06-12 06:00:00,2022,6,12,6,5.781582140702562,5.608616167244445,0.17296597345811726,0.17296597345811726
2022-06-12 12:00:00,2022,6,12,12,9.79888457463986,9.889979864197693,-0.09109528955783297,0.09109528955783297
2022-06-12 18:00:00,2022,6,12,18,5.327284150439987,5.1985521818920475,0.12873196854793978,0.12873196854793978
2022-06-13 00:00:00,2022,6,13,0,4.597538635190388,4.68485268152786,-0.08731404633747175,0.08731404633747175
2022-06-13 06:00:00,2022,6,13,6,5.188983115510597,5.365845661837849,-0.17686254632725174,0.17686254632725174
2022-06-13 12:00:00,2022,6,13,12,9.544224339294878,9.566509762067884,-0.022285422773006047,0.022285422773006047
2022-06-13 18:00:00,2022,6,13,18,5.344681964159601,5.225603188661534,0.11907877549806667,0.11907877549806667
2022-06-14 00:00:00,2022,6,14,0,5.004886268232493,4.787434501925843,0.21745176630664975,0.21745176630664975
2022-06-14 06:00:00,2022,6,14,6,5.170992181365498,5.166832491599206,0.004159689766291663,0.004159689766291663
2022-06-14 12:00:00,2022,6,14,12,9.705885321372303,9.70002260716719,0.005862714205113306,0.005862714205113306
2022-06-14 18:00:00,2022,6,14,18,5.1675270465355,5.273159165640826,-0.10563211910532644,0.10563211910532644
2022-06-15 00:00:00,2022,6,15,0,4.675338098891821,4.73386844361805,-0.05853034472622909,0.05853034472622909
2022-06-15 06:00:00,2022,6,15,6,5.288652482960117,5.43546725697502,-0.14681477401490284,0.14681477401490284
2022-06-15 12:00:00,2022,6,15,12,10.04021681837957,9.693237698780225,0.3469791195993448,0.3469791195993448
2022-06-15 18:00:00,2022,6,15,18,5.715664733904133,5.441627493604312,0.2740372402998217,0.2740372402998217
2022-06-16 00:00:00,2022,6,16,0,4.881792299624705,4.797518426378422,0.08427387324628377,0.08427387324628377
2022-06-16 06:00:00,2022,6,16,6,5.4146221311721865,5.155962113277804,0.25866001789438275,0.25866001789438275
2022-06-16 12:00:00,2022,6,16,12,9.75642761707494,9.63759070587903,0.11883691119591155,0.11883691119591155
2022-06-16 18:00:00,2022,6,16,18,5.456271437198476,5.382794102621517,0.0734773345769586,0.0734773345769586
2022-06-17 00:00:00,2022,6,17,0,4.973443933308671,4.995809466300493,-0.02236553299182198,0.02236553299182198
2022-06-17 06:00:00,2022,6,17,6,5.283319309793473,5.231444289725539,0.051875020067933875,0.051875020067933875
2022-06-17 12:00:00,2022,6,17,12,9.57244009138838,9.599589128063963,-0.027149036675583105,0.027149036675583105
2022-06-17 18:00:00,2022,6,17,18,5.497145755704911,5.514763934557257,-0.017618178852345956,0.017618178852345956
2022-06-18 00:00:00,2022,6,18,0,4.928226295510789,4.800595957747499,0.12763033776329014,0.12763033776329014
2022-06-18 06:00:00,2022,6,18,6,5.473294432016458,5.396617158469137,0.0766772735473209,0.0766772735473209
2022-06-18 12:00:00,2022,6,18,12,9.966107907936037,9.752683113402037,0.21342479453399932,0.21342479453399932
2022-06-18 18:00:00,2022,6,18,18,5.619295320208205,5.574948610832044,0.044346709376161364,0.044346709376161364
2022-06-19 00:00:00,2022,6,19,0,4.725469372550038,4.620072344277544,0.10539702827249453,0.10539702827249453
2022-06-19 06:00:00,2022,6,19,6,5.503443658327294,5.5470962802707895,-0.04365262194349562,0.04365262194349562
2022-06-19 12:00:00,2022,6,19,12,9.256921061746612,9.674824833707083,-0.41790377196047146,0.41790377196047146
2022-06-19 18:00:00,2022,6,19,18,5.599495526954961,5.3751927074576535,0.22430281949730713,0.22430281949730713
2022-06-20 00:00:00,2022,6,20,0,4.8594584980758215,4.776782478949228,0.08267601912659384,0.08267601912659384
2022-06-20 06:00:00,2022,6,20,6,5.667708866866706,5.558523640710339,0.10918522615636661,0.10918522615636661
2022-06-20 12:00:00,2022,6,20,12,9.78352395743416,9.747172388720713,0.036351568713445914,0.036351568713445914
2022-06-20 18:00:00,2022,6,20,18,5.265096363449312,5.375403594770283,-0.11030723132097098,0.11030723132097098
2022-06-21 00:00:00,2022,6,21,0,5.134423779490666,4.725993413321803,0.4084303661688624,0.4084303661688624
2022-06-21 06:00:00,2022,6,21,6,5.254692148561043,5.424255974031562,-0.16956382547051874,0.16956382547051874
2022-06-21 12:00:00,2022,6,21,12,9.704401142291331,9.672165443570387,0.03223569872094423,0.03223569872094423
2022-06-21 18:00:00,2022,6,21,18,5.452040629311124,5.498928880815198,-0.04688825150407361,0.04688825150407361
2022-06-22 00:00:00,2022,6,22,0,5.449510747150957,5.109959301201389,0.3395514459495681,0.3395514459495681
2022-06-22 06:00:00,2022,6,22,6,5.572231036507547,5.676534219216615,-0.10430318270906813,0.10430318270906813
2022-06-22 12:00:00,2022,6,22,12,10.017737971650904,9.997226154107286,0.02051181754361764,0.02051181754361764
2022-06-22 18:00:00,2022,6,22,18,5.585158334014404,5.732491843812434,-0.14733350979802928,0.14733350979802928
2022-06-23 00:00:00,2022,6,23,0,5.034570004139211,4.924186882911164,0.11038312122804683,0.11038312122804683
2022-06-23 06:00:00,2022,6,23,6,5.7298491241135725,5.474737381033108,0.25511174308046414,0.25511174308046414
2022-06-23 12:00:00,2022,6,23,12,9.918076059759471,9.82602700435218,0.09204905540729058,0.09204905540729058
2022-06-23 18:00:00,2022,6,23,18,5.344503116778739,5.561705610195584,-0.2172024934168446,0.2172024934168446
2022-06-24 00:00:00,2022,6,24,0,5.011600520167487,5.132678014740335,-0.12107749457284722,0.12107749457284722
2022-06-24 06:00:00,2022,6,24,6,5.62752379099387,5.63942908916064,-0.011905298166769995,0.011905298166769995
2022-06-24 12:00:00,2022,6,24,12,10.06394207018452,10.031091219024292,0.032850851160228345,0.032850851160228345
2022-06-24 18:00:00,2022,6,24,18,5.244412047999355,5.356924591396842,-0.11251254339748673,0.11251254339748673
2022-06-25 00:00:00,2022,6,25,0,5.007472557475604,5.009891618637434,-0.002419061161829994,0.002419061161829994
2022-06-25 06:00:00,2022,6,25,6,5.513703527714742,5.528223321086354,-0.014519793371611911,0.014519793371611911
2022-06-25 12:00:00,2022,6,25,12,9.987459604408787,10.056202334975795,-0.06874273056700808,0.06874273056700808
2022-06-25 18:00:00,2022,6,25,18,5.640967179937721,5.541345076544495,0.09962210339322564,0.09962210339322564
2022-06-26 00:00:00,2022,6,26,0,4.991318785584585,5.079062605409286,-0.08774381982470114,0.08774381982470114
2022-06-26 06:00:00,2022,6,26,6,5.849185819875397,5.507349532123886,0.3418362877515113,0.3418362877515113
2022-06-26 12:00:00,2022,6,26,12,9.68489611748003,9.766499403946506,-0.08160328646647663,0.08160328646647663
2022-06-26 18:00:00,2022,6,26,18,5.533001119105533,5.552451668465839,-0.019450549360305658,0.019450549360305658
2022-06-27 00:00:00,2022,6,27,0,4.595794308557976,4.938710893396943,-0.34291658483896637,0.34291658483896637
2022-06-27 06:00:00,2022,6,27,6,5.314853378279056,5.715948711152987,-0.40109533287393084,0.40109533287393084
2022-06-27 12:00:00,2022,6,27,12,10.364273290463462,10.020012291736911,0.3442609987265506,0.3442609987265506
2022-06-27 18:00:00,2022,6,27,18,5.618831533233776,5.5669350775138495,0.05189645571992685,0.05189645571992685
2022-06-28 00:00:00,2022,6,28,0,4.9755924204709405,4.92343566098659,0.05215675948435017,0.05215675948435017
2022-06-28 06:00:00,2022,6,28,6,5.728225152883648,5.7972050389114,-0.06897988602775218,0.06897988602775218
2022-06-28 12:00:00,2022,6,28,12,9.633842753956856,9.868513970531911,-0.2346712165750553,0.2346712165750553
2022-06-28 18:00:00,2022,6,28,18,5.726265063388182,5.829667743624749,-0.10340268023656662,0.10340268023656662
2022-06-29 00:00:00,2022,6,29,0,4.991517905956474,5.095464810274853,-0.10394690431837894,0.10394690431837894
2022-06-29 06:00:00,2022,6,29,6,5.945206462787732,5.940666357612478,0.004540105175254716,0.004540105175254716
2022-06-29 12:00:00,2022,6,29,12,10.302907652713282,10.263468079892027,0.0394395728212551,0.0394395728212551
2022-06-29 18:00:00,2022,6,29,18,5.5298843654928,5.485739182200019,0.04414518329278039,0.04414518329278039
2022-06-30 00:00:00,2022,6,30,0,4.826895541870418,4.986732441358092,-0.159836899487674,0.159836899487674
2022-06-30 06:00:00,2022,6,30,6,5.488641990133913,5.547649239387665,-0.059007249253752114,0.059007249253752114
2022-06-30 12:00:00,2022,6,30,12,9.947975369771608,9.90414433811686,0.043831031654749,0.043831031654749
2022-06-30 18:00:00,2022,6,30,18,5.736221977944009,5.633906579442234,0.10231539850177462,0.10231539850177462
2022-07-01 00:00:00,2022,7,1,0,5.089048764108649,4.9693414325893865,0.11970733151926272,0.11970733151926272
2022-07-01 06:00:00,2022,7,1,6,5.952868890464966,5.560684076800822,0.39218481366414437,0.39218481366414437
2022-07-01 12:00:00,2022,7,1,12,10.38352024928794,10.07351478016332,0.31000546912462035,0.31000546912462035
2022-07-01 18:00:00,2022,7,1,18,5.385176767214267,5.577498047604645,-0.1923212803903782,0.1923212803903782
2022-07-02 00:00:00,2022,7,2,0,5.026984127572872,5.090862392139209,-0.06387826456633672,0.06387826456633672
2022-07-02 06:00:00,2022,7,2,6,5.885999891397359,6.0029848715874925,-0.11698498019013392,0.11698498019013392
2022-07-02 12:00:00,2022,7,2,12,9.725734381893275,10.053981936445346,-0.3282475545520711,0.3282475545520711
2022-07-02 18:00:00,2022,7,2,18,5.628255824414086,5.6029965675488835,0.02525925686520214,0.02525925686520214
2022-07-03 00:00:00,2022,7,3,0,5.41742815222343,5.247929588401282,0.169498563822148,0.169498563822148
2022-07-03 06:00:00,2022,7,3,6,5.3869613159023775,5.598574941455827,-0.21161362555344976,0.21161362555344976
2022-07-03 12:00:00,2022,7,3,12,9.947865627008207,9.879919979832264,0.06794564717594298,0.06794564717594298
2022-07-03 18:00:00,2022,7,3,18,5.746904662176828,5.800149980802131,-0.05324531862530346,0.05324531862530346
2022-07-04 00:00:00,2022,7,4,0,5.355420986133502,5.250385953935138,0.10503503219836396,0.10503503219836396
2022-07-04 06:00:00,2022,7,4,6,6.197891912279296,6.093620455736914,0.10427145654238235,0.10427145654238235
2022-07-04 12:00:00,2022,7,4,12,9.9936716934942,10.027056223168797,-0.033384529674597374,0.033384529674597374
2022-07-04 18:00:00,2022,7,4,18,5.795582991223009,5.845531365707069,-0.04994837448406031,0.04994837448406031
2022-07-05 00:00:00,2022,7,5,0,4.874543302990092,4.980678314249852,-0.10613501125976033,0.10613501125976033
2022-07-05 06:00:00,2022,7,5,6,5.675701755164392,5.723129336927418,-0.04742758176302608,0.04742758176302608
2022-07-05 12:00:00,2022,7,5,12,9.91767363022204,9.837487041353244,0.0801865888687967,0.0801865888687967
2022-07-05 18:00:00,2022,7,5,18,5.7088384550936055,5.742740282163871,-0.03390182707026579,0.03390182707026579
2022-07-06 00:00:00,2022,7,6,0,5.101666283351067,5.104520179753874,-0.002853896402807088,0.002853896402807088
2022-07-06 06:00:00,2022,7,6,6,5.395359611616658,5.533059890785058,-0.1377002791684001,0.1377002791684001
2022-07-06 12:00:00,2022,7,6,12,10.45281944558664,10.045343471518224,0.40747597406841507,0.40747597406841507
2022-07-06 18:00:00,2022,7,6,18,5.66743511593902,5.710093578422796,-0.04265846248377603,0.04265846248377603
2022-07-07 00:00:00,2022,7,7,0,4.828087786939439,5.185302222083433,-0.35721443514399365,0.35721443514399365
2022-07-07 06:00:00,2022,7,7,6,6.038626994467114,5.765403401681637,0.2732235927854765,0.2732235927854765
2022-07-07 12:00:00,2022,7,7,12,10.306590037807434,10.108401051717458,0.19818898608997593,0.19818898608997593
2022-07-07 18:00:00,2022,7,7,18,5.645873404478799,5.9011767105523125,-0.2553033060735137,0.2553033060735137
2022-07-08 00:00:00,2022,7,8,0,5.555998591031271,5.337973687202574,0.218024903828697,0.218024903828697
2022-07-08 06:00:00,2022,7,8,6,5.953047902267217,5.765997139741102,0.1870507625261153,0.1870507625261153
2022-07-08 12:00:00,2022,7,8,12,10.050065636286742,9.94370915341034,0.10635648287640187,0.10635648287640187
2022-07-08 18:00:00,2022,7,8,18,5.811178504796118,5.776414408133394,0.034764096662724064,0.034764096662724064
2022-07-09 00:00:00,2022,7,9,0,5.469226210017669,5.315303598498273,0.15392261151939568,0.15392261151939568
2022-07-09 06:00:00,2022,7,9,6,5.586251942519184,5.614356751934166,-0.028104809414982057,0.028104809414982057
2022-07-09 12:00:00,2022,7,9,12,9.859278677911016,9.957595186440622,-0.0983165085296065,0.0983165085296065
2022-07-09 18:00:00,2022,7,9,18,5.672079877246477,5.698233218413184,-0.026153341166706312,0.026153341166706312
2022-07-10 00:00:00,2022,7,10,0,5.552654160013287,5.412389081171557,0.1402650788417299,0.1402650788417299
2022-07-10 06:00:00,2022,7,10,6,5.730880701650814,5.87528338809512,-0.1444026864443062,0.1444026864443062
2022-07-10 12:00:00,2022,7,10,12,10.084497603913947,10.248567196754736,-0.16406959284078937,0.16406959284078937
2022-07-10 18:00:00,2022,7,10,18,5.684441883916834,5.820245860083578,-0.135803976166744,0.135803976166744
2022-07-11 00:00:00,2022,7,11,0,5.274449813616783,5.513852205288316,-0.23940239167153354,0.23940239167153354
2022-07-11 06:00:00,2022,7,11,6,5.8978637333835415,5.926260662937754,-0.028396929554212136,0.028396929554212136
2022-07-11 12:00:00,2022,7,11,12,10.27138448076234,10.097527483340526,0.17385699742181338,0.17385699742181338
2022-07-11 18:00:00,2022,7,11,18,5.670402391877693,5.837240163603917,-0.1668377717262235,0.1668377717262235
2022-07-12 00:00:00,2022,7,12,0,5.182623062957839,5.024136238102545,0.1584868248552942,0.1584868248552942
2022-07-12 06:00:00,2022,7,12,6,5.72867564646461,5.882504490341803,-0.15382884387719287,0.15382884387719287
2022-07-12 12:00:00,2022,7,12,12,9.93756991577959,10.008011950045667,-0.07044203426607609,0.07044203426607609
2022-07-12 18:00:00,2022,7,12,18,5.83519907080272,5.739240256731131,0.09595881407158924,0.09595881407158924
2022-07-13 00:00:00,2022,7,13,0,5.297703198969108,5.325966742702424,-0.028263543733316077,0.028263543733316077
2022-07-13 06:00:00,2022,7,13,6,5.822774316425956,5.783886717612815,0.03888759881314119,0.03888759881314119
2022-07-13 12:00:00,2022,7,13,12,9.93158650743908,10.085959435765927,-0.1543729283268469,0.1543729283268469
2022-07-13 18:00:00,2022,7,13,18,5.80808809139036,5.745408390236016,0.06267970115434363,0.06267970115434363
2022-07-14 00:00:00,2022,7,14,0,5.102581909267686,5.188426826567169,-0.08584491729948329,0.08584491729948329
2022-07-14 06:00:00,2022,7,14,6,5.475790227712606,5.774063891322513,-0.2982736636099066,0.2982736636099066
2022-07-14 12:00:00,2022,7,14,12,10.175268300508591,10.035537110491289,0.1397311900173026,0.1397311900173026
2022-07-14 18:00:00,2022,7,14,18,5.911387277121685,5.856334607630259,0.05505266949142573,0.05505266949142573
2022-07-15 00:00:00,2022,7,15,0,5.019883864165178,5.32101167198907,-0.30112780782389237,0.30112780782389237
2022-07-15 06:00:00,2022,7,15,6,6.054491448519347,5.947838037726293,0.10665341079305346,0.10665341079305346
2022-07-15 12:00:00,2022,7,15,12,10.04349662903989,9.929481816920545,0.11401481211934517,0.11401481211934517
2022-07-15 18:00:00,2022,7,15,18,6.064750000281187,5.6771166774098285,0.3876333228713582,0.3876333228713582
2022-07-16 00:00:00,2022,7,16,0,5.141955197348344,5.145604740937839,-0.0036495435894945416,0.0036495435894945416
2022-07-16 06:00:00,2022,7,16,6,6.053265685575556,6.160008442535772,-0.10674275696021596,0.10674275696021596
2022-07-16 12:00:00,2022,7,16,12,10.435403569118552,9.96144639273108,0.47395717638747215,0.47395717638747215
2022-07-16 18:00:00,2022,7,16,18,5.89030468537628,5.803486504463631,0.08681818091264848,0.08681818091264848
2022-07-17 00:00:00,2022,7,17,0,4.9567940766210885,5.193699844692599,-0.23690576807151054,0.23690576807151054
2022-07-17 06:00:00,2022,7,17,6,6.151269488755702,6.1254065147023145,0.025862974053387333,0.025862974053387333
2022-07-17 12:00:00,2022,7,17,12,9.868649157991555,9.881679342598437,-0.013030184606881434,0.013030184606881434
2022-07-17 18:00:00,2022,7,17,18,5.873862527732414,5.7891438216912325,0.08471870604118159,0.08471870604118159
2022-07-18 00:00:00,2022,7,18,0,5.160525404908538,5.051845662518993,0.10867974238954492,0.10867974238954492
2022-07-18 06:00:00,2022,7,18,6,5.860097160932465,5.819516007159966,0.04058115377249916,0.04058115377249916
2022-07-18 12:00:00,2022,7,18,12,10.175321306116365,10.03014287488479,0.14517843123157448,0.14517843123157448
2022-07-18 18:00:00,2022,7,18,18,5.984021204830542,5.99569556000122,-0.011674355170677941,0.011674355170677941
2022-07-19 00:00:00,2022,7,19,0,5.222376895968393,5.047656850245161,0.17472004572323208,0.17472004572323208
2022-07-19 06:00:00,2022,7,19,6,5.6733227348371855,5.914554952127114,-0.24123221728992839,0.24123221728992839
2022-07-19 12:00:00,2022,7,19,12,10.191741448407624,10.18901573008164,0.0027257183259834505,0.0027257183259834505
2022-07-19 18:00:00,2022,7,19,18,5.839620577599139,5.826754646214054,0.012865931385085183,0.012865931385085183
2022-07-20 00:00:00,2022,7,20,0,5.194793363045335,5.260732760370073,-0.06593939732473775,0.06593939732473775
2022-07-20 06:00:00,2022,7,20,6,5.929297569191414,5.884819776376821,0.04447779281459319,0.04447779281459319
2022-07-20 12:00:00,2022,7,20,12,9.8899468110051,10.110755213910837,-0.2208084029057371,0.2208084029057371
2022-07-20 18:00:00,2022,7,20,18,5.951379173975509,5.962207180192334,-0.010828006216825337,0.010828006216825337
2022-07-21 00:00:00,2022,7,21,0,5.5131076364381215,5.5774748107878525,-0.06436717434973094,0.06436717434973094
2022-07-21 06:00:00,2022,7,21,6,6.003034459885183,5.871879298682444,0.13115516120273885,0.13115516120273885
2022-07-21 12:00:00,2022,7,21,12,10.832862079662975,10.3455077055414,0.48735437412157445,0.48735437412157445
2022-07-21 18:00:00,2022,7,21,18,5.957018599441466,5.869039738443611,0.0879788609978549,0.0879788609978549
2022-07-22 00:00:00,2022,7,22,0,5.33381592091027,5.201760334324547,0.13205558658572336,0.13205558658572336
2022-07-22 06:00:00,2022,7,22,6,5.769496526438026,5.816191264471731,-0.04669473803370483,0.04669473803370483
2022-07-22 12:00:00,2022,7,22,12,10.04626607278172,9.95799173828086,0.0882743345008592,0.0882743345008592
2022-07-22 18:00:00,2022,7,22,18,6.250957825179936,6.197844620693346,0.05311320448658918,0.05311320448658918
2022-07-23 00:00:00,2022,7,23,0,5.022568390501761,5.135746183960518,-0.11317779345875678,0.11317779345875678
2022-07-23 06:00:00,2022,7,23,6,5.915145401786749,5.984086435002937,-0.06894103321618861,0.06894103321618861
2022-07-23 12:00:00,2022,7,23,12,10.20573262494824,9.955355263750139,0.25037736119810106,0.25037736119810106
2022-07-23 18:00:00,2022,7,23,18,5.7437868998788,5.815643432170762,-0.07185653229196198,0.07185653229196198
2022-07-24 00:00:00,2022,7,24,0,5.134139225415498,5.2344239909967945,-0.1002847655812964,0.1002847655812964
2022-07-24 06:00:00,2022,7,24,6,6.15800423535284,5.8103695417712995,0.34763469358154087,0.34763469358154087
2022-07-24 12:00:00,2022,7,24,12,9.701766393391628,9.896688162577947,-0.19492176918631898,0.19492176918631898
2022-07-24 18:00:00,2022,7,24,18,5.929448827225706,6.080602732908716,-0.15115390568300935,0.15115390568300935
2022-07-25 00:00:00,2022,7,25,0,5.5393296881972125,5.491502494673466,0.0478271935237462,0.0478271935237462
2022-07-25 06:00:00,2022,7,25,6,5.815906179528784,5.84875731231672,-0.032851132787936166,0.032851132787936166
2022-07-25 12:00:00,2022,7,25,12,10.047558406757606,9.920804024237627,0.1267543825199784,0.1267543825199784
2022-07-25 18:00:00,2022,7,25,18,5.767375007368213,5.840486791625606,-0.07311178425739318,0.07311178425739318
2022-07-26 00:00:00,2022,7,26,0,5.300499339473442,5.255058498634151,0.045440840839290786,0.045440840839290786
2022-07-26 06:00:00,2022,7,26,6,5.944706155410488,5.8798013617508325,0.06490479365965562,0.06490479365965562
2022-07-26 12:00:00,2022,7,26,12,10.01096530618324,10.062266558937484,-0.051301252754244686,0.051301252754244686
2022-07-26 18:00:00,2022,7,26,18,5.798213260727905,5.8865339051190055,-0.08832064439110088,0.08832064439110088
2022-07-27 00:00:00,2022,7,27,0,5.338768353234061,5.440519197033458,-0.10175084379939747,0.10175084379939747
2022-07-27 06:00:00,2022,7,27,6,6.0745124241112025,6.100319114826952,-0.025806690715749703,0.025806690715749703
2022-07-27 12:00:00,2022,7,27,12,9.978599791297,10.129431577101329,-0.15083178580432843,0.15083178580432843
2022-07-27 18:00:00,2022,7,27,18,5.753252276373382,5.691448469548773,0.061803806824609175,0.061803806824609175
2022-07-28 00:00:00,2022,7,28,0,5.320237403174768,5.266753397481827,0.05348400569294132,0.05348400569294132
2022-07-28 06:00:00,2022,7,28,6,5.612172453040179,5.703388251677878,-0.09121579863769913,0.09121579863769913
2022-07-28 12:00:00,2022,7,28,12,10.24489885798464,10.098062323448525,0.14683653453611534,0.14683653453611534
2022-07-28 18:00:00,2022,7,28,18,6.100071400367528,5.84129405290385,0.25877734746367853,0.25877734746367853
2022-07-29 00:00:00,2022,7,29,0,5.311177276682818,5.063829759684467,0.24734751699835122,0.24734751699835122
2022-07-29 06:00:00,2022,7,29,6,6.37629670701314,5.8629450110532275,0.5133516959599129,0.5133516959599129
2022-07-29 12:00:00,2022,7,29,12,9.969583104143856,10.109868676030164,-0.14028557188630764,0.14028557188630764
2022-07-29 18:00:00,2022,7,29,18,5.391175830857606,5.657103515085403,-0.26592768422779667,0.26592768422779667
2022-07-30 00:00:00,2022,7,30,0,5.104069168097595,5.014450530203984,0.08961863789361146,0.08961863789361146
2022-07-30 06:00:00,2022,7,30,6,5.697723107561596,5.719739476956708,-0.022016369395111646,0.022016369395111646
2022-07-30 12:00:00,2022,7,30,12,10.103985111683432,10.097981448793394,0.006003662890037731,0.006003662890037731
2022-07-30 18:00:00,2022,7,30,18,5.695313557889857,5.776546669904436,-0.08123311201457906,0.08123311201457906
2022-07-31 00:00:00,2022,7,31,0,5.351013129316596,5.287863031338259,0.06315009797833682,0.06315009797833682
2022-07-31 06:00:00,2022,7,31,6,5.490425822232036,5.733670703241746,-0.24324488100970942,0.24324488100970942
2022-07-31 12:00:00,2022,7,31,12,9.908101832397952,10.068819550174782,-0.16071771777682997,0.16071771777682997
2022-07-31 18:00:00,2022,7,31,18,5.725483428819098,5.683052618897413,0.0424308099216848,0.0424308099216848
2022-08-01 00:00:00,2022,8,1,0,5.430316197002482,5.236704477629138,0.19361171937334465,0.19361171937334465
2022-08-01 06:00:00,2022,8,1,6,5.695922631526401,5.719154385204866,-0.02323175367846453,0.02323175367846453
2022-08-01 12:00:00,2022,8,1,12,9.58636924555624,9.916500785881519,-0.33013154032527936,0.33013154032527936
2022-08-01 18:00:00,2022,8,1,18,5.999029087687648,5.792732606973221,0.2062964807144274,0.2062964807144274
2022-08-02 00:00:00,2022,8,2,0,5.098974081366428,5.072537640697172,0.0264364406692561,0.0264364406692561
2022-08-02 06:00:00,2022,8,2,6,5.613598749385206,5.770230313399956,-0.15663156401475042,0.15663156401475042
2022-08-02 12:00:00,2022,8,2,12,9.943091258653064,10.119840479020244,-0.17674922036717966,0.17674922036717966
2022-08-02 18:00:00,2022,8,2,18,5.713034716089073,5.755213010933105,-0.04217829484403168,0.04217829484403168
2022-08-03 00:00:00,2022,8,3,0,4.926935892151228,4.987021256959136,-0.06008536480790827,0.06008536480790827
2022-08-03 06:00:00,2022,8,3,6,5.363839427856654,5.730852551993909,-0.3670131241372552,0.3670131241372552
2022-08-03 12:00:00,2022,8,3,12,10.178611105747228,10.090468440242816,0.08814266550441197,0.08814266550441197
2022-08-03 18:00:00,2022,8,3,18,5.852446303079374,6.023955757970606,-0.1715094548912326,0.1715094548912326
2022-08-04 00:00:00,2022,8,4,0,4.9694952412934414,5.009684965737919,-0.04018972444447755,0.04018972444447755
2022-08-04 06:00:00,2022,8,4,6,6.128950064219671,6.084598399015205,0.04435166520446643,0.04435166520446643
2022-08-04 12:00:00,2022,8,4,12,9.927874354230456,9.893747521147889,0.03412683308256703,0.03412683308256703
2022-08-04 18:00:00,2022,8,4,18,5.946183458867755,5.879055883401847,0.06712757546590797,0.06712757546590797
2022-08-05 00:00:00,2022,8,5,0,5.239814157541776,5.198076198171511,0.041737959370265365,0.041737959370265365
2022-08-05 06:00:00,2022,8,5,6,5.755776104024314,5.687003674076423,0.06877242994789068,0.06877242994789068
2022-08-05 12:00:00,2022,8,5,12,9.827968658554411,10.03806246651158,-0.21009380795716837,0.21009380795716837
2022-08-05 18:00:00,2022,8,5,18,5.75115694978154,5.888384359571165,-0.13722740978962555,0.13722740978962555
2022-08-06 00:00:00,2022,8,6,0,5.41507739151501,5.199460676106431,0.2156167154085793,0.2156167154085793
2022-08-06 06:00:00,2022,8,6,6,5.932713847297248,5.890915604439796,0.04179824285745237,0.04179824285745237
2022-08-06 12:00:00,2022,8,6,12,10.117568927267204,10.023561721543215,0.09400720572398846,0.09400720572398846
2022-08-06 18:00:00,2022,8,6,18,5.622924220763938,5.789902998090674,-0.16697877732673572,0.16697877732673572
2022-08-07 00:00:00,2022,8,7,0,5.037776211629897,4.990870213685503,0.04690599794439354,0.04690599794439354
2022-08-07 06:00:00,2022,8,7,6,5.412125303465876,5.778063830402386,-0.3659385269365103,0.3659385269365103
2022-08-07 12:00:00,2022,8,7,12,10.217807500654748,9.876009973873948,0.3417975267808,0.3417975267808
2022-08-07 18:00:00,2022,8,7,18,5.943023718621332,5.738362296683782,0.20466142193755044,0.20466142193755044
2022-08-08 00:00:00,2022,8,8,0,4.804904509472528,4.976538934321872,-0.1716344248493442,0.1716344248493442
2022-08-08 06:00:00,2022,8,8,6,5.570208687948089,5.735763530602082,-0.165554842653993,0.165554842653993
2022-08-08 12:00:00,2022,8,8,12,9.736944916130508,9.918769627232313,-0.18182471110180565,0.18182471110180565
2022-08-08 18:00:00,2022,8,8,18,5.446127319329423,5.64438487659661,-0.19825755726718697,0.19825755726718697
2022-08-09 00:00:00,2022,8,9,0,4.944636470646876,5.002729986112401,-0.05809351546552488,0.05809351546552488
2022-08-09 06:00:00,2022,8,9,6,5.711452320835755,5.719799038067709,-0.008346717231954237,0.008346717231954237
2022-08-09 12:00:00,2022,8,9,12,9.68913653075133,10.035326322757676,-0.3461897920063457,0.3461897920063457
2022-08-09 18:00:00,2022,8,9,18,5.759731783919643,5.995448091649379,-0.23571630772973595,0.23571630772973595
2022-08-10 00:00:00,2022,8,10,0,5.324328093164609,5.049022133184091,0.27530595998051766,0.27530595998051766
2022-08-10 06:00:00,2022,8,10,6,5.941318891478252,5.806311486544937,0.1350074049333152,0.1350074049333152
2022-08-10 12:00:00,2022,8,10,12,9.671642940321394,9.781664882906677,-0.11002194258528242,0.11002194258528242
2022-08-10 18:00:00,2022,8,10,18,5.621080691723182,5.595331137323836,0.02574955439934623,0.02574955439934623
2022-08-11 00:00:00,2022,8,11,0,5.129018629915084,5.14805048668422,-0.019031856769135658,0.019031856769135658
2022-08-11 06:00:00,2022,8,11,6,5.511821752318062,5.492229327918907,0.019592424399155206,0.019592424399155206
2022-08-11 12:00:00,2022,8,11,12,9.509499894253834,9.71052108620083,-0.20102119194699597,0.20102119194699597
2022-08-11 18:00:00,2022,8,11,18,5.547094119371421,5.703476191673987,-0.1563820723025664,0.1563820723025664
2022-08-12 00:00:00,2022,8,12,0,4.910987347041776,5.040388318530595,-0.12940097148881868,0.12940097148881868
2022-08-12 06:00:00,2022,8,12,6,5.669127503780581,5.766359575584356,-0.09723207180377447,0.09723207180377447
2022-08-12 12:00:00,2022,8,12,12,9.470311206509642,9.525681818631147,-0.0553706121215054,0.0553706121215054
2022-08-12 18:00:00,2022,8,12,18,6.001391429436084,5.969151567926334,0.032239861509750334,0.032239861509750334
2022-08-13 00:00:00,2022,8,13,0,5.242416928760764,5.0354793366879145,0.20693759207284934,0.20693759207284934
2022-08-13 06:00:00,2022,8,13,6,5.542094612296042,5.621667252585885,-0.07957264028984312,0.07957264028984312
2022-08-13 12:00:00,2022,8,13,12,9.63820181372692,9.595745320247934,0.04245649347898528,0.04245649347898528
2022-08-13 18:00:00,2022,8,13,18,5.909337795318381,5.615402655702105,0.29393513961627615,0.29393513961627615
2022-08-14 00:00:00,2022,8,14,0,5.133645449543171,4.895631030803592,0.23801441873957874,0.23801441873957874
2022-08-14 06:00:00,2022,8,14,6,5.416140833346685,5.491046013910664,-0.07490518056397821,0.07490518056397821
2022-08-14 12:00:00,2022,8,14,12,9.471832696430608,9.764452932580214,-0.292620236149606,0.292620236149606
2022-08-14 18:00:00,2022,8,14,18,5.271135691198601,5.4435947146654105,-0.17245902346680975,0.17245902346680975
2022-08-15 00:00:00,2022,8,15,0,4.996266544186144,4.944343943256966,0.051922600929177776,0.051922600929177776
2022-08-15 06:00:00,2022,8,15,6,5.582491495679489,5.564517751022276,0.017973744657212798,0.017973744657212798
2022-08-15 12:00:00,2022,8,15,12,9.886889297824672,9.704335745527514,0.18255355229715775,0.18255355229715775
2022-08-15 18:00:00,2022,8,15,18,5.2116598422221205,5.386296719828777,-0.17463687760665625,0.17463687760665625
2022-08-16 00:00:00,2022,8,16,0,4.473596636965376,4.743052747062861,-0.2694561100974848,0.2694561100974848
2022-08-16 06:00:00,2022,8,16,6,5.589383522779863,5.62760670441447,-0.03822318163460725,0.03822318163460725
2022-08-16 12:00:00,2022,8,16,12,9.466992414983856,9.87411566923361,-0.40712325424975404,0.40712325424975404
2022-08-16 18:00:00,2022,8,16,18,5.680258369612735,5.746302225023541,-0.06604385541080582,0.06604385541080582
2022-08-17 00:00:00,2022,8,17,0,5.416103571611859,4.978545338804837,0.4375582328070218,0.4375582328070218
2022-08-17 06:00:00,2022,8,17,6,5.632756588822989,5.5650876507211775,0.06766893810181163,0.06766893810181163
2022-08-17 12:00:00,2022,8,17,12,9.719173383074812,9.932976170684562,-0.21380278760974925,0.21380278760974925
2022-08-17 18:00:00,2022,8,17,18,5.671243882520686,5.637782745777628,0.03346113674305862,0.03346113674305862
2022-08-18 00:00:00,2022,8,18,0,5.083328454446683,4.728348226843367,0.35498022760331605,0.35498022760331605
2022-08-18 06:00:00,2022,8,18,6,5.321429972593146,5.461869928026479,-0.1404399554333331,0.1404399554333331
2022-08-18 12:00:00,2022,8,18,12,9.713942288549102,9.536510631534224,0.1774316570148784,0.1774316570148784
2022-08-18 18:00:00,2022,8,18,18,5.526411780999348,5.82675779609926,-0.30034601509991177,0.30034601509991177
2022-08-19 00:00:00,2022,8,19,0,5.375128121651764,5.042976900195466,0.3321512214562983,0.3321512214562983
2022-08-19 06:00:00,2022,8,19,6,5.342917270368594,5.344212254590761,-0.001294984222166562,0.001294984222166562
2022-08-19 12:00:00,2022,8,19,12,9.416074304242189,9.569139443445437,-0.15306513920324782,0.15306513920324782
2022-08-19 18:00:00,2022,8,19,18,5.838018962019615,5.615511116337281,0.22250784568233417,0.22250784568233417
2022-08-20 00:00:00,2022,8,20,0,4.78188573986985,4.8051433853997,-0.0232576455298501,0.0232576455298501
2022-08-20 06:00:00,2022,8,20,6,5.495737012512643,5.376707031738693,0.11902998077394944,0.11902998077394944
2022-08-20 12:00:00,2022,8,20,12,9.629904071360627,9.57759641415546,0.0523076572051675,0.0523076572051675
2022-08-20 18:00:00,2022,8,20,18,5.463408887855028,5.405860327224651,0.05754856063037739,0.05754856063037739
2022-08-21 00:00:00,2022,8,21,0,5.081853246625706,5.03906632963378,0.04278691699192638,0.04278691699192638
2022-08-21 06:00:00,2022,8,21,6,5.702451414790031,5.598430019229251,0.10402139556078005,0.10402139556078005
2022-08-21 12:00:00,2022,8,21,12,9.525014499876276,9.599250438604114,-0.0742359387278384,0.0742359387278384
2022-08-21 18:00:00,2022,8,21,18,5.450595491841265,5.629730205132389,-0.1791347132911234,0.1791347132911234
2022-08-22 00:00:00,2022,8,22,0,4.756870449263166,4.60257872853254,0.15429172073062603,0.15429172073062603
2022-08-22 06:00:00,2022,8,22,6,5.665966359287673,5.553767295577629,0.11219906371004384,0.11219906371004384
2022-08-22 12:00:00,2022,8,22,12,9.939136204256627,9.77187685322624,0.16725935103038658,0.16725935103038658
2022-08-22 18:00:00,2022,8,22,18,5.483874131678552,5.397933950007082,0.08594018167146977,0.08594018167146977
2022-08-23 00:00:00,2022,8,23,0,4.416328855103469,4.8255914500867165,-0.4092625949832476,0.4092625949832476
2022-08-23 06:00:00,2022,8,23,6,5.689847338218171,5.7426695642985335,-0.052822226080362356,0.052822226080362356
2022-08-23 12:00:00,2022,8,23,12,9.665485768319655,9.69017202309161,-0.024686254771955518,0.024686254771955518
2022-08-23 18:00:00,2022,8,23,18,5.272858457263808,5.366859742588332,-0.09400128532452356,0.09400128532452356
2022-08-24 00:00:00,2022,8,24,0,4.535415641653451,4.779092445355553,-0.24367680370210199,0.24367680370210199
2022-08-24 06:00:00,2022,8,24,6,5.4523118606318,5.382446443654744,0.0698654169770565,0.0698654169770565
2022-08-24 12:00:00,2022,8,24,12,9.753708531358226,9.685117894213517,0.06859063714470892,0.06859063714470892
2022-08-24 18:00:00,2022,8,24,18,5.165737639133837,5.203803470508236,-0.03806583137439823,0.03806583137439823
2022-08-25 00:00:00,2022,8,25,0,4.89061061511415,4.819105558677029,0.0715050564371218,0.0715050564371218
2022-08-25 06:00:00,2022,8,25,6,5.4693031791324165,5.419845691532507,0.0494574875999092,0.0494574875999092
2022-08-25 12:00:00,2022,8,25,12,9.324348610994518,9.18444765169942,0.1399009592950975,0.1399009592950975
2022-08-25 18:00:00,2022,8,25,18,5.29430792258071,5.3817518503673165,-0.08744392778660615,0.08744392778660615
2022-08-26 00:00:00,2022,8,26,0,4.802915295179615,4.7843222774739855,0.018593017705629045,0.018593017705629045
2022-08-26 06:00:00,2022,8,26,6,5.299177851530325,5.456971031852095,-0.1577931803217707,0.1577931803217707
2022-08-26 12:00:00,2022,8,26,12,9.171119823095976,9.191513194141095,-0.020393371045118514,0.020393371045118514
2022-08-26 18:00:00,2022,8,26,18,5.210626429569309,5.268364892405508,-0.05773846283619832,0.05773846283619832
2022-08-27 00:00:00,2022,8,27,0,4.819580826858195,4.860722064883173,-0.041141238024977156,0.041141238024977156
2022-08-27 06:00:00,2022,8,27,6,5.337437563688881,5.387570143450888,-0.05013257976200691,0.05013257976200691
2022-08-27 12:00:00,2022,8,27,12,9.174391803794029,9.40659600044374,-0.23220419664971104,0.23220419664971104
2022-08-27 18:00:00,2022,8,27,18,5.559478111956886,5.329556608160736,0.22992150379614973,0.22992150379614973
2022-08-28 00:00:00,2022,8,28,0,4.556978939252184,4.690662236361059,-0.13368329710887572,0.13368329710887572
2022-08-28 06:00:00,2022,8,28,6,5.55514019000386,5.446836998351958,0.10830319165190261,0.10830319165190261
2022-08-28 12:00:00,2022,8,28,12,9.574376516513675,9.444894707268885,0.12948180924479047,0.12948180924479047
2022-08-28 18:00:00,2022,8,28,18,5.233567130947807,5.175362019593788,0.0582051113540194,0.0582051113540194
2022-08-29 00:00:00,2022,8,29,0,4.693885275647723,4.696291701591955,-0.0024064259442315716,0.0024064259442315716
2022-08-29 06:00:00,2022,8,29,6,5.191325201879638,5.172737981775772,0.01858722010386593,0.01858722010386593
2022-08-29 12:00:00,2022,8,29,12,9.470923077905429,9.182515067589215,0.2884080103162141,0.2884080103162141
2022-08-29 18:00:00,2022,8,29,18,5.323801439506955,5.407285238823374,-0.08348379931641947,0.08348379931641947
2022-08-30 00:00:00,2022,8,30,0,4.49562716329128,4.562349847334841,-0.06672268404356085,0.06672268404356085
2022-08-30 06:00:00,2022,8,30,6,5.054346363261823,5.192514821651875,-0.13816845839005154,0.13816845839005154
2022-08-30 12:00:00,2022,8,30,12,9.459136178674193,9.124300318460495,0.3348358602136976,0.3348358602136976
2022-08-30 18:00:00,2022,8,30,18,5.487105952127934,5.431569052221026,0.05553689990690813,0.05553689990690813
2022-08-31 00:00:00,2022,8,31,0,4.56950181889898,4.541888729995722,0.027613088903258642,0.027613088903258642
2022-08-31 06:00:00,2022,8,31,6,5.527757291342306,5.417787598068739,0.10996969327356698,0.10996969327356698
2022-08-31 12:00:00,2022,8,31,12,9.1466746127038,9.363715465345438,-0.21704085264163808,0.21704085264163808
2022-08-31 18:00:00,2022,8,31,18,5.039440747007174,5.215951218649606,-0.17651047164243217,0.17651047164243217
2022-09-01 00:00:00,2022,9,1,0,4.623796080471728,4.585585139217194,0.03821094125453417,0.03821094125453417
2022-09-01 06:00:00,2022,9,1,6,5.311596087562411,5.208678945679143,0.10291714188326839,0.10291714188326839
2022-09-01 12:00:00,2022,9,1,12,9.21970523730087,9.127687809305165,0.09201742799570489,0.09201742799570489
2022-09-01 18:00:00,2022,9,1,18,5.397570123971937,5.161624018517242,0.23594610545469497,0.23594610545469497
2022-09-02 00:00:00,2022,9,2,0,4.516024199976255,4.692816194744233,-0.1767919947679779,0.1767919947679779
2022-09-02 06:00:00,2022,9,2,6,5.144704833972087,5.224433398944166,-0.07972856497207914,0.07972856497207914
2022-09-02 12:00:00,2022,9,2,12,8.92739088658054,9.122013885911239,-0.19462299933069893,0.19462299933069893
2022-09-02 18:00:00,2022,9,2,18,5.053822062263565,4.98902310102411,0.06479896123945483,0.06479896123945483
2022-09-03 00:00:00,2022,9,3,0,4.790628309657063,4.577256497832261,0.21337181182480247,0.21337181182480247
2022-09-03 06:00:00,2022,9,3,6,5.353176751587324,5.2176211796134435,0.1355555719738808,0.1355555719738808
2022-09-03 12:00:00,2022,9,3,12,8.958812610800825,8.8493764304424,0.10943618035842562,0.10943618035842562
2022-09-03 18:00:00,2022,9,3,18,5.0383559703641785,5.143718304933559,-0.1053623345693806,0.1053623345693806
2022-09-04 00:00:00,2022,9,4,0,4.7939233057303765,4.476828983979168,0.3170943217512088,0.3170943217512088
2022-09-04 06:00:00,2022,9,4,6,5.188089618024357,5.137651259772182,0.05043835825217435,0.05043835825217435
2022-09-04 12:00:00,2022,9,4,12,8.805394300629946,8.995908095465332,-0.1905137948353861,0.1905137948353861
2022-09-04 18:00:00,2022,9,4,18,4.934174250858966,5.04119889295401,-0.10702464209504381,0.10702464209504381
2022-09-05 00:00:00,2022,9,5,0,4.567336472122834,4.473265221362382,0.09407125076045197,0.09407125076045197
2022-09-05 06:00:00,2022,9,5,6,4.521167525390469,4.944278730544431,-0.42311120515396183,0.42311120515396183
2022-09-05 12:00:00,2022,9,5,12,8.743844400458547,8.814889630561733,-0.07104523010318609,0.07104523010318609
2022-09-05 18:00:00,2022,9,5,18,4.706206376129151,4.948084347089786,-0.24187797096063512,0.24187797096063512
2022-09-06 00:00:00,2022,9,6,0,4.48607353575637,4.5127606826135755,-0.026687146857205413,0.026687146857205413
2022-09-06 06:00:00,2022,9,6,6,5.1262979633775725,5.131144201215864,-0.004846237838291856,0.004846237838291856
2022-09-06 12:00:00,2022,9,6,12,9.426134258752557,9.155706593677648,0.2704276650749087,0.2704276650749087
2022-09-06 18:00:00,2022,9,6,18,5.344381977217164,5.075209653470272,0.2691723237468926,0.2691723237468926
2022-09-07 00:00:00,2022,9,7,0,4.608367279612459,4.570473420028777,0.037893859583681966,0.037893859583681966
2022-09-07 06:00:00,2022,9,7,6,5.145868092800636,4.976673371335742,0.16919472146489412,0.16919472146489412
2022-09-07 12:00:00,2022,9,7,12,9.28985789718461,9.254782360986834,0.03507553619777681,0.03507553619777681
2022-09-07 18:00:00,2022,9,7,18,4.99827665514531,5.095539089585738,-0.09726243444042826,0.09726243444042826
2022-09-08 00:00:00,2022,9,8,0,4.323285643458712,4.482587736485913,-0.15930209302720044,0.15930209302720044
2022-09-08 06:00:00,2022,9,8,6,4.85909911392089,5.014322588364746,-0.1552234744438561,0.1552234744438561
2022-09-08 12:00:00,2022,9,8,12,8.930075808550146,9.125315304624412,-0.19523949607426516,0.19523949607426516
2022-09-08 18:00:00,2022,9,8,18,5.201956906000478,4.98949903508962,0.21245787091085866,0.21245787091085866
2022-09-09 00:00:00,2022,9,9,0,4.368686384295998,4.387608394113929,-0.01892200981793124,0.01892200981793124
2022-09-09 06:00:00,2022,9,9,6,5.31720270570327,4.938279582009112,0.37892312369415837,0.37892312369415837
2022-09-09 12:00:00,2022,9,9,12,8.900256921527475,8.934171112646045,-0.03391419111856919,0.03391419111856919
2022-09-09 18:00:00,2022,9,9,18,4.81925574712559,4.936653686279401,-0.11739793915381114,0.11739793915381114
2022-09-10 00:00:00,2022,9,10,0,4.184592641860267,4.363978623097779,-0.17938598123751248,0.17938598123751248
2022-09-10 06:00:00,2022,9,10,6,5.056494880553516,5.010068877238442,0.04642600331507385,0.04642600331507385
2022-09-10 12:00:00,2022,9,10,12,8.509541445372182,8.836182185648402,-0.32664074027622014,0.32664074027622014
2022-09-10 18:00:00,2022,9,10,18,5.067416972346254,5.293022806296772,-0.22560583395051825,0.22560583395051825
2022-09-11 00:00:00,2022,9,11,0,4.414153367805023,4.397516064261423,0.01663730354359938,0.01663730354359938
2022-09-11 06:00:00,2022,9,11,6,4.921564182841166,4.868459231139016,0.05310495170215024,0.05310495170215024
2022-09-11 12:00:00,2022,9,11,12,8.5176832959163,8.6084624333159,-0.09077913739960053,0.09077913739960053
2022-09-11 18:00:00,2022,9,11,18,5.018133458494627,4.953822077833479,0.06431138066114794,0.06431138066114794
2022-09-12 00:00:00,2022,9,12,0,3.837502372544355,4.096324563120035,-0.25882219057568,0.25882219057568
2022-09-12 06:00:00,2022,9,12,6,4.974783083466809,4.959125508549831,0.015657574916978056,0.015657574916978056
2022-09-12 12:00:00,2022,9,12,12,8.46726095150117,8.665307129978455,-0.19804617847728423,0.19804617847728423
2022-09-12 18:00:00,2022,9,12,18,4.968138414502607,4.903103705597096,0.065034708905511,0.065034708905511
2022-09-13 00:00:00,2022,9,13,0,4.253789660915739,4.258878539818402,-0.005088878902662408,0.005088878902662408
2022-09-13 06:00:00,2022,9,13,6,5.13778361720563,4.940123909379594,0.1976597078260367,0.1976597078260367
2022-09-13 12:00:00,2022,9,13,12,8.72552761886097,8.83235193605781,-0.10682431719684082,0.10682431719684082
2022-09-13 18:00:00,2022,9,13,18,4.798018194861687,4.907724864766291,-0.10970666990460476,0.10970666990460476
2022-09-14 00:00:00,2022,9,14,0,4.550363754512098,4.353902564225933,0.19646119028616482,0.19646119028616482
2022-09-14 06:00:00,2022,9,14,6,5.084437650231036,4.807116756379091,0.2773208938519458,0.2773208938519458
2022-09-14 12:00:00,2022,9,14,12,8.574926181758139,8.625798613118583,-0.05087243136044428,0.05087243136044428
2022-09-14 18:00:00,2022,9,14,18,4.901137126720844,4.846560654115103,0.054576472605741166,0.054576472605741166
2022-09-15 00:00:00,2022,9,15,0,4.469990182409917,4.135020500686861,0.33496968172305586,0.33496968172305586
2022-09-15 06:00:00,2022,9,15,6,4.929742128281189,4.783945143675832,0.14579698460535706,0.14579698460535706
2022-09-15 12:00:00,2022,9,15,12,8.691903531029377,8.456399433959882,0.23550409706949438,0.23550409706949438
2022-09-15 18:00:00,2022,9,15,18,5.1334067178334815,5.051216322341559,0.08219039549192253,0.08219039549192253
2022-09-16 00:00:00,2022,9,16,0,4.34745724623351,4.385636889980032,-0.038179643746521386,0.038179643746521386
2022-09-16 06:00:00,2022,9,16,6,4.702033473279819,4.701420125697031,0.0006133475827878598,0.0006133475827878598
2022-09-16 12:00:00,2022,9,16,12,8.54328244880141,8.623076058262956,-0.07979360946154657,0.07979360946154657
2022-09-16 18:00:00,2022,9,16,18,4.647948668418959,4.801967345363389,-0.15401867694443006,0.15401867694443006
2022-09-17 00:00:00,2022,9,17,0,4.190777372089159,4.117698083143893,0.07307928894526583,0.07307928894526583
2022-09-17 06:00:00,2022,9,17,6,4.930114417164183,4.961641223800339,-0.03152680663615648,0.03152680663615648
2022-09-17 12:00:00,2022,9,17,12,8.515138265693734,8.484947302103908,0.03019096358982587,0.03019096358982587
2022-09-17 18:00:00,2022,9,17,18,4.642423121381168,4.760458706450104,-0.11803558506893541,0.11803558506893541
2022-09-18 00:00:00,2022,9,18,0,4.031513542191051,4.111382527698228,-0.07986898550717747,0.07986898550717747
2022-09-18 06:00:00,2022,9,18,6,4.929870195939307,4.707893652958604,0.2219765429807028,0.2219765429807028
2022-09-18 12:00:00,2022,9,18,12,8.153831500797507,8.508442083735414,-0.3546105829379069,0.3546105829379069
2022-09-18 18:00:00,2022,9,18,18,4.747945542214936,4.773238913680129,-0.02529337146519328,0.02529337146519328
2022-09-19 00:00:00,2022,9,19,0,4.0558674398794246,4.140422412282625,-0.08455497240320042,0.08455497240320042
2022-09-19 06:00:00,2022,9,19,6,4.770376252523532,4.794704456594179,-0.024328204070647175,0.024328204070647175
2022-09-19 12:00:00,2022,9,19,12,8.270279109841265,8.325811376968664,-0.05553226712739878,0.05553226712739878
2022-09-19 18:00:00,2022,9,19,18,4.826969272697943,4.695568726796308,0.1314005459016352,0.1314005459016352
2022-09-20 00:00:00,2022,9,20,0,4.025464243006788,4.049050411063359,-0.023586168056570322,0.023586168056570322
2022-09-20 06:00:00,2022,9,20,6,4.7468865936751214,4.717158359482187,0.0297282341929348,0.0297282341929348
2022-09-20 12:00:00,2022,9,20,12,8.338098950673645,8.48133289061395,-0.14323393994030553,0.14323393994030553
2022-09-20 18:00:00,2022,9,20,18,4.88510198058552,4.892571405322119,-0.007469424736599173,0.007469424736599173
2022-09-21 00:00:00,2022,9,21,0,4.406974263005624,4.137198778923933,0.2697754840816913,0.2697754840816913
2022-09-21 06:00:00,2022,9,21,6,4.608058226750448,4.542029288850154,0.06602893790029452,0.06602893790029452
2022-09-21 12:00:00,2022,9,21,12,8.31421043913387,8.27032540733887,0.04388503179499992,0.04388503179499992
2022-09-21 18:00:00,2022,9,21,18,4.736053846628801,4.713288546966976,0.022765299661824834,0.022765299661824834
2022-09-22 00:00:00,2022,9,22,0,3.89438077358441,3.9270574900931647,-0.03267671650875492,0.03267671650875492
2022-09-22 06:00:00,2022,9,22,6,4.703451514709339,4.692934603985162,0.01051691072417782,0.01051691072417782
2022-09-22 12:00:00,2022,9,22,12,8.130347799850243,8.14839193534151,-0.018044135491265934,0.018044135491265934
2022-09-22 18:00:00,2022,9,22,18,4.602837117643184,4.764037973930751,-0.16120085628756708,0.16120085628756708
2022-09-23 00:00:00,2022,9,23,0,4.055209242651576,4.147816269533981,-0.09260702688240485,0.09260702688240485
2022-09-23 06:00:00,2022,9,23,6,4.422844781517205,4.404055411343479,0.018789370173726283,0.018789370173726283
2022-09-23 12:00:00,2022,9,23,12,8.208677052479034,8.390689840738851,-0.18201278825981682,0.18201278825981682
2022-09-23 18:00:00,2022,9,23,18,4.217595077292002,4.523620984210732,-0.30602590691872944,0.30602590691872944
2022-09-24 00:00:00,2022,9,24,0,4.42532998209804,4.193610477478652,0.23171950461938806,0.23171950461938806
2022-09-24 06:00:00,2022,9,24,6,4.661070532420417,4.760423849131432,-0.09935331671101544,0.09935331671101544
2022-09-24 12:00:00,2022,9,24,12,8.548342552034125,8.50583948041947,0.0425030716146555,0.0425030716146555
2022-09-24 18:00:00,2022,9,24,18,4.582781293082664,4.622917683202782,-0.04013639012011794,0.04013639012011794
2022-09-25 00:00:00,2022,9,25,0,4.138563907226154,4.042803486423013,0.09576042080314107,0.09576042080314107
2022-09-25 06:00:00,2022,9,25,6,4.7733719996137935,4.52959097377464,0.2437810258391533,0.2437810258391533
2022-09-25 12:00:00,2022,9,25,12,8.668379289726245,8.234195509935969,0.4341837797902759,0.4341837797902759
2022-09-25 18:00:00,2022,9,25,18,4.773416197900617,4.512747209349775,0.260668988550842,0.260668988550842
2022-09-26 00:00:00,2022,9,26,0,3.943127875928487,3.9818843830479334,-0.038756507119446226,0.038756507119446226
2022-09-26 06:00:00,2022,9,26,6,4.716789099998665,4.603975275440096,0.11281382455856903,0.11281382455856903
2022-09-26 12:00:00,2022,9,26,12,7.937587171718151,8.013241395077555,-0.07565422335940397,0.07565422335940397
2022-09-26 18:00:00,2022,9,26,18,4.344051597701672,4.326198458949741,0.01785313875193051,0.01785313875193051
2022-09-27 00:00:00,2022,9,27,0,3.7844212884802766,3.8605083921075707,-0.0760871036272941,0.0760871036272941
2022-09-27 06:00:00,2022,9,27,6,4.140077964821042,4.322137677703418,-0.182059712882376,0.182059712882376
2022-09-27 12:00:00,2022,9,27,12,7.98081521690161,8.087112705941443,-0.10629748903983316,0.10629748903983316
2022-09-27 18:00:00,2022,9,27,18,4.817968019493316,4.534885759046342,0.2830822604469736,0.2830822604469736
2022-09-28 00:00:00,2022,9,28,0,3.681989572645784,3.844201314339799,-0.1622117416940152,0.1622117416940152
2022-09-28 06:00:00,2022,9,28,6,4.46667131600369,4.440823213990076,0.025848102013613428,0.025848102013613428
2022-09-28 12:00:00,2022,9,28,12,7.68545956846108,7.887416872145202,-0.20195730368412246,0.20195730368412246
2022-09-28 18:00:00,2022,9,28,18,4.597346890074851,4.43061085255615,0.16673603751870125,0.16673603751870125
2022-09-29 00:00:00,2022,9,29,0,3.6374644369446383,3.7757792467392437,-0.13831480979460542,0.13831480979460542
2022-09-29 06:00:00,2022,9,29,6,3.81861593869426,4.163627963777029,-0.34501202508276885,0.34501202508276885
2022-09-29 12:00:00,2022,9,29,12,7.890670070687766,7.877502718587647,0.01316735210011899,0.01316735210011899
2022-09-29 18:00:00,2022,9,29,18,4.151550763406751,4.059735992950945,0.0918147704558061,0.0918147704558061
2022-09-30 00:00:00,2022,9,30,0,4.114282365432993,4.156283602613151,-0.04200123718015725,0.04200123718015725
2022-09-30 06:00:00,2022,9,30,6,4.22910703763638,4.209759682805857,0.019347354830522967,0.019347354830522967
2022-09-30 12:00:00,2022,9,30,12,7.988699378311038,7.809196190498542,0.17950318781249575,0.17950318781249575
2022-09-30 18:00:00,2022,9,30,18,4.430579640716886,4.458293169707461,-0.02771352899057522,0.02771352899057522
2022-10-01 00:00:00,2022,10,1,0,3.6332840109929263,3.7070521111452734,-0.07376810015234714,0.07376810015234714
2022-10-01 06:00:00,2022,10,1,6,4.35987720855585,4.308263722700425,0.05161348585542491,0.05161348585542491
2022-10-01 12:00:00,2022,10,1,12,7.95298183330296,7.807952134717416,0.14502969858554415,0.14502969858554415
2022-10-01 18:00:00,2022,10,1,18,4.350206481039509,4.23218706528296,0.11801941575654862,0.11801941575654862
2022-10-02 00:00:00,2022,10,2,0,3.672399661948688,3.7459044860650783,-0.07350482411639048,0.07350482411639048
2022-10-02 06:00:00,2022,10,2,6,4.360008355792785,4.358236482424626,0.0017718733681588716,0.0017718733681588716
2022-10-02 12:00:00,2022,10,2,12,7.92475129029391,7.766401366455532,0.15834992383837854,0.15834992383837854
2022-10-02 18:00:00,2022,10,2,18,4.3034818706713125,4.271487062615854,0.03199480805545818,0.03199480805545818
2022-10-03 00:00:00,2022,10,3,0,3.5369240340633388,3.6983637266354137,-0.1614396925720749,0.1614396925720749
2022-10-03 06:00:00,2022,10,3,6,4.073315524503933,4.312132171002446,-0.2388166464985133,0.2388166464985133
2022-10-03 12:00:00,2022,10,3,12,8.000104783412715,7.8094719541296405,0.19063282928307412,0.19063282928307412
2022-10-03 18:00:00,2022,10,3,18,4.397676006381844,4.326783702356161,0.07089230402568347,0.07089230402568347
2022-10-04 00:00:00,2022,10,4,0,3.477750396189068,3.3999250434912702,0.07782535269779789,0.07782535269779789
2022-10-04 06:00:00,2022,10,4,6,4.447212620903019,4.256956181292042,0.1902564396109776,0.1902564396109776
2022-10-04 12:00:00,2022,10,4,12,7.710838038483333,7.745333454620425,-0.034495416137092505,0.034495416137092505
2022-10-04 18:00:00,2022,10,4,18,4.167846967738599,4.413858580436761,-0.24601161269816174,0.24601161269816174
2022-10-05 00:00:00,2022,10,5,0,3.681116609312884,3.5759958876381965,0.10512072167468745,0.10512072167468745
2022-10-05 06:00:00,2022,10,5,6,4.327824723875059,4.1668509818108435,0.16097374206421566,0.16097374206421566
2022-10-05 12:00:00,2022,10,5,12,7.685793046961431,7.797340819148473,-0.11154777218704215,0.11154777218704215
2022-10-05 18:00:00,2022,10,5,18,4.375251374932752,4.265793071436071,0.10945830349668118,0.10945830349668118
2022-10-06 00:00:00,2022,10,6,0,3.7206538236910425,3.3410762862649883,0.37957753742605416,0.37957753742605416
2022-10-06 06:00:00,2022,10,6,6,4.306369097278703,4.208374917736121,0.0979941795425825,0.0979941795425825
2022-10-06 12:00:00,2022,10,6,12,7.586660119150262,7.824453924473537,-0.23779380532327465,0.23779380532327465
2022-10-06 18:00:00,2022,10,6,18,4.40672450944383,4.373487483451641,0.033237025992188585,0.033237025992188585
2022-10-07 00:00:00,2022,10,7,0,3.7065022694780514,3.6062440770546598,0.10025819242339162,0.10025819242339162
2022-10-07 06:00:00,2022,10,7,6,4.7503303083912405,4.443905696767198,0.3064246116240428,0.3064246116240428
2022-10-07 12:00:00,2022,10,7,12,7.51415469694129,7.545087382343598,-0.030932685402308202,0.030932685402308202
2022-10-07 18:00:00,2022,10,7,18,4.409804847141071,4.2217617279880715,0.18804311915299987,0.18804311915299987
2022-10-08 00:00:00,2022,10,8,0,3.590226947775108,3.5836714318669585,0.006555515908149623,0.006555515908149623
2022-10-08 06:00:00,2022,10,8,6,4.2430623145106665,4.01011294289791,0.2329493716127562,0.2329493716127562
2022-10-08 12:00:00,2022,10,8,12,7.849956160328441,7.915592105236704,-0.06563594490826308,0.06563594490826308
2022-10-08 18:00:00,2022,10,8,18,4.032942072633012,3.9577957493374205,0.07514632329559134,0.07514632329559134
2022-10-09 00:00:00,2022,10,9,0,3.2811817359175586,3.119733379253365,0.16144835666419377,0.16144835666419377
2022-10-09 06:00:00,2022,10,9,6,3.6603038915515502,3.9390145100867024,-0.2787106185351522,0.2787106185351522
2022-10-09 12:00:00,2022,10,9,12,7.7739737069968,7.854052082412322,-0.0800783754155221,0.0800783754155221
2022-10-09 18:00:00,2022,10,9,18,3.860072002958353,3.952762163315822,-0.09269016035746924,0.09269016035746924
2022-10-10 00:00:00,2022,10,10,0,3.2947201514292472,3.323744806536881,-0.029024655107633635,0.029024655107633635
2022-10-10 06:00:00,2022,10,10,6,4.134818225327212,4.271244739402095,-0.13642651407488326,0.13642651407488326
2022-10-10 12:00:00,2022,10,10,12,7.979576176792114,7.650561193154202,0.3290149836379124,0.3290149836379124
2022-10-10 18:00:00,2022,10,10,18,4.185660662855783,4.1004810146014945,0.08517964825428859,0.08517964825428859
2022-10-11 00:00:00,2022,10,11,0,3.503012423163647,3.7851229453219544,-0.28211052215830756,0.28211052215830756
2022-10-11 06:00:00,2022,10,11,6,4.062967031672548,4.179713544226371,-0.1167465125538234,0.1167465125538234
2022-10-11 12:00:00,2022,10,11,12,7.833149405910432,7.530196817827314,0.30295258808311765,0.30295258808311765
2022-10-11 18:00:00,2022,10,11,18,4.05146799082844,4.076063931671401,-0.024595940842960573,0.024595940842960573
2022-10-12 00:00:00,2022,10,12,0,3.471722671404629,3.5180682954909193,-0.04634562408629028,0.04634562408629028
2022-10-12 06:00:00,2022,10,12,6,4.382691230522831,4.330260173400679,0.05243105712215268,0.05243105712215268
2022-10-12 12:00:00,2022,10,12,12,7.688205067681996,7.497210487749653,0.19099457993234292,0.19099457993234292
2022-10-12 18:00:00,2022,10,12,18,3.8988664803210327,3.8312572682009223,0.0676092121201104,0.0676092121201104
2022-10-13 00:00:00,2022,10,13,0,3.193946269791205,3.427970905936132,-0.2340246361449272,0.2340246361449272
2022-10-13 06:00:00,2022,10,13,6,4.098292025167581,4.072473468379814,0.025818556787767122,0.025818556787767122
2022-10-13 12:00:00,2022,10,13,12,7.568751009470311,7.610678973417392,-0.04192796394708065,0.04192796394708065
2022-10-13 18:00:00,2022,10,13,18,3.9221225075573782,4.011001369856503,-0.08887886229912478,0.08887886229912478
2022-10-14 00:00:00,2022,10,14,0,3.0404447353027444,3.0588585867240066,-0.018413851421262173,0.018413851421262173
2022-10-14 06:00:00,2022,10,14,6,3.683016926996721,3.702739734979065,-0.019722807982343937,0.019722807982343937
2022-10-14 12:00:00,2022,10,14,12,7.03140569029337,7.201058231221532,-0.16965254092816195,0.16965254092816195
2022-10-14 18:00:00,2022,10,14,18,4.104377854395867,4.036070477121546,0.06830737727432101,0.06830737727432101
2022-10-15 00:00:00,2022,10,15,0,3.176323093435916,3.110492863115155,0.06583023032076074,0.06583023032076074
2022-10-15 06:00:00,2022,10,15,6,4.245372102913041,4.189396984842811,0.055975118070230145,0.055975118070230145
2022-10-15 12:00:00,2022,10,15,12,7.496120626471132,7.603529448682106,-0.10740882221097348,0.10740882221097348
2022-10-15 18:00:00,2022,10,15,18,3.938695424936141,4.04043755622986,-0.10174213129371923,0.10174213129371923
2022-10-16 00:00:00,2022,10,16,0,3.260108404216492,3.4913490784642787,-0.2312406742477866,0.2312406742477866
2022-10-16 06:00:00,2022,10,16,6,3.855193777019231,4.051264372097693,-0.1960705950784618,0.1960705950784618
2022-10-16 12:00:00,2022,10,16,12,7.430418257287708,7.519172969465263,-0.08875471217755493,0.08875471217755493
2022-10-16 18:00:00,2022,10,16,18,4.11361919986516,3.9393153091879705,0.17430389067718943,0.17430389067718943
2022-10-17 00:00:00,2022,10,17,0,3.452538300046981,3.3536573217585843,0.09888097828839681,0.09888097828839681
2022-10-17 06:00:00,2022,10,17,6,3.711134036476283,3.931556316025149,-0.2204222795488664,0.2204222795488664
2022-10-17 12:00:00,2022,10,17,12,7.444154488550734,7.547107989809201,-0.10295350125846703,0.10295350125846703
2022-10-17 18:00:00,2022,10,17,18,3.591336867032872,3.9069921620071684,-0.31565529497429656,0.31565529497429656
2022-10-18 00:00:00,2022,10,18,0,3.3897250501788814,3.188978145258277,0.20074690492060432,0.20074690492060432
2022-10-18 06:00:00,2022,10,18,6,3.9207713008859177,4.021302301219361,-0.1005310003334432,0.1005310003334432
2022-10-18 12:00:00,2022,10,18,12,7.514676649435694,7.470918356281201,0.04375829315449309,0.04375829315449309
2022-10-18 18:00:00,2022,10,18,18,4.356588182056842,4.189911469263914,0.16667671279292762,0.16667671279292762
2022-10-19 00:00:00,2022,10,19,0,3.603510437298017,3.322732421133119,0.28077801616489806,0.28077801616489806
2022-10-19 06:00:00,2022,10,19,6,3.596235428257321,3.9820143503150436,-0.3857789220577228,0.3857789220577228
2022-10-19 12:00:00,2022,10,19,12,7.421449711175571,7.339107999837302,0.08234171133826873,0.08234171133826873
2022-10-19 18:00:00,2022,10,19,18,4.038177096323319,4.205055162976938,-0.16687806665361915,0.16687806665361915
2022-10-20 00:00:00,2022,10,20,0,3.531036477525458,3.408353744614515,0.12268273291094323,0.12268273291094323
2022-10-20 06:00:00,2022,10,20,6,3.667984244075126,3.4623120429094496,0.20567220116567642,0.20567220116567642
2022-10-20 12:00:00,2022,10,20,12,7.226833336911191,7.187968792138781,0.03886454477240964,0.03886454477240964
2022-10-20 18:00:00,2022,10,20,18,3.791920294344064,3.8371739778167138,-0.0452536834726498,0.0452536834726498
2022-10-21 00:00:00,2022,10,21,0,2.859927096553014,2.957194669666215,-0.09726757311320089,0.09726757311320089
2022-10-21 06:00:00,2022,10,21,6,3.843885623069865,4.054987530190555,-0.21110190712069032,0.21110190712069032
2022-10-21 12:00:00,2022,10,21,12,7.0110567201516,7.199066524297887,-0.18800980414628743,0.18800980414628743
2022-10-21 18:00:00,2022,10,21,18,3.614961830333833,3.651626702242475,-0.036664871908642205,0.036664871908642205
2022-10-22 00:00:00,2022,10,22,0,3.369068105452524,3.2765381399975038,0.09252996545502024,0.09252996545502024
2022-10-22 06:00:00,2022,10,22,6,3.7766213567945046,3.727060367140299,0.049560989654205745,0.049560989654205745
2022-10-22 12:00:00,2022,10,22,12,7.165996660821534,7.157826930669666,0.008169730151868393,0.008169730151868393
2022-10-22 18:00:00,2022,10,22,18,3.4264556734585816,3.5847133666094213,-0.1582576931508397,0.1582576931508397
2022-10-23 00:00:00,2022,10,23,0,3.1367569753857167,3.115087594983316,0.02166938040240085,0.02166938040240085
2022-10-23 06:00:00,2022,10,23,6,3.893296642755734,3.9713513480916256,-0.07805470533589176,0.07805470533589176
2022-10-23 12:00:00,2022,10,23,12,7.287867538476018,7.261960602456093,0.025906936019924665,0.025906936019924665
2022-10-23 18:00:00,2022,10,23,18,4.013410809826755,3.842233050510858,0.1711777593158974,0.1711777593158974
2022-10-24 00:00:00,2022,10,24,0,3.027674924470624,3.0908169378304646,-0.06314201335984082,0.06314201335984082
2022-10-24 06:00:00,2022,10,24,6,3.908399077649025,3.5790281468156886,0.3293709308333366,0.3293709308333366
2022-10-24 12:00:00,2022,10,24,12,7.421110213814511,7.59973890695965,-0.1786286931451393,0.1786286931451393
2022-10-24 18:00:00,2022,10,24,18,3.5401163097307333,3.5076488643101817,0.03246744542055158,0.03246744542055158
2022-10-25 00:00:00,2022,10,25,0,2.8501926937994946,3.1586950825382023,-0.3085023887387077,0.3085023887387077
2022-10-25 06:00:00,2022,10,25,6,3.909125314082976,3.725236265139392,0.18388904894358404,0.18388904894358404
2022-10-25 12:00:00,2022,10,25,12,7.0200527594970445,7.109014158765491,-0.08896139926844615,0.08896139926844615
2022-10-25 18:00:00,2022,10,25,18,3.529141415348976,3.51600687100093,0.013134544348046173,0.013134544348046173
2022-10-26 00:00:00,2022,10,26,0,2.910016508722735,2.9891330779325918,-0.07911656920985655,0.07911656920985655
2022-10-26 06:00:00,2022,10,26,6,3.7308756141252735,3.9211583622381934,-0.1902827481129199,0.1902827481129199
2022-10-26 12:00:00,2022,10,26,12,6.769115162877436,7.043826987191398,-0.2747118243139619,0.2747118243139619
2022-10-26 18:00:00,2022,10,26,18,3.949944999359189,3.6348305540521295,0.31511444530705957,0.31511444530705957
2022-10-27 00:00:00,2022,10,27,0,3.182561938391008,3.0436124250021543,0.13894951338885386,0.13894951338885386
2022-10-27 06:00:00,2022,10,27,6,3.802030641570529,3.692855998267299,0.10917464330323012,0.10917464330323012
2022-10-27 12:00:00,2022,10,27,12,7.265348011291121,7.121890035506379,0.1434579757847425,0.1434579757847425
2022-10-27 18:00:00,2022,10,27,18,3.3528619391366576,3.370635366192563,-0.017773427055905344,0.017773427055905344
2022-10-28 00:00:00,2022,10,28,0,3.008612845814731,2.8804854235589223,0.12812742225580864,0.12812742225580864
2022-10-28 06:00:00,2022,10,28,6,3.3446476216239134,3.5010678945719835,-0.15642027294807015,0.15642027294807015
2022-10-28 12:00:00,2022,10,28,12,6.927165435874263,7.005623401791872,-0.07845796591760834,0.07845796591760834
2022-10-28 18:00:00,2022,10,28,18,3.5355287065625576,3.4813276037915655,0.054201102770992104,0.054201102770992104
2022-10-29 00:00:00,2022,10,29,0,2.8982944883605253,3.009358692350048,-0.11106420398952288,0.11106420398952288
2022-10-29 06:00:00,2022,10,29,6,3.6038920761198856,3.636239199216304,-0.03234712309641852,0.03234712309641852
2022-10-29 12:00:00,2022,10,29,12,6.7919643528502585,7.025315831083353,-0.23335147823309477,0.23335147823309477
2022-10-29 18:00:00,2022,10,29,18,3.814163467768624,3.9276669897267693,-0.11350352195814528,0.11350352195814528
2022-10-30 00:00:00,2022,10,30,0,2.852304304400221,2.815957121048068,0.036347183352153145,0.036347183352153145
2022-10-30 06:00:00,2022,10,30,6,3.7104354362713545,3.913362467732241,-0.20292703146088664,0.20292703146088664
2022-10-30 12:00:00,2022,10,30,12,6.629199710754297,7.173323995845262,-0.5441242850909651,0.5441242850909651
2022-10-30 18:00:00,2022,10,30,18,3.683530619891666,3.6221367981128263,0.0613938217788399,0.0613938217788399
2022-10-31 00:00:00,2022,10,31,0,3.0407957620993886,3.0165230613509593,0.024272700748429354,0.024272700748429354
2022-10-31 06:00:00,2022,10,31,6,3.897118496707988,3.702849390663634,0.194269106044354,0.194269106044354
2022-10-31 12:00:00,2022,10,31,12,6.7266626424638805,7.091486435338545,-0.36482379287466493,0.36482379287466493
2022-10-31 18:00:00,2022,10,31,18,3.613415441962704,3.4461740251472226,0.16724141681548144,0.16724141681548144
2022-11-01 00:00:00,2022,11,1,0,2.894006129402543,2.9126034146266324,-0.018597285224089433,0.018597285224089433
2022-11-01 06:00:00,2022,11,1,6,3.404871680435748,3.4032646499988086,0.0016070304369395494,0.0016070304369395494
2022-11-01 12:00:00,2022,11,1,12,6.856128051149724,6.877215317917775,-0.021087266768051727,0.021087266768051727
2022-11-01 18:00:00,2022,11,1,18,3.620739351457395,3.5969814621114287,0.023757889345966454,0.023757889345966454
2022-11-02 00:00:00,2022,11,2,0,2.9468268511168203,2.783903832345378,0.16292301877144233,0.16292301877144233
2022-11-02 06:00:00,2022,11,2,6,3.458981860504138,3.432091594955168,0.026890265548969783,0.026890265548969783
2022-11-02 12:00:00,2022,11,2,12,6.476388914320958,6.775152625438716,-0.29876371111775857,0.29876371111775857
2022-11-02 18:00:00,2022,11,2,18,3.319956341110555,3.3074080107000254,0.012548330410529385,0.012548330410529385
2022-11-03 00:00:00,2022,11,3,0,2.99103458108501,2.7108933344285377,0.2801412466564721,0.2801412466564721
2022-11-03 06:00:00,2022,11,3,6,3.185620092551487,3.2564380721163606,-0.07081797956487357,0.07081797956487357
2022-11-03 12:00:00,2022,11,3,12,6.744387466923679,6.802619981860171,-0.05823251493649195,0.05823251493649195
2022-11-03 18:00:00,2022,11,3,18,3.3559870495417634,3.251561874309115,0.10442517523264838,0.10442517523264838
2022-11-04 00:00:00,2022,11,4,0,2.8893125882071526,2.9186771684234127,-0.029364580216260094,0.029364580216260094
2022-11-04 06:00:00,2022,11,4,6,3.220543126532023,3.306970750363741,-0.08642762383171831,0.08642762383171831
2022-11-04 12:00:00,2022,11,4,12,6.916266479479642,6.859220797905816,0.05704568157382628,0.05704568157382628
2022-11-04 18:00:00,2022,11,4,18,3.397591140343766,3.3174773872899976,0.08011375305376855,0.08011375305376855
2022-11-05 00:00:00,2022,11,5,0,2.7502790334035594,2.9362474111703323,-0.18596837776677289,0.18596837776677289
2022-11-05 06:00:00,2022,11,5,6,3.6223316036959474,3.3595557074883806,0.2627758962075668,0.2627758962075668
2022-11-05 12:00:00,2022,11,5,12,6.865199472648187,6.893394282719651,-0.028194810071464182,0.028194810071464182
2022-11-05 18:00:00,2022,11,5,18,3.4232205830495066,3.4789223900269026,-0.05570180697739602,0.05570180697739602
2022-11-06 00:00:00,2022,11,6,0,2.741643343267298,2.6791667907227037,0.06247655254459428,0.06247655254459428
2022-11-06 06:00:00,2022,11,6,6,3.3269939749892057,3.247006213941946,0.07998776104725946,0.07998776104725946
2022-11-06 12:00:00,2022,11,6,12,7.059372558654782,6.820433729583591,0.23893882907119046,0.23893882907119046
2022-11-06 18:00:00,2022,11,6,18,3.260458832632805,3.2730792707090735,-0.01262043807626867,0.01262043807626867
2022-11-07 00:00:00,2022,11,7,0,2.743414404402362,2.7065070558603956,0.0369073485419662,0.0369073485419662
2022-11-07 06:00:00,2022,11,7,6,3.505376387145005,3.3662313209631227,0.13914506618188227,0.13914506618188227
2022-11-07 12:00:00,2022,11,7,12,6.706257848353352,6.767322295993001,-0.06106444763964891,0.06106444763964891
2022-11-07 18:00:00,2022,11,7,18,3.406225085704078,3.4145453262994168,-0.008320240595338646,0.008320240595338646
2022-11-08 00:00:00,2022,11,8,0,2.587628095025292,2.631941754174725,-0.04431365914943308,0.04431365914943308
2022-11-08 06:00:00,2022,11,8,6,3.4220903197007098,3.5242202650116874,-0.10212994531097763,0.10212994531097763
2022-11-08 12:00:00,2022,11,8,12,6.791862735356362,6.788733575691964,0.0031291596643976405,0.0031291596643976405
2022-11-08 18:00:00,2022,11,8,18,3.5466133890156915,3.452922597216453,0.09369079179923867,0.09369079179923867
2022-11-09 00:00:00,2022,11,9,0,2.290422765558363,2.6372575979519683,-0.34683483239360546,0.34683483239360546
2022-11-09 06:00:00,2022,11,9,6,3.2596055676981703,3.145846744582637,0.11375882311553331,0.11375882311553331
2022-11-09 12:00:00,2022,11,9,12,6.84436766662931,6.825455309626877,0.01891235700243321,0.01891235700243321
2022-11-09 18:00:00,2022,11,9,18,3.3206532987740496,3.359951236084672,-0.039297937310622366,0.039297937310622366
2022-11-10 00:00:00,2022,11,10,0,2.7414815740843834,2.810254334274366,-0.06877276018998257,0.06877276018998257
2022-11-10 06:00:00,2022,11,10,6,3.2453188169087666,3.236996812580585,0.008322004328181531,0.008322004328181531
2022-11-10 12:00:00,2022,11,10,12,6.746722339118007,6.900091389031873,-0.15336904991386646,0.15336904991386646
2022-11-10 18:00:00,2022,11,10,18,3.405888864394269,3.194522481502545,0.21136638289172405,0.21136638289172405
2022-11-11 00:00:00,2022,11,11,0,2.884403210543466,2.80938249684263,0.07502071370083607,0.07502071370083607
2022-11-11 06:00:00,2022,11,11,6,3.1549848979510133,3.262598740565716,-0.10761384261470264,0.10761384261470264
2022-11-11 12:00:00,2022,11,11,12,6.708769222444778,6.706084902688994,0.0026843197557839815,0.0026843197557839815
2022-11-11 18:00:00,2022,11,11,18,3.707150850396777,3.3906539788481687,0.3164968715486083,0.3164968715486083
2022-11-12 00:00:00,2022,11,12,0,2.716885759479544,2.773271707197967,-0.05638594771842298,0.05638594771842298
2022-11-12 06:00:00,2022,11,12,6,3.338807360011167,3.368783595091375,-0.029976235080207747,0.029976235080207747
2022-11-12 12:00:00,2022,11,12,12,6.495303164875161,6.630697936881088,-0.13539477200592653,0.13539477200592653
2022-11-12 18:00:00,2022,11,12,18,3.249328465171748,3.130014710429541,0.11931375474220696,0.11931375474220696
2022-11-13 00:00:00,2022,11,13,0,2.576420953616448,2.753726804582327,-0.1773058509658787,0.1773058509658787
2022-11-13 06:00:00,2022,11,13,6,3.5350911614508047,3.1865680740582762,0.34852308739252846,0.34852308739252846
2022-11-13 12:00:00,2022,11,13,12,6.770451652848491,6.670604459145723,0.09984719370276807,0.09984719370276807
2022-11-13 18:00:00,2022,11,13,18,3.351890994481969,3.314590528252672,0.037300466229296614,0.037300466229296614
2022-11-14 00:00:00,2022,11,14,0,2.731369746183124,2.5902643954847804,0.14110535069834373,0.14110535069834373
2022-11-14 06:00:00,2022,11,14,6,3.0687651101993456,3.219634545533173,-0.15086943533382735,0.15086943533382735
2022-11-14 12:00:00,2022,11,14,12,6.667851007150417,6.708016317797065,-0.04016531064664797,0.04016531064664797
2022-11-14 18:00:00,2022,11,14,18,3.2738924879575797,3.2889411895630554,-0.015048701605475667,0.015048701605475667
2022-11-15 00:00:00,2022,11,15,0,2.8200553941195654,2.735274064983474,0.08478132913609127,0.08478132913609127
2022-11-15 06:00:00,2022,11,15,6,3.447535175721945,3.393820901680765,0.05371427404117979,0.05371427404117979
2022-11-15 12:00:00,2022,11,15,12,6.384021686693199,6.3687099141986,0.015311772494598586,0.015311772494598586
2022-11-15 18:00:00,2022,11,15,18,2.902321695237707,3.026216205848376,-0.1238945106106688,0.1238945106106688
2022-11-16 00:00:00,2022,11,16,0,2.608244265721481,2.6023633380747886,0.0058809276466922356,0.0058809276466922356
2022-11-16 06:00:00,2022,11,16,6,3.561624598599719,3.458546273967841,0.10307832463187783,0.10307832463187783
2022-11-16 12:00:00,2022,11,16,12,6.437011392957358,6.371553315047804,0.06545807790955394,0.06545807790955394
2022-11-16 18:00:00,2022,11,16,18,3.33785259657515,3.2827912429608954,0.05506135361425457,0.05506135361425457
2022-11-17 00:00:00,2022,11,17,0,2.3294167672071526,2.478237667529243,-0.1488209003220904,0.1488209003220904
2022-11-17 06:00:00,2022,11,17,6,3.6443952371701047,3.396561109601302,0.24783412756880274,0.24783412756880274
2022-11-17 12:00:00,2022,11,17,12,6.676466484247988,6.70351655606318,-0.027050071815192034,0.027050071815192034
2022-11-17 18:00:00,2022,11,17,18,3.307615280410744,3.382420598049713,-0.07480531763896892,0.07480531763896892
2022-11-18 00:00:00,2022,11,18,0,2.7037858144506384,2.592444397861375,0.11134141658926344,0.11134141658926344
2022-11-18 06:00:00,2022,11,18,6,3.1029900935049266,3.2320525670511033,-0.12906247354617673,0.12906247354617673
2022-11-18 12:00:00,2022,11,18,12,6.314346825424933,6.6306800935912875,-0.3163332681663542,0.3163332681663542
2022-11-18 18:00:00,2022,11,18,18,3.2624274316014,3.207553764962503,0.054873666638897145,0.054873666638897145
2022-11-19 00:00:00,2022,11,19,0,2.2922333515146898,2.3913783288445223,-0.09914497732983252,0.09914497732983252
2022-11-19 06:00:00,2022,11,19,6,3.593907977379593,3.2254331561092213,0.3684748212703717,0.3684748212703717
2022-11-19 12:00:00,2022,11,19,12,6.317251729209524,6.168501941027694,0.1487497881818296,0.1487497881818296
2022-11-19 18:00:00,2022,11,19,18,3.581999082769934,3.472199329395644,0.10979975337429027,0.10979975337429027
2022-11-20 00:00:00,2022,11,20,0,2.2293641162217304,2.296076815689436,-0.06671269946770542,0.06671269946770542
2022-11-20 06:00:00,2022,11,20,6,3.568828645142056,3.4723218563056992,0.09650678883635688,0.09650678883635688
2022-11-20 12:00:00,2022,11,20,12,6.31569921379214,6.301477714981647,0.014221498810492506,0.014221498810492506
2022-11-20 18:00:00,2022,11,20,18,3.19508497619322,3.040239542458691,0.15484543373452908,0.15484543373452908
2022-11-21 00:00:00,2022,11,21,0,2.464104732524696,2.3818024048887017,0.08230232763599421,0.08230232763599421
2022-11-21 06:00:00,2022,11,21,6,3.2237235043595582,3.0026276204234583,0.2210958839360999,0.2210958839360999
2022-11-21 12:00:00,2022,11,21,12,6.1487968962392765,6.1180432014574215,0.030753694781854968,0.030753694781854968
2022-11-21 18:00:00,2022,11,21,18,3.0005814471098136,2.956784742725424,0.04379670438438943,0.04379670438438943
2022-11-22 00:00:00,2022,11,22,0,2.421541874531491,2.397292894546888,0.02424897998460329,0.02424897998460329
2022-11-22 06:00:00,2022,11,22,6,3.4828500667043403,3.416153567339964,0.06669649936437638,0.06669649936437638
2022-11-22 12:00:00,2022,11,22,12,6.472001952320609,6.38112566058,0.0908762917406083,0.0908762917406083
2022-11-22 18:00:00,2022,11,22,18,2.9767100734957577,3.0361831660763614,-0.05947309258060374,0.05947309258060374
2022-11-23 00:00:00,2022,11,23,0,2.361479712405026,2.3545973716579454,0.0068823407470808284,0.0068823407470808284
2022-11-23 06:00:00,2022,11,23,6,3.314625153623278,2.98810700167272,0.326518151950558,0.326518151950558
2022-11-23 12:00:00,2022,11,23,12,6.175504070437434,6.1613278425129625,0.014176227924471263,0.014176227924471263
2022-11-23 18:00:00,2022,11,23,18,3.0501252407008224,3.1666925272965405,-0.11656728659571813,0.11656728659571813
2022-11-24 00:00:00,2022,11,24,0,2.3580468725192456,2.1686865537131506,0.18936031880609505,0.18936031880609505
2022-11-24 06:00:00,2022,11,24,6,2.911919584979907,2.9465042223985427,-0.03458463741863582,0.03458463741863582
2022-11-24 12:00:00,2022,11,24,12,6.354612880197156,6.168110220865442,0.1865026593317145,0.1865026593317145
2022-11-24 18:00:00,2022,11,24,18,3.167145867407107,2.8074975140282645,0.3596483533788426,0.3596483533788426
2022-11-25 00:00:00,2022,11,25,0,2.7436051078565704,2.7489480972328617,-0.005342989376291296,0.005342989376291296
2022-11-25 06:00:00,2022,11,25,6,3.237103696245819,3.1401540214252743,0.09694967482054473,0.09694967482054473
2022-11-25 12:00:00,2022,11,25,12,5.707029183163649,5.854753356831881,-0.14772417366823198,0.14772417366823198
2022-11-25 18:00:00,2022,11,25,18,2.7545246955053275,2.8525367020801027,-0.09801200657477516,0.09801200657477516
2022-11-26 00:00:00,2022,11,26,0,2.2477401512258983,2.269314649051921,-0.02157449782602283,0.02157449782602283
2022-11-26 06:00:00,2022,11,26,6,2.884255989747237,3.0902573431475875,-0.20600135340035042,0.20600135340035042
2022-11-26 12:00:00,2022,11,26,12,6.339156733130753,6.155586382072611,0.18357035105814123,0.18357035105814123
2022-11-26 18:00:00,2022,11,26,18,2.881734243211086,2.851442150222389,0.030292092988697394,0.030292092988697394
2022-11-27 00:00:00,2022,11,27,0,2.75214446778616,2.706739036870684,0.045405430915475886,0.045405430915475886
2022-11-27 06:00:00,2022,11,27,6,3.31028087262747,3.17472920019819,0.1355516724292798,0.1355516724292798
2022-11-27 12:00:00,2022,11,27,12,5.838884289667893,6.075630898520513,-0.23674660885262,0.23674660885262
2022-11-27 18:00:00,2022,11,27,18,3.257068832317122,3.2201283071598565,0.03694052515726565,0.03694052515726565
2022-11-28 00:00:00,2022,11,28,0,2.178974195482742,2.3659883471480314,-0.18701415166528923,0.18701415166528923
2022-11-28 06:00:00,2022,11,28,6,3.000880468711734,3.075280455734809,-0.07439998702307493,0.07439998702307493
2022-11-28 12:00:00,2022,11,28,12,6.244867763239337,6.1946978065981355,0.050169956641201274,0.050169956641201274
2022-11-28 18:00:00,2022,11,28,18,3.0081535850107235,3.1384136283335184,-0.13026004332279495,0.13026004332279495
2022-11-29 00:00:00,2022,11,29,0,2.3166466055754698,2.324864712547245,-0.008218106971775274,0.008218106971775274
2022-11-29 06:00:00,2022,11,29,6,3.4515993996530936,2.997563683725895,0.4540357159271986,0.4540357159271986
2022-11-29 12:00:00,2022,11,29,12,6.13666128108224,6.198724274436917,-0.0620629933546768,0.0620629933546768
2022-11-29 18:00:00,2022,11,29,18,3.135164166348962,2.9528919154334194,0.18227225091554233,0.18227225091554233
2022-11-30 00:00:00,2022,11,30,0,1.7497843791894816,2.0893003176966114,-0.3395159385071298,0.3395159385071298
2022-11-30 06:00:00,2022,11,30,6,3.0930934873140417,2.9171017716061307,0.17599171570791095,0.17599171570791095
2022-11-30 12:00:00,2022,11,30,12,6.03088966930832,6.064829297903679,-0.03393962859535904,0.03393962859535904
2022-11-30 18:00:00,2022,11,30,18,2.8194550100616067,2.9103932514165414,-0.09093824135493467,0.09093824135493467
2022-12-01 00:00:00,2022,12,1,0,2.252538869600456,2.3264886747726714,-0.07394980517221539,0.07394980517221539
2022-12-01 06:00:00,2022,12,1,6,2.497222358448924,2.8352804995801106,-0.3380581411311865,0.3380581411311865
2022-12-01 12:00:00,2022,12,1,12,6.01398139261209,5.883148286106674,0.13083310650541602,0.13083310650541602
2022-12-01 18:00:00,2022,12,1,18,2.8664634395969903,3.0265079826841945,-0.16004454308720417,0.16004454308720417
2022-12-02 00:00:00,2022,12,2,0,1.9051682994388417,2.115035348161841,-0.20986704872299922,0.20986704872299922
2022-12-02 06:00:00,2022,12,2,6,2.688865060099879,2.856887884909898,-0.16802282481001907,0.16802282481001907
2022-12-02 12:00:00,2022,12,2,12,5.936861927457849,5.851678428139856,0.08518349931799296,0.08518349931799296
2022-12-02 18:00:00,2022,12,2,18,2.568222930790541,2.806463960866526,-0.23824103007598474,0.23824103007598474
2022-12-03 00:00:00,2022,12,3,0,1.99539601130686,2.198098186212135,-0.20270217490527487,0.20270217490527487
2022-12-03 06:00:00,2022,12,3,6,3.253024993864818,3.111612656298895,0.14141233756592309,0.14141233756592309
2022-12-03 12:00:00,2022,12,3,12,6.077691847368438,6.13277511395903,-0.05508326659059204,0.05508326659059204
2022-12-03 18:00:00,2022,12,3,18,2.822348848637372,2.6875734474238655,0.13477540121350629,0.13477540121350629
2022-12-04 00:00:00,2022,12,4,0,2.468370777302655,2.4159278940793527,0.05244288322330215,0.05244288322330215
2022-12-04 06:00:00,2022,12,4,6,2.989927500773337,2.876669516147506,0.11325798462583059,0.11325798462583059
2022-12-04 12:00:00,2022,12,4,12,6.080912398786737,6.092777570706168,-0.011865171919431816,0.011865171919431816
2022-12-04 18:00:00,2022,12,4,18,2.94113486049719,2.9354072928981747,0.00572756759901516,0.00572756759901516
2022-12-05 00:00:00,2022,12,5,0,2.5103339891549616,2.298567247803157,0.21176674135180473,0.21176674135180473
2022-12-05 06:00:00,2022,12,5,6,2.742195087037121,2.8997421735433218,-0.15754708650620097,0.15754708650620097
2022-12-05 12:00:00,2022,12,5,12,5.843805091604163,5.820891064920679,0.022914026683483968,0.022914026683483968
2022-12-05 18:00:00,2022,12,5,18,2.9124125315424845,2.843228965218303,0.06918356632418154,0.06918356632418154
2022-12-06 00:00:00,2022,12,6,0,1.9986697622468967,2.206472326111034,-0.2078025638641372,0.2078025638641372
2022-12-06 06:00:00,2022,12,6,6,2.8422919859768108,2.868551333245801,-0.02625934726899004,0.02625934726899004
2022-12-06 12:00:00,2022,12,6,12,6.386713865498984,6.3132137866288796,0.07350007887010435,0.07350007887010435
2022-12-06 18:00:00,2022,12,6,18,2.52773300892471,2.709730366489963,-0.18199735756525293,0.18199735756525293
2022-12-07 00:00:00,2022,12,7,0,2.197495349193616,2.204279161594724,-0.006783812401107703,0.006783812401107703
2022-12-07 06:00:00,2022,12,7,6,2.7853257547820114,2.7730860884546185,0.012239666327392928,0.012239666327392928
2022-12-07 12:00:00,2022,12,7,12,6.361255509598314,6.058742211520799,0.3025132980775149,0.3025132980775149
2022-12-07 18:00:00,2022,12,7,18,2.7496293367131446,2.7098500658280424,0.039779270885102136,0.039779270885102136
2022-12-08 00:00:00,2022,12,8,0,1.9626047486892455,2.1462947261610053,-0.18368997747175975,0.18368997747175975
2022-12-08 06:00:00,2022,12,8,6,2.9494769713556988,2.8319631270421395,0.11751384431355927,0.11751384431355927
2022-12-08 12:00:00,2022,12,8,12,6.325482451488549,6.012136712837274,0.31334573865127524,0.31334573865127524
2022-12-08 18:00:00,2022,12,8,18,2.626737049770396,2.763907251594192,-0.1371702018237957,0.1371702018237957
2022-12-09 00:00:00,2022,12,9,0,2.106768884152223,2.24360179115985,-0.13683290700762685,0.13683290700762685
2022-12-09 06:00:00,2022,12,9,6,2.702594664340304,2.8405067823721684,-0.13791211803186432,0.13791211803186432
2022-12-09 12:00:00,2022,12,9,12,5.894264957192926,6.099625046229672,-0.20536008903674574,0.20536008903674574
2022-12-09 18:00:00,2022,12,9,18,2.901773877511992,2.80427786691489,0.09749601059710189,0.09749601059710189
2022-12-10 00:00:00,2022,12,10,0,2.260556327899116,2.334868016478661,-0.07431168857954473,0.07431168857954473
2022-12-10 06:00:00,2022,12,10,6,2.886890912360429,2.8483365930217914,0.03855431933863773,0.03855431933863773
2022-12-10 12:00:00,2022,12,10,12,6.209458388211956,5.967263610547158,0.2421947776647979,0.2421947776647979
2022-12-10 18:00:00,2022,12,10,18,2.725047210062355,2.8842999998430967,-0.15925278978074164,0.15925278978074164
2022-12-11 00:00:00,2022,12,11,0,2.152900413018158,2.2586363320153335,-0.10573591899717538,0.10573591899717538
2022-12-11 06:00:00,2022,12,11,6,2.8056850849395034,2.9364403602475804,-0.13075527530807696,0.13075527530807696
2022-12-11 12:00:00,2022,12,11,12,5.541955980984159,5.829271875333983,-0.28731589434982396,0.28731589434982396
2022-12-11 18:00:00,2022,12,11,18,2.8569862536153123,2.8883721064181493,-0.03138585280283701,0.03138585280283701
2022-12-12 00:00:00,2022,12,12,0,1.967227315212748,2.237942010249447,-0.270714695036699,0.270714695036699
2022-12-12 06:00:00,2022,12,12,6,2.800992820577994,2.7872274990123787,0.013765321565615274,0.013765321565615274
2022-12-12 12:00:00,2022,12,12,12,5.835622336706461,5.801859504746194,0.03376283196026719,0.03376283196026719
2022-12-12 18:00:00,2022,12,12,18,2.3835887614381805,2.6194640041138566,-0.23587524267567606,0.23587524267567606
2022-12-13 00:00:00,2022,12,13,0,2.519520136606779,2.2349722872889535,0.28454784931782573,0.28454784931782573
2022-12-13 06:00:00,2022,12,13,6,3.142573130076874,2.9904991469853153,0.15207398309155895,0.15207398309155895
2022-12-13 12:00:00,2022,12,13,12,5.99381498630881,6.021907706453892,-0.02809272014508224,0.02809272014508224
2022-12-13 18:00:00,2022,12,13,18,2.4387489486102183,2.668464468600515,-0.2297155199902967,0.2297155199902967
2022-12-14 00:00:00,2022,12,14,0,2.2416783340861257,2.1648156135560206,0.07686272053010512,0.07686272053010512
2022-12-14 06:00:00,2022,12,14,6,3.282281430420182,2.9308999311375468,0.3513814992826352,0.3513814992826352
2022-12-14 12:00:00,2022,12,14,12,5.944897651813156,5.935253611510676,0.009644040302480228,0.009644040302480228
2022-12-14 18:00:00,2022,12,14,18,2.5931850417499733,2.7707361471818563,-0.17755110543188302,0.17755110543188302
2022-12-15 00:00:00,2022,12,15,0,2.143908137593831,2.2283078170134787,-0.08439967941964754,0.08439967941964754
2022-12-15 06:00:00,2022,12,15,6,2.4354894595138434,2.646849906554831,-0.21136044704098778,0.21136044704098778
2022-12-15 12:00:00,2022,12,15,12,5.404211491457963,5.601942407363282,-0.19773091590531866,0.19773091590531866
2022-12-15 18:00:00,2022,12,15,18,2.730352057143376,2.6346345389079286,0.0957175182354475,0.0957175182354475
2022-12-16 00:00:00,2022,12,16,0,2.103317304168342,2.2310107441794296,-0.1276934400110874,0.1276934400110874
2022-12-16 06:00:00,2022,12,16,6,2.832746868827593,2.7373045505307183,0.09544231829687488,0.09544231829687488
2022-12-16 12:00:00,2022,12,16,12,6.174368389676569,5.986562263589132,0.18780612608743663,0.18780612608743663
2022-12-16 18:00:00,2022,12,16,18,2.9841164123742643,2.5923592252606036,0.3917571871136607,0.3917571871136607
2022-12-17 00:00:00,2022,12,17,0,2.046221624364123,1.9642812236056475,0.08194040075847564,0.08194040075847564
2022-12-17 06:00:00,2022,12,17,6,2.4846600355998256,2.920396539075775,-0.4357365034759493,0.4357365034759493
2022-12-17 12:00:00,2022,12,17,12,5.975824912809368,5.776426712553326,0.1993982002560415,0.1993982002560415
2022-12-17 18:00:00,2022,12,17,18,2.766867941407126,2.7199361794109618,0.04693176199616422,0.04693176199616422
2022-12-18 00:00:00,2022,12,18,0,2.0893538271147896,2.1491490418362433,-0.05979521472145377,0.05979521472145377
2022-12-18 06:00:00,2022,12,18,6,2.675800666675121,2.6057632768534926,0.07003738982162844,0.07003738982162844
2022-12-18 12:00:00,2022,12,18,12,5.779614654688386,5.847013311392814,-0.06739865670442846,0.06739865670442846
2022-12-18 18:00:00,2022,12,18,18,2.9934675962740083,2.7943685855980607,0.1990990106759476,0.1990990106759476
2022-12-19 00:00:00,2022,12,19,0,2.078756201247224,2.065511077024591,0.01324512422263302,0.01324512422263302
2022-12-19 06:00:00,2022,12,19,6,2.627373983021484,2.590232204244508,0.03714177877697633,0.03714177877697633
2022-12-19 12:00:00,2022,12,19,12,5.800101603232294,5.6970111277832585,0.1030904754490356,0.1030904754490356
2022-12-19 18:00:00,2022,12,19,18,2.8835051520874653,2.849420676663574,0.03408447542389137,0.03408447542389137
2022-12-20 00:00:00,2022,12,20,0,2.1456028832859637,2.107463324250699,0.03813955903526489,0.03813955903526489
2022-12-20 06:00:00,2022,12,20,6,2.50021896011274,2.6482269249103814,-0.14800796479764156,0.14800796479764156
2022-12-20 12:00:00,2022,12,20,12,5.907463752412701,5.779424969815164,0.1280387825975371,0.1280387825975371
2022-12-20 18:00:00,2022,12,20,18,3.392705562091484,3.070506319748742,0.3221992423427418,0.3221992423427418
2022-12-21 00:00:00,2022,12,21,0,2.115308464776598,2.0580406104871356,0.05726785428946224,0.05726785428946224
2022-12-21 06:00:00,2022,12,21,6,2.78508827650472,2.5081771545802023,0.2769111219245177,0.2769111219245177
2022-12-21 12:00:00,2022,12,21,12,6.330000306220813,6.063605866949913,0.26639443927090056,0.26639443927090056
2022-12-21 18:00:00,2022,12,21,18,2.6095015232712164,2.5712442048305895,0.038257318440626964,0.038257318440626964
2022-12-22 00:00:00,2022,12,22,0,2.280467363362838,2.0326059777309498,0.2478613856318881,0.2478613856318881
2022-12-22 06:00:00,2022,12,22,6,2.3149473087931205,2.4494362000225753,-0.13448889122945484,0.13448889122945484
2022-12-22 12:00:00,2022,12,22,12,5.972986354412917,5.612996644243217,0.3599897101697005,0.3599897101697005
2022-12-22 18:00:00,2022,12,22,18,2.839333278435932,2.8400448338575273,-0.0007115554215952891,0.0007115554215952891
2022-12-23 00:00:00,2022,12,23,0,1.731710168116008,2.168854624704355,-0.4371444565883469,0.4371444565883469
2022-12-23 06:00:00,2022,12,23,6,2.657148067673796,2.630563404402043,0.02658466327175324,0.02658466327175324
2022-12-23 12:00:00,2022,12,23,12,5.852376584816254,5.751579791826273,0.10079679298998023,0.10079679298998023
2022-12-23 18:00:00,2022,12,23,18,2.623759191703719,2.6175080664857484,0.0062511252179704435,0.0062511252179704435
2022-12-24 00:00:00,2022,12,24,0,1.849790044401592,1.8454966155244172,0.004293428877174765,0.004293428877174765
2022-12-24 06:00:00,2022,12,24,6,2.314383603123242,2.387701953250726,-0.07331835012748433,0.07331835012748433
2022-12-24 12:00:00,2022,12,24,12,5.605264359946568,5.754979729039149,-0.14971536909258099,0.14971536909258099
2022-12-24 18:00:00,2022,12,24,18,2.444941244159584,2.551855243644574,-0.10691399948498992,0.10691399948498992
2022-12-25 00:00:00,2022,12,25,0,2.3043181332202924,2.016646627948683,0.28767150527160945,0.28767150527160945
2022-12-25 06:00:00,2022,12,25,6,3.0000616116087437,2.705322255496513,0.2947393561122307,0.2947393561122307
2022-12-25 12:00:00,2022,12,25,12,5.79566978301997,5.877503541340063,-0.08183375832009343,0.08183375832009343
2022-12-25 18:00:00,2022,12,25,18,2.427128451513484,2.5244507872843673,-0.09732233577088323,0.09732233577088323
2022-12-26 00:00:00,2022,12,26,0,1.7414195894692646,1.8098683530430302,-0.06844876357376561,0.06844876357376561
2022-12-26 06:00:00,2022,12,26,6,2.882194056041956,2.757643446918235,0.12455060912372096,0.12455060912372096
2022-12-26 12:00:00,2022,12,26,12,5.533775255409674,5.724541609153537,-0.19076635374386264,0.19076635374386264
2022-12-26 18:00:00,2022,12,26,18,2.5477557446638,2.5167130678370397,0.031042676826760207,0.031042676826760207
2022-12-27 00:00:00,2022,12,27,0,1.93567331568588,1.8447535711451706,0.0909197445407095,0.0909197445407095
2022-12-27 06:00:00,2022,12,27,6,2.5008721112709584,2.4653161124918332,0.035555998779125186,0.035555998779125186
2022-12-27 12:00:00,2022,12,27,12,5.691093192204452,5.800303321038569,-0.10921012883411674,0.10921012883411674
2022-12-27 18:00:00,2022,12,27,18,2.355886934080819,2.621862094730769,-0.2659751606499503,0.2659751606499503
2022-12-28 00:00:00,2022,12,28,0,2.0889184919662083,2.105370745376438,-0.016452253410229822,0.016452253410229822
2022-12-28 06:00:00,2022,12,28,6,2.315007521921284,2.3913953433134107,-0.07638782139212674,0.07638782139212674
2022-12-28 12:00:00,2022,12,28,12,5.885049799437156,5.956163315163806,-0.07111351572665026,0.07111351572665026
2022-12-28 18:00:00,2022,12,28,18,2.5264053509149,2.5236812999273677,0.002724050987532145,0.002724050987532145
2022-12-29 00:00:00,2022,12,29,0,2.122209037288547,1.8459081211220014,0.27630091616654573,0.27630091616654573
2022-12-29 06:00:00,2022,12,29,6,2.6419010349188023,2.6890629608745424,-0.04716192595574009,0.04716192595574009
2022-12-29 12:00:00,2022,12,29,12,5.652889140627029,5.626704239816792,0.026184900810236833,0.026184900810236833
2022-12-29 18:00:00,2022,12,29,18,2.527352325882961,2.5269973183303827,0.00035500755257844574,0.00035500755257844574
2022-12-30 00:00:00,2022,12,30,0,1.7309327202099534,1.9172054265400182,-0.18627270633006487,0.18627270633006487
2022-12-30 06:00:00,2022,12,30,6,2.700768770281913,2.589713371315976,0.11105539896593708,0.11105539896593708
2022-12-30 12:00:00,2022,12,30,12,5.902361668290505,5.772943494282979,0.12941817400752598,0.12941817400752598
2022-12-30 18:00:00,2022,12,30,18,2.41546165340614,2.4845542151879316,-0.06909256178179168,0.06909256178179168
2022-12-31 00:00:00,2022,12,31,0,2.19647968513496,2.1751221369613125,0.021357548173647434,0.021357548173647434
2022-12-31 06:00:00,2022,12,31,6,2.2623130530224533,2.436750822168671,-0.17443776914621756,0.17443776914621756
2022-12-31 12:00:00,2022,12,31,12,5.436891039879963,5.655074162019074,-0.21818312213911106,0.21818312213911106
2022-12-31 18:00:00,2022,12,31,18,2.613474853566754,2.6623636788271776,-0.04888882526042382,0.04888882526042382
