datetime,year,month,day,hour,actual_modis_et_mm,predicted_modis_et_mm,residual_error,absolute_error
2009-01-01 00:00:00,2009,1,1,0,2.2007174602598534,2.372168736394769,-0.17145127613491562,0.17145127613491562
2009-01-01 06:00:00,2009,1,1,6,3.002018958161393,2.978559139775695,0.023459818385697773,0.023459818385697773
2009-01-01 12:00:00,2009,1,1,12,4.616576223084649,4.795082949144452,-0.178506726059803,0.178506726059803
2009-01-01 18:00:00,2009,1,1,18,2.5417397122487264,2.6516873566329218,-0.10994764438419535,0.10994764438419535
2009-01-02 00:00:00,2009,1,2,0,2.4849391017311118,2.494034421548943,-0.009095319817831182,0.009095319817831182
2009-01-02 06:00:00,2009,1,2,6,2.684707065811733,2.8581157239001627,-0.17340865808842976,0.17340865808842976
2009-01-02 12:00:00,2009,1,2,12,4.9953677840341655,4.875873072252045,0.11949471178212079,0.11949471178212079
2009-01-02 18:00:00,2009,1,2,18,2.71416820977808,2.8796925040267287,-0.16552429424864856,0.16552429424864856
2009-01-03 00:00:00,2009,1,3,0,2.674079010403587,2.5649529665033572,0.10912604390022995,0.10912604390022995
2009-01-03 06:00:00,2009,1,3,6,2.891824014024864,3.112459446021331,-0.22063543199646674,0.22063543199646674
2009-01-03 12:00:00,2009,1,3,12,4.605407691912739,4.916121113009186,-0.3107134210964473,0.3107134210964473
2009-01-03 18:00:00,2009,1,3,18,2.70891458123219,2.7027330114289,0.006181569803290099,0.006181569803290099
2009-01-04 00:00:00,2009,1,4,0,2.7161072622950626,2.716352367577091,-0.00024510528202847937,0.00024510528202847937
2009-01-04 06:00:00,2009,1,4,6,3.2749119151887824,3.1566745767880726,0.11823733840070982,0.11823733840070982
2009-01-04 12:00:00,2009,1,4,12,4.9205324648068105,4.727210617668941,0.19332184713786926,0.19332184713786926
2009-01-04 18:00:00,2009,1,4,18,3.116634621318737,3.0185253632312277,0.09810925808750914,0.09810925808750914
2009-01-05 00:00:00,2009,1,5,0,2.18389988838116,2.277861555056318,-0.09396166667515793,0.09396166667515793
2009-01-05 06:00:00,2009,1,5,6,2.34606854790476,2.5895672130402536,-0.24349866513549356,0.24349866513549356
2009-01-05 12:00:00,2009,1,5,12,4.924172905907312,4.927213074883316,-0.0030401689760033435,0.0030401689760033435
2009-01-05 18:00:00,2009,1,5,18,2.6317458132811025,2.677538443914183,-0.04579263063308048,0.04579263063308048
2009-01-06 00:00:00,2009,1,6,0,3.008119638110081,3.0323765798986373,-0.024256941788556308,0.024256941788556308
2009-01-06 06:00:00,2009,1,6,6,3.07631976194112,2.886657944270123,0.18966181767099677,0.18966181767099677
2009-01-06 12:00:00,2009,1,6,12,4.680483674067755,4.618476440366371,0.062007233701383946,0.062007233701383946
2009-01-06 18:00:00,2009,1,6,18,2.439319717185442,2.737508216677246,-0.29818849949180404,0.29818849949180404
2009-01-07 00:00:00,2009,1,7,0,2.3186540774743625,2.3509966032152394,-0.032342525740876926,0.032342525740876926
2009-01-07 06:00:00,2009,1,7,6,2.6270129906473563,2.642411658166532,-0.015398667519175735,0.015398667519175735
2009-01-07 12:00:00,2009,1,7,12,4.951764385275392,4.8057361501962435,0.14602823507914842,0.14602823507914842
2009-01-07 18:00:00,2009,1,7,18,2.494449898997825,2.483434858899432,0.011015040098393047,0.011015040098393047
2009-01-08 00:00:00,2009,1,8,0,2.178088122598393,2.464981764461209,-0.28689364186281585,0.28689364186281585
2009-01-08 06:00:00,2009,1,8,6,2.7495495638166805,2.9382754021633866,-0.1887258383467061,0.1887258383467061
2009-01-08 12:00:00,2009,1,8,12,4.485615787465627,4.677209511014336,-0.19159372354870907,0.19159372354870907
2009-01-08 18:00:00,2009,1,8,18,2.958853556044115,3.114805944627228,-0.1559523885831129,0.1559523885831129
2009-01-09 00:00:00,2009,1,9,0,2.179306628101915,2.488731389253497,-0.30942476115158213,0.30942476115158213
2009-01-09 06:00:00,2009,1,9,6,2.9554581693634656,2.7379911971195843,0.21746697224388134,0.21746697224388134
2009-01-09 12:00:00,2009,1,9,12,4.787291303902868,4.801674746882358,-0.014383442979490013,0.014383442979490013
2009-01-09 18:00:00,2009,1,9,18,2.655924424235426,2.8006854792877633,-0.14476105505233727,0.14476105505233727
2009-01-10 00:00:00,2009,1,10,0,2.7648411874752883,2.5858407493492916,0.17900043812599664,0.17900043812599664
2009-01-10 06:00:00,2009,1,10,6,2.4944543446548115,2.921947389078814,-0.4274930444240024,0.4274930444240024
2009-01-10 12:00:00,2009,1,10,12,4.65983482161647,4.870442231003085,-0.21060740938661482,0.21060740938661482
2009-01-10 18:00:00,2009,1,10,18,2.469845100541717,2.757696642000065,-0.2878515414583478,0.2878515414583478
2009-01-11 00:00:00,2009,1,11,0,2.0033065893739668,2.2044994169641825,-0.20119282759021573,0.20119282759021573
2009-01-11 06:00:00,2009,1,11,6,3.117914255700563,3.095721410945646,0.022192844754916674,0.022192844754916674
2009-01-11 12:00:00,2009,1,11,12,4.785037551071331,4.894771688902523,-0.10973413783119224,0.10973413783119224
2009-01-11 18:00:00,2009,1,11,18,2.702688144283472,2.7130576779415003,-0.010369533658028285,0.010369533658028285
2009-01-12 00:00:00,2009,1,12,0,2.1584901204590605,2.452332264692737,-0.2938421442336763,0.2938421442336763
2009-01-12 06:00:00,2009,1,12,6,2.9236220061407296,3.024638738711701,-0.10101673257097143,0.10101673257097143
2009-01-12 12:00:00,2009,1,12,12,5.289545074875531,5.060841556072048,0.22870351880348316,0.22870351880348316
2009-01-12 18:00:00,2009,1,12,18,2.5546889029190885,2.7302312906950936,-0.17554238777600517,0.17554238777600517
2009-01-13 00:00:00,2009,1,13,0,2.075610817603588,2.260788346628787,-0.18517752902519868,0.18517752902519868
2009-01-13 06:00:00,2009,1,13,6,3.156599446046517,3.1865743850118515,-0.02997493896533454,0.02997493896533454
2009-01-13 12:00:00,2009,1,13,12,4.804764550390839,4.867523422779222,-0.06275887238838251,0.06275887238838251
2009-01-13 18:00:00,2009,1,13,18,2.7810814882657997,2.913002538854747,-0.13192105058894743,0.13192105058894743
2009-01-14 00:00:00,2009,1,14,0,2.2209113210204983,2.4904024916181227,-0.2694911705976244,0.2694911705976244
2009-01-14 06:00:00,2009,1,14,6,2.3796398120813533,2.709529056807526,-0.32988924472617276,0.32988924472617276
2009-01-14 12:00:00,2009,1,14,12,4.751251978195021,4.890650122592431,-0.13939814439741038,0.13939814439741038
2009-01-14 18:00:00,2009,1,14,18,2.702546834700859,2.7542491013971993,-0.05170226669634026,0.05170226669634026
2009-01-15 00:00:00,2009,1,15,0,2.4351352882708537,2.480512667361062,-0.045377379090208336,0.045377379090208336
2009-01-15 06:00:00,2009,1,15,6,2.7555284078987583,2.5983146783218087,0.15721372957694957,0.15721372957694957
2009-01-15 12:00:00,2009,1,15,12,5.20739051069321,5.0546217495591845,0.15276876113402516,0.15276876113402516
2009-01-15 18:00:00,2009,1,15,18,2.764305397670508,2.8627940948848076,-0.09848869721429976,0.09848869721429976
2009-01-16 00:00:00,2009,1,16,0,2.299692516740445,2.3304521123683504,-0.030759595627905423,0.030759595627905423
2009-01-16 06:00:00,2009,1,16,6,2.938986731007677,2.9519241792857507,-0.012937448278073749,0.012937448278073749
2009-01-16 12:00:00,2009,1,16,12,4.735336183975669,5.0549930302597055,-0.3196568462840368,0.3196568462840368
2009-01-16 18:00:00,2009,1,16,18,2.68710881629311,2.7839021696276762,-0.0967933533345664,0.0967933533345664
2009-01-17 00:00:00,2009,1,17,0,2.665227595256733,2.5334983929985087,0.13172920225822438,0.13172920225822438
2009-01-17 06:00:00,2009,1,17,6,3.036677237225505,2.894919170375919,0.14175806684958614,0.14175806684958614
2009-01-17 12:00:00,2009,1,17,12,4.751740550396093,4.696786673766087,0.05495387663000617,0.05495387663000617
2009-01-17 18:00:00,2009,1,17,18,2.946048925239757,2.9475995100949843,-0.0015505848552272994,0.0015505848552272994
2009-01-18 00:00:00,2009,1,18,0,2.195623997550135,2.1499909274230515,0.045633070127083286,0.045633070127083286
2009-01-18 06:00:00,2009,1,18,6,3.2594746947202697,3.0400890543723853,0.21938564034788444,0.21938564034788444
2009-01-18 12:00:00,2009,1,18,12,4.673419097259929,4.754873421503667,-0.08145432424373844,0.08145432424373844
2009-01-18 18:00:00,2009,1,18,18,1.9558640022791092,2.3856784688463506,-0.4298144665672414,0.4298144665672414
2009-01-19 00:00:00,2009,1,19,0,2.523726171798401,2.4471136902197044,0.07661248157869682,0.07661248157869682
2009-01-19 06:00:00,2009,1,19,6,3.0552332292137723,2.8850426114319103,0.17019061778186195,0.17019061778186195
2009-01-19 12:00:00,2009,1,19,12,5.046388616391464,4.8470653360896065,0.19932328030185786,0.19932328030185786
2009-01-19 18:00:00,2009,1,19,18,2.4660420466417623,2.722873851087212,-0.25683180444544984,0.25683180444544984
2009-01-20 00:00:00,2009,1,20,0,2.232160112309233,2.184816372448328,0.04734373986090512,0.04734373986090512
2009-01-20 06:00:00,2009,1,20,6,2.2727091417714327,2.76296804286386,-0.4902589010924272,0.4902589010924272
2009-01-20 12:00:00,2009,1,20,12,4.941270742259502,4.968683983801641,-0.027413241542138422,0.027413241542138422
2009-01-20 18:00:00,2009,1,20,18,3.198991867637994,3.010622708132727,0.188369159505267,0.188369159505267
2009-01-21 00:00:00,2009,1,21,0,2.6856918980694,2.5611670610107873,0.12452483705861273,0.12452483705861273
2009-01-21 06:00:00,2009,1,21,6,2.505840957884082,2.943543063957506,-0.4377021060734241,0.4377021060734241
2009-01-21 12:00:00,2009,1,21,12,4.427527037955419,4.594948571433621,-0.1674215334782021,0.1674215334782021
2009-01-21 18:00:00,2009,1,21,18,2.7649379900347606,2.5903364772949806,0.17460151273977997,0.17460151273977997
2009-01-22 00:00:00,2009,1,22,0,2.105744078646711,2.4188888161319713,-0.3131447374852603,0.3131447374852603
2009-01-22 06:00:00,2009,1,22,6,3.0886235921365333,2.79117356351413,0.2974500286224031,0.2974500286224031
2009-01-22 12:00:00,2009,1,22,12,4.905067245654385,4.744545747737739,0.16052149791664583,0.16052149791664583
2009-01-22 18:00:00,2009,1,22,18,3.127996899363052,2.7552854600619994,0.37271143930105266,0.37271143930105266
2009-01-23 00:00:00,2009,1,23,0,2.476111488836152,2.2994280492762527,0.1766834395598993,0.1766834395598993
2009-01-23 06:00:00,2009,1,23,6,2.824292479397106,2.7254289152971296,0.09886356409997621,0.09886356409997621
2009-01-23 12:00:00,2009,1,23,12,4.769850221153563,4.714655746286456,0.05519447486710671,0.05519447486710671
2009-01-23 18:00:00,2009,1,23,18,3.050649188594977,2.6957509778594013,0.3548982107355756,0.3548982107355756
2009-01-24 00:00:00,2009,1,24,0,1.888624416349415,2.204793282157854,-0.31616886580843895,0.31616886580843895
2009-01-24 06:00:00,2009,1,24,6,2.474305741204275,2.586277402587937,-0.1119716613836621,0.1119716613836621
2009-01-24 12:00:00,2009,1,24,12,4.471717136493354,4.5507310490035415,-0.07901391251018719,0.07901391251018719
2009-01-24 18:00:00,2009,1,24,18,2.816123131307324,2.8107221637464788,0.005400967560845071,0.005400967560845071
2009-01-25 00:00:00,2009,1,25,0,2.045027163480188,2.209442894911994,-0.16441573143180577,0.16441573143180577
2009-01-25 06:00:00,2009,1,25,6,2.675733603889892,2.604524236042014,0.07120936784787801,0.07120936784787801
2009-01-25 12:00:00,2009,1,25,12,5.015816491576445,4.684576079650414,0.33124041192603126,0.33124041192603126
2009-01-25 18:00:00,2009,1,25,18,2.827524624080164,2.7959973341976267,0.03152728988253717,0.03152728988253717
2009-01-26 00:00:00,2009,1,26,0,2.18299987997647,2.3234116710278743,-0.14041179105140422,0.14041179105140422
2009-01-26 06:00:00,2009,1,26,6,3.0209450438468752,2.9035491825613176,0.11739586128555768,0.11739586128555768
2009-01-26 12:00:00,2009,1,26,12,5.126138128235472,4.814001862497375,0.31213626573809705,0.31213626573809705
2009-01-26 18:00:00,2009,1,26,18,2.28922145870998,2.7409694293840006,-0.4517479706740204,0.4517479706740204
2009-01-27 00:00:00,2009,1,27,0,2.039711794738328,2.26752418544084,-0.2278123907025118,0.2278123907025118
2009-01-27 06:00:00,2009,1,27,6,2.194055587047527,2.414867098651677,-0.22081151160415002,0.22081151160415002
2009-01-27 12:00:00,2009,1,27,12,4.784762789548164,4.7577782363407,0.0269845532074644,0.0269845532074644
2009-01-27 18:00:00,2009,1,27,18,2.6646775589571576,2.507818876308768,0.15685868264838954,0.15685868264838954
2009-01-28 00:00:00,2009,1,28,0,2.563374508415716,2.3425585831416034,0.22081592527411242,0.22081592527411242
2009-01-28 06:00:00,2009,1,28,6,2.089101890201471,2.6516463697008374,-0.5625444794993664,0.5625444794993664
2009-01-28 12:00:00,2009,1,28,12,4.994933523274145,4.785608563435088,0.20932495983905763,0.20932495983905763
2009-01-28 18:00:00,2009,1,28,18,2.439185669809439,2.485007541639902,-0.0458218718304626,0.0458218718304626
2009-01-29 00:00:00,2009,1,29,0,2.1964519503039632,2.3517894257046374,-0.15533747540067422,0.15533747540067422
2009-01-29 06:00:00,2009,1,29,6,2.475204223556545,2.593384008184039,-0.11817978462749412,0.11817978462749412
2009-01-29 12:00:00,2009,1,29,12,4.8293197536057,4.69041375570355,0.13890599790215052,0.13890599790215052
2009-01-29 18:00:00,2009,1,29,18,3.2727614164110905,3.3333662444902585,-0.060604828079168005,0.060604828079168005
2009-01-30 00:00:00,2009,1,30,0,2.743231016903832,2.4448397232906576,0.2983912936131743,0.2983912936131743
2009-01-30 06:00:00,2009,1,30,6,2.2542955170130226,2.7750496354304,-0.5207541184173774,0.5207541184173774
2009-01-30 12:00:00,2009,1,30,12,4.45436888013758,4.776911343894399,-0.32254246375681905,0.32254246375681905
2009-01-30 18:00:00,2009,1,30,18,2.908245624028491,2.723345874876212,0.18489974915227902,0.18489974915227902
2009-01-31 00:00:00,2009,1,31,0,2.147503478387552,2.3358210277851903,-0.18831754939763812,0.18831754939763812
2009-01-31 06:00:00,2009,1,31,6,2.5957970424800814,2.518129814021678,0.07766722845840324,0.07766722845840324
2009-01-31 12:00:00,2009,1,31,12,4.688378311282037,4.848120733927478,-0.15974242264544092,0.15974242264544092
2009-01-31 18:00:00,2009,1,31,18,2.902260268462319,2.681075380259576,0.22118488820274296,0.22118488820274296
2009-02-01 00:00:00,2009,2,1,0,2.542523361633317,2.323419607093087,0.21910375454023034,0.21910375454023034
2009-02-01 06:00:00,2009,2,1,6,2.656055329812695,2.8545184620553217,-0.19846313224262646,0.19846313224262646
2009-02-01 12:00:00,2009,2,1,12,4.659941953947964,4.675092749726131,-0.015150795778167137,0.015150795778167137
2009-02-01 18:00:00,2009,2,1,18,3.056636281046868,2.7644320890373555,0.29220419200951264,0.29220419200951264
2009-02-02 00:00:00,2009,2,2,0,1.8461275384653824,2.129894018200669,-0.2837664797352868,0.2837664797352868
2009-02-02 06:00:00,2009,2,2,6,2.949612529905598,2.8902321844274703,0.05938034547812787,0.05938034547812787
2009-02-02 12:00:00,2009,2,2,12,5.233051758624265,4.971536653204412,0.26151510541985346,0.26151510541985346
2009-02-02 18:00:00,2009,2,2,18,2.702291326470198,2.7292156544572532,-0.02692432798705502,0.02692432798705502
2009-02-03 00:00:00,2009,2,3,0,2.574461892001488,2.2542777265456033,0.3201841654558848,0.3201841654558848
2009-02-03 06:00:00,2009,2,3,6,2.152607656334116,2.5871513719486137,-0.43454371561449756,0.43454371561449756
2009-02-03 12:00:00,2009,2,3,12,4.671808833343899,4.913913278120116,-0.24210444477621706,0.24210444477621706
2009-02-03 18:00:00,2009,2,3,18,2.37871820986741,2.7712518841203218,-0.39253367425291197,0.39253367425291197
2009-02-04 00:00:00,2009,2,4,0,2.277211646549375,2.3402791945648764,-0.06306754801550163,0.06306754801550163
2009-02-04 06:00:00,2009,2,4,6,2.6359799742540595,2.66886714197628,-0.03288716772222067,0.03288716772222067
2009-02-04 12:00:00,2009,2,4,12,4.7324590085539855,4.731931457403148,0.0005275511508378017,0.0005275511508378017
2009-02-04 18:00:00,2009,2,4,18,2.749951745091324,2.713579435686476,0.036372309404848036,0.036372309404848036
2009-02-05 00:00:00,2009,2,5,0,2.3622732849281576,2.3873148281050938,-0.025041543176936187,0.025041543176936187
2009-02-05 06:00:00,2009,2,5,6,2.872485539062652,2.777770207551186,0.09471533151146616,0.09471533151146616
2009-02-05 12:00:00,2009,2,5,12,4.74589605582426,4.7924761974773995,-0.046580141653139506,0.046580141653139506
2009-02-05 18:00:00,2009,2,5,18,3.355011077276423,2.749761996945921,0.605249080330502,0.605249080330502
2009-02-06 00:00:00,2009,2,6,0,2.0251781238248854,2.137097178239722,-0.11191905441483652,0.11191905441483652
2009-02-06 06:00:00,2009,2,6,6,2.2220715750355238,2.438409626154293,-0.21633805111876914,0.21633805111876914
2009-02-06 12:00:00,2009,2,6,12,5.008348505949105,4.895640901445346,0.1127076045037585,0.1127076045037585
2009-02-06 18:00:00,2009,2,6,18,2.5704860179836704,2.6686059395869584,-0.09811992160328797,0.09811992160328797
2009-02-07 00:00:00,2009,2,7,0,2.346477840221944,2.212518822808572,0.13395901741337202,0.13395901741337202
2009-02-07 06:00:00,2009,2,7,6,3.4065717526998696,2.8577459218851375,0.548825830814732,0.548825830814732
2009-02-07 12:00:00,2009,2,7,12,4.739499705045372,4.6805313736072645,0.05896833143810731,0.05896833143810731
2009-02-07 18:00:00,2009,2,7,18,2.4380018421783083,2.7136570830385485,-0.2756552408602402,0.2756552408602402
2009-02-08 00:00:00,2009,2,8,0,2.536152063973776,2.352864521835143,0.18328754213863307,0.18328754213863307
2009-02-08 06:00:00,2009,2,8,6,2.880987541518738,2.7833021848137878,0.09768535670495027,0.09768535670495027
2009-02-08 12:00:00,2009,2,8,12,5.026306045707631,4.853490098877913,0.17281594682971857,0.17281594682971857
2009-02-08 18:00:00,2009,2,8,18,2.347071346524093,2.730173770482111,-0.3831024239580181,0.3831024239580181
2009-02-09 00:00:00,2009,2,9,0,2.031544420972284,2.1824130498738654,-0.15086862890158148,0.15086862890158148
2009-02-09 06:00:00,2009,2,9,6,2.840462981220984,2.9673473119394917,-0.1268843307185077,0.1268843307185077
2009-02-09 12:00:00,2009,2,9,12,4.878020139320643,4.788288840890723,0.08973129842992034,0.08973129842992034
2009-02-09 18:00:00,2009,2,9,18,2.6081737510745304,2.773351115360846,-0.1651773642863157,0.1651773642863157
2009-02-10 00:00:00,2009,2,10,0,2.625327325749826,2.3726350291703753,0.2526922965794509,0.2526922965794509
2009-02-10 06:00:00,2009,2,10,6,2.9641471541468767,3.049573746039148,-0.0854265918922712,0.0854265918922712
2009-02-10 12:00:00,2009,2,10,12,4.767374138062137,4.779644360674573,-0.012270222612436044,0.012270222612436044
2009-02-10 18:00:00,2009,2,10,18,3.0469456158228425,2.8105539518889144,0.23639166393392808,0.23639166393392808
2009-02-11 00:00:00,2009,2,11,0,1.7096658091434274,2.309619225846932,-0.5999534167035045,0.5999534167035045
2009-02-11 06:00:00,2009,2,11,6,2.978290979495401,2.7711321108309215,0.20715886866447963,0.20715886866447963
2009-02-11 12:00:00,2009,2,11,12,4.888892827423031,4.870727097774564,0.018165729648466744,0.018165729648466744
2009-02-11 18:00:00,2009,2,11,18,2.7412828363774357,2.8803577021067666,-0.1390748657293308,0.1390748657293308
2009-02-12 00:00:00,2009,2,12,0,2.2466833468406624,2.1326021405021005,0.11408120633856189,0.11408120633856189
2009-02-12 06:00:00,2009,2,12,6,2.7410431063059955,2.6338131470303168,0.10722995927567869,0.10722995927567869
2009-02-12 12:00:00,2009,2,12,12,4.8133560423994535,4.760047905774083,0.05330813662537004,0.05330813662537004
2009-02-12 18:00:00,2009,2,12,18,2.668941539998447,2.6023376856475906,0.06660385435085647,0.06660385435085647
2009-02-13 00:00:00,2009,2,13,0,2.565879228723477,2.5221645383818303,0.043714690341646545,0.043714690341646545
2009-02-13 06:00:00,2009,2,13,6,2.7231535143142103,2.754098697857868,-0.030945183543657606,0.030945183543657606
2009-02-13 12:00:00,2009,2,13,12,4.744976391671674,4.7127714754601415,0.03220491621153254,0.03220491621153254
2009-02-13 18:00:00,2009,2,13,18,2.7230465445379126,2.6884913873974945,0.034555157140418125,0.034555157140418125
2009-02-14 00:00:00,2009,2,14,0,2.076608439119343,2.1246547951396444,-0.048046356020301495,0.048046356020301495
2009-02-14 06:00:00,2009,2,14,6,3.275821531981132,2.7946934581369876,0.4811280738441446,0.4811280738441446
2009-02-14 12:00:00,2009,2,14,12,4.21677677230105,4.793449637575941,-0.5766728652748911,0.5766728652748911
2009-02-14 18:00:00,2009,2,14,18,2.636095487941408,2.654994923140396,-0.01889943519898818,0.01889943519898818
2009-02-15 00:00:00,2009,2,15,0,2.551404549560742,2.4902471276558646,0.061157421904877385,0.061157421904877385
2009-02-15 06:00:00,2009,2,15,6,2.690595926545664,2.4914388856173826,0.19915704092828124,0.19915704092828124
2009-02-15 12:00:00,2009,2,15,12,4.79606409757543,4.792524816081262,0.00353928149416749,0.00353928149416749
2009-02-15 18:00:00,2009,2,15,18,3.454518321885095,3.371364861703803,0.083153460181292,0.083153460181292
2009-02-16 00:00:00,2009,2,16,0,2.299335245100857,2.2280526826226903,0.07128256247816678,0.07128256247816678
2009-02-16 06:00:00,2009,2,16,6,2.911874382450494,2.845199402664859,0.06667497978563519,0.06667497978563519
2009-02-16 12:00:00,2009,2,16,12,4.739823231154293,4.889518257572097,-0.1496950264178034,0.1496950264178034
2009-02-16 18:00:00,2009,2,16,18,2.52086467005776,2.7416857603917415,-0.22082109033398156,0.22082109033398156
2009-02-17 00:00:00,2009,2,17,0,2.148031905120275,2.4183789602385706,-0.2703470551182954,0.2703470551182954
2009-02-17 06:00:00,2009,2,17,6,2.4903792542663865,2.636029775044182,-0.1456505207777954,0.1456505207777954
2009-02-17 12:00:00,2009,2,17,12,4.777142624880908,4.7180030179571,0.05913960692380815,0.05913960692380815
2009-02-17 18:00:00,2009,2,17,18,2.820906212433882,2.5404785686367384,0.2804276437971436,0.2804276437971436
2009-02-18 00:00:00,2009,2,18,0,2.485584145213523,2.4124152758234882,0.07316886939003497,0.07316886939003497
2009-02-18 06:00:00,2009,2,18,6,2.5354747112471068,2.732837031216482,-0.19736231996937503,0.19736231996937503
2009-02-18 12:00:00,2009,2,18,12,5.022170998018299,4.993125003304704,0.029045994713595036,0.029045994713595036
2009-02-18 18:00:00,2009,2,18,18,2.752681341418932,2.7824027961047744,-0.029721454685842197,0.029721454685842197
2009-02-19 00:00:00,2009,2,19,0,2.3829977899425496,2.5724904763058585,-0.18949268636330885,0.18949268636330885
2009-02-19 06:00:00,2009,2,19,6,2.755198486512947,2.7667223573558166,-0.011523870842869766,0.011523870842869766
2009-02-19 12:00:00,2009,2,19,12,5.01616992025143,4.946831768720343,0.06933815153108736,0.06933815153108736
2009-02-19 18:00:00,2009,2,19,18,2.7572866699930128,2.737222812102202,0.020063857890810777,0.020063857890810777
2009-02-20 00:00:00,2009,2,20,0,2.654140074074644,2.4575027077501126,0.19663736632453155,0.19663736632453155
2009-02-20 06:00:00,2009,2,20,6,2.620968302607399,2.7026819091419196,-0.08171360653452053,0.08171360653452053
2009-02-20 12:00:00,2009,2,20,12,5.1177463029539085,5.277863861504965,-0.16011755855105658,0.16011755855105658
2009-02-20 18:00:00,2009,2,20,18,2.671393197681995,2.810034283274263,-0.13864108559226818,0.13864108559226818
2009-02-21 00:00:00,2009,2,21,0,2.200138248288866,2.4207550479819657,-0.22061679969309989,0.22061679969309989
2009-02-21 06:00:00,2009,2,21,6,2.5429733780940498,2.720567352129926,-0.1775939740358763,0.1775939740358763
2009-02-21 12:00:00,2009,2,21,12,4.967657515189841,4.856795671539813,0.11086184365002794,0.11086184365002794
2009-02-21 18:00:00,2009,2,21,18,2.7424778086425388,2.8950323258877,-0.15255451724516123,0.15255451724516123
2009-02-22 00:00:00,2009,2,22,0,2.020875772173801,2.324811533773268,-0.3039357615994671,0.3039357615994671
2009-02-22 06:00:00,2009,2,22,6,2.839568659727898,2.76214684957476,0.0774218101531381,0.0774218101531381
2009-02-22 12:00:00,2009,2,22,12,4.88564945774675,4.993951892408883,-0.10830243466213307,0.10830243466213307
2009-02-22 18:00:00,2009,2,22,18,2.74110030199408,2.663080179219662,0.07802012277441772,0.07802012277441772
2009-02-23 00:00:00,2009,2,23,0,2.1099191565340623,2.110854218662829,-0.000935062128766706,0.000935062128766706
2009-02-23 06:00:00,2009,2,23,6,2.507610492766608,2.6327020364970886,-0.12509154373048048,0.12509154373048048
2009-02-23 12:00:00,2009,2,23,12,4.780161810191101,4.797072807805164,-0.016910997614062673,0.016910997614062673
2009-02-23 18:00:00,2009,2,23,18,3.169796201675108,3.014870652741039,0.15492554893406885,0.15492554893406885
2009-02-24 00:00:00,2009,2,24,0,2.790015483974469,2.539262891295595,0.25075259267887384,0.25075259267887384
2009-02-24 06:00:00,2009,2,24,6,2.298721043586697,2.6042839392965837,-0.3055628957098868,0.3055628957098868
2009-02-24 12:00:00,2009,2,24,12,5.08833460788298,4.838207287701707,0.2501273201812735,0.2501273201812735
2009-02-24 18:00:00,2009,2,24,18,2.683183850361877,2.5935832027053025,0.0896006476565745,0.0896006476565745
2009-02-25 00:00:00,2009,2,25,0,2.2187134764107928,2.2175295430095097,0.0011839334012830882,0.0011839334012830882
2009-02-25 06:00:00,2009,2,25,6,3.073255454353975,2.8113155840512656,0.2619398703027094,0.2619398703027094
2009-02-25 12:00:00,2009,2,25,12,5.066283953404359,4.791870197205852,0.2744137561985074,0.2744137561985074
2009-02-25 18:00:00,2009,2,25,18,2.633208151442872,2.73660460041239,-0.10339644896951805,0.10339644896951805
2009-02-26 00:00:00,2009,2,26,0,2.301538719200406,2.363686512949353,-0.06214779374894697,0.06214779374894697
2009-02-26 06:00:00,2009,2,26,6,2.8325862922921266,3.0184513625397864,-0.18586507024765986,0.18586507024765986
2009-02-26 12:00:00,2009,2,26,12,5.2138285440402585,5.216564033393851,-0.0027354893535926905,0.0027354893535926905
2009-02-26 18:00:00,2009,2,26,18,2.715660370373284,2.9208323968758205,-0.20517202650253674,0.20517202650253674
2009-02-27 00:00:00,2009,2,27,0,2.2988865725003014,2.5213629157081985,-0.2224763432078971,0.2224763432078971
2009-02-27 06:00:00,2009,2,27,6,2.924507834798084,2.836322460883193,0.08818537391489123,0.08818537391489123
2009-02-27 12:00:00,2009,2,27,12,5.362570348481557,5.2024576941036225,0.16011265437793476,0.16011265437793476
2009-02-27 18:00:00,2009,2,27,18,3.000402177623722,2.8880449283095473,0.1123572493141749,0.1123572493141749
2009-02-28 00:00:00,2009,2,28,0,2.047070129484492,2.322332927941268,-0.2752627984567759,0.2752627984567759
2009-02-28 06:00:00,2009,2,28,6,2.4395549319801013,2.7034699189321816,-0.26391498695208027,0.26391498695208027
2009-02-28 12:00:00,2009,2,28,12,5.05103258413576,5.015862326209382,0.03517025792637796,0.03517025792637796
2009-02-28 18:00:00,2009,2,28,18,2.9321486022531045,2.808176038146123,0.12397256410698132,0.12397256410698132
2009-03-01 00:00:00,2009,3,1,0,2.4135491088675463,2.2177069152734674,0.19584219359407884,0.19584219359407884
2009-03-01 06:00:00,2009,3,1,6,2.9278190716771784,2.9257431105042238,0.00207596117295461,0.00207596117295461
2009-03-01 12:00:00,2009,3,1,12,5.044857007578428,5.118339856021724,-0.07348284844329633,0.07348284844329633
2009-03-01 18:00:00,2009,3,1,18,3.1709320753104264,2.9585214305415675,0.21241064476885896,0.21241064476885896
2009-03-02 00:00:00,2009,3,2,0,2.252644336577335,2.2134443473717313,0.039199989205603636,0.039199989205603636
2009-03-02 06:00:00,2009,3,2,6,2.445114024195222,2.797496732791124,-0.35238270859590193,0.35238270859590193
2009-03-02 12:00:00,2009,3,2,12,5.454081728101659,5.260331890946199,0.19374983715546001,0.19374983715546001
2009-03-02 18:00:00,2009,3,2,18,2.715652323899598,2.714070713986091,0.0015816099135070871,0.0015816099135070871
2009-03-03 00:00:00,2009,3,3,0,2.2965722574417664,2.2130726323871825,0.08349962505458386,0.08349962505458386
2009-03-03 06:00:00,2009,3,3,6,2.7785154355043407,2.6890328230137492,0.08948261249059142,0.08948261249059142
2009-03-03 12:00:00,2009,3,3,12,5.336144563951169,5.2505252695846885,0.08561929436648086,0.08561929436648086
2009-03-03 18:00:00,2009,3,3,18,2.568741932168019,2.7412048768019255,-0.17246294463390655,0.17246294463390655
2009-03-04 00:00:00,2009,3,4,0,2.02251605263442,2.3924516463654992,-0.3699355937310793,0.3699355937310793
2009-03-04 06:00:00,2009,3,4,6,2.851959087833519,2.8990167591172957,-0.04705767128377669,0.04705767128377669
2009-03-04 12:00:00,2009,3,4,12,5.124091979787134,4.904485314700828,0.21960666508630577,0.21960666508630577
2009-03-04 18:00:00,2009,3,4,18,2.845011579716461,2.7034483525037176,0.1415632272127434,0.1415632272127434
2009-03-05 00:00:00,2009,3,5,0,2.264681293528296,2.2551163707986825,0.00956492272961329,0.00956492272961329
2009-03-05 06:00:00,2009,3,5,6,2.7204075745943537,2.7953025983193247,-0.07489502372497103,0.07489502372497103
2009-03-05 12:00:00,2009,3,5,12,4.945030503131692,5.17343418541337,-0.2284036822816784,0.2284036822816784
2009-03-05 18:00:00,2009,3,5,18,2.874356228652448,2.9569581266285128,-0.08260189797606454,0.08260189797606454
2009-03-06 00:00:00,2009,3,6,0,2.272080563012206,2.392410594886674,-0.120330031874468,0.120330031874468
2009-03-06 06:00:00,2009,3,6,6,2.786403896010652,2.697412228740443,0.08899166727020891,0.08899166727020891
2009-03-06 12:00:00,2009,3,6,12,5.1876332997786845,5.023739957111807,0.16389334266687783,0.16389334266687783
2009-03-06 18:00:00,2009,3,6,18,2.41824804938832,2.7155474315240853,-0.29729938213576546,0.29729938213576546
2009-03-07 00:00:00,2009,3,7,0,2.804209597348001,2.4671915938830553,0.3370180034649457,0.3370180034649457
2009-03-07 06:00:00,2009,3,7,6,2.583444703604415,2.90773072741325,-0.3242860238088352,0.3242860238088352
2009-03-07 12:00:00,2009,3,7,12,5.165627199878905,5.302239803651866,-0.13661260377296092,0.13661260377296092
2009-03-07 18:00:00,2009,3,7,18,3.1245650405944554,3.063020509630759,0.06154453096369661,0.06154453096369661
2009-03-08 00:00:00,2009,3,8,0,3.034061384863606,2.66513612011086,0.36892526475274634,0.36892526475274634
2009-03-08 06:00:00,2009,3,8,6,2.9353279165182684,2.940335164628155,-0.0050072481098863975,0.0050072481098863975
2009-03-08 12:00:00,2009,3,8,12,5.749409690717327,5.349105337418845,0.40030435329848224,0.40030435329848224
2009-03-08 18:00:00,2009,3,8,18,2.7393239599853065,2.8464195721944394,-0.10709561220913288,0.10709561220913288
2009-03-09 00:00:00,2009,3,9,0,2.24495063482167,2.440808308275244,-0.19585767345357397,0.19585767345357397
2009-03-09 06:00:00,2009,3,9,6,2.979094206922089,2.8164481091961378,0.1626460977259514,0.1626460977259514
2009-03-09 12:00:00,2009,3,9,12,5.289841099957152,4.995605970846372,0.2942351291107803,0.2942351291107803
2009-03-09 18:00:00,2009,3,9,18,2.819025272495281,2.771977046718348,0.047048225776932906,0.047048225776932906
2009-03-10 00:00:00,2009,3,10,0,2.2263003512996757,2.4505287833286653,-0.22422843202898957,0.22422843202898957
2009-03-10 06:00:00,2009,3,10,6,3.3802469666401134,2.87701272168653,0.5032342449535832,0.5032342449535832
2009-03-10 12:00:00,2009,3,10,12,5.2848605506044,5.284622826010281,0.000237724594119193,0.000237724594119193
2009-03-10 18:00:00,2009,3,10,18,2.71513655583214,2.7614822097335203,-0.046345653901380235,0.046345653901380235
2009-03-11 00:00:00,2009,3,11,0,2.633556082939531,2.6111344263496328,0.02242165658989803,0.02242165658989803
2009-03-11 06:00:00,2009,3,11,6,2.8310632793236925,2.7278951872479507,0.10316809207574185,0.10316809207574185
2009-03-11 12:00:00,2009,3,11,12,5.467491943509848,5.286793839965879,0.18069810354396854,0.18069810354396854
2009-03-11 18:00:00,2009,3,11,18,2.617895315521164,2.5333563926671934,0.0845389228539708,0.0845389228539708
2009-03-12 00:00:00,2009,3,12,0,2.579382991720185,2.490300982908879,0.08908200881130579,0.08908200881130579
2009-03-12 06:00:00,2009,3,12,6,2.6567246665555397,2.9313934551419942,-0.2746687885864545,0.2746687885864545
2009-03-12 12:00:00,2009,3,12,12,5.689269721719685,6.216186735826634,-0.5269170141069486,0.5269170141069486
2009-03-12 18:00:00,2009,3,12,18,2.832743483229106,2.829713619544756,0.003029863684349987,0.003029863684349987
2009-03-13 00:00:00,2009,3,13,0,3.0263404916742966,2.851038075212367,0.17530241646192968,0.17530241646192968
2009-03-13 06:00:00,2009,3,13,6,2.861767596505792,2.940954866594887,-0.07918727008909521,0.07918727008909521
2009-03-13 12:00:00,2009,3,13,12,5.441138391970185,5.429233776027456,0.01190461594272918,0.01190461594272918
2009-03-13 18:00:00,2009,3,13,18,2.939990227121578,2.9534108327419637,-0.013420605620385828,0.013420605620385828
2009-03-14 00:00:00,2009,3,14,0,2.204776048341147,2.3116951927656078,-0.10691914442446082,0.10691914442446082
2009-03-14 06:00:00,2009,3,14,6,2.9181171091018743,3.0712469977037986,-0.15312988860192434,0.15312988860192434
2009-03-14 12:00:00,2009,3,14,12,5.146185862072576,5.298931717655137,-0.1527458555825607,0.1527458555825607
2009-03-14 18:00:00,2009,3,14,18,2.842070870873159,3.0805224577481196,-0.2384515868749606,0.2384515868749606
2009-03-15 00:00:00,2009,3,15,0,2.786204347781778,2.385086363617717,0.4011179841640611,0.4011179841640611
2009-03-15 06:00:00,2009,3,15,6,2.4837065250367454,2.7540319744009008,-0.27032544936415537,0.27032544936415537
2009-03-15 12:00:00,2009,3,15,12,5.39922068168675,5.216609243823893,0.1826114378628576,0.1826114378628576
2009-03-15 18:00:00,2009,3,15,18,3.089341326156319,2.987109640460998,0.10223168569532115,0.10223168569532115
2009-03-16 00:00:00,2009,3,16,0,2.4389529642858983,2.3971706152432497,0.04178234904264855,0.04178234904264855
2009-03-16 06:00:00,2009,3,16,6,3.308277406998734,3.1043658268840293,0.2039115801147049,0.2039115801147049
2009-03-16 12:00:00,2009,3,16,12,5.5648466450649705,5.586052427660166,-0.0212057825951959,0.0212057825951959
2009-03-16 18:00:00,2009,3,16,18,3.149119601080208,3.0969707843201197,0.05214881676008831,0.05214881676008831
2009-03-17 00:00:00,2009,3,17,0,2.273894223697722,2.433851091081099,-0.1599568673833769,0.1599568673833769
2009-03-17 06:00:00,2009,3,17,6,2.600694344453764,3.1468311350703737,-0.5461367906166097,0.5461367906166097
2009-03-17 12:00:00,2009,3,17,12,5.855679589110692,5.51023448332254,0.34544510578815224,0.34544510578815224
2009-03-17 18:00:00,2009,3,17,18,2.9167006759028125,2.9834117397468733,-0.06671106384406089,0.06671106384406089
2009-03-18 00:00:00,2009,3,18,0,2.798766957714125,2.473736453324167,0.3250305043899582,0.3250305043899582
2009-03-18 06:00:00,2009,3,18,6,3.0064302240014,3.110394200295001,-0.10396397629360088,0.10396397629360088
2009-03-18 12:00:00,2009,3,18,12,5.390719698496477,5.415147219462981,-0.024427520966503913,0.024427520966503913
2009-03-18 18:00:00,2009,3,18,18,3.128709422659913,3.1777901670408624,-0.04908074438094934,0.04908074438094934
2009-03-19 00:00:00,2009,3,19,0,2.3224787086791867,2.4334208744562877,-0.11094216577710103,0.11094216577710103
2009-03-19 06:00:00,2009,3,19,6,3.0339638532956816,3.1383909614800563,-0.10442710818437462,0.10442710818437462
2009-03-19 12:00:00,2009,3,19,12,5.793321883591243,5.578337345011188,0.21498453858005462,0.21498453858005462
2009-03-19 18:00:00,2009,3,19,18,3.3361347280409435,2.8845565798045993,0.4515781482363441,0.4515781482363441
2009-03-20 00:00:00,2009,3,20,0,3.006052922634476,2.71207967490536,0.2939732477291157,0.2939732477291157
2009-03-20 06:00:00,2009,3,20,6,3.0113184626686427,3.096772988674775,-0.08545452600613235,0.08545452600613235
2009-03-20 12:00:00,2009,3,20,12,5.605199996910928,5.5735528357761535,0.03164716113477439,0.03164716113477439
2009-03-20 18:00:00,2009,3,20,18,3.1327376496268107,3.0077374050697996,0.1250002445570111,0.1250002445570111
2009-03-21 00:00:00,2009,3,21,0,2.799301389074861,2.608491368059943,0.19081002101491817,0.19081002101491817
2009-03-21 06:00:00,2009,3,21,6,3.036592627052308,3.145575106101348,-0.10898247904904013,0.10898247904904013
2009-03-21 12:00:00,2009,3,21,12,5.515334938410334,5.732789410789708,-0.21745447237937476,0.21745447237937476
2009-03-21 18:00:00,2009,3,21,18,3.230843883183749,2.9520519539595425,0.2787919292242065,0.2787919292242065
2009-03-22 00:00:00,2009,3,22,0,2.4289266462939256,2.5818607298544385,-0.15293408356051286,0.15293408356051286
2009-03-22 06:00:00,2009,3,22,6,2.8542972602263115,2.8588167754162535,-0.0045195151899419805,0.0045195151899419805
2009-03-22 12:00:00,2009,3,22,12,6.156330890186324,5.9741239112630895,0.18220697892323479,0.18220697892323479
2009-03-22 18:00:00,2009,3,22,18,3.277001292442296,2.9871809618156555,0.2898203306266405,0.2898203306266405
2009-03-23 00:00:00,2009,3,23,0,2.895818530976524,2.7386829233947436,0.15713560758178025,0.15713560758178025
2009-03-23 06:00:00,2009,3,23,6,2.9523801985498843,3.0641933418196055,-0.11181314326972114,0.11181314326972114
2009-03-23 12:00:00,2009,3,23,12,5.899758997422909,6.0090361956164955,-0.1092771981935865,0.1092771981935865
2009-03-23 18:00:00,2009,3,23,18,2.870350096804686,2.8004140557087855,0.06993604109590024,0.06993604109590024
2009-03-24 00:00:00,2009,3,24,0,2.3640730063305546,2.4375643579938595,-0.0734913516633049,0.0734913516633049
2009-03-24 06:00:00,2009,3,24,6,2.816177225780628,2.8828745631148434,-0.06669733733421523,0.06669733733421523
2009-03-24 12:00:00,2009,3,24,12,5.706645405868176,5.6917651721220075,0.01488023374616887,0.01488023374616887
2009-03-24 18:00:00,2009,3,24,18,3.3390113549677403,3.2061185082447596,0.13289284672298063,0.13289284672298063
2009-03-25 00:00:00,2009,3,25,0,2.475760490262437,2.672472906696651,-0.196712416434214,0.196712416434214
2009-03-25 06:00:00,2009,3,25,6,3.3793104830628526,3.230094324310562,0.14921615875229044,0.14921615875229044
2009-03-25 12:00:00,2009,3,25,12,5.924744128724646,5.967002782028128,-0.042258653303482774,0.042258653303482774
2009-03-25 18:00:00,2009,3,25,18,3.004802960455634,3.0299994510902675,-0.025196490634633584,0.025196490634633584
2009-03-26 00:00:00,2009,3,26,0,2.7485789092861066,2.617732896516471,0.1308460127696356,0.1308460127696356
2009-03-26 06:00:00,2009,3,26,6,2.898771297630715,3.070087198739623,-0.17131590110890782,0.17131590110890782
2009-03-26 12:00:00,2009,3,26,12,5.43427487578018,5.6743272674738785,-0.2400523916936983,0.2400523916936983
2009-03-26 18:00:00,2009,3,26,18,2.9371123772957914,3.183211733563497,-0.24609935626770563,0.24609935626770563
2009-03-27 00:00:00,2009,3,27,0,2.9897130341375453,2.881505351791298,0.10820768234624722,0.10820768234624722
2009-03-27 06:00:00,2009,3,27,6,3.319721505454101,3.094037648412335,0.22568385704176608,0.22568385704176608
2009-03-27 12:00:00,2009,3,27,12,5.859172989215733,6.076773132535896,-0.21760014332016286,0.21760014332016286
2009-03-27 18:00:00,2009,3,27,18,3.097128407651617,3.199972367020681,-0.10284395936906421,0.10284395936906421
2009-03-28 00:00:00,2009,3,28,0,3.0609311449546026,2.72990081716271,0.33103032779189245,0.33103032779189245
2009-03-28 06:00:00,2009,3,28,6,2.8883822426071832,3.1631758660437925,-0.2747936234366093,0.2747936234366093
2009-03-28 12:00:00,2009,3,28,12,5.726093215972305,5.9361668004948065,-0.2100735845225019,0.2100735845225019
2009-03-28 18:00:00,2009,3,28,18,3.6378420997252414,3.229416435657006,0.40842566406823533,0.40842566406823533
2009-03-29 00:00:00,2009,3,29,0,2.9736711703738816,2.8992066043219338,0.07446456605194784,0.07446456605194784
2009-03-29 06:00:00,2009,3,29,6,3.10938025732921,3.2238541734174753,-0.11447391608826507,0.11447391608826507
2009-03-29 12:00:00,2009,3,29,12,5.353144378949311,5.736888862459934,-0.38374448351062274,0.38374448351062274
2009-03-29 18:00:00,2009,3,29,18,3.1860550613913152,3.3829285954069497,-0.19687353401563445,0.19687353401563445
2009-03-30 00:00:00,2009,3,30,0,3.080093054897772,2.775732032377635,0.30436102252013697,0.30436102252013697
2009-03-30 06:00:00,2009,3,30,6,2.9941931656650613,2.9295076581084762,0.06468550755658509,0.06468550755658509
2009-03-30 12:00:00,2009,3,30,12,5.76436567076792,5.729472042216937,0.0348936285509831,0.0348936285509831
2009-03-30 18:00:00,2009,3,30,18,2.901370181465762,2.7877109758042646,0.11365920566149734,0.11365920566149734
2009-03-31 00:00:00,2009,3,31,0,2.723472955801611,2.789203058995279,-0.06573010319366812,0.06573010319366812
2009-03-31 06:00:00,2009,3,31,6,3.0148864701979403,2.830553370738873,0.18433309945906728,0.18433309945906728
2009-03-31 12:00:00,2009,3,31,12,6.151326797644687,5.776480525775998,0.37484627186868913,0.37484627186868913
2009-03-31 18:00:00,2009,3,31,18,3.1238769712103207,3.2467590895328255,-0.12288211832250484,0.12288211832250484
2009-04-01 00:00:00,2009,4,1,0,2.8486800586663903,2.63177371365243,0.21690634501396033,0.21690634501396033
2009-04-01 06:00:00,2009,4,1,6,3.258946447244858,3.0022426097578045,0.2567038374870534,0.2567038374870534
2009-04-01 12:00:00,2009,4,1,12,5.932343983068536,5.834793335257087,0.09755064781144895,0.09755064781144895
2009-04-01 18:00:00,2009,4,1,18,3.393089490916091,3.2311824989118474,0.16190699200424374,0.16190699200424374
2009-04-02 00:00:00,2009,4,2,0,3.0187019902986627,2.875224137186791,0.14347785311187167,0.14347785311187167
2009-04-02 06:00:00,2009,4,2,6,2.818753396135951,2.9940765339639563,-0.17532313782800513,0.17532313782800513
2009-04-02 12:00:00,2009,4,2,12,6.348310946424588,6.100360829708023,0.24795011671656475,0.24795011671656475
2009-04-02 18:00:00,2009,4,2,18,3.341357037630909,3.1254205511896207,0.21593648644128827,0.21593648644128827
2009-04-03 00:00:00,2009,4,3,0,3.10374177907964,2.7076734745057904,0.3960683045738498,0.3960683045738498
2009-04-03 06:00:00,2009,4,3,6,3.54519874478952,3.117681968857774,0.42751677593174575,0.42751677593174575
2009-04-03 12:00:00,2009,4,3,12,5.342210308489728,5.810174066898243,-0.4679637584085157,0.4679637584085157
2009-04-03 18:00:00,2009,4,3,18,3.0058810469271218,3.127952122726,-0.12207107579887833,0.12207107579887833
2009-04-04 00:00:00,2009,4,4,0,2.58873158859665,2.6842972281755926,-0.09556563957894237,0.09556563957894237
2009-04-04 06:00:00,2009,4,4,6,3.008848681342026,3.134303641192121,-0.12545495985009492,0.12545495985009492
2009-04-04 12:00:00,2009,4,4,12,5.8343838661955765,5.861637492770723,-0.027253626575146406,0.027253626575146406
2009-04-04 18:00:00,2009,4,4,18,3.124408600884723,3.275799265746565,-0.15139066486184172,0.15139066486184172
2009-04-05 00:00:00,2009,4,5,0,2.888784146949219,2.9134470078232284,-0.024662860874009596,0.024662860874009596
2009-04-05 06:00:00,2009,4,5,6,3.3643742451810352,3.405984920987937,-0.04161067580690192,0.04161067580690192
2009-04-05 12:00:00,2009,4,5,12,6.213117531464969,6.223076772224851,-0.009959240759881638,0.009959240759881638
2009-04-05 18:00:00,2009,4,5,18,2.9790094875762696,2.868095341518441,0.11091414605782868,0.11091414605782868
2009-04-06 00:00:00,2009,4,6,0,3.2529039908365203,3.084770426232203,0.16813356460431716,0.16813356460431716
2009-04-06 06:00:00,2009,4,6,6,3.048531804646355,3.0309063048198555,0.017625499826499524,0.017625499826499524
2009-04-06 12:00:00,2009,4,6,12,5.577734687636825,5.500333395535848,0.07740129210097724,0.07740129210097724
2009-04-06 18:00:00,2009,4,6,18,3.32880388071997,3.245172292622321,0.08363158809764881,0.08363158809764881
2009-04-07 00:00:00,2009,4,7,0,3.236155842185031,2.8632415494757146,0.37291429270931653,0.37291429270931653
2009-04-07 06:00:00,2009,4,7,6,3.621899011513479,3.4415971946067883,0.18030181690669078,0.18030181690669078
2009-04-07 12:00:00,2009,4,7,12,5.76917060202877,6.131496358404351,-0.36232575637558107,0.36232575637558107
2009-04-07 18:00:00,2009,4,7,18,2.7477342567810146,2.909255870128026,-0.16152161334701143,0.16152161334701143
2009-04-08 00:00:00,2009,4,8,0,3.0829572891717927,2.8025940136773944,0.2803632754943983,0.2803632754943983
2009-04-08 06:00:00,2009,4,8,6,3.0531780186322006,3.3267566066068364,-0.27357858797463575,0.27357858797463575
2009-04-08 12:00:00,2009,4,8,12,5.78779994096835,6.09857343524308,-0.3107734942747298,0.3107734942747298
2009-04-08 18:00:00,2009,4,8,18,3.219342632049337,3.349997380758456,-0.13065474870911897,0.13065474870911897
2009-04-09 00:00:00,2009,4,9,0,2.4445282617094155,2.6783804880274484,-0.23385222631803293,0.23385222631803293
2009-04-09 06:00:00,2009,4,9,6,2.8694657850573866,3.0604227200652483,-0.1909569350078617,0.1909569350078617
2009-04-09 12:00:00,2009,4,9,12,5.925817503285629,6.103792493877113,-0.17797499059148425,0.17797499059148425
2009-04-09 18:00:00,2009,4,9,18,3.133754448877942,3.2037269393910206,-0.06997249051307852,0.06997249051307852
2009-04-10 00:00:00,2009,4,10,0,2.7081214322388587,2.8993827412095245,-0.19126130897066584,0.19126130897066584
2009-04-10 06:00:00,2009,4,10,6,3.090120445847933,3.426419170649793,-0.33629872480186007,0.33629872480186007
2009-04-10 12:00:00,2009,4,10,12,6.288623301933403,6.1015746529631905,0.18704864897021256,0.18704864897021256
2009-04-10 18:00:00,2009,4,10,18,3.1149835827758547,3.194046556066291,-0.07906297329043621,0.07906297329043621
2009-04-11 00:00:00,2009,4,11,0,2.6879267437492573,2.861904580563227,-0.1739778368139695,0.1739778368139695
2009-04-11 06:00:00,2009,4,11,6,3.010190022183282,3.2942684773387225,-0.2840784551554405,0.2840784551554405
2009-04-11 12:00:00,2009,4,11,12,5.917927116075991,6.005055042409723,-0.08712792633373212,0.08712792633373212
2009-04-11 18:00:00,2009,4,11,18,3.5589173544703048,3.40227614469736,0.15664120977294482,0.15664120977294482
2009-04-12 00:00:00,2009,4,12,0,3.400857659594128,3.1820941517603822,0.21876350783374576,0.21876350783374576
2009-04-12 06:00:00,2009,4,12,6,3.3536973179354965,3.1611747027849417,0.1925226151505548,0.1925226151505548
2009-04-12 12:00:00,2009,4,12,12,6.093063280137838,5.9646323716585945,0.12843090847924366,0.12843090847924366
2009-04-12 18:00:00,2009,4,12,18,3.355864353120474,3.2721412319737184,0.08372312114675573,0.08372312114675573
2009-04-13 00:00:00,2009,4,13,0,2.747432893456572,2.962383879066464,-0.2149509856098919,0.2149509856098919
2009-04-13 06:00:00,2009,4,13,6,3.3909566547536487,3.3969044141949616,-0.005947759441312872,0.005947759441312872
2009-04-13 12:00:00,2009,4,13,12,6.352411473764891,6.221195764856648,0.1312157089082433,0.1312157089082433
2009-04-13 18:00:00,2009,4,13,18,3.314734901172572,3.365280368836984,-0.0505454676644117,0.0505454676644117
2009-04-14 00:00:00,2009,4,14,0,2.928552106305713,2.9060974006212814,0.02245470568443153,0.02245470568443153
2009-04-14 06:00:00,2009,4,14,6,3.134840953143871,3.056953869426707,0.07788708371716391,0.07788708371716391
2009-04-14 12:00:00,2009,4,14,12,6.284988457515138,6.115056271967221,0.16993218554791678,0.16993218554791678
2009-04-14 18:00:00,2009,4,14,18,3.405246458431612,3.515004277181512,-0.10975781874989998,0.10975781874989998
2009-04-15 00:00:00,2009,4,15,0,2.933841773542257,2.7551387611660063,0.17870301237625075,0.17870301237625075
2009-04-15 06:00:00,2009,4,15,6,3.446309784669272,3.2468842784069065,0.19942550626236555,0.19942550626236555
2009-04-15 12:00:00,2009,4,15,12,6.053998099612308,5.999838647052257,0.05415945256005106,0.05415945256005106
2009-04-15 18:00:00,2009,4,15,18,3.1283383316776394,3.537757391149396,-0.4094190594717566,0.4094190594717566
2009-04-16 00:00:00,2009,4,16,0,3.3252613168725293,3.162713518931685,0.1625477979408445,0.1625477979408445
2009-04-16 06:00:00,2009,4,16,6,3.308037872776211,3.3797774282726385,-0.07173955549642752,0.07173955549642752
2009-04-16 12:00:00,2009,4,16,12,6.490733618882099,6.184638207493199,0.30609541138889984,0.30609541138889984
2009-04-16 18:00:00,2009,4,16,18,3.505733718195806,3.403482648441911,0.10225106975389497,0.10225106975389497
2009-04-17 00:00:00,2009,4,17,0,3.087248829616734,3.192254722020097,-0.105005892403363,0.105005892403363
2009-04-17 06:00:00,2009,4,17,6,3.6106063181956394,3.5702603060820235,0.04034601211361588,0.04034601211361588
2009-04-17 12:00:00,2009,4,17,12,5.996432816693911,6.172981148799122,-0.17654833210521126,0.17654833210521126
2009-04-17 18:00:00,2009,4,17,18,3.568878749250389,3.475640130356959,0.09323861889343021,0.09323861889343021
2009-04-18 00:00:00,2009,4,18,0,3.042772360148681,2.8272067099808305,0.21556565016785045,0.21556565016785045
2009-04-18 06:00:00,2009,4,18,6,3.44993002013521,3.361751585500006,0.08817843463520392,0.08817843463520392
2009-04-18 12:00:00,2009,4,18,12,6.218737186819189,6.123988284832494,0.09474890198669517,0.09474890198669517
2009-04-18 18:00:00,2009,4,18,18,3.4159413951100035,3.4453987771091636,-0.029457381999160148,0.029457381999160148
2009-04-19 00:00:00,2009,4,19,0,3.3622889253694077,3.1973118073429756,0.1649771180264321,0.1649771180264321
2009-04-19 06:00:00,2009,4,19,6,3.0439622026646598,3.3442387548948624,-0.30027655223020266,0.30027655223020266
2009-04-19 12:00:00,2009,4,19,12,5.857665283380149,6.106549792275767,-0.24888450889561842,0.24888450889561842
2009-04-19 18:00:00,2009,4,19,18,3.148116977353491,3.300681951154634,-0.1525649738011432,0.1525649738011432
2009-04-20 00:00:00,2009,4,20,0,3.220476171489624,3.0078505563810407,0.21262561510858324,0.21262561510858324
2009-04-20 06:00:00,2009,4,20,6,3.728237009706394,3.4414714720471293,0.2867655376592646,0.2867655376592646
2009-04-20 12:00:00,2009,4,20,12,6.036666132016034,6.297542083445723,-0.2608759514296892,0.2608759514296892
2009-04-20 18:00:00,2009,4,20,18,3.390748981874484,3.602917576120938,-0.2121685942464544,0.2121685942464544
2009-04-21 00:00:00,2009,4,21,0,3.3334544103216737,2.9057856498409698,0.4276687604807039,0.4276687604807039
2009-04-21 06:00:00,2009,4,21,6,3.1529219090671736,3.350877736725015,-0.19795582765784125,0.19795582765784125
2009-04-21 12:00:00,2009,4,21,12,6.06056889163098,6.210310462605081,-0.14974157097410146,0.14974157097410146
2009-04-21 18:00:00,2009,4,21,18,3.5247945481650427,3.627060941571694,-0.10226639340665145,0.10226639340665145
2009-04-22 00:00:00,2009,4,22,0,2.919868523170765,2.894364874477297,0.025503648693467884,0.025503648693467884
2009-04-22 06:00:00,2009,4,22,6,3.4746336902889965,3.4050838081766788,0.06954988211231772,0.06954988211231772
2009-04-22 12:00:00,2009,4,22,12,6.258203553067705,6.107800054597186,0.15040349847051981,0.15040349847051981
2009-04-22 18:00:00,2009,4,22,18,3.4329157195170388,3.381875142210452,0.051040577306586954,0.051040577306586954
2009-04-23 00:00:00,2009,4,23,0,3.0759628869047466,3.034113760406519,0.041849126498227474,0.041849126498227474
2009-04-23 06:00:00,2009,4,23,6,2.804950160211088,3.3444407364440942,-0.5394905762330064,0.5394905762330064
2009-04-23 12:00:00,2009,4,23,12,6.550921179441768,6.355044305099705,0.1958768743420629,0.1958768743420629
2009-04-23 18:00:00,2009,4,23,18,3.4531459420474677,3.502604303936034,-0.04945836188856623,0.04945836188856623
2009-04-24 00:00:00,2009,4,24,0,2.829467652313179,2.9017836725931,-0.07231602027992068,0.07231602027992068
2009-04-24 06:00:00,2009,4,24,6,3.0204575667628677,3.305467550939169,-0.2850099841763014,0.2850099841763014
2009-04-24 12:00:00,2009,4,24,12,6.136566616665555,6.23079692614322,-0.09423030947766442,0.09423030947766442
2009-04-24 18:00:00,2009,4,24,18,3.865821007758686,3.5223271917792176,0.3434938159794685,0.3434938159794685
2009-04-25 00:00:00,2009,4,25,0,2.7856057094647197,3.1085570709570702,-0.3229513614923505,0.3229513614923505
2009-04-25 06:00:00,2009,4,25,6,3.4854464214714933,3.5335533001561097,-0.04810687868461638,0.04810687868461638
2009-04-25 12:00:00,2009,4,25,12,6.268684232533768,6.446957807578614,-0.1782735750448463,0.1782735750448463
2009-04-25 18:00:00,2009,4,25,18,3.441257699519731,3.3805032961337314,0.06075440338599947,0.06075440338599947
2009-04-26 00:00:00,2009,4,26,0,3.1694222042055724,3.1735770434503556,-0.004154839244783215,0.004154839244783215
2009-04-26 06:00:00,2009,4,26,6,3.212002349987196,3.506204257946003,-0.29420190795880696,0.29420190795880696
2009-04-26 12:00:00,2009,4,26,12,6.02365703654783,6.13899466740872,-0.11533763086089,0.11533763086089
2009-04-26 18:00:00,2009,4,26,18,3.096667486815756,3.4559817008954044,-0.35931421407964814,0.35931421407964814
2009-04-27 00:00:00,2009,4,27,0,3.292722051053065,3.2154429734806875,0.07727907757237729,0.07727907757237729
2009-04-27 06:00:00,2009,4,27,6,3.3912215600256803,3.449796872846261,-0.058575312820580816,0.058575312820580816
2009-04-27 12:00:00,2009,4,27,12,6.4284292396777625,6.421401913379524,0.007027326298238101,0.007027326298238101
2009-04-27 18:00:00,2009,4,27,18,3.533639006824577,3.493141211100906,0.04049779572367074,0.04049779572367074
2009-04-28 00:00:00,2009,4,28,0,3.213668716639309,3.1429034725341363,0.07076524410517271,0.07076524410517271
2009-04-28 06:00:00,2009,4,28,6,3.725283467435197,3.55558774135792,0.1696957260772769,0.1696957260772769
2009-04-28 12:00:00,2009,4,28,12,5.943188499410837,6.3623973942380845,-0.4192088948272472,0.4192088948272472
2009-04-28 18:00:00,2009,4,28,18,3.2481467334159406,3.488164734682479,-0.2400180012665385,0.2400180012665385
2009-04-29 00:00:00,2009,4,29,0,3.133261024643335,3.0286354690860025,0.10462555555733255,0.10462555555733255
2009-04-29 06:00:00,2009,4,29,6,3.5824094667327366,3.6230854317942116,-0.04067596506147497,0.04067596506147497
2009-04-29 12:00:00,2009,4,29,12,6.62597823936853,6.448152622009521,0.1778256173590096,0.1778256173590096
2009-04-29 18:00:00,2009,4,29,18,4.038933318968808,3.8101048161467146,0.22882850282209333,0.22882850282209333
2009-04-30 00:00:00,2009,4,30,0,3.319437343824305,3.2613905172532434,0.05804682657106186,0.05804682657106186
2009-04-30 06:00:00,2009,4,30,6,3.3171481959757694,3.4776223205308403,-0.16047412455507093,0.16047412455507093
2009-04-30 12:00:00,2009,4,30,12,6.741578084930997,6.44240276268077,0.29917532225022736,0.29917532225022736
2009-04-30 18:00:00,2009,4,30,18,3.6226583983442393,3.628715145390083,-0.006056747045843913,0.006056747045843913
2009-05-01 00:00:00,2009,5,1,0,3.179607460975429,3.1488259780995564,0.030781482875872346,0.030781482875872346
2009-05-01 06:00:00,2009,5,1,6,3.747425181914486,3.5500489597233353,0.19737622219115059,0.19737622219115059
2009-05-01 12:00:00,2009,5,1,12,6.560759789963304,6.72292266998336,-0.1621628800200563,0.1621628800200563
2009-05-01 18:00:00,2009,5,1,18,3.752550051137249,3.5666369345332525,0.18591311660399645,0.18591311660399645
2009-05-02 00:00:00,2009,5,2,0,3.274335913084611,3.117901565316061,0.15643434776854992,0.15643434776854992
2009-05-02 06:00:00,2009,5,2,6,3.660091974690104,3.829504685129288,-0.16941271043918382,0.16941271043918382
2009-05-02 12:00:00,2009,5,2,12,6.403275915983683,6.420725428475216,-0.017449512491532815,0.017449512491532815
2009-05-02 18:00:00,2009,5,2,18,3.876706102988862,3.72432403013367,0.1523820728551919,0.1523820728551919
2009-05-03 00:00:00,2009,5,3,0,3.615316640798353,3.468315376902212,0.14700126389614088,0.14700126389614088
2009-05-03 06:00:00,2009,5,3,6,3.6274299044513834,3.745362616237645,-0.11793271178626163,0.11793271178626163
2009-05-03 12:00:00,2009,5,3,12,6.85045181639305,6.611724943487834,0.23872687290521544,0.23872687290521544
2009-05-03 18:00:00,2009,5,3,18,3.3783855878873204,3.4560735237951703,-0.07768793590784995,0.07768793590784995
2009-05-04 00:00:00,2009,5,4,0,3.275154056610874,3.244915053673354,0.03023900293751991,0.03023900293751991
2009-05-04 06:00:00,2009,5,4,6,3.3000834546715074,3.4107536371722604,-0.110670182500753,0.110670182500753
2009-05-04 12:00:00,2009,5,4,12,6.899579293764352,6.638683088313015,0.2608962054513366,0.2608962054513366
2009-05-04 18:00:00,2009,5,4,18,3.36474465930346,3.37479317407674,-0.010048514773280282,0.010048514773280282
2009-05-05 00:00:00,2009,5,5,0,2.9481281074940107,3.0412983375327114,-0.09317023003870073,0.09317023003870073
2009-05-05 06:00:00,2009,5,5,6,3.7877028924530016,3.9910083472202746,-0.20330545476727302,0.20330545476727302
2009-05-05 12:00:00,2009,5,5,12,6.623753634934188,6.87155013210135,-0.24779649716716268,0.24779649716716268
2009-05-05 18:00:00,2009,5,5,18,3.4540971992238445,3.603848125260566,-0.14975092603672158,0.14975092603672158
2009-05-06 00:00:00,2009,5,6,0,2.991393502248136,3.035409285591621,-0.044015783343485104,0.044015783343485104
2009-05-06 06:00:00,2009,5,6,6,3.505482808961809,3.564985753984845,-0.05950294502303599,0.05950294502303599
2009-05-06 12:00:00,2009,5,6,12,6.358339527007824,6.391210228283683,-0.03287070127585867,0.03287070127585867
2009-05-06 18:00:00,2009,5,6,18,3.4156482791693468,3.3634340155849003,0.052214263584446474,0.052214263584446474
2009-05-07 00:00:00,2009,5,7,0,3.306245484895954,3.1760339073140593,0.13021157758189483,0.13021157758189483
2009-05-07 06:00:00,2009,5,7,6,3.909158913103252,3.7279126988809943,0.1812462142222575,0.1812462142222575
2009-05-07 12:00:00,2009,5,7,12,6.474730028034966,6.412188117861066,0.06254191017389932,0.06254191017389932
2009-05-07 18:00:00,2009,5,7,18,3.692934852769805,3.626543722201191,0.06639113056861401,0.06639113056861401
2009-05-08 00:00:00,2009,5,8,0,3.100420873495255,3.180031811388537,-0.07961093789328189,0.07961093789328189
2009-05-08 06:00:00,2009,5,8,6,3.712178504054589,3.564861761076316,0.14731674297827313,0.14731674297827313
2009-05-08 12:00:00,2009,5,8,12,6.800260190852902,6.797716110637241,0.002544080215661104,0.002544080215661104
2009-05-08 18:00:00,2009,5,8,18,3.800287497025244,3.8510839427247814,-0.05079644569953734,0.05079644569953734
2009-05-09 00:00:00,2009,5,9,0,3.1608506458479626,3.2192800701383275,-0.058429424290364906,0.058429424290364906
2009-05-09 06:00:00,2009,5,9,6,4.045392053309085,3.7922084866306793,0.25318356667840547,0.25318356667840547
2009-05-09 12:00:00,2009,5,9,12,6.655928185268687,6.737387957997194,-0.08145977272850669,0.08145977272850669
2009-05-09 18:00:00,2009,5,9,18,3.822331099791695,3.8720062480294986,-0.0496751482378035,0.0496751482378035
2009-05-10 00:00:00,2009,5,10,0,3.112105856187767,3.101864279002135,0.0102415771856319,0.0102415771856319
2009-05-10 06:00:00,2009,5,10,6,3.6131750403323055,3.7964285440860257,-0.18325350375372018,0.18325350375372018
2009-05-10 12:00:00,2009,5,10,12,6.804423831213436,6.656181272196399,0.14824255901703687,0.14824255901703687
2009-05-10 18:00:00,2009,5,10,18,3.6162934609383455,3.7319940645376533,-0.11570060359930778,0.11570060359930778
2009-05-11 00:00:00,2009,5,11,0,3.456278303456339,3.4782809504960173,-0.022002647039678358,0.022002647039678358
2009-05-11 06:00:00,2009,5,11,6,4.049816615420025,3.7334802252974004,0.3163363901226246,0.3163363901226246
2009-05-11 12:00:00,2009,5,11,12,7.25865567883122,6.952252620859318,0.3064030579719015,0.3064030579719015
2009-05-11 18:00:00,2009,5,11,18,3.5222934554436653,3.7065111673660938,-0.18421771192242842,0.18421771192242842
2009-05-12 00:00:00,2009,5,12,0,3.2546513045584624,3.370677747886402,-0.11602644332793943,0.11602644332793943
2009-05-12 06:00:00,2009,5,12,6,4.161701824196806,4.177972777198694,-0.016270953001888522,0.016270953001888522
2009-05-12 12:00:00,2009,5,12,12,6.896601590156263,6.71894350875828,0.17765808139798267,0.17765808139798267
2009-05-12 18:00:00,2009,5,12,18,4.198132961679953,4.204049010911993,-0.005916049232039811,0.005916049232039811
2009-05-13 00:00:00,2009,5,13,0,3.3029678738597763,3.4759710781256583,-0.173003204265882,0.173003204265882
2009-05-13 06:00:00,2009,5,13,6,3.5024807745388955,3.6344753427398873,-0.13199456820099176,0.13199456820099176
2009-05-13 12:00:00,2009,5,13,12,6.600638486309211,6.710681535478144,-0.11004304916893304,0.11004304916893304
2009-05-13 18:00:00,2009,5,13,18,3.544613128760391,3.7134682620928534,-0.1688551333324626,0.1688551333324626
2009-05-14 00:00:00,2009,5,14,0,3.603024894602481,3.2898989630393047,0.31312593156317625,0.31312593156317625
2009-05-14 06:00:00,2009,5,14,6,3.6337939832402513,3.488918419175688,0.14487556406456337,0.14487556406456337
2009-05-14 12:00:00,2009,5,14,12,7.279337796115833,7.2508869268619875,0.028450869253845212,0.028450869253845212
2009-05-14 18:00:00,2009,5,14,18,4.009472267568075,3.8522345959051667,0.15723767166290825,0.15723767166290825
2009-05-15 00:00:00,2009,5,15,0,3.40851642791255,3.429927418749432,-0.02141099083688225,0.02141099083688225
2009-05-15 06:00:00,2009,5,15,6,3.900833047188272,4.060448000658946,-0.1596149534706739,0.1596149534706739
2009-05-15 12:00:00,2009,5,15,12,7.264970067402538,6.905073324608487,0.35989674279405026,0.35989674279405026
2009-05-15 18:00:00,2009,5,15,18,3.48206411379462,3.495026964866591,-0.012962851071970594,0.012962851071970594
2009-05-16 00:00:00,2009,5,16,0,3.2146241570226177,3.519541489703392,-0.30491733268077414,0.30491733268077414
2009-05-16 06:00:00,2009,5,16,6,3.718049483638955,3.6705466701768996,0.047502813462055204,0.047502813462055204
2009-05-16 12:00:00,2009,5,16,12,6.903412675665095,7.042502021730631,-0.13908934606553647,0.13908934606553647
2009-05-16 18:00:00,2009,5,16,18,3.938023249910656,3.9049767998774847,0.033046450033171304,0.033046450033171304
2009-05-17 00:00:00,2009,5,17,0,3.967667052464512,3.6974698174357212,0.27019723502879067,0.27019723502879067
2009-05-17 06:00:00,2009,5,17,6,3.374633079541891,3.7901769066464315,-0.4155438271045404,0.4155438271045404
2009-05-17 12:00:00,2009,5,17,12,6.604204759177614,6.8680627242547505,-0.2638579650771362,0.2638579650771362
2009-05-17 18:00:00,2009,5,17,18,3.397402753660205,3.6829132603830317,-0.28551050672282674,0.28551050672282674
2009-05-18 00:00:00,2009,5,18,0,3.3543489416450125,3.4577310510855748,-0.10338210944056225,0.10338210944056225
2009-05-18 06:00:00,2009,5,18,6,3.906609902771064,3.975617850526594,-0.0690079477555301,0.0690079477555301
2009-05-18 12:00:00,2009,5,18,12,7.284078433361349,7.0127037002608095,0.27137473310053917,0.27137473310053917
2009-05-18 18:00:00,2009,5,18,18,3.895031249083524,3.8056066041261376,0.08942464495738633,0.08942464495738633
2009-05-19 00:00:00,2009,5,19,0,3.445015796936567,3.4800590056282155,-0.03504320869164834,0.03504320869164834
2009-05-19 06:00:00,2009,5,19,6,4.060675202682584,3.8631338898686516,0.19754131281393272,0.19754131281393272
2009-05-19 12:00:00,2009,5,19,12,7.246008309935193,7.097176805178844,0.1488315047563491,0.1488315047563491
2009-05-19 18:00:00,2009,5,19,18,3.924677414522574,4.085930608530013,-0.16125319400743932,0.16125319400743932
2009-05-20 00:00:00,2009,5,20,0,3.957506025294993,3.702840076860128,0.254665948434865,0.254665948434865
2009-05-20 06:00:00,2009,5,20,6,4.129019145569536,4.010548944856016,0.11847020071352077,0.11847020071352077
2009-05-20 12:00:00,2009,5,20,12,6.76309798575388,6.7549881891790395,0.0081097965748409,0.0081097965748409
2009-05-20 18:00:00,2009,5,20,18,3.860339937143823,4.139140157243767,-0.27880022009994354,0.27880022009994354
2009-05-21 00:00:00,2009,5,21,0,3.3140243841878325,3.4770319284146582,-0.16300754422682573,0.16300754422682573
2009-05-21 06:00:00,2009,5,21,6,3.751580939837265,3.8628067717932413,-0.11122583195597624,0.11122583195597624
2009-05-21 12:00:00,2009,5,21,12,7.254064214417736,7.025532521112107,0.22853169330562828,0.22853169330562828
2009-05-21 18:00:00,2009,5,21,18,4.277986874843561,4.0763867612360345,0.20160011360752694,0.20160011360752694
2009-05-22 00:00:00,2009,5,22,0,3.313768569005888,3.3930540468977903,-0.07928547789190254,0.07928547789190254
2009-05-22 06:00:00,2009,5,22,6,4.015614008973905,4.231975597265508,-0.216361588291603,0.216361588291603
2009-05-22 12:00:00,2009,5,22,12,6.9641039975232735,6.959082045641225,0.005021951882048903,0.005021951882048903
2009-05-22 18:00:00,2009,5,22,18,3.639992421382732,3.8891527879639405,-0.24916036658120833,0.24916036658120833
2009-05-23 00:00:00,2009,5,23,0,3.243804527906108,3.259259710167668,-0.015455182261559841,0.015455182261559841
2009-05-23 06:00:00,2009,5,23,6,3.868229090813469,3.56004827615867,0.3081808146547993,0.3081808146547993
2009-05-23 12:00:00,2009,5,23,12,7.260510039315945,7.304729330887603,-0.04421929157165749,0.04421929157165749
2009-05-23 18:00:00,2009,5,23,18,3.949794761148081,3.7469834039481897,0.20281135719989107,0.20281135719989107
2009-05-24 00:00:00,2009,5,24,0,3.281166431178948,3.477684959302775,-0.19651852812382709,0.19651852812382709
2009-05-24 06:00:00,2009,5,24,6,3.9405590760302553,3.9236544384788403,0.016904637551415025,0.016904637551415025
2009-05-24 12:00:00,2009,5,24,12,7.207085723611847,6.828398128145706,0.3786875954661415,0.3786875954661415
2009-05-24 18:00:00,2009,5,24,18,4.023359676096929,4.131500963500006,-0.10814128740307716,0.10814128740307716
2009-05-25 00:00:00,2009,5,25,0,3.713647025713459,3.6160533824221996,0.09759364329125919,0.09759364329125919
2009-05-25 06:00:00,2009,5,25,6,4.25822355985752,4.222291453727471,0.03593210613004949,0.03593210613004949
2009-05-25 12:00:00,2009,5,25,12,7.068983349271555,7.265050484237378,-0.19606713496582273,0.19606713496582273
2009-05-25 18:00:00,2009,5,25,18,4.322455573983604,3.9298262462969755,0.39262932768662884,0.39262932768662884
2009-05-26 00:00:00,2009,5,26,0,3.761695564432389,3.4939499155140266,0.2677456489183623,0.2677456489183623
2009-05-26 06:00:00,2009,5,26,6,4.352188037681667,4.209812810521993,0.14237522715967366,0.14237522715967366
2009-05-26 12:00:00,2009,5,26,12,7.352049661165479,7.16781685282077,0.18423280834470912,0.18423280834470912
2009-05-26 18:00:00,2009,5,26,18,4.118378809664946,4.323129012079857,-0.20475020241491126,0.20475020241491126
2009-05-27 00:00:00,2009,5,27,0,4.052220649629189,3.7128245843866683,0.33939606524252053,0.33939606524252053
2009-05-27 06:00:00,2009,5,27,6,3.90846008197974,3.998454310214169,-0.08999422823442904,0.08999422823442904
2009-05-27 12:00:00,2009,5,27,12,7.136112476579737,7.326706768347839,-0.19059429176810205,0.19059429176810205
2009-05-27 18:00:00,2009,5,27,18,3.675620937946611,3.8069877113717756,-0.13136677342516467,0.13136677342516467
2009-05-28 00:00:00,2009,5,28,0,3.679700875639875,3.829169547994342,-0.14946867235446737,0.14946867235446737
2009-05-28 06:00:00,2009,5,28,6,4.380547948519432,4.1141381802246615,0.26640976829477037,0.26640976829477037
2009-05-28 12:00:00,2009,5,28,12,7.260168287880302,7.019986945713504,0.24018134216679776,0.24018134216679776
2009-05-28 18:00:00,2009,5,28,18,4.157821680556009,3.76434478675302,0.3934768938029891,0.3934768938029891
2009-05-29 00:00:00,2009,5,29,0,3.5974987752042358,3.547477155066943,0.05002162013729272,0.05002162013729272
2009-05-29 06:00:00,2009,5,29,6,3.8906319105233167,4.055112518342217,-0.16448060781890073,0.16448060781890073
2009-05-29 12:00:00,2009,5,29,12,7.352081434544692,7.301596856083406,0.050484578461285956,0.050484578461285956
2009-05-29 18:00:00,2009,5,29,18,4.255366268216969,4.182261386512436,0.07310488170453322,0.07310488170453322
2009-05-30 00:00:00,2009,5,30,0,3.9987830784842817,3.9703472653714376,0.028435813112844155,0.028435813112844155
2009-05-30 06:00:00,2009,5,30,6,3.810320798944867,3.818025815866155,-0.007705016921287999,0.007705016921287999
2009-05-30 12:00:00,2009,5,30,12,7.79801874793822,7.852507707449115,-0.05448895951089572,0.05448895951089572
2009-05-30 18:00:00,2009,5,30,18,4.466196978131587,4.608326489831545,-0.1421295116999577,0.1421295116999577
2009-05-31 00:00:00,2009,5,31,0,3.717678993311552,3.858171196083215,-0.14049220277166308,0.14049220277166308
2009-05-31 06:00:00,2009,5,31,6,4.746423864492451,4.58463799132099,0.16178587317146143,0.16178587317146143
2009-05-31 12:00:00,2009,5,31,12,7.142694694021103,7.357199590041,-0.2145048960198963,0.2145048960198963
2009-05-31 18:00:00,2009,5,31,18,3.717674967734703,3.8401104566463538,-0.12243548891165057,0.12243548891165057
2009-06-01 00:00:00,2009,6,1,0,4.113439824863481,4.0204815032297025,0.0929583216337786,0.0929583216337786
2009-06-01 06:00:00,2009,6,1,6,4.443060959668231,4.566268957708011,-0.12320799803977955,0.12320799803977955
2009-06-01 12:00:00,2009,6,1,12,7.325936602252162,7.2442215880961225,0.08171501415603988,0.08171501415603988
2009-06-01 18:00:00,2009,6,1,18,5.109633004398085,4.9068239623108045,0.20280904208728057,0.20280904208728057
2009-06-02 00:00:00,2009,6,2,0,4.464252423326553,4.664486153158587,-0.2002337298320347,0.2002337298320347
2009-06-02 06:00:00,2009,6,2,6,4.120576107993578,4.193885788731196,-0.07330968073761746,0.07330968073761746
2009-06-02 12:00:00,2009,6,2,12,7.623702922742307,7.351125615407495,0.2725773073348119,0.2725773073348119
2009-06-02 18:00:00,2009,6,2,18,3.922123529580637,4.153283965701615,-0.23116043612097759,0.23116043612097759
2009-06-03 00:00:00,2009,6,3,0,3.424995462369192,3.7718360643674345,-0.3468406019982426,0.3468406019982426
2009-06-03 06:00:00,2009,6,3,6,4.350044928577151,4.105373970646083,0.24467095793106797,0.24467095793106797
2009-06-03 12:00:00,2009,6,3,12,7.428326812741828,7.40677936359763,0.02154744914419826,0.02154744914419826
2009-06-03 18:00:00,2009,6,3,18,4.3577424767708814,4.289823540650665,0.0679189361202166,0.0679189361202166
2009-06-04 00:00:00,2009,6,4,0,3.7345409050789815,3.8548556761041324,-0.12031477102515087,0.12031477102515087
2009-06-04 06:00:00,2009,6,4,6,4.917020776658632,4.85358769917753,0.06343307748110139,0.06343307748110139
2009-06-04 12:00:00,2009,6,4,12,7.491529232876368,7.376121508153728,0.1154077247226395,0.1154077247226395
2009-06-04 18:00:00,2009,6,4,18,4.315505707255059,4.3955541374675455,-0.08004843021248664,0.08004843021248664
2009-06-05 00:00:00,2009,6,5,0,4.665613797993987,4.972797257632814,-0.30718345963882676,0.30718345963882676
2009-06-05 06:00:00,2009,6,5,6,4.233336010398876,4.157794293758153,0.07554171664072307,0.07554171664072307
2009-06-05 12:00:00,2009,6,5,12,8.077051128725845,7.639709701757307,0.43734142696853784,0.43734142696853784
2009-06-05 18:00:00,2009,6,5,18,4.41035630096156,4.650316453360375,-0.2399601523988153,0.2399601523988153
2009-06-06 00:00:00,2009,6,6,0,3.537131424702636,3.8113154325390783,-0.27418400783644215,0.27418400783644215
2009-06-06 06:00:00,2009,6,6,6,4.032582330421773,4.10863741406355,-0.07605508364177727,0.07605508364177727
2009-06-06 12:00:00,2009,6,6,12,7.851590381341091,7.6057244506750274,0.24586593066606355,0.24586593066606355
2009-06-06 18:00:00,2009,6,6,18,4.276333873619283,4.37226169040559,-0.09592781678630757,0.09592781678630757
2009-06-07 00:00:00,2009,6,7,0,3.989649794672186,4.2108765070371295,-0.22122671236494362,0.22122671236494362
2009-06-07 06:00:00,2009,6,7,6,4.263658266505606,4.27482630731549,-0.011168040809883983,0.011168040809883983
2009-06-07 12:00:00,2009,6,7,12,7.833618882533561,7.528838964687681,0.3047799178458801,0.3047799178458801
2009-06-07 18:00:00,2009,6,7,18,4.138872860959771,4.388418346330405,-0.2495454853706338,0.2495454853706338
2009-06-08 00:00:00,2009,6,8,0,3.96073475018981,3.7853222347145303,0.17541251547527947,0.17541251547527947
2009-06-08 06:00:00,2009,6,8,6,4.8215205173801365,4.656347087106715,0.16517343027342157,0.16517343027342157
2009-06-08 12:00:00,2009,6,8,12,8.305457908065511,8.25437873868704,0.05107916937847179,0.05107916937847179
2009-06-08 18:00:00,2009,6,8,18,4.474378972012173,4.50779695902616,-0.033417987013987016,0.033417987013987016
2009-06-09 00:00:00,2009,6,9,0,4.1246321578324725,4.290459733931834,-0.16582757609936127,0.16582757609936127
2009-06-09 06:00:00,2009,6,9,6,5.613972679721982,5.729744817112149,-0.11577213739016656,0.11577213739016656
2009-06-09 12:00:00,2009,6,9,12,7.27570651823363,7.654879926968107,-0.37917340873447714,0.37917340873447714
2009-06-09 18:00:00,2009,6,9,18,4.377403127998843,4.8294526488714276,-0.45204952087258476,0.45204952087258476
2009-06-10 00:00:00,2009,6,10,0,4.300870229489023,4.238168644947864,0.06270158454115915,0.06270158454115915
2009-06-10 06:00:00,2009,6,10,6,4.521512138079098,4.383650789291813,0.1378613487872853,0.1378613487872853
2009-06-10 12:00:00,2009,6,10,12,7.608209850644788,7.702749996218821,-0.09454014557403312,0.09454014557403312
2009-06-10 18:00:00,2009,6,10,18,4.38219702132289,4.198252854559572,0.18394416676331815,0.18394416676331815
2009-06-11 00:00:00,2009,6,11,0,4.151664765253833,3.9490202925958853,0.20264447265794772,0.20264447265794772
2009-06-11 06:00:00,2009,6,11,6,4.219067557383135,4.297546850408718,-0.0784792930255831,0.0784792930255831
2009-06-11 12:00:00,2009,6,11,12,7.328940580453046,7.905828644807548,-0.5768880643545025,0.5768880643545025
2009-06-11 18:00:00,2009,6,11,18,4.449744679050876,4.426568684984116,0.023175994066759742,0.023175994066759742
2009-06-12 00:00:00,2009,6,12,0,3.9458752780645465,4.21980554999662,-0.2739302719320733,0.2739302719320733
2009-06-12 06:00:00,2009,6,12,6,4.161120557112952,4.494893700828785,-0.3337731437158329,0.3337731437158329
2009-06-12 12:00:00,2009,6,12,12,8.229775846901298,8.120474013227328,0.10930183367396928,0.10930183367396928
2009-06-12 18:00:00,2009,6,12,18,4.637646053267628,4.520994208705399,0.1166518445622291,0.1166518445622291
2009-06-13 00:00:00,2009,6,13,0,4.301680418230874,4.11826333679135,0.18341708143952395,0.18341708143952395
2009-06-13 06:00:00,2009,6,13,6,3.966507352295218,4.502316566068978,-0.53580921377376,0.53580921377376
2009-06-13 12:00:00,2009,6,13,12,7.393769315807275,7.809598588426337,-0.415829272619062,0.415829272619062
2009-06-13 18:00:00,2009,6,13,18,4.531678971593755,4.896092364433136,-0.36441339283938046,0.36441339283938046
2009-06-14 00:00:00,2009,6,14,0,4.183656395802016,4.089008135020154,0.09464826078186217,0.09464826078186217
2009-06-14 06:00:00,2009,6,14,6,5.229765547432453,4.96700796857327,0.2627575788591825,0.2627575788591825
2009-06-14 12:00:00,2009,6,14,12,7.711652426604603,8.17573971029366,-0.4640872836890573,0.4640872836890573
2009-06-14 18:00:00,2009,6,14,18,5.225710594497823,5.196185530727633,0.029525063770189597,0.029525063770189597
2009-06-15 00:00:00,2009,6,15,0,4.582410398953322,4.4939764147175145,0.08843398423580773,0.08843398423580773
2009-06-15 06:00:00,2009,6,15,6,4.355722770157544,4.795438060332037,-0.43971529017449296,0.43971529017449296
2009-06-15 12:00:00,2009,6,15,12,7.649916561509321,7.846665301649731,-0.19674874014040977,0.19674874014040977
2009-06-15 18:00:00,2009,6,15,18,4.3818067193869386,4.559874559048441,-0.17806783966150252,0.17806783966150252
2009-06-16 00:00:00,2009,6,16,0,4.173446314424287,4.256188088278444,-0.08274177385415715,0.08274177385415715
2009-06-16 06:00:00,2009,6,16,6,4.992137583425893,4.642187701737285,0.34994988168860797,0.34994988168860797
2009-06-16 12:00:00,2009,6,16,12,8.014221230676107,7.7507571553515255,0.26346407532458116,0.26346407532458116
2009-06-16 18:00:00,2009,6,16,18,4.586453743733605,4.59463559868204,-0.008181854948435152,0.008181854948435152
2009-06-17 00:00:00,2009,6,17,0,4.1812680452882605,4.383797384713165,-0.20252933942490436,0.20252933942490436
2009-06-17 06:00:00,2009,6,17,6,4.8651222893883554,4.617201290746058,0.24792099864229744,0.24792099864229744
2009-06-17 12:00:00,2009,6,17,12,7.914125561017442,7.840181150623636,0.07394441039380606,0.07394441039380606
2009-06-17 18:00:00,2009,6,17,18,4.674326684650132,4.710878521222117,-0.03655183657198524,0.03655183657198524
2009-06-18 00:00:00,2009,6,18,0,4.526162689229508,4.6007762573019715,-0.07461356807246311,0.07461356807246311
2009-06-18 06:00:00,2009,6,18,6,5.175098085426615,5.437780625380386,-0.26268253995377044,0.26268253995377044
2009-06-18 12:00:00,2009,6,18,12,7.744344192099767,7.832842580516614,-0.08849838841684665,0.08849838841684665
2009-06-18 18:00:00,2009,6,18,18,4.765303019447277,5.234910475009093,-0.4696074555618157,0.4696074555618157
2009-06-19 00:00:00,2009,6,19,0,4.4199054062955145,4.545946802206868,-0.12604139591135333,0.12604139591135333
2009-06-19 06:00:00,2009,6,19,6,5.099672115906745,5.024831815491498,0.07484030041524647,0.07484030041524647
2009-06-19 12:00:00,2009,6,19,12,7.860644809702982,7.9315409646527435,-0.07089615494976176,0.07089615494976176
2009-06-19 18:00:00,2009,6,19,18,4.72145802435894,4.641514519671645,0.07994350468729472,0.07994350468729472
2009-06-20 00:00:00,2009,6,20,0,4.41491471564793,4.294219068959104,0.1206956466888256,0.1206956466888256
2009-06-20 06:00:00,2009,6,20,6,4.760772465680011,4.985899149449301,-0.22512668376928957,0.22512668376928957
2009-06-20 12:00:00,2009,6,20,12,7.945416699502349,7.554756148499618,0.390660551002731,0.390660551002731
2009-06-20 18:00:00,2009,6,20,18,4.61726153673703,4.626233259696983,-0.008971722959953077,0.008971722959953077
2009-06-21 00:00:00,2009,6,21,0,4.301183484813891,4.385864915816801,-0.08468143100290959,0.08468143100290959
2009-06-21 06:00:00,2009,6,21,6,5.403303119520176,5.113474633183846,0.2898284863363303,0.2898284863363303
2009-06-21 12:00:00,2009,6,21,12,7.738906711157034,7.751530125167677,-0.012623414010643152,0.012623414010643152
2009-06-21 18:00:00,2009,6,21,18,4.542915103568613,4.595568541836196,-0.05265343826758251,0.05265343826758251
2009-06-22 00:00:00,2009,6,22,0,4.469418675969073,4.5212732814708465,-0.051854605501773676,0.051854605501773676
2009-06-22 06:00:00,2009,6,22,6,5.92749240757393,5.771775735856197,0.15571667171773296,0.15571667171773296
2009-06-22 12:00:00,2009,6,22,12,7.886794763636276,7.979531956853036,-0.09273719321675955,0.09273719321675955
2009-06-22 18:00:00,2009,6,22,18,4.765075506358761,4.549034274945259,0.2160412314135014,0.2160412314135014
2009-06-23 00:00:00,2009,6,23,0,4.376746747162012,4.588011674658523,-0.2112649274965106,0.2112649274965106
2009-06-23 06:00:00,2009,6,23,6,4.736608598117493,4.5887636419497735,0.1478449561677193,0.1478449561677193
2009-06-23 12:00:00,2009,6,23,12,8.278109440736328,8.344119482090804,-0.06601004135447575,0.06601004135447575
2009-06-23 18:00:00,2009,6,23,18,4.735241486487383,4.845360222963891,-0.11011873647650816,0.11011873647650816
2009-06-24 00:00:00,2009,6,24,0,3.769942653418211,4.259246271496155,-0.4893036180779444,0.4893036180779444
2009-06-24 06:00:00,2009,6,24,6,4.568649745978695,4.448813380019143,0.11983636595955272,0.11983636595955272
2009-06-24 12:00:00,2009,6,24,12,7.856185064004339,7.777934432390454,0.07825063161388446,0.07825063161388446
2009-06-24 18:00:00,2009,6,24,18,4.597466274298678,4.6359144935882055,-0.038448219289527685,0.038448219289527685
2009-06-25 00:00:00,2009,6,25,0,5.520716624650575,5.236041004338646,0.28467562031192895,0.28467562031192895
2009-06-25 06:00:00,2009,6,25,6,4.599446014961869,4.6232025587019985,-0.02375654374012992,0.02375654374012992
2009-06-25 12:00:00,2009,6,25,12,8.617893029143849,8.614077320127791,0.0038157090160577667,0.0038157090160577667
2009-06-25 18:00:00,2009,6,25,18,4.358197336956661,4.853815377582756,-0.4956180406260948,0.4956180406260948
2009-06-26 00:00:00,2009,6,26,0,4.606390825153209,4.715265386090016,-0.10887456093680736,0.10887456093680736
2009-06-26 06:00:00,2009,6,26,6,4.777964730409286,4.68694481507751,0.09101991533177589,0.09101991533177589
2009-06-26 12:00:00,2009,6,26,12,7.74660005876151,8.015944748416068,-0.2693446896545577,0.2693446896545577
2009-06-26 18:00:00,2009,6,26,18,5.039320256008368,4.79399460324367,0.24532565276469853,0.24532565276469853
2009-06-27 00:00:00,2009,6,27,0,4.602936652051017,4.637694989810267,-0.03475833775924997,0.03475833775924997
2009-06-27 06:00:00,2009,6,27,6,4.609148576187581,4.691611985808525,-0.082463409620944,0.082463409620944
2009-06-27 12:00:00,2009,6,27,12,7.879569892515479,7.9311795628425825,-0.051609670327103174,0.051609670327103174
2009-06-27 18:00:00,2009,6,27,18,5.007193259692203,5.026020805193706,-0.01882754550150345,0.01882754550150345
2009-06-28 00:00:00,2009,6,28,0,4.971126499309603,4.910217183767699,0.06090931554190426,0.06090931554190426
2009-06-28 06:00:00,2009,6,28,6,4.849986400931054,4.737139724649345,0.11284667628170908,0.11284667628170908
2009-06-28 12:00:00,2009,6,28,12,8.33227089527661,8.418708176046401,-0.08643728076979151,0.08643728076979151
2009-06-28 18:00:00,2009,6,28,18,5.080612273808117,4.977292945301874,0.10331932850624259,0.10331932850624259
2009-06-29 00:00:00,2009,6,29,0,4.197385209034595,4.554443948378656,-0.35705873934406096,0.35705873934406096
2009-06-29 06:00:00,2009,6,29,6,5.572628548507327,5.456137220264061,0.11649132824326536,0.11649132824326536
2009-06-29 12:00:00,2009,6,29,12,7.931741461703705,8.019558577253218,-0.08781711554951244,0.08781711554951244
2009-06-29 18:00:00,2009,6,29,18,5.485702991401159,5.653197505406332,-0.16749451400517312,0.16749451400517312
2009-06-30 00:00:00,2009,6,30,0,4.960789061931676,4.759625403294769,0.201163658636907,0.201163658636907
2009-06-30 06:00:00,2009,6,30,6,4.9978387125732615,5.257905725054526,-0.2600670124812643,0.2600670124812643
2009-06-30 12:00:00,2009,6,30,12,8.729370992305151,8.366689258250616,0.36268173405453474,0.36268173405453474
2009-06-30 18:00:00,2009,6,30,18,5.324520513267157,4.885618154763902,0.4389023585032552,0.4389023585032552
2009-07-01 00:00:00,2009,7,1,0,4.750408521347472,4.562188675606591,0.18821984574088102,0.18821984574088102
2009-07-01 06:00:00,2009,7,1,6,4.901851433939408,4.8232332282349,0.07861820570450728,0.07861820570450728
2009-07-01 12:00:00,2009,7,1,12,8.505890027729944,8.283422422461816,0.22246760526812714,0.22246760526812714
2009-07-01 18:00:00,2009,7,1,18,4.790204164419403,5.036931567327399,-0.24672740290799666,0.24672740290799666
2009-07-02 00:00:00,2009,7,2,0,4.4938494200947865,4.979221905988464,-0.4853724858936772,0.4853724858936772
2009-07-02 06:00:00,2009,7,2,6,5.413366793229692,5.431856375458291,-0.01848958222859931,0.01848958222859931
2009-07-02 12:00:00,2009,7,2,12,8.5989438546056,8.597881455735129,0.0010623988704718812,0.0010623988704718812
2009-07-02 18:00:00,2009,7,2,18,4.877611388274847,5.068199937066881,-0.19058854879203402,0.19058854879203402
2009-07-03 00:00:00,2009,7,3,0,4.404740997212796,4.632590115259715,-0.22784911804691887,0.22784911804691887
2009-07-03 06:00:00,2009,7,3,6,5.011397644162232,5.14226896606728,-0.13087132190504835,0.13087132190504835
2009-07-03 12:00:00,2009,7,3,12,8.299582265606906,8.265282624097875,0.03429964150903153,0.03429964150903153
2009-07-03 18:00:00,2009,7,3,18,5.660671743063927,5.763503032838987,-0.10283128977506006,0.10283128977506006
2009-07-04 00:00:00,2009,7,4,0,5.403036384861006,4.892986165522522,0.5100502193384839,0.5100502193384839
2009-07-04 06:00:00,2009,7,4,6,4.819666576863061,4.88073253518642,-0.06106595832335859,0.06106595832335859
2009-07-04 12:00:00,2009,7,4,12,8.588391248525651,8.51328773071418,0.07510351781147051,0.07510351781147051
2009-07-04 18:00:00,2009,7,4,18,5.135054718536687,4.986210037718542,0.1488446808181454,0.1488446808181454
2009-07-05 00:00:00,2009,7,5,0,4.761619869705854,4.737993425445214,0.02362644426063998,0.02362644426063998
2009-07-05 06:00:00,2009,7,5,6,5.302060180919679,5.087967758501977,0.21409242241770254,0.21409242241770254
2009-07-05 12:00:00,2009,7,5,12,8.301078318987283,8.133011741533489,0.1680665774537946,0.1680665774537946
2009-07-05 18:00:00,2009,7,5,18,5.307322064501479,4.883833065311353,0.42348899919012606,0.42348899919012606
2009-07-06 00:00:00,2009,7,6,0,4.875876215622346,4.522361140404526,0.35351507521781933,0.35351507521781933
2009-07-06 06:00:00,2009,7,6,6,4.841670523293378,5.108886699468564,-0.2672161761751859,0.2672161761751859
2009-07-06 12:00:00,2009,7,6,12,8.052447697199916,8.26769990868277,-0.2152522114828539,0.2152522114828539
2009-07-06 18:00:00,2009,7,6,18,5.499697102333139,5.294844380168777,0.2048527221643619,0.2048527221643619
2009-07-07 00:00:00,2009,7,7,0,4.679846003909933,4.889622551639489,-0.20977654772955567,0.20977654772955567
2009-07-07 06:00:00,2009,7,7,6,5.094179735510841,5.335253743766834,-0.24107400825599257,0.24107400825599257
2009-07-07 12:00:00,2009,7,7,12,8.387882337060955,8.328054170459549,0.059828166601405997,0.059828166601405997
2009-07-07 18:00:00,2009,7,7,18,5.29583525052515,4.82174089515668,0.47409435536847067,0.47409435536847067
2009-07-08 00:00:00,2009,7,8,0,5.039890023845645,4.567709117225152,0.47218090662049317,0.47218090662049317
2009-07-08 06:00:00,2009,7,8,6,5.0092635254077145,5.20396075584261,-0.19469723043489573,0.19469723043489573
2009-07-08 12:00:00,2009,7,8,12,7.938920354019995,8.121047528915476,-0.1821271748954807,0.1821271748954807
2009-07-08 18:00:00,2009,7,8,18,5.789312599875187,5.3515656510095075,0.4377469488656791,0.4377469488656791
2009-07-09 00:00:00,2009,7,9,0,4.908947969153091,4.786416795876148,0.12253117327694252,0.12253117327694252
2009-07-09 06:00:00,2009,7,9,6,4.486266090845056,4.785931586458242,-0.2996654956131861,0.2996654956131861
2009-07-09 12:00:00,2009,7,9,12,8.188728687509304,8.264360680906004,-0.07563199339669957,0.07563199339669957
2009-07-09 18:00:00,2009,7,9,18,4.909205973432691,5.025721898313773,-0.11651592488108165,0.11651592488108165
2009-07-10 00:00:00,2009,7,10,0,4.507222320124971,4.524382605083176,-0.017160284958205096,0.017160284958205096
2009-07-10 06:00:00,2009,7,10,6,5.490004024529432,5.02091492192239,0.4690891026070414,0.4690891026070414
2009-07-10 12:00:00,2009,7,10,12,8.205226914653492,8.316778909979169,-0.1115519953256765,0.1115519953256765
2009-07-10 18:00:00,2009,7,10,18,4.762461844459302,4.95922140434228,-0.19675955988297833,0.19675955988297833
2009-07-11 00:00:00,2009,7,11,0,5.639476709743374,5.6338256557700035,0.005651053973370068,0.005651053973370068
2009-07-11 06:00:00,2009,7,11,6,5.411340569777897,5.1327557671724895,0.2785848026054074,0.2785848026054074
2009-07-11 12:00:00,2009,7,11,12,7.964577077368268,8.14980476358148,-0.18522768621321273,0.18522768621321273
2009-07-11 18:00:00,2009,7,11,18,5.373509806135578,5.233208871093179,0.14030093504239893,0.14030093504239893
2009-07-12 00:00:00,2009,7,12,0,5.645204108130063,5.5042175435538825,0.1409865645761803,0.1409865645761803
2009-07-12 06:00:00,2009,7,12,6,5.3205593429313485,5.501086159871812,-0.18052681694046324,0.18052681694046324
2009-07-12 12:00:00,2009,7,12,12,8.226926050478525,8.263269143476156,-0.03634309299763139,0.03634309299763139
2009-07-12 18:00:00,2009,7,12,18,4.950241328149488,4.974399531351376,-0.024158203201888107,0.024158203201888107
2009-07-13 00:00:00,2009,7,13,0,4.691798027178564,5.049968426641468,-0.35817039946290397,0.35817039946290397
2009-07-13 06:00:00,2009,7,13,6,5.355894104775961,5.276678986678193,0.07921511809776849,0.07921511809776849
2009-07-13 12:00:00,2009,7,13,12,8.291253778476458,8.361926377844034,-0.07067259936757608,0.07067259936757608
2009-07-13 18:00:00,2009,7,13,18,5.0880804808014295,5.060992005030871,0.027088475770558063,0.027088475770558063
2009-07-14 00:00:00,2009,7,14,0,5.748434788509076,5.544253615836372,0.20418117267270386,0.20418117267270386
2009-07-14 06:00:00,2009,7,14,6,5.039158274473864,4.915636987154213,0.12352128731965095,0.12352128731965095
2009-07-14 12:00:00,2009,7,14,12,8.95792139175327,8.606090186056647,0.3518312056966231,0.3518312056966231
2009-07-14 18:00:00,2009,7,14,18,5.297951085461606,5.047661913492337,0.2502891719692695,0.2502891719692695
2009-07-15 00:00:00,2009,7,15,0,4.978799510788745,4.702598058356547,0.27620145243219785,0.27620145243219785
2009-07-15 06:00:00,2009,7,15,6,5.396058591635195,4.993390142606974,0.4026684490282211,0.4026684490282211
2009-07-15 12:00:00,2009,7,15,12,7.481903565951862,8.015719523335195,-0.5338159573833323,0.5338159573833323
2009-07-15 18:00:00,2009,7,15,18,5.370131559707047,5.212249316393404,0.15788224331364287,0.15788224331364287
2009-07-16 00:00:00,2009,7,16,0,5.25486891488052,4.8843350226694335,0.37053389221108635,0.37053389221108635
2009-07-16 06:00:00,2009,7,16,6,5.3160405903181625,5.2346123983963375,0.08142819192182493,0.08142819192182493
2009-07-16 12:00:00,2009,7,16,12,8.00182494166786,8.31521152509542,-0.31338658342756,0.31338658342756
2009-07-16 18:00:00,2009,7,16,18,5.95684364934133,5.926280430017971,0.03056321932335937,0.03056321932335937
2009-07-17 00:00:00,2009,7,17,0,5.038142923189814,4.830993636524982,0.20714928666483168,0.20714928666483168
2009-07-17 06:00:00,2009,7,17,6,5.022451101359716,5.265131785759642,-0.24268068439992518,0.24268068439992518
2009-07-17 12:00:00,2009,7,17,12,8.449717753916579,8.380361813504493,0.06935594041208581,0.06935594041208581
2009-07-17 18:00:00,2009,7,17,18,5.134154339488647,5.184218134740812,-0.0500637952521652,0.0500637952521652
2009-07-18 00:00:00,2009,7,18,0,5.29425756553028,5.2988928482214535,-0.0046352826911730816,0.0046352826911730816
2009-07-18 06:00:00,2009,7,18,6,5.281455475211059,5.2002064173271965,0.08124905788386272,0.08124905788386272
2009-07-18 12:00:00,2009,7,18,12,8.17027745270545,8.577361577401337,-0.40708412469588673,0.40708412469588673
2009-07-18 18:00:00,2009,7,18,18,4.899478613573656,5.032023900395986,-0.1325452868223298,0.1325452868223298
2009-07-19 00:00:00,2009,7,19,0,4.79332856461771,4.824959268460502,-0.031630703842791874,0.031630703842791874
2009-07-19 06:00:00,2009,7,19,6,6.014541877278912,6.0052137950955755,0.009328082183336583,0.009328082183336583
2009-07-19 12:00:00,2009,7,19,12,8.750023220022088,8.823366187075015,-0.07334296705292687,0.07334296705292687
2009-07-19 18:00:00,2009,7,19,18,5.874742526264433,5.5747659748764775,0.29997655138795576,0.29997655138795576
2009-07-20 00:00:00,2009,7,20,0,5.091084255498981,4.993775268240826,0.09730898725815429,0.09730898725815429
2009-07-20 06:00:00,2009,7,20,6,5.035736684694021,5.3165340035879725,-0.2807973188939519,0.2807973188939519
2009-07-20 12:00:00,2009,7,20,12,8.15323821791893,8.295843298254526,-0.1426050803355956,0.1426050803355956
2009-07-20 18:00:00,2009,7,20,18,5.457579239574297,5.4840631010693155,-0.026483861495018246,0.026483861495018246
2009-07-21 00:00:00,2009,7,21,0,5.342556264050416,5.035274780561717,0.30728148348869944,0.30728148348869944
2009-07-21 06:00:00,2009,7,21,6,4.519245558510533,5.14995383793871,-0.6307082794281778,0.6307082794281778
2009-07-21 12:00:00,2009,7,21,12,9.174394689882684,8.987206880461205,0.18718780942147895,0.18718780942147895
2009-07-21 18:00:00,2009,7,21,18,5.310997832551516,5.1836492134385495,0.1273486191129667,0.1273486191129667
2009-07-22 00:00:00,2009,7,22,0,5.074721835020871,5.0588737966681885,0.01584803835268289,0.01584803835268289
2009-07-22 06:00:00,2009,7,22,6,5.16980530108051,5.490488248454912,-0.32068294737440173,0.32068294737440173
2009-07-22 12:00:00,2009,7,22,12,8.42434187091785,8.404674471605258,0.019667399312591982,0.019667399312591982
2009-07-22 18:00:00,2009,7,22,18,5.050712758077304,5.166129770372822,-0.11541701229551826,0.11541701229551826
2009-07-23 00:00:00,2009,7,23,0,4.797140535425132,4.895206905399751,-0.09806636997461826,0.09806636997461826
2009-07-23 06:00:00,2009,7,23,6,6.053468736605097,5.8852961942201665,0.16817254238493096,0.16817254238493096
2009-07-23 12:00:00,2009,7,23,12,7.731063183836775,8.180434096017176,-0.4493709121804015,0.4493709121804015
2009-07-23 18:00:00,2009,7,23,18,5.451440334113974,5.327918044516497,0.12352228959747702,0.12352228959747702
2009-07-24 00:00:00,2009,7,24,0,4.689623623460598,4.701778941178734,-0.01215531771813616,0.01215531771813616
2009-07-24 06:00:00,2009,7,24,6,6.039531177052812,6.060393536792122,-0.0208623597393105,0.0208623597393105
2009-07-24 12:00:00,2009,7,24,12,8.557560471474243,8.442789961371584,0.11477051010265882,0.11477051010265882
2009-07-24 18:00:00,2009,7,24,18,5.525505222655955,5.303421173814511,0.2220840488414435,0.2220840488414435
2009-07-25 00:00:00,2009,7,25,0,4.84127464797701,4.647088531638629,0.1941861163383809,0.1941861163383809
2009-07-25 06:00:00,2009,7,25,6,5.1135315553310985,5.288345267951921,-0.17481371262082224,0.17481371262082224
2009-07-25 12:00:00,2009,7,25,12,8.28899673346535,8.462703175467894,-0.17370644200254404,0.17370644200254404
2009-07-25 18:00:00,2009,7,25,18,5.382180127575124,5.1994110431415965,0.18276908443352724,0.18276908443352724
2009-07-26 00:00:00,2009,7,26,0,4.941910717124676,4.862412655162249,0.07949806196242726,0.07949806196242726
2009-07-26 06:00:00,2009,7,26,6,5.7117188908512375,5.582831910730083,0.12888698012115452,0.12888698012115452
2009-07-26 12:00:00,2009,7,26,12,8.345304935363966,8.318219201739971,0.027085733623994912,0.027085733623994912
2009-07-26 18:00:00,2009,7,26,18,5.407554441134695,5.08207079901767,0.3254836421170255,0.3254836421170255
2009-07-27 00:00:00,2009,7,27,0,4.876236780644329,4.940009823651815,-0.06377304300748587,0.06377304300748587
2009-07-27 06:00:00,2009,7,27,6,5.213454225583368,5.3441239106282605,-0.13066968504489296,0.13066968504489296
2009-07-27 12:00:00,2009,7,27,12,8.632556395673527,8.573284307858993,0.0592720878145343,0.0592720878145343
2009-07-27 18:00:00,2009,7,27,18,5.661912670117406,5.629917240841946,0.03199542927545984,0.03199542927545984
2009-07-28 00:00:00,2009,7,28,0,4.511169512984927,4.691783833430537,-0.18061432044560988,0.18061432044560988
2009-07-28 06:00:00,2009,7,28,6,5.354273603812482,5.411092144135175,-0.05681854032269307,0.05681854032269307
2009-07-28 12:00:00,2009,7,28,12,8.395448799788698,8.387526081895254,0.00792271789344312,0.00792271789344312
2009-07-28 18:00:00,2009,7,28,18,4.706211490406635,5.045596932784923,-0.3393854423782878,0.3393854423782878
2009-07-29 00:00:00,2009,7,29,0,5.73650107265546,5.354648982601571,0.3818520900538891,0.3818520900538891
2009-07-29 06:00:00,2009,7,29,6,6.305861532711458,5.862517995339735,0.4433435373717236,0.4433435373717236
2009-07-29 12:00:00,2009,7,29,12,7.775683901214478,8.019572305366703,-0.24388840415222468,0.24388840415222468
2009-07-29 18:00:00,2009,7,29,18,5.977709917468485,5.5703896431354885,0.40732027433299667,0.40732027433299667
2009-07-30 00:00:00,2009,7,30,0,4.673678029575653,4.78283398160341,-0.10915595202775741,0.10915595202775741
2009-07-30 06:00:00,2009,7,30,6,5.4337916161190325,5.339077164682675,0.09471445143635737,0.09471445143635737
2009-07-30 12:00:00,2009,7,30,12,8.13927731302468,8.089492472897872,0.04978484012680795,0.04978484012680795
2009-07-30 18:00:00,2009,7,30,18,5.004442038009245,5.2277227225760186,-0.22328068456677386,0.22328068456677386
2009-07-31 00:00:00,2009,7,31,0,5.418844516203951,5.033291291032732,0.38555322517121837,0.38555322517121837
2009-07-31 06:00:00,2009,7,31,6,5.706296613107698,5.475651777649574,0.23064483545812386,0.23064483545812386
2009-07-31 12:00:00,2009,7,31,12,8.51476820336234,8.532518852447904,-0.017750649085563452,0.017750649085563452
2009-07-31 18:00:00,2009,7,31,18,5.294584784472024,5.377097244303663,-0.0825124598316389,0.0825124598316389
2009-08-01 00:00:00,2009,8,1,0,5.008035293222761,4.816352542253671,0.1916827509690906,0.1916827509690906
2009-08-01 06:00:00,2009,8,1,6,5.669834681904725,5.161422309521307,0.5084123723834182,0.5084123723834182
2009-08-01 12:00:00,2009,8,1,12,8.658559577758446,8.847755718492879,-0.18919614073443292,0.18919614073443292
2009-08-01 18:00:00,2009,8,1,18,5.411482337594371,5.157383197958237,0.25409913963613384,0.25409913963613384
2009-08-02 00:00:00,2009,8,2,0,4.875803325268654,4.791628019353469,0.08417530591518485,0.08417530591518485
2009-08-02 06:00:00,2009,8,2,6,5.426795437505311,5.434957548307822,-0.008162110802510725,0.008162110802510725
2009-08-02 12:00:00,2009,8,2,12,9.063505826276232,8.649305006438624,0.4142008198376086,0.4142008198376086
2009-08-02 18:00:00,2009,8,2,18,4.785651817640815,5.248946922657378,-0.463295105016563,0.463295105016563
2009-08-03 00:00:00,2009,8,3,0,4.567740158508082,4.786330357270583,-0.2185901987625014,0.2185901987625014
2009-08-03 06:00:00,2009,8,3,6,5.679146172357085,5.5911369622751685,0.08800921008191676,0.08800921008191676
2009-08-03 12:00:00,2009,8,3,12,7.919950616977159,8.071184206432362,-0.15123358945520238,0.15123358945520238
2009-08-03 18:00:00,2009,8,3,18,5.413476756785847,5.586981541119566,-0.1735047843337192,0.1735047843337192
2009-08-04 00:00:00,2009,8,4,0,5.890302027420671,5.6668478094550645,0.22345421796560672,0.22345421796560672
2009-08-04 06:00:00,2009,8,4,6,5.725887215734738,5.849091153581154,-0.12320393784641581,0.12320393784641581
2009-08-04 12:00:00,2009,8,4,12,8.85279139561805,8.760988418474692,0.09180297714335772,0.09180297714335772
2009-08-04 18:00:00,2009,8,4,18,5.442958855917751,5.373864730131654,0.06909412578609686,0.06909412578609686
2009-08-05 00:00:00,2009,8,5,0,4.796040136136689,4.892177618391786,-0.09613748225509688,0.09613748225509688
2009-08-05 06:00:00,2009,8,5,6,5.3932674395609554,5.395692482309713,-0.0024250427487579884,0.0024250427487579884
2009-08-05 12:00:00,2009,8,5,12,8.512192189164612,8.584880145826887,-0.0726879566622749,0.0726879566622749
2009-08-05 18:00:00,2009,8,5,18,5.267133837706689,5.269215860825197,-0.002082023118507692,0.002082023118507692
2009-08-06 00:00:00,2009,8,6,0,5.375059956553851,5.240330344430446,0.1347296121234045,0.1347296121234045
2009-08-06 06:00:00,2009,8,6,6,5.256913295463058,5.3291086596163275,-0.0721953641532691,0.0721953641532691
2009-08-06 12:00:00,2009,8,6,12,8.71501258461649,8.442422638971594,0.2725899456448957,0.2725899456448957
2009-08-06 18:00:00,2009,8,6,18,5.520752852782989,5.3729090366360825,0.14784381614690645,0.14784381614690645
2009-08-07 00:00:00,2009,8,7,0,5.40178517543797,5.463285944509361,-0.061500769071391126,0.061500769071391126
2009-08-07 06:00:00,2009,8,7,6,5.565112423715606,5.653781385075388,-0.0886689613597822,0.0886689613597822
2009-08-07 12:00:00,2009,8,7,12,9.060469305253838,8.446544800283535,0.6139245049703028,0.6139245049703028
2009-08-07 18:00:00,2009,8,7,18,5.219164765043712,5.3293124148526,-0.11014764980888803,0.11014764980888803
2009-08-08 00:00:00,2009,8,8,0,4.447375560445416,4.949763092580908,-0.5023875321354918,0.5023875321354918
2009-08-08 06:00:00,2009,8,8,6,5.60827096199299,5.4515235101434865,0.15674745184950378,0.15674745184950378
2009-08-08 12:00:00,2009,8,8,12,7.883087172875759,8.251183265978472,-0.3680960931027135,0.3680960931027135
2009-08-08 18:00:00,2009,8,8,18,5.593119701010762,5.3374323227148786,0.2556873782958835,0.2556873782958835
2009-08-09 00:00:00,2009,8,9,0,4.998699220087604,5.08539606532973,-0.08669684524212595,0.08669684524212595
2009-08-09 06:00:00,2009,8,9,6,5.358557265114386,5.186390042566153,0.17216722254823313,0.17216722254823313
2009-08-09 12:00:00,2009,8,9,12,9.325108249589544,8.895795968071859,0.4293122815176851,0.4293122815176851
2009-08-09 18:00:00,2009,8,9,18,5.668331910109528,5.591848994916936,0.07648291519259232,0.07648291519259232
2009-08-10 00:00:00,2009,8,10,0,5.784351667932246,5.519779242342099,0.2645724255901474,0.2645724255901474
2009-08-10 06:00:00,2009,8,10,6,5.6517973582633605,5.459733952517846,0.19206340574551461,0.19206340574551461
2009-08-10 12:00:00,2009,8,10,12,8.043512325480869,8.194827581682123,-0.1513152562012543,0.1513152562012543
2009-08-10 18:00:00,2009,8,10,18,5.402465992033768,5.265330838046333,0.13713515398743503,0.13713515398743503
2009-08-11 00:00:00,2009,8,11,0,5.040165480923763,4.9315291830708965,0.10863629785286655,0.10863629785286655
2009-08-11 06:00:00,2009,8,11,6,5.9420999879965,6.036697442203252,-0.09459745420675159,0.09459745420675159
2009-08-11 12:00:00,2009,8,11,12,8.660259903684569,8.859623941744362,-0.19936403805979275,0.19936403805979275
2009-08-11 18:00:00,2009,8,11,18,5.397874216170944,5.276332518058773,0.1215416981121713,0.1215416981121713
2009-08-12 00:00:00,2009,8,12,0,5.567173671760577,5.245116147808276,0.32205752395230114,0.32205752395230114
2009-08-12 06:00:00,2009,8,12,6,5.187383411507225,5.378627754958825,-0.1912443434515998,0.1912443434515998
2009-08-12 12:00:00,2009,8,12,12,8.395170985086603,8.597475920960935,-0.20230493587433251,0.20230493587433251
2009-08-12 18:00:00,2009,8,12,18,5.292466350072196,5.455176136602643,-0.16270978653044654,0.16270978653044654
2009-08-13 00:00:00,2009,8,13,0,5.2571084440337685,5.329567164891856,-0.07245872085808713,0.07245872085808713
2009-08-13 06:00:00,2009,8,13,6,5.480960392026045,5.618096849802989,-0.13713645777694428,0.13713645777694428
2009-08-13 12:00:00,2009,8,13,12,8.519204684333616,8.583801764754742,-0.06459708042112666,0.06459708042112666
2009-08-13 18:00:00,2009,8,13,18,5.213513750977967,5.233675102737303,-0.0201613517593362,0.0201613517593362
2009-08-14 00:00:00,2009,8,14,0,4.981518024808652,4.989776824981003,-0.008258800172350256,0.008258800172350256
2009-08-14 06:00:00,2009,8,14,6,4.998993557851417,5.257588779367716,-0.2585952215162992,0.2585952215162992
2009-08-14 12:00:00,2009,8,14,12,8.666519527869662,8.390733174746893,0.27578635312276845,0.27578635312276845
2009-08-14 18:00:00,2009,8,14,18,5.963916151044161,6.112075071174343,-0.1481589201301814,0.1481589201301814
2009-08-15 00:00:00,2009,8,15,0,5.381969569304354,5.336210377272766,0.0457591920315874,0.0457591920315874
2009-08-15 06:00:00,2009,8,15,6,5.301198486168718,5.387555587692344,-0.08635710152362641,0.08635710152362641
2009-08-15 12:00:00,2009,8,15,12,8.481770190929279,8.264717610561844,0.2170525803674348,0.2170525803674348
2009-08-15 18:00:00,2009,8,15,18,5.582444198485426,5.486125899794006,0.09631829869142017,0.09631829869142017
2009-08-16 00:00:00,2009,8,16,0,5.616220153618224,5.239693658312475,0.37652649530574944,0.37652649530574944
2009-08-16 06:00:00,2009,8,16,6,5.155723362573742,5.262725340436519,-0.10700197786277688,0.10700197786277688
2009-08-16 12:00:00,2009,8,16,12,8.244123769569626,8.257375614463744,-0.013251844894117681,0.013251844894117681
2009-08-16 18:00:00,2009,8,16,18,5.403865614759352,5.197509434622492,0.20635618013685963,0.20635618013685963
2009-08-17 00:00:00,2009,8,17,0,4.685912833307129,4.724261765657958,-0.03834893235082859,0.03834893235082859
2009-08-17 06:00:00,2009,8,17,6,5.021223462962267,5.135584408430879,-0.11436094546861231,0.11436094546861231
2009-08-17 12:00:00,2009,8,17,12,8.295121336177873,8.458667798674053,-0.1635464624961802,0.1635464624961802
2009-08-17 18:00:00,2009,8,17,18,5.36895541924043,5.384726008542649,-0.015770589302219307,0.015770589302219307
2009-08-18 00:00:00,2009,8,18,0,4.979802218053026,4.949575862829136,0.03022635522388928,0.03022635522388928
2009-08-18 06:00:00,2009,8,18,6,6.878336667273344,6.257205009025693,0.6211316582476512,0.6211316582476512
2009-08-18 12:00:00,2009,8,18,12,8.450723477411717,8.551062740869696,-0.10033926345797894,0.10033926345797894
2009-08-18 18:00:00,2009,8,18,18,5.200954985940761,5.275017919159381,-0.07406293321861934,0.07406293321861934
2009-08-19 00:00:00,2009,8,19,0,5.15087906352699,5.000033163825108,0.15084589970188134,0.15084589970188134
2009-08-19 06:00:00,2009,8,19,6,5.6390609525629065,5.659019720870025,-0.01995876830711829,0.01995876830711829
2009-08-19 12:00:00,2009,8,19,12,8.602502427611771,8.446847052021326,0.1556553755904453,0.1556553755904453
2009-08-19 18:00:00,2009,8,19,18,5.323460675474778,5.336115843195788,-0.012655167721010052,0.012655167721010052
2009-08-20 00:00:00,2009,8,20,0,4.894233548224272,4.706776870488258,0.18745667773601404,0.18745667773601404
2009-08-20 06:00:00,2009,8,20,6,5.201489417961006,5.495747166930675,-0.2942577489696694,0.2942577489696694
2009-08-20 12:00:00,2009,8,20,12,9.133939271332608,8.767463201906061,0.36647606942654676,0.36647606942654676
2009-08-20 18:00:00,2009,8,20,18,5.6473383505225145,5.864404309897048,-0.21706595937453343,0.21706595937453343
2009-08-21 00:00:00,2009,8,21,0,5.530048607598986,5.452317336960846,0.07773127063814034,0.07773127063814034
2009-08-21 06:00:00,2009,8,21,6,6.099333347293793,5.731839542861296,0.36749380443249713,0.36749380443249713
2009-08-21 12:00:00,2009,8,21,12,8.97869168600384,8.67709975303368,0.30159193297015996,0.30159193297015996
2009-08-21 18:00:00,2009,8,21,18,5.415496217185474,5.311561012828266,0.10393520435720838,0.10393520435720838
2009-08-22 00:00:00,2009,8,22,0,5.386781446319899,5.048668175509332,0.33811327081056763,0.33811327081056763
2009-08-22 06:00:00,2009,8,22,6,5.795648856307092,5.523693593369007,0.2719552629380848,0.2719552629380848
2009-08-22 12:00:00,2009,8,22,12,8.076854235616498,8.191227542599538,-0.11437330698304038,0.11437330698304038
2009-08-22 18:00:00,2009,8,22,18,5.759746057408671,5.70928341065852,0.05046264675015166,0.05046264675015166
2009-08-23 00:00:00,2009,8,23,0,5.049588066214638,5.180930548886322,-0.13134248267168402,0.13134248267168402
2009-08-23 06:00:00,2009,8,23,6,5.431500659920005,5.500634103155441,-0.06913344323543669,0.06913344323543669
2009-08-23 12:00:00,2009,8,23,12,8.185915164694485,8.181730626591735,0.004184538102750324,0.004184538102750324
2009-08-23 18:00:00,2009,8,23,18,5.23445127714228,5.3908180613372565,-0.15636678419497674,0.15636678419497674
2009-08-24 00:00:00,2009,8,24,0,4.999956139903293,5.112640200846262,-0.11268406094296957,0.11268406094296957
2009-08-24 06:00:00,2009,8,24,6,5.95783890542217,5.580309551051831,0.3775293543703393,0.3775293543703393
2009-08-24 12:00:00,2009,8,24,12,7.825708556886808,7.84849504239169,-0.022786485504881604,0.022786485504881604
2009-08-24 18:00:00,2009,8,24,18,5.432184600014364,5.688462130170328,-0.25627753015596433,0.25627753015596433
2009-08-25 00:00:00,2009,8,25,0,5.288146692462126,5.249095973284984,0.03905071917714231,0.03905071917714231
2009-08-25 06:00:00,2009,8,25,6,5.525397941848884,5.791341790813389,-0.26594384896450496,0.26594384896450496
2009-08-25 12:00:00,2009,8,25,12,8.306529062253675,8.252895011895463,0.05363405035821245,0.05363405035821245
2009-08-25 18:00:00,2009,8,25,18,5.435884946428727,5.289734243346155,0.14615070308257216,0.14615070308257216
2009-08-26 00:00:00,2009,8,26,0,5.360120904019773,4.774604470558993,0.5855164334607803,0.5855164334607803
2009-08-26 06:00:00,2009,8,26,6,5.67724980620482,5.485834806174359,0.19141500003046108,0.19141500003046108
2009-08-26 12:00:00,2009,8,26,12,8.001140045801419,8.13553741147608,-0.1343973656746602,0.1343973656746602
2009-08-26 18:00:00,2009,8,26,18,5.018815074389449,5.062838400223691,-0.04402332583424151,0.04402332583424151
2009-08-27 00:00:00,2009,8,27,0,5.1957850648886845,5.269607786866046,-0.07382272197736128,0.07382272197736128
2009-08-27 06:00:00,2009,8,27,6,5.6088999464367815,5.488184902638154,0.12071504379862752,0.12071504379862752
2009-08-27 12:00:00,2009,8,27,12,7.875809827066543,8.406113640612183,-0.5303038135456406,0.5303038135456406
2009-08-27 18:00:00,2009,8,27,18,5.822798345569926,5.64070167281411,0.18209667275581598,0.18209667275581598
2009-08-28 00:00:00,2009,8,28,0,5.065395388794639,5.072215611702987,-0.00682022290834805,0.00682022290834805
2009-08-28 06:00:00,2009,8,28,6,5.608225890696279,5.514928994739524,0.0932968959567555,0.0932968959567555
2009-08-28 12:00:00,2009,8,28,12,8.092066731532352,8.048423018354384,0.04364371317796767,0.04364371317796767
2009-08-28 18:00:00,2009,8,28,18,5.6239572381310525,5.463731599511866,0.16022563861918648,0.16022563861918648
2009-08-29 00:00:00,2009,8,29,0,5.665697041887967,5.6104177822621475,0.055279259625819144,0.055279259625819144
2009-08-29 06:00:00,2009,8,29,6,5.81791347803551,6.02288471144611,-0.20497123341060064,0.20497123341060064
2009-08-29 12:00:00,2009,8,29,12,8.339882496929391,8.27654814468422,0.06333435224517103,0.06333435224517103
2009-08-29 18:00:00,2009,8,29,18,5.457410788783604,5.470678325958536,-0.01326753717493201,0.01326753717493201
2009-08-30 00:00:00,2009,8,30,0,4.915330178702437,4.885716036370047,0.029614142332389903,0.029614142332389903
2009-08-30 06:00:00,2009,8,30,6,4.593592636292193,5.105607829969871,-0.5120151936776773,0.5120151936776773
2009-08-30 12:00:00,2009,8,30,12,8.101351398105368,8.082239751409135,0.01911164669623311,0.01911164669623311
2009-08-30 18:00:00,2009,8,30,18,5.358148909484238,5.340022350316862,0.018126559167376044,0.018126559167376044
2009-08-31 00:00:00,2009,8,31,0,4.731506986609771,4.650031259289759,0.0814757273200124,0.0814757273200124
2009-08-31 06:00:00,2009,8,31,6,5.64615696921228,5.850531539029508,-0.20437456981722857,0.20437456981722857
2009-08-31 12:00:00,2009,8,31,12,8.643267829322616,8.170948118872412,0.47231971045020416,0.47231971045020416
2009-08-31 18:00:00,2009,8,31,18,5.873678347035483,5.787620858638659,0.0860574883968237,0.0860574883968237
2009-09-01 00:00:00,2009,9,1,0,5.020517222801459,4.842058025373886,0.1784591974275731,0.1784591974275731
2009-09-01 06:00:00,2009,9,1,6,5.721254830395092,5.421564082441499,0.2996907479535933,0.2996907479535933
2009-09-01 12:00:00,2009,9,1,12,8.439254926236643,8.172105586439864,0.267149339796779,0.267149339796779
2009-09-01 18:00:00,2009,9,1,18,5.265552849216768,5.2863615526092875,-0.020808703392519945,0.020808703392519945
2009-09-02 00:00:00,2009,9,2,0,5.360187162168959,5.074258826866962,0.285928335301997,0.285928335301997
2009-09-02 06:00:00,2009,9,2,6,5.268457772822878,5.458063358323267,-0.18960558550038886,0.18960558550038886
2009-09-02 12:00:00,2009,9,2,12,8.403144007576866,8.201765483920525,0.20137852365634146,0.20137852365634146
2009-09-02 18:00:00,2009,9,2,18,5.070338025739908,5.279253962474576,-0.2089159367346678,0.2089159367346678
2009-09-03 00:00:00,2009,9,3,0,4.982548536230433,4.945824705360596,0.036723830869837215,0.036723830869837215
2009-09-03 06:00:00,2009,9,3,6,5.2584934867847855,5.372640327300693,-0.1141468405159074,0.1141468405159074
2009-09-03 12:00:00,2009,9,3,12,7.834712229647955,8.039460247153901,-0.2047480175059455,0.2047480175059455
2009-09-03 18:00:00,2009,9,3,18,4.827075720862228,5.2621067262508525,-0.43503100538862416,0.43503100538862416
2009-09-04 00:00:00,2009,9,4,0,5.446587057578123,5.123032243351655,0.32355481422646815,0.32355481422646815
2009-09-04 06:00:00,2009,9,4,6,5.00427541454679,5.217685772804975,-0.21341035825818544,0.21341035825818544
2009-09-04 12:00:00,2009,9,4,12,8.046923284720663,8.04841448351026,-0.001491198789597803,0.001491198789597803
2009-09-04 18:00:00,2009,9,4,18,5.338879707873772,5.4589085453366435,-0.12002883746287107,0.12002883746287107
2009-09-05 00:00:00,2009,9,5,0,5.465179943199455,5.229536823394559,0.23564311980489627,0.23564311980489627
2009-09-05 06:00:00,2009,9,5,6,5.072139776910989,5.471251366323623,-0.3991115894126338,0.3991115894126338
2009-09-05 12:00:00,2009,9,5,12,8.570513040406132,8.530288896880176,0.040224143525955824,0.040224143525955824
2009-09-05 18:00:00,2009,9,5,18,5.889079968739179,5.180230877060958,0.7088490916782213,0.7088490916782213
2009-09-06 00:00:00,2009,9,6,0,5.687966642800079,5.388123508373829,0.29984313442625066,0.29984313442625066
2009-09-06 06:00:00,2009,9,6,6,4.960105528766726,5.122459730438134,-0.16235420167140813,0.16235420167140813
2009-09-06 12:00:00,2009,9,6,12,7.937915352814312,7.713640011029996,0.22427534178431596,0.22427534178431596
2009-09-06 18:00:00,2009,9,6,18,5.365635221721153,5.487615630753808,-0.1219804090326555,0.1219804090326555
2009-09-07 00:00:00,2009,9,7,0,5.104932555675637,4.946384875150754,0.1585476805248831,0.1585476805248831
2009-09-07 06:00:00,2009,9,7,6,5.160043593529903,5.25372982812716,-0.09368623459725622,0.09368623459725622
2009-09-07 12:00:00,2009,9,7,12,8.439842984633204,8.407033026637235,0.032809957995969086,0.032809957995969086
2009-09-07 18:00:00,2009,9,7,18,5.460396710336841,5.339447614270637,0.1209490960662043,0.1209490960662043
2009-09-08 00:00:00,2009,9,8,0,4.903688090756882,4.99888747740614,-0.09519938664925842,0.09519938664925842
2009-09-08 06:00:00,2009,9,8,6,5.29741369115288,5.410211930004612,-0.1127982388517319,0.1127982388517319
2009-09-08 12:00:00,2009,9,8,12,7.84326215964655,7.748075511573953,0.09518664807259736,0.09518664807259736
2009-09-08 18:00:00,2009,9,8,18,5.691750955662403,5.62968959594694,0.06206135971546356,0.06206135971546356
2009-09-09 00:00:00,2009,9,9,0,5.184869469574039,5.106118289952314,0.07875117962172506,0.07875117962172506
2009-09-09 06:00:00,2009,9,9,6,5.737322707446023,5.586858773364012,0.15046393408201109,0.15046393408201109
2009-09-09 12:00:00,2009,9,9,12,7.530583009659497,7.9217475393511085,-0.3911645296916113,0.3911645296916113
2009-09-09 18:00:00,2009,9,9,18,5.167120396330454,5.565177333430335,-0.39805693709988077,0.39805693709988077
2009-09-10 00:00:00,2009,9,10,0,4.76706509230079,4.747749547347629,0.01931554495316057,0.01931554495316057
2009-09-10 06:00:00,2009,9,10,6,5.746090333244245,5.398463893047789,0.34762644019645617,0.34762644019645617
2009-09-10 12:00:00,2009,9,10,12,8.191496909914656,8.167236275189731,0.024260634724925012,0.024260634724925012
2009-09-10 18:00:00,2009,9,10,18,5.456261886418756,5.665333425916203,-0.2090715394974474,0.2090715394974474
2009-09-11 00:00:00,2009,9,11,0,4.379008169579164,4.797879586435748,-0.41887141685658413,0.41887141685658413
2009-09-11 06:00:00,2009,9,11,6,6.091149516424445,6.058142152437728,0.033007363986716776,0.033007363986716776
2009-09-11 12:00:00,2009,9,11,12,8.027532664737787,8.478242323936383,-0.45070965919859596,0.45070965919859596
2009-09-11 18:00:00,2009,9,11,18,5.25069888915877,5.352529765402517,-0.10183087624374743,0.10183087624374743
2009-09-12 00:00:00,2009,9,12,0,4.802407801774239,4.826268089991841,-0.023860288217602665,0.023860288217602665
2009-09-12 06:00:00,2009,9,12,6,4.693975831573286,5.300691472890329,-0.6067156413170434,0.6067156413170434
2009-09-12 12:00:00,2009,9,12,12,8.053120022397456,8.18386026837499,-0.13074024597753464,0.13074024597753464
2009-09-12 18:00:00,2009,9,12,18,5.504898601587155,5.135367576743102,0.3695310248440533,0.3695310248440533
2009-09-13 00:00:00,2009,9,13,0,5.713928949591078,5.1139246663392015,0.6000042832518764,0.6000042832518764
2009-09-13 06:00:00,2009,9,13,6,5.806581961212378,5.506029839652666,0.30055212155971134,0.30055212155971134
2009-09-13 12:00:00,2009,9,13,12,7.846850583824175,7.969623133042569,-0.12277254921839464,0.12277254921839464
2009-09-13 18:00:00,2009,9,13,18,6.445888009594792,6.062036466041367,0.38385154355342443,0.38385154355342443
2009-09-14 00:00:00,2009,9,14,0,4.470442491493187,4.782956967795386,-0.31251447630219875,0.31251447630219875
2009-09-14 06:00:00,2009,9,14,6,5.114493547197861,5.3233009678215355,-0.20880742062367474,0.20880742062367474
2009-09-14 12:00:00,2009,9,14,12,7.937731735927793,7.888931642959312,0.04880009296848087,0.04880009296848087
2009-09-14 18:00:00,2009,9,14,18,6.029515728473155,5.778840665713647,0.250675062759508,0.250675062759508
2009-09-15 00:00:00,2009,9,15,0,5.129631592527832,5.3454232364947485,-0.21579164396691652,0.21579164396691652
2009-09-15 06:00:00,2009,9,15,6,5.191798052363515,5.165920009920053,0.025878042443461702,0.025878042443461702
2009-09-15 12:00:00,2009,9,15,12,7.634940729186279,7.7737191381783175,-0.13877840899203875,0.13877840899203875
2009-09-15 18:00:00,2009,9,15,18,5.596389554516822,5.312386172460137,0.2840033820566852,0.2840033820566852
2009-09-16 00:00:00,2009,9,16,0,4.815476363772137,4.709822314307786,0.1056540494643512,0.1056540494643512
2009-09-16 06:00:00,2009,9,16,6,5.088187427490929,5.260205467882291,-0.17201804039136182,0.17201804039136182
2009-09-16 12:00:00,2009,9,16,12,8.381275820263783,8.39594664319431,-0.014670822930527905,0.014670822930527905
2009-09-16 18:00:00,2009,9,16,18,5.3285700835147605,5.2881527082580995,0.040417375256661,0.040417375256661
2009-09-17 00:00:00,2009,9,17,0,4.563941153868884,4.5315849349781345,0.03235621889074913,0.03235621889074913
2009-09-17 06:00:00,2009,9,17,6,5.003931950520252,5.210607236916556,-0.20667528639630373,0.20667528639630373
2009-09-17 12:00:00,2009,9,17,12,7.717756077282674,7.812305363739353,-0.0945492864566786,0.0945492864566786
2009-09-17 18:00:00,2009,9,17,18,5.144506256449398,5.4718386308269915,-0.3273323743775931,0.3273323743775931
2009-09-18 00:00:00,2009,9,18,0,4.506866317099244,4.5646520476543895,-0.05778573055514524,0.05778573055514524
2009-09-18 06:00:00,2009,9,18,6,5.598955263022525,5.498972955635967,0.09998230738655778,0.09998230738655778
2009-09-18 12:00:00,2009,9,18,12,7.881998082856336,8.081204072967306,-0.19920599011097018,0.19920599011097018
2009-09-18 18:00:00,2009,9,18,18,5.016171910617935,5.1490835964811925,-0.13291168586325774,0.13291168586325774
2009-09-19 00:00:00,2009,9,19,0,4.944516559910756,4.711636900610837,0.23287965929991916,0.23287965929991916
2009-09-19 06:00:00,2009,9,19,6,5.066518341311784,5.10199492259187,-0.03547658128008635,0.03547658128008635
2009-09-19 12:00:00,2009,9,19,12,7.572560415813789,7.6058840134431165,-0.03332359762932757,0.03332359762932757
2009-09-19 18:00:00,2009,9,19,18,4.772075675535976,5.124004978627977,-0.35192930309200143,0.35192930309200143
2009-09-20 00:00:00,2009,9,20,0,4.929765012287907,4.899168985050815,0.03059602723709265,0.03059602723709265
2009-09-20 06:00:00,2009,9,20,6,5.355531083650707,5.280009845721774,0.07552123792893273,0.07552123792893273
2009-09-20 12:00:00,2009,9,20,12,7.604537992780841,7.599381166617846,0.005156826162995287,0.005156826162995287
2009-09-20 18:00:00,2009,9,20,18,5.516893366940702,5.505739572515346,0.011153794425355912,0.011153794425355912
2009-09-21 00:00:00,2009,9,21,0,4.385895425163534,4.5915213009294495,-0.2056258757659153,0.2056258757659153
2009-09-21 06:00:00,2009,9,21,6,5.429741078464573,5.442039269217453,-0.012298190752879634,0.012298190752879634
2009-09-21 12:00:00,2009,9,21,12,7.897776495486648,8.083607805586764,-0.18583131010011655,0.18583131010011655
2009-09-21 18:00:00,2009,9,21,18,5.143764671583352,5.380863140929804,-0.23709846934645196,0.23709846934645196
2009-09-22 00:00:00,2009,9,22,0,4.641990928050585,4.660070646231212,-0.018079718180627147,0.018079718180627147
2009-09-22 06:00:00,2009,9,22,6,5.215847369682189,5.141675650234183,0.07417171944800582,0.07417171944800582
2009-09-22 12:00:00,2009,9,22,12,8.45280861162107,8.069616996605259,0.3831916150158108,0.3831916150158108
2009-09-22 18:00:00,2009,9,22,18,5.435756942224697,4.888808334517182,0.546948607707515,0.546948607707515
2009-09-23 00:00:00,2009,9,23,0,4.779352327200021,4.8438796639013795,-0.06452733670135835,0.06452733670135835
2009-09-23 06:00:00,2009,9,23,6,5.493361169657207,5.334749647419156,0.15861152223805064,0.15861152223805064
2009-09-23 12:00:00,2009,9,23,12,7.768873385187609,7.570580272569733,0.1982931126178764,0.1982931126178764
2009-09-23 18:00:00,2009,9,23,18,5.154973267253344,5.326634069721959,-0.17166080246861526,0.17166080246861526
2009-09-24 00:00:00,2009,9,24,0,4.508690121403489,4.627073661541742,-0.11838354013825292,0.11838354013825292
2009-09-24 06:00:00,2009,9,24,6,5.332819942952751,5.152562113060216,0.18025782989253525,0.18025782989253525
2009-09-24 12:00:00,2009,9,24,12,7.557755854823855,7.4994207455778366,0.058335109246018035,0.058335109246018035
2009-09-24 18:00:00,2009,9,24,18,5.442344030851679,5.288316230889748,0.1540277999619306,0.1540277999619306
2009-09-25 00:00:00,2009,9,25,0,4.517074907375672,4.562370723131311,-0.04529581575563846,0.04529581575563846
2009-09-25 06:00:00,2009,9,25,6,5.078625941153147,5.102173117484588,-0.023547176331440767,0.023547176331440767
2009-09-25 12:00:00,2009,9,25,12,7.551228884212503,7.752691877252406,-0.201462993039903,0.201462993039903
2009-09-25 18:00:00,2009,9,25,18,5.180708286352138,5.476224434783423,-0.29551614843128515,0.29551614843128515
2009-09-26 00:00:00,2009,9,26,0,5.271362014300138,4.870242728366368,0.40111928593376955,0.40111928593376955
2009-09-26 06:00:00,2009,9,26,6,5.739034586221084,6.0544642779083135,-0.31542969168722923,0.31542969168722923
2009-09-26 12:00:00,2009,9,26,12,8.086345804594908,7.745751737006275,0.34059406758863275,0.34059406758863275
2009-09-26 18:00:00,2009,9,26,18,5.351687772959988,5.19575709569497,0.15593067726501797,0.15593067726501797
2009-09-27 00:00:00,2009,9,27,0,4.508386802758188,4.558445378498577,-0.05005857574038952,0.05005857574038952
2009-09-27 06:00:00,2009,9,27,6,5.2620062717234655,5.06800819387292,0.19399807785054524,0.19399807785054524
2009-09-27 12:00:00,2009,9,27,12,7.303399678166703,7.186473401112289,0.11692627705441438,0.11692627705441438
2009-09-27 18:00:00,2009,9,27,18,5.07734939157768,5.178942754619194,-0.10159336304151356,0.10159336304151356
2009-09-28 00:00:00,2009,9,28,0,4.653614500485031,4.7347901186563925,-0.08117561817136121,0.08117561817136121
2009-09-28 06:00:00,2009,9,28,6,5.127554234094187,4.905307717394732,0.22224651669945494,0.22224651669945494
2009-09-28 12:00:00,2009,9,28,12,7.238127732801572,7.577206301950404,-0.33907856914883183,0.33907856914883183
2009-09-28 18:00:00,2009,9,28,18,4.839365144335083,5.340780381277669,-0.5014152369425853,0.5014152369425853
2009-09-29 00:00:00,2009,9,29,0,4.8927174894432905,4.732410716249005,0.16030677319428577,0.16030677319428577
2009-09-29 06:00:00,2009,9,29,6,5.008525262832831,5.022314747796567,-0.013789484963735887,0.013789484963735887
2009-09-29 12:00:00,2009,9,29,12,7.61498483860305,7.4691588813949075,0.1458259572081424,0.1458259572081424
2009-09-29 18:00:00,2009,9,29,18,4.734181758303334,5.026111418424513,-0.2919296601211787,0.2919296601211787
2009-09-30 00:00:00,2009,9,30,0,4.510022110635486,4.648881913052271,-0.13885980241678553,0.13885980241678553
2009-09-30 06:00:00,2009,9,30,6,5.199672952776114,4.965317111667965,0.23435584110814833,0.23435584110814833
2009-09-30 12:00:00,2009,9,30,12,7.314262023987162,7.272356708828446,0.04190531515871587,0.04190531515871587
2009-09-30 18:00:00,2009,9,30,18,5.154647357582212,5.238605001588547,-0.08395764400633521,0.08395764400633521
2009-10-01 00:00:00,2009,10,1,0,4.123527871967036,4.641971451948617,-0.5184435799815814,0.5184435799815814
2009-10-01 06:00:00,2009,10,1,6,5.309388434789689,5.02823105671112,0.2811573780785688,0.2811573780785688
2009-10-01 12:00:00,2009,10,1,12,7.377089888747198,7.245790623825139,0.13129926492205968,0.13129926492205968
2009-10-01 18:00:00,2009,10,1,18,5.062262146625811,4.915881286141302,0.14638086048450827,0.14638086048450827
2009-10-02 00:00:00,2009,10,2,0,4.709703812993869,4.613628774079262,0.09607503891460656,0.09607503891460656
2009-10-02 06:00:00,2009,10,2,6,4.638519887032212,4.922091618341411,-0.2835717313091992,0.2835717313091992
2009-10-02 12:00:00,2009,10,2,12,7.483828335297286,7.485462010557624,-0.0016336752603383076,0.0016336752603383076
2009-10-02 18:00:00,2009,10,2,18,5.183489183315484,5.43048278134781,-0.24699359803232568,0.24699359803232568
2009-10-03 00:00:00,2009,10,3,0,4.61422985555317,4.597274402627705,0.01695545292546452,0.01695545292546452
2009-10-03 06:00:00,2009,10,3,6,4.381274399284489,4.796592805113382,-0.41531840582889235,0.41531840582889235
2009-10-03 12:00:00,2009,10,3,12,6.958612281046674,7.248864580188023,-0.29025229914134876,0.29025229914134876
2009-10-03 18:00:00,2009,10,3,18,5.2527799668964255,4.9548926317989395,0.297887335097486,0.297887335097486
2009-10-04 00:00:00,2009,10,4,0,4.20565300020807,4.4912573691827555,-0.28560436897468566,0.28560436897468566
2009-10-04 06:00:00,2009,10,4,6,4.622305742163407,4.742036525545285,-0.11973078338187815,0.11973078338187815
2009-10-04 12:00:00,2009,10,4,12,7.462134577271724,7.361363630575361,0.10077094669636288,0.10077094669636288
2009-10-04 18:00:00,2009,10,4,18,5.451490512255024,5.261434369711466,0.19005614254355763,0.19005614254355763
2009-10-05 00:00:00,2009,10,5,0,4.445217165656335,4.2658671674706605,0.17934999818567476,0.17934999818567476
2009-10-05 06:00:00,2009,10,5,6,5.108201999089274,5.009149358221595,0.0990526408676784,0.0990526408676784
2009-10-05 12:00:00,2009,10,5,12,6.77292226840752,7.05557536443804,-0.28265309603052025,0.28265309603052025
2009-10-05 18:00:00,2009,10,5,18,4.633883406775044,4.719302723078714,-0.08541931630367028,0.08541931630367028
2009-10-06 00:00:00,2009,10,6,0,4.57963272830892,4.612207993626294,-0.03257526531737387,0.03257526531737387
2009-10-06 06:00:00,2009,10,6,6,5.4580764158676445,5.152978556857833,0.3050978590098117,0.3050978590098117
2009-10-06 12:00:00,2009,10,6,12,7.052082114900529,7.3051763107456065,-0.25309419584507786,0.25309419584507786
2009-10-06 18:00:00,2009,10,6,18,5.074929165458912,4.811831003217093,0.26309816224181937,0.26309816224181937
2009-10-07 00:00:00,2009,10,7,0,4.306997698683672,4.638276199913876,-0.3312785012302042,0.3312785012302042
2009-10-07 06:00:00,2009,10,7,6,4.971710950754535,5.008982192060547,-0.03727124130601123,0.03727124130601123
2009-10-07 12:00:00,2009,10,7,12,7.045177577018944,7.2832987300760985,-0.2381211530571541,0.2381211530571541
2009-10-07 18:00:00,2009,10,7,18,4.930317800776171,5.024071195374413,-0.09375339459824161,0.09375339459824161
2009-10-08 00:00:00,2009,10,8,0,4.610949647882458,4.457325567794396,0.15362408008806128,0.15362408008806128
2009-10-08 06:00:00,2009,10,8,6,5.163930522670795,5.143194404946227,0.02073611772456818,0.02073611772456818
2009-10-08 12:00:00,2009,10,8,12,7.35450080247459,7.195225102013298,0.1592757004612917,0.1592757004612917
2009-10-08 18:00:00,2009,10,8,18,4.955456696447453,5.09359136496411,-0.13813466851665623,0.13813466851665623
2009-10-09 00:00:00,2009,10,9,0,4.089938127081748,4.410639437102318,-0.3207013100205698,0.3207013100205698
2009-10-09 06:00:00,2009,10,9,6,4.658319106147789,4.904411002273072,-0.24609189612528315,0.24609189612528315
2009-10-09 12:00:00,2009,10,9,12,7.352219237770011,7.2357784338416025,0.11644080392840817,0.11644080392840817
2009-10-09 18:00:00,2009,10,9,18,4.660321677675453,4.746159523273883,-0.08583784559843011,0.08583784559843011
2009-10-10 00:00:00,2009,10,10,0,4.509774750841616,4.497561304530528,0.012213446311087672,0.012213446311087672
2009-10-10 06:00:00,2009,10,10,6,4.850995403900063,4.64782796713772,0.20316743676234328,0.20316743676234328
2009-10-10 12:00:00,2009,10,10,12,6.346651419196391,6.842724542759604,-0.496073123563213,0.496073123563213
2009-10-10 18:00:00,2009,10,10,18,4.720435345732785,4.870740065822749,-0.15030472008996387,0.15030472008996387
2009-10-11 00:00:00,2009,10,11,0,4.535087249112069,4.4566221221588735,0.07846512695319507,0.07846512695319507
2009-10-11 06:00:00,2009,10,11,6,4.921443333520497,4.970810387420392,-0.049367053899895375,0.049367053899895375
2009-10-11 12:00:00,2009,10,11,12,7.156700665474774,7.071171111507713,0.08552955396706086,0.08552955396706086
2009-10-11 18:00:00,2009,10,11,18,5.126756123274482,4.992903485655499,0.13385263761898258,0.13385263761898258
2009-10-12 00:00:00,2009,10,12,0,4.686770371043933,4.7772901930908755,-0.09051982204694298,0.09051982204694298
2009-10-12 06:00:00,2009,10,12,6,4.675149439824633,4.617786171636134,0.05736326818849857,0.05736326818849857
2009-10-12 12:00:00,2009,10,12,12,6.557945784695652,7.080332482130527,-0.5223866974348752,0.5223866974348752
2009-10-12 18:00:00,2009,10,12,18,5.128020137300581,4.8037926660634,0.3242274712371813,0.3242274712371813
2009-10-13 00:00:00,2009,10,13,0,4.51439636042682,4.122895813338926,0.39150054708789384,0.39150054708789384
2009-10-13 06:00:00,2009,10,13,6,4.891301015741548,4.977703967356899,-0.08640295161535061,0.08640295161535061
2009-10-13 12:00:00,2009,10,13,12,7.199252516106832,7.07149427355776,0.12775824254907242,0.12775824254907242
2009-10-13 18:00:00,2009,10,13,18,4.953151586331564,5.073151326500654,-0.11999974016909043,0.11999974016909043
2009-10-14 00:00:00,2009,10,14,0,4.36819876915229,4.2231914900440275,0.1450072791082624,0.1450072791082624
2009-10-14 06:00:00,2009,10,14,6,4.711628846410811,4.8475189762150634,-0.13589012980425252,0.13589012980425252
2009-10-14 12:00:00,2009,10,14,12,7.39955670293144,7.1069153408973325,0.2926413620341073,0.2926413620341073
2009-10-14 18:00:00,2009,10,14,18,4.709912752448035,4.986533407626726,-0.27662065517869117,0.27662065517869117
2009-10-15 00:00:00,2009,10,15,0,4.302546115260697,4.492837894594539,-0.19029177933384123,0.19029177933384123
2009-10-15 06:00:00,2009,10,15,6,4.13038227594743,4.52370697714411,-0.39332470119668006,0.39332470119668006
2009-10-15 12:00:00,2009,10,15,12,6.997989501970147,6.93228512086166,0.0657043811084872,0.0657043811084872
2009-10-15 18:00:00,2009,10,15,18,4.270023228469169,4.678766572291972,-0.40874334382280253,0.40874334382280253
2009-10-16 00:00:00,2009,10,16,0,4.0239530050299175,4.214514570044827,-0.19056156501490928,0.19056156501490928
2009-10-16 06:00:00,2009,10,16,6,4.623518526051362,4.6424745158298455,-0.01895598977848323,0.01895598977848323
2009-10-16 12:00:00,2009,10,16,12,6.526075604175326,6.783579102158785,-0.25750349798345873,0.25750349798345873
2009-10-16 18:00:00,2009,10,16,18,5.24958196092917,4.709555475397217,0.5400264855319534,0.5400264855319534
2009-10-17 00:00:00,2009,10,17,0,4.343632759117424,4.282818543146859,0.06081421597056558,0.06081421597056558
2009-10-17 06:00:00,2009,10,17,6,4.411309735552186,4.534856776062116,-0.12354704050992993,0.12354704050992993
2009-10-17 12:00:00,2009,10,17,12,7.181038837187298,6.858799475414387,0.3222393617729109,0.3222393617729109
2009-10-17 18:00:00,2009,10,17,18,4.729308953402091,4.94526809688827,-0.21595914348617917,0.21595914348617917
2009-10-18 00:00:00,2009,10,18,0,4.419395793314735,4.163345045120809,0.2560507481939265,0.2560507481939265
2009-10-18 06:00:00,2009,10,18,6,4.520511896886683,4.8254728486895715,-0.3049609518028884,0.3049609518028884
2009-10-18 12:00:00,2009,10,18,12,7.187649925995956,6.922878750548184,0.2647711754477715,0.2647711754477715
2009-10-18 18:00:00,2009,10,18,18,4.5647303499507945,4.726473129815855,-0.1617427798650608,0.1617427798650608
2009-10-19 00:00:00,2009,10,19,0,4.547468401507434,4.370182478228093,0.17728592327934045,0.17728592327934045
2009-10-19 06:00:00,2009,10,19,6,5.153353026773336,4.759535386742661,0.393817640030675,0.393817640030675
2009-10-19 12:00:00,2009,10,19,12,6.543316954325573,6.711490855190459,-0.16817390086488615,0.16817390086488615
2009-10-19 18:00:00,2009,10,19,18,4.693038195485448,4.692283022352653,0.0007551731327950506,0.0007551731327950506
2009-10-20 00:00:00,2009,10,20,0,4.64510322114888,4.329019071018262,0.3160841501306182,0.3160841501306182
2009-10-20 06:00:00,2009,10,20,6,4.84415713572483,4.848753745270615,-0.004596609545785668,0.004596609545785668
2009-10-20 12:00:00,2009,10,20,12,6.53450886019831,6.78157343081161,-0.24706457061330056,0.24706457061330056
2009-10-20 18:00:00,2009,10,20,18,4.418311609115704,4.404418816052673,0.013892793063030595,0.013892793063030595
2009-10-21 00:00:00,2009,10,21,0,3.6294182607925767,3.865471888736661,-0.23605362794408435,0.23605362794408435
2009-10-21 06:00:00,2009,10,21,6,4.564636945550644,4.288254239523784,0.27638270602686,0.27638270602686
2009-10-21 12:00:00,2009,10,21,12,6.713704776845195,6.797104334300633,-0.08339955745543826,0.08339955745543826
2009-10-21 18:00:00,2009,10,21,18,5.307769364790622,4.836063235098037,0.47170612969258485,0.47170612969258485
2009-10-22 00:00:00,2009,10,22,0,4.13637462830439,4.068928761992696,0.06744586631169369,0.06744586631169369
2009-10-22 06:00:00,2009,10,22,6,4.741738915977843,4.525001679886236,0.2167372360916069,0.2167372360916069
2009-10-22 12:00:00,2009,10,22,12,6.453692829761826,6.52633876052107,-0.07264593075924441,0.07264593075924441
2009-10-22 18:00:00,2009,10,22,18,4.951362078542785,4.620716048961128,0.3306460295816569,0.3306460295816569
2009-10-23 00:00:00,2009,10,23,0,4.297954743635769,4.246823434166106,0.051131309469663044,0.051131309469663044
2009-10-23 06:00:00,2009,10,23,6,4.971467373147201,4.565537854060042,0.4059295190871586,0.4059295190871586
2009-10-23 12:00:00,2009,10,23,12,6.71297343888282,6.771184432940854,-0.05821099405803398,0.05821099405803398
2009-10-23 18:00:00,2009,10,23,18,4.812816011793994,4.724286337858084,0.08852967393591005,0.08852967393591005
2009-10-24 00:00:00,2009,10,24,0,3.747029078606967,4.058168212471187,-0.31113913386421954,0.31113913386421954
2009-10-24 06:00:00,2009,10,24,6,4.835146938637368,4.860873036641683,-0.025726098004315467,0.025726098004315467
2009-10-24 12:00:00,2009,10,24,12,6.338728350456311,6.502335045899137,-0.16360669544282658,0.16360669544282658
2009-10-24 18:00:00,2009,10,24,18,4.349130016787447,4.583911711833544,-0.23478169504609703,0.23478169504609703
2009-10-25 00:00:00,2009,10,25,0,4.579889388738569,4.116892480031438,0.4629969087071313,0.4629969087071313
2009-10-25 06:00:00,2009,10,25,6,4.922932701147337,4.566087503018464,0.35684519812887316,0.35684519812887316
2009-10-25 12:00:00,2009,10,25,12,6.610545068025541,6.628706030056881,-0.018160962031339878,0.018160962031339878
2009-10-25 18:00:00,2009,10,25,18,4.332379030017052,4.284269461883808,0.04810956813324463,0.04810956813324463
2009-10-26 00:00:00,2009,10,26,0,4.179392843707098,3.942771526115128,0.23662131759197003,0.23662131759197003
2009-10-26 06:00:00,2009,10,26,6,4.319050584486366,4.392948463512086,-0.07389787902572031,0.07389787902572031
2009-10-26 12:00:00,2009,10,26,12,6.386322567905103,6.481578330278077,-0.09525576237297351,0.09525576237297351
2009-10-26 18:00:00,2009,10,26,18,4.384795810918512,4.386413161601193,-0.0016173506826806516,0.0016173506826806516
2009-10-27 00:00:00,2009,10,27,0,4.29098498402022,4.211809547343596,0.07917543667662397,0.07917543667662397
2009-10-27 06:00:00,2009,10,27,6,4.299240896584086,4.341114424930827,-0.04187352834674041,0.04187352834674041
2009-10-27 12:00:00,2009,10,27,12,6.310401936483968,6.624837294303656,-0.3144353578196881,0.3144353578196881
2009-10-27 18:00:00,2009,10,27,18,3.876651348548844,4.1111401214045715,-0.23448877285572767,0.23448877285572767
2009-10-28 00:00:00,2009,10,28,0,4.280882962169567,3.917985296481123,0.36289766568844417,0.36289766568844417
2009-10-28 06:00:00,2009,10,28,6,4.505074204565962,4.423918878112602,0.08115532645336021,0.08115532645336021
2009-10-28 12:00:00,2009,10,28,12,6.6100940819933545,6.503763664758334,0.10633041723502057,0.10633041723502057
2009-10-28 18:00:00,2009,10,28,18,4.236742483434726,4.548925947055487,-0.31218346362076144,0.31218346362076144
2009-10-29 00:00:00,2009,10,29,0,3.900252736682992,4.0523271980966875,-0.15207446141369552,0.15207446141369552
2009-10-29 06:00:00,2009,10,29,6,4.683669444402136,4.405860292791264,0.27780915161087183,0.27780915161087183
2009-10-29 12:00:00,2009,10,29,12,6.738852194224078,6.41468311506904,0.32416907915503845,0.32416907915503845
2009-10-29 18:00:00,2009,10,29,18,4.42156019637082,4.4092785237215235,0.012281672649296915,0.012281672649296915
2009-10-30 00:00:00,2009,10,30,0,3.945705327507448,3.936392421681495,0.0093129058259529,0.0093129058259529
2009-10-30 06:00:00,2009,10,30,6,4.8072498865501565,4.629036900509945,0.17821298604021152,0.17821298604021152
2009-10-30 12:00:00,2009,10,30,12,6.251632155398887,6.346359666978273,-0.09472751157938575,0.09472751157938575
2009-10-30 18:00:00,2009,10,30,18,4.158398104721422,4.417055884140306,-0.25865777941888446,0.25865777941888446
2009-10-31 00:00:00,2009,10,31,0,4.495508051953194,3.871474433012949,0.6240336189402447,0.6240336189402447
2009-10-31 06:00:00,2009,10,31,6,4.279996782343252,4.349658046343196,-0.06966126399994366,0.06966126399994366
2009-10-31 12:00:00,2009,10,31,12,6.936665840934834,6.586655570256538,0.35001027067829593,0.35001027067829593
2009-10-31 18:00:00,2009,10,31,18,4.276929738691544,4.425695173558885,-0.1487654348673404,0.1487654348673404
2009-11-01 00:00:00,2009,11,1,0,4.588526652230865,4.1366011304820685,0.4519255217487963,0.4519255217487963
2009-11-01 06:00:00,2009,11,1,6,4.669441379385633,4.306226538832546,0.36321484055308684,0.36321484055308684
2009-11-01 12:00:00,2009,11,1,12,6.407272021932243,6.400005654395549,0.007266367536694851,0.007266367536694851
2009-11-01 18:00:00,2009,11,1,18,3.877551751850888,4.306869865753424,-0.42931811390253616,0.42931811390253616
2009-11-02 00:00:00,2009,11,2,0,4.052530892402585,4.019814385006053,0.03271650739653165,0.03271650739653165
2009-11-02 06:00:00,2009,11,2,6,4.628730607394226,4.347085536503254,0.28164507089097146,0.28164507089097146
2009-11-02 12:00:00,2009,11,2,12,6.527735182045917,6.462111114344909,0.06562406770100804,0.06562406770100804
2009-11-02 18:00:00,2009,11,2,18,4.326657956107299,4.513614244188416,-0.18695628808111664,0.18695628808111664
2009-11-03 00:00:00,2009,11,3,0,3.906540667443004,3.647344177969273,0.2591964894737311,0.2591964894737311
2009-11-03 06:00:00,2009,11,3,6,4.413204304850407,4.383451571320069,0.029752733530338027,0.029752733530338027
2009-11-03 12:00:00,2009,11,3,12,6.224234083616175,6.273619205557466,-0.049385121941290855,0.049385121941290855
2009-11-03 18:00:00,2009,11,3,18,4.298839157868293,4.487561054546897,-0.1887218966786044,0.1887218966786044
2009-11-04 00:00:00,2009,11,4,0,4.257677070336215,4.302433462555679,-0.04475639221946359,0.04475639221946359
2009-11-04 06:00:00,2009,11,4,6,4.4325144797316485,4.297238672887886,0.1352758068437625,0.1352758068437625
2009-11-04 12:00:00,2009,11,4,12,6.133041433737247,6.254623384552603,-0.12158195081535528,0.12158195081535528
2009-11-04 18:00:00,2009,11,4,18,4.062439899692793,4.253721966088475,-0.19128206639568202,0.19128206639568202
2009-11-05 00:00:00,2009,11,5,0,3.722954754792703,3.715103901905608,0.007850852887095083,0.007850852887095083
2009-11-05 06:00:00,2009,11,5,6,4.087192207987724,3.978707715710618,0.10848449227710599,0.10848449227710599
2009-11-05 12:00:00,2009,11,5,12,6.501390002520634,6.345259294454872,0.15613070806576257,0.15613070806576257
2009-11-05 18:00:00,2009,11,5,18,4.221729754309675,4.018149482978296,0.20358027133137924,0.20358027133137924
2009-11-06 00:00:00,2009,11,6,0,3.5997167761847315,3.6272504190460126,-0.027533642861281127,0.027533642861281127
2009-11-06 06:00:00,2009,11,6,6,3.9690507798430152,4.370554340275833,-0.40150356043281743,0.40150356043281743
2009-11-06 12:00:00,2009,11,6,12,6.409020026346736,6.242176510656029,0.1668435156907071,0.1668435156907071
2009-11-06 18:00:00,2009,11,6,18,4.606077779971042,4.265040790837708,0.34103698913333425,0.34103698913333425
2009-11-07 00:00:00,2009,11,7,0,4.132243336605695,3.803257824074709,0.3289855125309864,0.3289855125309864
2009-11-07 06:00:00,2009,11,7,6,3.902851285560693,4.308281842304675,-0.405430556743982,0.405430556743982
2009-11-07 12:00:00,2009,11,7,12,6.317704841873674,6.427447953972884,-0.10974311209920984,0.10974311209920984
2009-11-07 18:00:00,2009,11,7,18,4.126676374866183,4.222772190268956,-0.0960958154027729,0.0960958154027729
2009-11-08 00:00:00,2009,11,8,0,3.573481203954868,3.5432714860284293,0.03020971792643845,0.03020971792643845
2009-11-08 06:00:00,2009,11,8,6,4.184937065588643,4.109875859933366,0.07506120565527663,0.07506120565527663
2009-11-08 12:00:00,2009,11,8,12,6.31206030755549,6.128081475696044,0.18397883185944597,0.18397883185944597
2009-11-08 18:00:00,2009,11,8,18,4.615950464733212,4.142311276046588,0.473639188686624,0.473639188686624
2009-11-09 00:00:00,2009,11,9,0,3.9235143895860927,3.894827038979374,0.028687350606718454,0.028687350606718454
2009-11-09 06:00:00,2009,11,9,6,4.004517557257532,3.9133521167418017,0.09116544051572983,0.09116544051572983
2009-11-09 12:00:00,2009,11,9,12,6.2067113155041085,6.148245969689315,0.05846534581479368,0.05846534581479368
2009-11-09 18:00:00,2009,11,9,18,4.152339042567513,4.026769680050031,0.1255693625174814,0.1255693625174814
2009-11-10 00:00:00,2009,11,10,0,3.401810325244789,3.342201594739631,0.059608730505158025,0.059608730505158025
2009-11-10 06:00:00,2009,11,10,6,3.6675168011325625,3.693042247564896,-0.025525446432333343,0.025525446432333343
2009-11-10 12:00:00,2009,11,10,12,6.565133616081123,6.93964796342094,-0.3745143473398169,0.3745143473398169
2009-11-10 18:00:00,2009,11,10,18,4.087947360099659,3.980068596914502,0.10787876318515721,0.10787876318515721
2009-11-11 00:00:00,2009,11,11,0,3.2901091441185564,3.4220059900342905,-0.13189684591573414,0.13189684591573414
2009-11-11 06:00:00,2009,11,11,6,4.276043902214558,4.685416096490014,-0.40937219427545646,0.40937219427545646
2009-11-11 12:00:00,2009,11,11,12,6.198121232154509,6.229988520020267,-0.03186728786575799,0.03186728786575799
2009-11-11 18:00:00,2009,11,11,18,4.343214591697071,4.516426614161866,-0.17321202246479572,0.17321202246479572
2009-11-12 00:00:00,2009,11,12,0,3.2761112193645765,3.5373190864333974,-0.26120786706882093,0.26120786706882093
2009-11-12 06:00:00,2009,11,12,6,3.981256491594853,3.858721248765113,0.12253524282973993,0.12253524282973993
2009-11-12 12:00:00,2009,11,12,12,6.18018143893499,5.93128321019722,0.24889822873776968,0.24889822873776968
2009-11-12 18:00:00,2009,11,12,18,3.704606277861264,3.849055965143658,-0.14444968728239438,0.14444968728239438
2009-11-13 00:00:00,2009,11,13,0,3.32050812482968,3.4128995845096406,-0.09239145967996043,0.09239145967996043
2009-11-13 06:00:00,2009,11,13,6,3.7457531984888046,3.651337329327056,0.09441586916174849,0.09441586916174849
2009-11-13 12:00:00,2009,11,13,12,6.407142311697787,6.114810490943331,0.2923318207544563,0.2923318207544563
2009-11-13 18:00:00,2009,11,13,18,4.077106574068457,4.0002578078089615,0.07684876625949588,0.07684876625949588
2009-11-14 00:00:00,2009,11,14,0,3.827688069162624,3.5303862191670143,0.2973018499956095,0.2973018499956095
2009-11-14 06:00:00,2009,11,14,6,4.173127895703279,4.104915371638728,0.0682125240645508,0.0682125240645508
2009-11-14 12:00:00,2009,11,14,12,5.999343764953221,6.045729317257812,-0.046385552304590405,0.046385552304590405
2009-11-14 18:00:00,2009,11,14,18,4.119023237694136,3.7251623537088423,0.3938608839852935,0.3938608839852935
2009-11-15 00:00:00,2009,11,15,0,3.157972172509768,3.3605518980925204,-0.2025797255827526,0.2025797255827526
2009-11-15 06:00:00,2009,11,15,6,3.6862531487009447,3.8098287185818216,-0.12357556988087692,0.12357556988087692
2009-11-15 12:00:00,2009,11,15,12,5.830299758988244,5.9322818426813315,-0.10198208369308759,0.10198208369308759
2009-11-15 18:00:00,2009,11,15,18,3.996482112515658,3.676871429683748,0.3196106828319101,0.3196106828319101
2009-11-16 00:00:00,2009,11,16,0,3.654487865040384,3.5324632280048633,0.12202463703552047,0.12202463703552047
2009-11-16 06:00:00,2009,11,16,6,4.311517865367136,4.074436529584733,0.23708133578240354,0.23708133578240354
2009-11-16 12:00:00,2009,11,16,12,5.498082537952806,5.810155231366439,-0.31207269341363286,0.31207269341363286
2009-11-16 18:00:00,2009,11,16,18,3.648234574256808,3.75106530592729,-0.10283073167048196,0.10283073167048196
2009-11-17 00:00:00,2009,11,17,0,3.325398170104373,3.313890653885205,0.011507516219168235,0.011507516219168235
2009-11-17 06:00:00,2009,11,17,6,3.97747989583379,3.979557412343812,-0.0020775165100221926,0.0020775165100221926
2009-11-17 12:00:00,2009,11,17,12,5.433713593649323,5.558038353387935,-0.12432475973861212,0.12432475973861212
2009-11-17 18:00:00,2009,11,17,18,3.629718644462664,3.9540622328952746,-0.32434358843261046,0.32434358843261046
2009-11-18 00:00:00,2009,11,18,0,4.191438996624139,3.664716185008757,0.5267228116153824,0.5267228116153824
2009-11-18 06:00:00,2009,11,18,6,4.020449473706703,3.6719139535660843,0.34853552014061906,0.34853552014061906
2009-11-18 12:00:00,2009,11,18,12,5.893895496062595,6.2503213266621795,-0.35642583059958444,0.35642583059958444
2009-11-18 18:00:00,2009,11,18,18,3.64161789905243,4.033592503702737,-0.391974604650307,0.391974604650307
2009-11-19 00:00:00,2009,11,19,0,4.071252699447284,4.072428291628678,-0.0011755921813936254,0.0011755921813936254
2009-11-19 06:00:00,2009,11,19,6,3.9281673561585455,3.990901499163316,-0.06273414300477054,0.06273414300477054
2009-11-19 12:00:00,2009,11,19,12,5.923843162698688,5.90503336660607,0.01880979609261768,0.01880979609261768
2009-11-19 18:00:00,2009,11,19,18,4.060127927277252,3.9058371713203113,0.15429075595694064,0.15429075595694064
2009-11-20 00:00:00,2009,11,20,0,3.2988142729005245,3.725474805834586,-0.42666053293406137,0.42666053293406137
2009-11-20 06:00:00,2009,11,20,6,3.311792394594659,3.8033807195343097,-0.4915883249396509,0.4915883249396509
2009-11-20 12:00:00,2009,11,20,12,5.573673119437281,5.642073990743542,-0.06840087130626138,0.06840087130626138
2009-11-20 18:00:00,2009,11,20,18,3.924961018083754,3.6720817104520185,0.2528793076317357,0.2528793076317357
2009-11-21 00:00:00,2009,11,21,0,3.11075473705055,3.3111094350565438,-0.20035469800599381,0.20035469800599381
2009-11-21 06:00:00,2009,11,21,6,4.005383983327688,3.6730640855015952,0.3323198978260926,0.3323198978260926
2009-11-21 12:00:00,2009,11,21,12,5.9421135987012255,6.0940004776783585,-0.15188687897713304,0.15188687897713304
2009-11-21 18:00:00,2009,11,21,18,3.857116746130691,3.921831634404042,-0.06471488827335081,0.06471488827335081
2009-11-22 00:00:00,2009,11,22,0,3.073114335343815,3.223915418516316,-0.1508010831725013,0.1508010831725013
2009-11-22 06:00:00,2009,11,22,6,3.855315141557828,3.9135763995448123,-0.058261257986984116,0.058261257986984116
2009-11-22 12:00:00,2009,11,22,12,5.648557700959698,5.939868632775021,-0.29131093181532375,0.29131093181532375
2009-11-22 18:00:00,2009,11,22,18,3.3661038162164303,3.555132689587733,-0.1890288733713028,0.1890288733713028
2009-11-23 00:00:00,2009,11,23,0,2.998738117444944,3.1319992784623785,-0.13326116101743457,0.13326116101743457
2009-11-23 06:00:00,2009,11,23,6,3.976605077451952,3.8197820671030267,0.15682301034892543,0.15682301034892543
2009-11-23 12:00:00,2009,11,23,12,5.9773109016020864,5.874848104020421,0.10246279758166565,0.10246279758166565
2009-11-23 18:00:00,2009,11,23,18,3.3688777119723947,3.4436177859872896,-0.07474007401489491,0.07474007401489491
2009-11-24 00:00:00,2009,11,24,0,2.9273523575585028,2.842880548758862,0.08447180879964078,0.08447180879964078
2009-11-24 06:00:00,2009,11,24,6,3.6801395053521815,3.777848831237958,-0.09770932588577663,0.09770932588577663
2009-11-24 12:00:00,2009,11,24,12,5.541321363199133,5.426083654275337,0.1152377089237957,0.1152377089237957
2009-11-24 18:00:00,2009,11,24,18,3.807080242597904,3.5930144185993407,0.21406582399856333,0.21406582399856333
2009-11-25 00:00:00,2009,11,25,0,2.6693208240073725,3.1421789662322586,-0.4728581422248861,0.4728581422248861
2009-11-25 06:00:00,2009,11,25,6,3.640336572241516,3.5882145056565773,0.052122066584938676,0.052122066584938676
2009-11-25 12:00:00,2009,11,25,12,5.610657311366753,5.73207668603027,-0.12141937466351749,0.12141937466351749
2009-11-25 18:00:00,2009,11,25,18,3.3872527117755125,3.614619899698807,-0.22736718792329436,0.22736718792329436
2009-11-26 00:00:00,2009,11,26,0,3.560333100920281,3.495514693078747,0.06481840784153414,0.06481840784153414
2009-11-26 06:00:00,2009,11,26,6,3.6395251546989473,3.6179509696400483,0.021574185058899076,0.021574185058899076
2009-11-26 12:00:00,2009,11,26,12,5.689202817791941,5.505428910218763,0.1837739075731779,0.1837739075731779
2009-11-26 18:00:00,2009,11,26,18,4.041258221916452,3.6929711945165744,0.34828702739987794,0.34828702739987794
2009-11-27 00:00:00,2009,11,27,0,3.535982355661861,3.2216839445934813,0.31429841106837975,0.31429841106837975
2009-11-27 06:00:00,2009,11,27,6,3.700809696439544,3.545960128481839,0.15484956795770488,0.15484956795770488
2009-11-27 12:00:00,2009,11,27,12,5.652761423613074,5.36019470486956,0.29256671874351436,0.29256671874351436
2009-11-27 18:00:00,2009,11,27,18,3.125646649102971,3.5668214703474765,-0.44117482124450547,0.44117482124450547
2009-11-28 00:00:00,2009,11,28,0,2.997680929566116,2.960952582326653,0.036728347239463055,0.036728347239463055
2009-11-28 06:00:00,2009,11,28,6,3.7152489867811695,3.462872517929223,0.25237646885194653,0.25237646885194653
2009-11-28 12:00:00,2009,11,28,12,5.25797668822638,5.390092744100852,-0.13211605587447206,0.13211605587447206
2009-11-28 18:00:00,2009,11,28,18,3.6442403794882425,3.5933485094837527,0.0508918700044898,0.0508918700044898
2009-11-29 00:00:00,2009,11,29,0,3.107543457315366,3.19042095171991,-0.08287749440454384,0.08287749440454384
2009-11-29 06:00:00,2009,11,29,6,3.549169916662599,3.5023916598903946,0.046778256772204596,0.046778256772204596
2009-11-29 12:00:00,2009,11,29,12,5.411869432069428,5.40963850170498,0.0022309303644476586,0.0022309303644476586
2009-11-29 18:00:00,2009,11,29,18,3.805544726549842,3.601949131474491,0.20359559507535074,0.20359559507535074
2009-11-30 00:00:00,2009,11,30,0,3.131169133393601,3.460437078739528,-0.32926794534592707,0.32926794534592707
2009-11-30 06:00:00,2009,11,30,6,2.9367491356127142,3.309132197372957,-0.37238306176024283,0.37238306176024283
2009-11-30 12:00:00,2009,11,30,12,5.439242042258264,5.430705920561897,0.008536121696367083,0.008536121696367083
2009-11-30 18:00:00,2009,11,30,18,3.772190289430749,3.7118756532790673,0.06031463615168153,0.06031463615168153
2009-12-01 00:00:00,2009,12,1,0,2.847646897394714,2.828791222557438,0.018855674837276126,0.018855674837276126
2009-12-01 06:00:00,2009,12,1,6,3.387050855532885,3.5960680007736,-0.20901714524071524,0.20901714524071524
2009-12-01 12:00:00,2009,12,1,12,5.093477323704778,5.397685696626751,-0.30420837292197334,0.30420837292197334
2009-12-01 18:00:00,2009,12,1,18,3.5410431832804985,3.3600091796867093,0.18103400359378918,0.18103400359378918
2009-12-02 00:00:00,2009,12,2,0,2.999877924088092,3.0232305960983807,-0.02335267201028879,0.02335267201028879
2009-12-02 06:00:00,2009,12,2,6,2.999632017927045,3.404618501313899,-0.40498648338685417,0.40498648338685417
2009-12-02 12:00:00,2009,12,2,12,5.282139142777765,5.514934944457615,-0.23279580167984992,0.23279580167984992
2009-12-02 18:00:00,2009,12,2,18,4.080768938166877,3.710601002440144,0.37016793572673246,0.37016793572673246
2009-12-03 00:00:00,2009,12,3,0,3.349721635638284,3.129631657774197,0.2200899778640868,0.2200899778640868
2009-12-03 06:00:00,2009,12,3,6,3.203490875305409,3.3840976700104033,-0.1806067947049943,0.1806067947049943
2009-12-03 12:00:00,2009,12,3,12,5.288670427682483,5.487018335947726,-0.19834790826524262,0.19834790826524262
2009-12-03 18:00:00,2009,12,3,18,3.2831296452767416,3.227761786710682,0.055367858566059525,0.055367858566059525
2009-12-04 00:00:00,2009,12,4,0,2.734012970522873,2.8452940155106945,-0.11128104498782143,0.11128104498782143
2009-12-04 06:00:00,2009,12,4,6,3.00045352896211,3.4305733738073965,-0.43011984484528654,0.43011984484528654
2009-12-04 12:00:00,2009,12,4,12,4.67528334794964,5.235728768902579,-0.5604454209529388,0.5604454209529388
2009-12-04 18:00:00,2009,12,4,18,3.322108110182921,3.56034803031677,-0.23823992013384876,0.23823992013384876
2009-12-05 00:00:00,2009,12,5,0,2.9267641707945784,3.068336155743427,-0.1415719849488486,0.1415719849488486
2009-12-05 06:00:00,2009,12,5,6,3.3296421566183634,3.3067166120835765,0.0229255445347869,0.0229255445347869
2009-12-05 12:00:00,2009,12,5,12,5.252068239447124,5.32751071993486,-0.0754424804877365,0.0754424804877365
2009-12-05 18:00:00,2009,12,5,18,3.830145182936238,3.280138709564232,0.5500064733720063,0.5500064733720063
2009-12-06 00:00:00,2009,12,6,0,2.794370455810672,2.940217388412963,-0.1458469326022911,0.1458469326022911
2009-12-06 06:00:00,2009,12,6,6,3.306295594247188,3.4865989912324316,-0.18030339698524367,0.18030339698524367
2009-12-06 12:00:00,2009,12,6,12,5.0764531877886245,5.165377051698232,-0.08892386390960727,0.08892386390960727
2009-12-06 18:00:00,2009,12,6,18,3.12422253852899,3.2093537889408754,-0.08513125041188552,0.08513125041188552
2009-12-07 00:00:00,2009,12,7,0,3.2223195815178607,3.468719303800585,-0.2463997222827241,0.2463997222827241
2009-12-07 06:00:00,2009,12,7,6,3.3132163200746594,3.0899286147620715,0.2232877053125879,0.2232877053125879
2009-12-07 12:00:00,2009,12,7,12,5.474956510431102,5.484701800256655,-0.009745289825552561,0.009745289825552561
2009-12-07 18:00:00,2009,12,7,18,3.3373776840314324,3.2797580648846236,0.0576196191468088,0.0576196191468088
2009-12-08 00:00:00,2009,12,8,0,2.775798345691871,2.866929685829681,-0.09113134013780977,0.09113134013780977
2009-12-08 06:00:00,2009,12,8,6,3.1471202694831675,3.0844610002320305,0.06265926925113696,0.06265926925113696
2009-12-08 12:00:00,2009,12,8,12,5.468882894182754,5.232514166952411,0.2363687272303432,0.2363687272303432
2009-12-08 18:00:00,2009,12,8,18,3.452468562812359,3.440621562079997,0.011847000732362112,0.011847000732362112
2009-12-09 00:00:00,2009,12,9,0,2.6452213342125948,2.947349041588588,-0.30212770737599337,0.30212770737599337
2009-12-09 06:00:00,2009,12,9,6,3.222646523031756,3.3490244034564656,-0.12637788042470977,0.12637788042470977
2009-12-09 12:00:00,2009,12,9,12,5.501798517282492,5.41773029039258,0.08406822688991245,0.08406822688991245
2009-12-09 18:00:00,2009,12,9,18,3.7527930310212976,3.3244052592263493,0.42838777179494825,0.42838777179494825
2009-12-10 00:00:00,2009,12,10,0,3.273928936848264,3.34753579099427,-0.07360685414600576,0.07360685414600576
2009-12-10 06:00:00,2009,12,10,6,3.0173029686362884,3.1235566392482403,-0.1062536706119519,0.1062536706119519
2009-12-10 12:00:00,2009,12,10,12,4.806852953778932,5.149584071575209,-0.3427311177962764,0.3427311177962764
2009-12-10 18:00:00,2009,12,10,18,3.567091349826323,3.181844635182446,0.38524671464387694,0.38524671464387694
2009-12-11 00:00:00,2009,12,11,0,2.823925932981921,2.8509211063992828,-0.026995173417361684,0.026995173417361684
2009-12-11 06:00:00,2009,12,11,6,3.0813410283073823,3.3702285724952157,-0.28888754418783336,0.28888754418783336
2009-12-11 12:00:00,2009,12,11,12,4.590957534988921,4.954869048348813,-0.36391151335989225,0.36391151335989225
2009-12-11 18:00:00,2009,12,11,18,3.2051550167573355,3.32758993850973,-0.12243492175239457,0.12243492175239457
2009-12-12 00:00:00,2009,12,12,0,2.719418020126052,2.8216202387355978,-0.1022022186095457,0.1022022186095457
2009-12-12 06:00:00,2009,12,12,6,3.2991875316061066,3.271107371948153,0.02808015965795363,0.02808015965795363
2009-12-12 12:00:00,2009,12,12,12,5.291239654637297,5.249833652333101,0.04140600230419622,0.04140600230419622
2009-12-12 18:00:00,2009,12,12,18,2.8905329215284854,2.8380483424246727,0.052484579103812656,0.052484579103812656
2009-12-13 00:00:00,2009,12,13,0,2.6066742216972822,2.790947526155742,-0.1842733044584599,0.1842733044584599
2009-12-13 06:00:00,2009,12,13,6,3.5106866705800237,3.3928750062750987,0.11781166430492496,0.11781166430492496
2009-12-13 12:00:00,2009,12,13,12,5.1050167189732605,5.066762293497406,0.03825442547585478,0.03825442547585478
2009-12-13 18:00:00,2009,12,13,18,2.9011851570538574,3.3189644338373148,-0.4177792767834574,0.4177792767834574
2009-12-14 00:00:00,2009,12,14,0,2.572340876032538,2.692163333504952,-0.11982245747241382,0.11982245747241382
2009-12-14 06:00:00,2009,12,14,6,3.215408576704148,3.0359624977190207,0.17944607898512732,0.17944607898512732
2009-12-14 12:00:00,2009,12,14,12,5.019680338492163,4.922281755120677,0.09739858337148632,0.09739858337148632
2009-12-14 18:00:00,2009,12,14,18,3.388886505664363,3.310283216752181,0.07860328891218193,0.07860328891218193
2009-12-15 00:00:00,2009,12,15,0,3.143973827066997,2.7801281414742536,0.36384568559274344,0.36384568559274344
2009-12-15 06:00:00,2009,12,15,6,3.4923437794633907,3.3105466662328933,0.1817971132304974,0.1817971132304974
2009-12-15 12:00:00,2009,12,15,12,5.350964218881734,5.428658358169278,-0.07769413928754343,0.07769413928754343
2009-12-15 18:00:00,2009,12,15,18,3.006886767903673,3.1588246928074835,-0.15193792490381064,0.15193792490381064
2009-12-16 00:00:00,2009,12,16,0,2.404051169948298,2.5283403595916014,-0.12428918964330338,0.12428918964330338
2009-12-16 06:00:00,2009,12,16,6,3.4663403515265383,3.4198961921269664,0.046444159399571916,0.046444159399571916
2009-12-16 12:00:00,2009,12,16,12,4.661969760711089,5.1592029143822105,-0.49723315367112164,0.49723315367112164
2009-12-16 18:00:00,2009,12,16,18,2.5017307285813124,3.088521413373618,-0.5867906847923057,0.5867906847923057
2009-12-17 00:00:00,2009,12,17,0,2.8313338466933256,3.0524179323855165,-0.22108408569219096,0.22108408569219096
2009-12-17 06:00:00,2009,12,17,6,3.5245783619621456,4.0266659426836995,-0.5020875807215539,0.5020875807215539
2009-12-17 12:00:00,2009,12,17,12,4.931922436425869,5.0368561714471545,-0.10493373502128556,0.10493373502128556
2009-12-17 18:00:00,2009,12,17,18,2.908126746704292,3.04131530548814,-0.13318855878384817,0.13318855878384817
2009-12-18 00:00:00,2009,12,18,0,2.316376174889549,2.92729964602107,-0.610923471131521,0.610923471131521
2009-12-18 06:00:00,2009,12,18,6,2.9997683349160487,3.292159419987221,-0.2923910850711722,0.2923910850711722
2009-12-18 12:00:00,2009,12,18,12,4.924507794940641,4.8752842138885235,0.049223581052117105,0.049223581052117105
2009-12-18 18:00:00,2009,12,18,18,2.924096782170609,2.9923222531594105,-0.06822547098880127,0.06822547098880127
2009-12-19 00:00:00,2009,12,19,0,2.544365614135839,2.2468346511899715,0.29753096294586756,0.29753096294586756
2009-12-19 06:00:00,2009,12,19,6,3.4266636964525645,3.199691815844372,0.2269718806081924,0.2269718806081924
2009-12-19 12:00:00,2009,12,19,12,5.123036672770084,5.22016976837734,-0.0971330956072558,0.0971330956072558
2009-12-19 18:00:00,2009,12,19,18,3.1321645481945075,3.1928042411046547,-0.06063969291014715,0.06063969291014715
2009-12-20 00:00:00,2009,12,20,0,2.3357552646866973,2.8217748235186484,-0.48601955883195114,0.48601955883195114
2009-12-20 06:00:00,2009,12,20,6,2.8814574667264226,2.985195526068536,-0.10373805934211333,0.10373805934211333
2009-12-20 12:00:00,2009,12,20,12,4.957714207488023,5.063399465294789,-0.10568525780676552,0.10568525780676552
2009-12-20 18:00:00,2009,12,20,18,2.9909058203877983,3.131844355836481,-0.1409385354486825,0.1409385354486825
2009-12-21 00:00:00,2009,12,21,0,2.8088474120211413,2.333296822476444,0.4755505895446972,0.4755505895446972
2009-12-21 06:00:00,2009,12,21,6,3.232371187491675,2.710190363545233,0.5221808239464423,0.5221808239464423
2009-12-21 12:00:00,2009,12,21,12,5.237038390592227,5.015996860982433,0.22104152960979384,0.22104152960979384
2009-12-21 18:00:00,2009,12,21,18,2.862718335940769,3.123879843775278,-0.2611615078345091,0.2611615078345091
2009-12-22 00:00:00,2009,12,22,0,2.947136249572728,3.245139472949031,-0.29800322337630325,0.29800322337630325
2009-12-22 06:00:00,2009,12,22,6,3.348832804019619,3.288833471331535,0.059999332688084106,0.059999332688084106
2009-12-22 12:00:00,2009,12,22,12,5.038722886824914,4.9639235880293535,0.07479929879556035,0.07479929879556035
2009-12-22 18:00:00,2009,12,22,18,3.2793848925512115,3.324874695485775,-0.04548980293456362,0.04548980293456362
2009-12-23 00:00:00,2009,12,23,0,2.656961062382096,2.707420544164748,-0.05045948178265203,0.05045948178265203
2009-12-23 06:00:00,2009,12,23,6,3.406897747175736,3.2309526639369914,0.17594508323874436,0.17594508323874436
2009-12-23 12:00:00,2009,12,23,12,4.64110548532806,4.926914413560357,-0.28580892823229664,0.28580892823229664
2009-12-23 18:00:00,2009,12,23,18,2.7167151711610904,2.788080252831523,-0.07136508167043276,0.07136508167043276
2009-12-24 00:00:00,2009,12,24,0,2.53478022491698,2.5868947717438204,-0.05211454682684025,0.05211454682684025
2009-12-24 06:00:00,2009,12,24,6,2.95783807513693,3.1236314362802484,-0.16579336114331822,0.16579336114331822
2009-12-24 12:00:00,2009,12,24,12,4.7332510630713776,4.837139715562677,-0.10388865249129964,0.10388865249129964
2009-12-24 18:00:00,2009,12,24,18,3.170643587609202,2.658349846705695,0.5122937409035067,0.5122937409035067
2009-12-25 00:00:00,2009,12,25,0,2.600119152073714,2.5801708991731265,0.019948252900587438,0.019948252900587438
2009-12-25 06:00:00,2009,12,25,6,3.5082681258034287,3.3136069094501597,0.19466121635326905,0.19466121635326905
2009-12-25 12:00:00,2009,12,25,12,4.905449019961616,4.8266814035738275,0.07876761638778884,0.07876761638778884
2009-12-25 18:00:00,2009,12,25,18,3.127824689159462,3.144712944592868,-0.01688825543340622,0.01688825543340622
2009-12-26 00:00:00,2009,12,26,0,2.18555383836474,2.4441894357728207,-0.25863559740808073,0.25863559740808073
2009-12-26 06:00:00,2009,12,26,6,3.170222883624564,3.2835753168126773,-0.11335243318811328,0.11335243318811328
2009-12-26 12:00:00,2009,12,26,12,5.521321522444558,5.076843754066715,0.44447776837784314,0.44447776837784314
2009-12-26 18:00:00,2009,12,26,18,3.017603836266044,2.856704019528971,0.16089981673707276,0.16089981673707276
2009-12-27 00:00:00,2009,12,27,0,2.7363539517577613,2.510067401739553,0.2262865500182083,0.2262865500182083
2009-12-27 06:00:00,2009,12,27,6,3.1444400946959576,2.8511364881909587,0.293303606504999,0.293303606504999
2009-12-27 12:00:00,2009,12,27,12,4.710998179346325,4.733439285123988,-0.022441105777662784,0.022441105777662784
2009-12-27 18:00:00,2009,12,27,18,2.332347406774418,2.713778223503159,-0.381430816728741,0.381430816728741
2009-12-28 00:00:00,2009,12,28,0,2.9174302733636024,2.6742381510669864,0.24319212229661602,0.24319212229661602
2009-12-28 06:00:00,2009,12,28,6,3.091143307806508,3.056864364827627,0.03427894297888123,0.03427894297888123
2009-12-28 12:00:00,2009,12,28,12,4.830539152523038,5.088389744927664,-0.25785059240462616,0.25785059240462616
2009-12-28 18:00:00,2009,12,28,18,2.804365975939541,2.8936780581909862,-0.08931208225144527,0.08931208225144527
2009-12-29 00:00:00,2009,12,29,0,2.809694563848113,2.4902734212734376,0.31942114257467535,0.31942114257467535
2009-12-29 06:00:00,2009,12,29,6,3.087195957625718,2.912859733873188,0.1743362237525301,0.1743362237525301
2009-12-29 12:00:00,2009,12,29,12,4.6196740611207305,4.7489079841694135,-0.12923392304868297,0.12923392304868297
2009-12-29 18:00:00,2009,12,29,18,2.874217757018163,2.8131621129203404,0.061055644097822714,0.061055644097822714
2009-12-30 00:00:00,2009,12,30,0,2.7526632268973814,2.6856556647679866,0.06700756212939485,0.06700756212939485
2009-12-30 06:00:00,2009,12,30,6,3.0760602897294653,2.7194432125757477,0.3566170771537176,0.3566170771537176
2009-12-30 12:00:00,2009,12,30,12,5.248548836008117,5.186544211423847,0.062004624584270474,0.062004624584270474
2009-12-30 18:00:00,2009,12,30,18,2.873986427393883,2.818886976829143,0.05509945056473997,0.05509945056473997
2009-12-31 00:00:00,2009,12,31,0,2.1302437874790785,2.4238747047230875,-0.293630917244009,0.293630917244009
2009-12-31 06:00:00,2009,12,31,6,2.763949071841888,2.907314463814706,-0.14336539197281795,0.14336539197281795
2009-12-31 12:00:00,2009,12,31,12,4.897144691031241,4.933373311953996,-0.03622862092275536,0.03622862092275536
2009-12-31 18:00:00,2009,12,31,18,3.1844046581298557,2.994050048977704,0.19035460915215152,0.19035460915215152
