datetime,year,month,day,hour,actual_modis_et_mm,predicted_modis_et_mm,residual_error,absolute_error
2006-01-01 00:00:00,2006,1,1,0,2.0467636456846816,2.211112871180528,-0.16434922549584652,0.16434922549584652
2006-01-01 06:00:00,2006,1,1,6,2.714668468036944,2.83543845511217,-0.12076998707522613,0.12076998707522613
2006-01-01 12:00:00,2006,1,1,12,4.840786972101828,5.02945374975013,-0.18866677764830175,0.18866677764830175
2006-01-01 18:00:00,2006,1,1,18,2.760544146643456,2.762296699387606,-0.0017525527441502042,0.0017525527441502042
2006-01-02 00:00:00,2006,1,2,0,2.427341373651112,2.5209660268989356,-0.09362465324782354,0.09362465324782354
2006-01-02 06:00:00,2006,1,2,6,2.7395969754532468,2.8535311216473116,-0.11393414619406483,0.11393414619406483
2006-01-02 12:00:00,2006,1,2,12,4.871867766904538,4.814925598115976,0.056942168788562064,0.056942168788562064
2006-01-02 18:00:00,2006,1,2,18,2.542768529573818,2.7809451962338168,-0.23817666665999893,0.23817666665999893
2006-01-03 00:00:00,2006,1,3,0,2.5047005576520758,2.4234886603657495,0.08121189728632627,0.08121189728632627
2006-01-03 06:00:00,2006,1,3,6,3.483170652150148,2.967609988508653,0.5155606636414949,0.5155606636414949
2006-01-03 12:00:00,2006,1,3,12,5.431441383822221,5.060843034826512,0.370598348995709,0.370598348995709
2006-01-03 18:00:00,2006,1,3,18,2.621160466381869,2.7489738433388773,-0.12781337695700845,0.12781337695700845
2006-01-04 00:00:00,2006,1,4,0,2.64364386293288,2.703005478300825,-0.05936161536794504,0.05936161536794504
2006-01-04 06:00:00,2006,1,4,6,2.785547759784862,2.5723301212230245,0.2132176385618374,0.2132176385618374
2006-01-04 12:00:00,2006,1,4,12,4.596469071429636,4.639145003928249,-0.04267593249861257,0.04267593249861257
2006-01-04 18:00:00,2006,1,4,18,3.1456271516506646,2.9017191004256335,0.24390805122503112,0.24390805122503112
2006-01-05 00:00:00,2006,1,5,0,2.0254185670637987,2.170389224022824,-0.14497065695902522,0.14497065695902522
2006-01-05 06:00:00,2006,1,5,6,3.036972955773628,3.1524028484683138,-0.11542989269468595,0.11542989269468595
2006-01-05 12:00:00,2006,1,5,12,4.913126261823301,4.772312812337596,0.14081344948570518,0.14081344948570518
2006-01-05 18:00:00,2006,1,5,18,2.7282486590540898,2.9249950868853984,-0.1967464278313087,0.1967464278313087
2006-01-06 00:00:00,2006,1,6,0,2.878121515049485,2.5414708175211462,0.33665069752833876,0.33665069752833876
2006-01-06 06:00:00,2006,1,6,6,2.766131502465487,2.5536052013706607,0.2125263010948264,0.2125263010948264
2006-01-06 12:00:00,2006,1,6,12,5.513634589036043,5.077757488024883,0.43587710101115995,0.43587710101115995
2006-01-06 18:00:00,2006,1,6,18,2.5559562877823585,2.721024940241356,-0.1650686524589977,0.1650686524589977
2006-01-07 00:00:00,2006,1,7,0,2.525628626550583,2.6294023234187724,-0.10377369686818927,0.10377369686818927
2006-01-07 06:00:00,2006,1,7,6,3.783385311603265,3.1462287323314264,0.6371565792718386,0.6371565792718386
2006-01-07 12:00:00,2006,1,7,12,4.610455424995084,5.028478750474373,-0.41802332547928867,0.41802332547928867
2006-01-07 18:00:00,2006,1,7,18,2.912372418798937,2.6489059065251856,0.2634665122737512,0.2634665122737512
2006-01-08 00:00:00,2006,1,8,0,2.447596270194737,2.4207968263377735,0.026799443856963645,0.026799443856963645
2006-01-08 06:00:00,2006,1,8,6,2.8020282091404813,2.951373551324991,-0.14934534218450946,0.14934534218450946
2006-01-08 12:00:00,2006,1,8,12,5.256746271500394,5.0298171108027745,0.22692916069761981,0.22692916069761981
2006-01-08 18:00:00,2006,1,8,18,3.099393754879497,2.8624278175776023,0.23696593730189486,0.23696593730189486
2006-01-09 00:00:00,2006,1,9,0,2.3458603963832148,2.3250456102812698,0.020814786101944982,0.020814786101944982
2006-01-09 06:00:00,2006,1,9,6,2.8519421722038585,2.790061407452805,0.06188076475105353,0.06188076475105353
2006-01-09 12:00:00,2006,1,9,12,5.067726882273755,5.027263979321493,0.04046290295226207,0.04046290295226207
2006-01-09 18:00:00,2006,1,9,18,2.922087655110806,3.0130538160609217,-0.09096616095011578,0.09096616095011578
2006-01-10 00:00:00,2006,1,10,0,2.303176020894353,2.4560588771989615,-0.15288285630460852,0.15288285630460852
2006-01-10 06:00:00,2006,1,10,6,2.525597913391161,2.7394936186669634,-0.2138957052758026,0.2138957052758026
2006-01-10 12:00:00,2006,1,10,12,5.012338525836176,4.7575570582698115,0.25478146756636466,0.25478146756636466
2006-01-10 18:00:00,2006,1,10,18,2.447432461170876,2.5964865216108985,-0.14905406044002234,0.14905406044002234
2006-01-11 00:00:00,2006,1,11,0,2.160415022246581,2.4678122898979638,-0.30739726765138276,0.30739726765138276
2006-01-11 06:00:00,2006,1,11,6,2.557295451329732,2.6790776183699387,-0.12178216704020661,0.12178216704020661
2006-01-11 12:00:00,2006,1,11,12,4.651108780491753,4.605398948035883,0.045709832455870014,0.045709832455870014
2006-01-11 18:00:00,2006,1,11,18,2.537095036814772,2.8756998734873758,-0.33860483667260377,0.33860483667260377
2006-01-12 00:00:00,2006,1,12,0,2.444356144464998,2.4505673235967067,-0.006211179131708544,0.006211179131708544
2006-01-12 06:00:00,2006,1,12,6,3.053233322156017,3.0412283821844897,0.012004939971527406,0.012004939971527406
2006-01-12 12:00:00,2006,1,12,12,4.556990096239065,4.707404498087923,-0.15041440184885868,0.15041440184885868
2006-01-12 18:00:00,2006,1,12,18,2.786067941817258,2.679636610800045,0.10643133101721292,0.10643133101721292
2006-01-13 00:00:00,2006,1,13,0,2.9797870990817152,2.388052393346562,0.5917347057351532,0.5917347057351532
2006-01-13 06:00:00,2006,1,13,6,2.7382552017273407,2.808909802334518,-0.0706546006071771,0.0706546006071771
2006-01-13 12:00:00,2006,1,13,12,4.301376223070681,4.517093317577596,-0.2157170945069149,0.2157170945069149
2006-01-13 18:00:00,2006,1,13,18,3.068317306707005,2.7943834219808945,0.2739338847261106,0.2739338847261106
2006-01-14 00:00:00,2006,1,14,0,2.3798692880894112,2.2191228232302955,0.1607464648591157,0.1607464648591157
2006-01-14 06:00:00,2006,1,14,6,2.8660669512505064,2.6299626025718474,0.23610434867865893,0.23610434867865893
2006-01-14 12:00:00,2006,1,14,12,4.839922557645747,4.7941869554505905,0.04573560219515649,0.04573560219515649
2006-01-14 18:00:00,2006,1,14,18,2.662890008452613,2.801598010335196,-0.13870800188258325,0.13870800188258325
2006-01-15 00:00:00,2006,1,15,0,2.604216753491348,2.6733686095751614,-0.06915185608381336,0.06915185608381336
2006-01-15 06:00:00,2006,1,15,6,2.7850739850394213,2.9041024749054136,-0.11902848986599235,0.11902848986599235
2006-01-15 12:00:00,2006,1,15,12,5.304379175704593,5.012704367281823,0.29167480842277005,0.29167480842277005
2006-01-15 18:00:00,2006,1,15,18,2.904969841941232,2.709317890363975,0.19565195157725723,0.19565195157725723
2006-01-16 00:00:00,2006,1,16,0,2.1392098523659224,2.5078259614477174,-0.368616109081795,0.368616109081795
2006-01-16 06:00:00,2006,1,16,6,2.421314338769037,2.5922132883224402,-0.17089894955340323,0.17089894955340323
2006-01-16 12:00:00,2006,1,16,12,5.017842936173626,4.9231564114248645,0.09468652474876116,0.09468652474876116
2006-01-16 18:00:00,2006,1,16,18,2.586122417802788,2.857625637384466,-0.2715032195816782,0.2715032195816782
2006-01-17 00:00:00,2006,1,17,0,2.683179378078328,2.694279433440684,-0.01110005536235592,0.01110005536235592
2006-01-17 06:00:00,2006,1,17,6,2.238178513681259,2.6658575025312636,-0.42767898885000477,0.42767898885000477
2006-01-17 12:00:00,2006,1,17,12,4.636628948974551,4.723280295448216,-0.08665134647366468,0.08665134647366468
2006-01-17 18:00:00,2006,1,17,18,2.93905359465121,2.978753304682999,-0.03969971003178907,0.03969971003178907
2006-01-18 00:00:00,2006,1,18,0,2.23284997590632,2.468579608712628,-0.23572963280630788,0.23572963280630788
2006-01-18 06:00:00,2006,1,18,6,2.565133592937785,2.6177242638080767,-0.05259067087029168,0.05259067087029168
2006-01-18 12:00:00,2006,1,18,12,4.832565050770637,4.717478203849873,0.11508684692076443,0.11508684692076443
2006-01-18 18:00:00,2006,1,18,18,2.6961447663224685,3.0136482300464014,-0.3175034637239329,0.3175034637239329
2006-01-19 00:00:00,2006,1,19,0,2.504725375439197,2.340863230355428,0.16386214508376895,0.16386214508376895
2006-01-19 06:00:00,2006,1,19,6,2.9802260612694025,2.752148186172119,0.2280778750972834,0.2280778750972834
2006-01-19 12:00:00,2006,1,19,12,4.481294489013551,4.583389416416867,-0.10209492740331605,0.10209492740331605
2006-01-19 18:00:00,2006,1,19,18,2.3535510128218857,2.735498600122775,-0.38194758730088907,0.38194758730088907
2006-01-20 00:00:00,2006,1,20,0,2.3334175012950324,2.4975295012866776,-0.16411199999164516,0.16411199999164516
2006-01-20 06:00:00,2006,1,20,6,2.7370336150031056,2.7411764444105486,-0.004142829407443038,0.004142829407443038
2006-01-20 12:00:00,2006,1,20,12,4.230396220245336,4.545151023468848,-0.31475480322351235,0.31475480322351235
2006-01-20 18:00:00,2006,1,20,18,2.5877355166871405,2.6584223689108435,-0.07068685222370297,0.07068685222370297
2006-01-21 00:00:00,2006,1,21,0,2.1719022436713717,2.3853769299985705,-0.2134746863271988,0.2134746863271988
2006-01-21 06:00:00,2006,1,21,6,2.733815800260808,2.750672119206578,-0.01685631894577,0.01685631894577
2006-01-21 12:00:00,2006,1,21,12,4.461793909362308,4.598378907859203,-0.13658499849689498,0.13658499849689498
2006-01-21 18:00:00,2006,1,21,18,2.7702665262661483,2.819161351460692,-0.04889482519454358,0.04889482519454358
2006-01-22 00:00:00,2006,1,22,0,2.315496969812107,2.28082937408995,0.03466759572215716,0.03466759572215716
2006-01-22 06:00:00,2006,1,22,6,2.636886264531892,2.6574975602648783,-0.020611295732986257,0.020611295732986257
2006-01-22 12:00:00,2006,1,22,12,4.914298178441465,4.591194801126544,0.32310337731492034,0.32310337731492034
2006-01-22 18:00:00,2006,1,22,18,3.239461245940963,3.0646459043003635,0.17481534164059953,0.17481534164059953
2006-01-23 00:00:00,2006,1,23,0,2.3122401799027594,2.254465357312056,0.05777482259070332,0.05777482259070332
2006-01-23 06:00:00,2006,1,23,6,2.938822270374504,2.8200572577597502,0.11876501261475392,0.11876501261475392
2006-01-23 12:00:00,2006,1,23,12,4.618612326343261,4.671821052165317,-0.05320872582205638,0.05320872582205638
2006-01-23 18:00:00,2006,1,23,18,2.7030171836487837,2.67721377855486,0.025803405093923537,0.025803405093923537
2006-01-24 00:00:00,2006,1,24,0,2.413825134134905,2.2597894341386366,0.15403569999626843,0.15403569999626843
2006-01-24 06:00:00,2006,1,24,6,2.8543984434936545,2.6964278566983673,0.1579705867952872,0.1579705867952872
2006-01-24 12:00:00,2006,1,24,12,5.299534225354653,5.014130720745542,0.28540350460911057,0.28540350460911057
2006-01-24 18:00:00,2006,1,24,18,3.023332465603744,2.953365178280124,0.06996728732362012,0.06996728732362012
2006-01-25 00:00:00,2006,1,25,0,2.5496926802263324,2.4786047286714026,0.07108795155492986,0.07108795155492986
2006-01-25 06:00:00,2006,1,25,6,2.9348866930695383,2.708847869595841,0.2260388234736972,0.2260388234736972
2006-01-25 12:00:00,2006,1,25,12,4.757002328593582,4.779502922630441,-0.022500594036859667,0.022500594036859667
2006-01-25 18:00:00,2006,1,25,18,2.3586052042275347,2.5607488206533446,-0.2021436164258099,0.2021436164258099
2006-01-26 00:00:00,2006,1,26,0,2.357739469984727,2.2206163313867706,0.13712313859795655,0.13712313859795655
2006-01-26 06:00:00,2006,1,26,6,2.60566156653133,2.5346423511450014,0.0710192153863285,0.0710192153863285
2006-01-26 12:00:00,2006,1,26,12,4.845217175986549,5.00764076210657,-0.1624235861200214,0.1624235861200214
2006-01-26 18:00:00,2006,1,26,18,2.708033585990539,2.8702378941693274,-0.16220430817878828,0.16220430817878828
2006-01-27 00:00:00,2006,1,27,0,2.013749944708576,2.0425475262814072,-0.028797581572831188,0.028797581572831188
2006-01-27 06:00:00,2006,1,27,6,2.8956572610149,2.6528455338845682,0.2428117271303316,0.2428117271303316
2006-01-27 12:00:00,2006,1,27,12,4.590977425535848,4.677844830519558,-0.08686740498371037,0.08686740498371037
2006-01-27 18:00:00,2006,1,27,18,2.179265377936511,2.5367621508854357,-0.3574967729489247,0.3574967729489247
2006-01-28 00:00:00,2006,1,28,0,2.1428141437769868,2.4273122879366276,-0.2844981441596408,0.2844981441596408
2006-01-28 06:00:00,2006,1,28,6,2.2967828903278846,2.5844424568636164,-0.28765956653573177,0.28765956653573177
2006-01-28 12:00:00,2006,1,28,12,4.480449040037999,4.794717281588222,-0.3142682415502236,0.3142682415502236
2006-01-28 18:00:00,2006,1,28,18,2.422858851629315,2.5823133636214726,-0.15945451199215777,0.15945451199215777
2006-01-29 00:00:00,2006,1,29,0,2.2928785205835216,2.3272436068263733,-0.03436508624285173,0.03436508624285173
2006-01-29 06:00:00,2006,1,29,6,2.9481005662927338,2.8458090937810296,0.10229147251170412,0.10229147251170412
2006-01-29 12:00:00,2006,1,29,12,4.883143475440188,4.673714360898968,0.20942911454122015,0.20942911454122015
2006-01-29 18:00:00,2006,1,29,18,3.10955618507312,2.8527708788612003,0.25678530621191964,0.25678530621191964
2006-01-30 00:00:00,2006,1,30,0,1.818579319665394,2.0525340958560307,-0.23395477619063665,0.23395477619063665
2006-01-30 06:00:00,2006,1,30,6,2.491306778235818,2.7076446943225334,-0.2163379160867156,0.2163379160867156
2006-01-30 12:00:00,2006,1,30,12,5.503117586868508,4.913669576005948,0.5894480108625597,0.5894480108625597
2006-01-30 18:00:00,2006,1,30,18,2.412727274510924,2.651553817507206,-0.23882654299628214,0.23882654299628214
2006-01-31 00:00:00,2006,1,31,0,2.566402911294897,2.333054742836642,0.2333481684582548,0.2333481684582548
2006-01-31 06:00:00,2006,1,31,6,2.6230045204774743,2.701905704933616,-0.07890118445614158,0.07890118445614158
2006-01-31 12:00:00,2006,1,31,12,4.890891052846204,4.7911766336362085,0.09971441920999524,0.09971441920999524
2006-01-31 18:00:00,2006,1,31,18,3.066726695033957,2.731598756393911,0.3351279386400461,0.3351279386400461
2006-02-01 00:00:00,2006,2,1,0,2.70974219383494,2.6003171994709215,0.10942499436401842,0.10942499436401842
2006-02-01 06:00:00,2006,2,1,6,2.653019099849056,2.7056098521831196,-0.052590752334063406,0.052590752334063406
2006-02-01 12:00:00,2006,2,1,12,5.451021661991237,4.8702078463568625,0.5808138156343743,0.5808138156343743
2006-02-01 18:00:00,2006,2,1,18,2.4666338545157203,2.6964634875890128,-0.22982963307329252,0.22982963307329252
2006-02-02 00:00:00,2006,2,2,0,2.332996357335637,2.1729842555745242,0.1600121017611129,0.1600121017611129
2006-02-02 06:00:00,2006,2,2,6,2.810818947109619,2.6075506749803234,0.20326827212929555,0.20326827212929555
2006-02-02 12:00:00,2006,2,2,12,4.627412802770882,4.890583730872353,-0.2631709281014709,0.2631709281014709
2006-02-02 18:00:00,2006,2,2,18,3.00464942596755,2.7957117073656126,0.20893771860193722,0.20893771860193722
2006-02-03 00:00:00,2006,2,3,0,2.6032264078379588,2.598419654709402,0.004806753128556718,0.004806753128556718
2006-02-03 06:00:00,2006,2,3,6,2.6963206939409927,2.712722154677448,-0.01640146073645532,0.01640146073645532
2006-02-03 12:00:00,2006,2,3,12,4.866664553010902,4.915879200957461,-0.04921464794655872,0.04921464794655872
2006-02-03 18:00:00,2006,2,3,18,2.625209724020849,2.474522325259017,0.15068739876183201,0.15068739876183201
2006-02-04 00:00:00,2006,2,4,0,2.4055079622784907,2.52847814552171,-0.12297018324321929,0.12297018324321929
2006-02-04 06:00:00,2006,2,4,6,3.2660597952464263,2.80451110025703,0.4615486949893963,0.4615486949893963
2006-02-04 12:00:00,2006,2,4,12,4.64197805512713,4.71323616979249,-0.07125811466535925,0.07125811466535925
2006-02-04 18:00:00,2006,2,4,18,2.962433416753705,2.6896410557878436,0.27279236096586157,0.27279236096586157
2006-02-05 00:00:00,2006,2,5,0,2.48826689895844,2.387002294720216,0.10126460423822392,0.10126460423822392
2006-02-05 06:00:00,2006,2,5,6,3.0734549567595506,2.8034044453536895,0.2700505114058611,0.2700505114058611
2006-02-05 12:00:00,2006,2,5,12,4.854349990328908,4.784280706965038,0.07006928336386942,0.07006928336386942
2006-02-05 18:00:00,2006,2,5,18,3.028121204965108,2.763420762314113,0.2647004426509949,0.2647004426509949
2006-02-06 00:00:00,2006,2,6,0,1.966051561951852,2.185681412170781,-0.2196298502189289,0.2196298502189289
2006-02-06 06:00:00,2006,2,6,6,2.73033401345604,2.5644901858689253,0.16584382758711458,0.16584382758711458
2006-02-06 12:00:00,2006,2,6,12,4.369518707830973,4.640969105249459,-0.2714503974184863,0.2714503974184863
2006-02-06 18:00:00,2006,2,6,18,2.4337172060438923,2.4486421377406677,-0.014924931696775445,0.014924931696775445
2006-02-07 00:00:00,2006,2,7,0,1.9263150549567607,2.2452308646496406,-0.3189158096928799,0.3189158096928799
2006-02-07 06:00:00,2006,2,7,6,2.477731447010416,2.5975395988929195,-0.11980815188250338,0.11980815188250338
2006-02-07 12:00:00,2006,2,7,12,4.998033561300912,5.268148054972969,-0.2701144936720574,0.2701144936720574
2006-02-07 18:00:00,2006,2,7,18,2.755275068558103,2.614762870042766,0.1405121985153368,0.1405121985153368
2006-02-08 00:00:00,2006,2,8,0,2.2051655457072923,2.1064741192019008,0.09869142650539153,0.09869142650539153
2006-02-08 06:00:00,2006,2,8,6,2.5508649732706736,2.530362674256779,0.020502299013894554,0.020502299013894554
2006-02-08 12:00:00,2006,2,8,12,4.829724161007775,4.8003223938239055,0.029401767183869332,0.029401767183869332
2006-02-08 18:00:00,2006,2,8,18,2.8121453772637524,2.625587865320931,0.18655751194282155,0.18655751194282155
2006-02-09 00:00:00,2006,2,9,0,2.5096679243281943,2.495448913135851,0.014219011192343256,0.014219011192343256
2006-02-09 06:00:00,2006,2,9,6,2.500421052879553,2.5583887155372373,-0.05796766265768438,0.05796766265768438
2006-02-09 12:00:00,2006,2,9,12,4.928106371689029,5.033924261533645,-0.10581788984461582,0.10581788984461582
2006-02-09 18:00:00,2006,2,9,18,2.966178766593714,2.5846093065195914,0.3815694600741226,0.3815694600741226
2006-02-10 00:00:00,2006,2,10,0,1.893638648391945,2.090483733012648,-0.19684508462070283,0.19684508462070283
2006-02-10 06:00:00,2006,2,10,6,2.874552812548642,2.626547494321011,0.24800531822763094,0.24800531822763094
2006-02-10 12:00:00,2006,2,10,12,4.572640276561208,4.687552470417802,-0.11491219385659335,0.11491219385659335
2006-02-10 18:00:00,2006,2,10,18,2.577575711393972,2.7005775700739374,-0.12300185867996527,0.12300185867996527
2006-02-11 00:00:00,2006,2,11,0,2.3408316833683087,2.207201628226014,0.13363005514229487,0.13363005514229487
2006-02-11 06:00:00,2006,2,11,6,2.5484144921944467,2.40790568221891,0.1405088099755365,0.1405088099755365
2006-02-11 12:00:00,2006,2,11,12,4.7453265402462455,4.636835165762612,0.10849137448363333,0.10849137448363333
2006-02-11 18:00:00,2006,2,11,18,2.750940483767065,2.6264796765730423,0.12446080719402275,0.12446080719402275
2006-02-12 00:00:00,2006,2,12,0,2.4639189213159294,2.3044327544200054,0.159486166895924,0.159486166895924
2006-02-12 06:00:00,2006,2,12,6,2.6990456651299763,2.560761445033798,0.13828422009617825,0.13828422009617825
2006-02-12 12:00:00,2006,2,12,12,4.954512397903462,4.9187229680300835,0.035789429873378964,0.035789429873378964
2006-02-12 18:00:00,2006,2,12,18,2.331414681538858,2.4067277799462414,-0.07531309840738354,0.07531309840738354
2006-02-13 00:00:00,2006,2,13,0,2.90772205860325,3.603582329840229,-0.6958602712369792,0.6958602712369792
2006-02-13 06:00:00,2006,2,13,6,2.7269710540530534,2.6274159948455624,0.09955505920749097,0.09955505920749097
2006-02-13 12:00:00,2006,2,13,12,4.791100566873895,4.974785254495723,-0.18368468762182832,0.18368468762182832
2006-02-13 18:00:00,2006,2,13,18,2.707528333619474,2.738801720349044,-0.03127338672956981,0.03127338672956981
2006-02-14 00:00:00,2006,2,14,0,2.24926145542438,2.224368200593055,0.024893254831324985,0.024893254831324985
2006-02-14 06:00:00,2006,2,14,6,2.5053198589216263,2.7287011720608154,-0.22338131313918907,0.22338131313918907
2006-02-14 12:00:00,2006,2,14,12,4.826231213299383,4.838561793269773,-0.012330579970389444,0.012330579970389444
2006-02-14 18:00:00,2006,2,14,18,2.5213128742436988,2.6535294129215066,-0.1322165386778078,0.1322165386778078
2006-02-15 00:00:00,2006,2,15,0,2.576019895407613,2.35004522883433,0.22597466657328313,0.22597466657328313
2006-02-15 06:00:00,2006,2,15,6,2.703767641262534,2.6888053998626145,0.014962241399919751,0.014962241399919751
2006-02-15 12:00:00,2006,2,15,12,5.062172039918835,4.833386045924805,0.22878599399402955,0.22878599399402955
2006-02-15 18:00:00,2006,2,15,18,3.362314769518095,2.9285332731373246,0.43378149638077046,0.43378149638077046
2006-02-16 00:00:00,2006,2,16,0,2.369554647702293,2.1259226415602006,0.24363200614209246,0.24363200614209246
2006-02-16 06:00:00,2006,2,16,6,2.2601863866595115,2.506392694249274,-0.24620630758976247,0.24620630758976247
2006-02-16 12:00:00,2006,2,16,12,4.708568696050827,4.735538267054151,-0.026969571003323978,0.026969571003323978
2006-02-16 18:00:00,2006,2,16,18,2.4407051622265024,2.747783534772245,-0.30707837254574244,0.30707837254574244
2006-02-17 00:00:00,2006,2,17,0,2.544220015058049,2.2029318303577297,0.3412881847003195,0.3412881847003195
2006-02-17 06:00:00,2006,2,17,6,3.115001080585161,2.7010862733759162,0.4139148072092449,0.4139148072092449
2006-02-17 12:00:00,2006,2,17,12,4.43697403797244,4.818534938507819,-0.38156090053537906,0.38156090053537906
2006-02-17 18:00:00,2006,2,17,18,2.8763793715100703,2.912102802044832,-0.03572343053476157,0.03572343053476157
2006-02-18 00:00:00,2006,2,18,0,2.047343492693097,2.17749833093669,-0.13015483824359286,0.13015483824359286
2006-02-18 06:00:00,2006,2,18,6,2.769551536354668,2.881021911125087,-0.11147037477041888,0.11147037477041888
2006-02-18 12:00:00,2006,2,18,12,4.535236011239038,4.812188528014608,-0.27695251677556953,0.27695251677556953
2006-02-18 18:00:00,2006,2,18,18,2.8587815991384216,2.7143529085775424,0.14442869056087915,0.14442869056087915
2006-02-19 00:00:00,2006,2,19,0,2.018870518178578,2.2842338577650017,-0.26536333958642366,0.26536333958642366
2006-02-19 06:00:00,2006,2,19,6,2.536329518264267,2.51041810615635,0.02591141210791692,0.02591141210791692
2006-02-19 12:00:00,2006,2,19,12,4.805284709863769,4.894993440472511,-0.0897087306087423,0.0897087306087423
2006-02-19 18:00:00,2006,2,19,18,2.3119567360958824,2.684307267728051,-0.37235053163216847,0.37235053163216847
2006-02-20 00:00:00,2006,2,20,0,2.0215703160616982,2.2434516730578475,-0.2218813569961493,0.2218813569961493
2006-02-20 06:00:00,2006,2,20,6,2.5384185580741634,2.850928430329498,-0.31250987225533455,0.31250987225533455
2006-02-20 12:00:00,2006,2,20,12,4.935570888112299,4.876688670749547,0.058882217362751454,0.058882217362751454
2006-02-20 18:00:00,2006,2,20,18,2.726730912976267,2.6727994807994224,0.053931432176844485,0.053931432176844485
2006-02-21 00:00:00,2006,2,21,0,2.2928286035567407,2.184175696887284,0.1086529066694566,0.1086529066694566
2006-02-21 06:00:00,2006,2,21,6,2.7407517571161297,2.6666749155337026,0.07407684158242711,0.07407684158242711
2006-02-21 12:00:00,2006,2,21,12,5.02021574197811,4.854168188598587,0.16604755337952337,0.16604755337952337
2006-02-21 18:00:00,2006,2,21,18,2.4935274504707943,2.7000101315200378,-0.2064826810492435,0.2064826810492435
2006-02-22 00:00:00,2006,2,22,0,2.1792022423234103,2.2362995027542207,-0.057097260430810426,0.057097260430810426
2006-02-22 06:00:00,2006,2,22,6,2.5779514979110734,2.7505269690323533,-0.1725754711212799,0.1725754711212799
2006-02-22 12:00:00,2006,2,22,12,4.599739873233702,4.94195767717809,-0.34221780394438817,0.34221780394438817
2006-02-22 18:00:00,2006,2,22,18,2.650781344430883,2.7829722187897588,-0.13219087435887555,0.13219087435887555
2006-02-23 00:00:00,2006,2,23,0,2.033460603515242,2.2452649748812328,-0.21180437136599073,0.21180437136599073
2006-02-23 06:00:00,2006,2,23,6,2.5194523489419964,2.579059929559681,-0.059607580617684786,0.059607580617684786
2006-02-23 12:00:00,2006,2,23,12,5.291948207022597,5.144853350819448,0.14709485620314933,0.14709485620314933
2006-02-23 18:00:00,2006,2,23,18,2.5899797100476287,2.6837876702703927,-0.09380796022276394,0.09380796022276394
2006-02-24 00:00:00,2006,2,24,0,2.155277888791791,2.325636644293532,-0.17035875550174095,0.17035875550174095
2006-02-24 06:00:00,2006,2,24,6,2.8964688048977267,2.914341834139946,-0.01787302924221912,0.01787302924221912
2006-02-24 12:00:00,2006,2,24,12,5.157455178090492,5.2883806089246965,-0.13092543083420427,0.13092543083420427
2006-02-24 18:00:00,2006,2,24,18,2.5806107830743508,2.7310683318296256,-0.15045754875527484,0.15045754875527484
2006-02-25 00:00:00,2006,2,25,0,2.732408059091967,2.3501064157999747,0.3823016432919921,0.3823016432919921
2006-02-25 06:00:00,2006,2,25,6,2.7127980887374483,2.5842671906489394,0.12853089808850893,0.12853089808850893
2006-02-25 12:00:00,2006,2,25,12,4.892509312697144,4.830358428053727,0.062150884643417115,0.062150884643417115
2006-02-25 18:00:00,2006,2,25,18,2.73997979111668,2.786546043167338,-0.04656625205065801,0.04656625205065801
2006-02-26 00:00:00,2006,2,26,0,2.381450980104404,2.530565206597062,-0.14911422649265793,0.14911422649265793
2006-02-26 06:00:00,2006,2,26,6,2.642430328832712,2.838986227752564,-0.19655589891985237,0.19655589891985237
2006-02-26 12:00:00,2006,2,26,12,4.941930515071821,5.091924562886527,-0.14999404781470638,0.14999404781470638
2006-02-26 18:00:00,2006,2,26,18,2.852933324386945,2.8522265477862536,0.0007067766006914056,0.0007067766006914056
2006-02-27 00:00:00,2006,2,27,0,2.0376715729445616,2.4615638735787746,-0.423892300634213,0.423892300634213
2006-02-27 06:00:00,2006,2,27,6,3.3485006504581434,2.981395906733966,0.36710474372417723,0.36710474372417723
2006-02-27 12:00:00,2006,2,27,12,5.322391261627237,5.302914564632491,0.019476696994745524,0.019476696994745524
2006-02-27 18:00:00,2006,2,27,18,2.6624444829920773,2.766140604806176,-0.1036961218140986,0.1036961218140986
2006-02-28 00:00:00,2006,2,28,0,2.577736146325191,2.2959235300439467,0.2818126162812442,0.2818126162812442
2006-02-28 06:00:00,2006,2,28,6,2.881152380241612,2.822815374644013,0.058337005597599134,0.058337005597599134
2006-02-28 12:00:00,2006,2,28,12,5.224568349541288,4.883117919343572,0.3414504301977157,0.3414504301977157
2006-02-28 18:00:00,2006,2,28,18,2.8509712151991247,2.8996474194127018,-0.0486762042135771,0.0486762042135771
2006-03-01 00:00:00,2006,3,1,0,2.6752871814181685,2.5318170228212913,0.14347015859687717,0.14347015859687717
2006-03-01 06:00:00,2006,3,1,6,2.449741873830229,2.7432577021139855,-0.29351582828375644,0.29351582828375644
2006-03-01 12:00:00,2006,3,1,12,5.2333766392016585,5.300765831825219,-0.06738919262356013,0.06738919262356013
2006-03-01 18:00:00,2006,3,1,18,2.450521425664739,2.534954842227863,-0.08443341656312375,0.08443341656312375
2006-03-02 00:00:00,2006,3,2,0,2.5413072420662357,2.428536889900867,0.11277035216536868,0.11277035216536868
2006-03-02 06:00:00,2006,3,2,6,2.66754778573737,2.735697272881599,-0.06814948714422897,0.06814948714422897
2006-03-02 12:00:00,2006,3,2,12,4.865591784069088,4.867387925793228,-0.001796141724139666,0.001796141724139666
2006-03-02 18:00:00,2006,3,2,18,2.9871464056260315,2.7152998319644923,0.2718465736615392,0.2718465736615392
2006-03-03 00:00:00,2006,3,3,0,2.5082190776763755,2.3112218970309315,0.19699718064544403,0.19699718064544403
2006-03-03 06:00:00,2006,3,3,6,2.8829770905586085,2.779008902777869,0.10396818778073946,0.10396818778073946
2006-03-03 12:00:00,2006,3,3,12,5.534014869315969,5.4338299184058805,0.10018495091008894,0.10018495091008894
2006-03-03 18:00:00,2006,3,3,18,2.675595648076242,2.5847325695520156,0.09086307852422637,0.09086307852422637
2006-03-04 00:00:00,2006,3,4,0,2.349331768990541,2.3753571332712795,-0.02602536428073865,0.02602536428073865
2006-03-04 06:00:00,2006,3,4,6,2.761203165661831,2.9124966244765385,-0.15129345881470746,0.15129345881470746
2006-03-04 12:00:00,2006,3,4,12,5.3998670449827575,5.28170785669794,0.11815918828481742,0.11815918828481742
2006-03-04 18:00:00,2006,3,4,18,2.389291175218725,2.7308175721772474,-0.3415263969585225,0.3415263969585225
2006-03-05 00:00:00,2006,3,5,0,2.7585700184073154,2.3821911333135946,0.37637888509372086,0.37637888509372086
2006-03-05 06:00:00,2006,3,5,6,3.0415789204924297,3.0545440079093837,-0.012965087416954013,0.012965087416954013
2006-03-05 12:00:00,2006,3,5,12,5.511381185190131,5.5557766795899415,-0.04439549439981061,0.04439549439981061
2006-03-05 18:00:00,2006,3,5,18,2.91277405083105,3.022472986239912,-0.10969893540886222,0.10969893540886222
2006-03-06 00:00:00,2006,3,6,0,2.7283190514625693,2.449529962525489,0.2787890889370801,0.2787890889370801
2006-03-06 06:00:00,2006,3,6,6,2.851117812089192,2.6808822366562315,0.1702355754329603,0.1702355754329603
2006-03-06 12:00:00,2006,3,6,12,5.026952261705691,5.008569766031572,0.018382495674119426,0.018382495674119426
2006-03-06 18:00:00,2006,3,6,18,3.084760344100419,2.9159280478935106,0.16883229620690843,0.16883229620690843
2006-03-07 00:00:00,2006,3,7,0,2.4630995455451288,2.290516083565521,0.17258346197960783,0.17258346197960783
2006-03-07 06:00:00,2006,3,7,6,2.858977249059972,2.7414814537248495,0.11749579533512255,0.11749579533512255
2006-03-07 12:00:00,2006,3,7,12,5.2843901375093925,5.2999241476940195,-0.015534010184627078,0.015534010184627078
2006-03-07 18:00:00,2006,3,7,18,2.751118229485036,2.815734773394638,-0.06461654390960225,0.06461654390960225
2006-03-08 00:00:00,2006,3,8,0,2.6406028212455106,2.4978576371954593,0.14274518405005132,0.14274518405005132
2006-03-08 06:00:00,2006,3,8,6,2.353084068840083,2.672410742866424,-0.3193266740263412,0.3193266740263412
2006-03-08 12:00:00,2006,3,8,12,5.1557842298593775,5.485415907311417,-0.32963167745203936,0.32963167745203936
2006-03-08 18:00:00,2006,3,8,18,3.403913231324379,3.0218949938161805,0.3820182375081984,0.3820182375081984
2006-03-09 00:00:00,2006,3,9,0,2.5007373361955394,2.6127456963405735,-0.11200836014503412,0.11200836014503412
2006-03-09 06:00:00,2006,3,9,6,3.340836452330586,2.9939079816844103,0.3469284706461755,0.3469284706461755
2006-03-09 12:00:00,2006,3,9,12,5.477761195127786,5.4636283228381295,0.01413287228965654,0.01413287228965654
2006-03-09 18:00:00,2006,3,9,18,2.69836150362577,2.9827202824704937,-0.2843587788447235,0.2843587788447235
2006-03-10 00:00:00,2006,3,10,0,2.66123977959207,2.4694209901128668,0.1918187894792034,0.1918187894792034
2006-03-10 06:00:00,2006,3,10,6,3.1149479455181943,3.030705839402757,0.08424210611543748,0.08424210611543748
2006-03-10 12:00:00,2006,3,10,12,5.606138843397766,5.409615328295215,0.19652351510255173,0.19652351510255173
2006-03-10 18:00:00,2006,3,10,18,2.7847899440915733,2.982121523777792,-0.19733157968621873,0.19733157968621873
2006-03-11 00:00:00,2006,3,11,0,2.690479345407046,2.5729175471456203,0.11756179826142565,0.11756179826142565
2006-03-11 06:00:00,2006,3,11,6,2.386817635999804,2.9921721851674774,-0.6053545491676733,0.6053545491676733
2006-03-11 12:00:00,2006,3,11,12,5.759351064823837,5.646340107789621,0.11301095703421549,0.11301095703421549
2006-03-11 18:00:00,2006,3,11,18,2.761101057930932,2.904479601933557,-0.14337854400262495,0.14337854400262495
2006-03-12 00:00:00,2006,3,12,0,2.706983956499043,2.474226430531261,0.2327575259677821,0.2327575259677821
2006-03-12 06:00:00,2006,3,12,6,3.21407740632206,3.0546142444204913,0.15946316190156873,0.15946316190156873
2006-03-12 12:00:00,2006,3,12,12,5.346521357317125,5.235726973495597,0.11079438382152862,0.11079438382152862
2006-03-12 18:00:00,2006,3,12,18,2.9973955638557563,2.779019141975034,0.21837642188072248,0.21837642188072248
2006-03-13 00:00:00,2006,3,13,0,3.082937052712906,2.5432027107286665,0.5397343419842393,0.5397343419842393
2006-03-13 06:00:00,2006,3,13,6,2.8690591648683483,2.879905944723256,-0.010846779854907673,0.010846779854907673
2006-03-13 12:00:00,2006,3,13,12,5.459690531336798,5.417392361510056,0.04229816982674173,0.04229816982674173
2006-03-13 18:00:00,2006,3,13,18,2.586892335956493,2.886080313921529,-0.29918797796503593,0.29918797796503593
2006-03-14 00:00:00,2006,3,14,0,2.369868459365483,2.540533940158707,-0.17066548079322397,0.17066548079322397
2006-03-14 06:00:00,2006,3,14,6,2.8823569778109066,3.04777771620739,-0.1654207383964832,0.1654207383964832
2006-03-14 12:00:00,2006,3,14,12,5.772407030936358,5.70062353495671,0.0717834959796475,0.0717834959796475
2006-03-14 18:00:00,2006,3,14,18,3.00541201871892,2.9979946148166654,0.007417403902254538,0.007417403902254538
2006-03-15 00:00:00,2006,3,15,0,2.3903769498558383,2.498741978537128,-0.10836502868128983,0.10836502868128983
2006-03-15 06:00:00,2006,3,15,6,2.6344812092738548,2.7004866265943392,-0.06600541732048448,0.06600541732048448
2006-03-15 12:00:00,2006,3,15,12,5.637155240708315,5.33998847521026,0.297166765498055,0.297166765498055
2006-03-15 18:00:00,2006,3,15,18,3.1821909412632725,3.1578069407991967,0.02438400046407585,0.02438400046407585
2006-03-16 00:00:00,2006,3,16,0,2.7399348187523045,2.478114037118872,0.26182078163343236,0.26182078163343236
2006-03-16 06:00:00,2006,3,16,6,2.7909045474464627,2.9680296776169612,-0.17712513017049858,0.17712513017049858
2006-03-16 12:00:00,2006,3,16,12,5.087205166710061,5.427459603106757,-0.3402544363966964,0.3402544363966964
2006-03-16 18:00:00,2006,3,16,18,3.251398408111911,3.074445282753312,0.17695312535859875,0.17695312535859875
2006-03-17 00:00:00,2006,3,17,0,2.798610079469534,2.7489524345414384,0.04965764492809566,0.04965764492809566
2006-03-17 06:00:00,2006,3,17,6,2.9132919500831496,2.8779360122311064,0.03535593785204316,0.03535593785204316
2006-03-17 12:00:00,2006,3,17,12,5.652410288587143,5.582584934065375,0.06982535452176819,0.06982535452176819
2006-03-17 18:00:00,2006,3,17,18,2.804595963933754,3.0228238547557704,-0.21822789082201632,0.21822789082201632
2006-03-18 00:00:00,2006,3,18,0,2.2621748585665653,2.635525677073777,-0.37335081850721163,0.37335081850721163
2006-03-18 06:00:00,2006,3,18,6,3.0855747257111954,2.896687526605,0.18888719910619534,0.18888719910619534
2006-03-18 12:00:00,2006,3,18,12,5.618202699336676,5.500289918178831,0.11791278115784465,0.11791278115784465
2006-03-18 18:00:00,2006,3,18,18,2.956816735553958,3.069754301277794,-0.11293756572383584,0.11293756572383584
2006-03-19 00:00:00,2006,3,19,0,2.2791888092603907,2.672831366620851,-0.3936425573604603,0.3936425573604603
2006-03-19 06:00:00,2006,3,19,6,3.0401859036683,3.119947459468072,-0.07976155579977195,0.07976155579977195
2006-03-19 12:00:00,2006,3,19,12,5.327409292403197,5.514648592190472,-0.18723929978727494,0.18723929978727494
2006-03-19 18:00:00,2006,3,19,18,3.2719810389382875,3.124621694464293,0.14735934447399446,0.14735934447399446
2006-03-20 00:00:00,2006,3,20,0,2.460171321851257,2.6467291465777394,-0.1865578247264823,0.1865578247264823
2006-03-20 06:00:00,2006,3,20,6,3.128699654513214,2.919608875835866,0.20909077867734815,0.20909077867734815
2006-03-20 12:00:00,2006,3,20,12,5.663878522195461,5.713793788818312,-0.049915266622851284,0.049915266622851284
2006-03-20 18:00:00,2006,3,20,18,3.3153177783872434,3.172036056547354,0.1432817218398892,0.1432817218398892
2006-03-21 00:00:00,2006,3,21,0,2.8818576763341204,2.7047604582697335,0.17709721806438683,0.17709721806438683
2006-03-21 06:00:00,2006,3,21,6,3.162480416449065,3.263387429889518,-0.10090701344045305,0.10090701344045305
2006-03-21 12:00:00,2006,3,21,12,5.677338844652056,5.585914243157115,0.09142460149494092,0.09142460149494092
2006-03-21 18:00:00,2006,3,21,18,3.078216541544049,3.0765929104995333,0.0016236310445156832,0.0016236310445156832
2006-03-22 00:00:00,2006,3,22,0,2.2954385391499,2.594700002872599,-0.2992614637226989,0.2992614637226989
2006-03-22 06:00:00,2006,3,22,6,3.372646736786736,3.2702268593063293,0.10241987748040682,0.10241987748040682
2006-03-22 12:00:00,2006,3,22,12,5.586857345870658,5.600704127188103,-0.013846781317445434,0.013846781317445434
2006-03-22 18:00:00,2006,3,22,18,2.6817596134692043,3.110586319143393,-0.4288267056741888,0.4288267056741888
2006-03-23 00:00:00,2006,3,23,0,2.5526286025348,2.785863027904329,-0.23323442536952887,0.23323442536952887
2006-03-23 06:00:00,2006,3,23,6,3.067219331433149,3.1907718103655935,-0.12355247893244448,0.12355247893244448
2006-03-23 12:00:00,2006,3,23,12,5.844441536255664,5.650501835444022,0.1939397008116419,0.1939397008116419
2006-03-23 18:00:00,2006,3,23,18,3.091897357205148,3.1905427333226513,-0.09864537611750324,0.09864537611750324
2006-03-24 00:00:00,2006,3,24,0,2.8309149674339324,2.6173801358777844,0.21353483155614805,0.21353483155614805
2006-03-24 06:00:00,2006,3,24,6,3.3262025630311607,3.130536518341733,0.19566604468942783,0.19566604468942783
2006-03-24 12:00:00,2006,3,24,12,5.536819315491846,5.589709798159763,-0.05289048266791685,0.05289048266791685
2006-03-24 18:00:00,2006,3,24,18,3.2005198193620337,3.0726440308864187,0.12787578847561498,0.12787578847561498
2006-03-25 00:00:00,2006,3,25,0,2.5257191204599194,2.6091157271113774,-0.08339660665145798,0.08339660665145798
2006-03-25 06:00:00,2006,3,25,6,3.1134059192113765,3.1417724520748473,-0.028366532863470795,0.028366532863470795
2006-03-25 12:00:00,2006,3,25,12,5.5201010372609405,5.595128025759055,-0.07502698849811473,0.07502698849811473
2006-03-25 18:00:00,2006,3,25,18,2.7393000225954407,2.922415688265966,-0.18311566567052528,0.18311566567052528
2006-03-26 00:00:00,2006,3,26,0,3.0274533790082043,2.8328993634268,0.19455401558140428,0.19455401558140428
2006-03-26 06:00:00,2006,3,26,6,3.223121109771096,3.157519958357937,0.06560115141315892,0.06560115141315892
2006-03-26 12:00:00,2006,3,26,12,6.2274560492216215,5.949999614829741,0.2774564343918806,0.2774564343918806
2006-03-26 18:00:00,2006,3,26,18,3.158460145097933,3.1044376975446455,0.054022447553287556,0.054022447553287556
2006-03-27 00:00:00,2006,3,27,0,2.902943590607602,2.852227405228273,0.050716185379329204,0.050716185379329204
2006-03-27 06:00:00,2006,3,27,6,3.11100450294168,3.013122694166383,0.09788180877529706,0.09788180877529706
2006-03-27 12:00:00,2006,3,27,12,5.710205750671344,5.581877658319078,0.12832809235226605,0.12832809235226605
2006-03-27 18:00:00,2006,3,27,18,3.5450986421701614,3.3873406156898405,0.1577580264803209,0.1577580264803209
2006-03-28 00:00:00,2006,3,28,0,2.511711753036083,2.668219229216349,-0.15650747618026628,0.15650747618026628
2006-03-28 06:00:00,2006,3,28,6,3.1024635297471588,3.06271897701272,0.03974455273443889,0.03974455273443889
2006-03-28 12:00:00,2006,3,28,12,5.712683460527705,5.713958578452235,-0.001275117924530278,0.001275117924530278
2006-03-28 18:00:00,2006,3,28,18,3.6842729100594767,3.272571820504424,0.4117010895550526,0.4117010895550526
2006-03-29 00:00:00,2006,3,29,0,2.4501084939001285,2.7700231100648938,-0.31991461616476524,0.31991461616476524
2006-03-29 06:00:00,2006,3,29,6,3.2302529526149084,2.965466761785826,0.2647861908290823,0.2647861908290823
2006-03-29 12:00:00,2006,3,29,12,6.096112595818776,5.9008035382926485,0.19530905752612782,0.19530905752612782
2006-03-29 18:00:00,2006,3,29,18,2.878010764152488,3.0352159672610375,-0.15720520310854935,0.15720520310854935
2006-03-30 00:00:00,2006,3,30,0,3.2854838414184195,2.87755995585761,0.4079238855608094,0.4079238855608094
2006-03-30 06:00:00,2006,3,30,6,2.7922643218227847,2.865342506116106,-0.07307818429332125,0.07307818429332125
2006-03-30 12:00:00,2006,3,30,12,5.665662618570859,5.680571144354867,-0.014908525784008475,0.014908525784008475
2006-03-30 18:00:00,2006,3,30,18,3.2726071341930223,3.227311137569351,0.04529599662367145,0.04529599662367145
2006-03-31 00:00:00,2006,3,31,0,2.702295373067294,2.6932486223380927,0.009046750729201136,0.009046750729201136
2006-03-31 06:00:00,2006,3,31,6,3.047229455422774,2.9373969188544224,0.10983253656835146,0.10983253656835146
2006-03-31 12:00:00,2006,3,31,12,5.576678821972537,5.812129067879379,-0.23545024590684172,0.23545024590684172
2006-03-31 18:00:00,2006,3,31,18,3.4440516378564934,3.4120644379467464,0.031987199909746966,0.031987199909746966
2006-04-01 00:00:00,2006,4,1,0,2.429503681500296,2.7628753972813205,-0.3333717157810243,0.3333717157810243
2006-04-01 06:00:00,2006,4,1,6,3.056417645370824,3.118008122638121,-0.06159047726729705,0.06159047726729705
2006-04-01 12:00:00,2006,4,1,12,5.998428279461649,5.9915761085204515,0.0068521709411975,0.0068521709411975
2006-04-01 18:00:00,2006,4,1,18,3.113886266407361,3.1294662868259744,-0.015580020418613394,0.015580020418613394
2006-04-02 00:00:00,2006,4,2,0,2.9132409630438363,2.947438773799386,-0.03419781075554962,0.03419781075554962
2006-04-02 06:00:00,2006,4,2,6,3.904917560481732,3.663581760962119,0.24133579951961304,0.24133579951961304
2006-04-02 12:00:00,2006,4,2,12,5.649639035843601,5.89614991890819,-0.24651088306458924,0.24651088306458924
2006-04-02 18:00:00,2006,4,2,18,3.2652790154815587,3.252699001318929,0.01258001416262955,0.01258001416262955
2006-04-03 00:00:00,2006,4,3,0,2.409416147315493,2.650383725777403,-0.2409675784619103,0.2409675784619103
2006-04-03 06:00:00,2006,4,3,6,3.9120365634003655,3.6740948900326695,0.237941673367696,0.237941673367696
2006-04-03 12:00:00,2006,4,3,12,6.408314844319098,6.0542727853060505,0.3540420590130475,0.3540420590130475
2006-04-03 18:00:00,2006,4,3,18,3.377280159734028,3.3893242514698723,-0.012044091735844198,0.012044091735844198
2006-04-04 00:00:00,2006,4,4,0,2.921484337628486,2.636752787396694,0.284731550231792,0.284731550231792
2006-04-04 06:00:00,2006,4,4,6,3.2045710717338687,3.0577865502352997,0.14678452149856902,0.14678452149856902
2006-04-04 12:00:00,2006,4,4,12,5.661729463037371,5.774889137521994,-0.11315967448462239,0.11315967448462239
2006-04-04 18:00:00,2006,4,4,18,3.159207390177078,3.0890842248260237,0.07012316535105434,0.07012316535105434
2006-04-05 00:00:00,2006,4,5,0,2.62263209449987,3.0073698749785187,-0.3847377804786487,0.3847377804786487
2006-04-05 06:00:00,2006,4,5,6,3.321996096532318,3.2424816864140817,0.07951441011823634,0.07951441011823634
2006-04-05 12:00:00,2006,4,5,12,6.2673290668154165,6.069465756044514,0.19786331077090225,0.19786331077090225
2006-04-05 18:00:00,2006,4,5,18,3.335792435155742,3.558878078544403,-0.22308564338866077,0.22308564338866077
2006-04-06 00:00:00,2006,4,6,0,3.1173939261830634,2.924661692838982,0.1927322333440813,0.1927322333440813
2006-04-06 06:00:00,2006,4,6,6,2.9201552551839423,3.098303958818961,-0.1781487036350189,0.1781487036350189
2006-04-06 12:00:00,2006,4,6,12,5.925635293552467,6.0171275330937215,-0.09149223954125407,0.09149223954125407
2006-04-06 18:00:00,2006,4,6,18,3.1671570606697164,3.3902052119560926,-0.22304815128637623,0.22304815128637623
2006-04-07 00:00:00,2006,4,7,0,2.789313273531376,2.7924770542866253,-0.003163780755249146,0.003163780755249146
2006-04-07 06:00:00,2006,4,7,6,3.726589177747808,3.063863706470683,0.6627254712771253,0.6627254712771253
2006-04-07 12:00:00,2006,4,7,12,6.023548560243283,6.086840496663415,-0.06329193642013209,0.06329193642013209
2006-04-07 18:00:00,2006,4,7,18,3.5465690113057136,3.5334549488204425,0.013114062485271027,0.013114062485271027
2006-04-08 00:00:00,2006,4,8,0,3.131379188049236,3.1410480204027817,-0.009668832353545653,0.009668832353545653
2006-04-08 06:00:00,2006,4,8,6,3.255741638977187,3.2874000351600206,-0.03165839618283339,0.03165839618283339
2006-04-08 12:00:00,2006,4,8,12,6.17419486683747,6.014296192322559,0.15989867451491158,0.15989867451491158
2006-04-08 18:00:00,2006,4,8,18,2.879508136241407,2.989103352378402,-0.10959521613699508,0.10959521613699508
2006-04-09 00:00:00,2006,4,9,0,2.910141526706279,2.866488200448824,0.04365332625745477,0.04365332625745477
2006-04-09 06:00:00,2006,4,9,6,3.1272680059878297,3.1823667805259097,-0.055098774538079986,0.055098774538079986
2006-04-09 12:00:00,2006,4,9,12,6.078272586766677,5.714856235573924,0.36341635119275306,0.36341635119275306
2006-04-09 18:00:00,2006,4,9,18,3.654891011563739,3.540881413388673,0.11400959817506617,0.11400959817506617
2006-04-10 00:00:00,2006,4,10,0,2.9594275134070296,2.881480525832236,0.07794698757479379,0.07794698757479379
2006-04-10 06:00:00,2006,4,10,6,3.216668754778504,3.048172223448735,0.16849653132976883,0.16849653132976883
2006-04-10 12:00:00,2006,4,10,12,6.332396476744701,6.1371462334457565,0.19525024329894425,0.19525024329894425
2006-04-10 18:00:00,2006,4,10,18,3.695137136321172,3.412568111420521,0.28256902490065094,0.28256902490065094
2006-04-11 00:00:00,2006,4,11,0,3.15825594113104,2.9406969488115102,0.21755899231952958,0.21755899231952958
2006-04-11 06:00:00,2006,4,11,6,3.609181616268588,3.3832251927961217,0.22595642347246647,0.22595642347246647
2006-04-11 12:00:00,2006,4,11,12,5.793531015892713,5.829084435200843,-0.03555341930813061,0.03555341930813061
2006-04-11 18:00:00,2006,4,11,18,3.6305655345648216,3.253392883744765,0.37717265082005635,0.37717265082005635
2006-04-12 00:00:00,2006,4,12,0,3.028778163313306,2.9293961971149276,0.09938196619837836,0.09938196619837836
2006-04-12 06:00:00,2006,4,12,6,3.395277209724887,3.2266474935764107,0.16862971614847622,0.16862971614847622
2006-04-12 12:00:00,2006,4,12,12,6.018276512686562,6.042372112439039,-0.024095599752476993,0.024095599752476993
2006-04-12 18:00:00,2006,4,12,18,3.0101957183522656,3.463193931722402,-0.45299821337013624,0.45299821337013624
2006-04-13 00:00:00,2006,4,13,0,2.8164533692553237,2.8295544679274163,-0.013101098672092526,0.013101098672092526
2006-04-13 06:00:00,2006,4,13,6,3.066256221619593,3.2576011406591054,-0.19134491903951245,0.19134491903951245
2006-04-13 12:00:00,2006,4,13,12,6.102817663053859,6.168033457508496,-0.06521579445463743,0.06521579445463743
2006-04-13 18:00:00,2006,4,13,18,3.4445153099852304,3.4950090923039014,-0.05049378231867108,0.05049378231867108
2006-04-14 00:00:00,2006,4,14,0,3.1986616812693978,2.8959277302897664,0.3027339509796314,0.3027339509796314
2006-04-14 06:00:00,2006,4,14,6,3.11893937428101,3.1031710266681665,0.015768347612843403,0.015768347612843403
2006-04-14 12:00:00,2006,4,14,12,5.8370661046256815,6.074777655636752,-0.23771155101107055,0.23771155101107055
2006-04-14 18:00:00,2006,4,14,18,2.883186885522102,3.127473632933841,-0.24428674741173895,0.24428674741173895
2006-04-15 00:00:00,2006,4,15,0,2.5438481244218303,2.8170918152666906,-0.27324369084486033,0.27324369084486033
2006-04-15 06:00:00,2006,4,15,6,3.5366087477392,3.0431602414538856,0.49344850628531445,0.49344850628531445
2006-04-15 12:00:00,2006,4,15,12,6.305578246242737,6.285959529194946,0.01961871704779128,0.01961871704779128
2006-04-15 18:00:00,2006,4,15,18,3.2674311498402617,3.5810450216242438,-0.31361387178398203,0.31361387178398203
2006-04-16 00:00:00,2006,4,16,0,2.8579950166272345,2.856737722851043,0.0012572937761916592,0.0012572937761916592
2006-04-16 06:00:00,2006,4,16,6,2.9988925410206564,3.2078007213911093,-0.2089081803704529,0.2089081803704529
2006-04-16 12:00:00,2006,4,16,12,6.052432894334834,6.075545049472282,-0.02311215513744802,0.02311215513744802
2006-04-16 18:00:00,2006,4,16,18,3.825402455644516,3.605688870443057,0.2197135852014589,0.2197135852014589
2006-04-17 00:00:00,2006,4,17,0,3.181290175428947,2.965454819324843,0.2158353561041042,0.2158353561041042
2006-04-17 06:00:00,2006,4,17,6,3.3581808891007983,3.3609995436960634,-0.002818654595265091,0.002818654595265091
2006-04-17 12:00:00,2006,4,17,12,6.4559465818778525,6.378471436922886,0.07747514495496688,0.07747514495496688
2006-04-17 18:00:00,2006,4,17,18,3.5902425236374533,3.345409620446414,0.24483290319103945,0.24483290319103945
2006-04-18 00:00:00,2006,4,18,0,2.9430028168027844,3.1358243101379597,-0.1928214933351753,0.1928214933351753
2006-04-18 06:00:00,2006,4,18,6,3.307448425033725,3.506970104141277,-0.1995216791075518,0.1995216791075518
2006-04-18 12:00:00,2006,4,18,12,6.451029615151624,6.295958627944492,0.1550709872071323,0.1550709872071323
2006-04-18 18:00:00,2006,4,18,18,3.612915739656581,3.8379930873154877,-0.22507734765890675,0.22507734765890675
2006-04-19 00:00:00,2006,4,19,0,2.8551998949283584,2.9788506047018806,-0.12365070977352222,0.12365070977352222
2006-04-19 06:00:00,2006,4,19,6,3.5432085941611065,3.5082103926983477,0.03499820146275878,0.03499820146275878
2006-04-19 12:00:00,2006,4,19,12,6.130076115724982,6.035622367879845,0.09445374784513749,0.09445374784513749
2006-04-19 18:00:00,2006,4,19,18,3.171530614026244,3.2451654313628646,-0.0736348173366208,0.0736348173366208
2006-04-20 00:00:00,2006,4,20,0,3.0903216739264803,2.8684796257040435,0.2218420482224368,0.2218420482224368
2006-04-20 06:00:00,2006,4,20,6,3.673713893834144,3.4961461008101717,0.17756779302397208,0.17756779302397208
2006-04-20 12:00:00,2006,4,20,12,5.786498484094838,6.026002890615533,-0.2395044065206955,0.2395044065206955
2006-04-20 18:00:00,2006,4,20,18,3.6274797695546384,3.5768381890594028,0.050641580495235594,0.050641580495235594
2006-04-21 00:00:00,2006,4,21,0,3.165542059462943,3.146988645766115,0.018553413696827725,0.018553413696827725
2006-04-21 06:00:00,2006,4,21,6,3.4788072393988765,3.550069074315006,-0.07126183491612936,0.07126183491612936
2006-04-21 12:00:00,2006,4,21,12,6.165710412111895,6.305959679448467,-0.14024926733657228,0.14024926733657228
2006-04-21 18:00:00,2006,4,21,18,3.7204116932169295,3.807988816194434,-0.08757712297750464,0.08757712297750464
2006-04-22 00:00:00,2006,4,22,0,2.704502560756639,2.9083897927303823,-0.20388723197374325,0.20388723197374325
2006-04-22 06:00:00,2006,4,22,6,3.4738341174592926,3.2185701327576726,0.25526398470162004,0.25526398470162004
2006-04-22 12:00:00,2006,4,22,12,6.403624410080017,6.272468023167047,0.13115638691296994,0.13115638691296994
2006-04-22 18:00:00,2006,4,22,18,3.7400572492541135,3.552967098193001,0.1870901510611125,0.1870901510611125
2006-04-23 00:00:00,2006,4,23,0,2.990399078657616,2.9520951098219146,0.03830396883570142,0.03830396883570142
2006-04-23 06:00:00,2006,4,23,6,3.287309335545153,3.4620453988801962,-0.1747360633350432,0.1747360633350432
2006-04-23 12:00:00,2006,4,23,12,5.67435462855603,6.2624217989450495,-0.5880671703890199,0.5880671703890199
2006-04-23 18:00:00,2006,4,23,18,3.588434161747661,3.357041530585719,0.23139263116194186,0.23139263116194186
2006-04-24 00:00:00,2006,4,24,0,3.214950576058614,2.8825708510310637,0.3323797250275504,0.3323797250275504
2006-04-24 06:00:00,2006,4,24,6,2.878522552225964,3.2055542877619607,-0.32703173553599685,0.32703173553599685
2006-04-24 12:00:00,2006,4,24,12,5.692641592725761,6.020106946265101,-0.32746535353934014,0.32746535353934014
2006-04-24 18:00:00,2006,4,24,18,3.2960396602420343,3.252058465936453,0.04398119430558145,0.04398119430558145
2006-04-25 00:00:00,2006,4,25,0,3.548283597800587,3.0734658453976613,0.47481775240292556,0.47481775240292556
2006-04-25 06:00:00,2006,4,25,6,3.3361708432053283,3.5305054175204806,-0.19433457431515233,0.19433457431515233
2006-04-25 12:00:00,2006,4,25,12,6.721574647179234,6.27702387733096,0.44455076984827446,0.44455076984827446
2006-04-25 18:00:00,2006,4,25,18,3.430241763965133,3.429652829412218,0.000588934552915088,0.000588934552915088
2006-04-26 00:00:00,2006,4,26,0,2.4044387635072724,2.9960704384656065,-0.5916316749583341,0.5916316749583341
2006-04-26 06:00:00,2006,4,26,6,3.40256068365026,3.1997336239828096,0.20282705966745063,0.20282705966745063
2006-04-26 12:00:00,2006,4,26,12,6.145964656243293,6.303937128710465,-0.15797247246717205,0.15797247246717205
2006-04-26 18:00:00,2006,4,26,18,3.303791336168466,3.3371248777879137,-0.03333354161944779,0.03333354161944779
2006-04-27 00:00:00,2006,4,27,0,3.213490383234072,3.21943370313809,-0.005943319904017752,0.005943319904017752
2006-04-27 06:00:00,2006,4,27,6,3.858155084037291,3.79378565531284,0.06436942872445073,0.06436942872445073
2006-04-27 12:00:00,2006,4,27,12,6.17848452658739,6.4834790758842225,-0.3049945492968327,0.3049945492968327
2006-04-27 18:00:00,2006,4,27,18,3.273559401430755,3.5036213237293414,-0.23006192229858646,0.23006192229858646
2006-04-28 00:00:00,2006,4,28,0,3.0252430400102286,3.0188589607822625,0.006384079227966133,0.006384079227966133
2006-04-28 06:00:00,2006,4,28,6,3.3164069642111653,3.5934061622755213,-0.276999198064356,0.276999198064356
2006-04-28 12:00:00,2006,4,28,12,5.981405487498377,6.271060763225603,-0.2896552757272257,0.2896552757272257
2006-04-28 18:00:00,2006,4,28,18,3.2784070868542425,3.647172627305631,-0.3687655404513883,0.3687655404513883
2006-04-29 00:00:00,2006,4,29,0,3.2527337530564795,3.0171534926514347,0.23558026040504476,0.23558026040504476
2006-04-29 06:00:00,2006,4,29,6,3.842293518976012,3.4192404004677908,0.42305311850822136,0.42305311850822136
2006-04-29 12:00:00,2006,4,29,12,6.462129434302604,6.67075057937152,-0.20862114506891594,0.20862114506891594
2006-04-29 18:00:00,2006,4,29,18,3.435475709689757,3.612977020897092,-0.17750131120733492,0.17750131120733492
2006-04-30 00:00:00,2006,4,30,0,3.490669113657128,3.4900247047858675,0.0006444088712607154,0.0006444088712607154
2006-04-30 06:00:00,2006,4,30,6,3.61917689384178,3.4923059222379513,0.12687097160382876,0.12687097160382876
2006-04-30 12:00:00,2006,4,30,12,6.198501178138823,6.368733185021188,-0.17023200688236528,0.17023200688236528
2006-04-30 18:00:00,2006,4,30,18,3.669755297896143,3.3632611252924622,0.30649417260368095,0.30649417260368095
2006-05-01 00:00:00,2006,5,1,0,3.160795363350524,3.3399023367175995,-0.17910697336707537,0.17910697336707537
2006-05-01 06:00:00,2006,5,1,6,3.5213860911411485,3.5553647848087375,-0.03397869366758899,0.03397869366758899
2006-05-01 12:00:00,2006,5,1,12,6.582174802075062,6.627860863384628,-0.045686061309566206,0.045686061309566206
2006-05-01 18:00:00,2006,5,1,18,3.278852557160441,3.5764748557967696,-0.2976222986363286,0.2976222986363286
2006-05-02 00:00:00,2006,5,2,0,3.3600235321096084,3.3661161558729855,-0.0060926237633771585,0.0060926237633771585
2006-05-02 06:00:00,2006,5,2,6,3.671986212213725,3.59287137776302,0.07911483445070466,0.07911483445070466
2006-05-02 12:00:00,2006,5,2,12,6.498375220922203,6.870818155461216,-0.3724429345390128,0.3724429345390128
2006-05-02 18:00:00,2006,5,2,18,3.6787668626728074,3.878503652319379,-0.19973678964657182,0.19973678964657182
2006-05-03 00:00:00,2006,5,3,0,3.907986802942687,3.460638229374385,0.44734857356830204,0.44734857356830204
2006-05-03 06:00:00,2006,5,3,6,3.449012245959589,3.6330105396820755,-0.18399829372248666,0.18399829372248666
2006-05-03 12:00:00,2006,5,3,12,6.402692071056563,6.489786919995011,-0.08709484893844799,0.08709484893844799
2006-05-03 18:00:00,2006,5,3,18,3.545516289645307,3.5217904316007513,0.023725858044555626,0.023725858044555626
2006-05-04 00:00:00,2006,5,4,0,3.057968710917231,3.1836738407302563,-0.12570512981302517,0.12570512981302517
2006-05-04 06:00:00,2006,5,4,6,3.28557179558937,3.6015272287628104,-0.31595543317344044,0.31595543317344044
2006-05-04 12:00:00,2006,5,4,12,6.481161410214458,6.348648146943625,0.13251326327083301,0.13251326327083301
2006-05-04 18:00:00,2006,5,4,18,3.3072553225680075,3.5280495580030036,-0.2207942354349961,0.2207942354349961
2006-05-05 00:00:00,2006,5,5,0,3.323337563439794,3.265774817916876,0.05756274552291796,0.05756274552291796
2006-05-05 06:00:00,2006,5,5,6,3.7641360569312727,3.47748959846158,0.2866464584696926,0.2866464584696926
2006-05-05 12:00:00,2006,5,5,12,6.363985226132049,6.518182001790211,-0.15419677565816237,0.15419677565816237
2006-05-05 18:00:00,2006,5,5,18,4.107265112824045,3.811525472434469,0.29573964038957623,0.29573964038957623
2006-05-06 00:00:00,2006,5,6,0,3.066483605139101,3.1290827059162596,-0.06259910077715869,0.06259910077715869
2006-05-06 06:00:00,2006,5,6,6,3.705662155931772,3.7894295499801633,-0.08376739404839117,0.08376739404839117
2006-05-06 12:00:00,2006,5,6,12,7.062399340237421,6.838587462887848,0.22381187734957386,0.22381187734957386
2006-05-06 18:00:00,2006,5,6,18,3.319173772982284,3.602240502304183,-0.2830667293218987,0.2830667293218987
2006-05-07 00:00:00,2006,5,7,0,3.1326399407916283,3.0498717429277162,0.0827681978639121,0.0827681978639121
2006-05-07 06:00:00,2006,5,7,6,3.1662275316396924,3.464107856248811,-0.2978803246091184,0.2978803246091184
2006-05-07 12:00:00,2006,5,7,12,6.910271363531193,6.753494092137785,0.15677727139340814,0.15677727139340814
2006-05-07 18:00:00,2006,5,7,18,3.716744483907433,3.9634177428853943,-0.24667325897796122,0.24667325897796122
2006-05-08 00:00:00,2006,5,8,0,3.4795285127896047,3.4834405075516477,-0.0039119947620429585,0.0039119947620429585
2006-05-08 06:00:00,2006,5,8,6,3.400396466147515,3.714393644079216,-0.313997177931701,0.313997177931701
2006-05-08 12:00:00,2006,5,8,12,6.37218612152877,6.53663091283345,-0.16444479130468004,0.16444479130468004
2006-05-08 18:00:00,2006,5,8,18,3.371737020538169,3.450213936531369,-0.07847691599320017,0.07847691599320017
2006-05-09 00:00:00,2006,5,9,0,3.4589552641733423,3.324268376701145,0.13468688747219737,0.13468688747219737
2006-05-09 06:00:00,2006,5,9,6,3.806541250127839,3.5521873082780764,0.2543539418497627,0.2543539418497627
2006-05-09 12:00:00,2006,5,9,12,6.669422939035476,6.691332000724363,-0.021909061688886844,0.021909061688886844
2006-05-09 18:00:00,2006,5,9,18,3.728273165341074,3.747871725310052,-0.01959855996897808,0.01959855996897808
2006-05-10 00:00:00,2006,5,10,0,2.903195191259172,3.118880147551416,-0.21568495629224405,0.21568495629224405
2006-05-10 06:00:00,2006,5,10,6,4.13680408860304,3.7643739719299485,0.37243011667309167,0.37243011667309167
2006-05-10 12:00:00,2006,5,10,12,6.586451506570277,6.60093675463528,-0.01448524806500373,0.01448524806500373
2006-05-10 18:00:00,2006,5,10,18,3.849072219440989,3.733185275365264,0.11588694407572486,0.11588694407572486
2006-05-11 00:00:00,2006,5,11,0,3.499834659224692,3.4617181773963455,0.03811648182834659,0.03811648182834659
2006-05-11 06:00:00,2006,5,11,6,3.812306220114339,4.026742732794251,-0.21443651267991148,0.21443651267991148
2006-05-11 12:00:00,2006,5,11,12,6.782877841930132,6.789768518653038,-0.006890676722906441,0.006890676722906441
2006-05-11 18:00:00,2006,5,11,18,3.890594309591253,3.6536402093603164,0.23695410023093677,0.23695410023093677
2006-05-12 00:00:00,2006,5,12,0,3.0033013553639485,3.2303635465738525,-0.227062191209904,0.227062191209904
2006-05-12 06:00:00,2006,5,12,6,3.75129443906831,3.6140265288855056,0.13726791018280426,0.13726791018280426
2006-05-12 12:00:00,2006,5,12,12,6.871457073631737,6.799374632234781,0.07208244139695541,0.07208244139695541
2006-05-12 18:00:00,2006,5,12,18,3.6540025785031895,3.9072475449282837,-0.2532449664250942,0.2532449664250942
2006-05-13 00:00:00,2006,5,13,0,3.5546332669118543,3.2601111044612163,0.294522162450638,0.294522162450638
2006-05-13 06:00:00,2006,5,13,6,3.878168063283116,3.7933342611811187,0.08483380210199742,0.08483380210199742
2006-05-13 12:00:00,2006,5,13,12,6.471550590202201,6.853380222047173,-0.38182963184497254,0.38182963184497254
2006-05-13 18:00:00,2006,5,13,18,3.543781057172564,3.666421351548824,-0.1226402943762599,0.1226402943762599
2006-05-14 00:00:00,2006,5,14,0,3.710939196815949,3.454655867107593,0.256283329708356,0.256283329708356
2006-05-14 06:00:00,2006,5,14,6,3.7154489898815055,3.993653349829318,-0.27820435994781256,0.27820435994781256
2006-05-14 12:00:00,2006,5,14,12,7.167493658441638,7.413332007436748,-0.24583834899510926,0.24583834899510926
2006-05-14 18:00:00,2006,5,14,18,3.3221880911499206,3.6695467164293736,-0.34735862527945294,0.34735862527945294
2006-05-15 00:00:00,2006,5,15,0,3.1807091071841693,3.4606205367943086,-0.27991142961013926,0.27991142961013926
2006-05-15 06:00:00,2006,5,15,6,4.370427084516039,4.2122194559109705,0.15820762860506843,0.15820762860506843
2006-05-15 12:00:00,2006,5,15,12,7.258861925157274,7.156373914160481,0.10248801099679294,0.10248801099679294
2006-05-15 18:00:00,2006,5,15,18,3.644089418208076,3.937839949299932,-0.293750531091856,0.293750531091856
2006-05-16 00:00:00,2006,5,16,0,3.5614031364311773,3.6898897024704893,-0.12848656603931197,0.12848656603931197
2006-05-16 06:00:00,2006,5,16,6,4.281080457895087,4.211640625821172,0.06943983207391557,0.06943983207391557
2006-05-16 12:00:00,2006,5,16,12,6.746131131181912,6.911250163682084,-0.16511903250017212,0.16511903250017212
2006-05-16 18:00:00,2006,5,16,18,3.793985001094271,3.800883875266442,-0.006898874172170721,0.006898874172170721
2006-05-17 00:00:00,2006,5,17,0,4.011439370498645,3.5917734000953656,0.4196659704032797,0.4196659704032797
2006-05-17 06:00:00,2006,5,17,6,3.648823590333395,3.7451374726734485,-0.09631388234005334,0.09631388234005334
2006-05-17 12:00:00,2006,5,17,12,7.340265736877384,7.13205013743451,0.20821559944287316,0.20821559944287316
2006-05-17 18:00:00,2006,5,17,18,3.8361041973210814,4.102079677317896,-0.26597547999681437,0.26597547999681437
2006-05-18 00:00:00,2006,5,18,0,3.265678713349693,3.3602497599618344,-0.09457104661214144,0.09457104661214144
2006-05-18 06:00:00,2006,5,18,6,4.140818274523578,4.020266240439493,0.12055203408408577,0.12055203408408577
2006-05-18 12:00:00,2006,5,18,12,7.051816956117426,7.180164604140786,-0.12834764802336007,0.12834764802336007
2006-05-18 18:00:00,2006,5,18,18,3.651594210802513,3.9057937724803815,-0.2541995616778685,0.2541995616778685
2006-05-19 00:00:00,2006,5,19,0,4.443447873541988,4.168967595266403,0.2744802782755853,0.2744802782755853
2006-05-19 06:00:00,2006,5,19,6,4.044306267519691,4.102942034859511,-0.05863576733982079,0.05863576733982079
2006-05-19 12:00:00,2006,5,19,12,7.4649972947145855,7.137665479102187,0.3273318156123981,0.3273318156123981
2006-05-19 18:00:00,2006,5,19,18,3.803773957009884,4.049544595978297,-0.2457706389684131,0.2457706389684131
2006-05-20 00:00:00,2006,5,20,0,3.349802474779244,3.326206893519781,0.02359558125946304,0.02359558125946304
2006-05-20 06:00:00,2006,5,20,6,3.8620000439636617,3.739643259315901,0.1223567846477609,0.1223567846477609
2006-05-20 12:00:00,2006,5,20,12,7.407446448154268,7.019359860378905,0.388086587775363,0.388086587775363
2006-05-20 18:00:00,2006,5,20,18,3.964430689320909,3.853284203799214,0.11114648552169504,0.11114648552169504
2006-05-21 00:00:00,2006,5,21,0,3.1604891680808747,3.573473131102943,-0.4129839630220684,0.4129839630220684
2006-05-21 06:00:00,2006,5,21,6,4.133290010011925,4.284327788958475,-0.15103777894654957,0.15103777894654957
2006-05-21 12:00:00,2006,5,21,12,7.111829835642571,7.075735447589058,0.03609438805351317,0.03609438805351317
2006-05-21 18:00:00,2006,5,21,18,3.970723320802825,3.9105677643683694,0.060155556434455804,0.060155556434455804
2006-05-22 00:00:00,2006,5,22,0,3.2557595899760097,3.3520930548481345,-0.0963334648721248,0.0963334648721248
2006-05-22 06:00:00,2006,5,22,6,3.950833858841787,4.063352269410734,-0.11251841056894696,0.11251841056894696
2006-05-22 12:00:00,2006,5,22,12,7.105534338044409,7.015829444160075,0.08970489388433389,0.08970489388433389
2006-05-22 18:00:00,2006,5,22,18,3.927522411648423,4.029866443714052,-0.10234403206562925,0.10234403206562925
2006-05-23 00:00:00,2006,5,23,0,3.412373743645436,3.6194980267462538,-0.20712428310081776,0.20712428310081776
2006-05-23 06:00:00,2006,5,23,6,3.728938596507271,3.849388401737588,-0.1204498052303169,0.1204498052303169
2006-05-23 12:00:00,2006,5,23,12,7.051603755312745,6.981963514560662,0.06964024075208286,0.06964024075208286
2006-05-23 18:00:00,2006,5,23,18,3.751303325763412,4.077056727306103,-0.3257534015426913,0.3257534015426913
2006-05-24 00:00:00,2006,5,24,0,3.690821278074611,3.747287776797053,-0.056466498722441916,0.056466498722441916
2006-05-24 06:00:00,2006,5,24,6,4.05209968071134,4.045679277967519,0.00642040274382083,0.00642040274382083
2006-05-24 12:00:00,2006,5,24,12,7.667132935006852,7.446678154400453,0.22045478060639923,0.22045478060639923
2006-05-24 18:00:00,2006,5,24,18,3.970405586882917,3.9082853428071247,0.0621202440757922,0.0621202440757922
2006-05-25 00:00:00,2006,5,25,0,3.831865483301303,3.687078397638034,0.14478708566326892,0.14478708566326892
2006-05-25 06:00:00,2006,5,25,6,3.833222234773283,4.278267405165599,-0.44504517039231617,0.44504517039231617
2006-05-25 12:00:00,2006,5,25,12,6.983344890248568,7.000722682396524,-0.017377792147955873,0.017377792147955873
2006-05-25 18:00:00,2006,5,25,18,3.920263316327816,4.041145067732925,-0.12088175140510904,0.12088175140510904
2006-05-26 00:00:00,2006,5,26,0,3.490232546902635,3.6152448883985793,-0.1250123414959443,0.1250123414959443
2006-05-26 06:00:00,2006,5,26,6,4.273750658521624,4.276638124271926,-0.0028874657503026313,0.0028874657503026313
2006-05-26 12:00:00,2006,5,26,12,6.452195887706541,6.95630877668459,-0.5041128889780495,0.5041128889780495
2006-05-26 18:00:00,2006,5,26,18,3.855267046231312,4.182559778109155,-0.32729273187784313,0.32729273187784313
2006-05-27 00:00:00,2006,5,27,0,3.8546931421641895,3.7137169541849144,0.14097618797927502,0.14097618797927502
2006-05-27 06:00:00,2006,5,27,6,4.143536505993292,4.18507352550487,-0.041537019511578066,0.041537019511578066
2006-05-27 12:00:00,2006,5,27,12,7.293932020881978,7.50913479032049,-0.21520276943851258,0.21520276943851258
2006-05-27 18:00:00,2006,5,27,18,4.591917381865355,4.2896339067186045,0.30228347514675047,0.30228347514675047
2006-05-28 00:00:00,2006,5,28,0,3.6630578355680057,3.403982222626279,0.2590756129417269,0.2590756129417269
2006-05-28 06:00:00,2006,5,28,6,4.412865761634859,4.309899902798984,0.1029658588358755,0.1029658588358755
2006-05-28 12:00:00,2006,5,28,12,7.179251306670103,7.54326979926958,-0.3640184925994765,0.3640184925994765
2006-05-28 18:00:00,2006,5,28,18,4.524074965479751,4.261191184915866,0.26288378056388506,0.26288378056388506
2006-05-29 00:00:00,2006,5,29,0,3.4712841341141143,3.7256468632726714,-0.25436272915855707,0.25436272915855707
2006-05-29 06:00:00,2006,5,29,6,4.2301619913133655,4.4551793649177,-0.22501737360433438,0.22501737360433438
2006-05-29 12:00:00,2006,5,29,12,7.389376727659432,7.270513266698342,0.1188634609610899,0.1188634609610899
2006-05-29 18:00:00,2006,5,29,18,3.766314744743165,4.199894852377594,-0.433580107634429,0.433580107634429
2006-05-30 00:00:00,2006,5,30,0,4.102779160617919,3.817420512932126,0.285358647685793,0.285358647685793
2006-05-30 06:00:00,2006,5,30,6,4.823241504698742,4.518580883530857,0.3046606211678844,0.3046606211678844
2006-05-30 12:00:00,2006,5,30,12,7.392372052776038,7.2639982902655795,0.12837376251045818,0.12837376251045818
2006-05-30 18:00:00,2006,5,30,18,4.323841731825862,4.52487964981813,-0.20103791799226833,0.20103791799226833
2006-05-31 00:00:00,2006,5,31,0,4.109427539687837,4.296828809010873,-0.18740126932303625,0.18740126932303625
2006-05-31 06:00:00,2006,5,31,6,3.779847231200288,4.2140718540658515,-0.4342246228655635,0.4342246228655635
2006-05-31 12:00:00,2006,5,31,12,7.368479106036477,7.318038622735501,0.05044048330097617,0.05044048330097617
2006-05-31 18:00:00,2006,5,31,18,4.383762890356934,4.428843012475948,-0.04508012211901402,0.04508012211901402
2006-06-01 00:00:00,2006,6,1,0,4.090371928695104,4.031278238646533,0.05909369004857101,0.05909369004857101
2006-06-01 06:00:00,2006,6,1,6,4.339360588278307,4.0833704248651586,0.2559901634131485,0.2559901634131485
2006-06-01 12:00:00,2006,6,1,12,7.89392406777852,7.633886399092818,0.260037668685702,0.260037668685702
2006-06-01 18:00:00,2006,6,1,18,4.643870710438926,4.562289104787257,0.08158160565166916,0.08158160565166916
2006-06-02 00:00:00,2006,6,2,0,4.104723065556301,4.042991137687963,0.0617319278683377,0.0617319278683377
2006-06-02 06:00:00,2006,6,2,6,3.951504905117523,4.258946721542041,-0.30744181642451807,0.30744181642451807
2006-06-02 12:00:00,2006,6,2,12,7.640559083893329,7.592335105901376,0.048223977991953326,0.048223977991953326
2006-06-02 18:00:00,2006,6,2,18,4.110259365609057,4.2170098069538975,-0.10675044134484057,0.10675044134484057
2006-06-03 00:00:00,2006,6,3,0,4.122315585687294,3.916879793029877,0.20543579265741663,0.20543579265741663
2006-06-03 06:00:00,2006,6,3,6,4.200733537036927,4.169306995417235,0.03142654161969283,0.03142654161969283
2006-06-03 12:00:00,2006,6,3,12,8.226420586459561,7.6919340268223175,0.5344865596372435,0.5344865596372435
2006-06-03 18:00:00,2006,6,3,18,4.608749175193539,4.332242063751901,0.27650711144163864,0.27650711144163864
2006-06-04 00:00:00,2006,6,4,0,3.663968321768717,4.044338939875296,-0.38037061810657846,0.38037061810657846
2006-06-04 06:00:00,2006,6,4,6,4.713062116958219,4.691657994608296,0.021404122349922616,0.021404122349922616
2006-06-04 12:00:00,2006,6,4,12,7.845140061192009,7.550777370383244,0.2943626908087644,0.2943626908087644
2006-06-04 18:00:00,2006,6,4,18,4.223904600511251,4.305596059200633,-0.08169145868938266,0.08169145868938266
2006-06-05 00:00:00,2006,6,5,0,3.7836219379227938,3.9664392748755946,-0.18281733695280078,0.18281733695280078
2006-06-05 06:00:00,2006,6,5,6,4.595783047343908,4.260617064929835,0.3351659824140736,0.3351659824140736
2006-06-05 12:00:00,2006,6,5,12,7.262760796044941,7.582554153367451,-0.31979335732251,0.31979335732251
2006-06-05 18:00:00,2006,6,5,18,4.651216757320996,4.525990897819926,0.1252258595010698,0.1252258595010698
2006-06-06 00:00:00,2006,6,6,0,3.790188931341173,3.881496928504957,-0.09130799716378402,0.09130799716378402
2006-06-06 06:00:00,2006,6,6,6,4.362296540644646,4.256827228764252,0.10546931188039377,0.10546931188039377
2006-06-06 12:00:00,2006,6,6,12,7.55176819307514,7.586624914598403,-0.03485672152326291,0.03485672152326291
2006-06-06 18:00:00,2006,6,6,18,4.257507739933011,4.447178752178809,-0.18967101224579785,0.18967101224579785
2006-06-07 00:00:00,2006,6,7,0,4.316969848934783,4.139759113057298,0.17721073587748482,0.17721073587748482
2006-06-07 06:00:00,2006,6,7,6,4.871416959793775,4.642043311263632,0.2293736485301432,0.2293736485301432
2006-06-07 12:00:00,2006,6,7,12,7.459838361346072,7.570769066374974,-0.11093070502890257,0.11093070502890257
2006-06-07 18:00:00,2006,6,7,18,4.492431862728559,4.524696223597195,-0.03226436086863593,0.03226436086863593
2006-06-08 00:00:00,2006,6,8,0,3.8736371562434537,3.766743020316953,0.10689413592650077,0.10689413592650077
2006-06-08 06:00:00,2006,6,8,6,4.303230614915873,4.2732230060069405,0.030007608908932504,0.030007608908932504
2006-06-08 12:00:00,2006,6,8,12,7.66757001441379,7.468655476578073,0.19891453783571666,0.19891453783571666
2006-06-08 18:00:00,2006,6,8,18,4.9873003374824005,4.561209482338702,0.4260908551436984,0.4260908551436984
2006-06-09 00:00:00,2006,6,9,0,3.6658538195759793,3.9800145003457454,-0.3141606807697661,0.3141606807697661
2006-06-09 06:00:00,2006,6,9,6,4.717120053563596,4.5077436001872515,0.20937645337634425,0.20937645337634425
2006-06-09 12:00:00,2006,6,9,12,7.925006960653406,7.50534445394277,0.41966250671063676,0.41966250671063676
2006-06-09 18:00:00,2006,6,9,18,4.302990132246227,4.088018800362817,0.2149713318834099,0.2149713318834099
2006-06-10 00:00:00,2006,6,10,0,3.751107844354231,4.03537934015754,-0.284271495803309,0.284271495803309
2006-06-10 06:00:00,2006,6,10,6,4.642646799540706,4.245262374012479,0.3973844255282266,0.3973844255282266
2006-06-10 12:00:00,2006,6,10,12,8.125395755013042,7.902658450106014,0.22273730490702714,0.22273730490702714
2006-06-10 18:00:00,2006,6,10,18,4.714769929849054,4.582485284830084,0.13228464501897008,0.13228464501897008
2006-06-11 00:00:00,2006,6,11,0,4.257571539356181,4.305150734510975,-0.04757919515479436,0.04757919515479436
2006-06-11 06:00:00,2006,6,11,6,4.814770111965343,4.469491716848151,0.3452783951171918,0.3452783951171918
2006-06-11 12:00:00,2006,6,11,12,7.502730443831475,7.615318308161659,-0.11258786433018386,0.11258786433018386
2006-06-11 18:00:00,2006,6,11,18,4.252531204166489,4.150295647182671,0.10223555698381848,0.10223555698381848
2006-06-12 00:00:00,2006,6,12,0,4.521558697780998,4.497991585022174,0.023567112758824393,0.023567112758824393
2006-06-12 06:00:00,2006,6,12,6,4.801323387923323,4.966211260128041,-0.16488787220471846,0.16488787220471846
2006-06-12 12:00:00,2006,6,12,12,8.067621779495067,7.826772356264229,0.2408494232308378,0.2408494232308378
2006-06-12 18:00:00,2006,6,12,18,4.514588295628796,4.741777906614806,-0.22718961098601032,0.22718961098601032
2006-06-13 00:00:00,2006,6,13,0,4.334851908473556,4.598979317175046,-0.26412740870148976,0.26412740870148976
2006-06-13 06:00:00,2006,6,13,6,4.613550112373914,4.601052655849667,0.012497456524246608,0.012497456524246608
2006-06-13 12:00:00,2006,6,13,12,8.07536103643741,7.801522039063621,0.27383899737378936,0.27383899737378936
2006-06-13 18:00:00,2006,6,13,18,4.918575562295865,4.900565727391948,0.018009834903916833,0.018009834903916833
2006-06-14 00:00:00,2006,6,14,0,3.9441639309801046,4.019538460186344,-0.07537452920623933,0.07537452920623933
2006-06-14 06:00:00,2006,6,14,6,4.543521932103144,4.52659959472918,0.016922337373964425,0.016922337373964425
2006-06-14 12:00:00,2006,6,14,12,7.9187527052513955,7.9239757797630235,-0.0052230745116279564,0.0052230745116279564
2006-06-14 18:00:00,2006,6,14,18,4.1959421773760575,4.468174524993527,-0.2722323476174697,0.2722323476174697
2006-06-15 00:00:00,2006,6,15,0,4.4219195031614085,4.329936996537051,0.09198250662435736,0.09198250662435736
2006-06-15 06:00:00,2006,6,15,6,5.009383992209463,4.888046899166421,0.1213370930430413,0.1213370930430413
2006-06-15 12:00:00,2006,6,15,12,8.256928256295554,8.11637115106965,0.1405571052259038,0.1405571052259038
2006-06-15 18:00:00,2006,6,15,18,4.342357877131215,4.473746342786454,-0.1313884656552391,0.1313884656552391
2006-06-16 00:00:00,2006,6,16,0,4.964511601374406,4.945599642429155,0.018911958945251328,0.018911958945251328
2006-06-16 06:00:00,2006,6,16,6,5.1406609062104005,4.819259542551126,0.3214013636592741,0.3214013636592741
2006-06-16 12:00:00,2006,6,16,12,7.36175961989906,7.953752258937166,-0.5919926390381054,0.5919926390381054
2006-06-16 18:00:00,2006,6,16,18,4.496756285067312,4.456378858368228,0.040377426699084396,0.040377426699084396
2006-06-17 00:00:00,2006,6,17,0,4.40870871993234,4.389543177230448,0.019165542701892413,0.019165542701892413
2006-06-17 06:00:00,2006,6,17,6,4.972990776830982,4.783231454589957,0.18975932224102543,0.18975932224102543
2006-06-17 12:00:00,2006,6,17,12,7.503839910191633,7.922878225191805,-0.4190383150001713,0.4190383150001713
2006-06-17 18:00:00,2006,6,17,18,5.262907514725708,5.050540354684287,0.21236716004142053,0.21236716004142053
2006-06-18 00:00:00,2006,6,18,0,4.247615653748566,4.383650455793964,-0.13603480204539764,0.13603480204539764
2006-06-18 06:00:00,2006,6,18,6,4.496409706555468,4.668312134102748,-0.17190242754727958,0.17190242754727958
2006-06-18 12:00:00,2006,6,18,12,7.540291286060187,7.83150744423228,-0.2912161581720927,0.2912161581720927
2006-06-18 18:00:00,2006,6,18,18,4.296811470979394,4.282549378263467,0.014262092715926933,0.014262092715926933
2006-06-19 00:00:00,2006,6,19,0,4.646409403764399,4.518350824217511,0.12805857954688804,0.12805857954688804
2006-06-19 06:00:00,2006,6,19,6,4.523926744678596,5.012780514957551,-0.48885377027895505,0.48885377027895505
2006-06-19 12:00:00,2006,6,19,12,7.370229980858035,7.588433697664593,-0.21820371680655803,0.21820371680655803
2006-06-19 18:00:00,2006,6,19,18,4.717509236637045,4.545055517118572,0.17245371951847321,0.17245371951847321
2006-06-20 00:00:00,2006,6,20,0,4.314002972735468,4.202783613672519,0.11121935906294844,0.11121935906294844
2006-06-20 06:00:00,2006,6,20,6,4.780317138397051,4.731802000767568,0.04851513762948301,0.04851513762948301
2006-06-20 12:00:00,2006,6,20,12,8.555514676523943,8.17147524774537,0.3840394287785731,0.3840394287785731
2006-06-20 18:00:00,2006,6,20,18,4.822227285006906,5.011808506475584,-0.1895812214686785,0.1895812214686785
2006-06-21 00:00:00,2006,6,21,0,4.053648856355976,4.2769512247927155,-0.22330236843673923,0.22330236843673923
2006-06-21 06:00:00,2006,6,21,6,4.82392213235633,5.076516315949694,-0.25259418359336383,0.25259418359336383
2006-06-21 12:00:00,2006,6,21,12,8.38228690191719,8.358836796551595,0.023450105365595775,0.023450105365595775
2006-06-21 18:00:00,2006,6,21,18,5.280650734946318,4.865929329687177,0.41472140525914103,0.41472140525914103
2006-06-22 00:00:00,2006,6,22,0,4.68386542123796,4.5411123330292,0.1427530882087602,0.1427530882087602
2006-06-22 06:00:00,2006,6,22,6,5.065484994634723,4.946978370163633,0.11850662447108995,0.11850662447108995
2006-06-22 12:00:00,2006,6,22,12,7.926572928453944,7.928009416113134,-0.001436487659189467,0.001436487659189467
2006-06-22 18:00:00,2006,6,22,18,5.195965950494569,5.112258847116404,0.08370710337816512,0.08370710337816512
2006-06-23 00:00:00,2006,6,23,0,5.497636477136493,5.343410967713072,0.15422550942342106,0.15422550942342106
2006-06-23 06:00:00,2006,6,23,6,4.911023657481622,5.064551954505889,-0.15352829702426707,0.15352829702426707
2006-06-23 12:00:00,2006,6,23,12,8.813180111961485,8.353581769173916,0.4595983427875687,0.4595983427875687
2006-06-23 18:00:00,2006,6,23,18,4.875472540281136,4.733822922615135,0.14164961766600026,0.14164961766600026
2006-06-24 00:00:00,2006,6,24,0,4.472902861249517,4.406366664618879,0.06653619663063814,0.06653619663063814
2006-06-24 06:00:00,2006,6,24,6,4.590290894087791,4.770128368309746,-0.17983747422195506,0.17983747422195506
2006-06-24 12:00:00,2006,6,24,12,7.895342178998369,7.969199441707501,-0.07385726270913207,0.07385726270913207
2006-06-24 18:00:00,2006,6,24,18,4.657296481984671,4.827529078715302,-0.17023259673063063,0.17023259673063063
2006-06-25 00:00:00,2006,6,25,0,4.170427100476658,4.48090002326499,-0.31047292278833183,0.31047292278833183
2006-06-25 06:00:00,2006,6,25,6,5.104136311705072,4.84405369248168,0.26008261922339226,0.26008261922339226
2006-06-25 12:00:00,2006,6,25,12,8.131841905208313,7.915530901250433,0.2163110039578804,0.2163110039578804
2006-06-25 18:00:00,2006,6,25,18,4.443887798702016,4.678982205261759,-0.23509440655974334,0.23509440655974334
2006-06-26 00:00:00,2006,6,26,0,4.710377976206734,4.653516889235886,0.056861086970848795,0.056861086970848795
2006-06-26 06:00:00,2006,6,26,6,5.168050635282411,4.897765583701848,0.2702850515805624,0.2702850515805624
2006-06-26 12:00:00,2006,6,26,12,9.343951958506551,8.674370652089603,0.6695813064169478,0.6695813064169478
2006-06-26 18:00:00,2006,6,26,18,4.9561317394820055,5.134924985300062,-0.17879324581805633,0.17879324581805633
2006-06-27 00:00:00,2006,6,27,0,4.789845943235819,4.497630057911443,0.29221588532437615,0.29221588532437615
2006-06-27 06:00:00,2006,6,27,6,5.387840215654403,5.063476178762814,0.32436403689158944,0.32436403689158944
2006-06-27 12:00:00,2006,6,27,12,7.520041495314554,7.687134904635829,-0.16709340932127503,0.16709340932127503
2006-06-27 18:00:00,2006,6,27,18,4.718931254280175,4.799442172576785,-0.08051091829660972,0.08051091829660972
2006-06-28 00:00:00,2006,6,28,0,4.483241301245178,4.502125448204226,-0.018884146959048387,0.018884146959048387
2006-06-28 06:00:00,2006,6,28,6,5.5365624374443865,5.49617214401546,0.04039029342892686,0.04039029342892686
2006-06-28 12:00:00,2006,6,28,12,7.900323858129892,7.924814642561306,-0.02449078443141417,0.02449078443141417
2006-06-28 18:00:00,2006,6,28,18,4.6569079443939545,4.9131313915250505,-0.256223447131096,0.256223447131096
2006-06-29 00:00:00,2006,6,29,0,4.168327467515999,4.426388225312003,-0.2580607577960041,0.2580607577960041
2006-06-29 06:00:00,2006,6,29,6,4.762628215817663,4.765399212416049,-0.0027709965983859774,0.0027709965983859774
2006-06-29 12:00:00,2006,6,29,12,8.71896717916531,8.11534265003555,0.6036245291297586,0.6036245291297586
2006-06-29 18:00:00,2006,6,29,18,5.269800784475264,5.19045769823939,0.07934308623587416,0.07934308623587416
2006-06-30 00:00:00,2006,6,30,0,4.860879967409391,4.607732357159828,0.2531476102495631,0.2531476102495631
2006-06-30 06:00:00,2006,6,30,6,4.863356963866019,4.884011520930279,-0.020654557064260004,0.020654557064260004
2006-06-30 12:00:00,2006,6,30,12,7.929792430295507,7.8757347195243765,0.054057710771130196,0.054057710771130196
2006-06-30 18:00:00,2006,6,30,18,4.704943416154866,4.819983728988711,-0.11504031283384464,0.11504031283384464
2006-07-01 00:00:00,2006,7,1,0,4.86227444494452,4.671741321177228,0.1905331237672918,0.1905331237672918
2006-07-01 06:00:00,2006,7,1,6,4.960724895415666,4.759197200326908,0.20152769508875767,0.20152769508875767
2006-07-01 12:00:00,2006,7,1,12,8.143829928805417,8.360588691309948,-0.21675876250453108,0.21675876250453108
2006-07-01 18:00:00,2006,7,1,18,5.208299456623334,5.001204512556549,0.2070949440667853,0.2070949440667853
2006-07-02 00:00:00,2006,7,2,0,4.584055289920541,4.58479361712996,-0.0007383272094187987,0.0007383272094187987
2006-07-02 06:00:00,2006,7,2,6,5.024533227936076,4.973482066074357,0.051051161861718874,0.051051161861718874
2006-07-02 12:00:00,2006,7,2,12,7.955685927033777,8.246838579810488,-0.2911526527767112,0.2911526527767112
2006-07-02 18:00:00,2006,7,2,18,5.161248206752523,5.020509103779849,0.1407391029726739,0.1407391029726739
2006-07-03 00:00:00,2006,7,3,0,5.157964633311914,5.195630783289837,-0.03766614997792317,0.03766614997792317
2006-07-03 06:00:00,2006,7,3,6,5.363462996764582,5.090907766323838,0.27255523044074437,0.27255523044074437
2006-07-03 12:00:00,2006,7,3,12,8.244975215061608,8.292010632884638,-0.047035417823030556,0.047035417823030556
2006-07-03 18:00:00,2006,7,3,18,5.240176011276618,4.811543740767748,0.4286322705088699,0.4286322705088699
2006-07-04 00:00:00,2006,7,4,0,4.87614779774771,4.748172035878807,0.12797576186890325,0.12797576186890325
2006-07-04 06:00:00,2006,7,4,6,4.698981512109824,4.93135383707239,-0.232372324962566,0.232372324962566
2006-07-04 12:00:00,2006,7,4,12,7.947638391277061,8.395350403627893,-0.4477120123508316,0.4477120123508316
2006-07-04 18:00:00,2006,7,4,18,5.311769447720934,5.01540174262061,0.29636770510032395,0.29636770510032395
2006-07-05 00:00:00,2006,7,5,0,4.705382469063224,4.760537147033123,-0.05515467796989881,0.05515467796989881
2006-07-05 06:00:00,2006,7,5,6,5.226445840400751,5.385600924258277,-0.1591550838575264,0.1591550838575264
2006-07-05 12:00:00,2006,7,5,12,8.96891193932524,8.551083016581437,0.41782892274380323,0.41782892274380323
2006-07-05 18:00:00,2006,7,5,18,4.959766352487455,4.88968149506737,0.07008485742008563,0.07008485742008563
2006-07-06 00:00:00,2006,7,6,0,5.367118326761591,5.172812010953547,0.1943063158080438,0.1943063158080438
2006-07-06 06:00:00,2006,7,6,6,5.244595152344852,5.218067465168516,0.026527687176336023,0.026527687176336023
2006-07-06 12:00:00,2006,7,6,12,7.808793927979928,8.181869775949785,-0.37307584796985704,0.37307584796985704
2006-07-06 18:00:00,2006,7,6,18,5.084039778666164,4.959966393436914,0.12407338522925038,0.12407338522925038
2006-07-07 00:00:00,2006,7,7,0,4.275687027191371,4.650154000203651,-0.3744669730122796,0.3744669730122796
2006-07-07 06:00:00,2006,7,7,6,4.924086764662246,5.106719096254511,-0.18263233159226466,0.18263233159226466
2006-07-07 12:00:00,2006,7,7,12,7.955996246770388,8.280426150261178,-0.32442990349079004,0.32442990349079004
2006-07-07 18:00:00,2006,7,7,18,5.0513958617871575,5.313758293527343,-0.26236243174018536,0.26236243174018536
2006-07-08 00:00:00,2006,7,8,0,5.130195752906988,5.199552441137358,-0.06935668823037044,0.06935668823037044
2006-07-08 06:00:00,2006,7,8,6,4.571215403518247,4.661228999895383,-0.09001359637713602,0.09001359637713602
2006-07-08 12:00:00,2006,7,8,12,8.251331884981703,8.371458252939535,-0.12012636795783216,0.12012636795783216
2006-07-08 18:00:00,2006,7,8,18,5.158899024236491,4.969272204294585,0.189626819941906,0.189626819941906
2006-07-09 00:00:00,2006,7,9,0,4.547122323344479,4.822248954066242,-0.275126630721763,0.275126630721763
2006-07-09 06:00:00,2006,7,9,6,4.610492724544195,4.883275773560811,-0.2727830490166161,0.2727830490166161
2006-07-09 12:00:00,2006,7,9,12,8.95319275157578,8.426818096104164,0.5263746554716171,0.5263746554716171
2006-07-09 18:00:00,2006,7,9,18,5.625584669587305,5.460718535915622,0.16486613367168257,0.16486613367168257
2006-07-10 00:00:00,2006,7,10,0,4.700934683342917,4.5620755715049714,0.1388591118379452,0.1388591118379452
2006-07-10 06:00:00,2006,7,10,6,5.5754955117374,5.838428433927549,-0.2629329221901493,0.2629329221901493
2006-07-10 12:00:00,2006,7,10,12,9.17350654756217,8.728549716920972,0.44495683064119795,0.44495683064119795
2006-07-10 18:00:00,2006,7,10,18,4.956166286773402,4.7674085596003986,0.18875772717300343,0.18875772717300343
2006-07-11 00:00:00,2006,7,11,0,4.590780409067137,5.049302054564114,-0.45852164549697694,0.45852164549697694
2006-07-11 06:00:00,2006,7,11,6,5.074333776281052,5.146679681261145,-0.07234590498009297,0.07234590498009297
2006-07-11 12:00:00,2006,7,11,12,8.563669464669479,8.304993900999795,0.2586755636696836,0.2586755636696836
2006-07-11 18:00:00,2006,7,11,18,5.410388255990633,5.731143208983102,-0.3207549529924689,0.3207549529924689
2006-07-12 00:00:00,2006,7,12,0,4.934060119731732,4.853543839715946,0.08051628001578592,0.08051628001578592
2006-07-12 06:00:00,2006,7,12,6,5.145550928314592,5.202695910725636,-0.057144982411043266,0.057144982411043266
2006-07-12 12:00:00,2006,7,12,12,8.490318505271546,8.405759884667775,0.0845586206037705,0.0845586206037705
2006-07-12 18:00:00,2006,7,12,18,5.594923078830348,5.471484293139625,0.12343878569072331,0.12343878569072331
2006-07-13 00:00:00,2006,7,13,0,4.974238000644286,4.831948162964985,0.14228983767930092,0.14228983767930092
2006-07-13 06:00:00,2006,7,13,6,5.380128182783083,5.446359407355144,-0.06623122457206065,0.06623122457206065
2006-07-13 12:00:00,2006,7,13,12,8.019424434239443,8.23529356896903,-0.21586913472958713,0.21586913472958713
2006-07-13 18:00:00,2006,7,13,18,5.411518315304479,5.416713731680212,-0.005195416375733508,0.005195416375733508
2006-07-14 00:00:00,2006,7,14,0,4.751451734628748,4.743369403034948,0.00808233159380034,0.00808233159380034
2006-07-14 06:00:00,2006,7,14,6,4.803832697944867,5.186789805142192,-0.382957107197325,0.382957107197325
2006-07-14 12:00:00,2006,7,14,12,8.261739631413485,8.317235301263823,-0.05549566985033749,0.05549566985033749
2006-07-14 18:00:00,2006,7,14,18,5.264734199249246,5.268696608972958,-0.003962409723711424,0.003962409723711424
2006-07-15 00:00:00,2006,7,15,0,4.555538518395185,4.639534090749546,-0.08399557235436106,0.08399557235436106
2006-07-15 06:00:00,2006,7,15,6,4.971219947601059,5.154455013995137,-0.1832350663940785,0.1832350663940785
2006-07-15 12:00:00,2006,7,15,12,8.861144334953938,8.832356662745086,0.02878767220885159,0.02878767220885159
2006-07-15 18:00:00,2006,7,15,18,5.0485742768401085,5.223725069195702,-0.17515079235559305,0.17515079235559305
2006-07-16 00:00:00,2006,7,16,0,5.046088452424064,4.802649253171265,0.24343919925279867,0.24343919925279867
2006-07-16 06:00:00,2006,7,16,6,5.21343219994943,5.267409603962653,-0.053977404013222596,0.053977404013222596
2006-07-16 12:00:00,2006,7,16,12,7.94683570448521,8.107359134849165,-0.16052343036395555,0.16052343036395555
2006-07-16 18:00:00,2006,7,16,18,5.350541714422306,5.4458418686779995,-0.09530015425569349,0.09530015425569349
2006-07-17 00:00:00,2006,7,17,0,5.5962105973876985,5.6185784101856875,-0.02236781279798894,0.02236781279798894
2006-07-17 06:00:00,2006,7,17,6,5.140971448413247,5.198609352680624,-0.05763790426737625,0.05763790426737625
2006-07-17 12:00:00,2006,7,17,12,8.903577602839263,8.661114144250064,0.24246345858919938,0.24246345858919938
2006-07-17 18:00:00,2006,7,17,18,5.6951479576128925,5.388332839614832,0.3068151179980605,0.3068151179980605
2006-07-18 00:00:00,2006,7,18,0,4.91926189491392,4.816867608842908,0.10239428607101253,0.10239428607101253
2006-07-18 06:00:00,2006,7,18,6,5.115894393579074,5.264699302046088,-0.14880490846701377,0.14880490846701377
2006-07-18 12:00:00,2006,7,18,12,8.726170485812943,8.506052223027414,0.2201182627855296,0.2201182627855296
2006-07-18 18:00:00,2006,7,18,18,5.2111476201005695,5.178388791437527,0.03275882866304247,0.03275882866304247
2006-07-19 00:00:00,2006,7,19,0,5.797534004821852,5.4104182832461545,0.3871157215756975,0.3871157215756975
2006-07-19 06:00:00,2006,7,19,6,5.158138836014622,5.165150090465122,-0.007011254450500104,0.007011254450500104
2006-07-19 12:00:00,2006,7,19,12,8.081764179142908,8.337717309589825,-0.25595313044691714,0.25595313044691714
2006-07-19 18:00:00,2006,7,19,18,5.660632076722835,5.524659283694596,0.13597279302823928,0.13597279302823928
2006-07-20 00:00:00,2006,7,20,0,5.024124945510769,4.839490619609008,0.18463432590176065,0.18463432590176065
2006-07-20 06:00:00,2006,7,20,6,5.139611942217536,5.094369826794606,0.04524211542293077,0.04524211542293077
2006-07-20 12:00:00,2006,7,20,12,8.646029066394691,8.569826370447513,0.07620269594717755,0.07620269594717755
2006-07-20 18:00:00,2006,7,20,18,5.041057331043645,5.1000141353331445,-0.05895680428949923,0.05895680428949923
2006-07-21 00:00:00,2006,7,21,0,4.882623032898926,5.049711657292798,-0.1670886243938723,0.1670886243938723
2006-07-21 06:00:00,2006,7,21,6,6.16569416131172,5.58897202184326,0.5767221394684601,0.5767221394684601
2006-07-21 12:00:00,2006,7,21,12,8.057453572572834,8.372898401924155,-0.31544482935132123,0.31544482935132123
2006-07-21 18:00:00,2006,7,21,18,5.423255145081991,5.107788119639187,0.31546702544280425,0.31546702544280425
2006-07-22 00:00:00,2006,7,22,0,5.152396929252496,4.877512938156568,0.274883991095928,0.274883991095928
2006-07-22 06:00:00,2006,7,22,6,4.763177040010795,5.110259819410357,-0.3470827793995612,0.3470827793995612
2006-07-22 12:00:00,2006,7,22,12,8.244033082677756,8.43325922120419,-0.18922613852643444,0.18922613852643444
2006-07-22 18:00:00,2006,7,22,18,5.934354880667881,5.78848551468641,0.14586936598147116,0.14586936598147116
2006-07-23 00:00:00,2006,7,23,0,5.169405331475302,5.357644892366671,-0.18823956089136917,0.18823956089136917
2006-07-23 06:00:00,2006,7,23,6,5.216056229155144,5.356604492770979,-0.14054826361583483,0.14054826361583483
2006-07-23 12:00:00,2006,7,23,12,8.82609671857235,8.667161384656186,0.15893533391616366,0.15893533391616366
2006-07-23 18:00:00,2006,7,23,18,5.483000459126238,5.365276585005702,0.11772387412053575,0.11772387412053575
2006-07-24 00:00:00,2006,7,24,0,5.299866152347713,5.221960025306555,0.07790612704115762,0.07790612704115762
2006-07-24 06:00:00,2006,7,24,6,5.627867303437312,5.478174357689846,0.14969294574746606,0.14969294574746606
2006-07-24 12:00:00,2006,7,24,12,8.45862749166278,8.51353951357526,-0.05491202191248057,0.05491202191248057
2006-07-24 18:00:00,2006,7,24,18,6.062532727925248,5.903088700686504,0.1594440272387443,0.1594440272387443
2006-07-25 00:00:00,2006,7,25,0,4.83394423884598,4.8426872011377915,-0.008742962291811374,0.008742962291811374
2006-07-25 06:00:00,2006,7,25,6,5.414293889295318,5.264362036405176,0.1499318528901421,0.1499318528901421
2006-07-25 12:00:00,2006,7,25,12,8.261609427278835,8.488018056265439,-0.2264086289866043,0.2264086289866043
2006-07-25 18:00:00,2006,7,25,18,5.921568161109125,5.735747955217022,0.18582020589210302,0.18582020589210302
2006-07-26 00:00:00,2006,7,26,0,4.98538524472976,4.995142610251782,-0.009757365522021999,0.009757365522021999
2006-07-26 06:00:00,2006,7,26,6,4.949918889108589,5.316731090107238,-0.3668122009986492,0.3668122009986492
2006-07-26 12:00:00,2006,7,26,12,8.075843206045564,8.454912039114703,-0.3790688330691392,0.3790688330691392
2006-07-26 18:00:00,2006,7,26,18,5.073914602869957,5.17967944983742,-0.10576484696746302,0.10576484696746302
2006-07-27 00:00:00,2006,7,27,0,4.535478362387068,4.801530561307614,-0.266052198920546,0.266052198920546
2006-07-27 06:00:00,2006,7,27,6,6.026036267556895,5.816853579721291,0.20918268783560467,0.20918268783560467
2006-07-27 12:00:00,2006,7,27,12,8.052827228179089,8.239771785904017,-0.18694455772492802,0.18694455772492802
2006-07-27 18:00:00,2006,7,27,18,5.136398812203251,5.23622693211445,-0.09982811991119878,0.09982811991119878
2006-07-28 00:00:00,2006,7,28,0,4.5186546418805005,4.665521228848386,-0.14686658696788513,0.14686658696788513
2006-07-28 06:00:00,2006,7,28,6,5.451901117759457,5.376108491576032,0.07579262618342497,0.07579262618342497
2006-07-28 12:00:00,2006,7,28,12,8.831370168591064,8.636841407415211,0.19452876117585305,0.19452876117585305
2006-07-28 18:00:00,2006,7,28,18,5.665759942274044,5.405325685340352,0.26043425693369215,0.26043425693369215
2006-07-29 00:00:00,2006,7,29,0,4.653491329248147,4.828616396014348,-0.175125066766201,0.175125066766201
2006-07-29 06:00:00,2006,7,29,6,5.649658552468482,5.543233718699148,0.10642483376933409,0.10642483376933409
2006-07-29 12:00:00,2006,7,29,12,8.097224585083616,8.451139297099811,-0.35391471201619495,0.35391471201619495
2006-07-29 18:00:00,2006,7,29,18,6.1682318796385385,5.9891810140825,0.17905086555603855,0.17905086555603855
2006-07-30 00:00:00,2006,7,30,0,4.9029656526069605,5.199287026441045,-0.2963213738340844,0.2963213738340844
2006-07-30 06:00:00,2006,7,30,6,5.339583459079669,5.134809458006648,0.20477400107302035,0.20477400107302035
2006-07-30 12:00:00,2006,7,30,12,8.795657862018643,8.537507473081611,0.25815038893703246,0.25815038893703246
2006-07-30 18:00:00,2006,7,30,18,5.039181815234993,5.157694188343068,-0.11851237310807416,0.11851237310807416
2006-07-31 00:00:00,2006,7,31,0,4.61547147967534,4.873460307307943,-0.25798882763260345,0.25798882763260345
2006-07-31 06:00:00,2006,7,31,6,5.165141471545261,5.480293992077026,-0.31515252053176557,0.31515252053176557
2006-07-31 12:00:00,2006,7,31,12,8.371184473348729,8.700084013852958,-0.32889954050422965,0.32889954050422965
2006-07-31 18:00:00,2006,7,31,18,5.560828050270988,5.515322967176824,0.0455050830941639,0.0455050830941639
2006-08-01 00:00:00,2006,8,1,0,5.159006009220797,5.1695613673989,-0.01055535817810238,0.01055535817810238
2006-08-01 06:00:00,2006,8,1,6,5.513108494767571,5.354341687739535,0.15876680702803547,0.15876680702803547
2006-08-01 12:00:00,2006,8,1,12,8.671180660992803,8.688593845378561,-0.017413184385757674,0.017413184385757674
2006-08-01 18:00:00,2006,8,1,18,5.209132257885064,5.198755534958648,0.01037672292641556,0.01037672292641556
2006-08-02 00:00:00,2006,8,2,0,5.100545155898229,5.224989850806921,-0.12444469490869192,0.12444469490869192
2006-08-02 06:00:00,2006,8,2,6,5.530052110031497,5.471476066573962,0.058576043457534865,0.058576043457534865
2006-08-02 12:00:00,2006,8,2,12,8.613926367174724,8.62675781987676,-0.012831452702036117,0.012831452702036117
2006-08-02 18:00:00,2006,8,2,18,5.582563924331005,5.534695313770092,0.04786861056091318,0.04786861056091318
2006-08-03 00:00:00,2006,8,3,0,5.268154960702881,5.200355045866229,0.06779991483665171,0.06779991483665171
2006-08-03 06:00:00,2006,8,3,6,5.258272792616871,5.029814722250812,0.22845807036605859,0.22845807036605859
2006-08-03 12:00:00,2006,8,3,12,8.220978096626839,8.241384863843399,-0.020406767216559984,0.020406767216559984
2006-08-03 18:00:00,2006,8,3,18,5.655698724874273,5.63889149621597,0.016807228658302975,0.016807228658302975
2006-08-04 00:00:00,2006,8,4,0,4.999001979573028,4.794462073796421,0.20453990577660708,0.20453990577660708
2006-08-04 06:00:00,2006,8,4,6,5.329885044183119,5.294433685131399,0.03545135905172003,0.03545135905172003
2006-08-04 12:00:00,2006,8,4,12,8.485439133652672,8.56941991134373,-0.08398077769105683,0.08398077769105683
2006-08-04 18:00:00,2006,8,4,18,5.963143090622656,5.4859183950478085,0.47722469557484715,0.47722469557484715
2006-08-05 00:00:00,2006,8,5,0,5.279862877765499,5.216885684736684,0.06297719302881521,0.06297719302881521
2006-08-05 06:00:00,2006,8,5,6,5.140525172732782,5.103991383103427,0.03653378962935516,0.03653378962935516
2006-08-05 12:00:00,2006,8,5,12,8.527474024995879,8.652701174816457,-0.12522714982057792,0.12522714982057792
2006-08-05 18:00:00,2006,8,5,18,5.484598717848494,5.441887291811525,0.04271142603696898,0.04271142603696898
2006-08-06 00:00:00,2006,8,6,0,5.213665358623718,5.010603873792506,0.20306148483121245,0.20306148483121245
2006-08-06 06:00:00,2006,8,6,6,5.704667642566512,5.800478887890044,-0.09581124532353247,0.09581124532353247
2006-08-06 12:00:00,2006,8,6,12,8.735613248425857,8.577010833916809,0.15860241450904766,0.15860241450904766
2006-08-06 18:00:00,2006,8,6,18,5.268750453911491,5.4748520197678845,-0.20610156585639317,0.20610156585639317
2006-08-07 00:00:00,2006,8,7,0,5.731544795966213,5.754768555590501,-0.023223759624287688,0.023223759624287688
2006-08-07 06:00:00,2006,8,7,6,5.532747215908235,5.642219283768502,-0.10947206786026698,0.10947206786026698
2006-08-07 12:00:00,2006,8,7,12,8.439483695250912,8.499413863308432,-0.059930168057519495,0.059930168057519495
2006-08-07 18:00:00,2006,8,7,18,5.362283375520772,5.580165131228229,-0.21788175570745683,0.21788175570745683
2006-08-08 00:00:00,2006,8,8,0,4.8627100684045645,5.242993729437429,-0.3802836610328644,0.3802836610328644
2006-08-08 06:00:00,2006,8,8,6,5.3185565890252215,5.474252392283776,-0.15569580325855448,0.15569580325855448
2006-08-08 12:00:00,2006,8,8,12,8.629916389820181,8.479859161194883,0.15005722862529858,0.15005722862529858
2006-08-08 18:00:00,2006,8,8,18,5.906384647560599,5.576933809998622,0.3294508375619767,0.3294508375619767
2006-08-09 00:00:00,2006,8,9,0,4.974050727952251,4.895563971585254,0.07848675636699642,0.07848675636699642
2006-08-09 06:00:00,2006,8,9,6,5.087696919093235,5.270711130858562,-0.18301421176532706,0.18301421176532706
2006-08-09 12:00:00,2006,8,9,12,8.459832589630846,8.454388097730831,0.005444491900014725,0.005444491900014725
2006-08-09 18:00:00,2006,8,9,18,5.266353767468404,5.590339792034164,-0.32398602456575976,0.32398602456575976
2006-08-10 00:00:00,2006,8,10,0,4.418735561630733,4.790126416226982,-0.37139085459624877,0.37139085459624877
2006-08-10 06:00:00,2006,8,10,6,5.624837164182048,5.682982143120463,-0.05814497893841519,0.05814497893841519
2006-08-10 12:00:00,2006,8,10,12,9.080740110049184,8.677830890818207,0.40290921923097756,0.40290921923097756
2006-08-10 18:00:00,2006,8,10,18,5.228591385726481,5.482083219912705,-0.25349183418622445,0.25349183418622445
2006-08-11 00:00:00,2006,8,11,0,5.1630367452994985,5.457217882071232,-0.2941811367717335,0.2941811367717335
2006-08-11 06:00:00,2006,8,11,6,5.554389107599847,5.413769137454097,0.14061997014574956,0.14061997014574956
2006-08-11 12:00:00,2006,8,11,12,8.805045649502468,8.870337859776951,-0.06529221027448351,0.06529221027448351
2006-08-11 18:00:00,2006,8,11,18,5.71152639663544,5.858350487576666,-0.14682409094122573,0.14682409094122573
2006-08-12 00:00:00,2006,8,12,0,5.049624815347894,5.464319000350029,-0.4146941850021353,0.4146941850021353
2006-08-12 06:00:00,2006,8,12,6,5.669397058523839,5.531927473028778,0.13746958549506072,0.13746958549506072
2006-08-12 12:00:00,2006,8,12,12,8.768679203761968,8.532662007408062,0.23601719635390594,0.23601719635390594
2006-08-12 18:00:00,2006,8,12,18,5.171764318416047,5.3242655226299425,-0.15250120421389557,0.15250120421389557
2006-08-13 00:00:00,2006,8,13,0,4.87223960604783,4.945626151050236,-0.07338654500240605,0.07338654500240605
2006-08-13 06:00:00,2006,8,13,6,5.600377192792488,5.566121543565845,0.03425564922664304,0.03425564922664304
2006-08-13 12:00:00,2006,8,13,12,8.267714646114788,8.14089701536425,0.12681763075053887,0.12681763075053887
2006-08-13 18:00:00,2006,8,13,18,5.811419707500277,5.740297313204003,0.07112239429627376,0.07112239429627376
2006-08-14 00:00:00,2006,8,14,0,4.799517687273436,4.975988980568839,-0.17647129329540245,0.17647129329540245
2006-08-14 06:00:00,2006,8,14,6,5.368357490606855,5.315124227638838,0.05323326296801678,0.05323326296801678
2006-08-14 12:00:00,2006,8,14,12,8.12008520818046,8.293559214413117,-0.17347400623265585,0.17347400623265585
2006-08-14 18:00:00,2006,8,14,18,5.652049200813861,5.627141658655728,0.02490754215813329,0.02490754215813329
2006-08-15 00:00:00,2006,8,15,0,4.823071504311456,5.10058067456435,-0.2775091702528938,0.2775091702528938
2006-08-15 06:00:00,2006,8,15,6,5.900101937241579,5.6100960996605815,0.2900058375809973,0.2900058375809973
2006-08-15 12:00:00,2006,8,15,12,8.909267585703146,8.545602768393032,0.3636648173101147,0.3636648173101147
2006-08-15 18:00:00,2006,8,15,18,5.201853647063562,5.419660680155674,-0.2178070330921127,0.2178070330921127
2006-08-16 00:00:00,2006,8,16,0,5.136030014885238,5.320178501189236,-0.18414848630399838,0.18414848630399838
2006-08-16 06:00:00,2006,8,16,6,5.16355554293321,5.506312599005394,-0.342757056072184,0.342757056072184
2006-08-16 12:00:00,2006,8,16,12,8.792703290746116,8.814268400476447,-0.021565109730330434,0.021565109730330434
2006-08-16 18:00:00,2006,8,16,18,5.576215171996548,5.302569602975534,0.27364556902101445,0.27364556902101445
2006-08-17 00:00:00,2006,8,17,0,4.83197210098898,5.071898841078262,-0.23992674008928194,0.23992674008928194
2006-08-17 06:00:00,2006,8,17,6,5.690171231584638,5.757528315609944,-0.06735708402530616,0.06735708402530616
2006-08-17 12:00:00,2006,8,17,12,8.072890823919554,8.140708580590509,-0.06781775667095502,0.06781775667095502
2006-08-17 18:00:00,2006,8,17,18,5.474532956201854,5.746580874786404,-0.27204791858455035,0.27204791858455035
2006-08-18 00:00:00,2006,8,18,0,4.8834349455442405,4.942839163831716,-0.059404218287475885,0.059404218287475885
2006-08-18 06:00:00,2006,8,18,6,5.966292457067632,6.069728961335527,-0.1034365042678953,0.1034365042678953
2006-08-18 12:00:00,2006,8,18,12,8.533128004444317,8.189139474797724,0.34398852964659277,0.34398852964659277
2006-08-18 18:00:00,2006,8,18,18,5.196849393192376,5.588616645602818,-0.3917672524104425,0.3917672524104425
2006-08-19 00:00:00,2006,8,19,0,5.187428803136664,5.098935891185039,0.08849291195162579,0.08849291195162579
2006-08-19 06:00:00,2006,8,19,6,5.424410243222861,5.388991851733693,0.035418391489168144,0.035418391489168144
2006-08-19 12:00:00,2006,8,19,12,8.200654551191418,8.297309287272158,-0.09665473608074038,0.09665473608074038
2006-08-19 18:00:00,2006,8,19,18,5.36082733259323,5.598000747234951,-0.23717341464172126,0.23717341464172126
2006-08-20 00:00:00,2006,8,20,0,5.376793907988725,5.113553465740819,0.26324044224790644,0.26324044224790644
2006-08-20 06:00:00,2006,8,20,6,5.597692248930508,5.605004506326109,-0.007312257395601485,0.007312257395601485
2006-08-20 12:00:00,2006,8,20,12,8.043161307083253,8.132147498431632,-0.08898619134837915,0.08898619134837915
2006-08-20 18:00:00,2006,8,20,18,5.387755888501792,5.380129181856434,0.007626706645358361,0.007626706645358361
2006-08-21 00:00:00,2006,8,21,0,5.166433135661043,4.970563864174467,0.1958692714865755,0.1958692714865755
2006-08-21 06:00:00,2006,8,21,6,5.006440198353046,5.285710848907338,-0.2792706505542917,0.2792706505542917
2006-08-21 12:00:00,2006,8,21,12,8.407749249980972,8.110593644907418,0.297155605073554,0.297155605073554
2006-08-21 18:00:00,2006,8,21,18,5.98335845485486,5.468848298242876,0.5145101566119843,0.5145101566119843
2006-08-22 00:00:00,2006,8,22,0,5.18487070796346,5.184193980648932,0.0006767273145280583,0.0006767273145280583
2006-08-22 06:00:00,2006,8,22,6,5.682008351430722,5.5215830503858365,0.16042530104488506,0.16042530104488506
2006-08-22 12:00:00,2006,8,22,12,8.151066206568542,8.180291565111988,-0.02922535854344588,0.02922535854344588
2006-08-22 18:00:00,2006,8,22,18,4.701487415469224,4.998324235285483,-0.2968368198162592,0.2968368198162592
2006-08-23 00:00:00,2006,8,23,0,4.979837849905582,5.071799686494352,-0.09196183658877022,0.09196183658877022
2006-08-23 06:00:00,2006,8,23,6,5.377577519392819,5.3098037621442975,0.06777375724852153,0.06777375724852153
2006-08-23 12:00:00,2006,8,23,12,7.996063303937967,8.019952889780962,-0.023889585842995054,0.023889585842995054
2006-08-23 18:00:00,2006,8,23,18,5.7613202489582775,5.638502716875915,0.12281753208236257,0.12281753208236257
2006-08-24 00:00:00,2006,8,24,0,5.011398471178153,5.0610104418160216,-0.049611970637868374,0.049611970637868374
2006-08-24 06:00:00,2006,8,24,6,5.516704447809393,5.697671613920885,-0.18096716611149244,0.18096716611149244
2006-08-24 12:00:00,2006,8,24,12,7.921452138765508,8.174494595452005,-0.2530424566864973,0.2530424566864973
2006-08-24 18:00:00,2006,8,24,18,5.220064442188475,5.343666831396745,-0.12360238920827005,0.12360238920827005
2006-08-25 00:00:00,2006,8,25,0,4.85439975215551,5.153267073400239,-0.29886732124472903,0.29886732124472903
2006-08-25 06:00:00,2006,8,25,6,5.4564224332826425,5.477492432459826,-0.02106999917718344,0.02106999917718344
2006-08-25 12:00:00,2006,8,25,12,7.920722416836024,8.015351355234998,-0.0946289383989738,0.0946289383989738
2006-08-25 18:00:00,2006,8,25,18,5.03328493866243,5.466406909724671,-0.43312197106224115,0.43312197106224115
2006-08-26 00:00:00,2006,8,26,0,5.477141396522575,5.209405163014404,0.2677362335081712,0.2677362335081712
2006-08-26 06:00:00,2006,8,26,6,5.138523091521417,5.248827094662818,-0.1103040031414011,0.1103040031414011
2006-08-26 12:00:00,2006,8,26,12,8.58963323551221,8.459644824959016,0.1299884105531941,0.1299884105531941
2006-08-26 18:00:00,2006,8,26,18,5.095731116465144,5.302383414875412,-0.2066522984102681,0.2066522984102681
2006-08-27 00:00:00,2006,8,27,0,4.9096088673483145,4.997377889646275,-0.08776902229796057,0.08776902229796057
2006-08-27 06:00:00,2006,8,27,6,5.637525291277856,5.437388325414492,0.20013696586336405,0.20013696586336405
2006-08-27 12:00:00,2006,8,27,12,8.106390054537801,8.341081180603378,-0.2346911260655773,0.2346911260655773
2006-08-27 18:00:00,2006,8,27,18,4.868634859977602,5.069553636589474,-0.2009187766118723,0.2009187766118723
2006-08-28 00:00:00,2006,8,28,0,5.35079266704904,5.336820652059142,0.013972014989898085,0.013972014989898085
2006-08-28 06:00:00,2006,8,28,6,5.031024525034936,5.5299048125011545,-0.4988802874662186,0.4988802874662186
2006-08-28 12:00:00,2006,8,28,12,8.151703561521938,8.124984843374357,0.0267187181475812,0.0267187181475812
2006-08-28 18:00:00,2006,8,28,18,5.691627111562712,5.466352877583235,0.22527423397947732,0.22527423397947732
2006-08-29 00:00:00,2006,8,29,0,5.001220806510474,5.263198519961545,-0.26197771345107057,0.26197771345107057
2006-08-29 06:00:00,2006,8,29,6,5.498175656006648,5.460355967156209,0.03781968885043874,0.03781968885043874
2006-08-29 12:00:00,2006,8,29,12,8.010813783368313,8.067869454718421,-0.05705567135010803,0.05705567135010803
2006-08-29 18:00:00,2006,8,29,18,6.206253627282222,5.946565771528457,0.2596878557537652,0.2596878557537652
2006-08-30 00:00:00,2006,8,30,0,4.677419381684842,5.045281370780054,-0.3678619890952115,0.3678619890952115
2006-08-30 06:00:00,2006,8,30,6,5.593845669728554,5.533943240057516,0.059902429671038426,0.059902429671038426
2006-08-30 12:00:00,2006,8,30,12,8.05715273672944,8.17454716728479,-0.1173944305553487,0.1173944305553487
2006-08-30 18:00:00,2006,8,30,18,5.30230072102439,5.43072042309123,-0.1284197020668394,0.1284197020668394
2006-08-31 00:00:00,2006,8,31,0,5.367761544750728,5.240152671495093,0.1276088732556353,0.1276088732556353
2006-08-31 06:00:00,2006,8,31,6,4.903448642243032,5.052973494822042,-0.1495248525790096,0.1495248525790096
2006-08-31 12:00:00,2006,8,31,12,8.453306580856179,8.28461948457826,0.16868709627791922,0.16868709627791922
2006-08-31 18:00:00,2006,8,31,18,5.388723071680439,5.465808425393885,-0.07708535371344549,0.07708535371344549
2006-09-01 00:00:00,2006,9,1,0,5.557001787452967,5.263038996048825,0.2939627914041427,0.2939627914041427
2006-09-01 06:00:00,2006,9,1,6,4.715678943885422,5.188593356666322,-0.4729144127809004,0.4729144127809004
2006-09-01 12:00:00,2006,9,1,12,8.343780138386322,7.947694638995019,0.3960854993913028,0.3960854993913028
2006-09-01 18:00:00,2006,9,1,18,4.996390194192402,5.316137230225389,-0.3197470360329877,0.3197470360329877
2006-09-02 00:00:00,2006,9,2,0,4.567441079232986,4.85863482611254,-0.29119374687955357,0.29119374687955357
2006-09-02 06:00:00,2006,9,2,6,5.7012350699978445,5.52377551374904,0.17745955624880416,0.17745955624880416
2006-09-02 12:00:00,2006,9,2,12,8.202599825193941,8.128681030622745,0.07391879457119543,0.07391879457119543
2006-09-02 18:00:00,2006,9,2,18,5.195867071883252,5.316299331869624,-0.12043225998637208,0.12043225998637208
2006-09-03 00:00:00,2006,9,3,0,4.82920634294109,4.671788201022639,0.15741814191845105,0.15741814191845105
2006-09-03 06:00:00,2006,9,3,6,5.326985911570145,5.1687769056012485,0.15820900596889675,0.15820900596889675
2006-09-03 12:00:00,2006,9,3,12,7.997614959972828,8.197216907072166,-0.19960194709933798,0.19960194709933798
2006-09-03 18:00:00,2006,9,3,18,5.496744995004033,5.214780427022839,0.28196456798119396,0.28196456798119396
2006-09-04 00:00:00,2006,9,4,0,5.063082976686091,5.055719441467948,0.007363535218142481,0.007363535218142481
2006-09-04 06:00:00,2006,9,4,6,4.864502588581888,5.216040885836153,-0.35153829725426533,0.35153829725426533
2006-09-04 12:00:00,2006,9,4,12,8.105951771798848,8.105088852824693,0.0008629189741551357,0.0008629189741551357
2006-09-04 18:00:00,2006,9,4,18,5.228146396558487,5.432125049198077,-0.2039786526395897,0.2039786526395897
2006-09-05 00:00:00,2006,9,5,0,5.1699866576474935,5.388652272072858,-0.21866561442536447,0.21866561442536447
2006-09-05 06:00:00,2006,9,5,6,5.455177800513703,5.47628873017448,-0.02111092966077699,0.02111092966077699
2006-09-05 12:00:00,2006,9,5,12,8.009044596725309,8.026525731223252,-0.01748113449794353,0.01748113449794353
2006-09-05 18:00:00,2006,9,5,18,5.747457988599009,5.594170509909601,0.15328747868940784,0.15328747868940784
2006-09-06 00:00:00,2006,9,6,0,4.984617692386702,4.854838335010824,0.12977935737587742,0.12977935737587742
2006-09-06 06:00:00,2006,9,6,6,5.895232632779854,5.6736859214698,0.22154671131005443,0.22154671131005443
2006-09-06 12:00:00,2006,9,6,12,8.452166770419801,8.332046487450214,0.12012028296958732,0.12012028296958732
2006-09-06 18:00:00,2006,9,6,18,5.746318548331838,5.635126704298417,0.11119184403342075,0.11119184403342075
2006-09-07 00:00:00,2006,9,7,0,5.750356153158957,5.556057568943132,0.1942985842158249,0.1942985842158249
2006-09-07 06:00:00,2006,9,7,6,4.976535648620853,4.874360135354428,0.10217551326642482,0.10217551326642482
2006-09-07 12:00:00,2006,9,7,12,8.215512906744747,8.06560812132643,0.14990478541831642,0.14990478541831642
2006-09-07 18:00:00,2006,9,7,18,5.309454004544542,5.5574252100255155,-0.2479712054809733,0.2479712054809733
2006-09-08 00:00:00,2006,9,8,0,4.454595237355192,4.748240248404845,-0.29364501104965335,0.29364501104965335
2006-09-08 06:00:00,2006,9,8,6,5.315691579345058,5.489104177094908,-0.17341259774984952,0.17341259774984952
2006-09-08 12:00:00,2006,9,8,12,8.105318114424879,8.091752236794388,0.013565877630490775,0.013565877630490775
2006-09-08 18:00:00,2006,9,8,18,5.22829304694889,5.317365969555728,-0.08907292260683786,0.08907292260683786
2006-09-09 00:00:00,2006,9,9,0,5.2255611985158055,5.217738437428739,0.007822761087066255,0.007822761087066255
2006-09-09 06:00:00,2006,9,9,6,5.090371816537254,5.302234217427359,-0.2118624008901051,0.2118624008901051
2006-09-09 12:00:00,2006,9,9,12,7.983750962541435,8.280342229516007,-0.2965912669745725,0.2965912669745725
2006-09-09 18:00:00,2006,9,9,18,5.576231518183283,6.1197605667896475,-0.5435290486063646,0.5435290486063646
2006-09-10 00:00:00,2006,9,10,0,4.6380813871223365,4.94394957024006,-0.3058681831177239,0.3058681831177239
2006-09-10 06:00:00,2006,9,10,6,6.048557667442227,5.701013133267794,0.34754453417443276,0.34754453417443276
2006-09-10 12:00:00,2006,9,10,12,8.614035322028322,8.454917926448928,0.15911739557939342,0.15911739557939342
2006-09-10 18:00:00,2006,9,10,18,5.133058216358124,5.263346495260097,-0.1302882789019728,0.1302882789019728
2006-09-11 00:00:00,2006,9,11,0,4.648421098591652,4.7941541977747875,-0.14573309918313537,0.14573309918313537
2006-09-11 06:00:00,2006,9,11,6,4.753528280614531,4.9834299645770255,-0.22990168396249455,0.22990168396249455
2006-09-11 12:00:00,2006,9,11,12,8.145318472063476,7.901229591590072,0.24408888047340405,0.24408888047340405
2006-09-11 18:00:00,2006,9,11,18,5.7482482261451295,5.470656714270348,0.2775915118747818,0.2775915118747818
2006-09-12 00:00:00,2006,9,12,0,5.348535627373069,5.027268531394005,0.32126709597906444,0.32126709597906444
2006-09-12 06:00:00,2006,9,12,6,5.106783963489432,5.212565443267293,-0.10578147977786045,0.10578147977786045
2006-09-12 12:00:00,2006,9,12,12,8.242062593322602,7.873786259123468,0.36827633419913397,0.36827633419913397
2006-09-12 18:00:00,2006,9,12,18,5.352179324713849,5.350563173002588,0.001616151711260727,0.001616151711260727
2006-09-13 00:00:00,2006,9,13,0,5.043768349717864,4.85565085802875,0.18811749168911351,0.18811749168911351
2006-09-13 06:00:00,2006,9,13,6,5.53793045120239,5.435853166293465,0.10207728490892531,0.10207728490892531
2006-09-13 12:00:00,2006,9,13,12,7.547030923991445,7.88125803427703,-0.3342271102855854,0.3342271102855854
2006-09-13 18:00:00,2006,9,13,18,5.453560276391064,5.494028008413446,-0.04046773202238185,0.04046773202238185
2006-09-14 00:00:00,2006,9,14,0,4.569326097453463,4.6991677701999786,-0.12984167274651526,0.12984167274651526
2006-09-14 06:00:00,2006,9,14,6,5.026490480440367,5.157226397813631,-0.13073591737326318,0.13073591737326318
2006-09-14 12:00:00,2006,9,14,12,8.089940836493653,8.259326695880652,-0.16938585938699902,0.16938585938699902
2006-09-14 18:00:00,2006,9,14,18,4.931910645248873,5.021902196242833,-0.08999155099396017,0.08999155099396017
2006-09-15 00:00:00,2006,9,15,0,5.17637074295414,4.883468372936511,0.29290237001762964,0.29290237001762964
2006-09-15 06:00:00,2006,9,15,6,5.4330251236304745,5.3684550080142435,0.06457011561623105,0.06457011561623105
2006-09-15 12:00:00,2006,9,15,12,7.676906104536327,7.83362362416557,-0.15671751962924318,0.15671751962924318
2006-09-15 18:00:00,2006,9,15,18,5.155394789915745,5.154287012797154,0.0011077771185910024,0.0011077771185910024
2006-09-16 00:00:00,2006,9,16,0,4.8309707901524535,5.084123293188947,-0.2531525030364934,0.2531525030364934
2006-09-16 06:00:00,2006,9,16,6,5.293140251034879,5.341845500628389,-0.048705249593509414,0.048705249593509414
2006-09-16 12:00:00,2006,9,16,12,7.785066122575689,8.193862722050694,-0.40879659947500535,0.40879659947500535
2006-09-16 18:00:00,2006,9,16,18,4.6701470381049015,4.936284766567506,-0.26613772846260453,0.26613772846260453
2006-09-17 00:00:00,2006,9,17,0,5.299229074972147,5.059962880241384,0.23926619473076283,0.23926619473076283
2006-09-17 06:00:00,2006,9,17,6,5.166057374335916,5.312482121729008,-0.14642474739309197,0.14642474739309197
2006-09-17 12:00:00,2006,9,17,12,7.677436483982963,7.713105975166454,-0.03566949118349072,0.03566949118349072
2006-09-17 18:00:00,2006,9,17,18,5.6245333682768095,5.622933906351445,0.0015994619253643094,0.0015994619253643094
2006-09-18 00:00:00,2006,9,18,0,5.885475696314656,5.361745378770703,0.5237303175439534,0.5237303175439534
2006-09-18 06:00:00,2006,9,18,6,4.575736429189263,5.2492396374110175,-0.6735032082217547,0.6735032082217547
2006-09-18 12:00:00,2006,9,18,12,7.696548806723154,7.990134332742496,-0.29358552601934207,0.29358552601934207
2006-09-18 18:00:00,2006,9,18,18,6.054931257983221,5.650633857054853,0.4042974009283684,0.4042974009283684
2006-09-19 00:00:00,2006,9,19,0,4.965212099351185,4.747614266519732,0.21759783283145318,0.21759783283145318
2006-09-19 06:00:00,2006,9,19,6,5.400648629527287,5.324211629428094,0.07643700009919296,0.07643700009919296
2006-09-19 12:00:00,2006,9,19,12,7.801818151793978,7.697668594543234,0.10414955725074382,0.10414955725074382
2006-09-19 18:00:00,2006,9,19,18,5.153956859246383,5.273917407881041,-0.11996054863465755,0.11996054863465755
2006-09-20 00:00:00,2006,9,20,0,4.929194618618253,5.089638550080276,-0.16044393146202296,0.16044393146202296
2006-09-20 06:00:00,2006,9,20,6,5.412605929161645,5.5661722078915945,-0.15356627872994988,0.15356627872994988
2006-09-20 12:00:00,2006,9,20,12,7.997175821420118,8.011175115366836,-0.013999293946717728,0.013999293946717728
2006-09-20 18:00:00,2006,9,20,18,5.141332547285004,4.8340840682614346,0.30724847902356967,0.30724847902356967
2006-09-21 00:00:00,2006,9,21,0,4.705856857303134,4.622357268845155,0.083499588457979,0.083499588457979
2006-09-21 06:00:00,2006,9,21,6,5.293905579730283,5.3536234067166255,-0.05971782698634254,0.05971782698634254
2006-09-21 12:00:00,2006,9,21,12,7.622126333990194,7.818796029872947,-0.1966696958827523,0.1966696958827523
2006-09-21 18:00:00,2006,9,21,18,5.181679160366298,5.3316438994872835,-0.1499647391209855,0.1499647391209855
2006-09-22 00:00:00,2006,9,22,0,4.2751184682417165,4.653339754179995,-0.3782212859382783,0.3782212859382783
2006-09-22 06:00:00,2006,9,22,6,5.4264795844025135,5.401196221303855,0.02528336309865864,0.02528336309865864
2006-09-22 12:00:00,2006,9,22,12,7.512279270394786,7.826427406796531,-0.3141481364017453,0.3141481364017453
2006-09-22 18:00:00,2006,9,22,18,5.306151557249764,5.3768004494067325,-0.07064889215696812,0.07064889215696812
2006-09-23 00:00:00,2006,9,23,0,4.873747308819328,4.779562661023925,0.09418464779540336,0.09418464779540336
2006-09-23 06:00:00,2006,9,23,6,5.101048436836466,5.057589840107176,0.0434585967292902,0.0434585967292902
2006-09-23 12:00:00,2006,9,23,12,7.713939934653769,7.6940125736791,0.01992736097466974,0.01992736097466974
2006-09-23 18:00:00,2006,9,23,18,5.533246992440554,5.306183132859779,0.2270638595807748,0.2270638595807748
2006-09-24 00:00:00,2006,9,24,0,5.08347776188464,4.960558161683546,0.12291960020109371,0.12291960020109371
2006-09-24 06:00:00,2006,9,24,6,5.338326020897877,5.458016394182019,-0.11969037328414256,0.11969037328414256
2006-09-24 12:00:00,2006,9,24,12,7.121145860121213,7.454872396945238,-0.33372653682402564,0.33372653682402564
2006-09-24 18:00:00,2006,9,24,18,4.886428314031228,5.039087161230772,-0.15265884719954403,0.15265884719954403
2006-09-25 00:00:00,2006,9,25,0,4.772659972631843,4.71830401575615,0.05435595687569261,0.05435595687569261
2006-09-25 06:00:00,2006,9,25,6,5.451132434171536,5.4268098415453645,0.02432259262617187,0.02432259262617187
2006-09-25 12:00:00,2006,9,25,12,7.0761253846602665,7.334492388745168,-0.2583670040849011,0.2583670040849011
2006-09-25 18:00:00,2006,9,25,18,5.1747884044889645,5.192938283189194,-0.018149878700229216,0.018149878700229216
2006-09-26 00:00:00,2006,9,26,0,5.196457998900918,5.082433791722818,0.11402420717810013,0.11402420717810013
2006-09-26 06:00:00,2006,9,26,6,5.996513335757219,5.944561623108041,0.05195171264917775,0.05195171264917775
2006-09-26 12:00:00,2006,9,26,12,7.74775959754791,7.724986553228273,0.02277304431963678,0.02277304431963678
2006-09-26 18:00:00,2006,9,26,18,4.705431033435113,4.8726310531082735,-0.16720001967316023,0.16720001967316023
2006-09-27 00:00:00,2006,9,27,0,5.490221116603911,5.278010725129095,0.2122103914748168,0.2122103914748168
2006-09-27 06:00:00,2006,9,27,6,5.656303128785919,5.239756265715339,0.41654686307057975,0.41654686307057975
2006-09-27 12:00:00,2006,9,27,12,7.412975802097134,7.587817027098315,-0.17484122500118104,0.17484122500118104
2006-09-27 18:00:00,2006,9,27,18,4.605647192154762,4.797640116397919,-0.1919929242431575,0.1919929242431575
2006-09-28 00:00:00,2006,9,28,0,4.521223091719749,4.521035049321263,0.00018804239848613236,0.00018804239848613236
2006-09-28 06:00:00,2006,9,28,6,4.876612150332294,4.910719552220162,-0.03410740188786843,0.03410740188786843
2006-09-28 12:00:00,2006,9,28,12,7.693164897008865,7.710012445293219,-0.016847548284354197,0.016847548284354197
2006-09-28 18:00:00,2006,9,28,18,4.762328035684321,4.890295550742397,-0.12796751505807524,0.12796751505807524
2006-09-29 00:00:00,2006,9,29,0,4.433332263369969,4.439776714956115,-0.006444451586145483,0.006444451586145483
2006-09-29 06:00:00,2006,9,29,6,4.949443756693998,5.037101103249195,-0.08765734655519708,0.08765734655519708
2006-09-29 12:00:00,2006,9,29,12,7.355370279922671,7.067671514930418,0.28769876499225244,0.28769876499225244
2006-09-29 18:00:00,2006,9,29,18,4.994658260712318,4.902382103078552,0.09227615763376562,0.09227615763376562
2006-09-30 00:00:00,2006,9,30,0,4.833147422050882,4.616922406983413,0.21622501506746872,0.21622501506746872
2006-09-30 06:00:00,2006,9,30,6,5.043163077896381,5.011828372833437,0.031334705062943335,0.031334705062943335
2006-09-30 12:00:00,2006,9,30,12,7.537118722942463,7.3485669783808385,0.18855174456162427,0.18855174456162427
2006-09-30 18:00:00,2006,9,30,18,5.001275557543747,4.987416085071638,0.013859472472108614,0.013859472472108614
2006-10-01 00:00:00,2006,10,1,0,4.888458543523663,4.489219142846704,0.39923940067695973,0.39923940067695973
2006-10-01 06:00:00,2006,10,1,6,5.344368474436937,5.20466547453325,0.13970299990368673,0.13970299990368673
2006-10-01 12:00:00,2006,10,1,12,6.923426538183946,7.180567450719667,-0.25714091253572047,0.25714091253572047
2006-10-01 18:00:00,2006,10,1,18,4.945262984311367,5.095271819265869,-0.15000883495450168,0.15000883495450168
2006-10-02 00:00:00,2006,10,2,0,4.472280309872424,4.493982777918191,-0.02170246804576692,0.02170246804576692
2006-10-02 06:00:00,2006,10,2,6,5.036997410169148,4.988432729407049,0.048564680762098966,0.048564680762098966
2006-10-02 12:00:00,2006,10,2,12,7.515600363161661,7.3278339590626445,0.18776640409901635,0.18776640409901635
2006-10-02 18:00:00,2006,10,2,18,4.844838383526809,4.960834911258009,-0.11599652773120006,0.11599652773120006
2006-10-03 00:00:00,2006,10,3,0,4.429282463211865,4.448675949577961,-0.019393486366095836,0.019393486366095836
2006-10-03 06:00:00,2006,10,3,6,5.20511980791131,4.998854825850842,0.2062649820604685,0.2062649820604685
2006-10-03 12:00:00,2006,10,3,12,7.404374999978777,7.715948903110654,-0.31157390313187694,0.31157390313187694
2006-10-03 18:00:00,2006,10,3,18,4.672992926774149,4.878058304086379,-0.20506537731223062,0.20506537731223062
2006-10-04 00:00:00,2006,10,4,0,4.638941217862602,4.33174035446493,0.3072008633976715,0.3072008633976715
2006-10-04 06:00:00,2006,10,4,6,5.191693168284232,5.343568397617398,-0.15187522933316622,0.15187522933316622
2006-10-04 12:00:00,2006,10,4,12,7.32626855815858,7.14326719759607,0.1830013605625096,0.1830013605625096
2006-10-04 18:00:00,2006,10,4,18,5.022305319553522,4.774875359369172,0.24742996018434926,0.24742996018434926
2006-10-05 00:00:00,2006,10,5,0,4.440929910637525,4.733707269759082,-0.29277735912155656,0.29277735912155656
2006-10-05 06:00:00,2006,10,5,6,4.667324418880399,4.829369788266209,-0.16204536938581082,0.16204536938581082
2006-10-05 12:00:00,2006,10,5,12,7.452352912687402,7.37254747318019,0.0798054395072123,0.0798054395072123
2006-10-05 18:00:00,2006,10,5,18,5.286952728862953,5.487632060958061,-0.2006793320951079,0.2006793320951079
2006-10-06 00:00:00,2006,10,6,0,4.888560322575632,4.781611304043125,0.10694901853250727,0.10694901853250727
2006-10-06 06:00:00,2006,10,6,6,4.882428361717955,4.91618931530544,-0.03376095358748454,0.03376095358748454
2006-10-06 12:00:00,2006,10,6,12,7.615679739465081,7.5288428072705615,0.08683693219451971,0.08683693219451971
2006-10-06 18:00:00,2006,10,6,18,5.085833697428215,5.095378593875316,-0.009544896447101436,0.009544896447101436
2006-10-07 00:00:00,2006,10,7,0,4.559886754065232,4.3768746532627105,0.18301210080252162,0.18301210080252162
2006-10-07 06:00:00,2006,10,7,6,5.2104151929626,4.91212191200331,0.29829328095928975,0.29829328095928975
2006-10-07 12:00:00,2006,10,7,12,7.652410422093185,7.425241975432143,0.2271684466610422,0.2271684466610422
2006-10-07 18:00:00,2006,10,7,18,4.9092126267515726,4.917577453623016,-0.008364826871443576,0.008364826871443576
2006-10-08 00:00:00,2006,10,8,0,4.627586492384113,4.725569140412099,-0.09798264802798595,0.09798264802798595
2006-10-08 06:00:00,2006,10,8,6,5.0534348471859785,5.038971215790792,0.014463631395186027,0.014463631395186027
2006-10-08 12:00:00,2006,10,8,12,7.359278296879582,7.197578162800577,0.1617001340790054,0.1617001340790054
2006-10-08 18:00:00,2006,10,8,18,5.33942540168978,4.93722347527183,0.40220192641795016,0.40220192641795016
2006-10-09 00:00:00,2006,10,9,0,4.831079506795154,4.5331516156946465,0.29792789110050766,0.29792789110050766
2006-10-09 06:00:00,2006,10,9,6,4.507786813534699,4.597174797435799,-0.08938798390110048,0.08938798390110048
2006-10-09 12:00:00,2006,10,9,12,7.249202635206574,7.207553732176602,0.04164890302997204,0.04164890302997204
2006-10-09 18:00:00,2006,10,9,18,5.150232668087024,4.994444600146672,0.15578806794035227,0.15578806794035227
2006-10-10 00:00:00,2006,10,10,0,4.788856270728028,4.440409010842257,0.34844725988577174,0.34844725988577174
2006-10-10 06:00:00,2006,10,10,6,4.493359581730774,4.8090778635116385,-0.3157182817808648,0.3157182817808648
2006-10-10 12:00:00,2006,10,10,12,7.18572412855682,7.139677409182765,0.04604671937405502,0.04604671937405502
2006-10-10 18:00:00,2006,10,10,18,4.824196164872819,4.851616680060321,-0.02742051518750177,0.02742051518750177
2006-10-11 00:00:00,2006,10,11,0,4.3865595100288735,4.182430703154919,0.20412880687395418,0.20412880687395418
2006-10-11 06:00:00,2006,10,11,6,4.958256910676191,4.93572770204649,0.022529208629700648,0.022529208629700648
2006-10-11 12:00:00,2006,10,11,12,7.470612923709328,7.289262475728304,0.18135044798102395,0.18135044798102395
2006-10-11 18:00:00,2006,10,11,18,4.5080755402350965,4.709836812625364,-0.2017612723902671,0.2017612723902671
2006-10-12 00:00:00,2006,10,12,0,4.3078694239821775,4.3834036462750126,-0.07553422229283502,0.07553422229283502
2006-10-12 06:00:00,2006,10,12,6,5.050226147781502,4.712846716982371,0.3373794307991309,0.3373794307991309
2006-10-12 12:00:00,2006,10,12,12,7.161603556694194,6.99897594359413,0.16262761310006457,0.16262761310006457
2006-10-12 18:00:00,2006,10,12,18,4.6808021876664885,4.735688015198915,-0.05488582753242621,0.05488582753242621
2006-10-13 00:00:00,2006,10,13,0,4.661754230379628,4.358410547190903,0.30334368318872507,0.30334368318872507
2006-10-13 06:00:00,2006,10,13,6,4.94008163855978,4.745862973742143,0.1942186648176376,0.1942186648176376
2006-10-13 12:00:00,2006,10,13,12,7.211977689221956,7.191740188204554,0.020237501017401627,0.020237501017401627
2006-10-13 18:00:00,2006,10,13,18,4.437791028901855,4.691933187680221,-0.2541421587783663,0.2541421587783663
2006-10-14 00:00:00,2006,10,14,0,4.237227051638647,4.222017576425041,0.015209475213605828,0.015209475213605828
2006-10-14 06:00:00,2006,10,14,6,4.4516329642840216,4.537491136793273,-0.08585817250925132,0.08585817250925132
2006-10-14 12:00:00,2006,10,14,12,7.210667358528612,7.133531727669325,0.07713563085928676,0.07713563085928676
2006-10-14 18:00:00,2006,10,14,18,4.933004408273758,4.888163204070017,0.044841204203740936,0.044841204203740936
2006-10-15 00:00:00,2006,10,15,0,4.5028096969159295,4.038869471078766,0.4639402258371632,0.4639402258371632
2006-10-15 06:00:00,2006,10,15,6,4.542295390641344,4.885175302707988,-0.3428799120666435,0.3428799120666435
2006-10-15 12:00:00,2006,10,15,12,6.374636152859591,6.637370162517149,-0.26273400965755744,0.26273400965755744
2006-10-15 18:00:00,2006,10,15,18,4.597694280671677,4.625513800550218,-0.027819519878541143,0.027819519878541143
2006-10-16 00:00:00,2006,10,16,0,3.692361740301803,4.17604298346349,-0.48368124316168704,0.48368124316168704
2006-10-16 06:00:00,2006,10,16,6,4.307766662633313,4.678514430669763,-0.37074776803645015,0.37074776803645015
2006-10-16 12:00:00,2006,10,16,12,6.766915436753629,6.940467943647395,-0.173552506893766,0.173552506893766
2006-10-16 18:00:00,2006,10,16,18,5.051843614257852,4.810421176322504,0.24142243793534846,0.24142243793534846
2006-10-17 00:00:00,2006,10,17,0,3.760916330519515,3.970014824651853,-0.20909849413233816,0.20909849413233816
2006-10-17 06:00:00,2006,10,17,6,3.9662033395418153,4.336487677530383,-0.37028433798856764,0.37028433798856764
2006-10-17 12:00:00,2006,10,17,12,6.975478454331342,7.051560570576714,-0.07608211624537198,0.07608211624537198
2006-10-17 18:00:00,2006,10,17,18,4.605410826443766,4.501613249888082,0.10379757655568422,0.10379757655568422
2006-10-18 00:00:00,2006,10,18,0,4.067980877670321,4.097110179882824,-0.029129302212503205,0.029129302212503205
2006-10-18 06:00:00,2006,10,18,6,4.4769944757507805,4.60050149450163,-0.1235070187508498,0.1235070187508498
2006-10-18 12:00:00,2006,10,18,12,6.913074339185971,6.986519353369528,-0.07344501418355698,0.07344501418355698
2006-10-18 18:00:00,2006,10,18,18,4.3142799129316725,4.662888498771093,-0.3486085858394201,0.3486085858394201
2006-10-19 00:00:00,2006,10,19,0,4.350369635448165,4.443747373937165,-0.093377738489,0.093377738489
2006-10-19 06:00:00,2006,10,19,6,4.374191632693079,4.660146098328773,-0.2859544656356938,0.2859544656356938
2006-10-19 12:00:00,2006,10,19,12,6.947295531859959,6.8616683435589785,0.0856271883009807,0.0856271883009807
2006-10-19 18:00:00,2006,10,19,18,4.143961213240824,4.43178853580458,-0.2878273225637562,0.2878273225637562
2006-10-20 00:00:00,2006,10,20,0,4.4331749278231545,4.193310298614027,0.23986462920912732,0.23986462920912732
2006-10-20 06:00:00,2006,10,20,6,4.632721780922018,4.470561812783379,0.16215996813863853,0.16215996813863853
2006-10-20 12:00:00,2006,10,20,12,6.582577882423498,6.95213948281149,-0.3695616003879918,0.3695616003879918
2006-10-20 18:00:00,2006,10,20,18,4.801054925425613,4.746604796506655,0.054450128918958285,0.054450128918958285
2006-10-21 00:00:00,2006,10,21,0,4.228418590625488,4.270437857764831,-0.04201926713934334,0.04201926713934334
2006-10-21 06:00:00,2006,10,21,6,4.77055480063327,4.736366407857988,0.03418839277528196,0.03418839277528196
2006-10-21 12:00:00,2006,10,21,12,6.619618441887928,6.795059068129698,-0.1754406262417696,0.1754406262417696
2006-10-21 18:00:00,2006,10,21,18,4.634669640223596,4.455605896710565,0.1790637435130309,0.1790637435130309
2006-10-22 00:00:00,2006,10,22,0,4.099174664686385,4.06178555389179,0.03738911079459495,0.03738911079459495
2006-10-22 06:00:00,2006,10,22,6,4.337804662489298,4.757110925909293,-0.4193062634199949,0.4193062634199949
2006-10-22 12:00:00,2006,10,22,12,7.252449984027532,6.854168679863775,0.3982813041637572,0.3982813041637572
2006-10-22 18:00:00,2006,10,22,18,4.303947942689455,4.411716763980729,-0.1077688212912733,0.1077688212912733
2006-10-23 00:00:00,2006,10,23,0,4.516465031273612,4.305756918532646,0.21070811274096624,0.21070811274096624
2006-10-23 06:00:00,2006,10,23,6,4.838962606157805,4.866468374458815,-0.027505768301010036,0.027505768301010036
2006-10-23 12:00:00,2006,10,23,12,6.857407679241155,6.857940831390745,-0.0005331521495897107,0.0005331521495897107
2006-10-23 18:00:00,2006,10,23,18,4.269090881473997,4.517756422380639,-0.24866554090664206,0.24866554090664206
2006-10-24 00:00:00,2006,10,24,0,3.977423244626413,4.066418687446604,-0.08899544282019134,0.08899544282019134
2006-10-24 06:00:00,2006,10,24,6,4.737052555438188,4.69516916849712,0.04188338694106797,0.04188338694106797
2006-10-24 12:00:00,2006,10,24,12,6.956357897241944,6.564946794299875,0.3914111029420697,0.3914111029420697
2006-10-24 18:00:00,2006,10,24,18,4.118303386310265,4.337643153461728,-0.21933976715146297,0.21933976715146297
2006-10-25 00:00:00,2006,10,25,0,3.8140328039214473,3.9138295383156962,-0.09979673439424896,0.09979673439424896
2006-10-25 06:00:00,2006,10,25,6,4.251477748147725,4.209962884146287,0.04151486400143778,0.04151486400143778
2006-10-25 12:00:00,2006,10,25,12,6.3781151336778334,6.562696046300937,-0.18458091262310372,0.18458091262310372
2006-10-25 18:00:00,2006,10,25,18,4.65156524035199,4.497647041317618,0.1539181990343712,0.1539181990343712
2006-10-26 00:00:00,2006,10,26,0,4.281335155630924,4.037829258330155,0.24350589730076866,0.24350589730076866
2006-10-26 06:00:00,2006,10,26,6,4.357651297432713,4.719088788196735,-0.3614374907640219,0.3614374907640219
2006-10-26 12:00:00,2006,10,26,12,6.277558974273611,6.6369612247033745,-0.35940225042976337,0.35940225042976337
2006-10-26 18:00:00,2006,10,26,18,4.524952249367552,4.411475947191677,0.1134763021758749,0.1134763021758749
2006-10-27 00:00:00,2006,10,27,0,4.38108829252178,4.2456717889510385,0.13541650357074175,0.13541650357074175
2006-10-27 06:00:00,2006,10,27,6,4.147441220288298,4.33368831023903,-0.18624708995073114,0.18624708995073114
2006-10-27 12:00:00,2006,10,27,12,6.421319964290783,6.749306595590603,-0.32798663129982053,0.32798663129982053
2006-10-27 18:00:00,2006,10,27,18,4.355058931132306,4.378200621001099,-0.02314168986879306,0.02314168986879306
2006-10-28 00:00:00,2006,10,28,0,4.190941114390665,4.159405902540772,0.03153521184989305,0.03153521184989305
2006-10-28 06:00:00,2006,10,28,6,4.941309472730788,4.455732514679758,0.4855769580510305,0.4855769580510305
2006-10-28 12:00:00,2006,10,28,12,6.34729276776927,6.428047045529642,-0.0807542777603718,0.0807542777603718
2006-10-28 18:00:00,2006,10,28,18,4.154868443695101,4.329953873232753,-0.17508542953765271,0.17508542953765271
2006-10-29 00:00:00,2006,10,29,0,4.416384708045036,4.067852825446389,0.348531882598647,0.348531882598647
2006-10-29 06:00:00,2006,10,29,6,4.484072127447322,4.498616278962568,-0.014544151515245574,0.014544151515245574
2006-10-29 12:00:00,2006,10,29,12,6.766423658579383,6.554930473962069,0.21149318461731337,0.21149318461731337
2006-10-29 18:00:00,2006,10,29,18,4.746238576641372,4.335823634180695,0.4104149424606769,0.4104149424606769
2006-10-30 00:00:00,2006,10,30,0,4.147657282675169,3.8483516076154114,0.2993056750597578,0.2993056750597578
2006-10-30 06:00:00,2006,10,30,6,4.520486647679135,4.423583809079972,0.09690283859916349,0.09690283859916349
2006-10-30 12:00:00,2006,10,30,12,6.814159997665945,6.631464402851926,0.18269559481401831,0.18269559481401831
2006-10-30 18:00:00,2006,10,30,18,4.526268165168563,4.227985941567386,0.29828222360117707,0.29828222360117707
2006-10-31 00:00:00,2006,10,31,0,3.988742652640185,4.115560908127453,-0.12681825548726788,0.12681825548726788
2006-10-31 06:00:00,2006,10,31,6,3.961724750356408,4.150596884484138,-0.18887213412772974,0.18887213412772974
2006-10-31 12:00:00,2006,10,31,12,6.520096399230269,6.2678965737357055,0.25219982549456343,0.25219982549456343
2006-10-31 18:00:00,2006,10,31,18,4.543981164503754,4.746522419970777,-0.20254125546702273,0.20254125546702273
2006-11-01 00:00:00,2006,11,1,0,4.418091867870212,3.819425579278004,0.5986662885922076,0.5986662885922076
2006-11-01 06:00:00,2006,11,1,6,3.931448914103836,4.161405598939983,-0.2299566848361474,0.2299566848361474
2006-11-01 12:00:00,2006,11,1,12,6.761030848038698,6.888553133968946,-0.12752228593024828,0.12752228593024828
2006-11-01 18:00:00,2006,11,1,18,4.623081267200188,4.414184850608085,0.20889641659210323,0.20889641659210323
2006-11-02 00:00:00,2006,11,2,0,3.4617228738881005,3.7181372073679673,-0.25641433347986675,0.25641433347986675
2006-11-02 06:00:00,2006,11,2,6,4.606308842348649,4.090839659214729,0.51546918313392,0.51546918313392
2006-11-02 12:00:00,2006,11,2,12,6.848883667455265,6.41582625103551,0.43305741641975537,0.43305741641975537
2006-11-02 18:00:00,2006,11,2,18,4.545346334667066,4.275542532262432,0.26980380240463386,0.26980380240463386
2006-11-03 00:00:00,2006,11,3,0,3.7565074414050903,3.940036899621192,-0.18352945821610156,0.18352945821610156
2006-11-03 06:00:00,2006,11,3,6,4.420937864677287,4.161705034659498,0.2592328300177895,0.2592328300177895
2006-11-03 12:00:00,2006,11,3,12,6.393432561148908,6.370474034917328,0.022958526231579235,0.022958526231579235
2006-11-03 18:00:00,2006,11,3,18,4.1100182199562845,4.065256187096236,0.04476203286004843,0.04476203286004843
2006-11-04 00:00:00,2006,11,4,0,4.097839352168718,3.8811155277356097,0.216723824433108,0.216723824433108
2006-11-04 06:00:00,2006,11,4,6,4.154183769990676,4.119041900746343,0.03514186924433371,0.03514186924433371
2006-11-04 12:00:00,2006,11,4,12,6.273009181639827,6.523737380681128,-0.2507281990413013,0.2507281990413013
2006-11-04 18:00:00,2006,11,4,18,3.839708262178424,3.963077274269681,-0.12336901209125672,0.12336901209125672
2006-11-05 00:00:00,2006,11,5,0,3.3197903279540766,3.363092727711199,-0.043302399757122245,0.043302399757122245
2006-11-05 06:00:00,2006,11,5,6,3.979271716962232,4.268440623404773,-0.2891689064425411,0.2891689064425411
2006-11-05 12:00:00,2006,11,5,12,6.496520730284415,6.359960601280177,0.13656012900423775,0.13656012900423775
2006-11-05 18:00:00,2006,11,5,18,4.237933982014976,3.982116674915344,0.2558173070996319,0.2558173070996319
2006-11-06 00:00:00,2006,11,6,0,3.691966377526041,3.647155651915164,0.044810725610876734,0.044810725610876734
2006-11-06 06:00:00,2006,11,6,6,4.728014678938313,4.341690331032373,0.3863243479059397,0.3863243479059397
2006-11-06 12:00:00,2006,11,6,12,6.28098128808158,6.16667979566951,0.11430149241206955,0.11430149241206955
2006-11-06 18:00:00,2006,11,6,18,4.019290957995425,4.009938999983121,0.009351958012303818,0.009351958012303818
2006-11-07 00:00:00,2006,11,7,0,3.65978810157527,3.7649772513926134,-0.10518914981734362,0.10518914981734362
2006-11-07 06:00:00,2006,11,7,6,4.37342315394698,4.3032649071917355,0.07015824675524485,0.07015824675524485
2006-11-07 12:00:00,2006,11,7,12,5.488319842664207,6.060044989981772,-0.5717251473175651,0.5717251473175651
2006-11-07 18:00:00,2006,11,7,18,4.274743648416727,3.910528552674353,0.3642150957423742,0.3642150957423742
2006-11-08 00:00:00,2006,11,8,0,3.719805520129156,3.5936624275268896,0.12614309260226664,0.12614309260226664
2006-11-08 06:00:00,2006,11,8,6,4.5243923602558365,4.251228339108428,0.2731640211474087,0.2731640211474087
2006-11-08 12:00:00,2006,11,8,12,6.370630762144529,6.082664510348959,0.2879662517955701,0.2879662517955701
2006-11-08 18:00:00,2006,11,8,18,4.2501523268394,4.049458179303255,0.20069414753614456,0.20069414753614456
2006-11-09 00:00:00,2006,11,9,0,3.3213951002542825,3.621152621152793,-0.2997575208985106,0.2997575208985106
2006-11-09 06:00:00,2006,11,9,6,3.375201564573316,4.072142478250225,-0.6969409136769085,0.6969409136769085
2006-11-09 12:00:00,2006,11,9,12,7.440851378632068,6.145535895544877,1.2953154830871911,1.2953154830871911
2006-11-09 18:00:00,2006,11,9,18,4.049125173620361,3.9550823581897756,0.09404281543058524,0.09404281543058524
2006-11-10 00:00:00,2006,11,10,0,3.5020457580183235,3.7051831012812286,-0.2031373432629051,0.2031373432629051
2006-11-10 06:00:00,2006,11,10,6,4.265292715069462,4.325999802878101,-0.060707087808639315,0.060707087808639315
2006-11-10 12:00:00,2006,11,10,12,5.975213539167103,6.279978381595428,-0.3047648424283249,0.3047648424283249
2006-11-10 18:00:00,2006,11,10,18,4.000629409031758,3.997344361695033,0.0032850473367247446,0.0032850473367247446
2006-11-11 00:00:00,2006,11,11,0,3.5519906290259486,3.478543311902199,0.07344731712374974,0.07344731712374974
2006-11-11 06:00:00,2006,11,11,6,4.005005727696428,4.041314800473346,-0.03630907277691797,0.03630907277691797
2006-11-11 12:00:00,2006,11,11,12,5.906300331481211,5.85807670555179,0.04822362592942131,0.04822362592942131
2006-11-11 18:00:00,2006,11,11,18,4.280098630863457,4.1196466912980965,0.16045193956536075,0.16045193956536075
2006-11-12 00:00:00,2006,11,12,0,4.053094402493803,3.71732064293642,0.3357737595573833,0.3357737595573833
2006-11-12 06:00:00,2006,11,12,6,3.9480450001225647,4.017902130490708,-0.06985713036814367,0.06985713036814367
2006-11-12 12:00:00,2006,11,12,12,6.141553152370796,6.265061698303757,-0.12350854593296123,0.12350854593296123
2006-11-12 18:00:00,2006,11,12,18,3.7518528979127774,3.929042799520946,-0.1771899016081684,0.1771899016081684
2006-11-13 00:00:00,2006,11,13,0,3.8349303663916094,3.6901999252699498,0.14473044112165967,0.14473044112165967
2006-11-13 06:00:00,2006,11,13,6,4.345384025127928,4.0076220267677005,0.3377619983602278,0.3377619983602278
2006-11-13 12:00:00,2006,11,13,12,6.468910953594708,6.279511846312198,0.18939910728250986,0.18939910728250986
2006-11-13 18:00:00,2006,11,13,18,4.18830106311148,4.118062739898471,0.07023832321300905,0.07023832321300905
2006-11-14 00:00:00,2006,11,14,0,3.622466316571464,3.767516859349655,-0.14505054277819118,0.14505054277819118
2006-11-14 06:00:00,2006,11,14,6,4.549637375207947,4.366532388233697,0.18310498697425004,0.18310498697425004
2006-11-14 12:00:00,2006,11,14,12,6.206561399279128,6.27845159016454,-0.07189019088541215,0.07189019088541215
2006-11-14 18:00:00,2006,11,14,18,4.141559616795753,4.0068823187152,0.13467729808055307,0.13467729808055307
2006-11-15 00:00:00,2006,11,15,0,3.736016800405213,3.625560109077978,0.11045669132723512,0.11045669132723512
2006-11-15 06:00:00,2006,11,15,6,3.495504299157416,3.822057557385432,-0.32655325822801595,0.32655325822801595
2006-11-15 12:00:00,2006,11,15,12,5.9523143594152526,6.115500396733676,-0.16318603731842352,0.16318603731842352
2006-11-15 18:00:00,2006,11,15,18,3.651195839276174,3.993913539795266,-0.342717700519092,0.342717700519092
2006-11-16 00:00:00,2006,11,16,0,3.628798840452985,3.6649908298402303,-0.036191989387245105,0.036191989387245105
2006-11-16 06:00:00,2006,11,16,6,3.8260253086307134,3.900123778529048,-0.07409846989833468,0.07409846989833468
2006-11-16 12:00:00,2006,11,16,12,6.671498026470822,5.892221542399638,0.7792764840711834,0.7792764840711834
2006-11-16 18:00:00,2006,11,16,18,3.722710325754665,3.6739995157386396,0.04871081001602562,0.04871081001602562
2006-11-17 00:00:00,2006,11,17,0,3.424998663013521,3.783156213662918,-0.358157550649397,0.358157550649397
2006-11-17 06:00:00,2006,11,17,6,3.7015188038415943,3.8554651945404723,-0.15394639069887806,0.15394639069887806
2006-11-17 12:00:00,2006,11,17,12,6.390418363113247,6.171104405514762,0.2193139575984855,0.2193139575984855
2006-11-17 18:00:00,2006,11,17,18,3.496708543726532,3.835533565121244,-0.3388250213947117,0.3388250213947117
2006-11-18 00:00:00,2006,11,18,0,3.6000380068565927,3.701946999179592,-0.10190899232299921,0.10190899232299921
2006-11-18 06:00:00,2006,11,18,6,4.131462972521498,4.3037890610499945,-0.1723260885284965,0.1723260885284965
2006-11-18 12:00:00,2006,11,18,12,6.436532254295241,6.421565837073671,0.01496641722156955,0.01496641722156955
2006-11-18 18:00:00,2006,11,18,18,3.734857740844118,3.7455805647541047,-0.0107228239099868,0.0107228239099868
2006-11-19 00:00:00,2006,11,19,0,3.126708713183936,3.1846334395415115,-0.057924726357575285,0.057924726357575285
2006-11-19 06:00:00,2006,11,19,6,3.655047600183613,3.7105584138684766,-0.055510813684863436,0.055510813684863436
2006-11-19 12:00:00,2006,11,19,12,5.536774868173066,5.94605249102833,-0.4092776228552637,0.4092776228552637
2006-11-19 18:00:00,2006,11,19,18,3.424319136718559,3.74361855537023,-0.3192994186516711,0.3192994186516711
2006-11-20 00:00:00,2006,11,20,0,3.651927829414724,3.497694570252314,0.15423325916241026,0.15423325916241026
2006-11-20 06:00:00,2006,11,20,6,3.726591739104481,3.966771007673063,-0.24017926856858196,0.24017926856858196
2006-11-20 12:00:00,2006,11,20,12,5.748860711589629,5.8813493097093685,-0.1324885981197399,0.1324885981197399
2006-11-20 18:00:00,2006,11,20,18,3.92888327255548,3.7490215025040086,0.1798617700514713,0.1798617700514713
2006-11-21 00:00:00,2006,11,21,0,3.259531740773714,3.221916741137971,0.03761499963574266,0.03761499963574266
2006-11-21 06:00:00,2006,11,21,6,3.4547805309840056,3.6690056476157986,-0.214225116631793,0.214225116631793
2006-11-21 12:00:00,2006,11,21,12,5.8292017753144165,5.660324978214498,0.16887679709991854,0.16887679709991854
2006-11-21 18:00:00,2006,11,21,18,3.959468010151955,4.0113456687557045,-0.05187765860374949,0.05187765860374949
2006-11-22 00:00:00,2006,11,22,0,3.336878909441228,3.384271477356166,-0.047392567914938066,0.047392567914938066
2006-11-22 06:00:00,2006,11,22,6,3.629511387322297,3.695384396525387,-0.06587300920309014,0.06587300920309014
2006-11-22 12:00:00,2006,11,22,12,5.446069038407333,5.816839727923206,-0.3707706895158731,0.3707706895158731
2006-11-22 18:00:00,2006,11,22,18,3.912436589468698,3.9186271613092836,-0.00619057184058569,0.00619057184058569
2006-11-23 00:00:00,2006,11,23,0,3.446468976615632,3.3286275741875806,0.11784140242805119,0.11784140242805119
2006-11-23 06:00:00,2006,11,23,6,3.893978267906718,3.7339745825586177,0.16000368534810017,0.16000368534810017
2006-11-23 12:00:00,2006,11,23,12,5.902841011601163,5.678434324376629,0.22440668722453427,0.22440668722453427
2006-11-23 18:00:00,2006,11,23,18,4.233655110612462,3.8999586686881784,0.3336964419242836,0.3336964419242836
2006-11-24 00:00:00,2006,11,24,0,3.425388327731916,3.2010004378240553,0.22438788990786085,0.22438788990786085
2006-11-24 06:00:00,2006,11,24,6,3.340793063484259,3.4347165527970485,-0.0939234893127896,0.0939234893127896
2006-11-24 12:00:00,2006,11,24,12,5.211447153730085,5.533086561736135,-0.3216394080060496,0.3216394080060496
2006-11-24 18:00:00,2006,11,24,18,3.978536361629682,3.852350137114252,0.12618622451542993,0.12618622451542993
2006-11-25 00:00:00,2006,11,25,0,3.429687270456172,3.1796584195199724,0.25002885093619964,0.25002885093619964
2006-11-25 06:00:00,2006,11,25,6,3.6818892566025534,3.516965787514674,0.16492346908787958,0.16492346908787958
2006-11-25 12:00:00,2006,11,25,12,5.744188730012501,5.6724881154459235,0.07170061456657795,0.07170061456657795
2006-11-25 18:00:00,2006,11,25,18,4.127196499195295,4.156775071744136,-0.02957857254884022,0.02957857254884022
2006-11-26 00:00:00,2006,11,26,0,3.269311817216324,3.4902442664518625,-0.22093244923553845,0.22093244923553845
2006-11-26 06:00:00,2006,11,26,6,3.7562513766098062,3.4737099808321816,0.2825413957776246,0.2825413957776246
2006-11-26 12:00:00,2006,11,26,12,5.340214578014644,5.4718230933361305,-0.13160851532148676,0.13160851532148676
2006-11-26 18:00:00,2006,11,26,18,3.1297514913607807,3.5843460189718606,-0.4545945276110799,0.4545945276110799
2006-11-27 00:00:00,2006,11,27,0,3.115807089239986,3.0555450083066864,0.06026208093329943,0.06026208093329943
2006-11-27 06:00:00,2006,11,27,6,3.6798094733112094,3.6769023950077084,0.0029070783035010095,0.0029070783035010095
2006-11-27 12:00:00,2006,11,27,12,5.871770622346712,5.717737697174248,0.15403292517246392,0.15403292517246392
2006-11-27 18:00:00,2006,11,27,18,3.807445088981844,3.7333062751864468,0.07413881379539733,0.07413881379539733
2006-11-28 00:00:00,2006,11,28,0,3.3613585935298205,3.6446596822102157,-0.2833010886803953,0.2833010886803953
2006-11-28 06:00:00,2006,11,28,6,3.153919780438303,3.2508860293485484,-0.09696624891024541,0.09696624891024541
2006-11-28 12:00:00,2006,11,28,12,5.878331597477225,5.853079599152551,0.025251998324674396,0.025251998324674396
2006-11-28 18:00:00,2006,11,28,18,3.285374868809157,3.442787536217937,-0.15741266740878013,0.15741266740878013
2006-11-29 00:00:00,2006,11,29,0,3.4837735068308686,3.0033935405241503,0.4803799663067183,0.4803799663067183
2006-11-29 06:00:00,2006,11,29,6,3.581526282638106,3.598797851467582,-0.017271568829476003,0.017271568829476003
2006-11-29 12:00:00,2006,11,29,12,5.359443722224617,5.523366549176547,-0.1639228269519304,0.1639228269519304
2006-11-29 18:00:00,2006,11,29,18,3.706007855084245,3.4780587043053357,0.2279491507789091,0.2279491507789091
2006-11-30 00:00:00,2006,11,30,0,4.000684617633241,3.968950933821544,0.031733683811697055,0.031733683811697055
2006-11-30 06:00:00,2006,11,30,6,3.642091957047194,3.3943249972505076,0.2477669597966865,0.2477669597966865
2006-11-30 12:00:00,2006,11,30,12,5.326548304168002,5.340750567979246,-0.01420226381124401,0.01420226381124401
2006-11-30 18:00:00,2006,11,30,18,3.760822139742377,3.592077474009503,0.16874466573287394,0.16874466573287394
2006-12-01 00:00:00,2006,12,1,0,3.431742918508503,3.1991569986334887,0.2325859198750142,0.2325859198750142
2006-12-01 06:00:00,2006,12,1,6,3.7789274358837455,3.467085794460531,0.31184164142321436,0.31184164142321436
2006-12-01 12:00:00,2006,12,1,12,5.526350344518743,5.406449901373485,0.1199004431452586,0.1199004431452586
2006-12-01 18:00:00,2006,12,1,18,3.135693040649276,3.5684773856706533,-0.4327843450213775,0.4327843450213775
2006-12-02 00:00:00,2006,12,2,0,2.7361384499412083,3.0219062041125375,-0.28576775417132927,0.28576775417132927
2006-12-02 06:00:00,2006,12,2,6,3.327050857201093,3.323164644186995,0.0038862130140979723,0.0038862130140979723
2006-12-02 12:00:00,2006,12,2,12,4.958103328282961,5.275441985103225,-0.3173386568202634,0.3173386568202634
2006-12-02 18:00:00,2006,12,2,18,3.178746848609458,3.38233676090309,-0.20358991229363177,0.20358991229363177
2006-12-03 00:00:00,2006,12,3,0,3.329959006985028,2.9973082975511725,0.33265070943385533,0.33265070943385533
2006-12-03 06:00:00,2006,12,3,6,3.505842500044516,3.616038301361503,-0.11019580131698703,0.11019580131698703
2006-12-03 12:00:00,2006,12,3,12,5.310186612046989,5.403044036614622,-0.09285742456763302,0.09285742456763302
2006-12-03 18:00:00,2006,12,3,18,3.389319544606769,3.4394309471316893,-0.0501114025249203,0.0501114025249203
2006-12-04 00:00:00,2006,12,4,0,3.227003431023143,3.026662989869914,0.2003404411532288,0.2003404411532288
2006-12-04 06:00:00,2006,12,4,6,3.5058542722162667,3.2219370716049576,0.2839172006113091,0.2839172006113091
2006-12-04 12:00:00,2006,12,4,12,5.973885033940361,5.414556645186922,0.559328388753439,0.559328388753439
2006-12-04 18:00:00,2006,12,4,18,3.816011523903453,3.499170146027213,0.3168413778762402,0.3168413778762402
2006-12-05 00:00:00,2006,12,5,0,3.123636383290414,2.6501524632649023,0.47348392002551165,0.47348392002551165
2006-12-05 06:00:00,2006,12,5,6,3.2365784841718064,3.430465997533209,-0.19388751336140242,0.19388751336140242
2006-12-05 12:00:00,2006,12,5,12,4.9928191271295175,5.187620185910652,-0.19480105878113463,0.19480105878113463
2006-12-05 18:00:00,2006,12,5,18,3.507309040314359,3.3455834924904786,0.1617255478238806,0.1617255478238806
2006-12-06 00:00:00,2006,12,6,0,2.708586585649431,2.6885701710082284,0.02001641464120274,0.02001641464120274
2006-12-06 06:00:00,2006,12,6,6,3.678564335547158,3.358374478266549,0.3201898572806088,0.3201898572806088
2006-12-06 12:00:00,2006,12,6,12,5.167807756060358,5.142908114715469,0.024899641344888757,0.024899641344888757
2006-12-06 18:00:00,2006,12,6,18,3.2890357046920475,3.4623440907777443,-0.17330838608569676,0.17330838608569676
2006-12-07 00:00:00,2006,12,7,0,2.8685869581694226,2.8363572706658466,0.03222968750357591,0.03222968750357591
2006-12-07 06:00:00,2006,12,7,6,3.364093276251481,3.227726465094985,0.13636681115649596,0.13636681115649596
2006-12-07 12:00:00,2006,12,7,12,5.53993101860515,5.519741590529886,0.02018942807526347,0.02018942807526347
2006-12-07 18:00:00,2006,12,7,18,3.1080640702100624,3.200736267306825,-0.09267219709676278,0.09267219709676278
2006-12-08 00:00:00,2006,12,8,0,3.062720448198977,2.8335778137850114,0.22914263441396576,0.22914263441396576
2006-12-08 06:00:00,2006,12,8,6,3.4152658500387343,3.509316542650608,-0.09405069261187382,0.09405069261187382
2006-12-08 12:00:00,2006,12,8,12,5.716002988397646,5.386170410565466,0.32983257783218,0.32983257783218
2006-12-08 18:00:00,2006,12,8,18,3.764178739673272,3.6763435015760417,0.08783523809723048,0.08783523809723048
2006-12-09 00:00:00,2006,12,9,0,3.000372769865232,2.9932454962166384,0.007127273648593668,0.007127273648593668
2006-12-09 06:00:00,2006,12,9,6,3.4487850467109755,3.3898942933651246,0.05889075334585092,0.05889075334585092
2006-12-09 12:00:00,2006,12,9,12,5.03064881661807,5.156258479415232,-0.1256096627971619,0.1256096627971619
2006-12-09 18:00:00,2006,12,9,18,2.8133880188660925,3.1211934501820155,-0.3078054313159231,0.3078054313159231
2006-12-10 00:00:00,2006,12,10,0,3.467701310072284,3.2387123320922697,0.2289889779800145,0.2289889779800145
2006-12-10 06:00:00,2006,12,10,6,3.212790282381089,3.3319055437377103,-0.1191152613566211,0.1191152613566211
2006-12-10 12:00:00,2006,12,10,12,5.855624115148251,5.478939895989473,0.37668421915877737,0.37668421915877737
2006-12-10 18:00:00,2006,12,10,18,3.062010254027752,3.194800692507171,-0.13279043847941896,0.13279043847941896
2006-12-11 00:00:00,2006,12,11,0,3.094372571102027,2.952120813734847,0.14225175736718,0.14225175736718
2006-12-11 06:00:00,2006,12,11,6,3.756601285717774,3.4177666071915667,0.3388346785262075,0.3388346785262075
2006-12-11 12:00:00,2006,12,11,12,5.447922088118459,5.12991132474613,0.31801076337232903,0.31801076337232903
2006-12-11 18:00:00,2006,12,11,18,3.6621485180259055,3.37910069365339,0.2830478243725154,0.2830478243725154
2006-12-12 00:00:00,2006,12,12,0,2.688117942836994,2.779549910600854,-0.0914319677638602,0.0914319677638602
2006-12-12 06:00:00,2006,12,12,6,3.261015313917843,3.144110546045486,0.11690476787235671,0.11690476787235671
2006-12-12 12:00:00,2006,12,12,12,5.33546023321104,5.3885428501852655,-0.05308261697422534,0.05308261697422534
2006-12-12 18:00:00,2006,12,12,18,3.220077516617815,3.302153378651998,-0.08207586203418282,0.08207586203418282
2006-12-13 00:00:00,2006,12,13,0,2.4315938342335324,2.5364324358383756,-0.10483860160484326,0.10483860160484326
2006-12-13 06:00:00,2006,12,13,6,3.3473920252789724,3.0634038212223786,0.28398820405659375,0.28398820405659375
2006-12-13 12:00:00,2006,12,13,12,5.142849376516619,5.215195720176752,-0.07234634366013282,0.07234634366013282
2006-12-13 18:00:00,2006,12,13,18,3.407539412235975,3.1983878192048816,0.20915159303109343,0.20915159303109343
2006-12-14 00:00:00,2006,12,14,0,3.0574440962527167,3.200130837147591,-0.1426867408948742,0.1426867408948742
2006-12-14 06:00:00,2006,12,14,6,2.87205370009673,3.209172620186448,-0.337118920089718,0.337118920089718
2006-12-14 12:00:00,2006,12,14,12,5.041840808186475,5.201206417273962,-0.15936560908748731,0.15936560908748731
2006-12-14 18:00:00,2006,12,14,18,3.774204327102175,4.022004476434383,-0.24780014933220862,0.24780014933220862
2006-12-15 00:00:00,2006,12,15,0,3.1475757227057826,2.7978082376369318,0.3497674850688508,0.3497674850688508
2006-12-15 06:00:00,2006,12,15,6,2.924208875153924,3.087279541575124,-0.16307066642119983,0.16307066642119983
2006-12-15 12:00:00,2006,12,15,12,5.4851719698961965,5.338460224230061,0.14671174566613576,0.14671174566613576
2006-12-15 18:00:00,2006,12,15,18,3.7303721791288775,3.602151597282145,0.12822058184673235,0.12822058184673235
2006-12-16 00:00:00,2006,12,16,0,2.7392263118629065,2.663263207739011,0.07596310412389551,0.07596310412389551
2006-12-16 06:00:00,2006,12,16,6,3.01757935037404,2.9108832175218793,0.10669613285216073,0.10669613285216073
2006-12-16 12:00:00,2006,12,16,12,4.852264997908995,5.189693974241253,-0.33742897633225777,0.33742897633225777
2006-12-16 18:00:00,2006,12,16,18,3.4289604628635364,3.3567005163409243,0.07225994652261214,0.07225994652261214
2006-12-17 00:00:00,2006,12,17,0,2.7484388235457136,2.7856078275121163,-0.03716900396640277,0.03716900396640277
2006-12-17 06:00:00,2006,12,17,6,3.301063490009999,3.239460944139889,0.061602545870109715,0.061602545870109715
2006-12-17 12:00:00,2006,12,17,12,4.907123076307922,4.981150333880839,-0.07402725757291684,0.07402725757291684
2006-12-17 18:00:00,2006,12,17,18,3.3624387285515995,3.3389945812104282,0.023444147341171284,0.023444147341171284
2006-12-18 00:00:00,2006,12,18,0,2.5125466910387013,2.8200270097979514,-0.3074803187592501,0.3074803187592501
2006-12-18 06:00:00,2006,12,18,6,3.461008301964544,3.24625337624481,0.2147549257197343,0.2147549257197343
2006-12-18 12:00:00,2006,12,18,12,4.899398648398978,4.96976392538726,-0.07036527698828188,0.07036527698828188
2006-12-18 18:00:00,2006,12,18,18,3.1753517902235915,3.1169803689841458,0.05837142123944572,0.05837142123944572
2006-12-19 00:00:00,2006,12,19,0,2.679700107012831,2.523355830230655,0.1563442767821761,0.1563442767821761
2006-12-19 06:00:00,2006,12,19,6,3.1978928444628347,3.1773376244436644,0.020555220019170317,0.020555220019170317
2006-12-19 12:00:00,2006,12,19,12,5.258851036979488,5.156417053976118,0.10243398300336981,0.10243398300336981
2006-12-19 18:00:00,2006,12,19,18,3.2258145457841856,3.1744335518626574,0.05138099392152817,0.05138099392152817
2006-12-20 00:00:00,2006,12,20,0,2.545533325027553,2.4812505596597716,0.06428276536778155,0.06428276536778155
2006-12-20 06:00:00,2006,12,20,6,2.7072047736752967,2.7975205739431503,-0.09031580026785369,0.09031580026785369
2006-12-20 12:00:00,2006,12,20,12,5.346242883574544,5.105468450841087,0.2407744327334571,0.2407744327334571
2006-12-20 18:00:00,2006,12,20,18,3.053864049747124,2.941106642934675,0.11275740681244928,0.11275740681244928
2006-12-21 00:00:00,2006,12,21,0,2.917496344078287,2.6015621051079085,0.31593423897037853,0.31593423897037853
2006-12-21 06:00:00,2006,12,21,6,2.853745985198316,3.10050418716915,-0.2467582019708341,0.2467582019708341
2006-12-21 12:00:00,2006,12,21,12,5.254796615547756,5.325035093815471,-0.07023847826771501,0.07023847826771501
2006-12-21 18:00:00,2006,12,21,18,2.6409762860059027,2.8539944675479907,-0.21301818154208796,0.21301818154208796
2006-12-22 00:00:00,2006,12,22,0,2.968552392456249,2.6787530080055295,0.2897993844507196,0.2897993844507196
2006-12-22 06:00:00,2006,12,22,6,3.2431215628979,3.1142338443466797,0.1288877185512205,0.1288877185512205
2006-12-22 12:00:00,2006,12,22,12,4.574313199918351,4.850158085321802,-0.2758448854034503,0.2758448854034503
2006-12-22 18:00:00,2006,12,22,18,2.7439975519281328,2.9067950243890306,-0.16279747246089782,0.16279747246089782
2006-12-23 00:00:00,2006,12,23,0,2.241381680523638,2.3205433945733156,-0.07916171404967765,0.07916171404967765
2006-12-23 06:00:00,2006,12,23,6,2.968141050000641,2.703402708192375,0.26473834180826605,0.26473834180826605
2006-12-23 12:00:00,2006,12,23,12,5.0258724850507415,4.806710383712079,0.21916210133866265,0.21916210133866265
2006-12-23 18:00:00,2006,12,23,18,2.831232537547008,2.8949651271621186,-0.06373258961511041,0.06373258961511041
2006-12-24 00:00:00,2006,12,24,0,2.314917402408753,2.6298542030623606,-0.31493680065360774,0.31493680065360774
2006-12-24 06:00:00,2006,12,24,6,2.341288030526619,2.7646966670291415,-0.4234086365025225,0.4234086365025225
2006-12-24 12:00:00,2006,12,24,12,5.008144002589663,4.654645169613137,0.35349883297652607,0.35349883297652607
2006-12-24 18:00:00,2006,12,24,18,3.327701885654033,3.0826083039434744,0.24509358171055862,0.24509358171055862
2006-12-25 00:00:00,2006,12,25,0,2.911277484802504,2.559568561873237,0.35170892292926714,0.35170892292926714
2006-12-25 06:00:00,2006,12,25,6,3.1066505536615785,3.116724487079713,-0.010073933418134562,0.010073933418134562
2006-12-25 12:00:00,2006,12,25,12,4.414150270396931,4.943027490618063,-0.5288772202211325,0.5288772202211325
2006-12-25 18:00:00,2006,12,25,18,3.1506047221951143,3.0783453648700685,0.07225935732504585,0.07225935732504585
2006-12-26 00:00:00,2006,12,26,0,2.3154048238998657,2.377559484051239,-0.062154660151373164,0.062154660151373164
2006-12-26 06:00:00,2006,12,26,6,3.3427434750070395,3.063838375570676,0.27890509943636355,0.27890509943636355
2006-12-26 12:00:00,2006,12,26,12,5.136334340471557,5.109462069465423,0.026872271006133985,0.026872271006133985
2006-12-26 18:00:00,2006,12,26,18,3.0070592572854866,2.943030574942904,0.06402868234258241,0.06402868234258241
2006-12-27 00:00:00,2006,12,27,0,2.8095563709029063,2.9113022735668617,-0.10174590266395533,0.10174590266395533
2006-12-27 06:00:00,2006,12,27,6,2.869165385219973,2.65862420580335,0.21054117941662298,0.21054117941662298
2006-12-27 12:00:00,2006,12,27,12,4.90466093895017,5.059826929138391,-0.15516599018822141,0.15516599018822141
2006-12-27 18:00:00,2006,12,27,18,2.737726819235329,3.032752461542539,-0.2950256423072104,0.2950256423072104
2006-12-28 00:00:00,2006,12,28,0,2.832616955840514,2.7415002406841267,0.09111671515638742,0.09111671515638742
2006-12-28 06:00:00,2006,12,28,6,3.1044153694242147,2.8266808276363706,0.27773454178784407,0.27773454178784407
2006-12-28 12:00:00,2006,12,28,12,5.267785740490611,5.068881722854821,0.19890401763579035,0.19890401763579035
2006-12-28 18:00:00,2006,12,28,18,2.798976480871925,3.1570651097911497,-0.35808862891922466,0.35808862891922466
2006-12-29 00:00:00,2006,12,29,0,2.912358525765768,2.59624945795862,0.31610906780714787,0.31610906780714787
2006-12-29 06:00:00,2006,12,29,6,3.047731096210891,3.097578474813549,-0.049847378602657866,0.049847378602657866
2006-12-29 12:00:00,2006,12,29,12,5.043326907776557,4.955833189897523,0.08749371787903382,0.08749371787903382
2006-12-29 18:00:00,2006,12,29,18,3.0066557287157094,3.2224195004056124,-0.21576377168990302,0.21576377168990302
2006-12-30 00:00:00,2006,12,30,0,2.500011188038155,2.5629157167040875,-0.06290452866593244,0.06290452866593244
2006-12-30 06:00:00,2006,12,30,6,3.1614974846991637,2.986337448257427,0.17516003644173672,0.17516003644173672
2006-12-30 12:00:00,2006,12,30,12,4.737126601792169,4.727693382609669,0.009433219182500174,0.009433219182500174
2006-12-30 18:00:00,2006,12,30,18,2.9199438173826757,2.950711822484668,-0.03076800510199229,0.03076800510199229
2006-12-31 00:00:00,2006,12,31,0,2.264840512892804,2.4614992800957753,-0.19665876720297115,0.19665876720297115
2006-12-31 06:00:00,2006,12,31,6,2.7174867269886,2.658601874520833,0.05888485246776698,0.05888485246776698
2006-12-31 12:00:00,2006,12,31,12,5.002353451309573,5.043629249176633,-0.04127579786706015,0.04127579786706015
2006-12-31 18:00:00,2006,12,31,18,2.7108851396887523,2.932459130825452,-0.22157399113669962,0.22157399113669962
