datetime,year,month,day,hour,actual_modis_et_mm,predicted_modis_et_mm,residual_error,absolute_error
2025-01-01 00:00:00,2025,1,1,0,3.031437545668334,2.8217233100522563,0.20971423561607772,0.20971423561607772
2025-01-01 06:00:00,2025,1,1,6,3.2893525354350954,3.042750706746044,0.24660182868905123,0.24660182868905123
2025-01-01 12:00:00,2025,1,1,12,5.1082893747880505,4.862578958960221,0.24571041582782982,0.24571041582782982
2025-01-01 18:00:00,2025,1,1,18,2.7130003110370664,2.8410136151902194,-0.12801330415315304,0.12801330415315304
2025-01-02 00:00:00,2025,1,2,0,2.6752389808426216,2.42429221141062,0.25094676943200156,0.25094676943200156
2025-01-02 06:00:00,2025,1,2,6,3.2626907150039903,2.794527729370263,0.4681629856337275,0.4681629856337275
2025-01-02 12:00:00,2025,1,2,12,5.013151969343787,4.748092654353139,0.2650593149906477,0.2650593149906477
2025-01-02 18:00:00,2025,1,2,18,3.462930835761656,3.0621045318119067,0.4008263039497493,0.4008263039497493
2025-01-03 00:00:00,2025,1,3,0,2.4339211454571714,2.473011700435511,-0.039090554978339576,0.039090554978339576
2025-01-03 06:00:00,2025,1,3,6,3.1854433424950828,3.083046806596812,0.1023965358982708,0.1023965358982708
2025-01-03 12:00:00,2025,1,3,12,5.185969284391978,5.077566683676584,0.10840260071539376,0.10840260071539376
2025-01-03 18:00:00,2025,1,3,18,2.888082357240452,2.93905085908912,-0.050968501848667636,0.050968501848667636
2025-01-04 00:00:00,2025,1,4,0,2.268686500773992,2.5923128859788753,-0.3236263852048835,0.3236263852048835
2025-01-04 06:00:00,2025,1,4,6,2.8878331145560736,2.915340839050486,-0.02750772449441241,0.02750772449441241
2025-01-04 12:00:00,2025,1,4,12,4.737512399346476,4.6755998016197795,0.061912597726696106,0.061912597726696106
2025-01-04 18:00:00,2025,1,4,18,3.1359655740158354,3.008457181003754,0.12750839301208128,0.12750839301208128
2025-01-05 00:00:00,2025,1,5,0,2.114450027044854,2.429364559612377,-0.3149145325675229,0.3149145325675229
2025-01-05 06:00:00,2025,1,5,6,2.7273181607067305,2.7338845835990204,-0.006566422892289925,0.006566422892289925
2025-01-05 12:00:00,2025,1,5,12,4.767457522754373,4.623324536852776,0.14413298590159762,0.14413298590159762
2025-01-05 18:00:00,2025,1,5,18,2.810234807102688,2.8132080219885087,-0.0029732148858205854,0.0029732148858205854
2025-01-06 00:00:00,2025,1,6,0,2.371763888403965,2.4247843718815822,-0.05302048347761712,0.05302048347761712
2025-01-06 06:00:00,2025,1,6,6,3.075101390915123,2.905363883801117,0.16973750711400593,0.16973750711400593
2025-01-06 12:00:00,2025,1,6,12,4.919095105534022,4.900197955191006,0.0188971503430162,0.0188971503430162
2025-01-06 18:00:00,2025,1,6,18,3.022526002373522,2.7600300872063097,0.26249591516721216,0.26249591516721216
2025-01-07 00:00:00,2025,1,7,0,1.9521538031949333,2.2675149882911065,-0.3153611850961733,0.3153611850961733
2025-01-07 06:00:00,2025,1,7,6,3.005106931778216,2.8118868228873657,0.19322010889085028,0.19322010889085028
2025-01-07 12:00:00,2025,1,7,12,4.647147828736484,4.592168734963329,0.05497909377315491,0.05497909377315491
2025-01-07 18:00:00,2025,1,7,18,2.9768341538472223,2.747101988964735,0.2297321648824875,0.2297321648824875
2025-01-08 00:00:00,2025,1,8,0,2.726496477943724,2.5437752240814016,0.18272125386232263,0.18272125386232263
2025-01-08 06:00:00,2025,1,8,6,2.790077481715103,2.8619390465316212,-0.07186156481651818,0.07186156481651818
2025-01-08 12:00:00,2025,1,8,12,4.7426256995893326,4.664822730679456,0.07780296890987692,0.07780296890987692
2025-01-08 18:00:00,2025,1,8,18,3.1876673856696067,2.964560693772027,0.2231066918975797,0.2231066918975797
2025-01-09 00:00:00,2025,1,9,0,2.5337402126928,2.4029709593274267,0.13076925336537348,0.13076925336537348
2025-01-09 06:00:00,2025,1,9,6,2.9992269111236487,2.8594223820199387,0.13980452910371,0.13980452910371
2025-01-09 12:00:00,2025,1,9,12,4.61135655652152,4.678982073192794,-0.06762551667127337,0.06762551667127337
2025-01-09 18:00:00,2025,1,9,18,3.228879809922221,2.72410314162079,0.5047766683014308,0.5047766683014308
2025-01-10 00:00:00,2025,1,10,0,2.3847604512369096,2.485923975125101,-0.10116352388819161,0.10116352388819161
2025-01-10 06:00:00,2025,1,10,6,2.181299291714454,2.5595958258250606,-0.3782965341106066,0.3782965341106066
2025-01-10 12:00:00,2025,1,10,12,4.504181488451618,4.559342055640447,-0.05516056718882911,0.05516056718882911
2025-01-10 18:00:00,2025,1,10,18,3.132463810121574,2.9135802411483485,0.21888356897322536,0.21888356897322536
2025-01-11 00:00:00,2025,1,11,0,2.4078134375645504,2.435860388430694,-0.028046950866143838,0.028046950866143838
2025-01-11 06:00:00,2025,1,11,6,3.107329023777609,2.951966574934121,0.15536244884348793,0.15536244884348793
2025-01-11 12:00:00,2025,1,11,12,4.692034241970704,4.694595469124555,-0.0025612271538504316,0.0025612271538504316
2025-01-11 18:00:00,2025,1,11,18,3.001343268126514,2.807244950975156,0.1940983171513584,0.1940983171513584
2025-01-12 00:00:00,2025,1,12,0,2.7740252753457395,2.4776902010748763,0.29633507427086325,0.29633507427086325
2025-01-12 06:00:00,2025,1,12,6,2.880781537797433,2.8803790823198288,0.0004024554776043132,0.0004024554776043132
2025-01-12 12:00:00,2025,1,12,12,4.5233921630404925,4.697368337340537,-0.1739761743000443,0.1739761743000443
2025-01-12 18:00:00,2025,1,12,18,2.5967500523078595,2.5657574233990297,0.03099262890882981,0.03099262890882981
2025-01-13 00:00:00,2025,1,13,0,2.714765854852184,2.5251505233279974,0.18961533152418664,0.18961533152418664
2025-01-13 06:00:00,2025,1,13,6,3.094553753955075,2.901937536490153,0.1926162174649222,0.1926162174649222
2025-01-13 12:00:00,2025,1,13,12,4.946408043329599,4.912736918269806,0.03367112505979364,0.03367112505979364
2025-01-13 18:00:00,2025,1,13,18,2.51251240607885,2.630164029768541,-0.11765162368969095,0.11765162368969095
2025-01-14 00:00:00,2025,1,14,0,2.4458847816552614,2.458637633838083,-0.012752852182821517,0.012752852182821517
2025-01-14 06:00:00,2025,1,14,6,2.8947124861245728,2.7347146065136143,0.15999787961095846,0.15999787961095846
2025-01-14 12:00:00,2025,1,14,12,5.106722389093984,4.996141066367705,0.1105813227262793,0.1105813227262793
2025-01-14 18:00:00,2025,1,14,18,2.7913050127318835,2.8823002138627225,-0.09099520113083903,0.09099520113083903
2025-01-15 00:00:00,2025,1,15,0,2.758737149778796,2.5069746610498522,0.2517624887289438,0.2517624887289438
2025-01-15 06:00:00,2025,1,15,6,3.2433586941649484,2.9922642668825725,0.25109442728237585,0.25109442728237585
2025-01-15 12:00:00,2025,1,15,12,4.722566121100179,4.588432408227794,0.1341337128723854,0.1341337128723854
2025-01-15 18:00:00,2025,1,15,18,2.8941548620871407,2.834808049684917,0.059346812402223836,0.059346812402223836
2025-01-16 00:00:00,2025,1,16,0,2.214944442481725,2.2705779947467755,-0.0556335522650504,0.0556335522650504
2025-01-16 06:00:00,2025,1,16,6,2.1896901537728617,2.634999754923585,-0.4453096011507234,0.4453096011507234
2025-01-16 12:00:00,2025,1,16,12,4.67961342977515,4.755451093438048,-0.0758376636628979,0.0758376636628979
2025-01-16 18:00:00,2025,1,16,18,2.675240073907899,2.653510593378464,0.02172948052943502,0.02172948052943502
2025-01-17 00:00:00,2025,1,17,0,2.426361724240333,2.362564898935197,0.0637968253051362,0.0637968253051362
2025-01-17 06:00:00,2025,1,17,6,2.987391991941434,2.8868643983062316,0.10052759363520236,0.10052759363520236
2025-01-17 12:00:00,2025,1,17,12,4.8598488179216766,4.885852203675166,-0.026003385753489816,0.026003385753489816
2025-01-17 18:00:00,2025,1,17,18,3.24186428993593,2.9426149588339534,0.2992493311019766,0.2992493311019766
2025-01-18 00:00:00,2025,1,18,0,2.517733318809042,2.4686953228292587,0.04903799597978331,0.04903799597978331
2025-01-18 06:00:00,2025,1,18,6,2.524237549440274,2.8363773346220778,-0.31213978518180374,0.31213978518180374
2025-01-18 12:00:00,2025,1,18,12,4.733714714274965,4.798925895974928,-0.06521118169996232,0.06521118169996232
2025-01-18 18:00:00,2025,1,18,18,2.907630908453975,2.8066631416940346,0.10096776675994024,0.10096776675994024
2025-01-19 00:00:00,2025,1,19,0,2.0822301704762065,2.373427321737971,-0.2911971512617644,0.2911971512617644
2025-01-19 06:00:00,2025,1,19,6,2.5977187523570766,2.5737062087677254,0.024012543589351232,0.024012543589351232
2025-01-19 12:00:00,2025,1,19,12,4.592043947821983,4.781665865842681,-0.1896219180206984,0.1896219180206984
2025-01-19 18:00:00,2025,1,19,18,2.788223842511645,2.7269039955409013,0.06131984697074344,0.06131984697074344
2025-01-20 00:00:00,2025,1,20,0,2.1455943880589565,2.4010495333851645,-0.25545514532620794,0.25545514532620794
2025-01-20 06:00:00,2025,1,20,6,3.0196971201907403,2.9205499002412383,0.09914721994950204,0.09914721994950204
2025-01-20 12:00:00,2025,1,20,12,4.542177706691886,4.769321682508872,-0.2271439758169862,0.2271439758169862
2025-01-20 18:00:00,2025,1,20,18,2.36228481806905,2.5289235843374316,-0.16663876626838148,0.16663876626838148
2025-01-21 00:00:00,2025,1,21,0,1.830551745895974,2.24746921792175,-0.4169174720257762,0.4169174720257762
2025-01-21 06:00:00,2025,1,21,6,3.0529202597144973,2.759033498281882,0.2938867614326153,0.2938867614326153
2025-01-21 12:00:00,2025,1,21,12,4.442869819323107,4.667560760004952,-0.22469094068184514,0.22469094068184514
2025-01-21 18:00:00,2025,1,21,18,2.149880116432755,2.510874363634026,-0.3609942472012708,0.3609942472012708
2025-01-22 00:00:00,2025,1,22,0,2.768086921104799,2.5420827555312084,0.2260041655735905,0.2260041655735905
2025-01-22 06:00:00,2025,1,22,6,2.970380078526583,2.7814352527400437,0.18894482578653937,0.18894482578653937
2025-01-22 12:00:00,2025,1,22,12,4.7203641126127245,4.61109911800543,0.10926499460729477,0.10926499460729477
2025-01-22 18:00:00,2025,1,22,18,3.01923274609512,2.598866703624367,0.42036604247075315,0.42036604247075315
2025-01-23 00:00:00,2025,1,23,0,2.574742030142525,2.1068881260144408,0.46785390412808425,0.46785390412808425
2025-01-23 06:00:00,2025,1,23,6,3.042871053087496,2.9459555312834054,0.09691552180409069,0.09691552180409069
2025-01-23 12:00:00,2025,1,23,12,4.64073717261646,4.730490977386275,-0.08975380476981432,0.08975380476981432
2025-01-23 18:00:00,2025,1,23,18,2.790563753530319,2.8591557966672125,-0.06859204313689338,0.06859204313689338
2025-01-24 00:00:00,2025,1,24,0,1.7153433461852163,2.046296034644465,-0.33095268845924863,0.33095268845924863
2025-01-24 06:00:00,2025,1,24,6,3.94650713808114,3.927100007707007,0.019407130374132997,0.019407130374132997
2025-01-24 12:00:00,2025,1,24,12,4.964343130978062,4.5177703604635395,0.44657277051452215,0.44657277051452215
2025-01-24 18:00:00,2025,1,24,18,2.879647412717768,2.7220031913129237,0.15764422140484413,0.15764422140484413
2025-01-25 00:00:00,2025,1,25,0,2.040078852544293,2.359884259261862,-0.31980540671756863,0.31980540671756863
2025-01-25 06:00:00,2025,1,25,6,3.1150597150490986,3.1132030942419946,0.0018566208071040258,0.0018566208071040258
2025-01-25 12:00:00,2025,1,25,12,4.903482225757473,4.90355841316947,-7.618741199699741e-05,7.618741199699741e-05
2025-01-25 18:00:00,2025,1,25,18,2.9190778431994966,2.641373942221652,0.2777039009778446,0.2777039009778446
2025-01-26 00:00:00,2025,1,26,0,1.7097965808283218,2.213661790305884,-0.5038652094775622,0.5038652094775622
2025-01-26 06:00:00,2025,1,26,6,2.3851729671684048,2.5785412904331886,-0.19336832326478381,0.19336832326478381
2025-01-26 12:00:00,2025,1,26,12,4.456450046694951,4.821700010947084,-0.36524996425213274,0.36524996425213274
2025-01-26 18:00:00,2025,1,26,18,2.849684183852741,2.8045700743425326,0.04511410951020833,0.04511410951020833
2025-01-27 00:00:00,2025,1,27,0,2.303396902825748,2.3503746627517144,-0.0469777599259662,0.0469777599259662
2025-01-27 06:00:00,2025,1,27,6,2.8715223854226157,2.92045412172753,-0.04893173630491443,0.04893173630491443
2025-01-27 12:00:00,2025,1,27,12,4.491122255575522,4.561979241390391,-0.07085698581486888,0.07085698581486888
2025-01-27 18:00:00,2025,1,27,18,3.469203422704126,3.0324045003737132,0.43679892233041295,0.43679892233041295
2025-01-28 00:00:00,2025,1,28,0,1.885130242835553,2.060071284391585,-0.17494104155603218,0.17494104155603218
2025-01-28 06:00:00,2025,1,28,6,2.8689063244108994,2.83545123099899,0.03345509341190933,0.03345509341190933
2025-01-28 12:00:00,2025,1,28,12,4.882858031788164,5.010894982775292,-0.12803695098712797,0.12803695098712797
2025-01-28 18:00:00,2025,1,28,18,3.499938422389492,3.240908418502849,0.2590300038866431,0.2590300038866431
2025-01-29 00:00:00,2025,1,29,0,2.078919354315353,2.284459418053964,-0.2055400637386109,0.2055400637386109
2025-01-29 06:00:00,2025,1,29,6,2.451591830240052,2.632360470875525,-0.18076864063547315,0.18076864063547315
2025-01-29 12:00:00,2025,1,29,12,4.700887442925227,4.83425375419254,-0.1333663112673129,0.1333663112673129
2025-01-29 18:00:00,2025,1,29,18,2.558851606699029,2.7336432728941347,-0.17479166619510567,0.17479166619510567
2025-01-30 00:00:00,2025,1,30,0,1.5620872043429213,2.0977820006524572,-0.535694796309536,0.535694796309536
2025-01-30 06:00:00,2025,1,30,6,2.3703400711318867,2.5721434544592134,-0.20180338332732672,0.20180338332732672
2025-01-30 12:00:00,2025,1,30,12,4.543641685586885,4.69196169530739,-0.1483200097205053,0.1483200097205053
2025-01-30 18:00:00,2025,1,30,18,2.960659534192356,2.846633741835136,0.11402579235721966,0.11402579235721966
2025-01-31 00:00:00,2025,1,31,0,1.977957167090685,2.283403616159427,-0.30544644906874185,0.30544644906874185
2025-01-31 06:00:00,2025,1,31,6,2.572310948093214,2.5181543391317343,0.05415660896147978,0.05415660896147978
2025-01-31 12:00:00,2025,1,31,12,4.799059088267568,4.6405531654890915,0.15850592277847664,0.15850592277847664
2025-01-31 18:00:00,2025,1,31,18,3.2948820452079017,2.8263716743248075,0.4685103708830942,0.4685103708830942
2025-02-01 00:00:00,2025,2,1,0,2.1213725885812083,2.211676167324538,-0.09030357874332973,0.09030357874332973
2025-02-01 06:00:00,2025,2,1,6,2.6169257717862444,2.7819022494505936,-0.1649764776643492,0.1649764776643492
2025-02-01 12:00:00,2025,2,1,12,4.932997847332131,4.644591762457415,0.2884060848747163,0.2884060848747163
2025-02-01 18:00:00,2025,2,1,18,2.60134829109356,2.7007447337058332,-0.0993964426122731,0.0993964426122731
2025-02-02 00:00:00,2025,2,2,0,2.438988780993096,2.3304006709522977,0.10858811004079838,0.10858811004079838
2025-02-02 06:00:00,2025,2,2,6,3.1269145689247764,2.7691729603362223,0.3577416085885541,0.3577416085885541
2025-02-02 12:00:00,2025,2,2,12,4.280634175131713,4.533298276478209,-0.25266410134649586,0.25266410134649586
2025-02-02 18:00:00,2025,2,2,18,2.4122308757094264,2.6460054982760535,-0.23377462256662707,0.23377462256662707
2025-02-03 00:00:00,2025,2,3,0,1.964593586758448,2.225674798715421,-0.261081211956973,0.261081211956973
2025-02-03 06:00:00,2025,2,3,6,2.5922774075091675,2.582279931601936,0.009997475907231657,0.009997475907231657
2025-02-03 12:00:00,2025,2,3,12,5.403600040502993,4.958506555036485,0.44509348546650784,0.44509348546650784
2025-02-03 18:00:00,2025,2,3,18,2.4815841921104567,2.4360090552586335,0.04557513685182313,0.04557513685182313
2025-02-04 00:00:00,2025,2,4,0,2.432787453794015,2.2689567382594675,0.16383071553454753,0.16383071553454753
2025-02-04 06:00:00,2025,2,4,6,3.0777841442335685,2.6828150776511737,0.39496906658239483,0.39496906658239483
2025-02-04 12:00:00,2025,2,4,12,4.843698527155476,4.901516386593383,-0.05781785943790663,0.05781785943790663
2025-02-04 18:00:00,2025,2,4,18,2.8084382925635776,2.8185488763699946,-0.01011058380641705,0.01011058380641705
2025-02-05 00:00:00,2025,2,5,0,2.619476655182594,2.4416551661999053,0.1778214889826888,0.1778214889826888
2025-02-05 06:00:00,2025,2,5,6,2.4030969659586634,2.4530390361916794,-0.049942070233016,0.049942070233016
2025-02-05 12:00:00,2025,2,5,12,4.700561371409521,4.88026977379347,-0.17970840238394903,0.17970840238394903
2025-02-05 18:00:00,2025,2,5,18,2.864867288469628,2.883729150039272,-0.018861861569643867,0.018861861569643867
2025-02-06 00:00:00,2025,2,6,0,2.174909826168818,2.2865563830589477,-0.11164655689012992,0.11164655689012992
2025-02-06 06:00:00,2025,2,6,6,2.708886696740995,2.6694662701631597,0.039420426577835066,0.039420426577835066
2025-02-06 12:00:00,2025,2,6,12,4.70192410296274,4.72031431922889,-0.018390216266150006,0.018390216266150006
2025-02-06 18:00:00,2025,2,6,18,3.159505912428195,2.808025548522012,0.351480363906183,0.351480363906183
2025-02-07 00:00:00,2025,2,7,0,2.635472724628228,2.335725932884066,0.2997467917441621,0.2997467917441621
2025-02-07 06:00:00,2025,2,7,6,2.4287789898796315,2.5510612888176674,-0.12228229893803588,0.12228229893803588
2025-02-07 12:00:00,2025,2,7,12,4.754847110413079,4.74515854416638,0.009688566246699004,0.009688566246699004
2025-02-07 18:00:00,2025,2,7,18,2.7214986931969865,2.729367085493619,-0.00786839229663272,0.00786839229663272
2025-02-08 00:00:00,2025,2,8,0,2.08457100187307,2.1421941552321613,-0.057623153359091184,0.057623153359091184
2025-02-08 06:00:00,2025,2,8,6,2.572591082392834,2.7082118084732882,-0.13562072608045428,0.13562072608045428
2025-02-08 12:00:00,2025,2,8,12,4.775188435385563,4.7480535844608545,0.027134850924708687,0.027134850924708687
2025-02-08 18:00:00,2025,2,8,18,2.627142863829365,2.512193930129076,0.11494893370028914,0.11494893370028914
2025-02-09 00:00:00,2025,2,9,0,2.625108107851984,2.1085374088312077,0.5165706990207761,0.5165706990207761
2025-02-09 06:00:00,2025,2,9,6,2.804757547977726,2.901775022160697,-0.09701747418297124,0.09701747418297124
2025-02-09 12:00:00,2025,2,9,12,4.159941773649329,4.669295747173284,-0.5093539735239547,0.5093539735239547
2025-02-09 18:00:00,2025,2,9,18,2.486811730778098,2.7135308960585887,-0.22671916528049074,0.22671916528049074
2025-02-10 00:00:00,2025,2,10,0,2.053953722858033,2.2311822455319943,-0.1772285226739614,0.1772285226739614
2025-02-10 06:00:00,2025,2,10,6,2.3228861903350504,2.5245301342753668,-0.20164394394031637,0.20164394394031637
2025-02-10 12:00:00,2025,2,10,12,4.617309240618527,4.696798151346574,-0.07948891072804631,0.07948891072804631
2025-02-10 18:00:00,2025,2,10,18,2.3669237423584595,2.5487145944463108,-0.18179085208785128,0.18179085208785128
2025-02-11 00:00:00,2025,2,11,0,2.4505435526323835,2.551165892308515,-0.10062233967613166,0.10062233967613166
2025-02-11 06:00:00,2025,2,11,6,2.303166204900303,2.4966247607064087,-0.19345855580610571,0.19345855580610571
2025-02-11 12:00:00,2025,2,11,12,4.855929976858394,4.808051315826456,0.0478786610319375,0.0478786610319375
2025-02-11 18:00:00,2025,2,11,18,2.834733531608268,2.916964330407663,-0.0822307987993951,0.0822307987993951
2025-02-12 00:00:00,2025,2,12,0,2.185312658884801,2.136860359938991,0.048452298945810046,0.048452298945810046
2025-02-12 06:00:00,2025,2,12,6,2.690410392191242,2.6453998225989457,0.045010569592296434,0.045010569592296434
2025-02-12 12:00:00,2025,2,12,12,5.813329740323428,5.802501583745477,0.010828156577950665,0.010828156577950665
2025-02-12 18:00:00,2025,2,12,18,2.566871118236211,2.499951088229754,0.06692003000645697,0.06692003000645697
2025-02-13 00:00:00,2025,2,13,0,2.476256051051512,2.209502293828041,0.26675375722347106,0.26675375722347106
2025-02-13 06:00:00,2025,2,13,6,2.726063990459703,2.636983383651783,0.08908060680791996,0.08908060680791996
2025-02-13 12:00:00,2025,2,13,12,4.741150092754257,4.7658363964422925,-0.024686303688035593,0.024686303688035593
2025-02-13 18:00:00,2025,2,13,18,2.7134499922537603,2.8727323773921314,-0.15928238513837112,0.15928238513837112
2025-02-14 00:00:00,2025,2,14,0,2.477370004938199,2.1061263140044186,0.3712436909337802,0.3712436909337802
2025-02-14 06:00:00,2025,2,14,6,2.8148303140101025,2.752517604079547,0.0623127099305556,0.0623127099305556
2025-02-14 12:00:00,2025,2,14,12,4.634752355718894,4.810827316878488,-0.17607496115959353,0.17607496115959353
2025-02-14 18:00:00,2025,2,14,18,3.042337207589098,2.7698101107242232,0.272527096864875,0.272527096864875
2025-02-15 00:00:00,2025,2,15,0,2.2403962751707347,2.1985138289360364,0.04188244623469828,0.04188244623469828
2025-02-15 06:00:00,2025,2,15,6,2.458015115108395,2.797072240560352,-0.3390571254519572,0.3390571254519572
2025-02-15 12:00:00,2025,2,15,12,5.009864188216238,5.099539527998503,-0.08967533978226516,0.08967533978226516
2025-02-15 18:00:00,2025,2,15,18,2.930121948425097,2.762721569416641,0.16740037900845595,0.16740037900845595
2025-02-16 00:00:00,2025,2,16,0,1.850825609373107,2.086146798124418,-0.23532118875131092,0.23532118875131092
2025-02-16 06:00:00,2025,2,16,6,2.5289820632302584,2.769392624183567,-0.24041056095330848,0.24041056095330848
2025-02-16 12:00:00,2025,2,16,12,4.5390016720453294,4.6409782910026705,-0.101976618957341,0.101976618957341
2025-02-16 18:00:00,2025,2,16,18,3.076581659503143,2.9181630094944095,0.15841865000873367,0.15841865000873367
2025-02-17 00:00:00,2025,2,17,0,1.9583511499795652,2.247892480682226,-0.28954133070266064,0.28954133070266064
2025-02-17 06:00:00,2025,2,17,6,3.105022920249936,3.0618047876576377,0.04321813259229845,0.04321813259229845
2025-02-17 12:00:00,2025,2,17,12,5.210700586093473,5.068372144189653,0.1423284419038202,0.1423284419038202
2025-02-17 18:00:00,2025,2,17,18,2.409508134169222,2.6835442845168727,-0.2740361503476505,0.2740361503476505
2025-02-18 00:00:00,2025,2,18,0,2.1385831689083163,2.2674462955043952,-0.1288631265960789,0.1288631265960789
2025-02-18 06:00:00,2025,2,18,6,2.596061883033919,2.6347454814737348,-0.038683598439815725,0.038683598439815725
2025-02-18 12:00:00,2025,2,18,12,4.870409518750731,4.7587454169461445,0.1116641018045863,0.1116641018045863
2025-02-18 18:00:00,2025,2,18,18,2.8021502659197064,2.604259304671393,0.1978909612483135,0.1978909612483135
2025-02-19 00:00:00,2025,2,19,0,2.710718530344159,2.59393176980875,0.11678676053540915,0.11678676053540915
2025-02-19 06:00:00,2025,2,19,6,2.9041300751984336,2.8621308483866326,0.041999226811801016,0.041999226811801016
2025-02-19 12:00:00,2025,2,19,12,4.82828023465801,5.036947665925812,-0.20866743126780207,0.20866743126780207
2025-02-19 18:00:00,2025,2,19,18,2.729418284273297,2.6234652992476915,0.10595298502560535,0.10595298502560535
2025-02-20 00:00:00,2025,2,20,0,2.2964807450443105,2.2531299284928186,0.04335081655149198,0.04335081655149198
2025-02-20 06:00:00,2025,2,20,6,2.3034833478149936,2.61393830868852,-0.31045496087352653,0.31045496087352653
2025-02-20 12:00:00,2025,2,20,12,4.907244382744654,4.946697104774752,-0.03945272203009775,0.03945272203009775
2025-02-20 18:00:00,2025,2,20,18,2.530575624272249,2.6728521672300505,-0.14227654295780168,0.14227654295780168
2025-02-21 00:00:00,2025,2,21,0,2.1980547575785385,2.2747334391663987,-0.07667868158786018,0.07667868158786018
2025-02-21 06:00:00,2025,2,21,6,2.7693328906637,2.6976367918957704,0.0716960987679296,0.0716960987679296
2025-02-21 12:00:00,2025,2,21,12,4.714860251280884,5.059414967069888,-0.34455471578900365,0.34455471578900365
2025-02-21 18:00:00,2025,2,21,18,2.693197824910025,2.6452376083024154,0.04796021660760941,0.04796021660760941
2025-02-22 00:00:00,2025,2,22,0,2.2550944831120545,2.230644477384646,0.02445000572740863,0.02445000572740863
2025-02-22 06:00:00,2025,2,22,6,2.9164075361181387,2.798975504285932,0.11743203183220663,0.11743203183220663
2025-02-22 12:00:00,2025,2,22,12,5.049065133742784,5.021781914154752,0.027283219588031926,0.027283219588031926
2025-02-22 18:00:00,2025,2,22,18,2.7258838865896178,2.6501815269773354,0.07570235961228233,0.07570235961228233
2025-02-23 00:00:00,2025,2,23,0,2.1810842902135565,2.2954200074118276,-0.11433571719827107,0.11433571719827107
2025-02-23 06:00:00,2025,2,23,6,2.854574115938944,2.72462125207721,0.129952863861734,0.129952863861734
2025-02-23 12:00:00,2025,2,23,12,5.167903647554789,5.1899667143438215,-0.02206306678903225,0.02206306678903225
2025-02-23 18:00:00,2025,2,23,18,2.8006413584610024,2.7248305700157562,0.07581078844524614,0.07581078844524614
2025-02-24 00:00:00,2025,2,24,0,2.38018048190935,2.4358368206537993,-0.05565633874444931,0.05565633874444931
2025-02-24 06:00:00,2025,2,24,6,2.643136430162909,2.6292730946964227,0.013863335466486326,0.013863335466486326
2025-02-24 12:00:00,2025,2,24,12,5.2816236266368985,5.152013939057517,0.1296096875793813,0.1296096875793813
2025-02-24 18:00:00,2025,2,24,18,3.191606521249073,2.8604672333075856,0.3311392879414874,0.3311392879414874
2025-02-25 00:00:00,2025,2,25,0,2.1442655721531185,2.283295317591311,-0.13902974543819235,0.13902974543819235
2025-02-25 06:00:00,2025,2,25,6,2.7079237186109397,2.7245061595254008,-0.01658244091446104,0.01658244091446104
2025-02-25 12:00:00,2025,2,25,12,4.708783934047485,5.190556956286699,-0.4817730222392136,0.4817730222392136
2025-02-25 18:00:00,2025,2,25,18,3.022013690209874,2.7573949810980207,0.26461870911185326,0.26461870911185326
2025-02-26 00:00:00,2025,2,26,0,2.2345203520314745,2.312427911891797,-0.07790755986032272,0.07790755986032272
2025-02-26 06:00:00,2025,2,26,6,3.056990597080464,2.748091406071082,0.3088991910093819,0.3088991910093819
2025-02-26 12:00:00,2025,2,26,12,4.803087688219861,5.09185523573021,-0.28876754751034905,0.28876754751034905
2025-02-26 18:00:00,2025,2,26,18,3.356574957387498,2.855834073147925,0.5007408842395731,0.5007408842395731
2025-02-27 00:00:00,2025,2,27,0,1.9071329494160407,2.2935233722501565,-0.38639042283411573,0.38639042283411573
2025-02-27 06:00:00,2025,2,27,6,2.7827404733596603,2.8902148325048764,-0.10747435914521608,0.10747435914521608
2025-02-27 12:00:00,2025,2,27,12,5.088987648964854,5.241594988633706,-0.15260733966885187,0.15260733966885187
2025-02-27 18:00:00,2025,2,27,18,2.76578528156294,2.6887934401831677,0.07699184137977211,0.07699184137977211
2025-02-28 00:00:00,2025,2,28,0,2.3119276690035955,2.325804298749901,-0.013876629746305547,0.013876629746305547
2025-02-28 06:00:00,2025,2,28,6,2.863217598674013,2.844745844116513,0.018471754557499942,0.018471754557499942
2025-02-28 12:00:00,2025,2,28,12,4.892687277327145,4.999707562625168,-0.10702028529802288,0.10702028529802288
2025-02-28 18:00:00,2025,2,28,18,2.5699514161895065,2.6357251235864654,-0.06577370739695887,0.06577370739695887
2025-03-01 00:00:00,2025,3,1,0,2.500187165665208,2.308283870007456,0.191903295657752,0.191903295657752
2025-03-01 06:00:00,2025,3,1,6,3.186761586811826,2.684413592691957,0.502347994119869,0.502347994119869
2025-03-01 12:00:00,2025,3,1,12,5.36076748048899,5.228545344288096,0.13222213620089374,0.13222213620089374
2025-03-01 18:00:00,2025,3,1,18,2.7145908398257297,2.7940359888449975,-0.0794451490192678,0.0794451490192678
2025-03-02 00:00:00,2025,3,2,0,2.6917000324435407,2.58236665507804,0.10933337736550053,0.10933337736550053
2025-03-02 06:00:00,2025,3,2,6,2.463228316485749,2.6953305529142004,-0.2321022364284513,0.2321022364284513
2025-03-02 12:00:00,2025,3,2,12,5.372850655176619,5.397875816522932,-0.025025161346312608,0.025025161346312608
2025-03-02 18:00:00,2025,3,2,18,2.7163253144270607,2.6812115183155987,0.03511379611146204,0.03511379611146204
2025-03-03 00:00:00,2025,3,3,0,2.397102606370929,2.3645262820638853,0.0325763243070436,0.0325763243070436
2025-03-03 06:00:00,2025,3,3,6,2.966039673260263,2.8996425603342915,0.0663971129259715,0.0663971129259715
2025-03-03 12:00:00,2025,3,3,12,5.085289462530453,5.048173269116229,0.03711619341422434,0.03711619341422434
2025-03-03 18:00:00,2025,3,3,18,3.4444977342758563,3.0520048778186846,0.3924928564571717,0.3924928564571717
2025-03-04 00:00:00,2025,3,4,0,2.7044067013895936,2.3084160945615713,0.39599060682802234,0.39599060682802234
2025-03-04 06:00:00,2025,3,4,6,3.0008104838346394,2.7497687745785453,0.25104170925609415,0.25104170925609415
2025-03-04 12:00:00,2025,3,4,12,5.217836570211299,5.095142652718762,0.122693917492537,0.122693917492537
2025-03-04 18:00:00,2025,3,4,18,2.611094030505797,2.6472214175522266,-0.03612738704642959,0.03612738704642959
2025-03-05 00:00:00,2025,3,5,0,2.0186952207897635,2.3125613409692978,-0.2938661201795343,0.2938661201795343
2025-03-05 06:00:00,2025,3,5,6,2.4820562353392948,2.862501771587915,-0.3804455362486201,0.3804455362486201
2025-03-05 12:00:00,2025,3,5,12,5.251513310198306,5.151538866009027,0.09997444418927959,0.09997444418927959
2025-03-05 18:00:00,2025,3,5,18,3.170102858285284,3.099887869690786,0.07021498859449826,0.07021498859449826
2025-03-06 00:00:00,2025,3,6,0,2.523702388075619,2.3273218350334735,0.1963805530421454,0.1963805530421454
2025-03-06 06:00:00,2025,3,6,6,3.1718845818561787,2.9596144691806314,0.2122701126755473,0.2122701126755473
2025-03-06 12:00:00,2025,3,6,12,5.336275875357967,5.41564124783502,-0.07936537247705289,0.07936537247705289
2025-03-06 18:00:00,2025,3,6,18,2.613248993536703,2.998050441152988,-0.3848014476162849,0.3848014476162849
2025-03-07 00:00:00,2025,3,7,0,2.5498895044819525,2.764738522163579,-0.21484901768162645,0.21484901768162645
2025-03-07 06:00:00,2025,3,7,6,3.187423813306179,3.0594660435684595,0.12795776973771966,0.12795776973771966
2025-03-07 12:00:00,2025,3,7,12,5.407903259614036,5.393795912099824,0.014107347514212165,0.014107347514212165
2025-03-07 18:00:00,2025,3,7,18,2.7746547051546533,2.81904731125903,-0.044392606104376675,0.044392606104376675
2025-03-08 00:00:00,2025,3,8,0,2.8739959780956688,2.7593230063188283,0.11467297177684044,0.11467297177684044
2025-03-08 06:00:00,2025,3,8,6,2.915638531793755,2.967106163219581,-0.051467631425826,0.051467631425826
2025-03-08 12:00:00,2025,3,8,12,5.500016393748247,5.309927020772408,0.19008937297583905,0.19008937297583905
2025-03-08 18:00:00,2025,3,8,18,3.266852878487368,3.2223068035876032,0.04454607489976459,0.04454607489976459
2025-03-09 00:00:00,2025,3,9,0,2.4720681522713086,2.3373530444860355,0.13471510778527307,0.13471510778527307
2025-03-09 06:00:00,2025,3,9,6,3.015177440488366,3.015544390587099,-0.0003669500987331098,0.0003669500987331098
2025-03-09 12:00:00,2025,3,9,12,5.609640444669679,5.345416995452218,0.2642234492174609,0.2642234492174609
2025-03-09 18:00:00,2025,3,9,18,3.1328096680377397,3.1243178247990833,0.008491843238656482,0.008491843238656482
2025-03-10 00:00:00,2025,3,10,0,2.286444989750512,2.5115323037460358,-0.22508731399552362,0.22508731399552362
2025-03-10 06:00:00,2025,3,10,6,2.9717895560603016,2.8421078728178237,0.12968168324247786,0.12968168324247786
2025-03-10 12:00:00,2025,3,10,12,5.530279434910755,5.288597541134365,0.2416818937763896,0.2416818937763896
2025-03-10 18:00:00,2025,3,10,18,2.851257201488349,2.8944836949690727,-0.043226493480723605,0.043226493480723605
2025-03-11 00:00:00,2025,3,11,0,2.769970808165019,2.6576451045405087,0.11232570362451044,0.11232570362451044
2025-03-11 06:00:00,2025,3,11,6,2.851221306438987,2.943980153301712,-0.09275884686272517,0.09275884686272517
2025-03-11 12:00:00,2025,3,11,12,5.369876039321183,5.44679102161485,-0.07691498229366633,0.07691498229366633
2025-03-11 18:00:00,2025,3,11,18,2.8594085092074004,2.988688674484751,-0.12928016527735053,0.12928016527735053
2025-03-12 00:00:00,2025,3,12,0,2.825609448863892,2.604721044980826,0.22088840388306608,0.22088840388306608
2025-03-12 06:00:00,2025,3,12,6,2.9685156366334398,3.0357098063763672,-0.06719416974292747,0.06719416974292747
2025-03-12 12:00:00,2025,3,12,12,4.985017189683372,5.161677707868313,-0.17666051818494122,0.17666051818494122
2025-03-12 18:00:00,2025,3,12,18,3.1629964030017783,2.7891635888583957,0.37383281414338265,0.37383281414338265
2025-03-13 00:00:00,2025,3,13,0,2.6080427468908693,2.589090863848776,0.018951883042093165,0.018951883042093165
2025-03-13 06:00:00,2025,3,13,6,2.909999314374741,2.832235938268909,0.07776337610583184,0.07776337610583184
2025-03-13 12:00:00,2025,3,13,12,5.079019301398786,5.154391235539647,-0.07537193414086119,0.07537193414086119
2025-03-13 18:00:00,2025,3,13,18,3.126397381224447,3.0397558786132093,0.08664150261123771,0.08664150261123771
2025-03-14 00:00:00,2025,3,14,0,2.7403131747289136,2.524179169842561,0.21613400488635248,0.21613400488635248
2025-03-14 06:00:00,2025,3,14,6,3.01173711870156,2.9243414754035983,0.08739564329796146,0.08739564329796146
2025-03-14 12:00:00,2025,3,14,12,5.701840210186066,5.622108842546023,0.07973136764004263,0.07973136764004263
2025-03-14 18:00:00,2025,3,14,18,2.864901210757533,3.034427101353488,-0.1695258905959549,0.1695258905959549
2025-03-15 00:00:00,2025,3,15,0,2.5139085410669404,2.7327003250385618,-0.21879178397162136,0.21879178397162136
2025-03-15 06:00:00,2025,3,15,6,3.0330010828373246,2.909760554404712,0.1232405284326128,0.1232405284326128
2025-03-15 12:00:00,2025,3,15,12,5.746761360450436,5.697995861119427,0.04876549933100893,0.04876549933100893
2025-03-15 18:00:00,2025,3,15,18,3.479408292229351,3.4628540913748953,0.016554200854455914,0.016554200854455914
2025-03-16 00:00:00,2025,3,16,0,2.488974047747454,2.577462521562126,-0.08848847381467229,0.08848847381467229
2025-03-16 06:00:00,2025,3,16,6,3.3400236237597207,3.0419849637258993,0.2980386600338214,0.2980386600338214
2025-03-16 12:00:00,2025,3,16,12,5.477902925655244,5.560674400009089,-0.08277147435384435,0.08277147435384435
2025-03-16 18:00:00,2025,3,16,18,2.817131784537588,2.9023984603880213,-0.08526667585043324,0.08526667585043324
2025-03-17 00:00:00,2025,3,17,0,2.8991647432659176,2.643391163800025,0.25577357946589263,0.25577357946589263
2025-03-17 06:00:00,2025,3,17,6,2.890437836023372,3.049129918126896,-0.15869208210352426,0.15869208210352426
2025-03-17 12:00:00,2025,3,17,12,5.646026548840321,5.593419177232687,0.052607371607633624,0.052607371607633624
2025-03-17 18:00:00,2025,3,17,18,2.854765099222893,3.07969558379248,-0.2249304845695872,0.2249304845695872
2025-03-18 00:00:00,2025,3,18,0,2.40575916440046,2.4086950154107085,-0.0029358510102484026,0.0029358510102484026
2025-03-18 06:00:00,2025,3,18,6,3.232886736306637,3.1271788553618056,0.10570788094483152,0.10570788094483152
2025-03-18 12:00:00,2025,3,18,12,5.689046755813359,5.63301677892809,0.05602997688526923,0.05602997688526923
2025-03-18 18:00:00,2025,3,18,18,2.949035611954705,3.0416909913444896,-0.09265537938978463,0.09265537938978463
2025-03-19 00:00:00,2025,3,19,0,2.961329687513188,2.48744895076058,0.47388073675260767,0.47388073675260767
2025-03-19 06:00:00,2025,3,19,6,2.890454391576595,3.0575915679315955,-0.1671371763550007,0.1671371763550007
2025-03-19 12:00:00,2025,3,19,12,5.405981190935294,5.497944143602354,-0.09196295266706045,0.09196295266706045
2025-03-19 18:00:00,2025,3,19,18,2.641345856348157,2.9226671413514733,-0.2813212850033162,0.2813212850033162
2025-03-20 00:00:00,2025,3,20,0,2.717226593928008,2.4102483415835656,0.3069782523444422,0.3069782523444422
2025-03-20 06:00:00,2025,3,20,6,2.7434112146501786,2.9478600652635705,-0.2044488506133919,0.2044488506133919
2025-03-20 12:00:00,2025,3,20,12,5.4630501510878045,5.489286924835247,-0.026236773747442932,0.026236773747442932
2025-03-20 18:00:00,2025,3,20,18,2.5840250214028067,2.9135268738125535,-0.32950185240974683,0.32950185240974683
2025-03-21 00:00:00,2025,3,21,0,2.76339055841993,2.6237689589919326,0.13962159942799746,0.13962159942799746
2025-03-21 06:00:00,2025,3,21,6,2.853925123385796,2.728438432472964,0.12548669091283227,0.12548669091283227
2025-03-21 12:00:00,2025,3,21,12,5.322268930229438,5.641216237514849,-0.318947307285411,0.318947307285411
2025-03-21 18:00:00,2025,3,21,18,3.089874940569886,3.1317301062976997,-0.04185516572781367,0.04185516572781367
2025-03-22 00:00:00,2025,3,22,0,2.65966289401665,2.8259948940216733,-0.16633200000502324,0.16633200000502324
2025-03-22 06:00:00,2025,3,22,6,3.2184422492043128,2.9438229610346047,0.27461928816970804,0.27461928816970804
2025-03-22 12:00:00,2025,3,22,12,5.796977304822113,5.431120357209618,0.3658569476124951,0.3658569476124951
2025-03-22 18:00:00,2025,3,22,18,3.418197082633873,3.143226210338485,0.27497087229538764,0.27497087229538764
2025-03-23 00:00:00,2025,3,23,0,2.163742888212092,2.455189338027334,-0.29144644981524204,0.29144644981524204
2025-03-23 06:00:00,2025,3,23,6,3.167400821023716,3.1983407158630146,-0.03093989483929871,0.03093989483929871
2025-03-23 12:00:00,2025,3,23,12,5.546775892194028,5.62459410391827,-0.07781821172424142,0.07781821172424142
2025-03-23 18:00:00,2025,3,23,18,3.2945443155607976,3.205970802405665,0.08857351315513284,0.08857351315513284
2025-03-24 00:00:00,2025,3,24,0,2.809732883102372,2.6024639962930203,0.20726888680935174,0.20726888680935174
2025-03-24 06:00:00,2025,3,24,6,3.028272198551007,3.0916644833841107,-0.06339228483310366,0.06339228483310366
2025-03-24 12:00:00,2025,3,24,12,5.323695727037976,5.581586572129377,-0.25789084509140103,0.25789084509140103
2025-03-24 18:00:00,2025,3,24,18,2.8528152813675107,2.928472635148842,-0.07565735378133143,0.07565735378133143
2025-03-25 00:00:00,2025,3,25,0,2.470141077933395,2.9915273513235996,-0.5213862733902044,0.5213862733902044
2025-03-25 06:00:00,2025,3,25,6,2.7531633850614416,2.757341824505933,-0.004178439444491477,0.004178439444491477
2025-03-25 12:00:00,2025,3,25,12,5.697631828942429,5.532050560298954,0.165581268643475,0.165581268643475
2025-03-25 18:00:00,2025,3,25,18,2.910715980075576,3.002745312363496,-0.09202933228791998,0.09202933228791998
2025-03-26 00:00:00,2025,3,26,0,2.2651307366890503,2.6276763385323822,-0.36254560184333195,0.36254560184333195
2025-03-26 06:00:00,2025,3,26,6,3.3289893623393083,3.26970293001193,0.05928643232737851,0.05928643232737851
2025-03-26 12:00:00,2025,3,26,12,5.649446705930603,5.5822377094154225,0.06720899651518053,0.06720899651518053
2025-03-26 18:00:00,2025,3,26,18,3.326598631768677,3.2539349488803455,0.07266368288833158,0.07266368288833158
2025-03-27 00:00:00,2025,3,27,0,2.854720738497365,2.772034037286591,0.08268670121077415,0.08268670121077415
2025-03-27 06:00:00,2025,3,27,6,3.2776108726616524,3.171439206685203,0.10617166597644934,0.10617166597644934
2025-03-27 12:00:00,2025,3,27,12,5.637403816936379,5.518551773986248,0.11885204295013096,0.11885204295013096
2025-03-27 18:00:00,2025,3,27,18,3.0786487737128025,3.272149930447442,-0.1935011567346394,0.1935011567346394
2025-03-28 00:00:00,2025,3,28,0,2.921069516875155,2.784011004588609,0.13705851228654575,0.13705851228654575
2025-03-28 06:00:00,2025,3,28,6,2.9415032947899564,3.052766653338851,-0.11126335854889469,0.11126335854889469
2025-03-28 12:00:00,2025,3,28,12,5.532174852830134,5.87632432926811,-0.344149476437976,0.344149476437976
2025-03-28 18:00:00,2025,3,28,18,3.1236680344737286,3.015389227697268,0.10827880677646062,0.10827880677646062
2025-03-29 00:00:00,2025,3,29,0,2.641243986626406,2.537829722140514,0.1034142644858922,0.1034142644858922
2025-03-29 06:00:00,2025,3,29,6,3.332195874928148,3.365314265659875,-0.033118390731726954,0.033118390731726954
2025-03-29 12:00:00,2025,3,29,12,5.372982945231196,5.532958710824477,-0.15997576559328142,0.15997576559328142
2025-03-29 18:00:00,2025,3,29,18,3.424746099637899,3.1548696287053315,0.2698764709325676,0.2698764709325676
2025-03-30 00:00:00,2025,3,30,0,2.746485514696681,2.58200014213228,0.1644853725644011,0.1644853725644011
2025-03-30 06:00:00,2025,3,30,6,2.8096653734197887,3.119109327806174,-0.3094439543863854,0.3094439543863854
2025-03-30 12:00:00,2025,3,30,12,5.387556212673826,5.598610847688769,-0.2110546350149427,0.2110546350149427
2025-03-30 18:00:00,2025,3,30,18,3.2461081479644305,3.2915314105776985,-0.04542326261326801,0.04542326261326801
2025-03-31 00:00:00,2025,3,31,0,2.658714294958463,2.917043194497427,-0.2583288995389643,0.2583288995389643
2025-03-31 06:00:00,2025,3,31,6,3.213337747658328,3.3019593953219735,-0.08862164766364566,0.08862164766364566
2025-03-31 12:00:00,2025,3,31,12,6.000284768584064,6.082834391899244,-0.08254962331518012,0.08254962331518012
2025-03-31 18:00:00,2025,3,31,18,3.461514496059761,3.287219040001741,0.1742954560580201,0.1742954560580201
2025-04-01 00:00:00,2025,4,1,0,2.8261184637680445,2.644397865779578,0.18172059798846663,0.18172059798846663
2025-04-01 06:00:00,2025,4,1,6,3.5329234522488338,3.276283979224019,0.2566394730248147,0.2566394730248147
2025-04-01 12:00:00,2025,4,1,12,5.3226050802636165,5.539214231187325,-0.21660915092370825,0.21660915092370825
2025-04-01 18:00:00,2025,4,1,18,3.1583100628057448,3.077165758801526,0.08114430400421879,0.08114430400421879
2025-04-02 00:00:00,2025,4,2,0,2.754755284451368,2.6315722918268145,0.12318299262455357,0.12318299262455357
2025-04-02 06:00:00,2025,4,2,6,2.4568370893313283,2.8391164281070864,-0.38227933877575815,0.38227933877575815
2025-04-02 12:00:00,2025,4,2,12,5.571810790131169,5.8569559085227665,-0.28514511839159784,0.28514511839159784
2025-04-02 18:00:00,2025,4,2,18,3.187150778385711,3.1490196947878837,0.03813108359782724,0.03813108359782724
2025-04-03 00:00:00,2025,4,3,0,3.16602290463862,3.1590651182761618,0.00695778636245814,0.00695778636245814
2025-04-03 06:00:00,2025,4,3,6,2.76391318507627,3.200594212744384,-0.4366810276681141,0.4366810276681141
2025-04-03 12:00:00,2025,4,3,12,6.106537219965708,5.787646608887912,0.31889061107779604,0.31889061107779604
2025-04-03 18:00:00,2025,4,3,18,3.007493930060876,3.181850593036054,-0.17435666297517782,0.17435666297517782
2025-04-04 00:00:00,2025,4,4,0,2.78422967941568,2.790939962539429,-0.006710283123748884,0.006710283123748884
2025-04-04 06:00:00,2025,4,4,6,3.3809467757816134,3.187046812496504,0.1938999632851095,0.1938999632851095
2025-04-04 12:00:00,2025,4,4,12,5.611830382785522,5.671886500394969,-0.06005611760944696,0.06005611760944696
2025-04-04 18:00:00,2025,4,4,18,2.8689436011284943,3.1610258834493647,-0.2920822823208704,0.2920822823208704
2025-04-05 00:00:00,2025,4,5,0,3.008585140181369,2.8847072179697726,0.12387792221159621,0.12387792221159621
2025-04-05 06:00:00,2025,4,5,6,2.9432107095364044,3.3211927135478465,-0.3779820040114421,0.3779820040114421
2025-04-05 12:00:00,2025,4,5,12,5.81533410065008,5.836401930385134,-0.0210678297350535,0.0210678297350535
2025-04-05 18:00:00,2025,4,5,18,3.029803797243091,3.2113306321168915,-0.1815268348738006,0.1815268348738006
2025-04-06 00:00:00,2025,4,6,0,2.814309734276099,2.8512146530279057,-0.03690491875180646,0.03690491875180646
2025-04-06 06:00:00,2025,4,6,6,3.2614829494398467,3.088492408588492,0.1729905408513548,0.1729905408513548
2025-04-06 12:00:00,2025,4,6,12,5.469073733130863,5.723945429011798,-0.2548716958809347,0.2548716958809347
2025-04-06 18:00:00,2025,4,6,18,2.897004166779621,3.038837387387036,-0.14183322060741466,0.14183322060741466
2025-04-07 00:00:00,2025,4,7,0,3.096073775441565,2.814376065353481,0.28169771008808375,0.28169771008808375
2025-04-07 06:00:00,2025,4,7,6,3.4318970685601866,3.410290847150626,0.0216062214095607,0.0216062214095607
2025-04-07 12:00:00,2025,4,7,12,5.969255029757424,6.006536977310845,-0.037281947553421624,0.037281947553421624
2025-04-07 18:00:00,2025,4,7,18,2.878520249256453,3.059985129201897,-0.18146487994544414,0.18146487994544414
2025-04-08 00:00:00,2025,4,8,0,2.733546423002111,2.8674854530982476,-0.1339390300961365,0.1339390300961365
2025-04-08 06:00:00,2025,4,8,6,3.702131861685238,3.6629719811490737,0.03915988053616415,0.03915988053616415
2025-04-08 12:00:00,2025,4,8,12,5.909077139913267,5.982330231612988,-0.07325309169972094,0.07325309169972094
2025-04-08 18:00:00,2025,4,8,18,3.0396452119950923,3.0947954103414683,-0.05515019834637602,0.05515019834637602
2025-04-09 00:00:00,2025,4,9,0,3.0328186554518117,2.8363007948065455,0.19651786064526622,0.19651786064526622
2025-04-09 06:00:00,2025,4,9,6,3.2417670963474863,3.3055643669051937,-0.06379727055770745,0.06379727055770745
2025-04-09 12:00:00,2025,4,9,12,6.181594936010898,5.93631030334596,0.24528463266493805,0.24528463266493805
2025-04-09 18:00:00,2025,4,9,18,3.079946312218839,3.1874093944244106,-0.10746308220557177,0.10746308220557177
2025-04-10 00:00:00,2025,4,10,0,3.334768509073373,2.9872574952761246,0.3475110137972486,0.3475110137972486
2025-04-10 06:00:00,2025,4,10,6,3.2478685987143576,3.261918834075725,-0.014050235361367402,0.014050235361367402
2025-04-10 12:00:00,2025,4,10,12,6.197298329379,5.756864505909965,0.4404338234690348,0.4404338234690348
2025-04-10 18:00:00,2025,4,10,18,3.542355105040337,3.239382287405052,0.30297281763528483,0.30297281763528483
2025-04-11 00:00:00,2025,4,11,0,3.2863732779321357,3.0257530449697096,0.2606202329624261,0.2606202329624261
2025-04-11 06:00:00,2025,4,11,6,3.397960949668481,3.3556646292508607,0.042296320417620326,0.042296320417620326
2025-04-11 12:00:00,2025,4,11,12,6.0676750559093975,6.069285914470709,-0.001610858561311268,0.001610858561311268
2025-04-11 18:00:00,2025,4,11,18,3.2518812259173044,3.3419700317600016,-0.09008880584269718,0.09008880584269718
2025-04-12 00:00:00,2025,4,12,0,3.3045700430865765,2.9015848407506013,0.40298520233597523,0.40298520233597523
2025-04-12 06:00:00,2025,4,12,6,3.160573726593547,3.363992908606651,-0.20341918201310394,0.20341918201310394
2025-04-12 12:00:00,2025,4,12,12,6.411302393326959,6.099678817229814,0.3116235760971442,0.3116235760971442
2025-04-12 18:00:00,2025,4,12,18,2.8127214819056,3.289280372531783,-0.47655889062618284,0.47655889062618284
2025-04-13 00:00:00,2025,4,13,0,2.8216747184428903,2.9953798343603046,-0.17370511591741433,0.17370511591741433
2025-04-13 06:00:00,2025,4,13,6,3.305934890061132,3.4184209489907373,-0.11248605892960528,0.11248605892960528
2025-04-13 12:00:00,2025,4,13,12,6.434313717131535,6.174694675760544,0.2596190413709909,0.2596190413709909
2025-04-13 18:00:00,2025,4,13,18,3.0833731772125508,3.1694678240821244,-0.08609464686957358,0.08609464686957358
2025-04-14 00:00:00,2025,4,14,0,2.808126110050258,3.0066580589658627,-0.19853194891560477,0.19853194891560477
2025-04-14 06:00:00,2025,4,14,6,3.3253323734915763,3.3971197084901936,-0.07178733499861734,0.07178733499861734
2025-04-14 12:00:00,2025,4,14,12,5.871936493671637,5.944660282127539,-0.07272378845590222,0.07272378845590222
2025-04-14 18:00:00,2025,4,14,18,3.253337116294052,3.348331535171358,-0.09499441887730598,0.09499441887730598
2025-04-15 00:00:00,2025,4,15,0,2.887210642971326,2.7932210151352357,0.09398962783609033,0.09398962783609033
2025-04-15 06:00:00,2025,4,15,6,3.2921902291397163,3.402213287978748,-0.11002305883903185,0.11002305883903185
2025-04-15 12:00:00,2025,4,15,12,5.875401371792586,6.181063981394779,-0.3056626096021926,0.3056626096021926
2025-04-15 18:00:00,2025,4,15,18,3.4251968499909404,3.356527457331543,0.06866939265939731,0.06866939265939731
2025-04-16 00:00:00,2025,4,16,0,3.298846439742921,2.9183339609070025,0.38051247883591843,0.38051247883591843
2025-04-16 06:00:00,2025,4,16,6,3.1308280540775,3.351453050415295,-0.22062499633779487,0.22062499633779487
2025-04-16 12:00:00,2025,4,16,12,6.311002036890445,6.113037188911609,0.1979648479788354,0.1979648479788354
2025-04-16 18:00:00,2025,4,16,18,2.883910445833216,3.1902747570833996,-0.3063643112501837,0.3063643112501837
2025-04-17 00:00:00,2025,4,17,0,2.9492399601207517,3.1218071346717315,-0.1725671745509798,0.1725671745509798
2025-04-17 06:00:00,2025,4,17,6,3.535949601627938,3.682904589212924,-0.14695498758498582,0.14695498758498582
2025-04-17 12:00:00,2025,4,17,12,5.357886158638896,6.08091365968706,-0.7230275010481639,0.7230275010481639
2025-04-17 18:00:00,2025,4,17,18,3.5637214560025186,3.2462452977082523,0.31747615829426623,0.31747615829426623
2025-04-18 00:00:00,2025,4,18,0,3.0435914417129517,3.0848855493854863,-0.04129410767253461,0.04129410767253461
2025-04-18 06:00:00,2025,4,18,6,3.4035720423254787,3.291804594752341,0.11176744757313761,0.11176744757313761
2025-04-18 12:00:00,2025,4,18,12,6.640292202296725,5.977452251752322,0.6628399505444031,0.6628399505444031
2025-04-18 18:00:00,2025,4,18,18,3.372740450358501,3.3808673644873726,-0.008126914128871565,0.008126914128871565
2025-04-19 00:00:00,2025,4,19,0,2.9225316013108573,3.0411203186563527,-0.11858871734549536,0.11858871734549536
2025-04-19 06:00:00,2025,4,19,6,2.880114483473231,3.042173183188549,-0.16205869971531772,0.16205869971531772
2025-04-19 12:00:00,2025,4,19,12,6.460336454712671,6.0521653503476545,0.40817110436501647,0.40817110436501647
2025-04-19 18:00:00,2025,4,19,18,3.2664362705501304,3.351134003960097,-0.08469773340996678,0.08469773340996678
2025-04-20 00:00:00,2025,4,20,0,3.003959621696551,2.983549433657485,0.020410188039066135,0.020410188039066135
2025-04-20 06:00:00,2025,4,20,6,3.459198919494559,3.5382065673907,-0.07900764789614101,0.07900764789614101
2025-04-20 12:00:00,2025,4,20,12,6.773338693696199,6.506329986895601,0.2670087068005982,0.2670087068005982
2025-04-20 18:00:00,2025,4,20,18,3.6908238173037,3.4848041573431088,0.20601965996059102,0.20601965996059102
2025-04-21 00:00:00,2025,4,21,0,2.871088862831503,2.84643844689133,0.02465041594017281,0.02465041594017281
2025-04-21 06:00:00,2025,4,21,6,3.1272191517444514,3.1526595908769193,-0.02544043913246785,0.02544043913246785
2025-04-21 12:00:00,2025,4,21,12,5.991638071455381,6.350370208209742,-0.35873213675436055,0.35873213675436055
2025-04-21 18:00:00,2025,4,21,18,3.2854981407529293,3.220133534654818,0.06536460609811146,0.06536460609811146
2025-04-22 00:00:00,2025,4,22,0,2.88931883908272,3.019861773434685,-0.13054293435196485,0.13054293435196485
2025-04-22 06:00:00,2025,4,22,6,3.484641869307908,3.3644959442828197,0.12014592502508847,0.12014592502508847
2025-04-22 12:00:00,2025,4,22,12,6.1516523937180265,6.102393394828717,0.04925899888930996,0.04925899888930996
2025-04-22 18:00:00,2025,4,22,18,3.200170680189239,3.415193750105479,-0.21502306991623987,0.21502306991623987
2025-04-23 00:00:00,2025,4,23,0,2.822905196772401,3.0692407110401656,-0.24633551426776457,0.24633551426776457
2025-04-23 06:00:00,2025,4,23,6,3.27697803730676,3.2597499020619853,0.017228135244774734,0.017228135244774734
2025-04-23 12:00:00,2025,4,23,12,6.086149114519612,6.124194713828704,-0.03804559930909157,0.03804559930909157
2025-04-23 18:00:00,2025,4,23,18,3.440614656814903,3.2790687730843078,0.1615458837305952,0.1615458837305952
2025-04-24 00:00:00,2025,4,24,0,2.989395358434233,3.0535665596490964,-0.06417120121486342,0.06417120121486342
2025-04-24 06:00:00,2025,4,24,6,3.340528940418019,3.286111635900885,0.05441730451713411,0.05441730451713411
2025-04-24 12:00:00,2025,4,24,12,6.153799884370098,6.281100851142078,-0.12730096677197977,0.12730096677197977
2025-04-24 18:00:00,2025,4,24,18,3.499412026794189,3.5159478586968316,-0.016535831902642517,0.016535831902642517
2025-04-25 00:00:00,2025,4,25,0,2.9546931218664216,3.1038576854894346,-0.149164563623013,0.149164563623013
2025-04-25 06:00:00,2025,4,25,6,3.4798224622364256,3.364322701541438,0.11549976069498769,0.11549976069498769
2025-04-25 12:00:00,2025,4,25,12,6.20601093196206,6.524114673737763,-0.3181037417757029,0.3181037417757029
2025-04-25 18:00:00,2025,4,25,18,3.284325143885071,3.32698196604411,-0.0426568221590391,0.0426568221590391
2025-04-26 00:00:00,2025,4,26,0,3.207139249981656,2.9790098567696925,0.22812939321196346,0.22812939321196346
2025-04-26 06:00:00,2025,4,26,6,3.194817275201133,3.4207631394569264,-0.22594586425579344,0.22594586425579344
2025-04-26 12:00:00,2025,4,26,12,6.073072020780674,6.253295867137909,-0.18022384635723476,0.18022384635723476
2025-04-26 18:00:00,2025,4,26,18,3.27593112649176,3.2887831587672487,-0.01285203227548859,0.01285203227548859
2025-04-27 00:00:00,2025,4,27,0,3.592934348117828,3.3626694717801566,0.23026487633767134,0.23026487633767134
2025-04-27 06:00:00,2025,4,27,6,3.2945413330294664,3.706630212727184,-0.41208887969771757,0.41208887969771757
2025-04-27 12:00:00,2025,4,27,12,6.475917052608956,6.3796456582871075,0.09627139432184872,0.09627139432184872
2025-04-27 18:00:00,2025,4,27,18,3.3467145255097104,3.2504814260368655,0.09623309947284486,0.09623309947284486
2025-04-28 00:00:00,2025,4,28,0,3.014099606711924,3.4193864167613692,-0.4052868100494451,0.4052868100494451
2025-04-28 06:00:00,2025,4,28,6,3.389554060336171,3.449895586691925,-0.06034152635575385,0.06034152635575385
2025-04-28 12:00:00,2025,4,28,12,6.69919709673325,6.3640165274056795,0.33518056932757023,0.33518056932757023
2025-04-28 18:00:00,2025,4,28,18,3.7609786420817697,3.750693454198947,0.010285187882822733,0.010285187882822733
2025-04-29 00:00:00,2025,4,29,0,3.275485479181401,3.443859272468737,-0.16837379328733615,0.16837379328733615
2025-04-29 06:00:00,2025,4,29,6,3.9680562938264328,3.6537707338229315,0.3142855600035013,0.3142855600035013
2025-04-29 12:00:00,2025,4,29,12,6.560757293429649,6.3327043356889625,0.22805295774068668,0.22805295774068668
2025-04-29 18:00:00,2025,4,29,18,3.5267066643366607,3.544188699348345,-0.017482035011684438,0.017482035011684438
2025-04-30 00:00:00,2025,4,30,0,3.010448397387047,3.135314296199857,-0.12486589881280974,0.12486589881280974
2025-04-30 06:00:00,2025,4,30,6,3.5742484214320167,3.5877867496734526,-0.01353832824143586,0.01353832824143586
2025-04-30 12:00:00,2025,4,30,12,6.325258368854162,6.204251249954865,0.12100711889929716,0.12100711889929716
2025-04-30 18:00:00,2025,4,30,18,3.382697754313832,3.3403895705871993,0.04230818372663281,0.04230818372663281
2025-05-01 00:00:00,2025,5,1,0,3.048403369679378,3.1501445115987843,-0.10174114191940609,0.10174114191940609
2025-05-01 06:00:00,2025,5,1,6,3.342554370503162,3.5609844036364042,-0.21843003313324205,0.21843003313324205
2025-05-01 12:00:00,2025,5,1,12,6.519718941749459,6.6077436782746295,-0.08802473652517051,0.08802473652517051
2025-05-01 18:00:00,2025,5,1,18,3.693692824272236,3.662613697822199,0.031079126450037187,0.031079126450037187
2025-05-02 00:00:00,2025,5,2,0,3.22625692080696,3.1327998212242427,0.09345709958271708,0.09345709958271708
2025-05-02 06:00:00,2025,5,2,6,3.643949171444816,3.748775842920976,-0.1048266714761601,0.1048266714761601
2025-05-02 12:00:00,2025,5,2,12,6.102268211646457,6.251785318827956,-0.1495171071814987,0.1495171071814987
2025-05-02 18:00:00,2025,5,2,18,4.357238111005173,4.05473088374637,0.3025072272588032,0.3025072272588032
2025-05-03 00:00:00,2025,5,3,0,2.9182669063083884,3.0456596451098137,-0.12739273880142532,0.12739273880142532
2025-05-03 06:00:00,2025,5,3,6,4.054468521868083,3.938214133110598,0.11625438875748495,0.11625438875748495
2025-05-03 12:00:00,2025,5,3,12,6.353361310198288,6.519999798743387,-0.16663848854509933,0.16663848854509933
2025-05-03 18:00:00,2025,5,3,18,3.881227105523911,3.6976883661764304,0.18353873934748055,0.18353873934748055
2025-05-04 00:00:00,2025,5,4,0,3.553290631613417,3.224603404501583,0.3286872271118342,0.3286872271118342
2025-05-04 06:00:00,2025,5,4,6,4.047601462076431,3.7691959113029823,0.2784055507734484,0.2784055507734484
2025-05-04 12:00:00,2025,5,4,12,6.418955988097445,6.4908805699653245,-0.07192458186787931,0.07192458186787931
2025-05-04 18:00:00,2025,5,4,18,4.031918104635473,3.904151531140539,0.12776657349493403,0.12776657349493403
2025-05-05 00:00:00,2025,5,5,0,3.220876644826118,3.0277232442109736,0.1931534006151443,0.1931534006151443
2025-05-05 06:00:00,2025,5,5,6,3.31224304753525,3.3479451652768084,-0.0357021177415584,0.0357021177415584
2025-05-05 12:00:00,2025,5,5,12,6.793453235615866,6.550123535901192,0.24332969971467389,0.24332969971467389
2025-05-05 18:00:00,2025,5,5,18,3.3241710555917585,3.383097017396666,-0.05892596180490761,0.05892596180490761
2025-05-06 00:00:00,2025,5,6,0,2.8860806479615166,3.0505181304164974,-0.1644374824549808,0.1644374824549808
2025-05-06 06:00:00,2025,5,6,6,3.4811086923166616,3.4151048047903814,0.06600388752628028,0.06600388752628028
2025-05-06 12:00:00,2025,5,6,12,6.839824761183187,6.765438619080431,0.07438614210275585,0.07438614210275585
2025-05-06 18:00:00,2025,5,6,18,3.907278065339826,3.621947496235821,0.2853305691040049,0.2853305691040049
2025-05-07 00:00:00,2025,5,7,0,3.8823154047151993,3.519304305645272,0.3630110990699271,0.3630110990699271
2025-05-07 06:00:00,2025,5,7,6,3.4861368388820764,3.5891310395319405,-0.10299420064986409,0.10299420064986409
2025-05-07 12:00:00,2025,5,7,12,6.727879936892156,6.606674085479398,0.12120585141275786,0.12120585141275786
2025-05-07 18:00:00,2025,5,7,18,3.427428265586046,3.3261380191541305,0.10129024643191542,0.10129024643191542
2025-05-08 00:00:00,2025,5,8,0,3.010578780430563,3.247935353924968,-0.23735657349440498,0.23735657349440498
2025-05-08 06:00:00,2025,5,8,6,3.78843330799768,3.886682978202474,-0.09824967020479392,0.09824967020479392
2025-05-08 12:00:00,2025,5,8,12,6.45999483102845,6.650662470674063,-0.19066763964561328,0.19066763964561328
2025-05-08 18:00:00,2025,5,8,18,3.3365277442711547,3.582647242794302,-0.2461194985231474,0.2461194985231474
2025-05-09 00:00:00,2025,5,9,0,2.9137702507722967,3.295326255948949,-0.3815560051766522,0.3815560051766522
2025-05-09 06:00:00,2025,5,9,6,3.770648407423244,3.669780828999796,0.10086757842344785,0.10086757842344785
2025-05-09 12:00:00,2025,5,9,12,6.978632384133041,6.8435118571418725,0.1351205269911686,0.1351205269911686
2025-05-09 18:00:00,2025,5,9,18,3.3509380367713324,3.345982714090698,0.0049553226806344775,0.0049553226806344775
2025-05-10 00:00:00,2025,5,10,0,3.223691826099816,3.154511498659672,0.06918032744014413,0.06918032744014413
2025-05-10 06:00:00,2025,5,10,6,3.8450650813618186,3.70970429284864,0.13536078851317868,0.13536078851317868
2025-05-10 12:00:00,2025,5,10,12,6.9740168833292575,6.6001714294726535,0.37384545385660406,0.37384545385660406
2025-05-10 18:00:00,2025,5,10,18,3.9619673603692327,3.801550710596045,0.1604166497731878,0.1604166497731878
2025-05-11 00:00:00,2025,5,11,0,3.192850138070769,3.2298281148297625,-0.0369779767589935,0.0369779767589935
2025-05-11 06:00:00,2025,5,11,6,3.5378723597492843,3.5693134559857738,-0.031441096236489496,0.031441096236489496
2025-05-11 12:00:00,2025,5,11,12,6.732635900712318,6.670721858170952,0.06191404254136579,0.06191404254136579
2025-05-11 18:00:00,2025,5,11,18,3.9966515744947584,3.849439843470292,0.14721173102446627,0.14721173102446627
2025-05-12 00:00:00,2025,5,12,0,3.59757387923127,3.6968287869834398,-0.09925490775216961,0.09925490775216961
2025-05-12 06:00:00,2025,5,12,6,3.6675140070368895,3.8557034801557752,-0.18818947311888579,0.18818947311888579
2025-05-12 12:00:00,2025,5,12,12,6.926210892662993,6.833543992278473,0.0926669003845193,0.0926669003845193
2025-05-12 18:00:00,2025,5,12,18,3.786802990472743,3.927442483972492,-0.1406394934997488,0.1406394934997488
2025-05-13 00:00:00,2025,5,13,0,3.779692088147225,3.4842067296029486,0.29548535854427627,0.29548535854427627
2025-05-13 06:00:00,2025,5,13,6,3.532181020578052,3.5091203557065795,0.023060664871472625,0.023060664871472625
2025-05-13 12:00:00,2025,5,13,12,6.476690711933587,6.5925197040058405,-0.11582899207225328,0.11582899207225328
2025-05-13 18:00:00,2025,5,13,18,3.5249434195113154,3.7484964863462698,-0.22355306683495435,0.22355306683495435
2025-05-14 00:00:00,2025,5,14,0,3.3877653530756966,3.4321450625871357,-0.0443797095114391,0.0443797095114391
2025-05-14 06:00:00,2025,5,14,6,4.194563476889773,4.0487215954092,0.14584188148057287,0.14584188148057287
2025-05-14 12:00:00,2025,5,14,12,6.803913246929945,6.813442708136262,-0.009529461206317258,0.009529461206317258
2025-05-14 18:00:00,2025,5,14,18,4.084254425138934,3.772213682899735,0.31204074223919953,0.31204074223919953
2025-05-15 00:00:00,2025,5,15,0,3.633902961865365,3.395613794401727,0.23828916746363804,0.23828916746363804
2025-05-15 06:00:00,2025,5,15,6,3.767609405161148,3.9118385596202767,-0.14422915445912876,0.14422915445912876
2025-05-15 12:00:00,2025,5,15,12,6.94197637569245,6.894856347724576,0.047120027967873845,0.047120027967873845
2025-05-15 18:00:00,2025,5,15,18,3.690641317578834,3.5873576613286318,0.10328365625020242,0.10328365625020242
2025-05-16 00:00:00,2025,5,16,0,3.5598194839645174,3.4359290151439676,0.12389046882054977,0.12389046882054977
2025-05-16 06:00:00,2025,5,16,6,3.52859699129367,3.7708551324027453,-0.24225814110907518,0.24225814110907518
2025-05-16 12:00:00,2025,5,16,12,7.019653240275262,6.931736897525821,0.08791634274944116,0.08791634274944116
2025-05-16 18:00:00,2025,5,16,18,3.966615526635779,3.980538274426813,-0.013922747791033974,0.013922747791033974
2025-05-17 00:00:00,2025,5,17,0,3.33587861341091,3.2656126913978962,0.07026592201301396,0.07026592201301396
2025-05-17 06:00:00,2025,5,17,6,3.504084633571543,3.927286531152849,-0.4232018975813059,0.4232018975813059
2025-05-17 12:00:00,2025,5,17,12,7.074068447339377,6.952374719042352,0.12169372829702496,0.12169372829702496
2025-05-17 18:00:00,2025,5,17,18,3.948912707284981,3.801741918639119,0.14717078864586197,0.14717078864586197
2025-05-18 00:00:00,2025,5,18,0,3.8429580597487454,3.7714743451875656,0.07148371456117975,0.07148371456117975
2025-05-18 06:00:00,2025,5,18,6,4.031924241633503,3.9407001564709234,0.09122408516257918,0.09122408516257918
2025-05-18 12:00:00,2025,5,18,12,6.559931567007396,6.894148829024318,-0.3342172620169217,0.3342172620169217
2025-05-18 18:00:00,2025,5,18,18,4.467130891295359,3.867299238550684,0.5998316527446752,0.5998316527446752
2025-05-19 00:00:00,2025,5,19,0,3.409589481178122,3.7368519453067726,-0.32726246412865034,0.32726246412865034
2025-05-19 06:00:00,2025,5,19,6,3.576766113733988,3.666980879101597,-0.09021476536760886,0.09021476536760886
2025-05-19 12:00:00,2025,5,19,12,7.549202945828726,7.301515491708118,0.24768745412060778,0.24768745412060778
2025-05-19 18:00:00,2025,5,19,18,3.78401012329617,3.9351545849220533,-0.15114446162588324,0.15114446162588324
2025-05-20 00:00:00,2025,5,20,0,3.746197887999612,3.4599234339163543,0.2862744540832578,0.2862744540832578
2025-05-20 06:00:00,2025,5,20,6,4.206159792175416,4.053187932066554,0.15297186010886232,0.15297186010886232
2025-05-20 12:00:00,2025,5,20,12,7.090110706323655,7.108826664685878,-0.018715958362223617,0.018715958362223617
2025-05-20 18:00:00,2025,5,20,18,4.2162952594183,3.9707711568136626,0.2455241026046373,0.2455241026046373
2025-05-21 00:00:00,2025,5,21,0,3.98183597508824,3.5978092358742217,0.3840267392140184,0.3840267392140184
2025-05-21 06:00:00,2025,5,21,6,4.015683812331464,3.8691168692748477,0.14656694305661677,0.14656694305661677
2025-05-21 12:00:00,2025,5,21,12,7.129637291617054,7.048291309515231,0.08134598210182276,0.08134598210182276
2025-05-21 18:00:00,2025,5,21,18,4.089323001186258,3.875368703579036,0.21395429760722173,0.21395429760722173
2025-05-22 00:00:00,2025,5,22,0,3.572731939055781,3.5856583316776827,-0.012926392621901872,0.012926392621901872
2025-05-22 06:00:00,2025,5,22,6,4.015489875397781,4.077858477711336,-0.06236860231355568,0.06236860231355568
2025-05-22 12:00:00,2025,5,22,12,6.825820476947772,7.0427294239585905,-0.2169089470108183,0.2169089470108183
2025-05-22 18:00:00,2025,5,22,18,4.333400677678518,4.422382645232281,-0.08898196755376286,0.08898196755376286
2025-05-23 00:00:00,2025,5,23,0,3.000591984509783,3.379568787319813,-0.37897680281002977,0.37897680281002977
2025-05-23 06:00:00,2025,5,23,6,3.649200565506506,3.751604294337977,-0.10240372883147097,0.10240372883147097
2025-05-23 12:00:00,2025,5,23,12,6.993701903528623,7.048574931181921,-0.054873027653298045,0.054873027653298045
2025-05-23 18:00:00,2025,5,23,18,3.623611401775716,3.721364627626189,-0.09775322585047297,0.09775322585047297
2025-05-24 00:00:00,2025,5,24,0,3.8778878549486544,3.5907644084765913,0.2871234464720631,0.2871234464720631
2025-05-24 06:00:00,2025,5,24,6,3.497647871924425,3.6712473740133325,-0.17359950208890762,0.17359950208890762
2025-05-24 12:00:00,2025,5,24,12,7.260129772096189,6.997956749806558,0.26217302228963124,0.26217302228963124
2025-05-24 18:00:00,2025,5,24,18,3.981531576098439,4.0344604936364465,-0.052928917538007436,0.052928917538007436
2025-05-25 00:00:00,2025,5,25,0,3.767895010459581,3.665537442094799,0.10235756836478194,0.10235756836478194
2025-05-25 06:00:00,2025,5,25,6,4.433973452273864,4.115971225052915,0.3180022272209486,0.3180022272209486
2025-05-25 12:00:00,2025,5,25,12,7.606829220425916,7.266328306398007,0.34050091402790894,0.34050091402790894
2025-05-25 18:00:00,2025,5,25,18,3.623370976704932,3.9423983741579187,-0.3190273974529867,0.3190273974529867
2025-05-26 00:00:00,2025,5,26,0,3.814365031098944,3.8043732919798923,0.009991739119051601,0.009991739119051601
2025-05-26 06:00:00,2025,5,26,6,3.8052205546365374,3.90525668749908,-0.10003613286254254,0.10003613286254254
2025-05-26 12:00:00,2025,5,26,12,7.415158823917312,7.358102809724443,0.05705601419286932,0.05705601419286932
2025-05-26 18:00:00,2025,5,26,18,4.66739744330142,4.344208718513654,0.32318872478776584,0.32318872478776584
2025-05-27 00:00:00,2025,5,27,0,4.015305002955482,3.6356057214153696,0.3796992815401121,0.3796992815401121
2025-05-27 06:00:00,2025,5,27,6,4.091214326124631,4.149256860354505,-0.05804253422987404,0.05804253422987404
2025-05-27 12:00:00,2025,5,27,12,7.403086739441777,7.2853244996128055,0.11776223982897172,0.11776223982897172
2025-05-27 18:00:00,2025,5,27,18,3.910334925976925,3.8825218550560106,0.027813070920914562,0.027813070920914562
2025-05-28 00:00:00,2025,5,28,0,3.9281854359244366,3.871292293156275,0.056893142768161375,0.056893142768161375
2025-05-28 06:00:00,2025,5,28,6,3.572992641003186,3.851249963133664,-0.27825732213047827,0.27825732213047827
2025-05-28 12:00:00,2025,5,28,12,7.003854458319197,7.088366290988312,-0.084511832669115,0.084511832669115
2025-05-28 18:00:00,2025,5,28,18,4.156153921305801,4.37984243844321,-0.22368851713740856,0.22368851713740856
2025-05-29 00:00:00,2025,5,29,0,3.714013251712322,3.9441308696888413,-0.2301176179765192,0.2301176179765192
2025-05-29 06:00:00,2025,5,29,6,4.206318379085991,4.003379419866294,0.20293895921969618,0.20293895921969618
2025-05-29 12:00:00,2025,5,29,12,8.013770508668928,7.786261741466598,0.22750876720233038,0.22750876720233038
2025-05-29 18:00:00,2025,5,29,18,4.154471056198055,4.0784884066371445,0.07598264956091061,0.07598264956091061
2025-05-30 00:00:00,2025,5,30,0,3.7214864431984456,3.775375304008766,-0.053888860810320516,0.053888860810320516
2025-05-30 06:00:00,2025,5,30,6,4.448208276589771,4.2425482416479365,0.20566003494183427,0.20566003494183427
2025-05-30 12:00:00,2025,5,30,12,7.482135626018213,7.492722026750991,-0.0105864007327785,0.0105864007327785
2025-05-30 18:00:00,2025,5,30,18,4.305293067964582,4.452794377157363,-0.14750130919278082,0.14750130919278082
2025-05-31 00:00:00,2025,5,31,0,4.375503052175976,4.387251855842485,-0.011748803666509211,0.011748803666509211
2025-05-31 06:00:00,2025,5,31,6,3.684794257677091,4.006392879456837,-0.3215986217797462,0.3215986217797462
2025-05-31 12:00:00,2025,5,31,12,7.5026100644727,7.15635922460878,0.34625083986392013,0.34625083986392013
2025-05-31 18:00:00,2025,5,31,18,4.407796914787479,4.441846171724898,-0.03404925693741934,0.03404925693741934
2025-06-01 00:00:00,2025,6,1,0,4.811305460154688,4.82422949492875,-0.012924034774062676,0.012924034774062676
2025-06-01 06:00:00,2025,6,1,6,4.026182585117603,4.030977589739642,-0.0047950046220393006,0.0047950046220393006
2025-06-01 12:00:00,2025,6,1,12,7.788176140666493,7.866699521717937,-0.0785233810514443,0.0785233810514443
2025-06-01 18:00:00,2025,6,1,18,5.075217358625704,5.062285371510725,0.012931987114978227,0.012931987114978227
2025-06-02 00:00:00,2025,6,2,0,4.198813179414718,4.284447463379669,-0.08563428396495087,0.08563428396495087
2025-06-02 06:00:00,2025,6,2,6,4.395458895617103,4.427481289138824,-0.032022393521721426,0.032022393521721426
2025-06-02 12:00:00,2025,6,2,12,7.24105631635692,7.492301074478099,-0.25124475812117897,0.25124475812117897
2025-06-02 18:00:00,2025,6,2,18,3.995671232416754,4.173696572861739,-0.17802534044498497,0.17802534044498497
2025-06-03 00:00:00,2025,6,3,0,3.763189704737213,3.692747272084134,0.07044243265307903,0.07044243265307903
2025-06-03 06:00:00,2025,6,3,6,4.867280473339802,4.533735049994364,0.3335454233454378,0.3335454233454378
2025-06-03 12:00:00,2025,6,3,12,6.953018505959304,7.173325119975867,-0.22030661401656282,0.22030661401656282
2025-06-03 18:00:00,2025,6,3,18,4.349887753291676,4.603992777346395,-0.25410502405471913,0.25410502405471913
2025-06-04 00:00:00,2025,6,4,0,3.668546489980877,3.8763689314491767,-0.20782244146829987,0.20782244146829987
2025-06-04 06:00:00,2025,6,4,6,4.365435525549651,4.129853289415461,0.2355822361341895,0.2355822361341895
2025-06-04 12:00:00,2025,6,4,12,7.270416607150985,7.546936024957418,-0.2765194178064334,0.2765194178064334
2025-06-04 18:00:00,2025,6,4,18,4.159004665977805,4.284452193221632,-0.12544752724382757,0.12544752724382757
2025-06-05 00:00:00,2025,6,5,0,3.640894264106271,3.7998319899131374,-0.1589377258068665,0.1589377258068665
2025-06-05 06:00:00,2025,6,5,6,3.999848494681619,4.424399687534439,-0.4245511928528205,0.4245511928528205
2025-06-05 12:00:00,2025,6,5,12,7.605686639252411,7.6630836677240834,-0.05739702847167205,0.05739702847167205
2025-06-05 18:00:00,2025,6,5,18,4.748234123192393,4.676932173132296,0.07130195006009732,0.07130195006009732
2025-06-06 00:00:00,2025,6,6,0,4.372269093861762,4.389932002912765,-0.017662909051002984,0.017662909051002984
2025-06-06 06:00:00,2025,6,6,6,5.000556927143698,4.538213212024752,0.462343715118946,0.462343715118946
2025-06-06 12:00:00,2025,6,6,12,8.229425316989486,7.687525737564832,0.5418995794246539,0.5418995794246539
2025-06-06 18:00:00,2025,6,6,18,4.328287838240134,4.462228134464633,-0.1339402962244991,0.1339402962244991
2025-06-07 00:00:00,2025,6,7,0,4.415318504106558,4.200424698791793,0.2148938053147651,0.2148938053147651
2025-06-07 06:00:00,2025,6,7,6,4.456160370481905,4.509984960600323,-0.05382459011841778,0.05382459011841778
2025-06-07 12:00:00,2025,6,7,12,8.054921403420598,7.87146415756177,0.18345724585882817,0.18345724585882817
2025-06-07 18:00:00,2025,6,7,18,4.343213925759087,4.715745192439221,-0.37253126668013437,0.37253126668013437
2025-06-08 00:00:00,2025,6,8,0,4.551776418378736,4.624042702068971,-0.0722662836902348,0.0722662836902348
2025-06-08 06:00:00,2025,6,8,6,4.273582472833992,4.505338379339193,-0.23175590650520128,0.23175590650520128
2025-06-08 12:00:00,2025,6,8,12,7.402049121770991,7.525516996377189,-0.1234678746061979,0.1234678746061979
2025-06-08 18:00:00,2025,6,8,18,4.366428888838695,4.623572635916828,-0.2571437470781328,0.2571437470781328
2025-06-09 00:00:00,2025,6,9,0,4.540303390495314,4.18658442616072,0.35371896433459415,0.35371896433459415
2025-06-09 06:00:00,2025,6,9,6,3.89447981932074,4.325652936993263,-0.4311731176725231,0.4311731176725231
2025-06-09 12:00:00,2025,6,9,12,7.682242367004751,7.501337594360213,0.18090477264453764,0.18090477264453764
2025-06-09 18:00:00,2025,6,9,18,4.447002722789713,4.589322859831464,-0.14232013704175106,0.14232013704175106
2025-06-10 00:00:00,2025,6,10,0,4.331474623845308,4.282203965818692,0.04927065802661623,0.04927065802661623
2025-06-10 06:00:00,2025,6,10,6,4.30636817282958,4.627281765560865,-0.3209135927312854,0.3209135927312854
2025-06-10 12:00:00,2025,6,10,12,7.405995144286214,7.637290979996718,-0.23129583571050372,0.23129583571050372
2025-06-10 18:00:00,2025,6,10,18,4.7625069845502015,4.301173714154811,0.4613332703953903,0.4613332703953903
2025-06-11 00:00:00,2025,6,11,0,4.437461462557399,4.2870157263658,0.15044573619159962,0.15044573619159962
2025-06-11 06:00:00,2025,6,11,6,4.215002076639561,4.381505634007859,-0.1665035573682987,0.1665035573682987
2025-06-11 12:00:00,2025,6,11,12,7.3814122802464786,7.521423356800961,-0.1400110765544822,0.1400110765544822
2025-06-11 18:00:00,2025,6,11,18,4.712834624201227,4.469148081063933,0.24368654313729365,0.24368654313729365
2025-06-12 00:00:00,2025,6,12,0,3.740993200092432,4.0464695531022725,-0.30547635300984055,0.30547635300984055
2025-06-12 06:00:00,2025,6,12,6,4.4480781649283205,4.543487642151787,-0.09540947722346615,0.09540947722346615
2025-06-12 12:00:00,2025,6,12,12,7.712287654565378,7.6894183859355705,0.022869268629807316,0.022869268629807316
2025-06-12 18:00:00,2025,6,12,18,4.1220782512828205,4.519942824862711,-0.39786457357989047,0.39786457357989047
2025-06-13 00:00:00,2025,6,13,0,4.264688780260255,4.161087478584038,0.10360130167621673,0.10360130167621673
2025-06-13 06:00:00,2025,6,13,6,4.638691237645965,4.530644692845267,0.10804654480069775,0.10804654480069775
2025-06-13 12:00:00,2025,6,13,12,7.79584385911342,7.719085387712261,0.07675847140115888,0.07675847140115888
2025-06-13 18:00:00,2025,6,13,18,3.889974216293396,4.237635340137471,-0.347661123844075,0.347661123844075
2025-06-14 00:00:00,2025,6,14,0,4.20342530669646,4.3075501727344765,-0.10412486603801607,0.10412486603801607
2025-06-14 06:00:00,2025,6,14,6,4.473528479171986,4.572822150919239,-0.09929367174725368,0.09929367174725368
2025-06-14 12:00:00,2025,6,14,12,8.493462184051879,8.095545959127008,0.3979162249248702,0.3979162249248702
2025-06-14 18:00:00,2025,6,14,18,4.859190743234846,5.139440561139031,-0.2802498179041848,0.2802498179041848
2025-06-15 00:00:00,2025,6,15,0,3.818104795904065,4.408432790850452,-0.5903279949463873,0.5903279949463873
2025-06-15 06:00:00,2025,6,15,6,4.3907116978361405,4.421597036707858,-0.03088533887171785,0.03088533887171785
2025-06-15 12:00:00,2025,6,15,12,7.257687006542199,7.616038941008064,-0.35835193446586544,0.35835193446586544
2025-06-15 18:00:00,2025,6,15,18,5.162260047977872,4.806808460765661,0.3554515872122108,0.3554515872122108
2025-06-16 00:00:00,2025,6,16,0,3.997522190840403,4.028862088930529,-0.03133989809012583,0.03133989809012583
2025-06-16 06:00:00,2025,6,16,6,4.38387243597639,4.389030316681375,-0.005157880704985018,0.005157880704985018
2025-06-16 12:00:00,2025,6,16,12,8.075244694320233,8.146928946881086,-0.07168425256085342,0.07168425256085342
2025-06-16 18:00:00,2025,6,16,18,4.6430769111894605,4.494839866684347,0.14823704450511332,0.14823704450511332
2025-06-17 00:00:00,2025,6,17,0,4.41804751135618,4.548828258614168,-0.1307807472579876,0.1307807472579876
2025-06-17 06:00:00,2025,6,17,6,4.682877807519401,4.70085208032773,-0.01797427280832853,0.01797427280832853
2025-06-17 12:00:00,2025,6,17,12,7.707855721483806,7.698654528271706,0.009201193212100556,0.009201193212100556
2025-06-17 18:00:00,2025,6,17,18,4.310024548911986,4.715184757371609,-0.4051602084596224,0.4051602084596224
2025-06-18 00:00:00,2025,6,18,0,3.9935392388123208,4.229176816786458,-0.2356375779741371,0.2356375779741371
2025-06-18 06:00:00,2025,6,18,6,4.669333784267183,4.783236820579594,-0.11390303631241139,0.11390303631241139
2025-06-18 12:00:00,2025,6,18,12,7.789512310186387,7.86654448659354,-0.07703217640715287,0.07703217640715287
2025-06-18 18:00:00,2025,6,18,18,4.5402052709096825,4.823178422222042,-0.28297315131235923,0.28297315131235923
2025-06-19 00:00:00,2025,6,19,0,4.884454412786192,4.366835526221103,0.5176188865650886,0.5176188865650886
2025-06-19 06:00:00,2025,6,19,6,5.218141800964106,5.3692916804222595,-0.1511498794581536,0.1511498794581536
2025-06-19 12:00:00,2025,6,19,12,7.50127029112175,7.71007746311392,-0.20880717199217003,0.20880717199217003
2025-06-19 18:00:00,2025,6,19,18,4.569332173819999,4.642577265857629,-0.07324509203763085,0.07324509203763085
2025-06-20 00:00:00,2025,6,20,0,3.686309752076305,4.083441250193485,-0.3971314981171803,0.3971314981171803
2025-06-20 06:00:00,2025,6,20,6,4.74676638585789,4.924315297962104,-0.1775489121042142,0.1775489121042142
2025-06-20 12:00:00,2025,6,20,12,7.790695764824291,8.030781434958632,-0.24008567013434057,0.24008567013434057
2025-06-20 18:00:00,2025,6,20,18,5.166527345719234,5.4713466502860495,-0.3048193045668155,0.3048193045668155
2025-06-21 00:00:00,2025,6,21,0,3.901064777215009,4.063465741987569,-0.16240096477255994,0.16240096477255994
2025-06-21 06:00:00,2025,6,21,6,4.704709820411143,4.863919300672377,-0.15920948026123405,0.15920948026123405
2025-06-21 12:00:00,2025,6,21,12,7.40693530150385,7.639287915859702,-0.23235261435585208,0.23235261435585208
2025-06-21 18:00:00,2025,6,21,18,5.16560658452076,5.098934475493194,0.06667210902756615,0.06667210902756615
2025-06-22 00:00:00,2025,6,22,0,4.618976020935771,4.364275060326944,0.25470096060882774,0.25470096060882774
2025-06-22 06:00:00,2025,6,22,6,4.694049018759127,4.7456320394743825,-0.05158302071525522,0.05158302071525522
2025-06-22 12:00:00,2025,6,22,12,7.740732999251785,7.784550518348488,-0.04381751909670317,0.04381751909670317
2025-06-22 18:00:00,2025,6,22,18,4.905988577277098,4.615608857777238,0.2903797194998603,0.2903797194998603
2025-06-23 00:00:00,2025,6,23,0,4.540836221698324,4.559910381697664,-0.019074159999339813,0.019074159999339813
2025-06-23 06:00:00,2025,6,23,6,4.378275854677631,4.5424862150640335,-0.16421036038640224,0.16421036038640224
2025-06-23 12:00:00,2025,6,23,12,7.766452427001719,7.837168723337226,-0.07071629633550724,0.07071629633550724
2025-06-23 18:00:00,2025,6,23,18,5.296791667539852,4.945377825066483,0.3514138424733684,0.3514138424733684
2025-06-24 00:00:00,2025,6,24,0,4.039643844310054,4.354146177183272,-0.31450233287321794,0.31450233287321794
2025-06-24 06:00:00,2025,6,24,6,4.937786224993552,4.800620210164047,0.1371660148295044,0.1371660148295044
2025-06-24 12:00:00,2025,6,24,12,7.628247180366555,7.867348680371775,-0.23910150000522012,0.23910150000522012
2025-06-24 18:00:00,2025,6,24,18,5.730473781030437,5.336389728451573,0.39408405257886336,0.39408405257886336
2025-06-25 00:00:00,2025,6,25,0,4.199195217690602,4.50050254334399,-0.30130732565338825,0.30130732565338825
2025-06-25 06:00:00,2025,6,25,6,5.05333535030286,5.181605069594686,-0.12826971929182562,0.12826971929182562
2025-06-25 12:00:00,2025,6,25,12,7.77590878701634,7.81616306670774,-0.04025427969139983,0.04025427969139983
2025-06-25 18:00:00,2025,6,25,18,5.599422498626519,4.886343607160154,0.713078891466365,0.713078891466365
2025-06-26 00:00:00,2025,6,26,0,4.519196188107825,4.636989487860057,-0.11779329975223174,0.11779329975223174
2025-06-26 06:00:00,2025,6,26,6,4.9108163837468695,4.8570298352305485,0.05378654851632092,0.05378654851632092
2025-06-26 12:00:00,2025,6,26,12,7.48215850650489,7.7749960110446485,-0.2928375045397589,0.2928375045397589
2025-06-26 18:00:00,2025,6,26,18,5.665460059302204,5.408862106941832,0.2565979523603721,0.2565979523603721
2025-06-27 00:00:00,2025,6,27,0,4.8659465114819005,4.581524710402404,0.2844218010794961,0.2844218010794961
2025-06-27 06:00:00,2025,6,27,6,5.03751183743889,5.175235138162072,-0.13772330072318173,0.13772330072318173
2025-06-27 12:00:00,2025,6,27,12,7.756506469659701,7.863590454216598,-0.10708398455689672,0.10708398455689672
2025-06-27 18:00:00,2025,6,27,18,5.160154387029238,5.09282002654537,0.06733436048386832,0.06733436048386832
2025-06-28 00:00:00,2025,6,28,0,4.641260219873226,4.558867515948142,0.08239270392508402,0.08239270392508402
2025-06-28 06:00:00,2025,6,28,6,4.749519862070289,4.924494824687586,-0.17497496261729673,0.17497496261729673
2025-06-28 12:00:00,2025,6,28,12,8.129480701214964,8.143173683268868,-0.01369298205390379,0.01369298205390379
2025-06-28 18:00:00,2025,6,28,18,4.934310667141721,4.777536599030756,0.15677406811096528,0.15677406811096528
2025-06-29 00:00:00,2025,6,29,0,4.916701941290974,4.648814191688081,0.26788774960289263,0.26788774960289263
2025-06-29 06:00:00,2025,6,29,6,4.6710185837584985,4.735448222299646,-0.06442963854114758,0.06442963854114758
2025-06-29 12:00:00,2025,6,29,12,8.273909188239717,8.162654917495704,0.11125427074401273,0.11125427074401273
2025-06-29 18:00:00,2025,6,29,18,5.3619150360844055,5.104546162959108,0.2573688731252979,0.2573688731252979
2025-06-30 00:00:00,2025,6,30,0,4.044544369057721,4.300668868616767,-0.2561244995590455,0.2561244995590455
2025-06-30 06:00:00,2025,6,30,6,5.426606001468233,5.089679807665043,0.33692619380319044,0.33692619380319044
2025-06-30 12:00:00,2025,6,30,12,8.792534023700139,8.396881654348249,0.39565236935188963,0.39565236935188963
2025-06-30 18:00:00,2025,6,30,18,5.133307017489964,4.948513225829252,0.18479379166071208,0.18479379166071208
2025-07-01 00:00:00,2025,7,1,0,4.895849731092079,4.642162653201928,0.25368707789015144,0.25368707789015144
2025-07-01 06:00:00,2025,7,1,6,5.202532938799804,5.193978585680554,0.00855435311924957,0.00855435311924957
2025-07-01 12:00:00,2025,7,1,12,8.37885486080098,8.209249213086256,0.16960564771472342,0.16960564771472342
2025-07-01 18:00:00,2025,7,1,18,4.857035703301926,4.943826237593024,-0.08679053429109818,0.08679053429109818
2025-07-02 00:00:00,2025,7,2,0,4.670978253735234,4.641125432742699,0.02985282099253439,0.02985282099253439
2025-07-02 06:00:00,2025,7,2,6,4.710763338155458,4.999914765664488,-0.28915142750902945,0.28915142750902945
2025-07-02 12:00:00,2025,7,2,12,7.789893068807098,8.123601133677,-0.3337080648699029,0.3337080648699029
2025-07-02 18:00:00,2025,7,2,18,5.073595673967689,5.103294614070682,-0.029698940102993454,0.029698940102993454
2025-07-03 00:00:00,2025,7,3,0,4.28877441614448,4.34250223113075,-0.053727814986269884,0.053727814986269884
2025-07-03 06:00:00,2025,7,3,6,4.988871533372553,4.846524375957021,0.14234715741553217,0.14234715741553217
2025-07-03 12:00:00,2025,7,3,12,7.566808837856859,7.962965510281665,-0.396156672424806,0.396156672424806
2025-07-03 18:00:00,2025,7,3,18,5.948297849601339,5.444297304487853,0.5040005451134855,0.5040005451134855
2025-07-04 00:00:00,2025,7,4,0,5.259428717676839,4.737093844509317,0.5223348731675213,0.5223348731675213
2025-07-04 06:00:00,2025,7,4,6,5.021652194147856,4.807018552819041,0.21463364132881502,0.21463364132881502
2025-07-04 12:00:00,2025,7,4,12,8.905116988631274,8.717431594858715,0.18768539377255955,0.18768539377255955
2025-07-04 18:00:00,2025,7,4,18,4.983857007782554,4.942362443439236,0.041494564343318,0.041494564343318
2025-07-05 00:00:00,2025,7,5,0,4.94818227556008,4.852872555604943,0.0953097199551367,0.0953097199551367
2025-07-05 06:00:00,2025,7,5,6,5.654704701576797,5.455076313111117,0.19962838846568065,0.19962838846568065
2025-07-05 12:00:00,2025,7,5,12,8.744329216748291,8.416523928776975,0.3278052879713158,0.3278052879713158
2025-07-05 18:00:00,2025,7,5,18,5.13714442967231,4.832694693483791,0.304449736188519,0.304449736188519
2025-07-06 00:00:00,2025,7,6,0,5.077586518644907,5.134189364847934,-0.05660284620302747,0.05660284620302747
2025-07-06 06:00:00,2025,7,6,6,4.993449457398775,4.955438510081172,0.038010947317602906,0.038010947317602906
2025-07-06 12:00:00,2025,7,6,12,8.227083030592135,7.997237065773857,0.22984596481827868,0.22984596481827868
2025-07-06 18:00:00,2025,7,6,18,4.835242557936288,5.017679811704527,-0.1824372537682386,0.1824372537682386
2025-07-07 00:00:00,2025,7,7,0,4.793098900408984,4.721698571150284,0.07140032925869999,0.07140032925869999
2025-07-07 06:00:00,2025,7,7,6,4.742184599164176,4.994729544986696,-0.2525449458225202,0.2525449458225202
2025-07-07 12:00:00,2025,7,7,12,8.44064700571859,8.260287311191043,0.18035969452754763,0.18035969452754763
2025-07-07 18:00:00,2025,7,7,18,5.362353347732044,5.2476473888017106,0.1147059589303332,0.1147059589303332
2025-07-08 00:00:00,2025,7,8,0,5.11168827699418,5.130311507273303,-0.018623230279123604,0.018623230279123604
2025-07-08 06:00:00,2025,7,8,6,5.006378889307888,4.791060754753608,0.2153181345542805,0.2153181345542805
2025-07-08 12:00:00,2025,7,8,12,7.888553874094776,8.232305310731892,-0.34375143663711594,0.34375143663711594
2025-07-08 18:00:00,2025,7,8,18,5.023360905413281,4.909275431662804,0.1140854737504764,0.1140854737504764
2025-07-09 00:00:00,2025,7,9,0,5.0667048737679306,4.829641139699109,0.23706373406882175,0.23706373406882175
2025-07-09 06:00:00,2025,7,9,6,4.94677683634924,4.92693582195059,0.019841014398650714,0.019841014398650714
2025-07-09 12:00:00,2025,7,9,12,8.353859673631646,8.363829035065317,-0.009969361433670443,0.009969361433670443
2025-07-09 18:00:00,2025,7,9,18,5.203602175614027,4.981405495983271,0.2221966796307564,0.2221966796307564
2025-07-10 00:00:00,2025,7,10,0,4.599109130003757,4.6619412665894675,-0.06283213658571007,0.06283213658571007
2025-07-10 06:00:00,2025,7,10,6,4.837581767853871,4.876607431959203,-0.03902566410533215,0.03902566410533215
2025-07-10 12:00:00,2025,7,10,12,8.112257494343915,8.237471703451119,-0.12521420910720416,0.12521420910720416
2025-07-10 18:00:00,2025,7,10,18,5.728162903130931,5.487513692825235,0.24064921030569586,0.24064921030569586
2025-07-11 00:00:00,2025,7,11,0,4.742396338380976,4.662486086061773,0.07991025231920279,0.07991025231920279
2025-07-11 06:00:00,2025,7,11,6,5.084042349820937,5.133652288575472,-0.04960993875453479,0.04960993875453479
2025-07-11 12:00:00,2025,7,11,12,8.289051070199678,8.45623239400936,-0.16718132380968243,0.16718132380968243
2025-07-11 18:00:00,2025,7,11,18,4.939533247756122,4.827642986945963,0.11189026081015907,0.11189026081015907
2025-07-12 00:00:00,2025,7,12,0,4.781915042223287,4.559091057813351,0.22282398440993578,0.22282398440993578
2025-07-12 06:00:00,2025,7,12,6,5.2973941427165,5.620345620532953,-0.3229514778164537,0.3229514778164537
2025-07-12 12:00:00,2025,7,12,12,8.269188475117447,8.516200280840295,-0.2470118057228472,0.2470118057228472
2025-07-12 18:00:00,2025,7,12,18,4.97468227584351,5.033852630416366,-0.059170354572855466,0.059170354572855466
2025-07-13 00:00:00,2025,7,13,0,4.434423555439917,4.704773393506063,-0.27034983806614576,0.27034983806614576
2025-07-13 06:00:00,2025,7,13,6,4.777145210447645,5.092983696371744,-0.3158384859240986,0.3158384859240986
2025-07-13 12:00:00,2025,7,13,12,8.42071296228884,8.447211794001957,-0.02649883171311629,0.02649883171311629
2025-07-13 18:00:00,2025,7,13,18,5.080038714385438,5.196156365278548,-0.1161176508931101,0.1161176508931101
2025-07-14 00:00:00,2025,7,14,0,4.524466933519992,4.457753755651581,0.06671317786841158,0.06671317786841158
2025-07-14 06:00:00,2025,7,14,6,4.945840914601647,5.085250942607933,-0.139410028006286,0.139410028006286
2025-07-14 12:00:00,2025,7,14,12,8.624306085172265,8.340087528575802,0.28421855659646234,0.28421855659646234
2025-07-14 18:00:00,2025,7,14,18,5.4800035606404105,5.523167546762577,-0.043163986122166875,0.043163986122166875
2025-07-15 00:00:00,2025,7,15,0,4.812416465125418,4.778608304239873,0.03380816088554539,0.03380816088554539
2025-07-15 06:00:00,2025,7,15,6,5.761380827010716,5.390174158904519,0.37120666810619696,0.37120666810619696
2025-07-15 12:00:00,2025,7,15,12,7.585046986946075,8.069996829411759,-0.4849498424656833,0.4849498424656833
2025-07-15 18:00:00,2025,7,15,18,5.310312767773124,5.123777118962582,0.1865356488105423,0.1865356488105423
2025-07-16 00:00:00,2025,7,16,0,4.762529760192225,4.946230350878067,-0.18370059068584155,0.18370059068584155
2025-07-16 06:00:00,2025,7,16,6,5.184113264377599,5.189123222433821,-0.005009958056222175,0.005009958056222175
2025-07-16 12:00:00,2025,7,16,12,8.830965298883346,8.765253527073058,0.06571177181028709,0.06571177181028709
2025-07-16 18:00:00,2025,7,16,18,5.02488393232009,5.034062680571835,-0.009178748251745361,0.009178748251745361
2025-07-17 00:00:00,2025,7,17,0,5.133223882048744,4.8596341334612205,0.27358974858752383,0.27358974858752383
2025-07-17 06:00:00,2025,7,17,6,5.472624282584153,5.198698883662812,0.2739253989213415,0.2739253989213415
2025-07-17 12:00:00,2025,7,17,12,7.8895686831955425,8.362884891154769,-0.47331620795922635,0.47331620795922635
2025-07-17 18:00:00,2025,7,17,18,5.449235347797719,5.353459905244583,0.09577544255313608,0.09577544255313608
2025-07-18 00:00:00,2025,7,18,0,4.802818201643891,4.6520132780456676,0.15080492359822362,0.15080492359822362
2025-07-18 06:00:00,2025,7,18,6,5.851346539176702,5.926137095096978,-0.07479055592027617,0.07479055592027617
2025-07-18 12:00:00,2025,7,18,12,8.535918137234018,8.585118637977036,-0.04920050074301763,0.04920050074301763
2025-07-18 18:00:00,2025,7,18,18,4.891675194459288,4.897110378557213,-0.005435184097924761,0.005435184097924761
2025-07-19 00:00:00,2025,7,19,0,5.132140894355199,4.9833186833902055,0.14882221096499393,0.14882221096499393
2025-07-19 06:00:00,2025,7,19,6,5.745386060789431,5.482054593694215,0.2633314670952158,0.2633314670952158
2025-07-19 12:00:00,2025,7,19,12,7.831561409239609,7.993725636515459,-0.16216422727585034,0.16216422727585034
2025-07-19 18:00:00,2025,7,19,18,5.61310050299749,5.504343375968168,0.10875712702932194,0.10875712702932194
2025-07-20 00:00:00,2025,7,20,0,4.934868052159385,5.149344716549733,-0.21447666439034752,0.21447666439034752
2025-07-20 06:00:00,2025,7,20,6,5.084988116238256,5.308832050706074,-0.22384393446781736,0.22384393446781736
2025-07-20 12:00:00,2025,7,20,12,8.057842137617538,8.474208416797872,-0.416366279180334,0.416366279180334
2025-07-20 18:00:00,2025,7,20,18,5.282783201899004,5.084432176641739,0.19835102525726533,0.19835102525726533
2025-07-21 00:00:00,2025,7,21,0,4.819014361593971,4.84223324334688,-0.02321888175290887,0.02321888175290887
2025-07-21 06:00:00,2025,7,21,6,5.10306368447938,5.357523614855534,-0.25445993037615366,0.25445993037615366
2025-07-21 12:00:00,2025,7,21,12,7.721325909288608,7.9546408355288305,-0.23331492624022232,0.23331492624022232
2025-07-21 18:00:00,2025,7,21,18,5.000998169551022,5.329572726333017,-0.32857455678199443,0.32857455678199443
2025-07-22 00:00:00,2025,7,22,0,4.796151611560267,4.775478961018844,0.020672650541423643,0.020672650541423643
2025-07-22 06:00:00,2025,7,22,6,5.012956960529582,5.137470942582165,-0.12451398205258268,0.12451398205258268
2025-07-22 12:00:00,2025,7,22,12,8.823438332507553,8.61483291778457,0.20860541472298344,0.20860541472298344
2025-07-22 18:00:00,2025,7,22,18,5.55338906566472,5.440556558331686,0.1128325073330343,0.1128325073330343
2025-07-23 00:00:00,2025,7,23,0,4.902771725579814,5.061686970133435,-0.15891524455362038,0.15891524455362038
2025-07-23 06:00:00,2025,7,23,6,5.153857771669112,5.350580425796312,-0.1967226541271998,0.1967226541271998
2025-07-23 12:00:00,2025,7,23,12,8.66775070645031,8.606420474379831,0.061330232070478274,0.061330232070478274
2025-07-23 18:00:00,2025,7,23,18,5.086193179785341,5.3130142032488115,-0.22682102346347044,0.22682102346347044
2025-07-24 00:00:00,2025,7,24,0,5.598245143148285,5.66975521508328,-0.0715100719349957,0.0715100719349957
2025-07-24 06:00:00,2025,7,24,6,4.993229695646296,4.858471287876593,0.13475840776970216,0.13475840776970216
2025-07-24 12:00:00,2025,7,24,12,8.170039429718281,8.1620112071044,0.008028222613880587,0.008028222613880587
2025-07-24 18:00:00,2025,7,24,18,5.451236145954868,5.313846349939026,0.13738979601584234,0.13738979601584234
2025-07-25 00:00:00,2025,7,25,0,4.603024535764017,4.84506057816186,-0.24203604239784315,0.24203604239784315
2025-07-25 06:00:00,2025,7,25,6,5.42881237579583,5.507545677473763,-0.07873330167793302,0.07873330167793302
2025-07-25 12:00:00,2025,7,25,12,8.256776098787018,8.489399233267985,-0.23262313448096705,0.23262313448096705
2025-07-25 18:00:00,2025,7,25,18,5.06306432319157,5.246962992399767,-0.18389866920819653,0.18389866920819653
2025-07-26 00:00:00,2025,7,26,0,4.678600727751589,4.903682087301445,-0.22508135954985597,0.22508135954985597
2025-07-26 06:00:00,2025,7,26,6,5.76436217042104,5.879178220163885,-0.11481604974284476,0.11481604974284476
2025-07-26 12:00:00,2025,7,26,12,8.7330667316814,8.529202277490686,0.20386445419071464,0.20386445419071464
2025-07-26 18:00:00,2025,7,26,18,5.705860935896259,5.570281872562253,0.1355790633340055,0.1355790633340055
2025-07-27 00:00:00,2025,7,27,0,5.174978270397635,5.4897916408568,-0.3148133704591647,0.3148133704591647
2025-07-27 06:00:00,2025,7,27,6,5.2171176611688646,5.41192067481196,-0.19480301364309582,0.19480301364309582
2025-07-27 12:00:00,2025,7,27,12,8.457407196399856,8.288878619543176,0.16852857685668,0.16852857685668
2025-07-27 18:00:00,2025,7,27,18,5.17628335386721,5.240913764009268,-0.06463041014205828,0.06463041014205828
2025-07-28 00:00:00,2025,7,28,0,4.355180938109409,4.566036694114578,-0.21085575600516915,0.21085575600516915
2025-07-28 06:00:00,2025,7,28,6,5.126902047800274,5.437412604318617,-0.31051055651834236,0.31051055651834236
2025-07-28 12:00:00,2025,7,28,12,8.37141789374418,8.465528429423182,-0.09411053567900218,0.09411053567900218
2025-07-28 18:00:00,2025,7,28,18,5.142647888639004,5.4022966262706,-0.25964873763159524,0.25964873763159524
2025-07-29 00:00:00,2025,7,29,0,5.227443739705335,4.996783111363519,0.23066062834181622,0.23066062834181622
2025-07-29 06:00:00,2025,7,29,6,5.297031883287714,5.4384641616553875,-0.1414322783676738,0.1414322783676738
2025-07-29 12:00:00,2025,7,29,12,8.570467810065393,8.602156427123395,-0.03168861705800197,0.03168861705800197
2025-07-29 18:00:00,2025,7,29,18,5.049211598554962,5.09316163549121,-0.04395003693624844,0.04395003693624844
2025-07-30 00:00:00,2025,7,30,0,4.871161313292447,4.736924597847362,0.13423671544508498,0.13423671544508498
2025-07-30 06:00:00,2025,7,30,6,5.639300798777129,5.636629046282024,0.0026717524951056504,0.0026717524951056504
2025-07-30 12:00:00,2025,7,30,12,8.150151993474278,8.293197902159944,-0.14304590868566613,0.14304590868566613
2025-07-30 18:00:00,2025,7,30,18,5.604238182969469,5.610664801557358,-0.006426618587888733,0.006426618587888733
2025-07-31 00:00:00,2025,7,31,0,5.201527899162082,5.010929149507999,0.1905987496540833,0.1905987496540833
2025-07-31 06:00:00,2025,7,31,6,5.600164446621674,5.255392032237909,0.3447724143837654,0.3447724143837654
2025-07-31 12:00:00,2025,7,31,12,8.412144081976782,8.313415633549724,0.09872844842705852,0.09872844842705852
2025-07-31 18:00:00,2025,7,31,18,5.559720255672255,5.2739207528011915,0.2857995028710638,0.2857995028710638
2025-08-01 00:00:00,2025,8,1,0,4.821855937730378,4.756223819706964,0.06563211802341407,0.06563211802341407
2025-08-01 06:00:00,2025,8,1,6,5.54158799329871,5.397977311618209,0.14361068168050117,0.14361068168050117
2025-08-01 12:00:00,2025,8,1,12,8.480093985411546,8.706892622045387,-0.22679863663384126,0.22679863663384126
2025-08-01 18:00:00,2025,8,1,18,5.107674451445946,5.106765074939492,0.0009093765064536186,0.0009093765064536186
2025-08-02 00:00:00,2025,8,2,0,4.668308811617137,4.77923851752954,-0.1109297059124037,0.1109297059124037
2025-08-02 06:00:00,2025,8,2,6,5.6672454105933365,5.4909419529377335,0.17630345765560307,0.17630345765560307
2025-08-02 12:00:00,2025,8,2,12,8.947398331438668,8.702424821498338,0.24497350994032985,0.24497350994032985
2025-08-02 18:00:00,2025,8,2,18,6.081786622635291,5.908486215164895,0.17330040747039632,0.17330040747039632
2025-08-03 00:00:00,2025,8,3,0,4.955237598856391,4.951303929659012,0.003933669197378364,0.003933669197378364
2025-08-03 06:00:00,2025,8,3,6,5.525799156944246,5.588711602939429,-0.06291244599518286,0.06291244599518286
2025-08-03 12:00:00,2025,8,3,12,8.622878983690983,8.4493336817091,0.17354530198188378,0.17354530198188378
2025-08-03 18:00:00,2025,8,3,18,5.676491380939324,5.5405672220246505,0.13592415891467358,0.13592415891467358
2025-08-04 00:00:00,2025,8,4,0,4.892722834251999,4.836872532264875,0.05585030198712371,0.05585030198712371
2025-08-04 06:00:00,2025,8,4,6,5.372306341859828,5.551921949846067,-0.1796156079862392,0.1796156079862392
2025-08-04 12:00:00,2025,8,4,12,8.235041925456954,8.415520102225454,-0.1804781767684993,0.1804781767684993
2025-08-04 18:00:00,2025,8,4,18,5.5282810175695385,5.52130322338173,0.006977794187808861,0.006977794187808861
2025-08-05 00:00:00,2025,8,5,0,4.731477277336304,4.610115773953485,0.12136150338281926,0.12136150338281926
2025-08-05 06:00:00,2025,8,5,6,5.464343760682276,5.4002270371820424,0.06411672350023334,0.06411672350023334
2025-08-05 12:00:00,2025,8,5,12,8.681879215546141,8.555726014912816,0.12615320063332547,0.12615320063332547
2025-08-05 18:00:00,2025,8,5,18,5.307892290522186,5.317790817989646,-0.00989852746746056,0.00989852746746056
2025-08-06 00:00:00,2025,8,6,0,5.329765822912706,5.114019738471732,0.21574608444097443,0.21574608444097443
2025-08-06 06:00:00,2025,8,6,6,5.510010480561592,5.5100854702985345,-7.498973694275435e-05,7.498973694275435e-05
2025-08-06 12:00:00,2025,8,6,12,8.237499255561683,8.474370286643145,-0.23687103108146168,0.23687103108146168
2025-08-06 18:00:00,2025,8,6,18,5.60354248435771,5.440713159554103,0.16282932480360746,0.16282932480360746
2025-08-07 00:00:00,2025,8,7,0,5.259467393363118,5.2611731287619365,-0.0017057353988185753,0.0017057353988185753
2025-08-07 06:00:00,2025,8,7,6,5.837474112274207,5.978847769767636,-0.14137365749342923,0.14137365749342923
2025-08-07 12:00:00,2025,8,7,12,9.035006190582177,8.472116040830437,0.5628901497517393,0.5628901497517393
2025-08-07 18:00:00,2025,8,7,18,5.551836083848368,5.233543655882298,0.31829242796607016,0.31829242796607016
2025-08-08 00:00:00,2025,8,8,0,4.910318727549003,5.126547540862748,-0.21622881331374533,0.21622881331374533
2025-08-08 06:00:00,2025,8,8,6,5.125151340859498,5.257849984050006,-0.1326986431905084,0.1326986431905084
2025-08-08 12:00:00,2025,8,8,12,8.953934674853665,8.875695327874153,0.07823934697951174,0.07823934697951174
2025-08-08 18:00:00,2025,8,8,18,5.508814533429386,5.739092447381018,-0.23027791395163177,0.23027791395163177
2025-08-09 00:00:00,2025,8,9,0,4.80465305753892,5.2271547619487775,-0.4225017044098571,0.4225017044098571
2025-08-09 06:00:00,2025,8,9,6,5.408228465172415,5.442424517587973,-0.034196052415558675,0.034196052415558675
2025-08-09 12:00:00,2025,8,9,12,8.705857400782689,8.4202010315311,0.28565636925158877,0.28565636925158877
2025-08-09 18:00:00,2025,8,9,18,5.127932026774844,5.25925543038166,-0.1313234036068156,0.1313234036068156
2025-08-10 00:00:00,2025,8,10,0,5.15234014203662,5.0664682096518545,0.08587193238476587,0.08587193238476587
2025-08-10 06:00:00,2025,8,10,6,5.310245559561739,5.426774641002357,-0.11652908144061769,0.11652908144061769
2025-08-10 12:00:00,2025,8,10,12,8.7694932649999,8.54514807550243,0.22434518949746973,0.22434518949746973
2025-08-10 18:00:00,2025,8,10,18,6.018509600206636,5.751514322337989,0.26699527786864685,0.26699527786864685
2025-08-11 00:00:00,2025,8,11,0,5.275412055922132,5.273482691340381,0.0019293645817510807,0.0019293645817510807
2025-08-11 06:00:00,2025,8,11,6,5.131298948324888,5.364993518286719,-0.23369456996183136,0.23369456996183136
2025-08-11 12:00:00,2025,8,11,12,8.186502038667244,8.21355163833284,-0.02704959966559528,0.02704959966559528
2025-08-11 18:00:00,2025,8,11,18,5.525452894566195,5.511506172997155,0.013946721569039866,0.013946721569039866
2025-08-12 00:00:00,2025,8,12,0,4.766330700881307,4.972741411223136,-0.2064107103418289,0.2064107103418289
2025-08-12 06:00:00,2025,8,12,6,6.061251876200583,5.6608377776357015,0.4004140985648812,0.4004140985648812
2025-08-12 12:00:00,2025,8,12,12,8.272471194839548,8.237161902633927,0.03530929220562129,0.03530929220562129
2025-08-12 18:00:00,2025,8,12,18,5.717979461991169,5.401298970228617,0.3166804917625514,0.3166804917625514
2025-08-13 00:00:00,2025,8,13,0,4.9064218260158174,5.104403880813466,-0.19798205479764874,0.19798205479764874
2025-08-13 06:00:00,2025,8,13,6,5.773131698604119,5.664471364909067,0.10866033369505157,0.10866033369505157
2025-08-13 12:00:00,2025,8,13,12,8.346134722490946,8.55397991694053,-0.20784519444958427,0.20784519444958427
2025-08-13 18:00:00,2025,8,13,18,5.393300536010623,5.474003515796423,-0.08070297978579966,0.08070297978579966
2025-08-14 00:00:00,2025,8,14,0,4.64901955286678,4.922053297755093,-0.27303374488831267,0.27303374488831267
2025-08-14 06:00:00,2025,8,14,6,5.158247950862478,5.331189412667685,-0.1729414618052072,0.1729414618052072
2025-08-14 12:00:00,2025,8,14,12,8.15762063718283,8.328029398166478,-0.17040876098364777,0.17040876098364777
2025-08-14 18:00:00,2025,8,14,18,5.030374826062775,5.169751944317176,-0.13937711825440147,0.13937711825440147
2025-08-15 00:00:00,2025,8,15,0,5.238388151735061,4.868605750041345,0.36978240169371546,0.36978240169371546
2025-08-15 06:00:00,2025,8,15,6,5.537167828909108,5.842693316783511,-0.30552548787440337,0.30552548787440337
2025-08-15 12:00:00,2025,8,15,12,8.886912696288864,8.775207562188534,0.11170513410032967,0.11170513410032967
2025-08-15 18:00:00,2025,8,15,18,5.1564571103445145,5.282835715959227,-0.12637860561471292,0.12637860561471292
2025-08-16 00:00:00,2025,8,16,0,5.032828976478058,5.0529067135567,-0.020077737078642244,0.020077737078642244
2025-08-16 06:00:00,2025,8,16,6,5.363696859620672,5.445202434041168,-0.081505574420496,0.081505574420496
2025-08-16 12:00:00,2025,8,16,12,8.643768581565087,8.57556557262575,0.06820300893933684,0.06820300893933684
2025-08-16 18:00:00,2025,8,16,18,5.364624052857245,5.6372138842405075,-0.27258983138326265,0.27258983138326265
2025-08-17 00:00:00,2025,8,17,0,4.252272662402371,4.822971941604243,-0.5706992792018726,0.5706992792018726
2025-08-17 06:00:00,2025,8,17,6,5.4063104926207695,5.3839934214617235,0.02231707115904591,0.02231707115904591
2025-08-17 12:00:00,2025,8,17,12,8.184136835277268,8.205972379952616,-0.021835544675347762,0.021835544675347762
2025-08-17 18:00:00,2025,8,17,18,5.521418943715731,5.368959747929462,0.15245919578626932,0.15245919578626932
2025-08-18 00:00:00,2025,8,18,0,4.966865764031802,5.07986673500086,-0.11300097096905848,0.11300097096905848
2025-08-18 06:00:00,2025,8,18,6,5.425814212200098,5.408426456827168,0.01738775537293069,0.01738775537293069
2025-08-18 12:00:00,2025,8,18,12,8.90307167122125,8.54423494725785,0.3588367239633996,0.3588367239633996
2025-08-18 18:00:00,2025,8,18,18,6.225483516609708,6.053732405846126,0.17175111076358185,0.17175111076358185
2025-08-19 00:00:00,2025,8,19,0,5.369379563217772,4.95063236915781,0.4187471940599625,0.4187471940599625
2025-08-19 06:00:00,2025,8,19,6,5.4608036178139,5.678617975770426,-0.21781435795652637,0.21781435795652637
2025-08-19 12:00:00,2025,8,19,12,8.261447256843045,8.162895054533282,0.09855220230976336,0.09855220230976336
2025-08-19 18:00:00,2025,8,19,18,5.315666503356848,5.6518461085105285,-0.3361796051536805,0.3361796051536805
2025-08-20 00:00:00,2025,8,20,0,5.531339473775077,5.432819709316903,0.09851976445817368,0.09851976445817368
2025-08-20 06:00:00,2025,8,20,6,5.607417687903783,5.659859113036328,-0.05244142513254513,0.05244142513254513
2025-08-20 12:00:00,2025,8,20,12,8.485413686283191,8.510635730495999,-0.02522204421280705,0.02522204421280705
2025-08-20 18:00:00,2025,8,20,18,5.306333441557469,5.297010471959148,0.009322969598320796,0.009322969598320796
2025-08-21 00:00:00,2025,8,21,0,4.717064319058711,4.887464877084248,-0.17040055802553766,0.17040055802553766
2025-08-21 06:00:00,2025,8,21,6,5.89378904608478,5.665595051549178,0.2281939945356024,0.2281939945356024
2025-08-21 12:00:00,2025,8,21,12,8.731904286928598,8.413098374956125,0.31880591197247377,0.31880591197247377
2025-08-21 18:00:00,2025,8,21,18,5.063142630310551,5.367346154694832,-0.3042035243842802,0.3042035243842802
2025-08-22 00:00:00,2025,8,22,0,5.040733629120593,4.951571851012136,0.08916177810845749,0.08916177810845749
2025-08-22 06:00:00,2025,8,22,6,5.323067195450526,5.5454216357121435,-0.22235444026161755,0.22235444026161755
2025-08-22 12:00:00,2025,8,22,12,7.878982597032754,8.134457996915883,-0.25547539988312895,0.25547539988312895
2025-08-22 18:00:00,2025,8,22,18,5.714975298474194,5.557709134060241,0.15726616441395258,0.15726616441395258
2025-08-23 00:00:00,2025,8,23,0,4.706218135647128,4.840076440094423,-0.13385830444729496,0.13385830444729496
2025-08-23 06:00:00,2025,8,23,6,5.388699599996229,5.370510967134301,0.018188632861927623,0.018188632861927623
2025-08-23 12:00:00,2025,8,23,12,7.872667298733329,8.461170399180213,-0.5885031004468848,0.5885031004468848
2025-08-23 18:00:00,2025,8,23,18,5.119723409437285,5.350261162264372,-0.23053775282708688,0.23053775282708688
2025-08-24 00:00:00,2025,8,24,0,5.575016973341895,5.403589773400159,0.1714271999417356,0.1714271999417356
2025-08-24 06:00:00,2025,8,24,6,5.696205196376049,5.679029094881667,0.017176101494381868,0.017176101494381868
2025-08-24 12:00:00,2025,8,24,12,8.546396328389761,8.681604842525054,-0.135208514135293,0.135208514135293
2025-08-24 18:00:00,2025,8,24,18,5.4607624184051184,5.211646780004198,0.24911563840092033,0.24911563840092033
2025-08-25 00:00:00,2025,8,25,0,5.112532885743304,5.228800649053772,-0.11626776331046784,0.11626776331046784
2025-08-25 06:00:00,2025,8,25,6,6.061753701290682,5.921482847430797,0.14027085385988514,0.14027085385988514
2025-08-25 12:00:00,2025,8,25,12,8.332544817148248,8.096171964553651,0.23637285259459695,0.23637285259459695
2025-08-25 18:00:00,2025,8,25,18,5.435818373774189,5.479957244874266,-0.04413887110007764,0.04413887110007764
2025-08-26 00:00:00,2025,8,26,0,4.552305834705692,4.763290009430292,-0.21098417472459996,0.21098417472459996
2025-08-26 06:00:00,2025,8,26,6,5.630698927587108,5.419421754316957,0.21127717327015105,0.21127717327015105
2025-08-26 12:00:00,2025,8,26,12,8.405304029706985,8.534577081964636,-0.12927305225765195,0.12927305225765195
2025-08-26 18:00:00,2025,8,26,18,5.582945044903616,5.509179852846585,0.07376519205703147,0.07376519205703147
2025-08-27 00:00:00,2025,8,27,0,5.409926488401469,5.344541034777549,0.06538545362391979,0.06538545362391979
2025-08-27 06:00:00,2025,8,27,6,5.535341858105194,5.531749302906029,0.003592555199165126,0.003592555199165126
2025-08-27 12:00:00,2025,8,27,12,8.49554296541321,8.519275706684434,-0.02373274127122471,0.02373274127122471
2025-08-27 18:00:00,2025,8,27,18,5.164898346964465,5.521053822819909,-0.35615547585544416,0.35615547585544416
2025-08-28 00:00:00,2025,8,28,0,4.681558723723771,5.188794170392664,-0.5072354466688935,0.5072354466688935
2025-08-28 06:00:00,2025,8,28,6,5.060551392374818,5.26122637146255,-0.20067497908773202,0.20067497908773202
2025-08-28 12:00:00,2025,8,28,12,8.263386293813827,8.098235995049867,0.16515029876395992,0.16515029876395992
2025-08-28 18:00:00,2025,8,28,18,5.757676391660581,5.744840798567866,0.012835593092715314,0.012835593092715314
2025-08-29 00:00:00,2025,8,29,0,5.39492869183452,5.138936088728439,0.25599260310608063,0.25599260310608063
2025-08-29 06:00:00,2025,8,29,6,4.831849836235087,5.093830238180639,-0.2619804019455527,0.2619804019455527
2025-08-29 12:00:00,2025,8,29,12,8.018143330285842,8.135266889803711,-0.11712355951786968,0.11712355951786968
2025-08-29 18:00:00,2025,8,29,18,5.360764775737293,5.16544003932978,0.19532473640751302,0.19532473640751302
2025-08-30 00:00:00,2025,8,30,0,4.698098535354218,4.55106689274541,0.14703164260880808,0.14703164260880808
2025-08-30 06:00:00,2025,8,30,6,5.75071234101747,5.688659469026689,0.062052871990781355,0.062052871990781355
2025-08-30 12:00:00,2025,8,30,12,8.232893993389961,7.952579721025368,0.28031427236459283,0.28031427236459283
2025-08-30 18:00:00,2025,8,30,18,5.516158973486144,5.445799875824471,0.07035909766167325,0.07035909766167325
2025-08-31 00:00:00,2025,8,31,0,5.0995499509601405,5.22365735188098,-0.12410740092083916,0.12410740092083916
2025-08-31 06:00:00,2025,8,31,6,5.315159240336827,5.296835848403154,0.018323391933673605,0.018323391933673605
2025-08-31 12:00:00,2025,8,31,12,8.440313941834352,8.50049917637513,-0.06018523454077673,0.06018523454077673
2025-08-31 18:00:00,2025,8,31,18,5.151250104997992,5.296354729728027,-0.1451046247300356,0.1451046247300356
2025-09-01 00:00:00,2025,9,1,0,4.767661077759504,4.895738133353691,-0.12807705559418725,0.12807705559418725
2025-09-01 06:00:00,2025,9,1,6,5.605068802554471,5.697536874022402,-0.09246807146793135,0.09246807146793135
2025-09-01 12:00:00,2025,9,1,12,7.726736715614888,7.940590598122442,-0.21385388250755355,0.21385388250755355
2025-09-01 18:00:00,2025,9,1,18,6.598711722321593,6.148686534135247,0.4500251881863466,0.4500251881863466
2025-09-02 00:00:00,2025,9,2,0,4.589170596177066,4.719746424073259,-0.13057582789619282,0.13057582789619282
2025-09-02 06:00:00,2025,9,2,6,5.303557827155357,5.679503403502048,-0.375945576346691,0.375945576346691
2025-09-02 12:00:00,2025,9,2,12,8.869302370138213,8.41770353815649,0.45159883198172324,0.45159883198172324
2025-09-02 18:00:00,2025,9,2,18,5.283548750498101,5.155888256665302,0.12766049383279832,0.12766049383279832
2025-09-03 00:00:00,2025,9,3,0,5.887933932956665,5.481038448232718,0.40689548472394677,0.40689548472394677
2025-09-03 06:00:00,2025,9,3,6,5.238267049006835,5.476778376187884,-0.23851132718104928,0.23851132718104928
2025-09-03 12:00:00,2025,9,3,12,8.090281814474952,8.102602222896563,-0.012320408421610196,0.012320408421610196
2025-09-03 18:00:00,2025,9,3,18,5.742762865326559,5.571075691375116,0.17168717395144295,0.17168717395144295
2025-09-04 00:00:00,2025,9,4,0,4.913723306543771,4.901097647868162,0.012625658675609053,0.012625658675609053
2025-09-04 06:00:00,2025,9,4,6,5.055144940187152,5.275691200660863,-0.22054626047371073,0.22054626047371073
2025-09-04 12:00:00,2025,9,4,12,7.938446571794291,7.842048378354322,0.0963981934399687,0.0963981934399687
2025-09-04 18:00:00,2025,9,4,18,5.353829542482277,5.682218257724749,-0.3283887152424718,0.3283887152424718
2025-09-05 00:00:00,2025,9,5,0,4.890407244016217,4.855012559056084,0.03539468496013232,0.03539468496013232
2025-09-05 06:00:00,2025,9,5,6,5.806942361552617,5.508849373423592,0.2980929881290244,0.2980929881290244
2025-09-05 12:00:00,2025,9,5,12,7.969446652095734,8.123160258816387,-0.15371360672065304,0.15371360672065304
2025-09-05 18:00:00,2025,9,5,18,5.326239028071348,5.4775778371245485,-0.1513388090532004,0.1513388090532004
2025-09-06 00:00:00,2025,9,6,0,4.874947973421001,4.994487088459673,-0.11953911503867154,0.11953911503867154
2025-09-06 06:00:00,2025,9,6,6,5.353016673728396,5.190285455670865,0.1627312180575311,0.1627312180575311
2025-09-06 12:00:00,2025,9,6,12,8.003522263956144,7.789168763597509,0.21435350035863543,0.21435350035863543
2025-09-06 18:00:00,2025,9,6,18,4.994798765582422,5.257857938995515,-0.26305917341309293,0.26305917341309293
2025-09-07 00:00:00,2025,9,7,0,4.74417041793798,4.994609392167703,-0.2504389742297235,0.2504389742297235
2025-09-07 06:00:00,2025,9,7,6,5.093129881322529,5.284023866891776,-0.19089398556924664,0.19089398556924664
2025-09-07 12:00:00,2025,9,7,12,8.022467761322861,8.030508395790614,-0.008040634467752383,0.008040634467752383
2025-09-07 18:00:00,2025,9,7,18,5.736057801740347,5.63839444695262,0.09766335478772703,0.09766335478772703
2025-09-08 00:00:00,2025,9,8,0,5.372036671771317,5.501093973828663,-0.12905730205734578,0.12905730205734578
2025-09-08 06:00:00,2025,9,8,6,5.708752880835854,5.6372813224640375,0.07147155837181618,0.07147155837181618
2025-09-08 12:00:00,2025,9,8,12,7.998239728665569,8.393143273983235,-0.3949035453176659,0.3949035453176659
2025-09-08 18:00:00,2025,9,8,18,5.024301279254614,5.02559430521195,-0.001293025957336269,0.001293025957336269
2025-09-09 00:00:00,2025,9,9,0,4.947594581411251,4.733100902617881,0.21449367879337,0.21449367879337
2025-09-09 06:00:00,2025,9,9,6,5.448449105313745,5.339534061131273,0.10891504418247244,0.10891504418247244
2025-09-09 12:00:00,2025,9,9,12,8.252249674595658,8.318240364846396,-0.06599069025073767,0.06599069025073767
2025-09-09 18:00:00,2025,9,9,18,5.673104838053916,5.658698395720937,0.014406442332979275,0.014406442332979275
2025-09-10 00:00:00,2025,9,10,0,5.232539556092102,4.9817924446543485,0.25074711143775374,0.25074711143775374
2025-09-10 06:00:00,2025,9,10,6,5.263997860490072,5.2020576498381095,0.061940210651962424,0.061940210651962424
2025-09-10 12:00:00,2025,9,10,12,8.238733784926481,8.274490585701734,-0.03575680077525334,0.03575680077525334
2025-09-10 18:00:00,2025,9,10,18,5.281979538618067,5.379295261222136,-0.09731572260406907,0.09731572260406907
2025-09-11 00:00:00,2025,9,11,0,5.631351918628996,5.2748781551225985,0.3564737635063979,0.3564737635063979
2025-09-11 06:00:00,2025,9,11,6,5.890294383318067,5.574832480356118,0.31546190296194876,0.31546190296194876
2025-09-11 12:00:00,2025,9,11,12,8.297754043325748,8.323731151977825,-0.025977108652076808,0.025977108652076808
2025-09-11 18:00:00,2025,9,11,18,5.525766367537141,5.713204839605831,-0.18743847206869013,0.18743847206869013
2025-09-12 00:00:00,2025,9,12,0,4.473079979127181,4.791396703732626,-0.31831672460544436,0.31831672460544436
2025-09-12 06:00:00,2025,9,12,6,4.719599769618466,4.865823518117825,-0.14622374849935849,0.14622374849935849
2025-09-12 12:00:00,2025,9,12,12,8.003348871920249,8.000407135601197,0.002941736319051813,0.002941736319051813
2025-09-12 18:00:00,2025,9,12,18,5.544580421327736,5.554013478549495,-0.009433057221758467,0.009433057221758467
2025-09-13 00:00:00,2025,9,13,0,4.994301767228267,5.174775506818721,-0.18047373959045387,0.18047373959045387
2025-09-13 06:00:00,2025,9,13,6,5.455043831641972,5.262147280753122,0.19289655088885027,0.19289655088885027
2025-09-13 12:00:00,2025,9,13,12,7.627219385995105,7.7828944459199745,-0.15567505992486907,0.15567505992486907
2025-09-13 18:00:00,2025,9,13,18,5.546683801575844,5.360229519033989,0.18645428254185514,0.18645428254185514
2025-09-14 00:00:00,2025,9,14,0,5.421918584932552,5.081507608811873,0.34041097612067883,0.34041097612067883
2025-09-14 06:00:00,2025,9,14,6,5.48232918097114,5.494488588497533,-0.012159407526392663,0.012159407526392663
2025-09-14 12:00:00,2025,9,14,12,8.138783288563756,8.16696080496596,-0.028177516402204006,0.028177516402204006
2025-09-14 18:00:00,2025,9,14,18,5.324010978661743,5.390437404122305,-0.06642642546056177,0.06642642546056177
2025-09-15 00:00:00,2025,9,15,0,4.609985057769885,4.902414898600882,-0.2924298408309971,0.2924298408309971
2025-09-15 06:00:00,2025,9,15,6,5.741834388136446,5.50942548510574,0.2324089030307066,0.2324089030307066
2025-09-15 12:00:00,2025,9,15,12,7.737692100898083,7.776530736776008,-0.038838635877925576,0.038838635877925576
2025-09-15 18:00:00,2025,9,15,18,5.319230121059014,5.742742998300835,-0.4235128772418211,0.4235128772418211
2025-09-16 00:00:00,2025,9,16,0,4.925885448065145,4.994557097966393,-0.06867164990124763,0.06867164990124763
2025-09-16 06:00:00,2025,9,16,6,5.206409076431624,5.258668242790756,-0.05225916635913119,0.05225916635913119
2025-09-16 12:00:00,2025,9,16,12,8.356852741240628,8.276835663964684,0.08001707727594365,0.08001707727594365
2025-09-16 18:00:00,2025,9,16,18,5.307837336904314,5.354226266892768,-0.046388929988453675,0.046388929988453675
2025-09-17 00:00:00,2025,9,17,0,4.85963849781396,4.8850491588135405,-0.025410660999580337,0.025410660999580337
2025-09-17 06:00:00,2025,9,17,6,6.20260061096906,5.819568810707472,0.38303180026158756,0.38303180026158756
2025-09-17 12:00:00,2025,9,17,12,7.835629811978273,7.783416662764262,0.05221314921401099,0.05221314921401099
2025-09-17 18:00:00,2025,9,17,18,4.900355983258324,4.939041463157017,-0.03868547989869331,0.03868547989869331
2025-09-18 00:00:00,2025,9,18,0,5.007713161189963,4.953312049499083,0.054401111690879134,0.054401111690879134
2025-09-18 06:00:00,2025,9,18,6,5.322660440949296,5.148713107403349,0.1739473335459465,0.1739473335459465
2025-09-18 12:00:00,2025,9,18,12,7.953923963805205,7.9331810641029135,0.020742899702291595,0.020742899702291595
2025-09-18 18:00:00,2025,9,18,18,5.016276087104589,5.388162985617724,-0.37188689851313494,0.37188689851313494
2025-09-19 00:00:00,2025,9,19,0,5.410638320748196,5.27244126175323,0.13819705899496526,0.13819705899496526
2025-09-19 06:00:00,2025,9,19,6,5.074470261429807,4.915632782259631,0.15883747917017654,0.15883747917017654
2025-09-19 12:00:00,2025,9,19,12,7.792312624985882,7.749883468424661,0.04242915656122026,0.04242915656122026
2025-09-19 18:00:00,2025,9,19,18,5.105670009324887,5.1479582760601525,-0.04228826673526598,0.04228826673526598
2025-09-20 00:00:00,2025,9,20,0,4.737353066945049,4.51550625530816,0.22184681163688946,0.22184681163688946
2025-09-20 06:00:00,2025,9,20,6,5.685172250906036,5.504916016126238,0.18025623477979824,0.18025623477979824
2025-09-20 12:00:00,2025,9,20,12,7.538643340978983,7.760535958303238,-0.22189261732425436,0.22189261732425436
2025-09-20 18:00:00,2025,9,20,18,4.709658132978862,5.145451905240661,-0.43579377226179883,0.43579377226179883
2025-09-21 00:00:00,2025,9,21,0,4.673284641803887,4.767830137492883,-0.09454549568899573,0.09454549568899573
2025-09-21 06:00:00,2025,9,21,6,5.205524358936406,5.347971535243109,-0.14244717630670234,0.14244717630670234
2025-09-21 12:00:00,2025,9,21,12,8.132875317327311,8.120262062731516,0.012613254595795098,0.012613254595795098
2025-09-21 18:00:00,2025,9,21,18,5.344846097868166,5.455635053225648,-0.11078895535748234,0.11078895535748234
2025-09-22 00:00:00,2025,9,22,0,5.020965433947952,4.930605404201607,0.0903600297463445,0.0903600297463445
2025-09-22 06:00:00,2025,9,22,6,5.064898328097239,5.2173697091089615,-0.15247138101172286,0.15247138101172286
2025-09-22 12:00:00,2025,9,22,12,7.822074104530985,7.759120673756802,0.0629534307741837,0.0629534307741837
2025-09-22 18:00:00,2025,9,22,18,5.09708943508305,5.105751806756717,-0.008662371673667124,0.008662371673667124
2025-09-23 00:00:00,2025,9,23,0,4.827289697274967,4.814009316918423,0.013280380356544441,0.013280380356544441
2025-09-23 06:00:00,2025,9,23,6,5.27773364257121,5.207130537230535,0.07060310534067504,0.07060310534067504
2025-09-23 12:00:00,2025,9,23,12,7.17925615831,7.511407247461503,-0.3321510891515027,0.3321510891515027
2025-09-23 18:00:00,2025,9,23,18,5.190194628018547,5.408328342431338,-0.21813371441279106,0.21813371441279106
2025-09-24 00:00:00,2025,9,24,0,4.366647485939764,4.526046121789312,-0.1593986358495476,0.1593986358495476
2025-09-24 06:00:00,2025,9,24,6,4.674608711425663,5.118367794145644,-0.4437590827199802,0.4437590827199802
2025-09-24 12:00:00,2025,9,24,12,7.6330423467927,7.5883788638080905,0.04466348298460954,0.04466348298460954
2025-09-24 18:00:00,2025,9,24,18,5.043333000507952,5.111398613868792,-0.06806561336083927,0.06806561336083927
2025-09-25 00:00:00,2025,9,25,0,4.728540598237639,4.722812749929572,0.005727848308066719,0.005727848308066719
2025-09-25 06:00:00,2025,9,25,6,4.732691458178457,5.1638716308797274,-0.4311801727012705,0.4311801727012705
2025-09-25 12:00:00,2025,9,25,12,7.840383782933199,7.942137439838803,-0.10175365690560412,0.10175365690560412
2025-09-25 18:00:00,2025,9,25,18,5.6368301382800485,5.354959940186449,0.2818701980935998,0.2818701980935998
2025-09-26 00:00:00,2025,9,26,0,4.603644334293497,4.717864893130322,-0.11422055883682525,0.11422055883682525
2025-09-26 06:00:00,2025,9,26,6,5.561237828175536,5.237847918422016,0.3233899097535202,0.3233899097535202
2025-09-26 12:00:00,2025,9,26,12,8.24478582826026,8.125057143114425,0.11972868514583546,0.11972868514583546
2025-09-26 18:00:00,2025,9,26,18,5.310973951853196,5.158045128863236,0.1529288229899599,0.1529288229899599
2025-09-27 00:00:00,2025,9,27,0,5.106978357531246,4.791960544531911,0.3150178129993355,0.3150178129993355
2025-09-27 06:00:00,2025,9,27,6,4.988696981827206,4.864619279251881,0.1240777025753248,0.1240777025753248
2025-09-27 12:00:00,2025,9,27,12,7.145671969111977,7.339663580372942,-0.19399161126096498,0.19399161126096498
2025-09-27 18:00:00,2025,9,27,18,4.799243744879206,5.146478663462791,-0.3472349185835846,0.3472349185835846
2025-09-28 00:00:00,2025,9,28,0,4.676874729638604,4.727093565948742,-0.05021883631013768,0.05021883631013768
2025-09-28 06:00:00,2025,9,28,6,4.616171380322025,4.877447991504853,-0.2612766111828284,0.2612766111828284
2025-09-28 12:00:00,2025,9,28,12,7.856206111099976,7.598225834655196,0.25798027644477983,0.25798027644477983
2025-09-28 18:00:00,2025,9,28,18,4.985478076591454,5.236263808081265,-0.2507857314898114,0.2507857314898114
2025-09-29 00:00:00,2025,9,29,0,4.591041449425194,4.648407709906795,-0.05736626048160165,0.05736626048160165
2025-09-29 06:00:00,2025,9,29,6,4.307082978682882,4.680560892873475,-0.37347791419059373,0.37347791419059373
2025-09-29 12:00:00,2025,9,29,12,7.35302857784983,7.251219377404853,0.10180920044497732,0.10180920044497732
2025-09-29 18:00:00,2025,9,29,18,5.398289895155573,5.08678305987249,0.3115068352830832,0.3115068352830832
2025-09-30 00:00:00,2025,9,30,0,5.360437082133285,5.060427692890709,0.30000938924257614,0.30000938924257614
2025-09-30 06:00:00,2025,9,30,6,4.723543502520868,4.837349110387192,-0.11380560786632454,0.11380560786632454
2025-09-30 12:00:00,2025,9,30,12,7.965054314734359,7.815448711077503,0.14960560365685627,0.14960560365685627
2025-09-30 18:00:00,2025,9,30,18,4.956673512848494,5.055222350504904,-0.0985488376564101,0.0985488376564101
2025-10-01 00:00:00,2025,10,1,0,4.692369737280348,4.832451297018788,-0.14008155973843994,0.14008155973843994
2025-10-01 06:00:00,2025,10,1,6,4.952115593529368,5.055567844703735,-0.1034522511743674,0.1034522511743674
2025-10-01 12:00:00,2025,10,1,12,7.562703843615243,7.420044077733936,0.1426597658813078,0.1426597658813078
2025-10-01 18:00:00,2025,10,1,18,4.863743676611573,4.7569548341139045,0.10678884249766885,0.10678884249766885
2025-10-02 00:00:00,2025,10,2,0,4.6795098506987935,4.760391886915143,-0.08088203621634982,0.08088203621634982
2025-10-02 06:00:00,2025,10,2,6,4.648742303453127,4.564696324783637,0.08404597866949004,0.08404597866949004
2025-10-02 12:00:00,2025,10,2,12,7.2359003075929795,7.102232728023165,0.13366757956981434,0.13366757956981434
2025-10-02 18:00:00,2025,10,2,18,5.15018918400462,5.049995336122141,0.10019384788247887,0.10019384788247887
2025-10-03 00:00:00,2025,10,3,0,4.380800212400339,4.3592835081712815,0.021516704229057382,0.021516704229057382
2025-10-03 06:00:00,2025,10,3,6,4.6476690702805294,4.653937014182717,-0.006267943902187767,0.006267943902187767
2025-10-03 12:00:00,2025,10,3,12,7.077305149776523,7.439329283685763,-0.36202413390924004,0.36202413390924004
2025-10-03 18:00:00,2025,10,3,18,5.261504191903952,5.129020125524399,0.13248406637955323,0.13248406637955323
2025-10-04 00:00:00,2025,10,4,0,4.404002436184769,4.374068267999289,0.02993416818548056,0.02993416818548056
2025-10-04 06:00:00,2025,10,4,6,4.803890087567979,4.910773543238,-0.10688345567002155,0.10688345567002155
2025-10-04 12:00:00,2025,10,4,12,7.501141819996196,7.593265756478287,-0.09212393648209094,0.09212393648209094
2025-10-04 18:00:00,2025,10,4,18,5.2709489515867896,4.922884580512629,0.34806437107416066,0.34806437107416066
2025-10-05 00:00:00,2025,10,5,0,4.427515439477094,4.519700708166551,-0.0921852686894562,0.0921852686894562
2025-10-05 06:00:00,2025,10,5,6,4.825307954525346,4.868596342803525,-0.043288388278178935,0.043288388278178935
2025-10-05 12:00:00,2025,10,5,12,7.225656760139627,7.142298814879004,0.08335794526062301,0.08335794526062301
2025-10-05 18:00:00,2025,10,5,18,4.875854558423836,4.996869005669384,-0.12101444724554788,0.12101444724554788
2025-10-06 00:00:00,2025,10,6,0,4.336526341899821,4.573915817357189,-0.23738947545736888,0.23738947545736888
2025-10-06 06:00:00,2025,10,6,6,4.750383654302515,4.561608297344704,0.18877535695781056,0.18877535695781056
2025-10-06 12:00:00,2025,10,6,12,7.515395717949955,7.351472738244127,0.16392297970582792,0.16392297970582792
2025-10-06 18:00:00,2025,10,6,18,5.2053677190753485,5.010169853828824,0.1951978652465245,0.1951978652465245
2025-10-07 00:00:00,2025,10,7,0,4.9344744566627465,4.567966950988955,0.3665075056737912,0.3665075056737912
2025-10-07 06:00:00,2025,10,7,6,4.362302214895072,4.77955988726627,-0.41725767237119804,0.41725767237119804
2025-10-07 12:00:00,2025,10,7,12,7.286339592557168,7.195605479665934,0.09073411289123356,0.09073411289123356
2025-10-07 18:00:00,2025,10,7,18,5.057710686264064,4.928275567960912,0.12943511830315213,0.12943511830315213
2025-10-08 00:00:00,2025,10,8,0,4.40515613746847,4.579461541251147,-0.174305403782677,0.174305403782677
2025-10-08 06:00:00,2025,10,8,6,4.878548714060184,5.31050177630752,-0.4319530622473362,0.4319530622473362
2025-10-08 12:00:00,2025,10,8,12,7.041136897529136,7.197284062883813,-0.15614716535467643,0.15614716535467643
2025-10-08 18:00:00,2025,10,8,18,5.216133608766853,4.95015557356827,0.2659780351985832,0.2659780351985832
2025-10-09 00:00:00,2025,10,9,0,4.156360720485365,4.384229121381741,-0.2278684008963756,0.2278684008963756
2025-10-09 06:00:00,2025,10,9,6,4.6460418269974975,4.907888875490055,-0.2618470484925579,0.2618470484925579
2025-10-09 12:00:00,2025,10,9,12,7.310163242703957,7.4217176496300485,-0.11155440692609186,0.11155440692609186
2025-10-09 18:00:00,2025,10,9,18,4.529121555837,4.649868765507206,-0.12074720967020536,0.12074720967020536
2025-10-10 00:00:00,2025,10,10,0,4.60869489083878,4.573700635746356,0.03499425509242471,0.03499425509242471
2025-10-10 06:00:00,2025,10,10,6,4.784309477389419,4.835584536457644,-0.05127505906822538,0.05127505906822538
2025-10-10 12:00:00,2025,10,10,12,7.400019435506882,7.277157393352825,0.12286204215405672,0.12286204215405672
2025-10-10 18:00:00,2025,10,10,18,4.64785392505335,4.833756894207646,-0.18590296915429594,0.18590296915429594
2025-10-11 00:00:00,2025,10,11,0,4.222037449489784,4.29338473447965,-0.07134728498986576,0.07134728498986576
2025-10-11 06:00:00,2025,10,11,6,4.3382944478039605,4.456504713524268,-0.11821026572030746,0.11821026572030746
2025-10-11 12:00:00,2025,10,11,12,6.888599503162611,7.097959318296547,-0.20935981513393553,0.20935981513393553
2025-10-11 18:00:00,2025,10,11,18,4.698555161488528,4.858741283702449,-0.16018612221392114,0.16018612221392114
2025-10-12 00:00:00,2025,10,12,0,4.265834229821952,4.376608438422076,-0.11077420860012399,0.11077420860012399
2025-10-12 06:00:00,2025,10,12,6,4.822198316787501,4.755922785912054,0.06627553087544769,0.06627553087544769
2025-10-12 12:00:00,2025,10,12,12,6.521990055312485,6.864015530650672,-0.34202547533818706,0.34202547533818706
2025-10-12 18:00:00,2025,10,12,18,5.043473677176401,4.864748782102674,0.17872489507372702,0.17872489507372702
2025-10-13 00:00:00,2025,10,13,0,4.25221877748564,4.229670679088377,0.02254809839726324,0.02254809839726324
2025-10-13 06:00:00,2025,10,13,6,4.61890916433673,4.679967164560677,-0.06105800022394625,0.06105800022394625
2025-10-13 12:00:00,2025,10,13,12,7.134240999320588,7.021575553978008,0.11266544534258038,0.11266544534258038
2025-10-13 18:00:00,2025,10,13,18,4.697793389090347,4.657850934029751,0.03994245506059624,0.03994245506059624
2025-10-14 00:00:00,2025,10,14,0,4.407766052774205,4.474804271460538,-0.0670382186863332,0.0670382186863332
2025-10-14 06:00:00,2025,10,14,6,4.321935560978133,4.628431968617794,-0.3064964076396608,0.3064964076396608
2025-10-14 12:00:00,2025,10,14,12,6.919325965126943,6.998714100526651,-0.07938813539970724,0.07938813539970724
2025-10-14 18:00:00,2025,10,14,18,4.744789604819732,4.817738656819488,-0.07294905199975599,0.07294905199975599
2025-10-15 00:00:00,2025,10,15,0,4.513463879156039,4.334340274191875,0.17912360496416468,0.17912360496416468
2025-10-15 06:00:00,2025,10,15,6,4.521036748014871,4.647391854877436,-0.12635510686256524,0.12635510686256524
2025-10-15 12:00:00,2025,10,15,12,6.941296802651789,6.79962277257644,0.1416740300753485,0.1416740300753485
2025-10-15 18:00:00,2025,10,15,18,4.831961723058889,4.849195003601927,-0.017233280543037743,0.017233280543037743
2025-10-16 00:00:00,2025,10,16,0,4.011319139465348,4.125854440826814,-0.11453530136146561,0.11453530136146561
2025-10-16 06:00:00,2025,10,16,6,4.590398161148014,4.634292959462256,-0.043894798314242145,0.043894798314242145
2025-10-16 12:00:00,2025,10,16,12,6.540544683327744,6.826047653567592,-0.2855029702398477,0.2855029702398477
2025-10-16 18:00:00,2025,10,16,18,4.459587925379028,4.652736709143482,-0.1931487837644541,0.1931487837644541
2025-10-17 00:00:00,2025,10,17,0,3.88701599855118,4.192739976709367,-0.3057239781581873,0.3057239781581873
2025-10-17 06:00:00,2025,10,17,6,4.860035530261143,4.625521898241606,0.2345136320195369,0.2345136320195369
2025-10-17 12:00:00,2025,10,17,12,7.141200178333759,7.179678318912481,-0.03847814057872245,0.03847814057872245
2025-10-17 18:00:00,2025,10,17,18,4.319049144564815,4.586134619215159,-0.2670854746503437,0.2670854746503437
2025-10-18 00:00:00,2025,10,18,0,4.0862857477219965,4.005406953473455,0.08087879424854183,0.08087879424854183
2025-10-18 06:00:00,2025,10,18,6,5.183095726321676,4.868240463270767,0.3148552630509096,0.3148552630509096
2025-10-18 12:00:00,2025,10,18,12,6.747603530769061,6.879428819860214,-0.13182528909115288,0.13182528909115288
2025-10-18 18:00:00,2025,10,18,18,4.598551908196051,4.589826806694924,0.008725101501127597,0.008725101501127597
2025-10-19 00:00:00,2025,10,19,0,4.086471093749448,4.221566922269696,-0.1350958285202486,0.1350958285202486
2025-10-19 06:00:00,2025,10,19,6,4.296662882589147,4.4406490013252045,-0.14398611873605738,0.14398611873605738
2025-10-19 12:00:00,2025,10,19,12,6.833424304562008,6.832652553106086,0.0007717514559217875,0.0007717514559217875
2025-10-19 18:00:00,2025,10,19,18,4.388437072841644,4.512310136852101,-0.12387306401045617,0.12387306401045617
2025-10-20 00:00:00,2025,10,20,0,3.837870192277837,4.048839966147137,-0.21096977386929971,0.21096977386929971
2025-10-20 06:00:00,2025,10,20,6,4.797539285372733,4.812601993739179,-0.015062708366445854,0.015062708366445854
2025-10-20 12:00:00,2025,10,20,12,6.795494113883704,6.850136407214992,-0.05464229333128845,0.05464229333128845
2025-10-20 18:00:00,2025,10,20,18,4.94181168870037,5.07349779221077,-0.13168610351039955,0.13168610351039955
2025-10-21 00:00:00,2025,10,21,0,4.077692040244073,4.105889197241442,-0.028197156997369355,0.028197156997369355
2025-10-21 06:00:00,2025,10,21,6,4.742296803982926,4.667532401683853,0.07476440229907322,0.07476440229907322
2025-10-21 12:00:00,2025,10,21,12,6.913514395645221,6.984864687133869,-0.07135029148864813,0.07135029148864813
2025-10-21 18:00:00,2025,10,21,18,4.4469689606227245,4.697705995075884,-0.2507370344531594,0.2507370344531594
2025-10-22 00:00:00,2025,10,22,0,3.9659809015514575,4.06808584536485,-0.10210494381339252,0.10210494381339252
2025-10-22 06:00:00,2025,10,22,6,4.480352246713257,4.327594662283696,0.152757584429561,0.152757584429561
2025-10-22 12:00:00,2025,10,22,12,7.148949923379874,6.925086664294392,0.22386325908548166,0.22386325908548166
2025-10-22 18:00:00,2025,10,22,18,4.644541692199403,4.688534692523477,-0.043993000324074494,0.043993000324074494
2025-10-23 00:00:00,2025,10,23,0,4.086458743686079,4.075846042574201,0.010612701111877954,0.010612701111877954
2025-10-23 06:00:00,2025,10,23,6,4.511439569322188,4.428369511966079,0.0830700573561085,0.0830700573561085
2025-10-23 12:00:00,2025,10,23,12,6.762201135497445,6.751971798552566,0.010229336944879819,0.010229336944879819
2025-10-23 18:00:00,2025,10,23,18,3.925243993630189,4.4042098617654455,-0.47896586813525666,0.47896586813525666
2025-10-24 00:00:00,2025,10,24,0,3.7251019390188977,4.170731286080532,-0.44562934706163393,0.44562934706163393
2025-10-24 06:00:00,2025,10,24,6,4.275514972990303,4.2940572177471035,-0.018542244756800663,0.018542244756800663
2025-10-24 12:00:00,2025,10,24,12,7.112898382835809,6.838028784980551,0.27486959785525755,0.27486959785525755
2025-10-24 18:00:00,2025,10,24,18,4.174929629269365,4.334499316415671,-0.15956968714630548,0.15956968714630548
2025-10-25 00:00:00,2025,10,25,0,4.326802462523505,4.313032072483752,0.013770390039752556,0.013770390039752556
2025-10-25 06:00:00,2025,10,25,6,4.43727734967008,4.602088548639865,-0.1648111989697849,0.1648111989697849
2025-10-25 12:00:00,2025,10,25,12,6.888167493614254,6.691359778252768,0.19680771536148534,0.19680771536148534
2025-10-25 18:00:00,2025,10,25,18,4.574239245019185,4.664510481398065,-0.09027123637888046,0.09027123637888046
2025-10-26 00:00:00,2025,10,26,0,3.65461570969022,4.123403701075736,-0.46878799138551575,0.46878799138551575
2025-10-26 06:00:00,2025,10,26,6,4.123554152690431,4.324370814334714,-0.20081666164428302,0.20081666164428302
2025-10-26 12:00:00,2025,10,26,12,6.645894339901878,6.750562310620689,-0.10466797071881029,0.10466797071881029
2025-10-26 18:00:00,2025,10,26,18,4.256990906277942,4.516589401117347,-0.25959849483940545,0.25959849483940545
2025-10-27 00:00:00,2025,10,27,0,3.963468890664068,4.104778816493003,-0.14130992582893454,0.14130992582893454
2025-10-27 06:00:00,2025,10,27,6,4.57565642838155,4.430933085001184,0.14472334338036585,0.14472334338036585
2025-10-27 12:00:00,2025,10,27,12,7.234856093788379,6.900259273547504,0.33459682024087467,0.33459682024087467
2025-10-27 18:00:00,2025,10,27,18,4.229796297059222,4.485575425540053,-0.25577912848083084,0.25577912848083084
2025-10-28 00:00:00,2025,10,28,0,3.8026657822986554,4.141342674153591,-0.3386768918549352,0.3386768918549352
2025-10-28 06:00:00,2025,10,28,6,4.461937354385431,4.893548981109797,-0.4316116267243659,0.4316116267243659
2025-10-28 12:00:00,2025,10,28,12,6.545775150176061,6.531482720774164,0.014292429401896456,0.014292429401896456
2025-10-28 18:00:00,2025,10,28,18,4.332246961620376,4.399359065298895,-0.06711210367851894,0.06711210367851894
2025-10-29 00:00:00,2025,10,29,0,4.369533992264859,4.506181094292313,-0.136647102027454,0.136647102027454
2025-10-29 06:00:00,2025,10,29,6,4.330251660357122,4.513316559797675,-0.18306489944055304,0.18306489944055304
2025-10-29 12:00:00,2025,10,29,12,6.283431049821402,6.345120199310632,-0.06168914948922932,0.06168914948922932
2025-10-29 18:00:00,2025,10,29,18,4.252664634043808,4.280270893800832,-0.027606259757024354,0.027606259757024354
2025-10-30 00:00:00,2025,10,30,0,4.319112084106079,3.7296132221401916,0.5894988619658874,0.5894988619658874
2025-10-30 06:00:00,2025,10,30,6,4.126309219892284,4.23197519038117,-0.10566597048888582,0.10566597048888582
2025-10-30 12:00:00,2025,10,30,12,6.843626106063318,6.668326614763972,0.17529949129934597,0.17529949129934597
2025-10-30 18:00:00,2025,10,30,18,4.293780614419171,4.465157842599427,-0.17137722818025658,0.17137722818025658
2025-10-31 00:00:00,2025,10,31,0,4.124591427484212,4.052502855693364,0.07208857179084838,0.07208857179084838
2025-10-31 06:00:00,2025,10,31,6,4.393163523567356,4.3458078791426615,0.04735564442469453,0.04735564442469453
2025-10-31 12:00:00,2025,10,31,12,6.460107475060279,6.435103480097313,0.025003994962966125,0.025003994962966125
2025-10-31 18:00:00,2025,10,31,18,3.8477346368135423,4.1303824817174375,-0.28264784490389516,0.28264784490389516
2025-11-01 00:00:00,2025,11,1,0,3.697110765664944,3.8370083079651494,-0.13989754230020557,0.13989754230020557
2025-11-01 06:00:00,2025,11,1,6,4.021101418772064,3.9176823169416086,0.10341910183045533,0.10341910183045533
2025-11-01 12:00:00,2025,11,1,12,6.745390658880414,6.677413682902322,0.06797697597809194,0.06797697597809194
2025-11-01 18:00:00,2025,11,1,18,4.111009421484781,3.9112271470735904,0.199782274411191,0.199782274411191
2025-11-02 00:00:00,2025,11,2,0,4.206329336786071,3.9334542913842467,0.2728750454018245,0.2728750454018245
2025-11-02 06:00:00,2025,11,2,6,3.9660666923943415,3.93613420216433,0.02993249023001132,0.02993249023001132
2025-11-02 12:00:00,2025,11,2,12,6.694044508706893,6.473791206514576,0.22025330219231698,0.22025330219231698
2025-11-02 18:00:00,2025,11,2,18,4.338997667063125,4.394233496181742,-0.05523582911861702,0.05523582911861702
2025-11-03 00:00:00,2025,11,3,0,3.6620413384302353,3.477459182255715,0.18458215617452023,0.18458215617452023
2025-11-03 06:00:00,2025,11,3,6,3.9461053868287306,3.891822595401633,0.0542827914270978,0.0542827914270978
2025-11-03 12:00:00,2025,11,3,12,6.420627371561219,6.359325959482879,0.06130141207833972,0.06130141207833972
2025-11-03 18:00:00,2025,11,3,18,3.9024661560843854,4.187275236457182,-0.28480908037279695,0.28480908037279695
2025-11-04 00:00:00,2025,11,4,0,3.8329122861636846,3.9280634694965793,-0.09515118333289463,0.09515118333289463
2025-11-04 06:00:00,2025,11,4,6,3.8234309950818055,4.041628298080398,-0.2181973029985924,0.2181973029985924
2025-11-04 12:00:00,2025,11,4,12,5.991024990660244,6.233780898090716,-0.24275590743047193,0.24275590743047193
2025-11-04 18:00:00,2025,11,4,18,3.908764475217895,4.006715004641661,-0.09795052942376614,0.09795052942376614
2025-11-05 00:00:00,2025,11,5,0,3.801093993015183,3.644869010646159,0.15622498236902382,0.15622498236902382
2025-11-05 06:00:00,2025,11,5,6,3.609418169931672,3.9354948079523915,-0.3260766380207194,0.3260766380207194
2025-11-05 12:00:00,2025,11,5,12,6.54299013959812,6.417188355534059,0.12580178406406084,0.12580178406406084
2025-11-05 18:00:00,2025,11,5,18,3.945189340110621,3.9986592861186514,-0.053469946008030345,0.053469946008030345
2025-11-06 00:00:00,2025,11,6,0,3.918432011113405,3.7277885218878284,0.1906434892255766,0.1906434892255766
2025-11-06 06:00:00,2025,11,6,6,4.106128086271487,4.181834370026665,-0.07570628375517785,0.07570628375517785
2025-11-06 12:00:00,2025,11,6,12,6.2993616590397785,6.199549119175646,0.09981253986413208,0.09981253986413208
2025-11-06 18:00:00,2025,11,6,18,4.10380014525967,4.156617678113906,-0.052817532854236404,0.052817532854236404
2025-11-07 00:00:00,2025,11,7,0,3.629138603946852,3.669987542574572,-0.04084893862771999,0.04084893862771999
2025-11-07 06:00:00,2025,11,7,6,4.277269454340119,4.14302500644635,0.134244447893769,0.134244447893769
2025-11-07 12:00:00,2025,11,7,12,6.191810794617176,6.103597839111829,0.08821295550534725,0.08821295550534725
2025-11-07 18:00:00,2025,11,7,18,3.9632194596394665,4.174889660483314,-0.21167020084384713,0.21167020084384713
2025-11-08 00:00:00,2025,11,8,0,3.898222730133054,3.62132582078946,0.276896909343594,0.276896909343594
2025-11-08 06:00:00,2025,11,8,6,4.221683087166409,4.206252347249163,0.015430739917245972,0.015430739917245972
2025-11-08 12:00:00,2025,11,8,12,6.188618058224492,6.104807975254398,0.08381008297009362,0.08381008297009362
2025-11-08 18:00:00,2025,11,8,18,3.680944249737263,3.858054504649495,-0.1771102549122321,0.1771102549122321
2025-11-09 00:00:00,2025,11,9,0,4.210053664264955,3.823103190302868,0.3869504739620875,0.3869504739620875
2025-11-09 06:00:00,2025,11,9,6,4.061882490970145,4.071099382578425,-0.009216891608279987,0.009216891608279987
2025-11-09 12:00:00,2025,11,9,12,6.38660051964093,6.408280744777418,-0.02168022513648804,0.02168022513648804
2025-11-09 18:00:00,2025,11,9,18,4.216979397487307,3.9747008205204297,0.2422785769668776,0.2422785769668776
2025-11-10 00:00:00,2025,11,10,0,3.485440409253611,3.6801037862679298,-0.19466337701431868,0.19466337701431868
2025-11-10 06:00:00,2025,11,10,6,3.853941350196156,3.7807835459663757,0.07315780422978024,0.07315780422978024
2025-11-10 12:00:00,2025,11,10,12,6.304447037074665,6.214839393643132,0.08960764343153294,0.08960764343153294
2025-11-10 18:00:00,2025,11,10,18,3.743600437843487,4.052550401089985,-0.30894996324649826,0.30894996324649826
2025-11-11 00:00:00,2025,11,11,0,3.824156190969754,3.55436481724351,0.2697913737262443,0.2697913737262443
2025-11-11 06:00:00,2025,11,11,6,4.207789357750657,4.045391974706641,0.16239738304401552,0.16239738304401552
2025-11-11 12:00:00,2025,11,11,12,6.157528437003069,5.940074761801475,0.2174536752015941,0.2174536752015941
2025-11-11 18:00:00,2025,11,11,18,4.064954177295568,4.089278371094232,-0.02432419379866424,0.02432419379866424
2025-11-12 00:00:00,2025,11,12,0,3.8512487418737904,3.792839935407613,0.05840880646617741,0.05840880646617741
2025-11-12 06:00:00,2025,11,12,6,4.368006851110216,4.0616163742538784,0.3063904768563379,0.3063904768563379
2025-11-12 12:00:00,2025,11,12,12,5.983844500084788,6.04730412930989,-0.06345962922510218,0.06345962922510218
2025-11-12 18:00:00,2025,11,12,18,3.718764675999256,3.8078933796310213,-0.0891287036317654,0.0891287036317654
2025-11-13 00:00:00,2025,11,13,0,3.827350785298562,3.5370356263729428,0.29031515892561943,0.29031515892561943
2025-11-13 06:00:00,2025,11,13,6,3.101963643002518,3.679296155298948,-0.5773325122964299,0.5773325122964299
2025-11-13 12:00:00,2025,11,13,12,5.847803245063336,6.262342224420116,-0.41453897935677997,0.41453897935677997
2025-11-13 18:00:00,2025,11,13,18,4.342551843745803,4.175658981099473,0.1668928626463302,0.1668928626463302
2025-11-14 00:00:00,2025,11,14,0,3.7991533779609696,4.3070922611076865,-0.5079388831467169,0.5079388831467169
2025-11-14 06:00:00,2025,11,14,6,3.763521232895551,3.9173165299099955,-0.15379529701444428,0.15379529701444428
2025-11-14 12:00:00,2025,11,14,12,6.054471081582519,5.762570259726517,0.29190082185600197,0.29190082185600197
2025-11-14 18:00:00,2025,11,14,18,3.976229238095233,4.1098312959208725,-0.1336020578256396,0.1336020578256396
2025-11-15 00:00:00,2025,11,15,0,3.333998690129476,3.3022114812097216,0.031787208919754395,0.031787208919754395
2025-11-15 06:00:00,2025,11,15,6,4.520108649273613,3.956556602415149,0.5635520468584643,0.5635520468584643
2025-11-15 12:00:00,2025,11,15,12,5.375909439063488,5.595385391982347,-0.21947595291885946,0.21947595291885946
2025-11-15 18:00:00,2025,11,15,18,3.789646964442961,4.107772024487323,-0.31812506004436214,0.31812506004436214
2025-11-16 00:00:00,2025,11,16,0,3.343716288270693,3.7239153093575004,-0.3801990210868076,0.3801990210868076
2025-11-16 06:00:00,2025,11,16,6,4.512217746076976,4.032119091202604,0.48009865487437153,0.48009865487437153
2025-11-16 12:00:00,2025,11,16,12,5.537429674896671,6.047241539261354,-0.509811864364683,0.509811864364683
2025-11-16 18:00:00,2025,11,16,18,3.587538215929323,3.9254157818158877,-0.3378775658865645,0.3378775658865645
2025-11-17 00:00:00,2025,11,17,0,3.8400203475128585,3.346740447784247,0.4932798997286114,0.4932798997286114
2025-11-17 06:00:00,2025,11,17,6,3.966333295411005,4.084636308144754,-0.11830301273374877,0.11830301273374877
2025-11-17 12:00:00,2025,11,17,12,6.076201492027834,5.922171235258786,0.15403025676904747,0.15403025676904747
2025-11-17 18:00:00,2025,11,17,18,4.232154302427872,4.143641094614781,0.08851320781309102,0.08851320781309102
2025-11-18 00:00:00,2025,11,18,0,3.4765268565878937,3.6250162041068443,-0.1484893475189506,0.1484893475189506
2025-11-18 06:00:00,2025,11,18,6,3.915978918790988,3.9704007874272076,-0.05442186863621945,0.05442186863621945
2025-11-18 12:00:00,2025,11,18,12,5.688851500528116,5.891217210483352,-0.2023657099552354,0.2023657099552354
2025-11-18 18:00:00,2025,11,18,18,4.204190011526636,3.953687414215154,0.25050259731148206,0.25050259731148206
2025-11-19 00:00:00,2025,11,19,0,3.915632136116829,3.6247355445144125,0.29089659160241643,0.29089659160241643
2025-11-19 06:00:00,2025,11,19,6,4.045370975188175,3.9440234182031064,0.10134755698506837,0.10134755698506837
2025-11-19 12:00:00,2025,11,19,12,5.49755727705534,5.7704420675619765,-0.2728847905066365,0.2728847905066365
2025-11-19 18:00:00,2025,11,19,18,3.527281861346648,3.6856979864274404,-0.15841612508079228,0.15841612508079228
2025-11-20 00:00:00,2025,11,20,0,3.049943675856605,3.332159372896211,-0.2822156970396059,0.2822156970396059
2025-11-20 06:00:00,2025,11,20,6,3.477119516334249,3.537208729721366,-0.060089213387116924,0.060089213387116924
2025-11-20 12:00:00,2025,11,20,12,6.221292185384434,5.758228550902891,0.46306363448154286,0.46306363448154286
2025-11-20 18:00:00,2025,11,20,18,3.664355357886792,3.8832285906059316,-0.21887323271913983,0.21887323271913983
2025-11-21 00:00:00,2025,11,21,0,3.2456452413986137,3.410492899158002,-0.16484765775938826,0.16484765775938826
2025-11-21 06:00:00,2025,11,21,6,3.7905168171634793,3.8106817897073237,-0.020164972543844417,0.020164972543844417
2025-11-21 12:00:00,2025,11,21,12,6.2818433984260045,5.924616582714521,0.35722681571148307,0.35722681571148307
2025-11-21 18:00:00,2025,11,21,18,3.564332576792985,3.5536788230953125,0.010653753697672741,0.010653753697672741
2025-11-22 00:00:00,2025,11,22,0,3.231048162435591,3.5687824266769392,-0.3377342642413481,0.3377342642413481
2025-11-22 06:00:00,2025,11,22,6,3.40754468864314,3.8021506850225433,-0.3946059963794033,0.3946059963794033
2025-11-22 12:00:00,2025,11,22,12,6.236523979515693,5.895561378013726,0.34096260150196667,0.34096260150196667
2025-11-22 18:00:00,2025,11,22,18,4.4592287426201125,4.019617316900942,0.43961142571917033,0.43961142571917033
2025-11-23 00:00:00,2025,11,23,0,3.107228610031382,3.328224051509325,-0.22099544147794292,0.22099544147794292
2025-11-23 06:00:00,2025,11,23,6,3.619834639937596,3.4525331689686323,0.16730147096896353,0.16730147096896353
2025-11-23 12:00:00,2025,11,23,12,5.785191865106746,5.56373942047244,0.22145244463430647,0.22145244463430647
2025-11-23 18:00:00,2025,11,23,18,3.9049915143751024,3.795724260372425,0.10926725400267756,0.10926725400267756
2025-11-24 00:00:00,2025,11,24,0,3.538914745745777,3.144750738692999,0.3941640070527779,0.3941640070527779
2025-11-24 06:00:00,2025,11,24,6,3.814827748934744,3.8419583083011934,-0.02713055936644926,0.02713055936644926
2025-11-24 12:00:00,2025,11,24,12,5.864720510869449,5.429861918825782,0.4348585920436667,0.4348585920436667
2025-11-24 18:00:00,2025,11,24,18,3.4603535260984515,3.4556654675890806,0.004688058509370929,0.004688058509370929
2025-11-25 00:00:00,2025,11,25,0,3.28840577546574,3.5379007142083827,-0.2494949387426426,0.2494949387426426
2025-11-25 06:00:00,2025,11,25,6,3.72494340273193,3.562356033119381,0.16258736961254927,0.16258736961254927
2025-11-25 12:00:00,2025,11,25,12,5.4146520226681485,5.5943810540414916,-0.17972903137334306,0.17972903137334306
2025-11-25 18:00:00,2025,11,25,18,3.737788709058547,3.7169706848475657,0.020818024210981445,0.020818024210981445
2025-11-26 00:00:00,2025,11,26,0,3.322205178317953,3.289134195659436,0.033070982658517156,0.033070982658517156
2025-11-26 06:00:00,2025,11,26,6,3.479337163957352,3.3948631256438837,0.08447403831346811,0.08447403831346811
2025-11-26 12:00:00,2025,11,26,12,5.1562952247577805,5.400227924883484,-0.24393270012570323,0.24393270012570323
2025-11-26 18:00:00,2025,11,26,18,3.5472960022074176,3.560866063187469,-0.013570060980051313,0.013570060980051313
2025-11-27 00:00:00,2025,11,27,0,3.459552564918663,3.1417275513040184,0.31782501361464455,0.31782501361464455
2025-11-27 06:00:00,2025,11,27,6,3.1877839687126044,3.321842414239686,-0.13405844552708146,0.13405844552708146
2025-11-27 12:00:00,2025,11,27,12,5.34591631928199,5.772410122348229,-0.4264938030662391,0.4264938030662391
2025-11-27 18:00:00,2025,11,27,18,3.847094989639748,3.7444759009709823,0.1026190886687659,0.1026190886687659
2025-11-28 00:00:00,2025,11,28,0,3.2814353980387243,3.238049943914463,0.04338545412426109,0.04338545412426109
2025-11-28 06:00:00,2025,11,28,6,3.7381465348198937,3.6461772196452076,0.0919693151746861,0.0919693151746861
2025-11-28 12:00:00,2025,11,28,12,7.126333404344843,6.04432699113397,1.0820064132108724,1.0820064132108724
2025-11-28 18:00:00,2025,11,28,18,3.238590007882949,3.5068593147138865,-0.26826930683093764,0.26826930683093764
2025-11-29 00:00:00,2025,11,29,0,3.446792600347513,3.3714469500327837,0.07534565031472917,0.07534565031472917
2025-11-29 06:00:00,2025,11,29,6,3.924104383543589,3.7417890577334254,0.18231532581016374,0.18231532581016374
2025-11-29 12:00:00,2025,11,29,12,5.411751983641367,5.402730881931486,0.00902110170988113,0.00902110170988113
2025-11-29 18:00:00,2025,11,29,18,4.119272712790733,3.681976613200639,0.43729609959009386,0.43729609959009386
2025-11-30 00:00:00,2025,11,30,0,3.423412160655849,3.0365939889746247,0.38681817168122423,0.38681817168122423
2025-11-30 06:00:00,2025,11,30,6,3.5024847724047623,3.442260577591823,0.06022419481293939,0.06022419481293939
2025-11-30 12:00:00,2025,11,30,12,5.073732289287268,5.518719305418533,-0.44498701613126546,0.44498701613126546
2025-11-30 18:00:00,2025,11,30,18,3.434011625987132,3.439009395488943,-0.004997769501811078,0.004997769501811078
2025-12-01 00:00:00,2025,12,1,0,3.3557806548914173,3.350988860614052,0.004791794277365202,0.004791794277365202
2025-12-01 06:00:00,2025,12,1,6,3.3551604656085625,3.4239412271322798,-0.06878076152371726,0.06878076152371726
2025-12-01 12:00:00,2025,12,1,12,5.572219705368588,5.6498796757710235,-0.07765997040243544,0.07765997040243544
2025-12-01 18:00:00,2025,12,1,18,3.1806930123192947,3.5112669716064953,-0.33057395928720057,0.33057395928720057
2025-12-02 00:00:00,2025,12,2,0,3.0607321465635176,2.9279881805237333,0.13274396603978422,0.13274396603978422
2025-12-02 06:00:00,2025,12,2,6,3.228546065057566,3.443884149672157,-0.21533808461459092,0.21533808461459092
2025-12-02 12:00:00,2025,12,2,12,5.516839916504165,5.502170615018861,0.014669301485303876,0.014669301485303876
2025-12-02 18:00:00,2025,12,2,18,3.798310298974381,3.42048477254367,0.3778255264307111,0.3778255264307111
2025-12-03 00:00:00,2025,12,3,0,3.0820822484025614,2.891888581343528,0.19019366705903318,0.19019366705903318
2025-12-03 06:00:00,2025,12,3,6,3.436408816478642,3.346088435396056,0.09032038108258611,0.09032038108258611
2025-12-03 12:00:00,2025,12,3,12,5.562502984138363,5.526945882057789,0.035557102080574055,0.035557102080574055
2025-12-03 18:00:00,2025,12,3,18,3.62048221578257,3.4192087844766617,0.20127343130590836,0.20127343130590836
2025-12-04 00:00:00,2025,12,4,0,3.0305252085655328,3.1810634020287414,-0.15053819346320862,0.15053819346320862
2025-12-04 06:00:00,2025,12,4,6,3.466677979668619,3.2650794677723867,0.20159851189623224,0.20159851189623224
2025-12-04 12:00:00,2025,12,4,12,5.605568227406785,5.31190557468239,0.29366265272439485,0.29366265272439485
2025-12-04 18:00:00,2025,12,4,18,3.5819304136395003,3.488077332120524,0.0938530815189762,0.0938530815189762
2025-12-05 00:00:00,2025,12,5,0,3.2493789142543585,2.982353648840516,0.26702526541384275,0.26702526541384275
2025-12-05 06:00:00,2025,12,5,6,3.2313789446426027,3.481201038621014,-0.24982209397841126,0.24982209397841126
2025-12-05 12:00:00,2025,12,5,12,5.503458960800796,5.141464375217068,0.3619945855837283,0.3619945855837283
2025-12-05 18:00:00,2025,12,5,18,3.2865469798089317,3.1036034919926094,0.1829434878163223,0.1829434878163223
2025-12-06 00:00:00,2025,12,6,0,2.521176596257497,2.897591463833585,-0.37641486757608833,0.37641486757608833
2025-12-06 06:00:00,2025,12,6,6,3.2226526819675305,3.4264139219187264,-0.20376123995119588,0.20376123995119588
2025-12-06 12:00:00,2025,12,6,12,5.199404458232991,5.198370029417829,0.001034428815161803,0.001034428815161803
2025-12-06 18:00:00,2025,12,6,18,3.2962634949442906,3.561097817646479,-0.26483432270218854,0.26483432270218854
2025-12-07 00:00:00,2025,12,7,0,3.276365176297865,3.15591647499408,0.12044870130378493,0.12044870130378493
2025-12-07 06:00:00,2025,12,7,6,3.228094023268591,3.4556024441055793,-0.2275084208369882,0.2275084208369882
2025-12-07 12:00:00,2025,12,7,12,5.542020798645863,5.206472092930778,0.33554870571508477,0.33554870571508477
2025-12-07 18:00:00,2025,12,7,18,3.685412207081993,3.5915207060136223,0.09389150106837052,0.09389150106837052
2025-12-08 00:00:00,2025,12,8,0,2.971400811195518,2.7428048188423775,0.22859599235314043,0.22859599235314043
2025-12-08 06:00:00,2025,12,8,6,3.6696779609727312,3.599109176308403,0.07056878466432837,0.07056878466432837
2025-12-08 12:00:00,2025,12,8,12,4.76833056908391,5.134633156251985,-0.3663025871680743,0.3663025871680743
2025-12-08 18:00:00,2025,12,8,18,3.3019057931088507,3.325321214504193,-0.02341542139534214,0.02341542139534214
2025-12-09 00:00:00,2025,12,9,0,2.812123411257577,2.830535496968023,-0.018412085710445947,0.018412085710445947
2025-12-09 06:00:00,2025,12,9,6,3.840005675657205,3.3689667635420024,0.47103891211520255,0.47103891211520255
2025-12-09 12:00:00,2025,12,9,12,5.447818903814692,5.2322638573245435,0.21555504649014878,0.21555504649014878
2025-12-09 18:00:00,2025,12,9,18,3.418619641725442,3.4705202015020955,-0.05190055977665331,0.05190055977665331
2025-12-10 00:00:00,2025,12,10,0,3.035418367747657,3.106010696293495,-0.07059232854583763,0.07059232854583763
2025-12-10 06:00:00,2025,12,10,6,3.620452018606496,3.354103474524593,0.26634854408190334,0.26634854408190334
2025-12-10 12:00:00,2025,12,10,12,5.003564890656458,4.954153598463696,0.049411292192761636,0.049411292192761636
2025-12-10 18:00:00,2025,12,10,18,3.1970453299179598,3.2182943985516657,-0.021249068633705903,0.021249068633705903
2025-12-11 00:00:00,2025,12,11,0,2.654260000476329,2.8454893590377495,-0.19122935856142043,0.19122935856142043
2025-12-11 06:00:00,2025,12,11,6,3.527206868463673,3.225327703244,0.30187916521967306,0.30187916521967306
2025-12-11 12:00:00,2025,12,11,12,4.960684222020924,4.975273873754697,-0.01458965173377269,0.01458965173377269
2025-12-11 18:00:00,2025,12,11,18,2.8655394812004302,2.9474634623740115,-0.08192398117358124,0.08192398117358124
2025-12-12 00:00:00,2025,12,12,0,2.5729531102472314,2.70393879666858,-0.13098568642134856,0.13098568642134856
2025-12-12 06:00:00,2025,12,12,6,3.2536935616208504,3.171558694373329,0.08213486724752128,0.08213486724752128
2025-12-12 12:00:00,2025,12,12,12,5.264024825092021,5.370470944254129,-0.10644611916210778,0.10644611916210778
2025-12-12 18:00:00,2025,12,12,18,3.170216392557676,3.194665981751533,-0.02444958919385698,0.02444958919385698
2025-12-13 00:00:00,2025,12,13,0,2.9100065924129286,2.7813447343443167,0.12866185806861186,0.12866185806861186
2025-12-13 06:00:00,2025,12,13,6,3.36676096582784,3.353024008194849,0.01373695763299132,0.01373695763299132
2025-12-13 12:00:00,2025,12,13,12,5.136689059655841,5.160686072550701,-0.023997012894859893,0.023997012894859893
2025-12-13 18:00:00,2025,12,13,18,3.384697347257825,3.2760489852785324,0.1086483619792924,0.1086483619792924
2025-12-14 00:00:00,2025,12,14,0,2.7656309561348675,2.875365150514274,-0.10973419437940635,0.10973419437940635
2025-12-14 06:00:00,2025,12,14,6,3.603117757899207,3.528244772482851,0.07487298541635612,0.07487298541635612
2025-12-14 12:00:00,2025,12,14,12,4.9779221506396265,5.304696192848909,-0.32677404220928263,0.32677404220928263
2025-12-14 18:00:00,2025,12,14,18,3.6684275864047966,3.258207184539545,0.41022040186525155,0.41022040186525155
2025-12-15 00:00:00,2025,12,15,0,2.432188666837217,2.763542447536504,-0.331353780699287,0.331353780699287
2025-12-15 06:00:00,2025,12,15,6,3.187522912770824,3.0620866254833583,0.12543628728746548,0.12543628728746548
2025-12-15 12:00:00,2025,12,15,12,5.351810119446787,5.233645136332762,0.11816498311402501,0.11816498311402501
2025-12-15 18:00:00,2025,12,15,18,3.0684351396259166,3.1493217163516722,-0.08088657672575561,0.08088657672575561
2025-12-16 00:00:00,2025,12,16,0,2.6157488232444144,2.745976901636911,-0.13022807839249673,0.13022807839249673
2025-12-16 06:00:00,2025,12,16,6,3.402476944991146,3.2360694951471496,0.16640744984399625,0.16640744984399625
2025-12-16 12:00:00,2025,12,16,12,5.066732743854126,5.207775615848692,-0.141042871994566,0.141042871994566
2025-12-16 18:00:00,2025,12,16,18,3.3708681622988537,3.309369442340477,0.061498719958376746,0.061498719958376746
2025-12-17 00:00:00,2025,12,17,0,3.056865191250973,2.8627242381127407,0.19414095313823232,0.19414095313823232
2025-12-17 06:00:00,2025,12,17,6,3.076458960540368,2.9551181754410956,0.12134078509927226,0.12134078509927226
2025-12-17 12:00:00,2025,12,17,12,4.935418508345284,4.98785388135104,-0.05243537300575518,0.05243537300575518
2025-12-17 18:00:00,2025,12,17,18,3.2466837581763386,3.1961928189684423,0.05049093920789627,0.05049093920789627
2025-12-18 00:00:00,2025,12,18,0,2.9870845235187584,2.920470387371454,0.06661413614730449,0.06661413614730449
2025-12-18 06:00:00,2025,12,18,6,3.247807204108519,3.0007210819895658,0.2470861221189531,0.2470861221189531
2025-12-18 12:00:00,2025,12,18,12,4.825469138696308,4.845030365808398,-0.019561227112090407,0.019561227112090407
2025-12-18 18:00:00,2025,12,18,18,3.12039325733108,3.1358458594962384,-0.015452602165158424,0.015452602165158424
2025-12-19 00:00:00,2025,12,19,0,2.974801062358173,2.6695641273168844,0.3052369350412887,0.3052369350412887
2025-12-19 06:00:00,2025,12,19,6,3.4318106564714785,3.213868085094316,0.21794257137716233,0.21794257137716233
2025-12-19 12:00:00,2025,12,19,12,5.100908778049166,5.111799295316588,-0.010890517267421629,0.010890517267421629
2025-12-19 18:00:00,2025,12,19,18,3.19954213295085,3.0879347273976894,0.11160740555316062,0.11160740555316062
2025-12-20 00:00:00,2025,12,20,0,2.6058777819139256,2.8356113780733163,-0.2297335961593907,0.2297335961593907
2025-12-20 06:00:00,2025,12,20,6,2.8941302199747847,2.9430004140046737,-0.048870194029889014,0.048870194029889014
2025-12-20 12:00:00,2025,12,20,12,4.921492135489655,4.843936125837091,0.0775560096525636,0.0775560096525636
2025-12-20 18:00:00,2025,12,20,18,2.848265343840575,3.226621926195075,-0.37835658235449987,0.37835658235449987
2025-12-21 00:00:00,2025,12,21,0,2.70523656379008,2.3070204431764405,0.39821612061363965,0.39821612061363965
2025-12-21 06:00:00,2025,12,21,6,3.159504973576004,3.2120789775154375,-0.05257400393943357,0.05257400393943357
2025-12-21 12:00:00,2025,12,21,12,4.777633200592499,4.862883779310946,-0.08525057871844677,0.08525057871844677
2025-12-21 18:00:00,2025,12,21,18,2.849500480458558,2.92271983624002,-0.07321935578146199,0.07321935578146199
2025-12-22 00:00:00,2025,12,22,0,2.4117189293379395,2.50650786602235,-0.09478893668441035,0.09478893668441035
2025-12-22 06:00:00,2025,12,22,6,3.359582662576474,3.1912372461838796,0.1683454163925946,0.1683454163925946
2025-12-22 12:00:00,2025,12,22,12,4.864568484776671,5.147576044735229,-0.2830075599585582,0.2830075599585582
2025-12-22 18:00:00,2025,12,22,18,3.301990492572114,3.23902023081889,0.0629702617532244,0.0629702617532244
2025-12-23 00:00:00,2025,12,23,0,2.6642673526166183,2.613221299863633,0.05104605275298546,0.05104605275298546
2025-12-23 06:00:00,2025,12,23,6,3.2081242423444367,3.1394813520960727,0.06864289024836401,0.06864289024836401
2025-12-23 12:00:00,2025,12,23,12,5.503601342157825,5.083952801517706,0.4196485406401198,0.4196485406401198
2025-12-23 18:00:00,2025,12,23,18,2.686823694658983,2.766765866614698,-0.07994217195571496,0.07994217195571496
2025-12-24 00:00:00,2025,12,24,0,2.4327956074189423,2.5874833254860947,-0.15468771806715242,0.15468771806715242
2025-12-24 06:00:00,2025,12,24,6,3.0921329742162094,3.1211994829418397,-0.029066508725630325,0.029066508725630325
2025-12-24 12:00:00,2025,12,24,12,4.575966005064531,4.658490664709928,-0.08252465964539635,0.08252465964539635
2025-12-24 18:00:00,2025,12,24,18,2.8243457432284216,2.9155254479478265,-0.09117970471940495,0.09117970471940495
2025-12-25 00:00:00,2025,12,25,0,2.7022362560880224,2.6664576358027197,0.035778620285302765,0.035778620285302765
2025-12-25 06:00:00,2025,12,25,6,3.197904714538684,3.276414787949948,-0.07851007341126381,0.07851007341126381
2025-12-25 12:00:00,2025,12,25,12,4.915918860480585,4.959041297215444,-0.04312243673485927,0.04312243673485927
2025-12-25 18:00:00,2025,12,25,18,2.7461682580969287,3.0112533758893956,-0.2650851177924669,0.2650851177924669
2025-12-26 00:00:00,2025,12,26,0,2.9560851002100668,2.734740061610871,0.22134503859919574,0.22134503859919574
2025-12-26 06:00:00,2025,12,26,6,3.0846920709680115,3.011537951551829,0.07315411941618244,0.07315411941618244
2025-12-26 12:00:00,2025,12,26,12,4.598584411153415,5.021132431530991,-0.422548020377576,0.422548020377576
2025-12-26 18:00:00,2025,12,26,18,3.287075755953808,3.0999717018479584,0.18710405410584974,0.18710405410584974
2025-12-27 00:00:00,2025,12,27,0,2.523604956981245,2.905691503812902,-0.382086546831657,0.382086546831657
2025-12-27 06:00:00,2025,12,27,6,3.1006422098353914,2.9888362505462913,0.11180595928910009,0.11180595928910009
2025-12-27 12:00:00,2025,12,27,12,4.820987227443706,4.742884090996003,0.07810313644770339,0.07810313644770339
2025-12-27 18:00:00,2025,12,27,18,3.20643949094449,3.1664136157807503,0.04002587516373968,0.04002587516373968
2025-12-28 00:00:00,2025,12,28,0,2.902048212926858,2.528003306255769,0.3740449066710889,0.3740449066710889
2025-12-28 06:00:00,2025,12,28,6,3.332911826257332,3.087701745231663,0.245210081025669,0.245210081025669
2025-12-28 12:00:00,2025,12,28,12,5.033466649984657,4.849214628467851,0.18425202151680597,0.18425202151680597
2025-12-28 18:00:00,2025,12,28,18,2.7417670068725872,2.7190540260324605,0.02271298084012674,0.02271298084012674
2025-12-29 00:00:00,2025,12,29,0,2.356100632324849,2.382414039566013,-0.026313407241163933,0.026313407241163933
2025-12-29 06:00:00,2025,12,29,6,3.114307468655288,2.9939859093306262,0.12032155932466182,0.12032155932466182
2025-12-29 12:00:00,2025,12,29,12,4.746902511306681,4.789419886464805,-0.04251737515812426,0.04251737515812426
2025-12-29 18:00:00,2025,12,29,18,3.2616848143039,2.953793542746436,0.3078912715574642,0.3078912715574642
2025-12-30 00:00:00,2025,12,30,0,2.951912753848013,2.6009654668514814,0.35094728699653155,0.35094728699653155
2025-12-30 06:00:00,2025,12,30,6,2.692073537015727,2.831152177813551,-0.13907864079782373,0.13907864079782373
2025-12-30 12:00:00,2025,12,30,12,4.846689961516424,4.886199409433352,-0.03950944791692734,0.03950944791692734
2025-12-30 18:00:00,2025,12,30,18,3.1305869718835124,2.782551429525302,0.3480355423582102,0.3480355423582102
2025-12-31 00:00:00,2025,12,31,0,2.278991464294388,2.545597439902915,-0.26660597560852706,0.26660597560852706
2025-12-31 06:00:00,2025,12,31,6,3.1881517633379994,3.1418687235868568,0.046283039751142674,0.046283039751142674
2025-12-31 12:00:00,2025,12,31,12,5.262421418507943,5.254684878471166,0.007736540036776596,0.007736540036776596
2025-12-31 18:00:00,2025,12,31,18,2.829764929907702,2.9392782068156067,-0.1095132769079048,0.1095132769079048
