datetime,year,month,day,hour,system:time_start,temp_c,wind_speed,pressure_kpa,solar_rad,precip,soil_moisture,ndvi
1992-01-01 00:00:00,1992,1,1,0,694224000,13.97252889425849,5.144395323852303,99.3115392738531,0.982633553433662,0.0,0.08,0.30943305897176987
1992-01-01 06:00:00,1992,1,1,6,694245600,20.38516561134502,4.009786408358196,98.96976871846825,0.8923834719150759,0.0,0.08,0.3138980086217695
1992-01-01 12:00:00,1992,1,1,12,694267200,23.424286974079973,5.120212706871788,99.82741989092054,13.467513541300287,0.0,0.08,0.3190921104627177
1992-01-01 18:00:00,1992,1,1,18,694288800,20.990481773022665,5.162032831739986,99.61149427770275,0.9394761885660718,0.0,0.08039324923648333,0.3423242953008163
1992-01-02 00:00:00,1992,1,2,0,694310400,13.0201403503079,4.860481481078712,99.24259792544014,0.2833214687109502,0.0,0.08,0.3668982340446543
1992-01-02 06:00:00,1992,1,2,6,694332000,18.480439302716835,3.7961452927547703,99.2329457753644,0.8655421757378148,0.0,0.08,0.31351098547018347
1992-01-02 12:00:00,1992,1,2,12,694353600,20.48003238923468,5.455476590191239,99.5055037616619,13.154423122445936,0.0,0.08,0.33642999483172253
1992-01-02 18:00:00,1992,1,2,18,694375200,19.536414724027786,6.386620353665485,99.527023885663,0.5023889380824477,0.0,0.08,0.33687856958502854
1992-01-03 00:00:00,1992,1,3,0,694396800,11.467835399234191,4.18764681689304,98.99240708289263,0.18508611988687695,0.0,0.08,0.32747965307364435
1992-01-03 06:00:00,1992,1,3,6,694418400,19.87487749560784,6.398510121137932,99.26246071735065,0.23604685590432828,0.0,0.08,0.2867031381784942
1992-01-03 12:00:00,1992,1,3,12,694440000,23.456296677185854,8.062474603370784,99.39999866465607,13.253775104512371,0.0,0.08,0.35530980524697675
1992-01-03 18:00:00,1992,1,3,18,694461600,20.168173264148948,3.812111478609043,99.51129629639324,0.4476418365440336,0.0,0.08,0.3375414554033909
1992-01-04 00:00:00,1992,1,4,0,694483200,11.885340136950234,4.151095839399504,99.54753842067517,0.9483941965817102,4.458606262693196,0.08658673949143682,0.32158914408080064
1992-01-04 06:00:00,1992,1,4,6,694504800,18.20123267610878,5.052519209407785,99.42129479778009,0.009805732817732005,0.0,0.08,0.35235744498017185
1992-01-04 12:00:00,1992,1,4,12,694526400,23.028373800645003,4.355545921841544,99.89000420836811,13.379995644898996,0.0,0.08,0.3650415451161275
1992-01-04 18:00:00,1992,1,4,18,694548000,16.71814365066986,4.05872302455359,99.62804611230436,0.8656172957614896,0.0,0.08,0.28349150190392564
1992-01-05 00:00:00,1992,1,5,0,694569600,9.335758727112546,7.493133131310874,99.12091865541942,0.6510825648216254,0.0,0.08,0.33497186496227155
1992-01-05 06:00:00,1992,1,5,6,694591200,17.461042320444857,3.75273192558642,99.0272278153384,0.5808011864668408,0.0,0.08,0.33481461698584264
1992-01-05 12:00:00,1992,1,5,12,694612800,22.673848796439863,4.85840214406935,99.23875087379837,13.74858419147302,0.0,0.08,0.34349306371970423
1992-01-05 18:00:00,1992,1,5,18,694634400,19.787995626305317,4.760316405351627,99.69900787831308,0.16719714704082117,0.0,0.08,0.23143186292152168
1992-01-06 00:00:00,1992,1,6,0,694656000,15.755304209639672,4.181431617784605,99.40378244022826,0.03079743774213417,0.0,0.08,0.31076793975824774
1992-01-06 06:00:00,1992,1,6,6,694677600,19.541608128836952,9.671519525285952,99.28898643929101,0.765245302159671,0.0,0.08,0.2765372669542648
1992-01-06 12:00:00,1992,1,6,12,694699200,19.935682440719905,4.023271162075471,99.87293653953705,13.934367489581586,0.0,0.08,0.3015804617737828
1992-01-06 18:00:00,1992,1,6,18,694720800,18.4258560753754,3.7762955566235266,99.75459385696426,0.1683529428661406,0.0,0.08,0.25293005920216083
1992-01-07 00:00:00,1992,1,7,0,694742400,12.662964813735563,5.322679457550937,99.13736235952526,0.49464768127790426,0.0,0.08,0.2774965098413815
1992-01-07 06:00:00,1992,1,7,6,694764000,18.063216161874042,4.571690950388238,99.94039298612957,0.48177839340224615,5.161325666711098,0.08,0.24938205601703378
1992-01-07 12:00:00,1992,1,7,12,694785600,23.855975636145317,4.369199770439021,99.14549011162529,13.803457849235599,0.0,0.08,0.31669847681363766
1992-01-07 18:00:00,1992,1,7,18,694807200,19.33136541611927,5.354528407916181,99.41097110655916,0.5514045774877552,0.0,0.08,0.3022429069014762
1992-01-08 00:00:00,1992,1,8,0,694828800,12.636617338401708,6.633564210943245,99.22744339675609,0.04968507161552971,8.425092485037357,0.12517553532150805,0.3024677136071885
1992-01-08 06:00:00,1992,1,8,6,694850400,17.911010652448997,5.065272022317902,99.20323862083625,0.13885861079773054,0.0,0.08,0.30267126709353487
1992-01-08 12:00:00,1992,1,8,12,694872000,26.369236609839934,3.8633515817730233,98.41406636872513,13.29559009088038,0.0,0.08,0.2956410956671459
1992-01-08 18:00:00,1992,1,8,18,694893600,16.700274867009686,4.575810285365035,99.59499984256331,0.5554551028293049,0.0,0.08,0.3589271101738465
1992-01-09 00:00:00,1992,1,9,0,694915200,16.67584885018047,4.926252015019008,99.74784714829543,0.7549936890568223,0.0,0.08,0.31821347611069123
1992-01-09 06:00:00,1992,1,9,6,694936800,22.17465502068137,4.960453114933733,99.50538907911321,0.28473530571414696,0.0,0.08,0.286193535686967
1992-01-09 12:00:00,1992,1,9,12,694958400,23.949698354347426,5.288835320942863,99.16318864821962,13.821729160531609,0.0,0.08,0.21986077027680706
1992-01-09 18:00:00,1992,1,9,18,694980000,17.676535984055317,4.658021032412327,99.65282710897094,0.6521203665770686,0.0,0.08,0.272379739933099
1992-01-10 00:00:00,1992,1,10,0,695001600,14.821460193411719,4.010768823669368,99.70336334534232,0.011245447115379337,0.0,0.08,0.2538959996110185
1992-01-10 06:00:00,1992,1,10,6,695023200,21.483527489909363,4.053631748053096,100.08209390449805,0.6436555388973878,0.0,0.08,0.3047929787572164
1992-01-10 12:00:00,1992,1,10,12,695044800,24.843324705500834,5.832005819259925,99.31633934805146,14.186521033895586,0.0,0.08,0.31078585495228295
1992-01-10 18:00:00,1992,1,10,18,695066400,18.750009205807302,4.809528385946388,99.60113096101432,0.3357058594147763,0.0,0.08,0.26976435172092106
1992-01-11 00:00:00,1992,1,11,0,695088000,14.32497840819239,5.49983818829817,99.51575137120965,0.3426161624128472,0.0,0.08,0.25628322581285373
1992-01-11 06:00:00,1992,1,11,6,695109600,19.691911303070437,4.12099460212764,99.27016692468328,0.8224936931979803,0.0,0.08,0.279500644603771
1992-01-11 12:00:00,1992,1,11,12,695131200,24.94848114394825,4.028685813518778,99.32417656364886,13.3583296855376,0.0,0.08,0.26905099611712063
1992-01-11 18:00:00,1992,1,11,18,695152800,18.796559595934273,5.185073899745014,98.90677712398463,0.1807437783783877,0.0,0.08,0.28177355697195383
1992-01-12 00:00:00,1992,1,12,0,695174400,14.231374742570882,4.019493064713816,99.9895132320344,0.5123444336326058,0.0,0.08,0.23460398126156778
1992-01-12 06:00:00,1992,1,12,6,695196000,18.332696646748783,9.63522692176623,99.63125975947442,0.5782406573011165,0.0,0.08,0.29555499853133044
1992-01-12 12:00:00,1992,1,12,12,695217600,22.9834182743823,5.789865430994877,99.35087283467065,13.817961175574217,0.0,0.08,0.27862442710445684
1992-01-12 18:00:00,1992,1,12,18,695239200,21.30254222156867,5.513816136858254,99.15945219590422,0.41818804974205576,0.0,0.08,0.27572437679213735
1992-01-13 00:00:00,1992,1,13,0,695260800,11.840583959911482,4.8512815407275784,99.84718892196858,0.3435977556449342,0.0,0.08,0.24204485206572862
1992-01-13 06:00:00,1992,1,13,6,695282400,17.95502606658029,4.190244602492127,99.88920315768404,0.5578316176727133,0.0,0.08,0.29686430216617804
1992-01-13 12:00:00,1992,1,13,12,695304000,23.501445003024614,4.917003418966352,99.25121369620838,13.571738713493712,0.0,0.08,0.2359210014153314
1992-01-13 18:00:00,1992,1,13,18,695325600,21.859002809919122,4.469836445293432,99.43041866381598,0.9578898157005669,0.0,0.08,0.27574906462858706
1992-01-14 00:00:00,1992,1,14,0,695347200,13.649581560172464,5.4695544249473045,99.13355715814863,0.3319336516086201,0.0,0.08,0.25183193026849465
1992-01-14 06:00:00,1992,1,14,6,695368800,16.100232380122726,7.965839433267183,99.44161421811101,0.8592480041245806,0.0,0.08,0.22623316769097868
1992-01-14 12:00:00,1992,1,14,12,695390400,23.6789287075953,7.08347137963205,99.43263020701677,13.67078111455955,0.0,0.08,0.2323036836420279
1992-01-14 18:00:00,1992,1,14,18,695412000,20.683861277851115,4.208317747446906,99.12803218887329,0.34443833447612093,0.0,0.08,0.255187486780338
1992-01-15 00:00:00,1992,1,15,0,695433600,11.9452238135463,7.147296998716762,99.38314820098871,0.7879359016916153,0.0,0.08,0.2171898327369566
1992-01-15 06:00:00,1992,1,15,6,695455200,19.48658131904173,3.9618260228388396,100.05342553137625,0.9583892179859573,0.0,0.08,0.2833291965850421
1992-01-15 12:00:00,1992,1,15,12,695476800,26.46475334673677,5.456074946049677,99.27796991761409,14.070077269387305,0.0,0.08,0.21286391840903907
1992-01-15 18:00:00,1992,1,15,18,695498400,18.39653795722864,4.121596475716325,99.71125087859507,0.9703533275750444,0.0,0.08,0.2856701558666335
1992-01-16 00:00:00,1992,1,16,0,695520000,13.28142941956004,4.779418502713661,99.65677301291076,0.17348813724443946,0.0,0.08,0.25298747542138744
1992-01-16 06:00:00,1992,1,16,6,695541600,19.221565064678515,4.594202254932887,99.39669923232212,0.9910949852581015,0.0,0.08,0.25574919062098356
1992-01-16 12:00:00,1992,1,16,12,695563200,20.56692806810653,8.574983199617618,99.09508983711711,14.189415232629669,0.0,0.08,0.2504804083844199
1992-01-16 18:00:00,1992,1,16,18,695584800,21.000796522689953,4.821085380450106,99.52175442355386,0.5272299261472342,0.0,0.08,0.2835643360626868
1992-01-17 00:00:00,1992,1,17,0,695606400,16.928746768088534,4.035585804212626,99.78003927785944,0.7013054635360024,0.0,0.08,0.26251566136354954
1992-01-17 06:00:00,1992,1,17,6,695628000,19.693574308893506,4.531283446578674,99.74920069132548,0.17148036527367982,0.0,0.08,0.17507972926521181
1992-01-17 12:00:00,1992,1,17,12,695649600,23.734080301124493,4.171786290417979,99.62673326247636,13.734283765657384,0.0,0.08,0.2257388557133497
1992-01-17 18:00:00,1992,1,17,18,695671200,15.671764226062523,9.722766294836877,99.59090109932153,0.19199744518738115,0.0,0.08,0.2411445235453279
1992-01-18 00:00:00,1992,1,18,0,695692800,14.462968653180178,5.437548390448493,99.34778121192812,0.9972616563572324,0.0,0.08,0.24249348161964415
1992-01-18 06:00:00,1992,1,18,6,695714400,20.079939598634827,9.603797920314591,99.03115521737195,0.7061368864003951,0.0,0.08,0.2712683666106507
1992-01-18 12:00:00,1992,1,18,12,695736000,20.333618131276744,5.182250612408329,99.82244110504219,14.145745407233353,0.0,0.08,0.2718144322508786
1992-01-18 18:00:00,1992,1,18,18,695757600,18.259111391787545,5.7990248900298695,99.58278916492061,0.8090939762786461,0.0,0.08,0.2822702863246711
1992-01-19 00:00:00,1992,1,19,0,695779200,16.570068118880723,6.007888703153446,99.35030447127447,0.02925178647691462,0.0,0.08,0.25305773420928435
1992-01-19 06:00:00,1992,1,19,6,695800800,22.159240533070477,6.17314659856544,99.38176637604369,0.3654748603607463,0.0,0.08,0.23500447697305915
1992-01-19 12:00:00,1992,1,19,12,695822400,22.53591553396306,4.365450124980569,99.27818357077062,14.591382571322688,0.0,0.08,0.2841805544575561
1992-01-19 18:00:00,1992,1,19,18,695844000,16.94238544323954,4.286825757315084,99.17722816103142,0.04616720742829351,0.0,0.08,0.2804870130835388
1992-01-20 00:00:00,1992,1,20,0,695865600,13.140447536293738,6.335701280551486,99.14099528459671,0.0439486023266471,0.0,0.08,0.17889297773146923
1992-01-20 06:00:00,1992,1,20,6,695887200,17.682071308123042,7.01637818567828,99.5021616336063,0.0972717531459667,0.0,0.08,0.22636967557273063
1992-01-20 12:00:00,1992,1,20,12,695908800,22.971499386203583,10.674631559453557,99.61616452689198,14.079491608980145,0.0,0.08,0.1991059211984586
1992-01-20 18:00:00,1992,1,20,18,695930400,17.28853724879028,6.456190205814533,99.09532513749129,0.6928262118827911,0.0,0.08,0.205613229622404
1992-01-21 00:00:00,1992,1,21,0,695952000,11.491550768859549,4.304454262005083,99.45058140161196,0.6720533096354826,0.0,0.08,0.22760289691585678
1992-01-21 06:00:00,1992,1,21,6,695973600,17.32849300563343,4.148297539048491,99.86410119115149,0.3316414094630248,0.0,0.08,0.17878119352003435
1992-01-21 12:00:00,1992,1,21,12,695995200,23.134727132671145,4.113170496035893,99.63341615964983,14.413694447115839,0.0,0.08,0.18208740741340182
1992-01-21 18:00:00,1992,1,21,18,696016800,18.117774120697398,4.148373549667405,99.76739524431174,0.9246717698445702,0.0,0.08,0.1668979769503937
1992-01-22 00:00:00,1992,1,22,0,696038400,11.63369255456304,4.1208753213441245,99.69625010979016,0.9978208471660748,0.0,0.08,0.22057727887963222
1992-01-22 06:00:00,1992,1,22,6,696060000,20.858683829973707,4.878821273629867,99.7887897720994,0.43330513327571185,0.0,0.08,0.2652995438074283
1992-01-22 12:00:00,1992,1,22,12,696081600,25.31137528595657,4.3800954062471,99.1566983767642,14.111410135230038,0.0,0.08,0.18416833067551958
1992-01-22 18:00:00,1992,1,22,18,696103200,18.219351039882053,5.849457638798437,99.12963253005455,0.9260059553983021,0.0,0.08,0.2206671754695071
1992-01-23 00:00:00,1992,1,23,0,696124800,16.8565373811866,5.876784879586198,99.14235271094951,0.2970313038159289,0.0,0.08,0.1983452619659644
1992-01-23 06:00:00,1992,1,23,6,696146400,16.836436941518215,4.7817850239855915,99.12300646945414,0.6705839624265072,0.0,0.08,0.17647321269812685
1992-01-23 12:00:00,1992,1,23,12,696168000,21.7783826527437,5.814459160648314,99.48605758410035,14.34391703800924,0.0,0.08,0.1925854715139089
1992-01-23 18:00:00,1992,1,23,18,696189600,16.601806799664775,7.402854512705797,98.96347180103137,0.912625880113693,0.0,0.08,0.21276574776335885
1992-01-24 00:00:00,1992,1,24,0,696211200,14.85875483844642,7.473167961070246,99.64084343557111,0.47856097584955415,5.694069684255755,0.08,0.19401833903110002
1992-01-24 06:00:00,1992,1,24,6,696232800,18.872338010096254,5.938245770337069,99.7122906011018,0.2599594601195313,0.0,0.08,0.1799866086633732
1992-01-24 12:00:00,1992,1,24,12,696254400,25.208097638146256,5.702236426517897,99.18326722709975,14.174005234569828,0.0,0.08,0.17438050715141928
1992-01-24 18:00:00,1992,1,24,18,696276000,17.552553380496427,6.2381313399059195,99.57735695121761,0.2902154174760317,0.0,0.08,0.13356964810884311
1992-01-25 00:00:00,1992,1,25,0,696297600,13.65030537250806,7.737465833966086,99.34135035139681,0.4105323802215507,0.0,0.08,0.17027511194606548
1992-01-25 06:00:00,1992,1,25,6,696319200,17.541238637332,4.510477353898075,99.4674984293239,0.80790999384862,0.0,0.08,0.13836842245504113
1992-01-25 12:00:00,1992,1,25,12,696340800,26.191066081331897,4.553220737481631,99.28114440259218,14.656523829412432,0.0,0.08,0.15297383777606882
1992-01-25 18:00:00,1992,1,25,18,696362400,20.17620358392403,4.429551438568352,99.77612308448163,0.03131894741207001,0.0,0.08,0.18395730181040604
1992-01-26 00:00:00,1992,1,26,0,696384000,15.086900110762024,6.845640214472324,99.61819111989655,0.8899953437087188,0.0,0.08,0.2625646067326511
1992-01-26 06:00:00,1992,1,26,6,696405600,18.41786092517896,5.046421545482112,99.08034154304978,0.08802830144910267,0.0,0.08,0.13417310385018194
1992-01-26 12:00:00,1992,1,26,12,696427200,22.912680700334658,7.109084289564576,99.18330679326995,14.206354977215058,0.0,0.08,0.1792873876486301
1992-01-26 18:00:00,1992,1,26,18,696448800,17.377405640722206,5.3050923136433,99.46484753434476,0.8021385766489066,0.0,0.08,0.17918854659050137
1992-01-27 00:00:00,1992,1,27,0,696470400,15.582892579125208,5.426022848083809,99.19694481061875,0.1767591450639211,0.0,0.08,0.17929390169837486
1992-01-27 06:00:00,1992,1,27,6,696492000,19.734660251169412,4.270713156298221,99.07850240023203,0.7329068580399851,0.0,0.08,0.18071936460568494
1992-01-27 12:00:00,1992,1,27,12,696513600,24.48380039742548,5.069298089519515,99.35352655265332,14.434359090237924,0.0,0.08,0.1601638715383513
1992-01-27 18:00:00,1992,1,27,18,696535200,19.392025985510724,6.508015067844447,99.08242151115026,0.2577413797515558,0.0,0.08,0.21085938870737483
1992-01-28 00:00:00,1992,1,28,0,696556800,14.380366381470447,5.121179290935139,98.73470383060085,0.32466476878177297,0.0,0.08,0.14888642831228552
1992-01-28 06:00:00,1992,1,28,6,696578400,20.53677765565113,4.499801109660607,99.29907641451696,0.06297474615114984,0.0,0.08,0.16816209747080307
1992-01-28 12:00:00,1992,1,28,12,696600000,25.82581790328198,4.260620892023556,99.41064563842347,14.253559534939043,0.0,0.08,0.17091284051857747
1992-01-28 18:00:00,1992,1,28,18,696621600,18.778425898100018,4.360078034130134,99.61852482464786,0.7469802336810147,0.0,0.08,0.16589129282956244
1992-01-29 00:00:00,1992,1,29,0,696643200,13.233570578554612,4.464553138893543,99.35756146499409,0.9734509765160951,0.0,0.08,0.1
1992-01-29 06:00:00,1992,1,29,6,696664800,19.190021218905507,5.3914226804245455,99.17397952085966,0.7475256320962219,0.0,0.08,0.17423540542736013
1992-01-29 12:00:00,1992,1,29,12,696686400,25.012787340336274,7.111859252564319,98.9686057422638,14.339559415535888,0.0,0.08,0.1612675129150323
1992-01-29 18:00:00,1992,1,29,18,696708000,18.875835987210902,5.017998797041693,99.70068216020265,0.3561698841794982,0.0,0.08,0.12220687819795514
1992-01-30 00:00:00,1992,1,30,0,696729600,14.889934669394668,4.709873187006138,99.40611744820795,0.3768320827879086,0.0,0.08,0.1709621480928413
1992-01-30 06:00:00,1992,1,30,6,696751200,20.477614887156022,4.600903439311381,99.46820199333132,0.21643304065371916,0.0,0.08,0.17568013181112252
1992-01-30 12:00:00,1992,1,30,12,696772800,24.670397143931062,5.7615810811600525,99.46700132948779,14.31433531292532,0.0,0.08,0.19034823364974857
1992-01-30 18:00:00,1992,1,30,18,696794400,18.90357531848435,4.341113453128687,99.36709164004073,0.1426169414656617,0.0,0.08,0.15250196711932748
1992-01-31 00:00:00,1992,1,31,0,696816000,12.087185783764927,4.698741692833567,98.81206491240569,0.7946630416253524,0.0,0.08,0.17836573597828845
1992-01-31 06:00:00,1992,1,31,6,696837600,21.270782673192222,4.520061112076153,98.9469506827936,0.3956130619502406,0.0,0.08,0.1642665886048761
1992-01-31 12:00:00,1992,1,31,12,696859200,25.15723244979191,4.324541969412781,99.69941822471215,14.891074625440412,0.0,0.08,0.18244886538913718
1992-01-31 18:00:00,1992,1,31,18,696880800,21.49611463895947,6.4137954285979015,99.60260917029026,0.22746810471519327,0.0,0.08,0.12208640765254086
1992-02-01 00:00:00,1992,2,1,0,696902400,15.932440969428473,5.827931866575448,99.51446970806467,0.8891194271078087,0.0,0.08,0.14198008516873453
1992-02-01 06:00:00,1992,2,1,6,696924000,20.229501143668298,6.54108180785154,99.07302519196541,0.8551027177096026,0.0,0.08,0.14758739657087164
1992-02-01 12:00:00,1992,2,1,12,696945600,24.489666364144245,5.084816694622796,99.0263632339465,15.025021393788798,0.0,0.08,0.16645579499803856
1992-02-01 18:00:00,1992,2,1,18,696967200,19.65666650244836,5.282260922197958,99.76533799930577,0.2601817732149003,0.0,0.08,0.13971609673739327
1992-02-02 00:00:00,1992,2,2,0,696988800,15.678298362879383,4.4784710202955855,99.50054382732581,0.0496408402705677,0.0,0.08,0.11548792870529243
1992-02-02 06:00:00,1992,2,2,6,697010400,21.698002099249653,5.615231708737641,99.23067068811214,0.35475312642164647,0.0,0.08,0.14123355922971492
1992-02-02 12:00:00,1992,2,2,12,697032000,25.1779631258194,4.408120944150981,99.50254432837906,15.254762336391947,0.0,0.08,0.21345528791098972
1992-02-02 18:00:00,1992,2,2,18,697053600,20.669303773645975,4.381753287856269,99.29036805037696,0.1937647355818842,0.0,0.08,0.18228782577083552
1992-02-03 00:00:00,1992,2,3,0,697075200,14.782130133698082,6.347281034380422,99.36347416512112,0.9172620361399947,0.0,0.08,0.1644845521967012
1992-02-03 06:00:00,1992,2,3,6,697096800,20.018852772808273,5.269938848237064,98.42167586692713,0.5454690306316138,0.0,0.08,0.13142251776233402
1992-02-03 12:00:00,1992,2,3,12,697118400,24.81186239078956,5.40081036740678,99.02785891749372,14.457974228006744,0.0,0.08,0.15817958924998804
1992-02-03 18:00:00,1992,2,3,18,697140000,23.22484074026762,6.22953660168959,99.61667299277727,0.8913576461864732,0.0,0.08,0.1
1992-02-04 00:00:00,1992,2,4,0,697161600,14.412125374339778,7.538589271295729,99.42686045791653,0.7513598178221952,0.0,0.08,0.18351090305054912
1992-02-04 06:00:00,1992,2,4,6,697183200,19.632709674749247,4.804323320452314,99.0166798179947,0.23316308335681057,0.0,0.08,0.1641326843523813
1992-02-04 12:00:00,1992,2,4,12,697204800,25.392036594352483,6.915153541331824,99.25112569929007,15.430927810807994,0.0,0.08,0.17246357308137236
1992-02-04 18:00:00,1992,2,4,18,697226400,18.8839923926962,7.868156453145924,99.23240329744903,0.2659070407108304,0.0,0.08,0.14015241578572626
1992-02-05 00:00:00,1992,2,5,0,697248000,15.431711189704902,7.291241398550779,98.94702974759872,0.6568381906766857,0.0,0.08,0.13908433934823944
1992-02-05 06:00:00,1992,2,5,6,697269600,21.102636910190576,4.772113341499915,99.59203816976739,0.5818939689077977,0.0,0.08,0.15224512891128603
1992-02-05 12:00:00,1992,2,5,12,697291200,23.654671520520893,6.917016247083533,99.55407714806664,15.08988655258638,8.747359058639113,0.11080622505748143,0.11833722233165492
1992-02-05 18:00:00,1992,2,5,18,697312800,17.46381901392387,5.139755529732587,98.79891110020341,0.9081518491743474,0.0,0.08,0.12782822333788263
1992-02-06 00:00:00,1992,2,6,0,697334400,12.65059918000537,13.369063752709977,99.2073900200841,0.6572068320896085,0.0,0.08,0.12992453267284484
1992-02-06 06:00:00,1992,2,6,6,697356000,19.572130711346734,4.727208013205437,98.5730194175131,0.7118738645155012,0.0,0.08,0.13071340736978143
1992-02-06 12:00:00,1992,2,6,12,697377600,24.315917743891042,4.824375150370817,99.25523865958976,15.203733941963357,0.0,0.08,0.1988788107300129
1992-02-06 18:00:00,1992,2,6,18,697399200,21.086588945861813,7.52765518029506,99.37144635472232,0.20716534636109063,0.0,0.08,0.14468488065117335
1992-02-07 00:00:00,1992,2,7,0,697420800,16.787713895370555,6.425486271923804,99.287981180676,0.17070623620374115,0.0,0.08,0.12945627226609416
1992-02-07 06:00:00,1992,2,7,6,697442400,20.407843319969352,5.156893996843046,98.74074322363153,0.6920093476488193,0.0,0.08,0.14729711593840378
1992-02-07 12:00:00,1992,2,7,12,697464000,24.62915249643464,6.5023623650252595,99.54689990550301,15.122872422605026,0.0,0.08,0.1899505873719461
1992-02-07 18:00:00,1992,2,7,18,697485600,16.699441191236,9.615601817371523,99.33715823498399,0.3650271866077559,0.0,0.08,0.14853158017514073
1992-02-08 00:00:00,1992,2,8,0,697507200,16.08727560626633,4.69845542849999,99.84700480439992,0.5007434642705786,0.0,0.08,0.12753427325183814
1992-02-08 06:00:00,1992,2,8,6,697528800,21.299228364120097,5.910394279536714,98.63120348003729,0.69758669631584,0.0,0.08,0.1
1992-02-08 12:00:00,1992,2,8,12,697550400,26.487299028412245,4.589641255837335,99.01075695262675,15.069249004171079,0.0,0.08,0.10775874039031698
1992-02-08 18:00:00,1992,2,8,18,697572000,21.898242102475074,7.224350551902521,99.10284276507383,0.17680553061799534,0.0,0.08,0.12330177385528276
1992-02-09 00:00:00,1992,2,9,0,697593600,14.514440949484175,4.510538129026976,99.54336662850662,0.7594584640542186,0.0,0.08,0.1
1992-02-09 06:00:00,1992,2,9,6,697615200,20.970163012431872,5.358040574137366,99.02615716522887,0.5797816283940675,0.0,0.08,0.10872489811537032
1992-02-09 12:00:00,1992,2,9,12,697636800,27.138253043950147,5.9387229078426484,99.4044607659413,15.380308266261386,0.0,0.08,0.11735572129823567
1992-02-09 18:00:00,1992,2,9,18,697658400,19.602634900558414,5.113806939229028,99.25533526770447,0.07603745799574094,0.0,0.08,0.13807966595470536
1992-02-10 00:00:00,1992,2,10,0,697680000,17.08827973442183,6.11637185514667,99.40772191191297,0.808781890342623,0.0,0.08,0.12175338750949426
1992-02-10 06:00:00,1992,2,10,6,697701600,21.75802674693157,5.257149626193063,99.07954384758774,0.316267623819118,0.0,0.08,0.14632463077564678
1992-02-10 12:00:00,1992,2,10,12,697723200,24.833859941977224,6.998172783383918,99.45495554841311,15.160267784617986,0.0,0.08,0.1271954337667824
1992-02-10 18:00:00,1992,2,10,18,697744800,18.667539752543092,6.215741312166755,99.19490388726383,0.10308748312460485,0.0,0.08,0.1
1992-02-11 00:00:00,1992,2,11,0,697766400,16.75794426678309,9.888364993958291,98.89684016447977,0.316566020357825,0.0,0.08,0.11849941548724358
1992-02-11 06:00:00,1992,2,11,6,697788000,22.420999134655833,5.368096084684567,99.27650821816722,0.21799872571964862,0.0,0.08,0.1
1992-02-11 12:00:00,1992,2,11,12,697809600,27.96347540728025,4.884129507743261,98.71966578650792,15.19437075747443,0.0,0.08,0.1
1992-02-11 18:00:00,1992,2,11,18,697831200,23.160449153381432,7.355219103160002,99.43607895901015,0.2910938401671144,0.0,0.08,0.13112019765539806
1992-02-12 00:00:00,1992,2,12,0,697852800,17.469112869773838,6.790790508397862,99.13964196430558,0.5105426245128744,0.0,0.08,0.1
1992-02-12 06:00:00,1992,2,12,6,697874400,20.791893497620222,5.3519393859894295,99.12638815722298,0.26967740853082045,0.0,0.08,0.1
1992-02-12 12:00:00,1992,2,12,12,697896000,26.93249283113871,6.283607927925564,98.82704868717721,15.9358239717767,0.0,0.08,0.14936088828589345
1992-02-12 18:00:00,1992,2,12,18,697917600,17.901843501908626,5.377990284583034,99.08955422667307,0.01151421291234961,0.0,0.08,0.1
1992-02-13 00:00:00,1992,2,13,0,697939200,17.08699855092881,7.661037660568273,99.1674205404137,0.38468833348851295,0.0,0.08,0.11085097658551274
1992-02-13 06:00:00,1992,2,13,6,697960800,17.38829325943088,4.9409617278203415,99.48957492989166,0.8714968185477673,0.0,0.08,0.127891324867464
1992-02-13 12:00:00,1992,2,13,12,697982400,28.942146567298344,10.063772479601303,98.49641707832464,16.02469157494892,0.0,0.08,0.10324356498103346
1992-02-13 18:00:00,1992,2,13,18,698004000,21.854463607820087,4.795235178896251,99.07178235629605,0.9266191947971665,0.0,0.08,0.1
1992-02-14 00:00:00,1992,2,14,0,698025600,16.595284354932563,4.644217808544836,99.00202166067652,0.7089977133012859,0.0,0.08,0.1
1992-02-14 06:00:00,1992,2,14,6,698047200,22.425151836591763,6.136470760411608,99.15662998290962,0.2936977253278037,5.813889097148318,0.08,0.1
1992-02-14 12:00:00,1992,2,14,12,698068800,24.313272943310483,6.17217620397728,99.03344610096711,15.846308463483684,0.0,0.08,0.1
1992-02-14 18:00:00,1992,2,14,18,698090400,21.17650545222049,5.244707457045135,99.29143667063272,0.09730548923647415,4.27381186020725,0.08,0.15096194200542284
1992-02-15 00:00:00,1992,2,15,0,698112000,17.57290288637294,5.369677250862495,99.33125521478829,0.22361862769077712,0.0,0.08,0.1
1992-02-15 06:00:00,1992,2,15,6,698133600,23.10300440280571,6.857171573751098,99.0926971007848,0.6061514647437206,0.0,0.08,0.1
1992-02-15 12:00:00,1992,2,15,12,698155200,25.78088508311601,4.7781123787154165,98.93394856340565,15.970581578607055,0.0,0.08,0.1306675073286669
1992-02-15 18:00:00,1992,2,15,18,698176800,22.272673268519632,5.972374939321921,99.18606259265184,0.6355988012771442,0.0,0.08,0.1
1992-02-16 00:00:00,1992,2,16,0,698198400,15.99373953648943,5.75777541658303,99.27752857581616,0.17701249772012972,0.0,0.08,0.1
1992-02-16 06:00:00,1992,2,16,6,698220000,22.008782728490768,5.183361402908559,98.65499203656678,0.7534130758579767,0.0,0.08,0.1
1992-02-16 12:00:00,1992,2,16,12,698241600,25.119434048697656,4.657950029820694,98.83570129971727,15.639563952891743,0.0,0.08,0.1
1992-02-16 18:00:00,1992,2,16,18,698263200,23.606910903111853,4.688850176651004,99.00229959044715,0.20859750913123395,0.0,0.08,0.1
1992-02-17 00:00:00,1992,2,17,0,698284800,13.655734643421251,4.809733859266848,99.22268156087446,0.39430168594669124,23.84668386149435,0.27206090297126334,0.1
1992-02-17 06:00:00,1992,2,17,6,698306400,23.541690303117562,5.403675883789972,98.93651414561157,0.6985785735491714,14.854582465254033,0.1501253977548246,0.1
1992-02-17 12:00:00,1992,2,17,12,698328000,24.284846625265537,4.870976224460492,99.08353296928371,15.536191779437688,0.0,0.08,0.1
1992-02-17 18:00:00,1992,2,17,18,698349600,20.86625838596929,5.324065167338976,100.01205909225082,0.411046162416668,0.0,0.08,0.10271019745819639
1992-02-18 00:00:00,1992,2,18,0,698371200,15.857419359481986,6.01358185266413,99.87747481774436,0.35277549438291056,0.0,0.08,0.1
1992-02-18 06:00:00,1992,2,18,6,698392800,20.462623825118182,4.823481900750354,98.98713677484164,0.9579179924791578,0.0,0.08,0.1
1992-02-18 12:00:00,1992,2,18,12,698414400,26.309213112904516,6.398023493705735,99.12738129621792,16.385295529941676,0.0,0.08,0.1
1992-02-18 18:00:00,1992,2,18,18,698436000,22.276394833335893,5.429608213104527,99.05779339122286,0.5785162658352409,0.0,0.08,0.1
1992-02-19 00:00:00,1992,2,19,0,698457600,17.15147797307339,7.1750049209226585,99.3567030598021,0.8291334197120029,0.0,0.08,0.1
1992-02-19 06:00:00,1992,2,19,6,698479200,17.854931362121054,4.683302692362752,98.97073849118185,0.648791180278116,0.0,0.08,0.1
1992-02-19 12:00:00,1992,2,19,12,698500800,27.063269440182687,4.743699049178116,98.90396848998387,16.222365257075232,0.0,0.08,0.1
1992-02-19 18:00:00,1992,2,19,18,698522400,20.97652079097407,5.5162550809834,99.07335853472817,0.1418100425375033,0.0,0.08,0.12409008908923813
1992-02-20 00:00:00,1992,2,20,0,698544000,14.254491515568805,5.70993358155178,99.24102920523912,0.6482611097457202,0.0,0.08,0.1
1992-02-20 06:00:00,1992,2,20,6,698565600,19.68122477805154,4.898199855547627,98.79627112920288,0.04762877066715798,0.0,0.08,0.1
1992-02-20 12:00:00,1992,2,20,12,698587200,27.62329573504596,6.791156692247185,98.95193608633647,16.092631695555845,0.0,0.08,0.1
1992-02-20 18:00:00,1992,2,20,18,698608800,19.603982562994506,5.226070364703161,99.17525388081646,0.11584286184519223,0.0,0.08,0.1
1992-02-21 00:00:00,1992,2,21,0,698630400,15.586406072234247,5.09173459328893,98.60890665308432,0.5136923257418822,6.563568825816062,0.08,0.1
1992-02-21 06:00:00,1992,2,21,6,698652000,21.287784480541603,7.414927201433704,98.46297142182425,0.9448557668180415,0.0,0.08,0.1
1992-02-21 12:00:00,1992,2,21,12,698673600,26.441922434494405,5.430863124767889,99.23995016281668,15.79545099188833,0.0,0.08,0.1
1992-02-21 18:00:00,1992,2,21,18,698695200,21.596060369468816,4.843130765753039,99.03717466891483,0.2980307139703603,0.0,0.08,0.1
1992-02-22 00:00:00,1992,2,22,0,698716800,14.518822557443334,7.487247907696391,99.61863637928641,0.8736196477780177,0.0,0.08,0.1
1992-02-22 06:00:00,1992,2,22,6,698738400,18.98008859115197,5.000134654138517,99.70641082563236,0.37055201403408766,0.0,0.08,0.1
1992-02-22 12:00:00,1992,2,22,12,698760000,28.534933510807306,9.720375934209113,99.3892005715893,16.62791494153688,0.0,0.08,0.1
1992-02-22 18:00:00,1992,2,22,18,698781600,23.38139985078398,6.4971138898313265,99.35228629563869,0.004373617259441334,0.0,0.08,0.1
1992-02-23 00:00:00,1992,2,23,0,698803200,18.964846058123005,6.808692690484086,98.89172592403699,0.461587051891178,0.0,0.08,0.1
1992-02-23 06:00:00,1992,2,23,6,698824800,22.159808267689517,6.067629163671815,99.49642069210606,0.4666168197346957,0.0,0.08,0.1
1992-02-23 12:00:00,1992,2,23,12,698846400,27.464592316676544,5.150873394131638,99.20759408517385,16.57732659092748,0.0,0.08,0.1
1992-02-23 18:00:00,1992,2,23,18,698868000,21.140847987022386,4.8466193792462615,99.13025642642803,0.15501957315910192,0.0,0.08,0.1
1992-02-24 00:00:00,1992,2,24,0,698889600,17.464421191580776,5.274827035399152,99.68036060012773,0.8534511381797207,0.0,0.08,0.10215003319335848
1992-02-24 06:00:00,1992,2,24,6,698911200,24.392529147906348,5.467474877366839,98.9082682154812,0.18780088031665165,0.0,0.08,0.10060626963356367
1992-02-24 12:00:00,1992,2,24,12,698932800,28.84635563789469,12.35748230508446,98.91696389543952,16.45195451634821,0.0,0.08,0.1
1992-02-24 18:00:00,1992,2,24,18,698954400,22.874236923477483,5.546173164007297,99.43238643476421,0.27978030776915325,0.0,0.08,0.1
1992-02-25 00:00:00,1992,2,25,0,698976000,15.341335592481723,5.154820496189793,99.06636061394151,0.14100974793786658,0.0,0.08,0.1
1992-02-25 06:00:00,1992,2,25,6,698997600,23.871562486508775,5.644129027324745,99.2013623216643,0.4476237380911453,0.0,0.08,0.1
1992-02-25 12:00:00,1992,2,25,12,699019200,25.064383335985248,5.145835401581423,99.06102675590905,16.715731254917902,0.0,0.08,0.1
1992-02-25 18:00:00,1992,2,25,18,699040800,21.340904683474243,5.330188501618354,99.11052518752896,0.8304245149196219,0.0,0.08,0.1
1992-02-26 00:00:00,1992,2,26,0,699062400,15.89977136065623,5.686817937556145,99.28181212283322,0.229931170215673,0.0,0.08,0.1
1992-02-26 06:00:00,1992,2,26,6,699084000,20.560777228872375,5.053757740921264,99.1940469937538,0.20192706511848335,0.0,0.08,0.1
1992-02-26 12:00:00,1992,2,26,12,699105600,27.512389145930005,5.064042735178095,99.12932218861874,16.627939684707304,0.0,0.08,0.1
1992-02-26 18:00:00,1992,2,26,18,699127200,23.691198831124883,4.8893624222012795,99.26817786145806,0.44716988306547384,0.0,0.08,0.1
1992-02-27 00:00:00,1992,2,27,0,699148800,16.90602350257638,4.996873982824429,98.98198942191621,0.14441583215062515,5.833505885837388,0.08,0.1
1992-02-27 06:00:00,1992,2,27,6,699170400,21.672721140444594,4.926971261206607,98.68644733905285,0.5046048127452787,5.627229952210968,0.08,0.1
1992-02-27 12:00:00,1992,2,27,12,699192000,25.035631540331636,4.9358858398364545,98.91815683473394,16.829650727577334,0.0,0.08,0.1
1992-02-27 18:00:00,1992,2,27,18,699213600,20.9282312766157,5.300799942713999,98.84432794595047,0.3449690284807505,0.0,0.08,0.1
1992-02-28 00:00:00,1992,2,28,0,699235200,17.277175800781208,5.7588005203894745,98.90224320987353,0.1152648359365428,0.0,0.08,0.1
1992-02-28 06:00:00,1992,2,28,6,699256800,24.7265476734775,5.500396459261633,98.84203409179976,0.5932287569677382,0.0,0.08,0.1
1992-02-28 12:00:00,1992,2,28,12,699278400,24.805095672174733,7.006205833168066,99.37937472506326,16.91422542554547,0.0,0.08,0.1
1992-02-28 18:00:00,1992,2,28,18,699300000,22.943226297578107,5.241836533461174,98.80535696297352,0.5085998462309582,0.0,0.08,0.1
1992-02-29 00:00:00,1992,2,29,0,699321600,18.10455769270223,5.919466905578185,98.12153382438514,0.6728109883935989,0.0,0.08,0.1
1992-02-29 06:00:00,1992,2,29,6,699343200,20.45104627034055,6.37787692325592,99.43779251305088,0.6527853112126943,0.0,0.08,0.1
1992-02-29 12:00:00,1992,2,29,12,699364800,26.80879214318906,5.270355661556642,99.02850685898102,16.745914783106112,0.0,0.08,0.1
1992-02-29 18:00:00,1992,2,29,18,699386400,24.32962031223782,7.0496280494833,98.98279294458258,0.767745158989317,0.0,0.08,0.1
1992-03-01 00:00:00,1992,3,1,0,699408000,17.718677460743535,4.902781482712041,99.19732039134273,0.5779781889875836,0.0,0.08,0.1
1992-03-01 06:00:00,1992,3,1,6,699429600,24.24466905510316,5.730708464643145,98.71316233836141,0.4838133640431046,0.0,0.08,0.1
1992-03-01 12:00:00,1992,3,1,12,699451200,27.776708308030468,5.10057664478953,99.2941381576047,16.714762033966117,7.128943247155034,0.08,0.1
1992-03-01 18:00:00,1992,3,1,18,699472800,22.77739995135681,4.999085120159017,99.05810126204494,0.4169123134358188,0.0,0.08,0.1
1992-03-02 00:00:00,1992,3,2,0,699494400,22.125886446250796,6.267282029071929,98.78474794517513,0.5347543287155138,0.0,0.08,0.1
1992-03-02 06:00:00,1992,3,2,6,699516000,23.541183350596963,7.50930703500163,99.06757742683918,0.6644153283391817,0.0,0.08,0.1
1992-03-02 12:00:00,1992,3,2,12,699537600,29.73969007491501,5.34787266025772,98.50797908399176,16.997916572398257,0.0,0.08,0.1
1992-03-02 18:00:00,1992,3,2,18,699559200,22.591015010520923,6.820164448196998,99.01730027380553,0.8659362836021447,0.0,0.08,0.1
1992-03-03 00:00:00,1992,3,3,0,699580800,17.274306409404193,6.061719034107195,98.87771503006195,0.9718927491935236,0.0,0.08,0.1
1992-03-03 06:00:00,1992,3,3,6,699602400,20.537731944113442,10.366546056802502,98.78581444850917,0.1814483819033459,0.0,0.08,0.1
1992-03-03 12:00:00,1992,3,3,12,699624000,29.569863552294958,5.690393917414646,98.7953527462406,16.64090314401322,0.0,0.08,0.1
1992-03-03 18:00:00,1992,3,3,18,699645600,23.849207189070835,5.021479538296413,99.11468389915298,0.6978045222771987,0.0,0.08,0.1
1992-03-04 00:00:00,1992,3,4,0,699667200,20.053758871285435,6.415084421687789,98.45487258201047,0.6633048589040378,0.0,0.08,0.1
1992-03-04 06:00:00,1992,3,4,6,699688800,22.526355143256904,5.340730419857153,98.7095153723979,0.5414039212876767,0.0,0.08,0.1
1992-03-04 12:00:00,1992,3,4,12,699710400,28.33287706242798,6.367675098716442,99.1719653711727,16.79040636282639,0.0,0.08,0.1
1992-03-04 18:00:00,1992,3,4,18,699732000,24.855985339090353,6.6740270015513,99.46670907176293,0.41495390784537783,0.0,0.08,0.1
1992-03-05 00:00:00,1992,3,5,0,699753600,19.895297051232227,5.0173520316945615,99.4600128991459,0.5068337160764564,0.0,0.08,0.1
1992-03-05 06:00:00,1992,3,5,6,699775200,21.511290813703347,4.882533680384657,99.2953888771012,0.4325477836262388,0.0,0.08,0.1
1992-03-05 12:00:00,1992,3,5,12,699796800,28.527686815040724,5.347456601173351,98.82815542028027,16.6817732431941,0.0,0.08,0.1
1992-03-05 18:00:00,1992,3,5,18,699818400,23.56624572648237,5.500361401323578,99.0224985458413,0.9214608603435476,0.0,0.08,0.1
1992-03-06 00:00:00,1992,3,6,0,699840000,18.384027236945382,5.499613315442226,98.96043691098805,0.5155452793237628,0.0,0.08,0.1
1992-03-06 06:00:00,1992,3,6,6,699861600,24.33254715177506,8.070087160636383,99.05369953117592,0.7907533361102264,0.0,0.08,0.1
1992-03-06 12:00:00,1992,3,6,12,699883200,30.671301828554135,5.284682444071642,99.31266374672795,17.269239896619275,22.442079053629715,0.23642170175171323,0.1
1992-03-06 18:00:00,1992,3,6,18,699904800,26.209411254268936,6.104671361301817,98.77794229709892,0.06234259607601039,0.0,0.08,0.1
1992-03-07 00:00:00,1992,3,7,0,699926400,20.705364245525843,6.204954808501185,99.20894314743637,0.3399189815660454,0.0,0.08,0.1
1992-03-07 06:00:00,1992,3,7,6,699948000,26.01959598618373,5.616281529593364,98.72037048305536,0.677194904489789,0.0,0.08,0.1
1992-03-07 12:00:00,1992,3,7,12,699969600,30.57561026822384,5.413063559814176,99.16396996336746,17.33071899199222,0.0,0.08,0.1
1992-03-07 18:00:00,1992,3,7,18,699991200,23.993792743179718,5.005267161955954,98.39052742633343,0.330859499460955,0.0,0.08,0.1
1992-03-08 00:00:00,1992,3,8,0,700012800,19.081284809801634,4.896119424772865,98.3186442302781,0.6354681547037552,0.0,0.08,0.1
1992-03-08 06:00:00,1992,3,8,6,700034400,23.89170796857125,5.192980198484636,98.99974073821157,0.7490583916430947,0.0,0.08,0.1
1992-03-08 12:00:00,1992,3,8,12,700056000,29.08890712684156,7.031067120152732,98.99988979910164,17.046174226276158,0.0,0.08,0.1
1992-03-08 18:00:00,1992,3,8,18,700077600,21.916842776805282,6.5922418232227304,99.21809609092844,0.5964790149773443,0.0,0.08,0.1
1992-03-09 00:00:00,1992,3,9,0,700099200,19.039132669433357,8.070979123001555,98.84764807216469,0.9654392125774092,0.0,0.08,0.1
1992-03-09 06:00:00,1992,3,9,6,700120800,27.488896765578005,5.074179425544934,98.7720006603863,0.706240587612381,9.684463241455045,0.1027592603356957,0.1
1992-03-09 12:00:00,1992,3,9,12,700142400,29.31799422858389,7.2543189547542966,99.30098760869595,17.0552138916357,0.0,0.08,0.1
1992-03-09 18:00:00,1992,3,9,18,700164000,25.072280286265997,6.313592388957921,98.93274424470316,0.6983102915931847,0.0,0.08,0.1
1992-03-10 00:00:00,1992,3,10,0,700185600,21.59532062666977,5.802205024510374,98.75640649730101,0.9431122320546099,0.0,0.08,0.1
1992-03-10 06:00:00,1992,3,10,6,700207200,24.601280850621382,6.9302228848166445,98.43054620473517,0.41334665596125797,0.0,0.08,0.1
1992-03-10 12:00:00,1992,3,10,12,700228800,29.34191854762763,5.230353245073056,98.8044549471748,17.614055446212568,0.0,0.08,0.1
1992-03-10 18:00:00,1992,3,10,18,700250400,23.459213780649275,5.555346290380661,99.05447413647653,0.47688063820080884,0.0,0.08,0.1
1992-03-11 00:00:00,1992,3,11,0,700272000,20.575447043973362,11.497803807195655,99.09515404145951,0.7512080394809381,0.0,0.08,0.1
1992-03-11 06:00:00,1992,3,11,6,700293600,21.121748012178646,5.468724175743109,98.91785712848699,0.9571302235440332,0.0,0.08,0.1
1992-03-11 12:00:00,1992,3,11,12,700315200,29.302713922388495,5.624782753802773,99.1261477465109,17.7599205742172,0.0,0.08,0.1
1992-03-11 18:00:00,1992,3,11,18,700336800,26.218314892883456,7.042905242766822,98.48293326352714,0.7115194711963857,0.0,0.08,0.1
1992-03-12 00:00:00,1992,3,12,0,700358400,19.433335796469038,7.757080717310077,99.063613859231,0.8302516165616799,0.0,0.08,0.1
1992-03-12 06:00:00,1992,3,12,6,700380000,24.637661317545753,5.924322496365577,98.57862249245547,0.9428538445629232,0.0,0.08,0.1
1992-03-12 12:00:00,1992,3,12,12,700401600,28.834746439084167,7.425340881906903,98.34276531297307,17.475963467564256,0.0,0.08,0.1
1992-03-12 18:00:00,1992,3,12,18,700423200,25.86938057149506,6.221368397850399,99.14800228241117,0.6035837412961519,0.0,0.08,0.1
1992-03-13 00:00:00,1992,3,13,0,700444800,22.30721012306487,6.091590564518954,99.07251507321305,0.06964358543851545,0.0,0.08,0.1
1992-03-13 06:00:00,1992,3,13,6,700466400,26.460882609517967,6.5806321785309105,98.87085729076139,0.5383105989206096,0.0,0.08,0.1
1992-03-13 12:00:00,1992,3,13,12,700488000,27.099799633928335,5.259036572729956,98.87930540889937,17.565166929123293,0.0,0.08,0.1
1992-03-13 18:00:00,1992,3,13,18,700509600,27.786340734627714,8.490371837804524,98.63902909507503,0.17999920353750776,0.0,0.08,0.1
1992-03-14 00:00:00,1992,3,14,0,700531200,21.31510226033972,8.111201006880947,99.34271502718646,0.9268996220007857,0.0,0.08,0.1
1992-03-14 06:00:00,1992,3,14,6,700552800,20.54582583170343,5.604273067008942,98.56846079488723,0.127550383306539,11.127403370351098,0.1025337940204622,0.1
1992-03-14 12:00:00,1992,3,14,12,700574400,29.763961400952788,5.7501574754165325,98.72992071879253,18.095937837160847,0.0,0.08,0.1
1992-03-14 18:00:00,1992,3,14,18,700596000,27.349941685477866,5.2570262764361795,99.04373343622642,0.9301221882962422,0.0,0.08,0.1
1992-03-15 00:00:00,1992,3,15,0,700617600,19.81042084954412,10.496233675514343,98.84474744347908,0.02883981553525028,0.0,0.08,0.1
1992-03-15 06:00:00,1992,3,15,6,700639200,24.781061232814512,5.097839489752393,98.52832849473023,0.12393964788713385,0.0,0.08,0.1
1992-03-15 12:00:00,1992,3,15,12,700660800,28.655160480852473,6.963838149550786,99.15960553402232,17.64773793004359,0.0,0.08,0.1
1992-03-15 18:00:00,1992,3,15,18,700682400,25.492630878059508,5.119544367516235,98.7550270533366,0.8726015894087793,0.0,0.08,0.1
1992-03-16 00:00:00,1992,3,16,0,700704000,22.833020467571416,9.011220024737169,98.57478408656466,0.43671983492657696,0.0,0.08,0.1
1992-03-16 06:00:00,1992,3,16,6,700725600,23.025151361198226,6.0575861486900395,99.26959279033416,0.2829390795296356,0.0,0.08,0.1
1992-03-16 12:00:00,1992,3,16,12,700747200,33.25524142859308,6.647010665637071,98.58017682246819,18.420198296080187,0.0,0.08,0.1
1992-03-16 18:00:00,1992,3,16,18,700768800,25.122750620849274,5.902557390518428,98.4879408279378,0.6051759949711659,0.0,0.08,0.1
1992-03-17 00:00:00,1992,3,17,0,700790400,20.087942083257907,5.657911251104209,98.50398138606792,0.4957231809376581,0.0,0.08,0.1
1992-03-17 06:00:00,1992,3,17,6,700812000,28.06751480002694,5.6366132392562385,98.9459108697266,0.0849887486526566,0.0,0.08,0.1
1992-03-17 12:00:00,1992,3,17,12,700833600,32.20642701451907,5.598354211513843,99.37739127324977,18.425958550522783,0.0,0.08,0.1
1992-03-17 18:00:00,1992,3,17,18,700855200,24.22443362480449,5.333164484713813,99.3065931096303,0.451245028676348,0.0,0.08,0.1017397416030479
1992-03-18 00:00:00,1992,3,18,0,700876800,22.129617630190165,5.335875503133722,98.81857628205861,0.28500065201944813,0.0,0.08,0.1
1992-03-18 06:00:00,1992,3,18,6,700898400,25.476853244625396,5.642265302640724,98.3002789548629,0.9614115379812102,0.0,0.08,0.1
1992-03-18 12:00:00,1992,3,18,12,700920000,31.686107718890156,5.4563732204273485,99.03857728772134,18.728702649532913,0.0,0.08,0.1
1992-03-18 18:00:00,1992,3,18,18,700941600,25.466082222348014,6.601614297508055,98.88387830776249,0.4441054011000732,0.0,0.08,0.1
1992-03-19 00:00:00,1992,3,19,0,700963200,19.22385326266781,8.617722855461285,98.86187890276535,0.5116859159660008,0.0,0.08,0.1
1992-03-19 06:00:00,1992,3,19,6,700984800,26.078724980654034,7.032331605879943,98.93746147982414,0.75431833393265,0.0,0.08,0.1
1992-03-19 12:00:00,1992,3,19,12,701006400,30.2081298186004,5.528217879544168,98.51432675970277,18.769054432963358,0.0,0.08,0.1
1992-03-19 18:00:00,1992,3,19,18,701028000,25.472408035432046,5.324315609349304,98.39659258914602,0.24179072441791657,0.0,0.08,0.1
1992-03-20 00:00:00,1992,3,20,0,701049600,19.107496253292986,7.5154860838216235,98.31312196518346,0.9748014835421964,0.0,0.08,0.1
1992-03-20 06:00:00,1992,3,20,6,701071200,24.746149541145538,5.178524833424455,99.00704645597354,0.44156541039559716,0.0,0.08,0.1
1992-03-20 12:00:00,1992,3,20,12,701092800,29.33073887504495,5.038012912525393,99.37229524155093,18.162043731710934,0.0,0.08,0.1
1992-03-20 18:00:00,1992,3,20,18,701114400,23.5351664574242,6.145219117235265,98.67492042069689,0.8894907068972423,0.0,0.08,0.1
1992-03-21 00:00:00,1992,3,21,0,701136000,20.928378449806694,6.07308649676153,98.65054254623776,0.10083274714504764,0.0,0.08,0.1
1992-03-21 06:00:00,1992,3,21,6,701157600,26.765241759909124,5.9875670298728005,98.65075702586094,0.9990104214794496,0.0,0.08,0.1
1992-03-21 12:00:00,1992,3,21,12,701179200,32.75713993781582,6.613535996384929,98.89926788799889,18.9128483453682,14.659616778634584,0.17213141263862877,0.1
1992-03-21 18:00:00,1992,3,21,18,701200800,25.63972554507919,5.30352380174289,98.57733279904583,0.24491350568934944,0.0,0.08,0.1
1992-03-22 00:00:00,1992,3,22,0,701222400,21.492201578875516,7.531778426522636,98.72177731003686,0.5940728150072845,0.0,0.08,0.1
1992-03-22 06:00:00,1992,3,22,6,701244000,24.125236957298508,7.094308396817434,98.33003166316895,0.3813458886036203,0.0,0.08,0.1
1992-03-22 12:00:00,1992,3,22,12,701265600,32.653130322272055,8.825681559759335,98.62193156805029,18.782748647235998,0.0,0.08,0.1
1992-03-22 18:00:00,1992,3,22,18,701287200,26.703628322169408,6.977661236814285,98.95373471815223,0.5823543625769279,0.0,0.08,0.1
1992-03-23 00:00:00,1992,3,23,0,701308800,23.244725296921985,9.516843808727558,97.85150621419207,0.5760121440408417,0.0,0.08,0.1
1992-03-23 06:00:00,1992,3,23,6,701330400,26.57616704309877,5.423777902205784,99.29401751262667,0.6190117995410045,0.0,0.08,0.1
1992-03-23 12:00:00,1992,3,23,12,701352000,31.058573138187835,10.501714061351239,98.58686965712542,19.065192451658532,0.0,0.08,0.1
1992-03-23 18:00:00,1992,3,23,18,701373600,29.632988895997947,5.076754272439432,98.68180893806735,0.7633509006403327,14.453787615974342,0.17331317931110363,0.1
1992-03-24 00:00:00,1992,3,24,0,701395200,20.48778434681666,5.049649045847236,98.32620625381082,0.36565887232194105,0.0,0.08,0.1
1992-03-24 06:00:00,1992,3,24,6,701416800,26.125124270188717,6.3101931678039875,98.45907163971111,0.7991535407694424,0.0,0.08,0.1
1992-03-24 12:00:00,1992,3,24,12,701438400,30.331438045392456,5.9350019458505905,98.96311587311095,18.604031043825728,0.0,0.08,0.1
1992-03-24 18:00:00,1992,3,24,18,701460000,30.423219568123518,5.6041922693816515,99.27190366847594,0.8686304265116517,0.0,0.08,0.1
1992-03-25 00:00:00,1992,3,25,0,701481600,20.597132118328236,8.193704097688606,98.4901126684613,0.7494431506828818,0.0,0.08,0.1
1992-03-25 06:00:00,1992,3,25,6,701503200,24.8412630845584,5.967373807403626,98.676608160964,0.1331100961905044,0.0,0.08,0.1
1992-03-25 12:00:00,1992,3,25,12,701524800,30.18987354482391,7.862914937049945,98.42081417569952,18.39379526499539,0.0,0.08,0.1
1992-03-25 18:00:00,1992,3,25,18,701546400,25.654995411278108,6.739383263452973,98.67547169966166,0.05332374263040443,0.0,0.08,0.1
1992-03-26 00:00:00,1992,3,26,0,701568000,22.346161321899125,7.936028524517992,98.8880301663444,0.9347080862788268,0.0,0.08,0.1
1992-03-26 06:00:00,1992,3,26,6,701589600,27.392684310899543,7.174291216656218,98.77690409923235,0.293708758736858,0.0,0.08,0.1
1992-03-26 12:00:00,1992,3,26,12,701611200,28.413199604026353,6.020383289842032,98.53689576047975,19.12818695837333,0.0,0.08,0.1
1992-03-26 18:00:00,1992,3,26,18,701632800,27.11807808920191,7.192935964307784,98.70726232090632,0.18900675437541173,0.0,0.08,0.1
1992-03-27 00:00:00,1992,3,27,0,701654400,17.170904122932782,6.326315153682321,98.40111749754797,0.28307427452867606,0.0,0.08,0.1
1992-03-27 06:00:00,1992,3,27,6,701676000,27.13592470958892,5.647841350444965,98.35703579621503,0.8535676545484198,0.0,0.08,0.1
1992-03-27 12:00:00,1992,3,27,12,701697600,31.119517952106055,5.1328383589123625,98.78768566895845,19.073857174602665,0.0,0.08,0.1
1992-03-27 18:00:00,1992,3,27,18,701719200,27.98329563604903,8.693633001585813,98.62236111237993,0.6768941968487466,0.0,0.08,0.1
1992-03-28 00:00:00,1992,3,28,0,701740800,22.653761569254957,5.2670788563860835,98.45924066267092,0.2554922732212599,0.0,0.08,0.1
1992-03-28 06:00:00,1992,3,28,6,701762400,25.866354646400477,5.456891024055129,98.39015170126478,0.14229149925645257,0.0,0.08,0.1
1992-03-28 12:00:00,1992,3,28,12,701784000,31.53314763204645,7.5248339453637705,98.25911735062407,18.915439329892415,0.0,0.08,0.1
1992-03-28 18:00:00,1992,3,28,18,701805600,27.74842135121497,8.555844053619857,98.5840758406878,0.6437196913426069,0.0,0.08,0.1
1992-03-29 00:00:00,1992,3,29,0,701827200,24.08122178807905,5.597257969747355,99.02094138083153,0.8014703179462351,3.280428903186591,0.08,0.1
1992-03-29 06:00:00,1992,3,29,6,701848800,25.335814707629577,6.751438609646963,98.38259854358805,0.2776198072240098,0.0,0.08,0.1
1992-03-29 12:00:00,1992,3,29,12,701870400,34.49854319508404,5.3219622872075805,98.72238289445012,18.80794690280027,0.0,0.08,0.1
1992-03-29 18:00:00,1992,3,29,18,701892000,28.088670661652916,9.588161221105157,98.91480830146708,0.8755981573017919,0.0,0.08,0.1
1992-03-30 00:00:00,1992,3,30,0,701913600,21.476352930891686,6.1031801141875075,98.31794730661746,0.37379022855232624,0.0,0.08,0.1
1992-03-30 06:00:00,1992,3,30,6,701935200,28.415310407066656,7.9623679611246025,98.62493298921419,0.5912366737902274,3.2035554887773974,0.08,0.1
1992-03-30 12:00:00,1992,3,30,12,701956800,33.96697584361786,5.954964130182095,98.82052499648496,19.383566750739845,0.0,0.08,0.1
1992-03-30 18:00:00,1992,3,30,18,701978400,26.043678078689368,6.7116324816453865,98.19385694135948,0.7598105638336855,0.0,0.08,0.1
1992-03-31 00:00:00,1992,3,31,0,702000000,20.867154381543383,5.27580607558778,98.27679930727021,0.6981912982962638,0.0,0.08,0.1
1992-03-31 06:00:00,1992,3,31,6,702021600,25.670870807869047,20.0,98.66254389577414,0.1916341858347671,0.0,0.08,0.1
1992-03-31 12:00:00,1992,3,31,12,702043200,32.67526203741432,6.631783715763611,98.62471174904852,19.40118230410027,0.0,0.08,0.1
1992-03-31 18:00:00,1992,3,31,18,702064800,30.944762763546272,8.939389010258726,98.25027135541302,0.20793028855091641,0.0,0.08,0.1
1992-04-01 00:00:00,1992,4,1,0,702086400,22.121582066414543,6.624395794277882,98.09352257321754,0.5146875325249269,7.653924700420515,0.13112905716815254,0.1
1992-04-01 06:00:00,1992,4,1,6,702108000,27.495587400210926,5.003322964014863,98.50275698513757,0.35944218033723685,0.0,0.08,0.1
1992-04-01 12:00:00,1992,4,1,12,702129600,33.341132801679606,7.506437125787107,98.33937022564696,19.7836028025983,0.0,0.08,0.1
1992-04-01 18:00:00,1992,4,1,18,702151200,27.051915780816746,5.429733813940366,98.49049239557752,0.9226339326992518,0.0,0.08,0.1
1992-04-02 00:00:00,1992,4,2,0,702172800,23.270939718533782,5.2007987699317555,98.41568666040908,0.8922143996857906,0.0,0.08,0.1
1992-04-02 06:00:00,1992,4,2,6,702194400,28.887533452743344,7.529549699936007,98.61918357374547,0.1772920811733133,0.0,0.08,0.1
1992-04-02 12:00:00,1992,4,2,12,702216000,32.60160227188406,5.9524071405536665,98.59277749427784,19.124706804663802,0.0,0.08566427889763868,0.1
1992-04-02 18:00:00,1992,4,2,18,702237600,26.031278699582035,6.184013657035189,98.52946226991992,0.9441752185428036,0.0,0.08,0.1
1992-04-03 00:00:00,1992,4,3,0,702259200,18.93367070732864,5.06800389886782,98.42113457946276,0.6311367285557563,0.0,0.08,0.1
1992-04-03 06:00:00,1992,4,3,6,702280800,26.726503123889202,6.8620169778954105,97.96060170698897,0.0046095548860457525,0.0,0.08,0.1
1992-04-03 12:00:00,1992,4,3,12,702302400,33.534391632257666,7.791704071292642,98.21055733167778,19.78629556078242,0.0,0.08,0.1
1992-04-03 18:00:00,1992,4,3,18,702324000,28.518765564522013,6.020883826881254,98.38222523514604,0.32913407109867476,0.0,0.08,0.1
1992-04-04 00:00:00,1992,4,4,0,702345600,22.657170069836607,6.557666829736502,98.41706223575846,0.7363210393793724,0.0,0.08,0.1
1992-04-04 06:00:00,1992,4,4,6,702367200,28.714080362332876,7.645067520836939,98.75638628095214,0.6371819650396594,0.0,0.08,0.1
1992-04-04 12:00:00,1992,4,4,12,702388800,35.73943511317891,5.96441094510783,97.90070679655605,19.835287165655817,0.0,0.08,0.1
1992-04-04 18:00:00,1992,4,4,18,702410400,28.08983406291462,7.186782903722049,98.58187757918624,0.0577390351794699,0.0,0.08,0.1
1992-04-05 00:00:00,1992,4,5,0,702432000,24.257183916310414,7.527044712925562,98.4649611348788,0.5909637730875669,0.0,0.08,0.1
1992-04-05 06:00:00,1992,4,5,6,702453600,28.541441405962853,5.21850738206838,98.21555973038205,0.05162082322059969,0.0,0.08,0.1
1992-04-05 12:00:00,1992,4,5,12,702475200,32.466983104499256,7.484489585344259,99.02019330780823,20.087398350369103,0.0,0.08,0.1
1992-04-05 18:00:00,1992,4,5,18,702496800,29.37534917844589,5.20929649873892,97.83728001939936,0.9509771092909028,0.0,0.08,0.1
1992-04-06 00:00:00,1992,4,6,0,702518400,21.56657460255502,5.150736163989992,98.67436531497603,0.02008312478240626,0.0,0.08,0.1
1992-04-06 06:00:00,1992,4,6,6,702540000,28.841724751261193,5.4119314837854935,98.48112280558303,0.36616238143608604,0.0,0.08,0.1
1992-04-06 12:00:00,1992,4,6,12,702561600,32.86105463762934,7.785298350850847,98.81587462074582,19.923963875132962,0.0,0.08,0.1
1992-04-06 18:00:00,1992,4,6,18,702583200,25.99495948596351,4.999712329533412,99.06589139178712,0.766994088242777,0.0,0.08,0.1
1992-04-07 00:00:00,1992,4,7,0,702604800,22.142797816844272,5.981797510012016,98.38402757576708,0.19180840344114014,0.0,0.08,0.1
1992-04-07 06:00:00,1992,4,7,6,702626400,27.42812955296987,5.083816658351987,98.28557061919881,0.9072983797354617,0.0,0.08,0.1
1992-04-07 12:00:00,1992,4,7,12,702648000,30.95722026145134,6.531401178089141,98.46755522579167,20.29760585386636,0.0,0.08,0.1
1992-04-07 18:00:00,1992,4,7,18,702669600,27.68997256508138,5.861217932507735,98.08929073124368,0.11780457231358626,0.0,0.08,0.1
1992-04-08 00:00:00,1992,4,8,0,702691200,20.650059558901276,7.219022544456413,97.83866045824199,0.8034609050452137,0.0,0.08,0.1
1992-04-08 06:00:00,1992,4,8,6,702712800,29.663058089601652,5.680918199399665,98.03527661069535,0.9460422033556226,0.0,0.08,0.1
1992-04-08 12:00:00,1992,4,8,12,702734400,33.16277831796337,5.268943410337501,97.9745849541153,19.78684613106318,0.0,0.08,0.1
1992-04-08 18:00:00,1992,4,8,18,702756000,28.106010716857764,5.369362344326925,98.38262085687143,0.6922719184135343,0.0,0.08,0.1
1992-04-09 00:00:00,1992,4,9,0,702777600,21.09942606980034,5.4754791547876644,98.13377636622823,0.7791909474940778,0.0,0.08,0.1
1992-04-09 06:00:00,1992,4,9,6,702799200,27.548051048750303,7.192059611483864,98.67708616006088,0.6945008928145262,0.0,0.08,0.1
1992-04-09 12:00:00,1992,4,9,12,702820800,36.524623646070914,8.330310521570048,98.34334533575878,20.476039398298095,0.0,0.08142055357477883,0.1
1992-04-09 18:00:00,1992,4,9,18,702842400,29.437150318354533,5.798954089323407,98.16059323135802,0.6652109903732619,0.0,0.08,0.1
1992-04-10 00:00:00,1992,4,10,0,702864000,22.317117724276116,6.702779049114036,98.63700233722112,0.3549891858883354,0.0,0.09043440509567918,0.1
1992-04-10 06:00:00,1992,4,10,6,702885600,30.669193526095814,5.006723767743391,98.27090557947207,0.47686954091842215,0.0,0.08,0.1
1992-04-10 12:00:00,1992,4,10,12,702907200,36.335861072765866,6.41278631300428,98.36238224646483,19.92439154770922,0.0,0.08,0.1
1992-04-10 18:00:00,1992,4,10,18,702928800,27.594411545292047,9.009113034232822,98.4554644139851,0.1390665578528036,0.0,0.08,0.1
1992-04-11 00:00:00,1992,4,11,0,702950400,21.99852612602531,8.347592274195343,98.6035309978996,0.34570435301009583,0.0,0.09274208504078316,0.1
1992-04-11 06:00:00,1992,4,11,6,702972000,29.463498416662137,7.843276350156877,98.28421365293062,0.4960703654610674,0.0,0.08003597129152625,0.1
1992-04-11 12:00:00,1992,4,11,12,702993600,36.993012838155,5.724735408592197,98.68936938748098,20.1981811464986,0.0,0.08,0.1
1992-04-11 18:00:00,1992,4,11,18,703015200,30.537787980104007,7.406534341299108,98.3423878917292,0.33996717385904784,0.0,0.08,0.1
1992-04-12 00:00:00,1992,4,12,0,703036800,24.16244293287056,4.987484261039156,98.45693212417136,0.27605264176243827,0.0,0.08673877685189899,0.1
1992-04-12 06:00:00,1992,4,12,6,703058400,31.523370677391057,5.7005862781004835,98.28022611476277,0.541444843407646,0.0,0.08297657061286742,0.1
1992-04-12 12:00:00,1992,4,12,12,703080000,34.2719569227652,7.487748655367913,98.00488675361433,20.00651247502642,0.0,0.08,0.1
1992-04-12 18:00:00,1992,4,12,18,703101600,29.791036291056006,7.406314634060761,98.20668902096912,0.9892911884160362,0.0,0.08,0.1
1992-04-13 00:00:00,1992,4,13,0,703123200,25.341281343676563,12.889462491117047,98.32407257254752,0.3379994175531579,10.140156803192825,0.1496573975784897,0.1
1992-04-13 06:00:00,1992,4,13,6,703144800,26.005933511269344,5.044632102778927,97.88436606241096,0.9760423710967073,0.0,0.0956052596997086,0.1
1992-04-13 12:00:00,1992,4,13,12,703166400,33.93933018516935,5.845948010431808,98.2088574718626,20.848149236352512,0.0,0.08,0.1
1992-04-13 18:00:00,1992,4,13,18,703188000,29.308948455135717,5.404666514850486,98.40461804956259,0.7109298218483344,0.0,0.08,0.1
1992-04-14 00:00:00,1992,4,14,0,703209600,23.023765815399855,5.5422489188114366,97.75643064253424,0.02470845797859944,0.0,0.08,0.1
1992-04-14 06:00:00,1992,4,14,6,703231200,29.559457410977895,5.490250013206378,98.99570597112866,0.5152451544295047,0.0,0.08,0.1
1992-04-14 12:00:00,1992,4,14,12,703252800,32.566399381163116,5.355934728144403,98.0867122403741,20.529916512180115,0.0,0.08,0.1
1992-04-14 18:00:00,1992,4,14,18,703274400,29.51699111179087,5.572161472941305,98.42780328227262,0.4766835058911576,0.0,0.08,0.1
1992-04-15 00:00:00,1992,4,15,0,703296000,24.732095052853488,5.316685167683279,98.04641323931973,0.2762287025897906,0.0,0.08,0.1
1992-04-15 06:00:00,1992,4,15,6,703317600,28.061010133332825,5.100408688055325,98.02759832441335,0.37768819786407315,0.0,0.08285253727823602,0.1
1992-04-15 12:00:00,1992,4,15,12,703339200,33.58362138132923,6.28207969121898,97.80531369787018,20.813128727553437,0.0,0.10463835871398178,0.1
1992-04-15 18:00:00,1992,4,15,18,703360800,27.22843443573703,6.922340116009499,98.26271579255584,0.5448361533816438,0.0,0.1025817636727772,0.1
1992-04-16 00:00:00,1992,4,16,0,703382400,23.63854039510817,5.0746792460034955,97.99763326853565,0.11032790486735511,0.0,0.08,0.1
1992-04-16 06:00:00,1992,4,16,6,703404000,29.413423848930563,6.334612840133444,98.11164811820817,0.09897962952891914,0.0,0.11346546793960954,0.1
1992-04-16 12:00:00,1992,4,16,12,703425600,35.444329433799254,5.969590378663687,98.22453285927917,20.217445854926464,0.0,0.09564805126096478,0.1
1992-04-16 18:00:00,1992,4,16,18,703447200,33.2389752742797,5.733597943541469,98.25153675706369,0.32854822770205044,0.0,0.08,0.1
1992-04-17 00:00:00,1992,4,17,0,703468800,24.307000397150645,9.476877111582237,98.12181330592766,0.06870026124941819,0.0,0.08,0.1
1992-04-17 06:00:00,1992,4,17,6,703490400,27.182055043219968,5.210786228698562,97.89819599694891,0.7980887339781967,0.0,0.08340420326569432,0.1
1992-04-17 12:00:00,1992,4,17,12,703512000,35.052816833555134,7.3128430767755,98.2475016767995,20.73650205965368,0.0,0.08232669051457167,0.1
1992-04-17 18:00:00,1992,4,17,18,703533600,30.374527240236873,4.984383618699742,98.52454458124417,0.45651593767556703,3.775170551014982,0.118913537230835,0.1
1992-04-18 00:00:00,1992,4,18,0,703555200,26.391665298431292,5.433218157813812,98.3547775108841,0.1514165758431848,0.0,0.08,0.1
1992-04-18 06:00:00,1992,4,18,6,703576800,27.823453019686784,5.458240424950368,98.14479288140252,0.19251153507752805,0.0,0.08,0.1
1992-04-18 12:00:00,1992,4,18,12,703598400,39.32262636889203,5.09077486756923,98.29077144256277,21.059974478691885,0.0,0.0802922994915948,0.1
1992-04-18 18:00:00,1992,4,18,18,703620000,30.150399938098477,5.661728272479759,97.93946142904855,0.6331635268556426,0.0,0.10601396305314102,0.1
1992-04-19 00:00:00,1992,4,19,0,703641600,26.182316912485845,8.550854835879708,98.4788641452387,0.7827512807007688,0.0,0.08,0.1
1992-04-19 06:00:00,1992,4,19,6,703663200,30.646576771143224,5.607530379945071,98.01611075791898,0.4666891788879137,8.359962639897523,0.17279350403728289,0.1
1992-04-19 12:00:00,1992,4,19,12,703684800,36.73532605574842,7.013421839127486,97.75649091131118,20.45167677447238,5.615444377385897,0.14094373417803374,0.1
1992-04-19 18:00:00,1992,4,19,18,703706400,32.54586888754687,6.47460984488537,97.85767732374157,0.5310346446967203,0.0,0.08126505000904097,0.1
1992-04-20 00:00:00,1992,4,20,0,703728000,25.980543052665656,6.26598245808224,98.10888829236144,0.6680002025955469,0.0,0.08,0.1
1992-04-20 06:00:00,1992,4,20,6,703749600,32.025916010540016,5.2805174963476045,98.18099518305833,0.2619228130573463,2.18946694775072,0.10168261437921168,0.1
1992-04-20 12:00:00,1992,4,20,12,703771200,33.33295425601724,7.340653965873858,97.2973817102881,20.906140672207815,0.0,0.08,0.1
1992-04-20 18:00:00,1992,4,20,18,703792800,28.821012576572624,6.379636411497621,97.85669617272443,0.07517870335679784,0.0,0.08995289919825691,0.1
1992-04-21 00:00:00,1992,4,21,0,703814400,27.301431964900313,5.661704453946776,97.87420607144698,0.15914715221427744,0.0,0.09416611229289334,0.1
1992-04-21 06:00:00,1992,4,21,6,703836000,28.387150724222508,6.495881343728817,98.33482490424251,0.9704700965524512,0.0,0.09852061459288099,0.1
1992-04-21 12:00:00,1992,4,21,12,703857600,33.34510487706583,10.001533657989972,98.2331339057543,21.02962376970662,0.0,0.09957388248891928,0.1
1992-04-21 18:00:00,1992,4,21,18,703879200,31.35608173005938,7.714705034150018,97.73000649370674,0.8463171173515214,0.0,0.08,0.1
1992-04-22 00:00:00,1992,4,22,0,703900800,27.674880778264864,7.762125317456567,98.34827910003688,0.6611705960196451,0.0,0.08800541329998407,0.1
1992-04-22 06:00:00,1992,4,22,6,703922400,29.915500883447617,4.995504763790608,98.14528949897017,0.46463851785619115,8.01197628132477,0.17811472132463074,0.1
1992-04-22 12:00:00,1992,4,22,12,703944000,34.66495135776148,10.341971355521977,98.19918111778298,20.84462875050033,0.0,0.10116143874664968,0.1
1992-04-22 18:00:00,1992,4,22,18,703965600,30.35115679893496,5.263388672733631,98.20662279844899,0.5336400838497835,0.0,0.08,0.1
1992-04-23 00:00:00,1992,4,23,0,703987200,25.52807826405899,6.8294720424656425,98.39200095048801,0.3650061925767094,0.0,0.08,0.1
1992-04-23 06:00:00,1992,4,23,6,704008800,31.051659062738384,6.653888088323086,98.23462671682739,0.005507642634461241,0.0,0.10274170593837223,0.1
1992-04-23 12:00:00,1992,4,23,12,704030400,35.33775063631607,5.858889733524018,97.64508239513819,21.62871935173775,0.0,0.08,0.1
1992-04-23 18:00:00,1992,4,23,18,704052000,28.523954787378262,5.923067223429357,97.998105661886,0.48417326349766354,0.0,0.08,0.1
1992-04-24 00:00:00,1992,4,24,0,704073600,25.96349135527948,11.76888343246485,98.25653035860998,0.49393818931808364,0.0,0.12421794623235652,0.1
1992-04-24 06:00:00,1992,4,24,6,704095200,28.16661882002688,5.220819881245407,97.84249038910991,0.7295564376197283,0.0,0.10883747706100128,0.1
1992-04-24 12:00:00,1992,4,24,12,704116800,33.18170323031712,5.324121832929975,98.15505846222376,20.878804550404983,0.0,0.0980911375308923,0.1
1992-04-24 18:00:00,1992,4,24,18,704138400,29.44471334147073,7.315578503850049,97.38109434600115,0.712991018271366,0.0,0.08833899466250139,0.1
1992-04-25 00:00:00,1992,4,25,0,704160000,27.974852007694324,5.0603218852002385,98.01828507986501,0.05407602695563618,0.0,0.08,0.1
1992-04-25 06:00:00,1992,4,25,6,704181600,32.69873422677302,5.026537063907997,97.81836099914773,0.7031034708250986,0.0,0.08726947861751078,0.1
1992-04-25 12:00:00,1992,4,25,12,704203200,36.0348336117166,6.780399120581739,98.09637686731365,21.019480260051044,0.0,0.10023532162593783,0.1
1992-04-25 18:00:00,1992,4,25,18,704224800,31.4003384957767,10.357070024960212,98.21861135574974,0.8901133396916566,0.0,0.10127719757833926,0.1
1992-04-26 00:00:00,1992,4,26,0,704246400,24.611441319851558,6.611979147524206,97.56679128456152,0.7445759062113054,0.0,0.08,0.1
1992-04-26 06:00:00,1992,4,26,6,704268000,32.72023627401647,5.2250045308574125,97.99540280402184,0.017415450652672138,0.0,0.08,0.1
1992-04-26 12:00:00,1992,4,26,12,704289600,37.29277845835249,5.174557289287544,98.24201515305528,21.20513573964668,0.0,0.09107665702249465,0.1
1992-04-26 18:00:00,1992,4,26,18,704311200,30.207108685661748,6.323919165246578,98.0938902473481,0.4353843483733787,0.0,0.10559836525139155,0.1
1992-04-27 00:00:00,1992,4,27,0,704332800,26.038946603927982,7.135519419469784,97.93858306346185,0.7795088991194262,0.0,0.10405151647502493,0.1
1992-04-27 06:00:00,1992,4,27,6,704354400,29.55491359732495,5.217723587838071,97.76563770375022,0.6116367931986237,0.0,0.09448555011565252,0.1
1992-04-27 12:00:00,1992,4,27,12,704376000,35.5828328333895,7.281333902265118,98.46111631652515,21.5808501921662,0.0,0.11258833694244516,0.1
1992-04-27 18:00:00,1992,4,27,18,704397600,31.58574009733385,6.256483436163256,97.81629819321628,0.46703034536072574,0.0,0.0977824313121182,0.1
1992-04-28 00:00:00,1992,4,28,0,704419200,25.61086723282495,5.1748696127306575,98.29766560700739,0.6376313819867675,0.0,0.1162173595997604,0.1
1992-04-28 06:00:00,1992,4,28,6,704440800,28.073480751266167,5.942440094860064,97.8806009354602,0.8601743244803222,0.0,0.08759336672266357,0.1
1992-04-28 12:00:00,1992,4,28,12,704462400,36.52192324496886,5.80206200245109,98.41919192713394,21.572617117941036,0.0,0.0940972684696078,0.1
1992-04-28 18:00:00,1992,4,28,18,704484000,31.441857391794013,5.606940919212815,98.06352290309115,0.8867134335286576,0.0,0.08,0.1
1992-04-29 00:00:00,1992,4,29,0,704505600,24.098199139225276,4.945610310960138,97.95929438365812,0.3271669660072489,0.0,0.11939158995416349,0.1
1992-04-29 06:00:00,1992,4,29,6,704527200,30.25733625265864,6.029499198715526,97.99634258006475,0.8719982360265394,0.0,0.09855624532507945,0.10359357174856783
1992-04-29 12:00:00,1992,4,29,12,704548800,37.17749432882556,6.63362638884113,98.36992730182203,21.743148062354514,0.0,0.11943155947728201,0.12050851305356831
1992-04-29 18:00:00,1992,4,29,18,704570400,29.382931103009074,7.9341716443256765,97.72282202651628,0.7168331951968763,0.0,0.09947959408824068,0.1
1992-04-30 00:00:00,1992,4,30,0,704592000,26.470249142763098,8.995695355636006,98.6977450776015,0.2041226152682849,0.0,0.08,0.11031260825602515
1992-04-30 06:00:00,1992,4,30,6,704613600,33.29732109533158,5.618770087510017,97.70576371071401,0.8636374801458477,0.0,0.1296780434181552,0.1
1992-04-30 12:00:00,1992,4,30,12,704635200,36.286374207903705,5.973170641706477,98.10627491157578,21.239975307860238,0.0,0.1276892638624876,0.10571192301933122
1992-04-30 18:00:00,1992,4,30,18,704656800,31.49360357950999,5.733064439291446,98.12176254076988,0.04429337688525696,0.0,0.11140722587570248,0.1
1992-05-01 00:00:00,1992,5,1,0,704678400,25.456193933500302,5.0472191372130535,97.67716576370981,0.8371544128186648,0.0,0.10914602554340753,0.1
1992-05-01 06:00:00,1992,5,1,6,704700000,29.663771862046648,5.37613729224952,97.88059983795756,0.47518572130974845,0.0,0.0835041119220327,0.1
1992-05-01 12:00:00,1992,5,1,12,704721600,34.9037166890891,5.016492671628258,98.35485175093028,21.51974877781536,0.0,0.1541126446553558,0.1
1992-05-01 18:00:00,1992,5,1,18,704743200,33.006014596598035,5.450396245709347,98.00472601267074,0.3704118601393355,3.910528413753775,0.12291356454103547,0.1
1992-05-02 00:00:00,1992,5,2,0,704764800,28.724145713634314,8.667946623333542,97.61916683377595,0.680893162185475,0.0,0.11573695794951451,0.1
1992-05-02 06:00:00,1992,5,2,6,704786400,29.541349887179464,7.317933281985249,97.54029616522068,0.8528502370554397,0.0,0.10381914372391327,0.1
1992-05-02 12:00:00,1992,5,2,12,704808000,34.97449595832737,5.487492083781774,98.22679583127105,21.488466485985935,0.0,0.09142750658072327,0.1
1992-05-02 18:00:00,1992,5,2,18,704829600,30.890441734509228,4.936056261793558,97.97036114873141,0.7960503433485074,0.0,0.08834360305599476,0.1
1992-05-03 00:00:00,1992,5,3,0,704851200,26.17085565063068,7.356180173534456,98.0377226900076,0.004057631851139165,0.0,0.10740399042574346,0.1
1992-05-03 06:00:00,1992,5,3,6,704872800,34.90928194270658,6.435678845889911,97.62666601486251,0.5444682826032055,0.0,0.08,0.1
1992-05-03 12:00:00,1992,5,3,12,704894400,36.64525859382018,6.023523330134144,97.96770994728266,22.313025984384165,0.0,0.08926060633238461,0.1
1992-05-03 18:00:00,1992,5,3,18,704916000,30.491366708218546,5.411702648476801,98.27500915632297,0.06082523082604891,0.0,0.11435703110099146,0.1
1992-05-04 00:00:00,1992,5,4,0,704937600,27.722807332435185,5.220287552848615,98.26612041718352,0.6487859783404293,0.0,0.10340043907933635,0.1
1992-05-04 06:00:00,1992,5,4,6,704959200,30.4941440702529,10.248730356122529,98.36699674443719,0.3540323996630078,0.0,0.1373786944656703,0.1
1992-05-04 12:00:00,1992,5,4,12,704980800,36.67061453467483,7.620208775089357,97.75372783012568,21.919232928109473,0.0,0.14054474105472597,0.1
1992-05-04 18:00:00,1992,5,4,18,705002400,30.804779051560573,4.848988160103026,97.70863605788183,0.6118535380456614,0.0,0.08943623570148314,0.1
1992-05-05 00:00:00,1992,5,5,0,705024000,25.414843870779993,5.847734670715694,97.80818328752639,0.9895218655912165,0.0,0.12103867872103159,0.1
1992-05-05 06:00:00,1992,5,5,6,705045600,32.78428886970826,6.933417626652835,97.55673137947791,0.18663099851854625,0.0,0.0922266786272987,0.1
1992-05-05 12:00:00,1992,5,5,12,705067200,38.182524477219054,9.395031056271183,98.12399323400327,22.187109792518097,0.0,0.1324545203942755,0.1
1992-05-05 18:00:00,1992,5,5,18,705088800,33.5511340033361,5.031485874834514,98.06912906089725,0.24778556973162066,0.0,0.09448653075043728,0.1
1992-05-06 00:00:00,1992,5,6,0,705110400,23.88451216220031,5.052888462387328,97.71691757944204,0.15905441977471435,7.32100158431656,0.20542953977747272,0.1
1992-05-06 06:00:00,1992,5,6,6,705132000,31.8461972356582,5.399155466698657,97.80317721793197,0.43680467249022004,0.0,0.12139015100318286,0.1
1992-05-06 12:00:00,1992,5,6,12,705153600,36.60324904338663,5.047420009002769,98.26169102963708,22.0194510304659,0.0,0.147610651837912,0.1
1992-05-06 18:00:00,1992,5,6,18,705175200,31.816040482564425,5.215946483637714,98.14429241342158,0.9116424068515436,0.0,0.10101987735503717,0.1
1992-05-07 00:00:00,1992,5,7,0,705196800,28.24287076909049,7.286730814020329,97.92522561080152,0.47669681974934286,0.0,0.13960380882856008,0.10167193370207056
1992-05-07 06:00:00,1992,5,7,6,705218400,32.01267749848694,5.046058463958059,97.74134731922894,0.3465029025701927,0.0,0.13319167842278928,0.1
1992-05-07 12:00:00,1992,5,7,12,705240000,33.82393077553769,6.011052450437758,98.08285023739326,22.033500013489967,0.0,0.12897488914858823,0.1
1992-05-07 18:00:00,1992,5,7,18,705261600,33.83888340568316,5.883236850657733,98.3383017241136,0.6832138360299602,0.0,0.109107276559161,0.1
1992-05-08 00:00:00,1992,5,8,0,705283200,25.42343887692872,5.695189446129019,97.82412164140466,0.3026186884761324,0.0,0.1295461669861197,0.11203697098187221
1992-05-08 06:00:00,1992,5,8,6,705304800,29.400010484473597,4.755623487299495,97.6964871916017,0.4901766030319963,0.0,0.14018401455225624,0.12530309237536338
1992-05-08 12:00:00,1992,5,8,12,705326400,37.212341594769846,5.790203967373315,97.82434257341619,21.7836293325774,0.0,0.1131838399460192,0.1
1992-05-08 18:00:00,1992,5,8,18,705348000,30.4754924205155,6.13715370732377,97.84769627514987,0.3863642594915213,0.0,0.13435993681332675,0.11779242322259142
1992-05-09 00:00:00,1992,5,9,0,705369600,26.422010994045728,5.952738985701223,97.16639079697204,0.7025886054944324,0.0,0.15019200257919485,0.1
1992-05-09 06:00:00,1992,5,9,6,705391200,34.25712471864386,5.215388967291334,97.74164079106953,0.34199077859949145,0.0,0.14706157186115637,0.1
1992-05-09 12:00:00,1992,5,9,12,705412800,36.68846426137591,6.238079526368219,97.81953567759754,21.797865125623368,0.0,0.11927539156544675,0.1
1992-05-09 18:00:00,1992,5,9,18,705434400,30.83643053897327,4.937191539428191,97.75447704815758,0.5887598285408673,0.0,0.0885107506904132,0.1
1992-05-10 00:00:00,1992,5,10,0,705456000,30.03015231527048,4.698767686245299,98.0771207679566,0.522997035742726,0.0,0.1568369889854308,0.1
1992-05-10 06:00:00,1992,5,10,6,705477600,30.319056554649933,5.454196868731033,97.93326727330522,0.2821009402852642,0.0,0.12022314506850255,0.12356218034276811
1992-05-10 12:00:00,1992,5,10,12,705499200,37.50231855018603,8.398587153801508,98.20587886378993,22.0659220090453,0.0,0.09846831685843295,0.1046568372739568
1992-05-10 18:00:00,1992,5,10,18,705520800,33.65896239354836,6.451557296462996,98.04672468606117,0.6745803440988771,13.43469362196851,0.2459100277952671,0.14433065099421938
1992-05-11 00:00:00,1992,5,11,0,705542400,29.71930664518509,5.442995940751279,98.56336519037666,0.029179645755242123,0.0,0.1488169773694153,0.1
1992-05-11 06:00:00,1992,5,11,6,705564000,33.852620646393795,7.346420169128115,98.41903329774529,0.1182283708961488,0.0,0.14789653639598282,0.1
1992-05-11 12:00:00,1992,5,11,12,705585600,37.449700025899595,5.209767591913615,97.7547100186035,22.108119512069553,0.0,0.09366541242120349,0.1
1992-05-11 18:00:00,1992,5,11,18,705607200,32.27921548354872,4.6939850570629815,97.63583837700261,0.3557368939247062,0.0,0.12534096560643965,0.1
1992-05-12 00:00:00,1992,5,12,0,705628800,28.041555211397156,5.573214645904724,97.53486453368426,0.10839397569885201,0.0,0.1258873049405709,0.11739381581880004
1992-05-12 06:00:00,1992,5,12,6,705650400,33.73796538269843,5.188413842053106,97.47858460105826,0.2934103774844553,0.0,0.10723112322196733,0.11015529643663163
1992-05-12 12:00:00,1992,5,12,12,705672000,36.46325448820624,5.6079085945496905,98.12607306167374,22.213823751679225,0.0,0.1356487459468389,0.1
1992-05-12 18:00:00,1992,5,12,18,705693600,32.31744350853272,5.411344772132616,98.04167136704004,0.1526625538986676,0.0,0.14424073623885034,0.10646400184322338
1992-05-13 00:00:00,1992,5,13,0,705715200,27.044310470383646,6.69381037164435,98.85264799026218,0.7050976582748516,0.0,0.11569371160854236,0.12755803268667845
1992-05-13 06:00:00,1992,5,13,6,705736800,34.57420045318422,6.194592096511586,97.40520348049486,0.1816922536137846,0.0,0.12761932094895606,0.1
1992-05-13 12:00:00,1992,5,13,12,705758400,37.203530652004055,6.862982840456747,97.82448846874017,22.787694154603795,0.0,0.1366731986637487,0.1
1992-05-13 18:00:00,1992,5,13,18,705780000,33.32972441410305,7.086489796770194,98.02263815256286,0.5242021594300804,0.0,0.1515990339694194,0.14740804346511702
1992-05-14 00:00:00,1992,5,14,0,705801600,28.508229377063163,6.754685105103337,98.2116639615138,0.8777582620677526,0.0,0.1067745514095114,0.1
1992-05-14 06:00:00,1992,5,14,6,705823200,31.793301319084243,6.157300779943782,97.55452521611674,0.05963239005286691,0.0,0.1486416449475449,0.14439664815573722
1992-05-14 12:00:00,1992,5,14,12,705844800,37.82843521582121,6.148649976693234,97.48268171439203,22.24455558483428,0.0,0.14651765097048333,0.1
1992-05-14 18:00:00,1992,5,14,18,705866400,31.360159841217314,7.089370356229621,97.83395667723065,0.8553961070012693,0.0,0.1322633687850579,0.1
1992-05-15 00:00:00,1992,5,15,0,705888000,24.067453345950046,5.395462355967418,97.40716965605506,0.22662714127715045,0.0,0.13029781427510184,0.12705053716600953
1992-05-15 06:00:00,1992,5,15,6,705909600,33.97627400221844,6.337171981822639,97.96311558142222,0.49159763056053407,0.0,0.15371575661767975,0.12750809758498016
1992-05-15 12:00:00,1992,5,15,12,705931200,38.80813194544688,5.0529373686954955,97.50388393926188,22.20545951559469,0.0,0.15946646945359805,0.10075552139197462
1992-05-15 18:00:00,1992,5,15,18,705952800,31.860649096868883,5.059117480104635,96.91767775336922,0.3170138925496144,0.0,0.14293168345707083,0.10480740964541882
1992-05-16 00:00:00,1992,5,16,0,705974400,27.60069699214408,4.823886911637788,97.68659554841089,0.025965743321845758,0.0,0.16369903393009705,0.13129133423778816
1992-05-16 06:00:00,1992,5,16,6,705996000,32.647286792730455,5.233190637696419,97.86912019242324,0.3229272178655165,0.0,0.14144592985352236,0.1
1992-05-16 12:00:00,1992,5,16,12,706017600,35.5543317182962,4.5956288906372444,97.9451779120442,22.932495541188267,0.0,0.14998261175723543,0.14005814074987394
1992-05-16 18:00:00,1992,5,16,18,706039200,30.616680447790845,5.141945421456384,97.29916481755676,0.7379221152286547,0.0,0.18889511806535864,0.1
1992-05-17 00:00:00,1992,5,17,0,706060800,24.89709102261906,5.453902778151782,98.30648323944695,0.34793322272354255,0.0,0.13269512414570558,0.17569175255115077
1992-05-17 06:00:00,1992,5,17,6,706082400,31.468425995362985,5.2386109517282735,97.80330410679743,0.9856336902823609,0.0,0.1609902605612344,0.13371589665794686
1992-05-17 12:00:00,1992,5,17,12,706104000,36.22978403070678,5.6626640654529,97.84999965592718,22.47390198864948,0.0,0.1274014869147318,0.16003158797144262
1992-05-17 18:00:00,1992,5,17,18,706125600,32.93367157650275,4.730019459993142,97.71002635706887,0.8206231612343884,0.0,0.1364291227688582,0.15869539418283363
1992-05-18 00:00:00,1992,5,18,0,706147200,30.097260582611344,6.727027828590408,96.97112316343335,0.3083823515538866,4.5777986038684135,0.22155924375403713,0.11811235364540748
1992-05-18 06:00:00,1992,5,18,6,706168800,32.74214725124093,6.633637498823919,97.67553469746593,0.832910694025557,0.0,0.1499953950539121,0.12075967406553373
1992-05-18 12:00:00,1992,5,18,12,706190400,37.27372884759357,6.1004977348386795,97.95293125789449,22.61497767603963,0.0,0.15966218444449612,0.12721425571251385
1992-05-18 18:00:00,1992,5,18,18,706212000,35.035496340257595,9.320963801659778,97.2980786477685,0.6339580815349039,0.0,0.1219972520251371,0.12308876243996421
1992-05-19 00:00:00,1992,5,19,0,706233600,29.14996019368328,7.369987148666712,98.05322736837618,0.9575761057893488,0.0,0.1654623927138411,0.11984699105759453
1992-05-19 06:00:00,1992,5,19,6,706255200,32.522208975731274,5.60405475919488,97.7534589008667,0.8451346768439024,0.0,0.15773847195695784,0.1
1992-05-19 12:00:00,1992,5,19,12,706276800,38.74047162334827,5.304497711605337,97.80936564844659,22.611332700365637,0.0,0.1492255993727085,0.12728986309735815
1992-05-19 18:00:00,1992,5,19,18,706298400,33.933648158734634,6.169727731336016,97.67111529049419,0.39741479688558606,0.0,0.17233325934610033,0.1
1992-05-20 00:00:00,1992,5,20,0,706320000,26.327681646058736,7.652997404995761,97.63170640645497,0.7421954322861496,0.0,0.1687368525688967,0.11098749145822545
1992-05-20 06:00:00,1992,5,20,6,706341600,32.060756875949956,10.714971990635508,97.84368038882022,0.9212743834465682,0.0,0.19024559491720583,0.1
1992-05-20 12:00:00,1992,5,20,12,706363200,38.67660545298368,4.750352941056675,97.55699912708143,22.963492812712477,0.0,0.19740911991882107,0.13641996348967278
1992-05-20 18:00:00,1992,5,20,18,706384800,31.010293800634958,6.970209388671073,97.81442176431895,0.7547518590181447,0.0,0.13897443883584343,0.11369763687968998
1992-05-21 00:00:00,1992,5,21,0,706406400,29.46729802828436,4.565191626768132,97.77813342784022,0.6282871673769075,0.0,0.11100442097598592,0.17493201096332198
1992-05-21 06:00:00,1992,5,21,6,706428000,32.0781835257219,5.180074600763602,97.88273164224812,0.7457311896183333,0.0,0.11906800908850092,0.16984187460209374
1992-05-21 12:00:00,1992,5,21,12,706449600,38.444797104469934,5.87320949364093,97.84523455048743,22.78746869412802,0.0,0.12227576793407186,0.1
1992-05-21 18:00:00,1992,5,21,18,706471200,32.07330034496851,6.7157451330508025,97.37743586875904,0.20946957860587032,0.0,0.13844910668012472,0.11318672828796289
1992-05-22 00:00:00,1992,5,22,0,706492800,30.273560390614303,8.61913791879674,98.08863710693214,0.9214117223644462,0.0,0.1568616483150223,0.18002904009315807
1992-05-22 06:00:00,1992,5,22,6,706514400,33.03767987103342,5.356265986117743,97.86600206989418,0.2203000702143827,0.0,0.1312295197701089,0.10793096685924375
1992-05-22 12:00:00,1992,5,22,12,706536000,38.522714170427605,7.6901789134647505,97.7617780339275,22.417178856738943,0.0,0.2034085540160031,0.1690058627257781
1992-05-22 18:00:00,1992,5,22,18,706557600,36.127902664182606,4.972257740960148,98.18284021886292,0.1986740313620646,0.0,0.1513046455525333,0.17617312191523687
1992-05-23 00:00:00,1992,5,23,0,706579200,27.79856766484511,4.7252385336754985,97.60308427432972,0.4720899203021345,0.0,0.16073788848898168,0.17561569385846687
1992-05-23 06:00:00,1992,5,23,6,706600800,34.31216520982709,4.6273558709050615,97.2678255732717,0.16849619883195577,0.0,0.16305900719261587,0.1304483978206788
1992-05-23 12:00:00,1992,5,23,12,706622400,38.88465395051834,8.746421083968183,98.04508189948729,22.823353837395782,0.0,0.1566996356038547,0.11517761376571042
1992-05-23 18:00:00,1992,5,23,18,706644000,34.654961855472,4.734351911750584,97.74666092366823,0.5871776893871758,0.0,0.1639032318944439,0.17165542717332208
1992-05-24 00:00:00,1992,5,24,0,706665600,31.099132168436633,7.173088891652322,97.99656746876175,0.7152506622830758,0.0,0.13492943522020434,0.18035051091607873
1992-05-24 06:00:00,1992,5,24,6,706687200,33.31048988320727,6.370433958952985,97.99773731033602,0.5768399537753167,0.0,0.1464751547465814,0.1622636169404596
1992-05-24 12:00:00,1992,5,24,12,706708800,41.24413048107736,5.534283817689066,97.90457212401445,22.8720545796417,0.0,0.1703702378550203,0.12028256662994817
1992-05-24 18:00:00,1992,5,24,18,706730400,32.2078131694813,5.795392268878871,97.93403031200785,0.3503089636984811,0.0,0.16413293944820687,0.2202248063011819
1992-05-25 00:00:00,1992,5,25,0,706752000,25.846796660655762,4.563610140919333,97.43827286579133,0.6550100485469782,0.0,0.15875164904483827,0.1521824236672435
1992-05-25 06:00:00,1992,5,25,6,706773600,31.51638489765115,6.471456034862092,97.8863197687875,0.6889211101734287,0.0,0.17467192626807196,0.17225115513274492
1992-05-25 12:00:00,1992,5,25,12,706795200,37.8982513635522,5.778343697484158,97.93178673418778,23.237139562575997,0.0,0.13052278637355852,0.2170755792267395
1992-05-25 18:00:00,1992,5,25,18,706816800,36.79078120810582,5.197754147151619,97.4372086701417,0.13999093616945898,0.0,0.16700506849710295,0.13309532778110794
1992-05-26 00:00:00,1992,5,26,0,706838400,29.627184225555396,5.048979996335868,97.84123916534095,0.9857498350711305,0.0,0.17257212055926738,0.2224046914131036
1992-05-26 06:00:00,1992,5,26,6,706860000,34.750154573809304,4.4051144974080945,98.04472244841138,0.30093769880059673,0.0,0.17695118022353265,0.14220923548598524
1992-05-26 12:00:00,1992,5,26,12,706881600,39.22180530264668,6.252962006129389,97.72124001739873,22.627902805792413,0.0,0.16104240102636339,0.11872706496668173
1992-05-26 18:00:00,1992,5,26,18,706903200,32.26485924570879,5.264314884736983,97.76981888909489,0.3644612837121438,0.0,0.1793761421205039,0.20270469694637389
1992-05-27 00:00:00,1992,5,27,0,706924800,28.806558608734317,7.9280675085472065,97.91855313090947,0.3191565782276743,0.0,0.16503490644401167,0.1848086312966784
1992-05-27 06:00:00,1992,5,27,6,706946400,32.52114396817004,4.72893003448767,97.3688269779614,0.6981647770462373,0.0,0.1824231978518444,0.15202975852588602
1992-05-27 12:00:00,1992,5,27,12,706968000,39.947310118650755,10.456296349964614,97.9509805005048,22.92424408413189,0.0,0.14549236580285363,0.1516388814224649
1992-05-27 18:00:00,1992,5,27,18,706989600,34.06415387853609,5.865074227314203,97.72788750791695,0.5718426636946732,0.0,0.16950587374167506,0.1785416817739154
1992-05-28 00:00:00,1992,5,28,0,707011200,26.49044072727234,4.684007170016119,97.74652638907034,0.9881037801957439,0.0,0.17613302542888293,0.163597475085292
1992-05-28 06:00:00,1992,5,28,6,707032800,33.27119038526421,4.461521572568344,97.60861518590121,0.13107415365661457,0.0,0.18304910906796173,0.2073158200567009
1992-05-28 12:00:00,1992,5,28,12,707054400,37.582112512512424,5.600473642431941,97.85208598460486,23.09521946003272,0.0,0.14656091738273255,0.1474671883211051
1992-05-28 18:00:00,1992,5,28,18,707076000,33.687360246238306,8.17614816840549,98.07216113806653,0.009658077411327952,37.99115746027235,0.48,0.22304838743678096
1992-05-29 00:00:00,1992,5,29,0,707097600,28.55830981166316,5.562894254294602,97.20892285861159,0.22232714007115595,0.0,0.16118380230710366,0.11088079711042335
1992-05-29 06:00:00,1992,5,29,6,707119200,31.146022163006137,8.712951666899132,97.72462327316349,0.6389672686862193,1.3643404083529085,0.19891827535286957,0.19456816471364707
1992-05-29 12:00:00,1992,5,29,12,707140800,37.23730004225213,4.891235058774159,97.4175912531087,22.670414753823888,7.617680070865526,0.28718204094199173,0.1219330513489772
1992-05-29 18:00:00,1992,5,29,18,707162400,34.437028580741185,8.527858537721357,97.4274205613315,0.06078359069154615,13.620762971103245,0.3338507576345214,0.1970288754141581
1992-05-30 00:00:00,1992,5,30,0,707184000,27.106337842140626,4.428491061171527,97.98366748551511,0.052923345023746626,14.05717525660444,0.3198577218824647,0.18032112435271522
1992-05-30 06:00:00,1992,5,30,6,707205600,32.82124195375164,5.075700096444464,97.42088051992005,0.701872382755024,0.0,0.1462162441846674,0.1667706742078239
1992-05-30 12:00:00,1992,5,30,12,707227200,38.565635325118244,5.71747820497257,97.49038620889543,23.254000696072513,0.0,0.18555303145124943,0.20009781122109008
1992-05-30 18:00:00,1992,5,30,18,707248800,32.5229848857176,4.7385651081360045,97.29645071024161,0.10352428535916658,12.088682581827323,0.29606567921826193,0.19476528327629813
1992-05-31 00:00:00,1992,5,31,0,707270400,27.184990630073983,5.2964339259023925,97.74409415471786,0.2666512924050386,0.0,0.16650756187912272,0.20683214729875002
1992-05-31 06:00:00,1992,5,31,6,707292000,33.29444857920063,5.293211911180662,97.95898158740218,0.003982802108784211,0.0,0.1965486660446468,0.23882107975911848
1992-05-31 12:00:00,1992,5,31,12,707313600,38.443178024847796,5.243657473283185,97.98441240973156,22.921726978864594,9.641030555873494,0.2878418149957512,0.18683413550325198
1992-05-31 18:00:00,1992,5,31,18,707335200,35.798619545280154,6.647414061606532,97.71866084853278,0.8129701687415357,0.0,0.1997326706583094,0.2067218997290822
1992-06-01 00:00:00,1992,6,1,0,707356800,29.133359244500106,4.473844396643796,97.28090479403467,0.34434294700632273,0.0,0.2048157657898091,0.18211161784994778
1992-06-01 06:00:00,1992,6,1,6,707378400,36.42963832757346,4.810371679825838,97.17886025859511,0.7840434245604094,0.0,0.15725359084523724,0.2243110526732041
1992-06-01 12:00:00,1992,6,1,12,707400000,38.66815489988978,5.916399129315948,97.79087305858005,22.76061460294418,0.0,0.1677037651138173,0.19087958836901017
1992-06-01 18:00:00,1992,6,1,18,707421600,30.23717339474362,4.553061094642893,98.24959374476359,0.2079666302103894,0.0,0.17905607619781044,0.2128422110831189
1992-06-02 00:00:00,1992,6,2,0,707443200,31.91229551538556,4.490869925284004,97.81575450796572,0.31441791461488755,0.0,0.18983747804410997,0.24392604724724293
1992-06-02 06:00:00,1992,6,2,6,707464800,29.289023795037387,5.451132822345093,98.01994319804139,0.5157532182387032,22.691545127079507,0.4287076375666846,0.20933380592279155
1992-06-02 12:00:00,1992,6,2,12,707486400,38.35031431339381,6.729817082600102,97.17169770422096,23.215372173346164,10.906801856749393,0.2968898857112712,0.18606721182613092
1992-06-02 18:00:00,1992,6,2,18,707508000,31.118474167892238,6.037418886119083,97.32202723359673,0.4507531681143081,5.277270563781321,0.25529479930066695,0.2121963475106538
1992-06-03 00:00:00,1992,6,3,0,707529600,27.780198954213898,6.201840376669919,97.56257328748181,0.6000444252292212,0.0,0.2127146766754443,0.22568348414734124
1992-06-03 06:00:00,1992,6,3,6,707551200,35.68213307331653,5.863466699723922,97.61505338132207,0.5336551665115151,0.0,0.2261772307982901,0.1959679988263312
1992-06-03 12:00:00,1992,6,3,12,707572800,36.8375491015176,7.01419263740277,97.58292689314796,22.994800845622045,0.0,0.17829280840867257,0.2062121592084242
1992-06-03 18:00:00,1992,6,3,18,707594400,32.641804956916026,4.5276635868096005,97.46756877429611,0.9039399551317955,12.82702473756285,0.35095907023615025,0.20063725813190286
1992-06-04 00:00:00,1992,6,4,0,707616000,29.797312727260774,5.15332666933103,98.08997818923311,0.7431364510804235,29.877065291281518,0.48,0.24050413969039802
1992-06-04 06:00:00,1992,6,4,6,707637600,34.80356483228577,4.618803769546126,97.68718559859815,0.6497691236869085,0.0,0.20926199203474094,0.15483347506833153
1992-06-04 12:00:00,1992,6,4,12,707659200,40.6885745792587,4.833383343814241,97.84037411738589,23.419837228848827,0.0,0.1895619026715555,0.1705509031314941
1992-06-04 18:00:00,1992,6,4,18,707680800,30.599971482778418,4.346476244443106,97.74181369220788,0.9779881604239187,0.0,0.16950449825208483,0.19817733241933766
1992-06-05 00:00:00,1992,6,5,0,707702400,29.38155783529861,5.818517653117425,97.32573805279107,0.9069493078351523,6.624933193624318,0.26582240216705505,0.23147834582533025
1992-06-05 06:00:00,1992,6,5,6,707724000,32.02723417192018,8.13523232525246,96.92220944616764,0.48938576002944467,0.0,0.22134111791522287,0.213773421854617
1992-06-05 12:00:00,1992,6,5,12,707745600,39.21650821573344,6.1906491020098064,97.28949389926082,23.088696453193315,15.595781150547374,0.34370247816237914,0.18120969811639628
1992-06-05 18:00:00,1992,6,5,18,707767200,33.38723758396553,4.856430680570144,97.45999179346396,0.6540884435580967,3.8439137052929357,0.21519870179939343,0.21880742641172224
1992-06-06 00:00:00,1992,6,6,0,707788800,29.77935321363855,4.901665403466179,97.74735308231581,0.5693925655343786,0.0,0.19649023838775984,0.2311922338884484
1992-06-06 06:00:00,1992,6,6,6,707810400,32.88786027887505,6.218386003861935,97.01500592628224,0.4335100657422285,9.012170319420408,0.2734798610777376,0.24789392114973857
1992-06-06 12:00:00,1992,6,6,12,707832000,39.307120603387055,4.878744357040312,97.26847230020098,23.719915010535736,0.0,0.17692858322144409,0.20839527569244234
1992-06-06 18:00:00,1992,6,6,18,707853600,31.9178571037806,4.5699109585236855,97.66952338961312,0.6683425925134331,0.0,0.21168625397125151,0.25627090628470955
1992-06-07 00:00:00,1992,6,7,0,707875200,31.44662009213581,6.23244228485741,98.21606795517053,0.5357049171429565,0.0,0.23621146449334696,0.21712737105677593
1992-06-07 06:00:00,1992,6,7,6,707896800,31.054628269622132,4.692545322416505,97.11628043486071,0.09009574329940984,0.0,0.1952014416561624,0.26967942681131135
1992-06-07 12:00:00,1992,6,7,12,707918400,41.93966295190826,5.811167171140592,97.20450487907878,23.25951431190958,0.0,0.1844289045354419,0.26499364166648126
1992-06-07 18:00:00,1992,6,7,18,707940000,32.029713650406165,8.033030649310955,97.99043689074422,0.9831159129543491,11.612918187028384,0.30142133297151047,0.24373982133593397
1992-06-08 00:00:00,1992,6,8,0,707961600,30.296772239314567,7.59207958127912,97.50917591824206,0.33504010759096436,0.0,0.18277129510147172,0.17378786459489592
1992-06-08 06:00:00,1992,6,8,6,707983200,34.09699103902745,5.133148360716733,97.88991108666401,0.7581377812729428,0.0,0.17491494597056687,0.23581007410511665
1992-06-08 12:00:00,1992,6,8,12,708004800,38.23887750406585,4.180031918075653,97.99317805277596,23.56909931135694,0.0,0.20595167840259526,0.2253952134423428
1992-06-08 18:00:00,1992,6,8,18,708026400,30.138425256781783,5.719149934344032,97.34321704458068,0.6415495644869891,4.893314500583047,0.23052026482566929,0.1854205151474234
1992-06-09 00:00:00,1992,6,9,0,708048000,29.42008387226789,6.256367005442749,98.0629988226314,0.7898198247862667,0.0,0.20885421342354504,0.26265279090337
1992-06-09 06:00:00,1992,6,9,6,708069600,34.903280814368934,4.448642190870998,97.45703359708813,0.6552851122614028,0.0,0.17880304850085985,0.218060999943372
1992-06-09 12:00:00,1992,6,9,12,708091200,41.77747013239347,6.933958475538343,98.09738789448508,23.5595977323095,7.3947649179000265,0.2661896764061888,0.25631057166376076
1992-06-09 18:00:00,1992,6,9,18,708112800,32.670915410324696,4.700600896989128,97.96996294078697,0.9088699474986995,0.0,0.19512784157343857,0.2632265279529609
1992-06-10 00:00:00,1992,6,10,0,708134400,28.583769309389407,6.384909658696487,97.76066161294446,0.1176331672141645,3.752707082606977,0.23349383186027398,0.2344295775630007
1992-06-10 06:00:00,1992,6,10,6,708156000,34.69776642509067,6.799643159422457,98.1327062501721,0.5999900691491303,0.0,0.18615170998542419,0.20042018432027275
1992-06-10 12:00:00,1992,6,10,12,708177600,38.63867355802181,6.187965477207504,97.84119640451402,23.189912337215958,0.0,0.20341709679700948,0.20677302895882638
1992-06-10 18:00:00,1992,6,10,18,708199200,33.96011860877517,5.231114386275388,97.74266869077113,0.7357841402597537,0.0,0.21176788708546168,0.23351307313707745
1992-06-11 00:00:00,1992,6,11,0,708220800,27.507445949309414,4.569845034998918,97.64975864708595,0.5880311846710718,0.0,0.16533088260539106,0.27308073552631285
1992-06-11 06:00:00,1992,6,11,6,708242400,34.12975714870512,6.213788986209106,98.06425768005502,0.12942185109505455,0.0,0.1961498925148327,0.2377240619216941
1992-06-11 12:00:00,1992,6,11,12,708264000,38.12593787609549,6.7348818659229615,97.09398753235335,23.620773723968718,2.2394579861322854,0.21941351180346985,0.21805020838321104
1992-06-11 18:00:00,1992,6,11,18,708285600,30.93542719381699,4.775571064012549,97.97930045896364,0.9281008764402582,0.0,0.16239229068937636,0.26389590487106485
1992-06-12 00:00:00,1992,6,12,0,708307200,27.98860247752217,4.094064428657231,97.89178204175732,0.23194374644066673,10.551119965446462,0.3126674915377105,0.24094697689912672
1992-06-12 06:00:00,1992,6,12,6,708328800,32.64210814233128,5.438733905113727,97.55914601246342,0.195617476595088,7.968946895672574,0.30477212713363244,0.29214877861829625
1992-06-12 12:00:00,1992,6,12,12,708350400,39.742772139146076,6.144605755083764,97.57754379525034,23.653278302844875,6.397946940032931,0.28727398486530153,0.25017519974985647
1992-06-12 18:00:00,1992,6,12,18,708372000,34.65283578986085,5.196812433582809,97.46200012269902,0.9093808946566603,3.9402769314614705,0.22422646313202363,0.2294552747678797
1992-06-13 00:00:00,1992,6,13,0,708393600,33.52896401710104,4.361037433813451,98.00175289913903,0.8678174346829626,7.63682168456969,0.3135336340502814,0.2721623939890175
1992-06-13 06:00:00,1992,6,13,6,708415200,35.49321239201629,4.283075279884819,97.17279155583358,0.38423349624681025,1.871512655859345,0.19986665738955334,0.2774181217584835
1992-06-13 12:00:00,1992,6,13,12,708436800,40.14348396084061,4.063566739775376,97.77586069015618,23.19447063984303,0.0,0.2444584412560952,0.24506837837230022
1992-06-13 18:00:00,1992,6,13,18,708458400,35.378599710996774,4.756036475330428,97.4082147404935,0.8394645762684441,2.7159502508099487,0.22573498081418247,0.22977305202548387
1992-06-14 00:00:00,1992,6,14,0,708480000,27.702426995652147,4.591712732543811,97.34514651813107,0.8821137997181535,5.6242048042091595,0.27585968578593983,0.2603842939178093
1992-06-14 06:00:00,1992,6,14,6,708501600,34.02511087973221,4.08990163965921,97.58268041739404,0.58992686650048,13.65285241895179,0.34055490123939175,0.24422023699114764
1992-06-14 12:00:00,1992,6,14,12,708523200,37.53943172975542,11.757901148536623,97.3242165910978,23.53538002128353,0.0,0.19870016753019415,0.2681032236719899
1992-06-14 18:00:00,1992,6,14,18,708544800,32.16345341328731,4.778774777171783,97.9516244551529,0.1740377532769101,0.0,0.21597040382732097,0.2533874839418345
1992-06-15 00:00:00,1992,6,15,0,708566400,30.11447992717745,7.011833825613083,97.87814602573108,0.9317496297580325,0.0,0.17857751367491242,0.2798626053317122
1992-06-15 06:00:00,1992,6,15,6,708588000,34.48139074765337,4.818891889634497,97.90382488895358,0.24037404100292215,0.0,0.2359046965816075,0.24718819174856466
1992-06-15 12:00:00,1992,6,15,12,708609600,38.31840459039844,4.883702689742887,97.87998095249462,23.696410216035936,0.0,0.23248485915309108,0.26341572331631646
1992-06-15 18:00:00,1992,6,15,18,708631200,38.10211156721427,6.625581196964479,97.32173854174565,0.8422637456652968,11.186761663414098,0.31260935093535663,0.2841460505570953
1992-06-16 00:00:00,1992,6,16,0,708652800,29.92707492389407,5.207947563258353,97.21263805956944,0.5259567744176824,0.0,0.18709529735931185,0.24359620400301574
1992-06-16 06:00:00,1992,6,16,6,708674400,33.50118943256608,5.751091524460536,97.88146231609475,0.4498444599399374,0.0,0.2189046065766944,0.23553956751467645
1992-06-16 12:00:00,1992,6,16,12,708696000,38.42797910610647,7.295270371617427,96.86072155359298,23.29809534401351,1.3382002682201894,0.24839854373160905,0.2719846189400121
1992-06-16 18:00:00,1992,6,16,18,708717600,33.98861362472815,8.996113598133373,97.26437458576585,0.13739021052675773,0.0,0.20300640298807845,0.2989446115403814
1992-06-17 00:00:00,1992,6,17,0,708739200,28.99917375240884,4.598045505570685,97.46289341839294,0.6359046319517568,0.0,0.2214696923072321,0.2679547084258059
1992-06-17 06:00:00,1992,6,17,6,708760800,34.2289547802884,5.332717836519487,97.59176501844456,0.3084570931237405,15.598420835563436,0.3637225301418865,0.2889074741011539
1992-06-17 12:00:00,1992,6,17,12,708782400,42.06224859603249,4.762121559486898,96.99885551729314,23.666504712516428,0.0,0.20591438658014555,0.26016215294877426
1992-06-17 18:00:00,1992,6,17,18,708804000,33.69319768955444,4.020544147084004,97.66112076560069,0.08385678822672797,0.0,0.2037484404621903,0.2852838315757535
1992-06-18 00:00:00,1992,6,18,0,708825600,29.89537720946879,4.272681061448593,97.81547803754688,0.21325654127218552,0.0,0.25485128321237244,0.3127094872801107
1992-06-18 06:00:00,1992,6,18,6,708847200,35.23066576577728,6.536449450614988,97.69699040091942,0.743140586734,0.0,0.24108321970668142,0.303729615065611
1992-06-18 12:00:00,1992,6,18,12,708868800,36.18963995493855,6.231016551968426,98.0616482165717,23.992924631966506,0.0,0.20290866860915005,0.32304493311088744
1992-06-18 18:00:00,1992,6,18,18,708890400,33.17736899585988,7.478906658778444,97.48541762206395,0.5400080548796208,0.0,0.2240759285604067,0.29571644251326934
1992-06-19 00:00:00,1992,6,19,0,708912000,29.41172445683416,4.202489171804135,97.09853439042762,0.7280915385062631,0.0,0.20266319564771798,0.3191724532677282
1992-06-19 06:00:00,1992,6,19,6,708933600,33.19076948267348,4.083930167335248,97.99009446884394,0.26208953000592583,0.0,0.23608678760640955,0.35017313051697346
1992-06-19 12:00:00,1992,6,19,12,708955200,36.92249127788495,7.954006764225561,97.7199495449866,23.028529741365833,0.0,0.22041799961283723,0.3077957572039033
1992-06-19 18:00:00,1992,6,19,18,708976800,34.51244420446961,6.295301512200146,97.20745970685829,0.6443286444421398,0.0,0.21263938890733752,0.28410642373154155
1992-06-20 00:00:00,1992,6,20,0,708998400,31.239143504098138,3.993219983828065,97.7332146238409,0.4167983750308848,0.0,0.20661429296392467,0.29650449202838614
1992-06-20 06:00:00,1992,6,20,6,709020000,34.27103368303584,4.078857249718914,97.45440731312732,0.3185399655266662,0.0,0.24519388909384754,0.2524871754559965
1992-06-20 12:00:00,1992,6,20,12,709041600,40.08717160068914,5.241310937777502,97.41597122212322,23.380604902911237,0.0,0.22098121418796948,0.30999771044194463
1992-06-20 18:00:00,1992,6,20,18,709063200,34.10737112620251,6.275846442265523,97.48432985059493,0.27676128295838526,0.0,0.24501151419700212,0.3157695865849459
1992-06-21 00:00:00,1992,6,21,0,709084800,30.42215640323868,7.817254331403682,97.52090425523305,0.2622712241328399,0.9544385094165352,0.22816626902881726,0.2612266811452393
1992-06-21 06:00:00,1992,6,21,6,709106400,32.93176061003628,4.530841172294987,97.78539136216338,0.9899597332452699,0.0,0.2321397092288959,0.28266631656156715
1992-06-21 12:00:00,1992,6,21,12,709128000,39.337213515211836,7.34950371822392,97.60777950506593,23.171389774281575,0.0,0.24736919990122247,0.28191219920610056
1992-06-21 18:00:00,1992,6,21,18,709149600,32.85616528437686,5.367447020632588,97.36389775989109,0.9947307690071472,12.449836117123183,0.32904370437801306,0.27454788813406084
1992-06-22 00:00:00,1992,6,22,0,709171200,26.184625327915246,6.441058457488648,97.42234155894641,0.5444018283705481,4.745789581918529,0.30708144768350665,0.30926402581800577
1992-06-22 06:00:00,1992,6,22,6,709192800,34.11102240175231,5.117871560213292,97.92662118258941,0.2844298598246565,0.0,0.2283705238738922,0.3717051358934581
1992-06-22 12:00:00,1992,6,22,12,709214400,38.26032255288846,6.047066434519255,97.39419718777434,23.581544158416985,0.0,0.23840392841439648,0.3307292023538066
1992-06-22 18:00:00,1992,6,22,18,709236000,37.35057535383629,3.9562561870229214,97.05311184798538,0.03707635970675875,0.0,0.20862232958232438,0.3173031965896086
1992-06-23 00:00:00,1992,6,23,0,709257600,29.9391759895092,5.306237959187147,97.62844087179606,0.9250734066431658,0.0,0.23976568804421314,0.32322515162430304
1992-06-23 06:00:00,1992,6,23,6,709279200,35.641217420418336,4.07742237124459,97.04850329098299,0.2984724108643295,13.038975106520455,0.3403440947859186,0.35166406133770717
1992-06-23 12:00:00,1992,6,23,12,709300800,36.270147881243176,4.008316283123051,97.95376370928334,23.09434703549428,0.0,0.2352392715422678,0.272977291130122
1992-06-23 18:00:00,1992,6,23,18,709322400,33.330634344660076,6.103754713447664,97.36779002874705,0.8066987503600286,2.674963266391147,0.2458623224728564,0.33705002770262227
1992-06-24 00:00:00,1992,6,24,0,709344000,28.57780150729737,9.592686926445067,97.44599228304352,0.9019412406104171,5.904237494384666,0.2877948442334624,0.31348747591723436
1992-06-24 06:00:00,1992,6,24,6,709365600,35.122610710138225,4.662242344596696,97.50967008285416,0.09213124361087877,0.0,0.29092173761865125,0.36158951950677426
1992-06-24 12:00:00,1992,6,24,12,709387200,41.771802020976565,3.7817242487415346,97.47909443647384,23.69724082014919,1.9063670880065715,0.2597239299604271,0.3299278780101185
1992-06-24 18:00:00,1992,6,24,18,709408800,34.07177159473054,3.804777000903363,97.55778067269807,0.8806796333630291,0.0,0.23762448955176196,0.30840889468306953
1992-06-25 00:00:00,1992,6,25,0,709430400,29.185572996165245,4.497108823122792,97.6244127659686,0.878465418274401,0.0,0.2299892815114743,0.3379874858827131
1992-06-25 06:00:00,1992,6,25,6,709452000,34.66630771758887,5.411401296420167,97.59390672733926,0.007095245720457499,0.0,0.2208876743832963,0.354590845728705
1992-06-25 12:00:00,1992,6,25,12,709473600,40.084706286005186,10.54006391156144,97.40983650771966,23.04818478423651,4.290277173741321,0.3125808073082991,0.3063869712614662
1992-06-25 18:00:00,1992,6,25,18,709495200,32.832651842103566,4.699022744830401,97.49134455310119,0.8928725114917885,0.0,0.22839189692758743,0.33250617634899926
1992-06-26 00:00:00,1992,6,26,0,709516800,28.851158844189698,5.264472712408832,97.1338941846277,0.9987340229696425,3.233920420800514,0.2989125107712644,0.2985000021787835
1992-06-26 06:00:00,1992,6,26,6,709538400,34.121219106610326,5.377313959013208,97.5406154534937,0.1432872318291345,5.100368501453584,0.30474260789667,0.27738478969113456
1992-06-26 12:00:00,1992,6,26,12,709560000,39.36164431472009,5.074388457330756,97.79770538046125,23.800972604419076,9.574038117209293,0.2996764119497968,0.3084136609151647
1992-06-26 18:00:00,1992,6,26,18,709581600,33.23381351987359,4.350640354242415,97.40477060342089,0.9192205586066858,0.0,0.25828393372577296,0.29779159808634
1992-06-27 00:00:00,1992,6,27,0,709603200,28.86778096695008,4.384302019365126,97.50950023327572,0.15850567966642515,0.0,0.24606149268643304,0.33818902513789045
1992-06-27 06:00:00,1992,6,27,6,709624800,34.53700708633756,7.377296110537179,97.4479576140851,0.4094219337333952,0.0,0.2238353871964119,0.40089894563104356
1992-06-27 12:00:00,1992,6,27,12,709646400,37.71261787195742,4.121162298504759,97.5092713141168,23.239048671943188,0.0,0.2191192120183935,0.2985912928379589
1992-06-27 18:00:00,1992,6,27,18,709668000,32.145380104915574,3.7424976433835937,97.24813009166834,0.18679176693446856,0.0,0.2263971219015335,0.34889268030816123
1992-06-28 00:00:00,1992,6,28,0,709689600,28.08668279519073,5.3747339695950105,97.70705240483683,0.969517732559696,11.07385710203732,0.35509848891765744,0.3523460048783622
1992-06-28 06:00:00,1992,6,28,6,709711200,35.300382876958146,7.3984513107841,97.05832130539642,0.9384287847576485,0.0,0.23192666701335576,0.38220236064400226
1992-06-28 12:00:00,1992,6,28,12,709732800,36.99920629604717,4.295231621246286,97.80294163011806,23.22295932066873,0.0,0.26669021634602147,0.3598149540024696
1992-06-28 18:00:00,1992,6,28,18,709754400,35.037186099880266,7.86885016839139,97.16057094052043,0.162709596335903,0.0,0.22556270627891073,0.3587537319611623
1992-06-29 00:00:00,1992,6,29,0,709776000,29.340380610148095,6.019426725253712,97.05595161026847,0.6065217323918622,8.301515515124855,0.32774701331138223,0.33351907841920114
1992-06-29 06:00:00,1992,6,29,6,709797600,34.05379775495261,4.494073884533656,97.59920694788543,0.5073062721923267,0.0,0.23434898533865312,0.3546246979898797
1992-06-29 12:00:00,1992,6,29,12,709819200,35.6431265172085,6.604081761324931,98.08473272097521,23.62924475072768,0.0,0.24240835982648207,0.3944553241573153
1992-06-29 18:00:00,1992,6,29,18,709840800,34.803287963939745,3.721394260387184,97.72317448603923,0.27366279395075993,7.267053486233015,0.3230796673504352,0.3589588600886082
1992-06-30 00:00:00,1992,6,30,0,709862400,29.290735476265436,4.346057882083318,98.00296190138009,0.0814935599295018,2.6128590148887265,0.25512238665367587,0.4017448574637851
1992-06-30 06:00:00,1992,6,30,6,709884000,32.366494255401136,3.921425702497487,97.56150043664712,0.9453988763430877,9.881925174676548,0.3776534655482845,0.3668362656611334
1992-06-30 12:00:00,1992,6,30,12,709905600,37.45474885447226,5.548023034860009,97.36373800721312,23.29927302985459,0.0,0.20620931116086694,0.4002209164202849
1992-06-30 18:00:00,1992,6,30,18,709927200,34.60970871906709,5.364479391537584,97.05370810816828,0.4322421987021691,0.0,0.28678693917136655,0.3463809196511757
1992-07-01 00:00:00,1992,7,1,0,709948800,28.760811928734263,4.189328166756251,98.05590847769426,0.48572490492229303,6.089021207878182,0.31134127866515876,0.3799183324840887
1992-07-01 06:00:00,1992,7,1,6,709970400,35.329144617054915,3.6099146620852385,97.13642351264487,0.8941145244765387,14.690852128473734,0.4150423941194976,0.36618182965735624
1992-07-01 12:00:00,1992,7,1,12,709992000,38.71948098759252,4.577168319046725,97.94468291629457,23.173086527108612,0.7135091385699391,0.25727712323334373,0.3989640008507784
1992-07-01 18:00:00,1992,7,1,18,710013600,33.50061724506741,3.609396544553401,97.59337351898746,0.5161385139412821,0.0,0.24272561692730651,0.33804237449457847
1992-07-02 00:00:00,1992,7,2,0,710035200,27.195846066440247,7.2249159309944,97.34757899891703,0.6019456093327646,0.0,0.2166948320393085,0.36824767881259995
1992-07-02 06:00:00,1992,7,2,6,710056800,33.74652466158678,4.886262367083908,97.42886970636324,0.2544113171664888,16.125342510708638,0.3812141005502385,0.3833902854463012
1992-07-02 12:00:00,1992,7,2,12,710078400,40.13127476103035,7.0079210004138766,97.34288515266464,23.074255091577864,0.0,0.22915734099230456,0.3630274902386194
1992-07-02 18:00:00,1992,7,2,18,710100000,35.81778336154761,3.6649857402122343,96.79606598423774,0.28514662985914835,0.0,0.21690211683538155,0.3709872816902861
1992-07-03 00:00:00,1992,7,3,0,710121600,25.96014415677107,4.202636412247228,97.57755300880714,0.265039327087376,16.62760466025565,0.4521480142483624,0.3427067897132583
1992-07-03 06:00:00,1992,7,3,6,710143200,30.661610115925853,4.613280887901471,96.9731287585066,0.17926252408711685,0.0,0.2616746301620225,0.3453552947631593
1992-07-03 12:00:00,1992,7,3,12,710164800,37.42204659965256,4.091959888327135,97.90104688556858,23.83380245248441,5.5199604582889314,0.31764213868352437,0.39979770138690585
1992-07-03 18:00:00,1992,7,3,18,710186400,33.10791400948158,6.842910999662374,97.34724002492734,0.3294940792328984,0.0,0.2630938051603743,0.35785366876897434
1992-07-04 00:00:00,1992,7,4,0,710208000,29.54066716598848,5.371555143327826,97.41006347603332,0.9888362371052184,0.0,0.25350704035639277,0.3651030139600845
1992-07-04 06:00:00,1992,7,4,6,710229600,34.06767494531436,10.59484297621129,97.49612149327388,0.21477402908715781,0.0,0.25261795931211917,0.44554124120232197
1992-07-04 12:00:00,1992,7,4,12,710251200,40.35985958253007,4.429401475684107,97.80795170779781,23.522222431348187,2.7762954954351233,0.2839959199447772,0.36003437764277885
1992-07-04 18:00:00,1992,7,4,18,710272800,34.19613386345973,3.769073511664153,97.56977565800811,0.578439587967005,0.0,0.23614383202332553,0.3461430445404067
1992-07-05 00:00:00,1992,7,5,0,710294400,27.139501966426714,6.503937576514986,97.74555198030494,0.6272718719363891,0.0,0.24692221983050533,0.33357029714389047
1992-07-05 06:00:00,1992,7,5,6,710316000,35.50385164048397,3.83928247920995,97.74458113978251,0.25532398836945935,2.5970230562898724,0.2868329107675335,0.4252456419359542
1992-07-05 12:00:00,1992,7,5,12,710337600,40.102397864962995,7.082076582240118,97.3803915472481,23.52632413327635,5.613717338115344,0.3143433533673445,0.4097728267063349
1992-07-05 18:00:00,1992,7,5,18,710359200,33.88381935666518,3.9429939696951215,97.06080851978014,0.7088528504660703,0.0,0.256136515780174,0.4235515500841769
1992-07-06 00:00:00,1992,7,6,0,710380800,29.50964933900224,5.4561553024873355,97.34135471813177,0.389306570055194,0.0,0.275435781961261,0.40793224936337014
1992-07-06 06:00:00,1992,7,6,6,710402400,31.542879774207726,7.452129037577526,97.1564956328261,0.23895923350097348,0.0,0.25726714733643286,0.471351724305365
1992-07-06 12:00:00,1992,7,6,12,710424000,42.228040882098995,3.5413845199082807,97.9131982739113,23.435325605085776,0.0,0.2519604133992913,0.403783549191787
1992-07-06 18:00:00,1992,7,6,18,710445600,34.830694806121905,6.1936919082540705,97.52298488495053,0.4092496809511814,8.789902524229513,0.33984106357183835,0.3968995896068716
1992-07-07 00:00:00,1992,7,7,0,710467200,26.549220503484385,4.658329610981223,97.63530618577249,0.650810405742006,0.0,0.24685311159968676,0.4486624067010352
1992-07-07 06:00:00,1992,7,7,6,710488800,33.29767699515544,8.106948341888227,97.50490060299028,0.08447064514264702,0.0,0.27328760488109116,0.3974570885313653
1992-07-07 12:00:00,1992,7,7,12,710510400,38.6897189063651,4.483926477227521,97.4813221523601,23.258819435597673,0.3389151934921055,0.3021487549394138,0.4093674895857519
1992-07-07 18:00:00,1992,7,7,18,710532000,36.02616657660868,3.557145997355523,97.85625735173906,0.9279208508022289,0.0,0.2884740445905321,0.38652350465526325
1992-07-08 00:00:00,1992,7,8,0,710553600,29.834572256143723,3.787557645061066,97.05222545676965,0.6401539652982535,0.0,0.24690379790058575,0.3653448263026129
1992-07-08 06:00:00,1992,7,8,6,710575200,34.839232829674245,9.807178741296461,97.51896029460511,0.7151537760596356,0.0,0.26112783621132246,0.4161042093987727
1992-07-08 12:00:00,1992,7,8,12,710596800,39.50990496355135,4.02611163763077,97.03753343702135,23.19196329072565,0.0,0.2819485714436522,0.4265986838286159
1992-07-08 18:00:00,1992,7,8,18,710618400,33.24772277751332,3.8445427534117944,97.36106782203899,0.6629717433985992,35.12765923565482,0.48,0.46583747961119226
1992-07-09 00:00:00,1992,7,9,0,710640000,27.460211868197145,4.752111580101981,97.61558586214665,0.4828426244010545,23.822858280217645,0.48,0.4008488938407611
1992-07-09 06:00:00,1992,7,9,6,710661600,33.571892413038505,3.6688810424325524,97.98908238168654,0.9142011128397934,0.9998627490459173,0.25570917815771127,0.44898692069395385
1992-07-09 12:00:00,1992,7,9,12,710683200,36.44710667365587,5.628129234594333,97.65011837236467,22.828772342375117,0.0,0.2696731605823462,0.4764726059832607
1992-07-09 18:00:00,1992,7,9,18,710704800,32.940302819538985,4.790638229884113,97.66992881718946,0.4970215872216994,4.770045076457351,0.342222946452696,0.41370565994825054
1992-07-10 00:00:00,1992,7,10,0,710726400,27.65351560767167,4.035840690931981,97.4086121849972,0.4526144046653364,0.0,0.27282735674410646,0.38244039714682787
1992-07-10 06:00:00,1992,7,10,6,710748000,33.65769037342945,5.680894303169362,97.04505240586424,0.2191598963368887,21.95436116097776,0.48,0.4294422490811576
1992-07-10 12:00:00,1992,7,10,12,710769600,37.12062849469148,3.456573253582351,97.34634699902352,23.682807456011393,12.143359338852106,0.32946593240529587,0.4286707662113057
1992-07-10 18:00:00,1992,7,10,18,710791200,34.74682082255556,4.16112521169828,98.16725742319895,0.1875733105080053,0.0,0.2666388373837041,0.387972303552974
1992-07-11 00:00:00,1992,7,11,0,710812800,25.94766399009622,4.75899587256245,97.74804253112862,0.6986904558116785,0.0,0.24750932904397765,0.4644719221559699
1992-07-11 06:00:00,1992,7,11,6,710834400,30.793307554074772,3.742750090506285,97.47485534350558,0.3649899634258915,4.21999504270227,0.3508566049017734,0.40968899004540643
1992-07-11 12:00:00,1992,7,11,12,710856000,37.038415679318334,7.940358397524932,97.8555647329291,22.919266966726777,0.0,0.25595725041332634,0.38229274449017636
1992-07-11 18:00:00,1992,7,11,18,710877600,34.5926614517101,6.122049146565782,97.18896073316097,0.8668987621062928,0.0,0.2729830499335069,0.39841576787628247
1992-07-12 00:00:00,1992,7,12,0,710899200,27.112952248481264,3.6331182667165214,97.65211203938107,0.6938342780406033,0.0,0.2531548874000184,0.4090314066708686
1992-07-12 06:00:00,1992,7,12,6,710920800,33.92530812296546,5.187513978728883,97.59996739180255,0.29440817339405234,11.759852925138835,0.39320390891138685,0.4324652529968949
1992-07-12 12:00:00,1992,7,12,12,710942400,37.629488123645736,3.6880608224027336,97.81251610354795,23.19697878077931,0.0,0.28941202562141033,0.4018582334417762
1992-07-12 18:00:00,1992,7,12,18,710964000,32.91833907688989,4.054461711752234,97.53975655278795,0.02164620864253763,4.02848767879971,0.3021186197456955,0.38604340968710965
1992-07-13 00:00:00,1992,7,13,0,710985600,26.91928785545745,3.821483475876403,97.20900075262769,0.9688167882287162,13.911492510584063,0.4223399412670358,0.48761455264324743
1992-07-13 06:00:00,1992,7,13,6,711007200,34.06784588812895,3.3683843143526184,97.35870135060793,0.6275850293009132,0.0,0.2967160469104303,0.4091021208516773
1992-07-13 12:00:00,1992,7,13,12,711028800,37.242562773883684,3.418603115359508,97.76830046724206,23.03640379689027,0.0,0.2947740195443937,0.4073096816556765
1992-07-13 18:00:00,1992,7,13,18,711050400,31.098627557993606,3.58980755753136,97.7580355162479,0.5307649534477031,0.0,0.3135257426315011,0.4457072268111914
1992-07-14 00:00:00,1992,7,14,0,711072000,29.686895940101262,3.694964410758738,97.55526016036052,0.770302396941714,0.0,0.26249132391285285,0.46956564454142957
1992-07-14 06:00:00,1992,7,14,6,711093600,30.917310478907478,4.348592269929482,97.68136397026772,0.0067201399131729955,0.0,0.26855530726745835,0.46820448653759544
1992-07-14 12:00:00,1992,7,14,12,711115200,42.799703608410844,4.039430390500209,97.2966600837954,23.507941746117222,6.240788452209922,0.3171331837158851,0.41645989979713144
1992-07-14 18:00:00,1992,7,14,18,711136800,33.84933977931609,3.886748824328253,98.25815008902075,0.24358935316093122,3.1193296585631414,0.2916015158370227,0.4626426671927118
1992-07-15 00:00:00,1992,7,15,0,711158400,29.182365649327508,3.9973576476198365,97.37887787829267,0.5250944535342412,0.0,0.2965888455520722,0.47358745940714836
1992-07-15 06:00:00,1992,7,15,6,711180000,28.759581471254176,4.473170492709887,97.28717138716596,0.37146282595108393,3.0673055251496995,0.29698070644275437,0.47226171889611157
1992-07-15 12:00:00,1992,7,15,12,711201600,38.957214987337075,15.739932275034487,98.11532388213368,23.191970708574107,0.0,0.29103032547325536,0.4598741453291732
1992-07-15 18:00:00,1992,7,15,18,711223200,31.437688279836127,3.6746262466828528,97.768816274086,0.616363615879271,0.0,0.2987087474302909,0.4226179213300596
1992-07-16 00:00:00,1992,7,16,0,711244800,28.090312878604035,7.200330456755379,97.16024199548315,0.08335691135178991,0.0,0.27257111616010776,0.4304697191241394
1992-07-16 06:00:00,1992,7,16,6,711266400,34.158277793136286,3.4095576525163906,97.69853504858945,0.17126118578161253,0.0,0.2617471421857144,0.4485427099740482
1992-07-16 12:00:00,1992,7,16,12,711288000,38.993648718562675,3.308149535856015,97.36330898740216,22.547232272197764,0.0,0.2908674614287513,0.4062714842245852
1992-07-16 18:00:00,1992,7,16,18,711309600,32.9757846967772,4.8346293044379465,97.42201924234185,0.32711752943705286,0.0,0.30987182240181993,0.45694243371192084
1992-07-17 00:00:00,1992,7,17,0,711331200,28.050354606532522,3.3170330111661723,97.50219598029885,0.9352040925400842,4.875029719904754,0.3266545148780203,0.45306855344467734
1992-07-17 06:00:00,1992,7,17,6,711352800,33.479655781675596,3.4951946382871664,97.70845355665797,0.8407396189443039,0.0,0.2761152230160645,0.49551183208270594
1992-07-17 12:00:00,1992,7,17,12,711374400,36.99466372260787,4.3660445117106566,97.65795084770009,23.38033343012629,0.0,0.30423825415433686,0.45360565570439926
1992-07-17 18:00:00,1992,7,17,18,711396000,35.02723274788044,3.4086827554081895,97.90245707892475,0.935410629181909,0.0,0.23678251034860293,0.42538561661975915
1992-07-18 00:00:00,1992,7,18,0,711417600,28.418264467993307,3.331048664780146,97.00847066376902,0.3102352613366448,0.0,0.29084401855686215,0.48115026640767233
1992-07-18 06:00:00,1992,7,18,6,711439200,33.932570665237215,4.9271146837244135,97.26674007963847,0.5513896474940745,0.0,0.2976552558326668,0.42746349516338367
1992-07-18 12:00:00,1992,7,18,12,711460800,37.759287872350335,4.577373973237867,97.51168560012513,22.5159113362645,0.0,0.2899706730758356,0.45804425317613306
1992-07-18 18:00:00,1992,7,18,18,711482400,32.40327680511029,5.108888538705978,97.86070525045943,0.3998388736157367,3.9344831810363425,0.32666099729782905,0.4980376918276117
1992-07-19 00:00:00,1992,7,19,0,711504000,28.9038417201124,5.748631673257798,97.4136415204519,0.626442300838807,0.0,0.3026064904825225,0.47489186014132195
1992-07-19 06:00:00,1992,7,19,6,711525600,30.976319236944097,3.268420895269489,97.73104584244237,0.035015469515892406,0.0,0.2743296624506152,0.46077157445909933
1992-07-19 12:00:00,1992,7,19,12,711547200,36.61674817004133,6.551797032453546,97.8423573238345,23.29554053251285,0.0,0.2593121256720748,0.44273771854917454
1992-07-19 18:00:00,1992,7,19,18,711568800,32.37037289062166,5.198388651387175,97.14258356942607,0.7686042542648017,0.0,0.2705923359871962,0.43498201456969204
1992-07-20 00:00:00,1992,7,20,0,711590400,27.856393976669093,7.0174862722088225,97.77523762878754,0.42219987758652033,2.2231255325586186,0.3158718476308287,0.48310755178037706
1992-07-20 06:00:00,1992,7,20,6,711612000,33.032939960108784,5.1880039460898395,97.12760312633584,0.446475406746654,16.780977721751405,0.4370538063206082,0.5036747467658438
1992-07-20 12:00:00,1992,7,20,12,711633600,39.41295496113646,9.136573902368854,97.25983236571152,22.591850554020095,0.0,0.2243134901242354,0.4459860765389716
1992-07-20 18:00:00,1992,7,20,18,711655200,33.0788605569617,3.7226042114612916,97.35924084110088,0.3152105538510464,10.033219782237916,0.3714430091311063,0.45207007873742416
1992-07-21 00:00:00,1992,7,21,0,711676800,27.850633898106526,3.7254885756026033,97.36501177688143,0.2857235137382591,0.0,0.2797933425380339,0.48257080011150744
1992-07-21 06:00:00,1992,7,21,6,711698400,30.707617069444023,4.057662764223599,97.7021771743249,0.6467106898848148,6.5034897540273855,0.3398253445360183,0.4966538408601795
1992-07-21 12:00:00,1992,7,21,12,711720000,34.71981446430826,10.370979287691917,97.48385776689264,22.89810774533779,0.0,0.2970384195586545,0.507054239323904
1992-07-21 18:00:00,1992,7,21,18,711741600,33.95389048169704,3.1476599599549133,97.25513912087997,0.34265998382603596,0.0,0.2718486900461154,0.4710861876730151
1992-07-22 00:00:00,1992,7,22,0,711763200,26.656169680171843,3.2468889431220367,97.82346826226963,0.43641807600168014,0.0,0.23088374447284266,0.5313483523105309
1992-07-22 06:00:00,1992,7,22,6,711784800,31.55234941137161,7.099113127788078,97.70461824344966,0.8952621641321408,11.943664145509612,0.3613778203856854,0.5152720017207377
1992-07-22 12:00:00,1992,7,22,12,711806400,39.206060017977656,5.772910048101444,97.55060647192292,22.615170736497433,0.0,0.27072678219726737,0.4750325965142032
1992-07-22 18:00:00,1992,7,22,18,711828000,32.373534163886184,4.273939925075866,97.95638598192944,0.29106337215295236,0.0,0.2721541698659073,0.4713563516588317
1992-07-23 00:00:00,1992,7,23,0,711849600,29.84430476825657,8.860099309787238,97.55716922875304,0.21102589116168136,0.0,0.2575355358282305,0.47074718652413317
1992-07-23 06:00:00,1992,7,23,6,711871200,31.6405610983159,4.118386539064226,97.53650322443606,0.779814858765321,0.0,0.31414220730214,0.5633121973490393
1992-07-23 12:00:00,1992,7,23,12,711892800,40.297868687226774,3.6413635311319212,97.33212081451862,23.023736156151866,0.0,0.2679440447554227,0.5316527764579574
1992-07-23 18:00:00,1992,7,23,18,711914400,35.48558355681941,6.013314927147139,97.87572838851254,0.5845159282078812,0.0,0.30547417946760974,0.5127620517395471
1992-07-24 00:00:00,1992,7,24,0,711936000,27.312745955805507,6.14705391935201,97.54884387932822,0.6826578075207052,4.748062969916149,0.3405587025161062,0.5627842654076975
1992-07-24 06:00:00,1992,7,24,6,711957600,31.091368948991068,5.886378521366929,97.9047468342719,0.7284362859571631,0.0,0.2828095317000429,0.5081342992134079
1992-07-24 12:00:00,1992,7,24,12,711979200,36.38035263664525,3.7240053386224474,97.4969379435956,22.90099688192137,0.0,0.2927128272369996,0.49280158598853463
1992-07-24 18:00:00,1992,7,24,18,712000800,31.247667183591208,4.47609304649711,97.60802365070958,0.5335824287316464,5.152164200263155,0.3416174745526459,0.5506943444108561
1992-07-25 00:00:00,1992,7,25,0,712022400,25.946895349248177,3.976558286575,97.31077474194996,0.46629265539476394,0.0,0.29257172015186744,0.49149371392452273
1992-07-25 06:00:00,1992,7,25,6,712044000,32.58395809304262,3.18885691071375,97.59432742013826,0.8132518087022658,11.417221737790806,0.41666554431814534,0.506037229036282
1992-07-25 12:00:00,1992,7,25,12,712065600,36.37716797415475,3.19870321592561,97.45770057411592,22.302905910010125,12.007786748190238,0.4003699484736593,0.5196893028483834
1992-07-25 18:00:00,1992,7,25,18,712087200,33.01978796163617,3.8408446664005957,97.20919747709361,0.8747500446912717,5.809951240872595,0.32019112266318706,0.5091899651811953
1992-07-26 00:00:00,1992,7,26,0,712108800,26.524702524590396,4.851939387781047,97.79278026527555,0.7383106299988423,2.985843900978401,0.28792179028805875,0.538477718508157
1992-07-26 06:00:00,1992,7,26,6,712130400,31.961597795560976,4.087630306167834,97.38019903486263,0.14743057348639343,0.0,0.29518252141332424,0.5114089440192319
1992-07-26 12:00:00,1992,7,26,12,712152000,39.661443054917385,6.097983712563726,97.621509483787,22.328839980516626,0.0,0.29344476059432617,0.5384030925209339
1992-07-26 18:00:00,1992,7,26,18,712173600,31.764517244068482,6.699607821210591,97.5752014229332,0.9502945634693422,0.0,0.2891975576707846,0.49681596753705043
1992-07-27 00:00:00,1992,7,27,0,712195200,27.017103286765877,3.290443374006319,97.42316900295704,0.7293990210316986,0.0,0.2838967240365191,0.5105281434385823
1992-07-27 06:00:00,1992,7,27,6,712216800,32.65002556367844,14.499165054617007,97.79513896826651,0.7224808369224305,0.0,0.32484483714186113,0.5529548876990331
1992-07-27 12:00:00,1992,7,27,12,712238400,35.84272357120767,5.736496167983399,97.71749502859181,22.30742876157624,0.0,0.30823489639329466,0.5218809711366053
1992-07-27 18:00:00,1992,7,27,18,712260000,30.660307632774142,3.229400864832907,97.47524004154123,0.18751525192739807,0.0,0.29081945094550404,0.4936388607855228
1992-07-28 00:00:00,1992,7,28,0,712281600,27.340299117780656,3.4295419881761857,97.66652851626958,0.28673829319287947,0.0,0.30716626239963357,0.49952809437881235
1992-07-28 06:00:00,1992,7,28,6,712303200,30.906333725017628,5.233941486827638,97.98686256021354,0.47629686391903114,3.6145942982889427,0.31234477943215244,0.5601119501240914
1992-07-28 12:00:00,1992,7,28,12,712324800,35.3293859315152,4.538678131131936,97.53365308930904,22.331467439420212,10.219920760145792,0.37847910235733,0.5377509086700984
1992-07-28 18:00:00,1992,7,28,18,712346400,30.894582870620255,3.955776828310072,98.2281829605155,0.04174556322943515,0.0,0.2962568109457906,0.503960692382194
1992-07-29 00:00:00,1992,7,29,0,712368000,29.38060447004947,7.244017359055299,97.4857530534628,0.09732642676584902,0.0,0.2895144047292766,0.5207504793643589
1992-07-29 06:00:00,1992,7,29,6,712389600,32.91399055193957,6.496228372101649,97.21850150629103,0.7940260060969976,8.701091598791125,0.3640282691936006,0.49741100130290145
1992-07-29 12:00:00,1992,7,29,12,712411200,39.85695266665931,3.57003229654183,96.97664777244619,22.494509536168493,6.241160068543079,0.36905291029482445,0.5079737452705951
1992-07-29 18:00:00,1992,7,29,18,712432800,32.81060993760051,3.277002456009594,96.67745871014493,0.5842795583034579,21.539952293688646,0.48,0.506899544972086
1992-07-30 00:00:00,1992,7,30,0,712454400,27.762402968201844,5.024928478510198,97.62345488994079,0.31425459851190574,0.0,0.2728793223137192,0.5622011271848663
1992-07-30 06:00:00,1992,7,30,6,712476000,32.521753335481044,3.7275239613412765,98.02699648474182,0.6463240523522797,0.0,0.25108761909256155,0.5278193452855744
1992-07-30 12:00:00,1992,7,30,12,712497600,37.32989269639217,3.851200566577127,97.06882579543881,22.799959866782,10.43579839687604,0.3662677581692529,0.5073808244370391
1992-07-30 18:00:00,1992,7,30,18,712519200,33.41528799297376,3.573969985796237,97.91944060039313,0.8591118419980208,0.0,0.30314393686669083,0.584623601557346
1992-07-31 00:00:00,1992,7,31,0,712540800,25.67776112960122,4.876929473146751,97.4391949834105,0.30468561270069017,0.0,0.2830684275585984,0.5748939071023503
1992-07-31 06:00:00,1992,7,31,6,712562400,31.611585202469787,3.1341096905003067,98.13467741773552,0.36767036089160154,0.0,0.28458090673128456,0.5539805751877945
1992-07-31 12:00:00,1992,7,31,12,712584000,38.76133969449338,4.148011673596347,97.34747596893978,22.524051652573604,0.0,0.2702385983712893,0.601715013834718
1992-07-31 18:00:00,1992,7,31,18,712605600,33.63856322434823,4.134779366305483,97.74608158237295,0.9483990922263802,32.09185945666948,0.48,0.5458771246819175
1992-08-01 00:00:00,1992,8,1,0,712627200,27.408659548289283,3.352032410292301,97.52836937166526,0.07014231347444944,0.0,0.2683493883793991,0.5291066778823335
1992-08-01 06:00:00,1992,8,1,6,712648800,31.866083628821514,4.382579955704902,97.85814492046863,0.8260554060453387,0.0,0.28151492582258564,0.5267919887206067
1992-08-01 12:00:00,1992,8,1,12,712670400,40.68735287756823,6.084517776138423,97.83043736855997,22.68344936818993,8.96417642175667,0.37074408905379597,0.5360201463612456
1992-08-01 18:00:00,1992,8,1,18,712692000,30.144991077810463,4.586730757126424,97.46315965828079,0.4240743663416625,0.0,0.3056761829338664,0.5682443431539639
1992-08-02 00:00:00,1992,8,2,0,712713600,26.82663578800196,5.110710178570566,98.33690701695375,0.1848409663014473,0.0,0.2851898408514932,0.5772568169534574
1992-08-02 06:00:00,1992,8,2,6,712735200,35.05274418203502,4.128791367310328,97.4842885567856,0.8586951446297033,1.5513481032390093,0.3023956385987464,0.5882737557345387
1992-08-02 12:00:00,1992,8,2,12,712756800,37.91718487521512,4.130294458668887,97.676036336846,21.707295314927425,0.0,0.29534089758498533,0.4893336949526256
1992-08-02 18:00:00,1992,8,2,18,712778400,31.329316776082013,5.281054270077179,97.77447218183906,0.370430625787155,0.0,0.3171793352404175,0.5463917497243753
1992-08-03 00:00:00,1992,8,3,0,712800000,27.060737377493936,3.0270381200518304,98.03041083367296,0.0393370447513246,0.0,0.27672416245200665,0.5797892879679496
1992-08-03 06:00:00,1992,8,3,6,712821600,31.161213089929173,2.869995199497855,97.4284735963169,0.2249873548674448,19.599814783884757,0.48,0.4994891578703075
1992-08-03 12:00:00,1992,8,3,12,712843200,35.943326526378755,3.104932509740148,97.26674250740514,22.027500165499134,7.90620795224266,0.36632571089880145,0.5339811586796539
1992-08-03 18:00:00,1992,8,3,18,712864800,32.73363174698,8.459936985716231,97.64794797523551,0.5822580364755172,0.0,0.26822992039237514,0.5796657686657963
1992-08-04 00:00:00,1992,8,4,0,712886400,25.50407011436281,3.252499817646157,97.58579599597513,0.8825190198138926,4.325541882630356,0.30972697448122344,0.5820969857307242
1992-08-04 06:00:00,1992,8,4,6,712908000,29.570564018421837,4.490531234480713,98.33033770588034,0.4846264345059089,0.0,0.3006978656945488,0.5637398587709201
1992-08-04 12:00:00,1992,8,4,12,712929600,35.95060690797789,3.327671538657261,97.44025026899054,22.482515312404093,0.0,0.332515262639846,0.6365762770974172
1992-08-04 18:00:00,1992,8,4,18,712951200,31.459800393435636,3.309603339854346,97.26852165255805,0.9125185854663673,1.8897348922110448,0.29148813039724253,0.5605489783386164
1992-08-05 00:00:00,1992,8,5,0,712972800,26.882697191230868,3.8481674465469444,97.46181263032807,0.804235017205059,4.951416268645984,0.3277033960261657,0.5869636784845691
1992-08-05 06:00:00,1992,8,5,6,712994400,28.082842922460692,4.218282440443945,97.50331409217375,0.7036478437890615,7.399414512774138,0.35505297026878135,0.5754252115482323
1992-08-05 12:00:00,1992,8,5,12,713016000,37.10682052457622,5.71793251397282,97.94770552458485,21.996108505125175,5.165071310340354,0.351236993047905,0.5567997054873635
1992-08-05 18:00:00,1992,8,5,18,713037600,30.376583201055414,4.847437607332257,97.25973137834272,0.6055555355858445,5.263976024190149,0.32177813242721715,0.5869039340773738
1992-08-06 00:00:00,1992,8,6,0,713059200,27.112731378311814,3.383072714580295,97.87830055975834,0.9495719226420485,13.021207631999337,0.4289279645925519,0.558149299956262
1992-08-06 06:00:00,1992,8,6,6,713080800,32.84965787372268,4.4834150180051076,97.60361517202351,0.4928782581553678,0.0,0.3040349414202424,0.47539327264706216
1992-08-06 12:00:00,1992,8,6,12,713102400,34.88089601404401,3.229391056790527,97.66560581758837,22.186741536044178,0.0,0.2797101303712007,0.5232318143230194
1992-08-06 18:00:00,1992,8,6,18,713124000,31.637553043642086,4.500722800559037,97.7571546720503,0.5868415814490494,0.0,0.2992942133473182,0.5193374057883303
1992-08-07 00:00:00,1992,8,7,0,713145600,27.711731600289315,3.561859345311543,97.55237965247744,0.8108086839335888,0.0,0.30211367737389133,0.5830329495530421
1992-08-07 06:00:00,1992,8,7,6,713167200,30.309856753277845,2.890519504394583,97.76483622161372,0.09674546128394834,0.0,0.26240859423745283,0.5601908805735353
1992-08-07 12:00:00,1992,8,7,12,713188800,37.26550673590797,6.005388372013854,97.75581777735854,22.350785765108313,6.076401761029717,0.39993381306975595,0.618130865696794
1992-08-07 18:00:00,1992,8,7,18,713210400,33.066824562529604,4.853255709626701,97.75149827774239,0.20605206552385164,1.664217704126589,0.3057395093274013,0.5582662607097034
1992-08-08 00:00:00,1992,8,8,0,713232000,27.934514776055543,3.0170132704746355,97.82965564371428,0.6469773593410827,0.0,0.30650345022706343,0.5842068688744445
1992-08-08 06:00:00,1992,8,8,6,713253600,32.92732507795188,3.389478928510573,97.64762900867694,0.13896399623031896,7.346229026650924,0.3531740515620496,0.60753008029074
1992-08-08 12:00:00,1992,8,8,12,713275200,36.430796012362805,6.600551048076015,97.59602592919504,21.99116806131356,5.271821220836616,0.3411155497126825,0.5483431849653756
1992-08-08 18:00:00,1992,8,8,18,713296800,31.67392692102107,4.725741356630947,97.05034765272025,0.8196325794844982,0.0,0.29580361708135744,0.5342903353150095
1992-08-09 00:00:00,1992,8,9,0,713318400,25.801225011560675,3.6233457610990363,97.80569046414944,0.3604130916989994,0.0,0.28323103181502,0.590374237671482
1992-08-09 06:00:00,1992,8,9,6,713340000,29.833423324285224,3.1418427240379083,97.53253621544627,0.7304687393374624,0.0,0.31083380679529893,0.6309323703897315
1992-08-09 12:00:00,1992,8,9,12,713361600,34.49285751397791,3.9819471979443177,97.36753075028557,21.559698633470965,3.220080405038572,0.3248740285508826,0.5798169822500034
1992-08-09 18:00:00,1992,8,9,18,713383200,29.220477988986573,2.8773450800355245,97.68588127048841,0.8648761534063749,0.0,0.30358604697973435,0.6173408642138503
1992-08-10 00:00:00,1992,8,10,0,713404800,23.307097742118337,2.9659966733488368,97.63818054574209,0.7231649093719559,3.3258099734485245,0.36106079680825576,0.5534284961788972
1992-08-10 06:00:00,1992,8,10,6,713426400,32.248532369999175,2.925030090620374,97.63686204556754,0.2702844805182113,11.424573208019105,0.3809505717973853,0.6087716061984878
1992-08-10 12:00:00,1992,8,10,12,713448000,36.22946518828361,3.5050794340549025,98.05548251992832,21.752380742876436,3.8416443102051945,0.353531022348633,0.612528649257554
1992-08-10 18:00:00,1992,8,10,18,713469600,28.743349986229575,6.207427478140678,97.56580062917142,0.504951008385836,0.0,0.30559129661960227,0.5848892635643586
1992-08-11 00:00:00,1992,8,11,0,713491200,27.107252925325234,5.2679962643520435,97.76934475201823,0.4241103680556654,9.85599482260321,0.385872301117984,0.5935849022991783
1992-08-11 06:00:00,1992,8,11,6,713512800,30.955053753011907,3.177907360321289,97.403424857476,0.009754162258021393,2.9637929060501103,0.3254053995644522,0.6161551529231575
1992-08-11 12:00:00,1992,8,11,12,713534400,35.971440867451406,3.6749487731330754,98.21530493665139,21.641147349792366,0.0,0.29483401675532955,0.5814893740005459
1992-08-11 18:00:00,1992,8,11,18,713556000,33.020752456326996,4.080358430382081,98.46133011410495,0.3899567793020939,0.0,0.30385793662932287,0.6410775336083588
1992-08-12 00:00:00,1992,8,12,0,713577600,24.717582484846446,10.341356658746259,97.57075235734895,0.27178587955556244,11.831804428629429,0.4112462376231859,0.5752653491833762
1992-08-12 06:00:00,1992,8,12,6,713599200,31.975705405650217,2.7020772036996155,97.89109108926101,0.3282804887719256,0.0,0.27134717026849375,0.569543419718747
1992-08-12 12:00:00,1992,8,12,12,713620800,35.151418525956075,2.711900897282298,98.01942943983649,21.7192865865873,28.002799175804142,0.48,0.6147938815093407
1992-08-12 18:00:00,1992,8,12,18,713642400,30.419034687630504,2.683556320257373,97.64565166887282,0.3769362637523863,0.0,0.3133765733067476,0.6128599411975113
1992-08-13 00:00:00,1992,8,13,0,713664000,24.983646397896802,2.753939941694985,98.05052702322384,0.6812086985898818,0.0,0.279493587731051,0.5870555181559669
1992-08-13 06:00:00,1992,8,13,6,713685600,27.569304622277585,4.482349984804113,98.37536622907751,0.8045453245994081,0.0,0.27220701796956076,0.6343243028870267
1992-08-13 12:00:00,1992,8,13,12,713707200,36.841920907260175,3.571785070659955,97.9897411972479,21.470282722722672,3.1872299135908846,0.3156507053781453,0.6221786358148921
1992-08-13 18:00:00,1992,8,13,18,713728800,28.681478367975014,4.412479450223748,97.67854021726349,0.07169282292128056,5.179517271026764,0.37892650519844395,0.5842151843553058
1992-08-14 00:00:00,1992,8,14,0,713750400,24.890784751656675,8.422579999149821,97.99527046343704,0.11921389471256727,7.726577567430124,0.3746500071297046,0.6222513591057551
1992-08-14 06:00:00,1992,8,14,6,713772000,28.75715365354916,4.052577325277824,97.95728646855893,0.7312706876988679,0.0,0.2903095978406571,0.5923773807942236
1992-08-14 12:00:00,1992,8,14,12,713793600,35.838060455685046,4.267823852847629,98.18646672690895,21.309076461424706,0.0,0.3100639584383188,0.6270772002623097
1992-08-14 18:00:00,1992,8,14,18,713815200,29.84646749657187,3.053902133389788,97.35665149559158,0.13647574709675525,0.0,0.25933979305770954,0.5907262312131157
1992-08-15 00:00:00,1992,8,15,0,713836800,23.24658596338066,3.103885659025484,97.54977005611663,0.07478603907472403,6.498677840846869,0.3557118669710333,0.5731670840517795
1992-08-15 06:00:00,1992,8,15,6,713858400,31.588558379761245,2.7799578614370435,97.81761615669525,0.4310785110032691,14.98298214296877,0.4353321732774627,0.6173204843153534
1992-08-15 12:00:00,1992,8,15,12,713880000,35.214846474998254,4.5325292433265325,97.43951855420354,21.385581087698206,2.734844120007101,0.34109380586196314,0.640475395670961
1992-08-15 18:00:00,1992,8,15,18,713901600,31.03916057543392,5.52695263731095,97.36678614667068,0.7333892013047844,0.0,0.30850990283414603,0.5974152686776395
1992-08-16 00:00:00,1992,8,16,0,713923200,26.12502787335099,3.623186393001844,97.34102055722374,0.3135702751665175,0.0,0.28527480518585696,0.5781041873178012
1992-08-16 06:00:00,1992,8,16,6,713944800,26.54471890310042,2.9143301917110636,97.47099456004253,0.27281728197936095,17.60468556419551,0.48,0.6232607818194735
1992-08-16 12:00:00,1992,8,16,12,713966400,36.82264333363721,2.971775152316096,97.81201412268338,21.325397686229064,0.0,0.27316276751525914,0.5838826684677041
1992-08-16 18:00:00,1992,8,16,18,713988000,32.32749881907925,4.408967564683905,98.14190216169165,0.6908467537212339,0.0,0.307626298575003,0.572841144068576
1992-08-17 00:00:00,1992,8,17,0,714009600,20.421002886718867,3.416019158629754,97.20549763139083,0.49440604997043014,0.0,0.2748257393283663,0.6399872346819897
1992-08-17 06:00:00,1992,8,17,6,714031200,33.578612872814254,5.5211184570243805,97.38842549320265,0.9299034455280362,21.61452935431196,0.48,0.6196886199190577
1992-08-17 12:00:00,1992,8,17,12,714052800,34.84445642934201,4.86615839750631,98.17124135403061,21.36665121295058,4.46828540454233,0.3687321697730043,0.6439446434638024
1992-08-17 18:00:00,1992,8,17,18,714074400,31.886721752364597,5.8923577277657255,97.54396775210718,0.15148943640269727,0.0,0.3051129159995351,0.6171091556427734
1992-08-18 00:00:00,1992,8,18,0,714096000,25.52349939391939,4.170600573386713,98.06645990904114,0.6899624297662594,8.3211701631702,0.393308055006662,0.6198623439058046
1992-08-18 06:00:00,1992,8,18,6,714117600,29.822015322767605,4.209401862654811,97.8525968463776,0.2673768016581285,0.0,0.3170576276223135,0.6324072388836426
1992-08-18 12:00:00,1992,8,18,12,714139200,37.06334178676558,2.732586480951399,97.91146830840805,21.575995391672453,3.1427504758590246,0.33953070169947003,0.5973428949098266
1992-08-18 18:00:00,1992,8,18,18,714160800,30.707767683221014,6.0822603707779646,98.04822018652328,0.2847530373669501,7.975539759799044,0.39250935007163246,0.5895454806909081
1992-08-19 00:00:00,1992,8,19,0,714182400,22.651510923672063,2.954019893490476,97.89936972658127,0.4888879170870576,0.0,0.3163274340356099,0.6073655717847354
1992-08-19 06:00:00,1992,8,19,6,714204000,29.667890275703066,7.082146784947291,97.47138406716404,0.3184013809947259,0.0,0.2968752608247759,0.6064158642543475
1992-08-19 12:00:00,1992,8,19,12,714225600,34.62863791767414,4.611840890185506,97.58565138211965,20.610353437432263,11.480043927110044,0.3922579796818338,0.5729441708798061
1992-08-19 18:00:00,1992,8,19,18,714247200,28.420985953770394,3.387678545155105,97.94777941545016,0.4956682805385238,0.0,0.297245406307629,0.6285607212544921
1992-08-20 00:00:00,1992,8,20,0,714268800,22.012959844609753,6.837432714299794,98.12254184106752,0.10947527715639505,0.0,0.27452884797215993,0.6739471609495128
1992-08-20 06:00:00,1992,8,20,6,714290400,28.575091637459057,2.6925838146572936,98.2823962386583,0.09475227301509848,0.0,0.31931104863493165,0.6135652840534412
1992-08-20 12:00:00,1992,8,20,12,714312000,32.91170024105618,4.85743751716149,98.0908001192623,20.71690109816549,6.346147751825408,0.3755879926606187,0.6434718240143975
1992-08-20 18:00:00,1992,8,20,18,714333600,28.653835850966683,3.5366178167651148,97.14172149824962,0.7017431629519795,0.0,0.32336342793329353,0.6047173783004173
1992-08-21 00:00:00,1992,8,21,0,714355200,24.472856497545422,5.003338163817182,98.10530003529962,0.7155167434646269,0.0,0.266791459464319,0.6413636907040502
1992-08-21 06:00:00,1992,8,21,6,714376800,28.292710403646637,3.195859954000216,98.07341852100407,0.49552818744514926,0.0,0.26271841216370817,0.6334799258399717
1992-08-21 12:00:00,1992,8,21,12,714398400,34.98735034583801,3.8707711256153385,98.34421212675001,20.794073514206467,0.0,0.3234671463812651,0.6387739052760621
1992-08-21 18:00:00,1992,8,21,18,714420000,31.688803935050075,5.704100230673266,97.75783503099979,0.3251924858347995,0.0,0.3010326519421044,0.6486655617163916
1992-08-22 00:00:00,1992,8,22,0,714441600,25.86099162570691,5.701183096345007,98.23262696247286,0.4561908861585975,14.62435297502171,0.4305618101722249,0.6117005618168508
1992-08-22 06:00:00,1992,8,22,6,714463200,30.983379315440377,5.128113192289973,98.40060410865209,0.5417974381845343,0.0,0.32880907591717734,0.6121603958684688
1992-08-22 12:00:00,1992,8,22,12,714484800,35.90500316609621,4.337076443266085,98.1644917702918,20.782900024309907,0.0,0.2680695472224861,0.5391540492766498
1992-08-22 18:00:00,1992,8,22,18,714506400,31.575206256221136,4.106100900590311,97.72205747113901,0.148837856910849,0.0,0.31934525834615196,0.641273334095838
1992-08-23 00:00:00,1992,8,23,0,714528000,23.749132568727713,3.1985858162556373,97.93367754492887,0.7075281811006999,0.0,0.2857168941573429,0.6238688632758768
1992-08-23 06:00:00,1992,8,23,6,714549600,31.38712611173342,2.6423305573063316,98.16277919671403,0.9619873962104303,0.0,0.2606304170357224,0.6614904441963344
1992-08-23 12:00:00,1992,8,23,12,714571200,34.67878978765297,2.9568759470629646,97.69734255292421,21.14158057357976,0.0,0.2948639285526168,0.6408044569625231
1992-08-23 18:00:00,1992,8,23,18,714592800,28.886151366874163,2.685372408046014,97.70578250512554,0.08703548654960684,11.639808927971854,0.3994265325313938,0.639708657935225
1992-08-24 00:00:00,1992,8,24,0,714614400,23.734843370467402,5.140730483365355,97.46520613542334,0.7597787357779896,0.0,0.2957084908893458,0.6393852448259802
1992-08-24 06:00:00,1992,8,24,6,714636000,27.75280084801235,4.604015247642912,97.6265959113121,0.9803515981080999,0.0,0.31972510736644183,0.6585692011280158
1992-08-24 12:00:00,1992,8,24,12,714657600,32.164571077880915,3.488004345523716,97.82534967660389,20.391858664907694,4.228031321074944,0.3725598999489909,0.6430790504643492
1992-08-24 18:00:00,1992,8,24,18,714679200,29.199193431611466,3.4357573513305586,98.03138402580456,0.38619227416601193,25.150226767542048,0.48,0.67521046002485
1992-08-25 00:00:00,1992,8,25,0,714700800,25.82583218398582,2.9166631246966097,97.62042955588836,0.23176979978486212,1.670489352616967,0.354788875584738,0.6864211820269642
1992-08-25 06:00:00,1992,8,25,6,714722400,34.69163374200262,3.415766107648032,97.47931262665855,0.1277681633331299,4.501393083309693,0.3335816969404231,0.6447383907721752
1992-08-25 12:00:00,1992,8,25,12,714744000,34.33450282446178,6.423986423250878,98.5880317739083,20.577604438362734,0.0,0.2822738720349912,0.5987107474589709
1992-08-25 18:00:00,1992,8,25,18,714765600,31.394608833583035,5.317905266583154,97.76672555086054,0.48603287288822083,0.0,0.28706960105427204,0.6269769685495931
1992-08-26 00:00:00,1992,8,26,0,714787200,22.860690063511555,3.509995449810425,97.64416925787035,0.9934122196414906,10.827489095025378,0.40737765469190473,0.6846495820431749
1992-08-26 06:00:00,1992,8,26,6,714808800,27.991314969794818,3.476140403704921,97.88323310070201,0.328080039895972,4.097378182099666,0.3366005159814325,0.658328583636777
1992-08-26 12:00:00,1992,8,26,12,714830400,35.11480485998066,2.6123893472601143,98.38757524110883,20.512569145006065,0.0,0.2493904769256836,0.6086336418566727
1992-08-26 18:00:00,1992,8,26,18,714852000,30.47877701662805,4.699796396996605,98.29255906219076,0.2666136102357076,0.0,0.27688984757401397,0.6617467205739138
1992-08-27 00:00:00,1992,8,27,0,714873600,24.844171084249883,4.300626655076396,97.60519368832473,0.448475033774124,19.471923580209083,0.45953410617269413,0.630780207929392
1992-08-27 06:00:00,1992,8,27,6,714895200,27.844126151105012,2.7933462075446442,97.97637847061547,0.3107278668577593,0.0,0.2749499670545451,0.6387205024743251
1992-08-27 12:00:00,1992,8,27,12,714916800,31.38763661121397,4.414692629879961,98.07704433565257,20.013710293831682,9.044649442774022,0.3670803080338023,0.6356370205494899
1992-08-27 18:00:00,1992,8,27,18,714938400,30.782884834834807,2.9073442335755435,98.0085233522224,0.7316509091409481,0.0,0.35096062856515475,0.6241856121201033
1992-08-28 00:00:00,1992,8,28,0,714960000,20.631980145150173,7.704730001479144,98.40223202762523,0.602597146492925,0.0,0.2997154177574495,0.7048556621451363
1992-08-28 06:00:00,1992,8,28,6,714981600,30.89225484729314,4.925049119574956,97.49547305282346,0.2731620462189378,8.056513319750271,0.39728609253464536,0.6111097959986305
1992-08-28 12:00:00,1992,8,28,12,715003200,33.805246851671825,4.746934165401269,98.31900722415214,19.892252145153172,0.0,0.2773732884255448,0.6444528067904781
1992-08-28 18:00:00,1992,8,28,18,715024800,29.439959776516773,2.5332931562316063,97.8623457651949,0.3839810464507931,0.0,0.3165729542581875,0.661166337600037
1992-08-29 00:00:00,1992,8,29,0,715046400,24.473608144019405,3.1597213923315515,98.31784118305346,0.004843687303909827,4.807072233193663,0.3558922556176469,0.6510117818570296
1992-08-29 06:00:00,1992,8,29,6,715068000,27.504743269498377,4.874041922687509,97.99807201037018,0.558078219181338,0.0,0.2669764707154103,0.6113828014357066
1992-08-29 12:00:00,1992,8,29,12,715089600,33.85938731422327,4.917284212640118,98.24694823304178,20.619621061782297,0.0,0.30732538086434097,0.7072968194145404
1992-08-29 18:00:00,1992,8,29,18,715111200,28.967051748310382,3.3077082143350798,98.01603240871236,0.16419384819828706,0.0,0.30443028170572084,0.6784360154723981
1992-08-30 00:00:00,1992,8,30,0,715132800,23.289182892356077,2.9850123261456747,97.8978714209659,0.19130286471278302,6.392854884150518,0.36692633436036204,0.6634885372774275
1992-08-30 06:00:00,1992,8,30,6,715154400,28.023931605127814,2.9969039267801603,97.90539075538226,0.31812344236132817,0.0,0.3052220826314677,0.6524946717953387
1992-08-30 12:00:00,1992,8,30,12,715176000,34.47269451345119,3.1922916353075665,97.82625221584625,19.99279714340987,0.0,0.3177801661579121,0.6771284333256244
1992-08-30 18:00:00,1992,8,30,18,715197600,28.90976553133037,3.6231011059906577,97.73981826359883,0.40117882316590364,12.710064201972331,0.4288971056490229,0.6815949334525618
1992-08-31 00:00:00,1992,8,31,0,715219200,25.25003665776501,4.368369003845111,98.40218938485354,0.8916410640487946,9.164869917663562,0.3920341117689396,0.6246493413710474
1992-08-31 06:00:00,1992,8,31,6,715240800,31.058284625728312,5.810093345362353,98.03168262727027,0.23534217492001008,0.0,0.3234009049455578,0.667981291133648
1992-08-31 12:00:00,1992,8,31,12,715262400,32.83302600126248,2.6952508747977912,97.61388643170844,20.008178784027777,2.3885494921546044,0.32047280706562903,0.6779039347565791
1992-08-31 18:00:00,1992,8,31,18,715284000,30.339893991311726,4.281286407389236,97.890879518652,0.6629246528371767,0.0,0.2812959254324199,0.6791616373179146
1992-09-01 00:00:00,1992,9,1,0,715305600,22.798700485153883,4.086323074884282,97.76339424047207,0.7189485427246113,0.0,0.33261805867969957,0.660768749776662
1992-09-01 06:00:00,1992,9,1,6,715327200,28.06255014252794,3.722743995973704,99.10926320007297,0.961035265125457,14.948357838485935,0.4330480325036868,0.6635487676754274
1992-09-01 12:00:00,1992,9,1,12,715348800,33.222273449680145,2.54751524562354,97.86244206912055,20.062292557125968,2.343984480496822,0.33301919006262537,0.6633060952844038
1992-09-01 18:00:00,1992,9,1,18,715370400,28.372869908255332,3.3484170958103547,97.9479930645676,0.3716328543252117,0.0,0.31170221367995826,0.68295374767885
1992-09-02 00:00:00,1992,9,2,0,715392000,25.219633421675898,3.0800028562273187,98.27469685076952,0.9613402130586419,0.0,0.2928219696540745,0.6238604299504952
1992-09-02 06:00:00,1992,9,2,6,715413600,26.85605798715395,3.520419028243462,98.47827502886807,0.6211377834320169,14.330173276283329,0.4163105508882795,0.6983302104683774
1992-09-02 12:00:00,1992,9,2,12,715435200,34.23767962650193,7.164917188766356,98.33543087719043,19.642412619099126,0.0,0.322044745937141,0.6821915285865867
1992-09-02 18:00:00,1992,9,2,18,715456800,28.90908616645121,3.2353981242738827,97.82019453799273,0.8914915881155345,0.0,0.28917131695551007,0.6967310111777779
1992-09-03 00:00:00,1992,9,3,0,715478400,21.410485557504455,3.22750667240589,97.8033849280996,0.7043300249374833,4.071480910853386,0.3561252673220137,0.6619116977666151
1992-09-03 06:00:00,1992,9,3,6,715500000,25.447419438990362,4.345110301769184,97.99407893266407,0.7293279814204486,3.1608223438342686,0.3667730239481403,0.6677530408852803
1992-09-03 12:00:00,1992,9,3,12,715521600,33.118852492590676,3.941685600041627,98.13147948893389,20.168306869324137,14.825274645390436,0.46088735979754814,0.7229934126066832
1992-09-03 18:00:00,1992,9,3,18,715543200,26.256582359758006,3.1593871591567555,97.93062615649127,0.6357658815602012,0.0,0.3094196029895777,0.6291900619703801
1992-09-04 00:00:00,1992,9,4,0,715564800,26.267728019809415,2.500583039342641,98.33257175782094,0.5968297807138848,0.0,0.3047674446932835,0.7580790738869716
1992-09-04 06:00:00,1992,9,4,6,715586400,25.03255175348115,2.3483366828885512,98.33118639734109,0.17096128300548075,0.0,0.3003071336672445,0.6953333412604802
1992-09-04 12:00:00,1992,9,4,12,715608000,32.71334969497161,3.0266688006883946,98.18251400226356,19.50797312377981,5.349448835760448,0.3623260437097484,0.6092063646351549
1992-09-04 18:00:00,1992,9,4,18,715629600,28.87896703509596,4.640900332474095,98.05615728513952,0.794738375012031,0.0,0.2907703098565293,0.6734107400467805
1992-09-05 00:00:00,1992,9,5,0,715651200,24.456625978659716,3.7422194915476155,97.76468451327217,0.4287151764435778,3.067441198297518,0.3258682385930166,0.6626635024727003
1992-09-05 06:00:00,1992,9,5,6,715672800,29.74459997781358,4.818959125454508,98.42577173359417,0.5204946293954453,6.607841156618019,0.3710848559263861,0.6706649765131126
1992-09-05 12:00:00,1992,9,5,12,715694400,29.795669202598734,3.4330368320409246,98.18662069472815,19.239067706025285,0.0,0.3111850319097891,0.6197033013696432
1992-09-05 18:00:00,1992,9,5,18,715716000,33.236376414895034,3.215215996608989,97.94913780527537,0.9006328980714042,1.7952452490878548,0.3379185856496521,0.6732413454820121
1992-09-06 00:00:00,1992,9,6,0,715737600,22.017321153008588,2.962072444282025,97.88025046094972,0.1569628836445881,0.0,0.2897933412807055,0.7185330725345936
1992-09-06 06:00:00,1992,9,6,6,715759200,28.387230655397268,2.5144632510525984,98.0915429926635,0.41258899640587743,0.0,0.26775331386965023,0.6492301283480022
1992-09-06 12:00:00,1992,9,6,12,715780800,31.08056068921151,2.5183047036422392,98.71440541552052,19.508350856130985,4.990715519154509,0.35155364005522555,0.7036276205951043
1992-09-06 18:00:00,1992,9,6,18,715802400,30.146998371840283,3.472678836434592,98.35791265575577,0.0019533455069923435,0.0,0.3089058258393439,0.6539397082683394
1992-09-07 00:00:00,1992,9,7,0,715824000,22.66069820692509,5.14113201806826,98.07565252940553,0.38612441047199897,0.0,0.2852501893739795,0.6904872736071733
1992-09-07 06:00:00,1992,9,7,6,715845600,28.43933493172354,3.0733295880821925,97.97241581708185,0.08522899468923506,0.0,0.28179254901617046,0.7385405433678615
1992-09-07 12:00:00,1992,9,7,12,715867200,33.09784518049814,2.8611180034140586,97.91338491833935,19.995472982632368,0.0,0.3005834572151629,0.6985031403099821
1992-09-07 18:00:00,1992,9,7,18,715888800,26.86154413756351,3.3599169825987314,98.83297952684671,0.9953407977507266,0.0,0.2873274040454133,0.6737735545226424
1992-09-08 00:00:00,1992,9,8,0,715910400,21.485204295353007,8.634177366524918,98.56946626370963,0.802233837840959,0.0,0.2824994203780178,0.6712777417459247
1992-09-08 06:00:00,1992,9,8,6,715932000,26.07388899166255,2.415894633141125,97.87276119607732,0.8440509125560057,0.0,0.3088855438185443,0.6971921175952281
1992-09-08 12:00:00,1992,9,8,12,715953600,36.49467353260124,3.114201389145556,98.61542909748027,19.05812999875385,0.0,0.32835434193047797,0.6977352665726944
1992-09-08 18:00:00,1992,9,8,18,715975200,26.73166449388314,8.855097228188974,97.41650875441827,0.14981364068829184,8.282001153561644,0.3825206668446341,0.6641130046001097
1992-09-09 00:00:00,1992,9,9,0,715996800,19.330109935324632,2.575907352376962,98.43994706210421,0.18667253307910137,6.241593032495967,0.34765793805261885,0.7198824263350113
1992-09-09 06:00:00,1992,9,9,6,716018400,29.43852088198469,2.6747790300658854,97.5923120615729,0.5787702858665459,12.940211927227201,0.3980927424868666,0.7052331774097711
1992-09-09 12:00:00,1992,9,9,12,716040000,30.497265232277407,5.436269769849473,98.47564568701073,19.793648191978974,6.52768589214403,0.2885489001038696,0.7106706307508154
1992-09-09 18:00:00,1992,9,9,18,716061600,27.79287740966716,2.5837029439213746,97.7372593404856,0.6498812804070608,0.0,0.28821405797966854,0.7053962021162007
1992-09-10 00:00:00,1992,9,10,0,716083200,21.60140624750399,3.03514871773746,97.61934692159025,0.5620295496148815,0.0,0.2679745539653905,0.6605538825640899
1992-09-10 06:00:00,1992,9,10,6,716104800,27.214259009860086,3.8523174252790984,98.68943593834757,0.1782332804146186,0.0,0.28149226901402025,0.6737662312346459
1992-09-10 12:00:00,1992,9,10,12,716126400,31.44586160638146,2.3087112077817697,98.42261310694872,19.73349814878849,0.0,0.31920925444849935,0.7411674439865656
1992-09-10 18:00:00,1992,9,10,18,716148000,25.254537978123928,4.944719265499044,98.18948218800422,0.8841623415304405,0.0,0.3053315066932972,0.725763570664195
1992-09-11 00:00:00,1992,9,11,0,716169600,17.460797953835876,4.7790407974278,97.98867070514738,0.8295143943333982,0.0,0.2683765978977596,0.7120265541573518
1992-09-11 06:00:00,1992,9,11,6,716191200,27.428268274199432,4.699915338609921,97.86405483298267,0.11508247781333347,10.664615303542515,0.3832492988019185,0.6844101632850839
1992-09-11 12:00:00,1992,9,11,12,716212800,30.094657310472744,2.29201908852485,97.72102004643233,19.387826983328427,0.0,0.30899750563881956,0.6855824094967067
1992-09-11 18:00:00,1992,9,11,18,716234400,24.834109834386226,5.645538544591738,98.38253383541999,0.6306661563807157,3.3305434308777286,0.31657369213531034,0.7195485402108909
1992-09-12 00:00:00,1992,9,12,0,716256000,24.524623832873058,3.658977221004526,98.2347630237185,0.6014905082284466,0.0,0.2686466358956914,0.6674832774105299
1992-09-12 06:00:00,1992,9,12,6,716277600,28.446925525861797,8.09729669371266,98.33597684590059,0.3954479817213593,0.4756931178113345,0.2749996806546601,0.6428344502196074
1992-09-12 12:00:00,1992,9,12,12,716299200,31.89770340490563,4.32042310911937,98.29763826629699,18.752155331948238,13.797215692199886,0.4272108500615122,0.6754174866969072
1992-09-12 18:00:00,1992,9,12,18,716320800,28.193387714884565,2.5739906788655826,97.52790056550116,0.40075200751532275,2.7279511167489647,0.34783409990994224,0.7300905985068263
1992-09-13 00:00:00,1992,9,13,0,716342400,23.52329654578502,4.656669224030187,98.11806931187857,0.6777238660192316,0.0,0.28983155094416335,0.6742955592771235
1992-09-13 06:00:00,1992,9,13,6,716364000,26.547261471744264,3.1127332122292817,97.72228202367097,0.0583217888226657,0.0,0.27125876294246365,0.7034540017789911
1992-09-13 12:00:00,1992,9,13,12,716385600,31.964946702190666,3.953361375770804,98.41914359858646,19.260304386743325,0.0,0.28827778794388076,0.7311007045997008
1992-09-13 18:00:00,1992,9,13,18,716407200,28.01845213369105,3.832627392630329,98.39558959679067,0.20438276491787727,0.0,0.3285147574294446,0.6890976292012952
1992-09-14 00:00:00,1992,9,14,0,716428800,22.05083859512722,3.562301054099387,98.15033677495677,0.1744241594054743,6.031361107967288,0.32708600020950884,0.6820070748392768
1992-09-14 06:00:00,1992,9,14,6,716450400,27.73227119345764,2.980554285299094,98.27511216175448,0.7119796725241666,0.0,0.3033175033378997,0.7048511748852063
1992-09-14 12:00:00,1992,9,14,12,716472000,28.476500635622692,4.071793510209194,97.83931457015824,19.349431744751318,0.0,0.2796302940902603,0.714169946833951
1992-09-14 18:00:00,1992,9,14,18,716493600,25.79070655318169,3.4789535182899054,98.75945621487969,0.7201038311181659,0.0,0.27869059930140827,0.7058889988263316
1992-09-15 00:00:00,1992,9,15,0,716515200,22.74678365802706,3.689843414858549,98.35397055177852,0.7716873435023679,0.0,0.2551236017920864,0.6265284038674271
1992-09-15 06:00:00,1992,9,15,6,716536800,26.783206416509262,3.427588631187934,98.15944874537036,0.7771724891739228,0.0,0.2747762750176157,0.6427278027282523
1992-09-15 12:00:00,1992,9,15,12,716558400,31.38309941013727,4.0569725415944635,98.43915320174571,18.69864238658591,0.0,0.2701642059623506,0.628102330066788
1992-09-15 18:00:00,1992,9,15,18,716580000,25.77673786646097,2.9855216280584402,98.21696797829195,0.7485778296629918,0.0,0.27329525748119543,0.7044395061819717
1992-09-16 00:00:00,1992,9,16,0,716601600,23.85852130691493,2.3467352001790247,98.23135375426142,0.21767912974268877,0.0,0.29788564187400246,0.6651152691449547
1992-09-16 06:00:00,1992,9,16,6,716623200,26.487250571898574,4.138688629783244,98.2262822392358,0.5105805513945624,11.15867924064888,0.40454722007266536,0.6825068387312472
1992-09-16 12:00:00,1992,9,16,12,716644800,34.52168222916741,3.0571971636897777,97.95256013780994,19.258073521617217,0.0,0.298614037880491,0.6944079238700012
1992-09-16 18:00:00,1992,9,16,18,716666400,23.051128416244143,3.0242184866564568,98.32581836699472,0.42669783282933116,0.0,0.2823931158721474,0.6967104888855032
1992-09-17 00:00:00,1992,9,17,0,716688000,23.696212443863104,2.991056849307827,97.73069454843377,0.10242993505562503,0.0,0.27691341499039546,0.6396315646055938
1992-09-17 06:00:00,1992,9,17,6,716709600,26.30956917039566,3.159133216010928,98.64363993953539,0.560510045684885,0.0,0.2548869269577527,0.7069593328012764
1992-09-17 12:00:00,1992,9,17,12,716731200,31.485454269141716,2.362067754414316,98.35422570014981,18.97907892159259,7.514465171981765,0.34781429227128424,0.7129130995230661
1992-09-17 18:00:00,1992,9,17,18,716752800,28.119132895995925,2.4919454082396473,98.28917707098181,0.7902926124348355,0.0,0.2687634325811055,0.7128143765909608
1992-09-18 00:00:00,1992,9,18,0,716774400,21.0838208100858,3.9922558598224818,98.52386094688424,0.326432110079924,0.0,0.29591199021484643,0.6542545915855209
1992-09-18 06:00:00,1992,9,18,6,716796000,25.996266955543827,4.203651416582407,98.28720063085302,0.1711141049521956,5.604214819080827,0.3174806157225177,0.7535352939952903
1992-09-18 12:00:00,1992,9,18,12,716817600,31.07134810536267,3.9185391545993404,97.87686017923387,18.94943462775369,0.0,0.2821670262543471,0.7135458392857056
1992-09-18 18:00:00,1992,9,18,18,716839200,25.715584212263455,2.462501186506686,98.57066880358423,0.5410346663704066,0.0,0.3254157429410659,0.6485481644950256
1992-09-19 00:00:00,1992,9,19,0,716860800,18.754844801549027,3.2753082978053785,98.38199440125396,0.8089431210843581,38.737940359279854,0.48,0.6948028819547223
1992-09-19 06:00:00,1992,9,19,6,716882400,24.898668924215684,3.5760195022639305,98.52950724744578,0.8390550961721436,5.450436367118679,0.3217159284580879,0.6879081894106491
1992-09-19 12:00:00,1992,9,19,12,716904000,26.293890672559172,5.972604672382282,98.4916284644198,18.61440116445157,0.0,0.2567919573150591,0.7065329732526653
1992-09-19 18:00:00,1992,9,19,18,716925600,24.44318628463567,2.5212374643872124,98.43556015308187,0.31166047867668634,0.0,0.30163832065121693,0.6597756277270627
1992-09-20 00:00:00,1992,9,20,0,716947200,16.10821000980465,2.2676296354258323,98.18893047655195,0.8527781829849354,0.0,0.28796989787754573,0.7205302357838703
1992-09-20 06:00:00,1992,9,20,6,716968800,27.907258469294643,4.980966938530137,98.2681172231157,0.8886836586074187,0.0,0.3083814832207396,0.7078736798823224
1992-09-20 12:00:00,1992,9,20,12,716990400,34.24559947229213,3.2519443364198506,98.51937698909539,18.716958557259275,0.0,0.2916702005966807,0.6608124334692681
1992-09-20 18:00:00,1992,9,20,18,717012000,25.48320180014611,4.437305726007542,97.53183861174811,0.2647944470694107,0.0,0.26385681243685144,0.6578763589997217
1992-09-21 00:00:00,1992,9,21,0,717033600,18.958744423024967,8.89596600645018,98.26848402580876,0.6393770222702814,0.0,0.255419647853966,0.7030179038955852
1992-09-21 06:00:00,1992,9,21,6,717055200,24.959285303026647,3.6904612352820187,97.8159373474207,0.9070866531374141,11.988689589841066,0.4092299681379728,0.6802557305595438
1992-09-21 12:00:00,1992,9,21,12,717076800,32.085805104986335,3.2122587169910766,98.81661225001722,18.207322755321197,0.0,0.2677615742671283,0.6494887935448911
1992-09-21 18:00:00,1992,9,21,18,717098400,28.204823711386897,3.027137055724463,98.38953451272185,0.8094198362812077,3.4716156867699848,0.32369300326516776,0.6836301200708613
1992-09-22 00:00:00,1992,9,22,0,717120000,20.1094464595163,2.399518407821375,98.51050282982476,0.17748327085418059,5.989662070130771,0.3588774701227865,0.6907653504212872
1992-09-22 06:00:00,1992,9,22,6,717141600,26.23224039299909,3.6366267698587973,98.57061360423268,0.5852141031992455,7.676034323127364,0.3692540907983908,0.757060478175763
1992-09-22 12:00:00,1992,9,22,12,717163200,28.134738210155852,2.4123696146906166,97.61535569842907,18.468663927796932,0.0,0.29404874709753664,0.6764041311978968
1992-09-22 18:00:00,1992,9,22,18,717184800,27.273101203175543,4.303519042752338,98.44905112486319,0.7844515577722937,0.0,0.2749348100070159,0.6909876607780536
1992-09-23 00:00:00,1992,9,23,0,717206400,21.957637952168305,2.433740367830151,98.93462728774779,0.7768233997131859,0.0,0.2631688010836851,0.6567983564768551
1992-09-23 06:00:00,1992,9,23,6,717228000,25.738306563148438,3.4259594160803664,98.03952542773804,0.23060876332691826,0.0,0.31611262700766235,0.6608741069118522
1992-09-23 12:00:00,1992,9,23,12,717249600,27.904672488241452,3.396860857814776,98.63826407293435,18.04622009972226,0.0,0.2480737120448233,0.7646017083357575
1992-09-23 18:00:00,1992,9,23,18,717271200,25.866855336857107,5.026632693915538,98.36359925976497,0.5424460448009397,8.882132018575424,0.3621634192501247,0.6850862380905177
1992-09-24 00:00:00,1992,9,24,0,717292800,18.764912288271947,5.401653862609461,97.88638433512142,0.18407547218920606,0.0,0.2654839828911838,0.7396329283388484
1992-09-24 06:00:00,1992,9,24,6,717314400,25.167419778424062,2.712749684339515,98.38918578872602,0.5981742828079936,0.0,0.26709579924273685,0.6620647213062365
1992-09-24 12:00:00,1992,9,24,12,717336000,30.919273731281507,3.7235029487054603,97.99748010906977,18.231240647545416,3.231189555687849,0.3043925865872338,0.7046219056505811
1992-09-24 18:00:00,1992,9,24,18,717357600,25.72050385628359,4.752605019063006,98.62779969792547,0.08206454784842403,0.0,0.3153236459810094,0.6789585571673395
1992-09-25 00:00:00,1992,9,25,0,717379200,21.867961469866657,2.893809472829457,98.03097759478456,0.5089766577245255,0.0,0.27860431667905855,0.7081656636553043
1992-09-25 06:00:00,1992,9,25,6,717400800,27.30875739010206,2.395622490418259,98.80171519070785,0.5852586015619524,5.539830355753708,0.29952903816703963,0.6430635192168573
1992-09-25 12:00:00,1992,9,25,12,717422400,28.818226475062144,5.794405007088013,98.16991663031587,17.807390671377295,0.0,0.26021658471551834,0.6852237496639658
1992-09-25 18:00:00,1992,9,25,18,717444000,22.510047417571823,3.6012860092131236,98.56842898324084,0.1490050068408673,15.837857878413937,0.4491820269948992,0.70329857269896
1992-09-26 00:00:00,1992,9,26,0,717465600,21.366142741711133,3.8630667921589223,98.77703278937459,0.43649763575624234,0.0,0.2530518572600591,0.6762774619097975
1992-09-26 06:00:00,1992,9,26,6,717487200,26.535448145464763,4.453624359893227,98.68974153746149,0.45189484666323676,0.0,0.27084356748366817,0.7026810083192457
1992-09-26 12:00:00,1992,9,26,12,717508800,31.789748811817276,4.1566797151687265,98.88946614029032,18.414532247975725,0.0,0.2517813382840753,0.6661183312233704
1992-09-26 18:00:00,1992,9,26,18,717530400,25.389241208128,4.397465582010815,98.73477840501285,0.04477509337419008,0.0,0.2803272046532761,0.7544769028539798
1992-09-27 00:00:00,1992,9,27,0,717552000,18.769734006928715,3.117456329608861,98.54733010006089,0.9399539155277415,0.0,0.27196219989095494,0.7187298916457363
1992-09-27 06:00:00,1992,9,27,6,717573600,25.08610124060436,3.952628221005904,98.88187680373791,0.9907619511802946,0.0,0.24660191139476992,0.6321585818412169
1992-09-27 12:00:00,1992,9,27,12,717595200,31.874608203307872,2.7937968679989726,98.50811958766727,18.111261782751253,0.0,0.27550947512708385,0.733776024483723
1992-09-27 18:00:00,1992,9,27,18,717616800,22.431538927277305,6.6477178197308655,98.90384989315265,0.3456968692878789,0.0,0.2847441668152919,0.7095296349007087
1992-09-28 00:00:00,1992,9,28,0,717638400,17.44774434650527,2.2938149499529032,98.03231138990857,0.6132978840139707,0.0,0.2487256872937263,0.6188777426257004
1992-09-28 06:00:00,1992,9,28,6,717660000,23.714657648730373,3.867380862569883,98.39946860444199,0.9254234800520349,0.0,0.2757329368433711,0.7459875501168924
1992-09-28 12:00:00,1992,9,28,12,717681600,31.66681697384699,2.762655905993017,98.66065843964007,18.032079086329734,0.0,0.2772278227649624,0.7124056463677925
1992-09-28 18:00:00,1992,9,28,18,717703200,24.676027084280264,3.19926799364341,98.20566762388394,0.17882978083858136,0.0,0.29345563131413016,0.7141500215461195
1992-09-29 00:00:00,1992,9,29,0,717724800,17.243892275428504,9.959558842772728,98.86497596282877,0.31803156168046576,0.0,0.2683188030888637,0.6665527774291025
1992-09-29 06:00:00,1992,9,29,6,717746400,24.26473570854499,2.70962108842045,98.60262257238924,0.6438931681612463,0.0,0.28701259227741743,0.7143669062529684
1992-09-29 12:00:00,1992,9,29,12,717768000,29.67716282807578,2.454499083083446,98.27525930971235,17.44768525474575,0.0,0.26176614371918094,0.6748516926099919
1992-09-29 18:00:00,1992,9,29,18,717789600,25.155001511186317,2.8536069328779923,98.74653272469197,0.9035338775189546,0.0,0.28895681468532597,0.6864723376338543
1992-09-30 00:00:00,1992,9,30,0,717811200,18.733878082177707,3.0961975989337494,97.92246216807612,0.9567836404818438,0.0,0.2522221209505924,0.7269003930768851
1992-09-30 06:00:00,1992,9,30,6,717832800,24.488606774799667,2.423845775522456,98.5012170947424,0.9183939456788085,0.0,0.2712756364960906,0.6779088346913538
1992-09-30 12:00:00,1992,9,30,12,717854400,26.312828304678032,4.03845033740063,98.40736325535251,17.141149016705675,0.0,0.27547086802180865,0.7067021182046234
1992-09-30 18:00:00,1992,9,30,18,717876000,24.500053735563117,4.469985574022356,98.74954450037148,0.4601633411006808,0.0,0.25995158058863876,0.7694825899143481
1992-10-01 00:00:00,1992,10,1,0,717897600,18.343220690646916,2.2856004366042644,98.65981249994883,0.04566895774958146,0.0,0.282096144644316,0.7077714751638071
1992-10-01 06:00:00,1992,10,1,6,717919200,21.584531077258756,2.5573572508037854,98.85699936027,0.7925130540250922,0.0,0.2617768337285865,0.7389514410441816
1992-10-01 12:00:00,1992,10,1,12,717940800,29.8710253358357,2.754889870321956,97.99883251157854,17.070322510071,17.721186546492852,0.41193683589355207,0.7128961319240817
1992-10-01 18:00:00,1992,10,1,18,717962400,24.405750352659766,2.4623342048233736,98.4658394759493,0.3788074607079724,0.0,0.23642912881435763,0.7383326278855106
1992-10-02 00:00:00,1992,10,2,0,717984000,21.10182691365644,5.1774600239193775,97.95540909509376,0.6434550447760299,0.0,0.2464467073008551,0.6679069328660375
1992-10-02 06:00:00,1992,10,2,6,718005600,23.732201131418826,4.341800707009348,98.42364508757491,0.525288386758328,0.0,0.24174664380757416,0.6925383706119564
1992-10-02 12:00:00,1992,10,2,12,718027200,26.536858770528593,2.4065970603379254,98.52672704528509,17.146690162598603,0.0,0.2433216976816749,0.6652396981618365
1992-10-02 18:00:00,1992,10,2,18,718048800,24.96852854643422,5.7200588461099935,98.27800749966772,0.7064838537989512,0.0,0.23870359084270795,0.7216265361521317
1992-10-03 00:00:00,1992,10,3,0,718070400,21.035628530743594,2.231144448368254,98.44261827301602,0.21040148553262894,0.0,0.2611832581038147,0.6825849823003747
1992-10-03 06:00:00,1992,10,3,6,718092000,21.702212282491764,2.802191482842482,98.42463317953214,0.09157686733815329,0.0,0.26213708444109257,0.7253312535223959
1992-10-03 12:00:00,1992,10,3,12,718113600,27.70015441336341,3.901894689027778,98.63140755961997,17.687152500241965,0.0,0.2622806431208701,0.6934244741985357
1992-10-03 18:00:00,1992,10,3,18,718135200,26.129439654806912,2.317036929252245,99.39579728140971,0.9434850387862682,0.0,0.21816639056275788,0.7375585615640137
1992-10-04 00:00:00,1992,10,4,0,718156800,19.353323896915388,4.18346222396301,98.82086415313144,0.82191426523627,0.0,0.27475720709713436,0.6768338047559866
1992-10-04 06:00:00,1992,10,4,6,718178400,21.833364138097796,3.3655644921784353,98.26696178208502,0.04629915739947388,12.112893630820711,0.36770251197313875,0.7219178817137895
1992-10-04 12:00:00,1992,10,4,12,718200000,27.235688955638548,6.094871704319937,98.89800183257839,17.00659323362301,0.0,0.23708678574323241,0.6867897531048288
1992-10-04 18:00:00,1992,10,4,18,718221600,24.701705779889398,2.6781320631738468,98.70812111706687,0.5046253365469892,0.0,0.2510574459357434,0.7405359543289564
1992-10-05 00:00:00,1992,10,5,0,718243200,18.571297443625042,2.2888514618872917,98.14400804627749,0.5961598997049973,0.0,0.2753572210841039,0.6898837043845782
1992-10-05 06:00:00,1992,10,5,6,718264800,21.737675737088242,2.381685209866112,99.22266693854677,0.49122480756300246,6.200938143666438,0.32231164249158356,0.6991695849375388
1992-10-05 12:00:00,1992,10,5,12,718286400,27.968456816096193,4.4608194192275485,98.70838901579275,16.880309432445234,0.0,0.23111382691630653,0.6939944490595323
1992-10-05 18:00:00,1992,10,5,18,718308000,23.86772932509699,2.399066513199418,98.62164408378511,0.6898493590590429,0.0,0.23365002817046399,0.739884909913989
1992-10-06 00:00:00,1992,10,6,0,718329600,19.308868211152213,2.418740174055989,98.70013780209297,0.7719335855366138,0.0,0.266394898608986,0.6991197085559842
1992-10-06 06:00:00,1992,10,6,6,718351200,22.03669039473718,2.478532029174047,98.63321825041,0.912505778287274,0.0,0.2901282923105743,0.744089156353912
1992-10-06 12:00:00,1992,10,6,12,718372800,25.934387124033254,2.469493626374391,98.19504352539009,16.63172138326527,0.0,0.2876669552333391,0.7180976113976929
1992-10-06 18:00:00,1992,10,6,18,718394400,22.41593338623392,2.7568609510889557,98.67760520897615,0.3298697925946484,0.0,0.2592219957203457,0.7713699334399262
1992-10-07 00:00:00,1992,10,7,0,718416000,21.53205345346091,2.5608942973003215,98.7111288387304,0.5306532077043968,0.0,0.24265789525647005,0.7261648195515422
1992-10-07 06:00:00,1992,10,7,6,718437600,23.60390764689783,5.509711274589453,98.99541117588907,0.7530267474462797,0.0,0.20638336749677158,0.6483187337778488
1992-10-07 12:00:00,1992,10,7,12,718459200,28.11954347949399,4.7962578377266345,98.48595229996272,17.32294288332906,0.0,0.23040165829324175,0.705004461047141
1992-10-07 18:00:00,1992,10,7,18,718480800,22.643731466283228,2.7505145152144226,98.9013031873106,0.3771566958468411,0.0,0.296017854701687,0.6857604038949797
1992-10-08 00:00:00,1992,10,8,0,718502400,16.155713821598095,6.647332880956899,98.6610334299598,0.4661885126846669,0.0,0.24322427794363408,0.6632948735612328
1992-10-08 06:00:00,1992,10,8,6,718524000,21.288466144494308,3.698951728903894,99.02727485533669,0.6087371465757604,0.0,0.24256891411762047,0.7178445327846708
1992-10-08 12:00:00,1992,10,8,12,718545600,29.787980959987994,2.6835097801476167,98.90775344472753,16.583741607585086,0.0,0.25253243460721203,0.6492817973337467
1992-10-08 18:00:00,1992,10,8,18,718567200,24.75884317253412,2.918313050585569,98.29563348642613,0.7588007287317269,0.0,0.24936377786744482,0.6730991500391089
1992-10-09 00:00:00,1992,10,9,0,718588800,17.853174562880472,2.513336746945175,98.7108087562376,0.8191218254889922,0.0,0.2193705674544194,0.73107495259306
1992-10-09 06:00:00,1992,10,9,6,718610400,23.576837235909483,3.7846107943930214,98.59002197561857,0.07503415679738745,0.0,0.25201510413576683,0.6452609397926914
1992-10-09 12:00:00,1992,10,9,12,718632000,26.6080158730374,5.382700876213523,98.72969224975529,16.487997733284143,0.0,0.23753361559345917,0.6891650266750318
1992-10-09 18:00:00,1992,10,9,18,718653600,23.547679359433857,3.4473672393678267,98.43341114626266,0.7682732347218609,0.0,0.2848988651353387,0.6596014120267012
1992-10-10 00:00:00,1992,10,10,0,718675200,19.031113930255742,3.283486523294166,98.03949357564801,0.35736374001656235,0.0,0.22693575079324632,0.7258836983878918
1992-10-10 06:00:00,1992,10,10,6,718696800,26.81512233944611,2.3771478621859186,98.49549905553882,0.23562235188001834,0.0,0.2482634930992531,0.6613638202745881
1992-10-10 12:00:00,1992,10,10,12,718718400,28.420663218477387,3.111600809921289,99.32708041057445,16.678422625892523,0.0,0.2490619552608057,0.6764098268459826
1992-10-10 18:00:00,1992,10,10,18,718740000,24.9910481587792,2.2502963254666817,98.83653261533014,0.16634590760498413,0.0,0.2281957485654914,0.6713589007830747
1992-10-11 00:00:00,1992,10,11,0,718761600,18.043731651307375,3.188489376648035,99.1688362271974,0.8615494484066114,0.0,0.21369472127384964,0.7051531002915271
1992-10-11 06:00:00,1992,10,11,6,718783200,22.486613457897594,6.57367982409754,98.82327253635098,0.04842527967527943,0.0,0.2513375441112548,0.6562758895953963
1992-10-11 12:00:00,1992,10,11,12,718804800,24.981560176415798,4.242183974280069,98.74102101892764,16.755128819897458,0.0,0.2370487551366316,0.6874748089632312
1992-10-11 18:00:00,1992,10,11,18,718826400,20.401378595178617,3.693242462694947,98.5067406918086,0.07400189140557932,0.0,0.19475659981110952,0.6639864259777615
1992-10-12 00:00:00,1992,10,12,0,718848000,16.8520449519561,4.47875897912601,98.86892400193689,0.1561506771029263,0.0,0.2588639499516607,0.7106509403750588
1992-10-12 06:00:00,1992,10,12,6,718869600,21.68983018780733,3.116340335287905,98.82638491686318,0.7608620643270194,0.0,0.23455879399471746,0.706847964909971
1992-10-12 12:00:00,1992,10,12,12,718891200,28.699136074192435,3.1047612492494117,98.5193832817135,16.6201362357444,0.0,0.2221289644557478,0.7186180989982011
1992-10-12 18:00:00,1992,10,12,18,718912800,22.536997964938134,2.4742054493709578,98.85004510104937,0.8395241488210142,0.0,0.23297112419958524,0.7008188779619605
1992-10-13 00:00:00,1992,10,13,0,718934400,19.897876717037512,4.949061112738852,98.99763493200463,0.07954600171088744,0.0,0.26302410427684697,0.6668755214136672
1992-10-13 06:00:00,1992,10,13,6,718956000,24.983194264313433,6.357235316939675,98.65112302093031,0.755121093124072,0.0,0.23594934990495978,0.7404733174649738
1992-10-13 12:00:00,1992,10,13,12,718977600,28.01495706294393,2.5203670627027988,98.85110354677366,16.080089924428716,0.0,0.21349848906931546,0.6641657604598679
1992-10-13 18:00:00,1992,10,13,18,718999200,22.391402651039783,2.508548210633128,98.54400125543164,0.965930738103606,0.0,0.2326338750149009,0.6966449480227045
1992-10-14 00:00:00,1992,10,14,0,719020800,21.101275146212117,2.640118592663735,98.59161291728059,0.8753507383950186,0.0,0.21394327352478926,0.698060403309987
1992-10-14 06:00:00,1992,10,14,6,719042400,21.554820545604326,3.8360369245847874,99.08663310101939,0.5111018037163294,0.0,0.22513360496909354,0.6867951513842875
1992-10-14 12:00:00,1992,10,14,12,719064000,26.755599255076433,3.8356159802740883,99.01389172437923,16.62924137794269,0.0,0.23980987360204628,0.661978891361246
1992-10-14 18:00:00,1992,10,14,18,719085600,23.00617050163123,2.7677980747335167,98.6191498010123,0.005183279152249651,0.0,0.2193811880261567,0.694523809044583
1992-10-15 00:00:00,1992,10,15,0,719107200,16.82026599613737,2.468845025696386,98.84754712338464,0.839051674142174,0.0,0.2096615533922658,0.6688022429108345
1992-10-15 06:00:00,1992,10,15,6,719128800,21.36767154338504,2.3677313512781852,98.84682064215257,0.15269105542124684,0.0,0.2103490628349388,0.6733085554853017
1992-10-15 12:00:00,1992,10,15,12,719150400,27.34870389048982,6.2474861472619185,98.99493460983155,16.023501263331262,0.0,0.21583242814268144,0.7063801070567242
1992-10-15 18:00:00,1992,10,15,18,719172000,24.950665836829163,2.5729547201560425,98.83305205991893,0.03854826103127723,0.0,0.23502557334216406,0.6324505691974645
1992-10-16 00:00:00,1992,10,16,0,719193600,17.60314055285754,2.6686844922036146,99.29750662490777,0.24401471794187035,0.0,0.20194920958284282,0.7143630226472655
1992-10-16 06:00:00,1992,10,16,6,719215200,20.972391982085448,4.839340202098821,98.16771460814795,0.8046757270383481,1.5257391083290812,0.269362212806527,0.6987786910444916
1992-10-16 12:00:00,1992,10,16,12,719236800,29.72050322858221,6.487296005101127,98.88019956189696,16.510014784325882,0.0,0.2534011753352733,0.6435459563470538
1992-10-16 18:00:00,1992,10,16,18,719258400,22.171831094306107,4.565302931548411,98.82124865949255,0.7044829752294933,0.0,0.2235225416477341,0.6391810510926581
1992-10-17 00:00:00,1992,10,17,0,719280000,17.202884866539485,4.725897326085976,99.1518258328888,0.008533207591303715,0.0,0.21732753664510565,0.6830350561994202
1992-10-17 06:00:00,1992,10,17,6,719301600,21.328368598485948,3.70877968499196,98.61258828334219,0.6676135144656663,0.0,0.21625896502501715,0.6931614037300151
1992-10-17 12:00:00,1992,10,17,12,719323200,28.980414262227082,2.3466081718413614,98.80346255907003,16.17742324129828,0.0,0.20847616905358998,0.6795519624083207
1992-10-17 18:00:00,1992,10,17,18,719344800,20.634056685079894,9.923204053000354,98.90273257355682,0.8978015482834328,0.0,0.21265076866560306,0.6561992064643143
1992-10-18 00:00:00,1992,10,18,0,719366400,19.134583810698793,2.719788905922436,98.68979573476567,0.09425910041721974,0.0,0.22319597542704983,0.7097158146413988
1992-10-18 06:00:00,1992,10,18,6,719388000,20.41790630552749,3.5361642054853117,98.84898342969873,0.1727831940783845,0.0,0.20812748418602625,0.7292827695098537
1992-10-18 12:00:00,1992,10,18,12,719409600,29.944043448370827,2.4967423581885795,98.85091256098038,16.193599649616008,0.0,0.23048989899979025,0.7211976595331814
1992-10-18 18:00:00,1992,10,18,18,719431200,19.52160543121526,4.000352114935331,98.84265540246226,0.1249327890475879,0.0,0.22939572676131917,0.7495846728375586
1992-10-19 00:00:00,1992,10,19,0,719452800,13.435944498048285,4.128887139963914,98.69623376379248,0.888314957145817,0.0,0.23693869834143258,0.6439177193497594
1992-10-19 06:00:00,1992,10,19,6,719474400,19.51893079590789,3.7085673914567803,98.62126475559633,0.14786629070831503,0.0,0.22406000911188675,0.7183185293920664
1992-10-19 12:00:00,1992,10,19,12,719496000,25.629433768433728,4.018048530402749,98.983315196111,16.18398286770019,0.0,0.22728865627109818,0.6564502980237077
1992-10-19 18:00:00,1992,10,19,18,719517600,20.139172905630815,3.241212341766123,98.07406463915993,0.6229530790999375,0.0,0.20536853880911687,0.692121679835294
1992-10-20 00:00:00,1992,10,20,0,719539200,16.095786080806977,3.2106393142433474,98.84496747985882,0.308264563619555,7.811328149403575,0.27749489244677766,0.7377702359108964
1992-10-20 06:00:00,1992,10,20,6,719560800,21.775700349996622,3.1796147868944553,98.83986674546942,0.34046883602671163,0.0,0.21409317448729523,0.6663251561615804
1992-10-20 12:00:00,1992,10,20,12,719582400,25.8115701009011,2.875470419393566,98.71553086027741,16.11217688022042,0.0,0.2109668478718674,0.6673550274076185
1992-10-20 18:00:00,1992,10,20,18,719604000,23.739774789295865,2.4180755882816922,99.35475186762324,0.8586910755987135,0.0,0.20279152714256227,0.656248169357955
1992-10-21 00:00:00,1992,10,21,0,719625600,16.01446501448007,2.8984802747821945,98.4575846459911,0.6203496211972325,0.0,0.19016932394407335,0.6937785289907543
1992-10-21 06:00:00,1992,10,21,6,719647200,18.89851020395863,5.306586008745001,98.8047755893592,0.4657792153024015,0.0,0.2546134015850804,0.6789423139033723
1992-10-21 12:00:00,1992,10,21,12,719668800,29.201990540613252,2.6349191501322906,98.54768553931744,15.827374406235455,0.0,0.18862996137439106,0.7148198709120112
1992-10-21 18:00:00,1992,10,21,18,719690400,22.443672364083085,2.4323427598280594,99.60463152126471,0.9106703272956749,0.0,0.20320790532040306,0.6776827607262128
1992-10-22 00:00:00,1992,10,22,0,719712000,14.2250574727329,3.605702389623964,98.88554171423752,0.9332902108049272,0.0,0.24293045163521143,0.6451424409845551
1992-10-22 06:00:00,1992,10,22,6,719733600,23.337074533435853,3.876864032271436,98.83445982413184,0.4898902008656658,0.0,0.22049718114409617,0.6627932079718776
1992-10-22 12:00:00,1992,10,22,12,719755200,23.97882291135721,2.707295700872914,98.5908058967313,15.530689474610426,0.0,0.19410442876327333,0.6677523397348926
1992-10-22 18:00:00,1992,10,22,18,719776800,21.664036015512,2.8047781584030096,99.24655907574908,0.7658810360018571,0.0,0.1607432617142696,0.590505377116236
1992-10-23 00:00:00,1992,10,23,0,719798400,16.327106984857245,3.02056818696658,99.17491385738737,0.28090858962561316,0.0,0.19417376922789228,0.658540260034831
1992-10-23 06:00:00,1992,10,23,6,719820000,21.265841559976753,3.234339908227797,98.93346174340977,0.8987652821053449,0.0,0.19594398146200712,0.7176860428417648
1992-10-23 12:00:00,1992,10,23,12,719841600,27.059428669233053,5.028913884606844,99.50245732787467,15.397807576814458,0.0,0.23382610499871354,0.611540017406418
1992-10-23 18:00:00,1992,10,23,18,719863200,20.89801997133468,4.056305740302266,99.77061859702013,0.4329747381951503,0.0,0.19469168727617012,0.6920814838322762
1992-10-24 00:00:00,1992,10,24,0,719884800,20.28606189807192,4.726756330804216,98.96776278748159,0.6055185615692209,0.0,0.22332628292052265,0.6638717524312131
1992-10-24 06:00:00,1992,10,24,6,719906400,22.121275529277167,3.177987025277428,98.9586989837507,0.858003402663928,2.9051738205241158,0.2642987591667978,0.6770085642194161
1992-10-24 12:00:00,1992,10,24,12,719928000,25.93228341346106,2.519677098227044,99.25823324288731,15.823377465419293,0.0,0.22016157803007097,0.6386392948707883
1992-10-24 18:00:00,1992,10,24,18,719949600,21.018336618798426,3.2382559824645387,98.41918326621662,0.4315381499300743,0.0,0.20905940728472328,0.7079453353646304
1992-10-25 00:00:00,1992,10,25,0,719971200,15.469140242953022,6.087018253130351,98.64732988168379,0.39641477108479206,0.0,0.23173740419960734,0.6381702621224455
1992-10-25 06:00:00,1992,10,25,6,719992800,21.530709918367684,3.0175468977837863,98.96282558065052,0.9306372097470151,0.0,0.20803032894248158,0.654978389213266
1992-10-25 12:00:00,1992,10,25,12,720014400,25.259757812835613,3.311516832703761,99.37408534835149,15.34742255435104,0.0,0.23028454977626572,0.6529110396803549
1992-10-25 18:00:00,1992,10,25,18,720036000,20.684972181374917,2.5461241869863924,99.50177782718457,0.6982528393003077,0.0,0.19736103608099118,0.6617900461288622
1992-10-26 00:00:00,1992,10,26,0,720057600,16.86298368613865,2.906921638356383,98.93957210540235,0.09037625842516894,0.0,0.1752985156571868,0.6556193368664209
1992-10-26 06:00:00,1992,10,26,6,720079200,18.788223054741856,2.7256396926586755,99.05097207907895,0.28108571253189696,0.0,0.22587794083410084,0.6601257968073047
1992-10-26 12:00:00,1992,10,26,12,720100800,22.252362541025086,4.550957043522102,98.31973311885379,15.307236984587568,0.0,0.19632378791428298,0.6310231328068564
1992-10-26 18:00:00,1992,10,26,18,720122400,20.544703900841142,4.277685297422966,98.89008760370942,0.06393080767797672,0.0,0.1924085212662335,0.6852286938129402
1992-10-27 00:00:00,1992,10,27,0,720144000,11.443867556391236,3.637848324789598,98.97428347470084,0.8495695522679318,2.0880437382117876,0.22816159739994762,0.702660471140639
1992-10-27 06:00:00,1992,10,27,6,720165600,19.653677066818677,3.689203380788632,98.78847850412511,0.6453616599823281,0.0,0.18774758094726116,0.6480630038207539
1992-10-27 12:00:00,1992,10,27,12,720187200,25.382629362396372,7.4584448260551985,98.82944989131606,15.516064723498253,0.0,0.199733106024578,0.6883390984910119
1992-10-27 18:00:00,1992,10,27,18,720208800,21.209157188085726,3.4820300600201444,99.06907769353964,0.2802861654623902,0.0,0.19902109003179136,0.591771924125332
1992-10-28 00:00:00,1992,10,28,0,720230400,17.996178743017015,4.327187841035363,98.74219945033377,0.4167419589202679,0.0,0.22696877492398548,0.6280735121003861
1992-10-28 06:00:00,1992,10,28,6,720252000,18.42850857267213,10.700138840339815,99.22646806196013,0.3305031214951929,0.0,0.21772411628170235,0.6827882596489547
1992-10-28 12:00:00,1992,10,28,12,720273600,24.2776741610139,5.30678599980992,98.66687370990057,15.387078161577355,0.0,0.21347356383811714,0.6340179898548578
1992-10-28 18:00:00,1992,10,28,18,720295200,20.72354020704821,4.472871698896432,98.85259738073194,0.796691560255196,0.0,0.19570683351175894,0.602745863747546
1992-10-29 00:00:00,1992,10,29,0,720316800,17.257551856010373,5.949713210659232,99.0140675872064,0.4389431506038023,0.0,0.15787455903891912,0.6095125030812798
1992-10-29 06:00:00,1992,10,29,6,720338400,17.932165480911745,5.273954858079456,98.67817005189984,0.37883863531863526,0.0,0.19536028198636177,0.616003391560648
1992-10-29 12:00:00,1992,10,29,12,720360000,26.33322735212664,4.6077275557823,98.88829717172291,14.912702076247626,13.88435271027331,0.3245583381271594,0.670148757816369
1992-10-29 18:00:00,1992,10,29,18,720381600,17.764662320147963,2.5798383796852016,98.85505536994556,0.4789710785294589,0.0,0.2272776448095481,0.6735150584935334
1992-10-30 00:00:00,1992,10,30,0,720403200,14.188655605539983,3.117288172554078,99.23272161329511,0.5322547058838586,0.0,0.21688983395885186,0.7012887904501874
1992-10-30 06:00:00,1992,10,30,6,720424800,18.952828610701943,2.5025825959697596,99.28112643520306,0.7266521336598307,0.0,0.17786577030956058,0.6357092274846837
1992-10-30 12:00:00,1992,10,30,12,720446400,24.498926486298007,4.306303522097525,98.63842026993876,15.017757371426375,0.0,0.22768470463020157,0.6238548023000412
1992-10-30 18:00:00,1992,10,30,18,720468000,21.36618790409223,3.061704586629128,99.16248377165503,0.24836658486145283,0.0,0.2175882090246979,0.6195568428619601
1992-10-31 00:00:00,1992,10,31,0,720489600,15.121208520641039,3.5014142336534997,99.40004660110897,0.21968953529002788,0.0,0.17281672108217302,0.5668699505424619
1992-10-31 06:00:00,1992,10,31,6,720511200,19.946039690147277,5.056313680223651,98.89752704432338,0.5006293249788527,0.0,0.23357571643638014,0.5948688386906507
1992-10-31 12:00:00,1992,10,31,12,720532800,24.74435319287153,4.255731305470389,99.15768669216595,14.854621301219687,0.0,0.19984818584178435,0.7038714706767368
1992-10-31 18:00:00,1992,10,31,18,720554400,20.121335499515855,3.4721741057206073,98.90640158066925,0.005581936108264543,0.0,0.1913301003994045,0.6790869468387066
1992-11-01 00:00:00,1992,11,1,0,720576000,14.422546790171403,4.1371348732165725,98.83868391319486,0.6924842802797678,20.964969614763863,0.4096012997266878,0.6394390748870942
1992-11-01 06:00:00,1992,11,1,6,720597600,19.59526199139319,4.821212132405051,99.11999556909917,0.07027582444938374,0.0,0.19586399372124788,0.6462378719479026
1992-11-01 12:00:00,1992,11,1,12,720619200,24.08705899767194,2.731071415408941,99.05625865071639,15.361101264097268,7.5657249964713,0.2700795414531673,0.6998003216255193
1992-11-01 18:00:00,1992,11,1,18,720640800,19.712606034302787,3.305912831819453,98.43498058253961,0.9389206149950289,0.0,0.19286213695032198,0.640291097245386
1992-11-02 00:00:00,1992,11,2,0,720662400,15.868861809070372,3.0214623529019144,98.59587888373997,0.5198805702849746,0.0,0.16907838130864167,0.6158825183460233
1992-11-02 06:00:00,1992,11,2,6,720684000,17.50200873931357,4.413360713589396,99.22236634923422,0.47172272448225205,0.0,0.20483170727366162,0.6581357969442774
1992-11-02 12:00:00,1992,11,2,12,720705600,23.722341559177604,4.6870235583813855,99.218600552186,14.812747716399038,0.0,0.1835255627075456,0.6402611779448817
1992-11-02 18:00:00,1992,11,2,18,720727200,20.05603881815104,5.22263875832788,99.37544011804626,0.21041261073013373,0.0,0.20479228632307742,0.5783085253751666
1992-11-03 00:00:00,1992,11,3,0,720748800,15.102289622573277,3.224758648774967,98.84924497356546,0.5697694154519821,0.0,0.15953171465161306,0.6216606747681557
1992-11-03 06:00:00,1992,11,3,6,720770400,21.070869111830074,8.325639778616484,99.28727552908597,0.532447934745723,0.0,0.1808934714381841,0.6962579941282122
1992-11-03 12:00:00,1992,11,3,12,720792000,25.070091533533937,4.389901451281654,99.1458346297215,14.66739013466342,0.0,0.14954861825279323,0.6548755372097406
1992-11-03 18:00:00,1992,11,3,18,720813600,18.299581620038982,2.900282780513643,98.96539463419242,0.18822384559496397,0.0,0.1744206798525828,0.608842245540792
1992-11-04 00:00:00,1992,11,4,0,720835200,13.054386688921381,3.0072507975811495,99.1465991200962,0.25488741406938187,0.0,0.17233343125973621,0.6347599885370769
1992-11-04 06:00:00,1992,11,4,6,720856800,17.684535099173313,4.1121758528911165,99.11227578792634,0.7158101356626357,6.278899500732309,0.2621671589256451,0.6255088331619159
1992-11-04 12:00:00,1992,11,4,12,720878400,24.395161354866858,4.959001088370569,99.2582052144268,14.675165454900817,0.0,0.18267388229328296,0.6214992290442067
1992-11-04 18:00:00,1992,11,4,18,720900000,23.384658808739584,3.7464441430263506,98.69196244664575,0.3308740301436649,0.0,0.20596438912513948,0.6601110751519675
1992-11-05 00:00:00,1992,11,5,0,720921600,14.021891477119956,3.0264436792633895,98.94798220863046,0.6674706152801795,0.0,0.19038403793146771,0.629703260600057
1992-11-05 06:00:00,1992,11,5,6,720943200,20.462103558060903,7.403230333182304,99.58083296802869,0.15967283265868748,4.721167571134837,0.20998100293353253,0.5729815834294314
1992-11-05 12:00:00,1992,11,5,12,720964800,25.73809594248118,5.023727711614281,98.99158451078972,15.017230476953237,0.0,0.19631561613533255,0.6028163215027564
1992-11-05 18:00:00,1992,11,5,18,720986400,17.976350788622987,5.9786415904101755,98.5228576881854,0.6406031199388003,0.0,0.17094128856600135,0.6420372206122364
1992-11-06 00:00:00,1992,11,6,0,721008000,13.346635720034984,3.2798294304703517,99.6170233064754,0.3047038873564162,0.0,0.19754393831861142,0.6113094059228888
1992-11-06 06:00:00,1992,11,6,6,721029600,20.207643225658778,4.233917476606314,99.01180180169564,0.7382500846112722,0.0,0.18641569048390785,0.5808280926720915
1992-11-06 12:00:00,1992,11,6,12,721051200,24.446305438920366,3.1114110896671443,98.61741484209742,14.97438664173116,0.0,0.17609775146278628,0.6221141723012605
1992-11-06 18:00:00,1992,11,6,18,721072800,20.208646419319646,2.753936234101414,99.44247562179258,0.7889260450349669,0.0,0.22230188528606834,0.6379682865104747
1992-11-07 00:00:00,1992,11,7,0,721094400,16.189976139831263,5.353377739907371,99.05524494636286,0.8357079406999911,0.0,0.15175820441909738,0.6166636463423479
1992-11-07 06:00:00,1992,11,7,6,721116000,18.460102664770208,4.686907594555391,98.99517785249765,0.9318916894781567,0.0,0.14135384912074891,0.6368940982647877
1992-11-07 12:00:00,1992,11,7,12,721137600,24.97432045474051,3.134995571399351,98.93783273299832,14.614054439010129,0.0,0.14272901747990255,0.6252759527485202
1992-11-07 18:00:00,1992,11,7,18,721159200,18.268990433919768,3.61421939985181,99.33209400064398,0.15825328494086252,0.0,0.16091696143148146,0.6456460830929791
1992-11-08 00:00:00,1992,11,8,0,721180800,14.216603258116029,2.730057736807637,98.9281615359126,0.6887194166435954,0.0,0.14745631366188805,0.6250903935464035
1992-11-08 06:00:00,1992,11,8,6,721202400,21.04494861756148,3.999698045166217,99.51185319149681,0.15080154773030208,0.0,0.1558080474474017,0.6695868530420386
1992-11-08 12:00:00,1992,11,8,12,721224000,24.91162621280472,4.779247477768429,99.23787476384699,14.383061767252977,0.0,0.17026143937313126,0.5866944197685575
1992-11-08 18:00:00,1992,11,8,18,721245600,17.293118782612833,2.9330904574115957,99.07189617819338,0.12487906005362034,0.0,0.15398328908515724,0.6112936185077428
1992-11-09 00:00:00,1992,11,9,0,721267200,14.479544491060832,4.3438049130378715,99.08255549853592,0.7416788721405689,0.0,0.16263502023915155,0.5645966688402875
1992-11-09 06:00:00,1992,11,9,6,721288800,19.753661384651803,14.583705350416068,99.01321400273652,0.8791433121719362,0.0,0.18790510615462347,0.6373694771954416
1992-11-09 12:00:00,1992,11,9,12,721310400,24.974051929358957,3.824141896678889,99.12283114585475,14.414021484737765,0.0,0.17222593346093193,0.6111953994757563
1992-11-09 18:00:00,1992,11,9,18,721332000,20.251150083506293,2.777548983824005,99.40849289044282,0.9592440041449478,0.0,0.17998431693420527,0.6264640614447499
1992-11-10 00:00:00,1992,11,10,0,721353600,13.875892358652841,2.896378994441521,99.32948838063656,0.10592384720836812,0.0,0.16480483850917726,0.6230430223426333
1992-11-10 06:00:00,1992,11,10,6,721375200,17.474763035381226,2.681420237308694,99.08412289129932,0.7471299135153634,0.0,0.16091952468773824,0.5654441298830086
1992-11-10 12:00:00,1992,11,10,12,721396800,24.84493483876134,3.4285235297824506,98.95540243465317,15.092707775378068,0.0,0.18143723176276533,0.569831174128278
1992-11-10 18:00:00,1992,11,10,18,721418400,18.16668746603127,8.427505332751945,99.12674236757927,0.2225071818292514,0.0,0.15866091812140282,0.5528046325160046
1992-11-11 00:00:00,1992,11,11,0,721440000,14.50706690362884,3.484387960220124,99.11452473273629,0.8280075191666503,0.0,0.15946919308664464,0.6610026866086726
1992-11-11 06:00:00,1992,11,11,6,721461600,20.71193731764348,3.4735559171493735,98.9862871924763,0.17842612660905588,0.0,0.14049843850595217,0.5907166174531766
1992-11-11 12:00:00,1992,11,11,12,721483200,24.328052761523683,3.2314667298012063,99.1840398499214,14.896982036420999,0.0,0.161586276164643,0.5815708997134768
1992-11-11 18:00:00,1992,11,11,18,721504800,21.967124291420163,4.1799334624346045,99.61719159541636,0.9726759894848571,0.0,0.1696879013102138,0.5884833329248832
1992-11-12 00:00:00,1992,11,12,0,721526400,16.219927469657897,3.1216728096175332,99.45545505666847,0.7774469765039796,1.2656130730439934,0.23695587414324218,0.6012355778536057
1992-11-12 06:00:00,1992,11,12,6,721548000,21.266880810712923,2.806880532391044,98.66736561111095,0.3221164125304252,0.0,0.1702186749838663,0.5337841475246875
1992-11-12 12:00:00,1992,11,12,12,721569600,26.190548969587294,2.813378146876589,99.50103606633645,14.656335144104103,0.0,0.17983135707858033,0.6191066404050013
1992-11-12 18:00:00,1992,11,12,18,721591200,20.363294646012825,4.765389308532187,98.95649531109487,0.6955411855751726,4.649272576355998,0.19119144740482089,0.571232235902646
1992-11-13 00:00:00,1992,11,13,0,721612800,17.045277663036796,7.475812103524404,98.96316643095392,0.49069660211453425,0.0,0.16249232379653394,0.5597917283771312
1992-11-13 06:00:00,1992,11,13,6,721634400,17.732513793650565,2.6502406575653934,99.30984626171151,0.8833993278948458,0.0,0.15274420810147854,0.6214542170668309
1992-11-13 12:00:00,1992,11,13,12,721656000,25.82642752185391,3.2734475616585437,98.77526024836502,14.872465266847067,0.0,0.1811167639132281,0.6252340559220472
1992-11-13 18:00:00,1992,11,13,18,721677600,18.39150131114388,3.7576132698744913,99.68400101045394,0.25326934533701656,0.0,0.14153296475217353,0.5814090740599289
1992-11-14 00:00:00,1992,11,14,0,721699200,10.918559508921062,2.904387020176884,99.32351364694289,0.926051138875728,0.0,0.17410231957114947,0.6461593473722034
1992-11-14 06:00:00,1992,11,14,6,721720800,21.01753344526333,7.335766240418385,99.22432002868644,0.038190510933777566,0.0,0.15910712114620143,0.5392179880157381
1992-11-14 12:00:00,1992,11,14,12,721742400,25.42062631858579,5.083342472708074,99.00561460891394,14.759851111538334,0.0,0.142216310815877,0.5876918137649609
1992-11-14 18:00:00,1992,11,14,18,721764000,19.73246798625884,4.584340752157573,99.07831210661344,0.8354307961809734,0.0,0.17060475469154254,0.6147403618675485
1992-11-15 00:00:00,1992,11,15,0,721785600,14.555195614497903,2.8413000623941773,99.14472892073721,0.4126510796610363,0.0,0.1565317999509724,0.6222861592254528
1992-11-15 06:00:00,1992,11,15,6,721807200,21.234788225880855,4.02450007308844,99.14925964898734,0.39625008384565263,4.1625003944108085,0.19846862506131052,0.5694020341252817
1992-11-15 12:00:00,1992,11,15,12,721828800,22.073835699243517,4.649343404980016,98.92458242767404,14.773042646743619,0.0,0.15110268678342312,0.6106731022330977
1992-11-15 18:00:00,1992,11,15,18,721850400,19.827058042009043,2.91336387961971,99.54326642768312,0.40504209720138146,0.0,0.15092156285780822,0.513011811113558
1992-11-16 00:00:00,1992,11,16,0,721872000,14.179003663468421,3.7512307429786746,98.81749095756764,0.012548913219880053,19.357954702122797,0.30924799454666624,0.5451428674295039
1992-11-16 06:00:00,1992,11,16,6,721893600,15.670525793356452,3.628202135404372,99.28077818291324,0.08913852295711722,0.0,0.13513748419757152,0.5740497782474178
1992-11-16 12:00:00,1992,11,16,12,721915200,23.027584206019974,3.327373649209618,98.86453991054621,14.542914028208589,0.0,0.18843194675382657,0.5930848562163067
1992-11-16 18:00:00,1992,11,16,18,721936800,19.724099550732276,5.0188281373446575,99.00118933088918,0.47475972036760195,2.7000975705731567,0.18937207973139145,0.5486910842354744
1992-11-17 00:00:00,1992,11,17,0,721958400,15.807883127668644,2.74096430424252,98.88466460963724,0.20313147514523922,0.0,0.1364291572684778,0.5971861432153357
1992-11-17 06:00:00,1992,11,17,6,721980000,19.967371303183906,3.742092377766521,99.37760022882505,0.7181764949066521,0.0,0.15948326815804414,0.5798701044646656
1992-11-17 12:00:00,1992,11,17,12,722001600,24.915865553455458,2.755698994888135,98.74009435308784,14.735521512900696,0.0,0.18390630547911774,0.5933264976724546
1992-11-17 18:00:00,1992,11,17,18,722023200,18.195119521305006,2.7057680315311297,99.04487245313433,0.4669356631245609,0.0,0.15624396207381622,0.5870635658602779
1992-11-18 00:00:00,1992,11,18,0,722044800,12.821859795731278,7.569884201535629,99.87325931095056,0.5807085391840358,6.105595564315061,0.17168143657467688,0.5718952266618433
1992-11-18 06:00:00,1992,11,18,6,722066400,17.206992208304946,4.137402395870219,99.37465392975852,0.8134506272415256,0.0,0.14038863433968166,0.5830481858184067
1992-11-18 12:00:00,1992,11,18,12,722088000,23.566117567450394,3.552045012732758,99.09847189906759,14.527204176103039,0.0,0.1467748600359124,0.578739733763674
1992-11-18 18:00:00,1992,11,18,18,722109600,18.12515888019415,3.2867416431133543,99.89321984763666,0.4155541768044678,0.0,0.1435096293336675,0.5639316715822867
1992-11-19 00:00:00,1992,11,19,0,722131200,12.240473793213015,3.854097460665778,99.50359874556652,0.7013325852411002,0.0,0.13472692101369652,0.558919366089342
1992-11-19 06:00:00,1992,11,19,6,722152800,22.05843388736682,2.84986379516537,99.43207310594725,0.48248521727308713,0.0,0.10511891761874768,0.6140400445085733
1992-11-19 12:00:00,1992,11,19,12,722174400,23.823754182278925,3.809729035820157,99.65679962356506,14.054224916338605,0.0,0.14091301936703216,0.5671722675417504
1992-11-19 18:00:00,1992,11,19,18,722196000,17.906402446776298,4.9963904225114435,99.42064512570349,0.9069107708559849,0.0,0.15477790714378764,0.5708701041857128
1992-11-20 00:00:00,1992,11,20,0,722217600,14.188568824498612,4.870800840161318,99.48333832895148,0.34539821680380456,0.0,0.1689516624852439,0.5922497446836013
1992-11-20 06:00:00,1992,11,20,6,722239200,17.339087048263274,3.3802207519233853,99.47046379868574,0.7018618739297943,0.0,0.1587374652473986,0.54075680651128
1992-11-20 12:00:00,1992,11,20,12,722260800,24.49142722948334,4.752256065558939,99.09665407383396,14.067405588340657,0.0,0.1559540733560727,0.5314504388695028
1992-11-20 18:00:00,1992,11,20,18,722282400,20.26662860274819,5.656519293483875,99.54622109628357,0.6193413521795388,0.0,0.13615542318102766,0.5911143590093412
1992-11-21 00:00:00,1992,11,21,0,722304000,14.570179561931528,2.9267334023124647,98.96818253038501,0.6052551904443262,0.0,0.12891676020263332,0.5951712684615749
1992-11-21 06:00:00,1992,11,21,6,722325600,18.33592271406956,2.9765905174351515,99.47508994242907,0.33896707662693715,0.0,0.15137623281488538,0.5400938009805586
1992-11-21 12:00:00,1992,11,21,12,722347200,22.18967993675401,5.128625423372222,99.23039639616374,14.075464200674087,0.0,0.13970148800580784,0.5049145290135254
1992-11-21 18:00:00,1992,11,21,18,722368800,20.042997667145162,9.245155488219064,99.17576575726014,0.7093695559638058,0.0,0.1667587900959442,0.5528782493583528
1992-11-22 00:00:00,1992,11,22,0,722390400,12.299438133543141,5.173295316176112,99.13633377612024,0.12713576944310923,0.0,0.14684520358836076,0.5761529502975007
1992-11-22 06:00:00,1992,11,22,6,722412000,19.53485866415026,5.715878694259121,99.5250087260058,0.15773167585850822,0.0,0.17976761953627252,0.5403595573274753
1992-11-22 12:00:00,1992,11,22,12,722433600,25.613730860713197,3.4670721524406107,99.43289192802621,14.128824613904328,0.0,0.1082801500584183,0.4882815899313892
1992-11-22 18:00:00,1992,11,22,18,722455200,16.15100488849375,3.4176465795291184,99.37725112704176,0.30828467473180543,0.0,0.1481577045930205,0.5581075918428173
1992-11-23 00:00:00,1992,11,23,0,722476800,12.321337500394911,2.930141732926412,100.11694722252943,0.055714167712061946,0.0,0.15942733928711028,0.5301863743397118
1992-11-23 06:00:00,1992,11,23,6,722498400,15.16244922625943,4.570368680440507,98.97500570399603,0.12334153502700407,0.0,0.116978777184219,0.5428217387302509
1992-11-23 12:00:00,1992,11,23,12,722520000,20.880240980238312,3.0403271477504394,99.94963500822354,14.362682666802323,0.0,0.16019145972491636,0.523066179014499
1992-11-23 18:00:00,1992,11,23,18,722541600,17.77810166624636,5.048923645549613,99.22295085297442,0.9480330021698161,0.0,0.1332956957172896,0.5626135319841641
1992-11-24 00:00:00,1992,11,24,0,722563200,12.561770439291926,4.3086548041915975,99.12763890697818,0.5414825550629068,0.0,0.141669983039015,0.5676999440405008
1992-11-24 06:00:00,1992,11,24,6,722584800,21.273514130819205,5.140305371569601,99.08731170311391,0.09942986934685194,0.0,0.11068730496884034,0.503947875413132
1992-11-24 12:00:00,1992,11,24,12,722606400,25.396952072406368,3.263814317415447,99.17895787525244,14.108503511667267,0.0,0.11872576555734332,0.5080543035030166
1992-11-24 18:00:00,1992,11,24,18,722628000,16.72958101393449,8.107870216597826,99.61851282785554,0.06149611324275282,0.0,0.13035639929607112,0.5168715431200112
1992-11-25 00:00:00,1992,11,25,0,722649600,18.757545637330757,6.715836040225849,99.28050785936163,0.4017119379337726,0.0,0.13415705756120758,0.5294327441131321
1992-11-25 06:00:00,1992,11,25,6,722671200,14.122190619191525,2.9215547343486246,99.6464769895079,0.02040009039203683,2.00742318094878,0.13440992096381701,0.4956983661484893
1992-11-25 12:00:00,1992,11,25,12,722692800,23.662407472734447,4.052531828533262,98.90273425492087,14.311445648461097,0.0,0.15127595653747805,0.5610009073912906
1992-11-25 18:00:00,1992,11,25,18,722714400,17.50418079791855,5.103792907698943,99.28511471269634,0.29446883690409675,0.0,0.14053394962341878,0.5528350869895913
1992-11-26 00:00:00,1992,11,26,0,722736000,14.2410384651375,4.517524215233947,99.42696405326129,0.6682917436239127,0.0,0.10708879774470749,0.4949297031992975
1992-11-26 06:00:00,1992,11,26,6,722757600,20.90127659986172,3.6344621130813923,99.97454714286935,0.10018186139651541,0.0,0.12127254039133491,0.5090787921137423
1992-11-26 12:00:00,1992,11,26,12,722779200,21.64004272279175,2.9789934919258263,98.94715230597339,13.731884027587814,0.0,0.08066315343087088,0.5243850797684874
1992-11-26 18:00:00,1992,11,26,18,722800800,19.038524617226745,3.4694651624423205,99.64180971219778,0.17383343094514667,0.0,0.1187070281201777,0.5892045092280715
1992-11-27 00:00:00,1992,11,27,0,722822400,15.224758438478526,6.993143857377123,99.22761372758454,0.5886474733339383,0.0,0.11808420467753379,0.5755267367261073
1992-11-27 06:00:00,1992,11,27,6,722844000,17.160714291817534,3.179391793026318,99.41529301525401,0.8343728337901476,0.0,0.11536738704102985,0.49947875254654656
1992-11-27 12:00:00,1992,11,27,12,722865600,21.994125758125946,4.31288071655959,99.62210235690611,13.818168297973255,0.0,0.08018548211396292,0.47962162300497946
1992-11-27 18:00:00,1992,11,27,18,722887200,18.285211409105074,3.1560796111664615,98.87375419782586,0.8675062277525915,0.0,0.13752715838548013,0.5482823561957342
1992-11-28 00:00:00,1992,11,28,0,722908800,14.149354442066809,2.8812457641626557,99.1377518136893,0.5893117375751709,0.0,0.10563440275231192,0.5439507758699279
1992-11-28 06:00:00,1992,11,28,6,722930400,19.58559309234281,7.0477532433406616,99.48515832428484,0.16940888726850212,0.0,0.10512972379686397,0.515582501001658
1992-11-28 12:00:00,1992,11,28,12,722952000,21.98488199543462,3.396071132305893,99.55025259973046,14.227453795904463,0.0,0.13560429691584186,0.49741454631709153
1992-11-28 18:00:00,1992,11,28,18,722973600,19.700902042585106,7.247910013849824,99.15276397193783,0.22439238493599986,0.0,0.09828085465567836,0.5508692553812099
1992-11-29 00:00:00,1992,11,29,0,722995200,11.247306172639522,5.726497317967632,99.08176317020815,0.6614137132898588,0.0,0.16591891402619147,0.5126671139802644
1992-11-29 06:00:00,1992,11,29,6,723016800,18.212222170814616,4.355727362301881,99.86571686515612,0.9549062693075057,0.0,0.12893172586274995,0.4249689272022975
1992-11-29 12:00:00,1992,11,29,12,723038400,25.707581944023655,4.675139942743167,98.95347106626524,13.854158506845849,0.0,0.10797222175182716,0.5027416722156651
1992-11-29 18:00:00,1992,11,29,18,723060000,20.068876698899693,5.420059618651097,99.5491162628816,0.6017611843694841,0.0,0.08,0.5474406984482039
1992-11-30 00:00:00,1992,11,30,0,723081600,13.987879250181217,3.2579890458990004,99.40232204310244,0.6555902509659333,0.0,0.10612323821702024,0.48950215017657606
1992-11-30 06:00:00,1992,11,30,6,723103200,16.026847351554938,2.978390848992942,99.61969726339817,0.4801342118182276,0.0,0.10311546498007855,0.45372650310911156
1992-11-30 12:00:00,1992,11,30,12,723124800,24.412847277932,6.096057449613063,99.16397956537894,13.905517242904406,0.0,0.10209857574608366,0.524684339814769
1992-11-30 18:00:00,1992,11,30,18,723146400,17.177349624640925,3.753111479184153,99.30676579626133,0.1277849100314957,0.0,0.14160979281621747,0.5021107102760466
1992-12-01 00:00:00,1992,12,1,0,723168000,9.435767899777867,3.880136612717264,99.41208888342548,0.17261951380227125,0.0,0.12861395934856706,0.511951522373914
1992-12-01 06:00:00,1992,12,1,6,723189600,17.815680799965786,4.275212895047397,99.31085562976044,0.48216777400451594,0.0,0.12196175425971326,0.4660768325945083
1992-12-01 12:00:00,1992,12,1,12,723211200,24.080808519507347,3.9821208444409386,99.33746906974855,13.691104525280357,0.0,0.08245497642426695,0.4960645527177414
1992-12-01 18:00:00,1992,12,1,18,723232800,20.608698103694685,3.370161056321023,99.27988625551006,0.885619367181247,0.0,0.1212636336126499,0.5368712788410877
1992-12-02 00:00:00,1992,12,2,0,723254400,11.964175301973247,5.905251112343852,100.05095554346865,0.6806500441295465,0.0,0.1089123337473774,0.46190220036234747
1992-12-02 06:00:00,1992,12,2,6,723276000,18.087088346723995,6.746070108520484,99.01057000091487,0.4170403649462989,3.436209314312663,0.13987210004957842,0.4893861248699006
1992-12-02 12:00:00,1992,12,2,12,723297600,22.835787424133564,3.5243630086507642,99.93242370922064,13.932969300360494,0.0,0.11666030933911137,0.4799692908717754
1992-12-02 18:00:00,1992,12,2,18,723319200,18.895132945247045,4.04576797214027,99.76085920333273,0.17193799646573565,0.0,0.1310075983800453,0.48653196821307254
1992-12-03 00:00:00,1992,12,3,0,723340800,13.632053329003197,3.84743941805703,99.6547488205269,0.3102963784847872,0.0,0.14459450066949908,0.47235717361507346
1992-12-03 06:00:00,1992,12,3,6,723362400,15.569078171771649,4.422006442515912,99.4422820958408,0.6699375224660201,0.0,0.1267196544152642,0.44515304078486123
1992-12-03 12:00:00,1992,12,3,12,723384000,22.569171647842406,6.505443995874096,99.07677785672695,14.076654838951306,0.0,0.11888315318789307,0.533712821334427
1992-12-03 18:00:00,1992,12,3,18,723405600,16.28719364213707,8.416824990048779,99.90010972038894,0.29127437958394947,0.0,0.14056250253224478,0.5464783986695007
1992-12-04 00:00:00,1992,12,4,0,723427200,15.44666977204507,3.8683040889508193,98.98614995300782,0.3039085307782672,0.0,0.09787656316624778,0.5053036550576112
1992-12-04 06:00:00,1992,12,4,6,723448800,15.868633123799142,3.3493816068159967,99.38024438795262,0.7638660553445977,6.115828625304919,0.17598826786559948,0.5247224630528169
1992-12-04 12:00:00,1992,12,4,12,723470400,21.347684641243795,4.659803363768255,99.58473633433115,13.225696686891498,0.0,0.1278080674629524,0.5004241095904916
1992-12-04 18:00:00,1992,12,4,18,723492000,15.285970651112878,3.3007310232308216,99.44539067813662,0.5013155352923422,0.0,0.09461285737368004,0.5173290152829098
1992-12-05 00:00:00,1992,12,5,0,723513600,12.637260259778905,9.783861474899526,99.12929566830817,0.7447487289595306,0.0,0.12712670358595488,0.5012246510312308
1992-12-05 06:00:00,1992,12,5,6,723535200,17.29840407799691,3.8453391085141027,99.86733567806962,0.15835721609758768,0.0,0.09098358176116514,0.48993980689143485
1992-12-05 12:00:00,1992,12,5,12,723556800,20.9422536305832,4.067435904747891,98.79795049398014,13.533574123563225,0.0,0.09484992883990967,0.4384565782374154
1992-12-05 18:00:00,1992,12,5,18,723578400,20.106482965711592,3.2972573698395315,99.15324181249666,0.4290394394260037,0.0,0.09614121342403649,0.46015105905037446
1992-12-06 00:00:00,1992,12,6,0,723600000,14.372302626128477,5.305291594143581,99.39048915750578,0.5046552760230495,0.0,0.13697396109023144,0.46924538573783137
1992-12-06 06:00:00,1992,12,6,6,723621600,17.046978794538624,5.435094678171604,99.5864943478304,0.500252643122599,0.0,0.10168477177630174,0.4588362772060312
1992-12-06 12:00:00,1992,12,6,12,723643200,21.384559382047957,3.193357529528768,99.82231496726094,13.878426648137824,0.0,0.1251779428669543,0.5038309519988572
1992-12-06 18:00:00,1992,12,6,18,723664800,19.407923166564835,5.416056990210734,99.27276103678567,0.7783908156656268,0.0,0.08335105801760034,0.5408522341531062
1992-12-07 00:00:00,1992,12,7,0,723686400,15.313421909863836,4.157884469339641,99.40351164610168,0.40295812969563527,0.0,0.11098774321115962,0.5138596450173971
1992-12-07 06:00:00,1992,12,7,6,723708000,19.95876664512337,3.1463553331452214,99.27511068351872,0.1265101413704217,0.0,0.08343224391545767,0.5181457723144013
1992-12-07 12:00:00,1992,12,7,12,723729600,22.02595916877798,4.106806530865992,98.62186392699762,13.193359315535643,0.0,0.09672500912680307,0.4655561696303202
1992-12-07 18:00:00,1992,12,7,18,723751200,17.48953190474583,3.924701426447064,99.91386378932289,0.9323908893493315,0.0,0.1128988734930692,0.49318975882115396
1992-12-08 00:00:00,1992,12,8,0,723772800,13.103411467595203,6.779984460835115,99.40606948965443,0.1920601449752969,0.0,0.11234812224339602,0.502671869017038
1992-12-08 06:00:00,1992,12,8,6,723794400,17.31529539206727,3.551163713816978,100.12982784979195,0.8989331486638191,0.0,0.09487602776681364,0.45697464171821806
1992-12-08 12:00:00,1992,12,8,12,723816000,22.401371099329452,4.515345617783651,99.69685169868916,13.638368894597347,0.0,0.08111553402592397,0.4642587127291336
1992-12-08 18:00:00,1992,12,8,18,723837600,18.800361613062172,3.162361362495958,99.40854060613661,0.7342398189297952,0.0,0.08,0.5119060823775773
1992-12-09 00:00:00,1992,12,9,0,723859200,12.019398550045132,3.2210473747723256,99.37649808479348,0.41283372654806216,0.0,0.1150310585356196,0.452285367813424
1992-12-09 06:00:00,1992,12,9,6,723880800,15.199169056479139,5.240722449302343,99.2517875605055,0.05189595654189194,0.0,0.08,0.418786348836922
1992-12-09 12:00:00,1992,12,9,12,723902400,21.136968369114992,11.556225973769957,99.12149295602111,13.455701625003941,0.0,0.09219483850193595,0.4819476826386505
1992-12-09 18:00:00,1992,12,9,18,723924000,18.196806565313683,3.3077452876682307,99.6138684279646,0.731361465619715,0.0,0.1128935943811647,0.498783752281783
1992-12-10 00:00:00,1992,12,10,0,723945600,11.733420703748859,4.256032454966872,99.965676287774,0.810285658128317,0.0,0.0960798780361799,0.4861809909316392
1992-12-10 06:00:00,1992,12,10,6,723967200,17.564877275201507,4.750286814790383,98.79942626767647,0.61069651648512,13.495729455783064,0.22869036151666305,0.39982219271554703
1992-12-10 12:00:00,1992,12,10,12,723988800,22.54305839374459,3.1955271388999984,99.81515887001987,13.60084989680746,0.0,0.10437359917765955,0.4823656161623553
1992-12-10 18:00:00,1992,12,10,18,724010400,15.535812869783044,3.8859972476179183,99.50716556578035,0.9942326355377766,0.0,0.08,0.4361278981408905
1992-12-11 00:00:00,1992,12,11,0,724032000,12.939581541311808,5.37718287983985,99.58013036136487,0.6276305785252664,0.0,0.12383518208831573,0.4893568658446935
1992-12-11 06:00:00,1992,12,11,6,724053600,16.932109483740703,4.212625884644771,99.21730395736152,0.08182860502898637,0.0,0.1101963321939114,0.45295735854992114
1992-12-11 12:00:00,1992,12,11,12,724075200,22.978396987458755,4.671198978017519,99.51440442899796,13.284910955917562,0.0,0.09429511361553565,0.47551151043280004
1992-12-11 18:00:00,1992,12,11,18,724096800,16.076374630234273,5.0925870661690595,99.62277499944712,0.6259341100651709,0.0,0.08049906694532036,0.4596155871383822
1992-12-12 00:00:00,1992,12,12,0,724118400,15.097023672972345,4.463885979822723,99.44012659524712,0.14969352839212824,0.0,0.09605173185502172,0.44482603658247216
1992-12-12 06:00:00,1992,12,12,6,724140000,15.603375664188503,5.265149812543708,99.44052906163712,0.9755805142364121,0.0,0.10064747623768541,0.4898131811982108
1992-12-12 12:00:00,1992,12,12,12,724161600,23.969065739685632,4.333960408869164,99.65665699477788,13.133028256220452,0.0,0.100947792128223,0.45342660356658954
1992-12-12 18:00:00,1992,12,12,18,724183200,17.066628508098464,4.277941213456178,99.61739347291405,0.7451932850511079,0.0,0.10962142416528038,0.4488656941747809
1992-12-13 00:00:00,1992,12,13,0,724204800,11.429335119633704,3.660653860991438,99.63919130076812,0.3739082774379533,0.0,0.13000876402664102,0.48043475140926195
1992-12-13 06:00:00,1992,12,13,6,724226400,16.59566018782347,3.5427741666301755,99.35562201161657,0.9348335685733636,0.0,0.08781369116406872,0.37959260113179094
1992-12-13 12:00:00,1992,12,13,12,724248000,20.623399601786588,3.3370760958259016,99.73900251508906,13.156309621249012,0.0,0.08,0.44920235130651687
1992-12-13 18:00:00,1992,12,13,18,724269600,17.602386679218228,3.6673097250761546,99.8112216660569,0.8336512041037624,0.0,0.1072248351917752,0.44691545621871787
1992-12-14 00:00:00,1992,12,14,0,724291200,14.924879622139859,3.322203710524761,100.02550601550128,0.14993135387572176,0.0,0.10096902292376886,0.41642242431134974
1992-12-14 06:00:00,1992,12,14,6,724312800,15.829277646614457,4.138781082155053,98.91631703748355,0.815025663495868,0.0,0.08,0.5152694741799577
1992-12-14 12:00:00,1992,12,14,12,724334400,21.53976905839741,12.332323103044432,99.97966057827902,13.618022930197188,0.0,0.10295684297351408,0.3772691754466602
1992-12-14 18:00:00,1992,12,14,18,724356000,17.62424977428526,3.2522425667992922,99.31739903526388,0.3817548364747327,0.0,0.10752179071683662,0.4284449321752811
1992-12-15 00:00:00,1992,12,15,0,724377600,9.146982405553135,3.6667027805121464,98.67108136518573,0.07561882943745779,0.0,0.0876342306486609,0.4223718955548058
1992-12-15 06:00:00,1992,12,15,6,724399200,18.4428786957667,6.378725191224765,99.98023986187683,0.26294208350320203,0.0,0.10185277934226855,0.42904683939850197
1992-12-15 12:00:00,1992,12,15,12,724420800,22.04550312191641,4.4462897683286915,99.37480896542405,13.033142012315363,0.0,0.08,0.3611667503585246
1992-12-15 18:00:00,1992,12,15,18,724442400,19.463694554948457,6.056290009589115,99.73575780176844,0.47205250547780747,0.0,0.08,0.43077540059513586
1992-12-16 00:00:00,1992,12,16,0,724464000,12.054725890256718,7.063372365190141,99.30139715410401,0.6627056819508764,0.0,0.10776826064098678,0.4024103661382193
1992-12-16 06:00:00,1992,12,16,6,724485600,17.659896442887238,9.324281966964676,99.55744529372646,0.5329945998141773,0.0,0.08,0.3799059455022255
1992-12-16 12:00:00,1992,12,16,12,724507200,23.064154089029415,7.308122824040881,99.35996052347247,13.263585201871152,0.0,0.09150515155964564,0.46954787110707596
1992-12-16 18:00:00,1992,12,16,18,724528800,18.360913975819066,4.959703308804201,99.66689815605474,0.4210279427931701,0.0,0.08,0.393983712163185
1992-12-17 00:00:00,1992,12,17,0,724550400,8.15603668534245,4.494891766168233,99.36351015902628,0.5601309916186826,0.0,0.08,0.392583309671815
1992-12-17 06:00:00,1992,12,17,6,724572000,19.753708411823716,4.226264744249849,99.65481190280363,0.8913703796564485,0.0,0.08,0.4317460065466063
1992-12-17 12:00:00,1992,12,17,12,724593600,25.011320779097705,3.866681430717202,99.28047331983237,13.322625459392928,0.0,0.09937525202930211,0.377675762695803
1992-12-17 18:00:00,1992,12,17,18,724615200,17.036883338007907,3.3243613089532573,99.53693304381478,0.8808537359899808,0.0,0.08,0.4107848017070524
1992-12-18 00:00:00,1992,12,18,0,724636800,11.882827338369774,4.647121883751327,99.04154693990152,0.19368227468094368,0.0,0.08,0.44129764893002454
1992-12-18 06:00:00,1992,12,18,6,724658400,16.251580757560536,3.936317676945303,99.13026080325618,0.6707761589226116,0.0,0.08,0.39168743544505996
1992-12-18 12:00:00,1992,12,18,12,724680000,22.49451863158521,5.595983212253412,99.84241298631727,13.828770061333323,0.0,0.08,0.43343840326946287
1992-12-18 18:00:00,1992,12,18,18,724701600,19.86713931185114,7.602188829309577,99.48603405395191,0.6204373538045912,0.0,0.08,0.35947320231363283
1992-12-19 00:00:00,1992,12,19,0,724723200,15.025700604626445,4.611670340700678,99.92917495151876,0.6722768847075767,0.0,0.08,0.4346474062388073
1992-12-19 06:00:00,1992,12,19,6,724744800,18.062371953149448,3.5600473564911024,100.23631335722305,0.9530625696581715,0.0,0.08483548531834986,0.4207482935313605
1992-12-19 12:00:00,1992,12,19,12,724766400,21.850887806210107,5.7938298470712635,99.36198433940015,13.11919026778271,0.0,0.08,0.42868055453347714
1992-12-19 18:00:00,1992,12,19,18,724788000,17.093298615220085,5.367432272439307,98.86980212760909,0.5599196323187717,0.0,0.09604120334590953,0.4352362684963934
1992-12-20 00:00:00,1992,12,20,0,724809600,11.662952339395105,5.224329852661272,99.51279842181147,0.49717353812848386,0.0,0.08,0.350345329769771
1992-12-20 06:00:00,1992,12,20,6,724831200,15.65068126139111,6.517689543197691,99.760100626217,0.5481618446737477,0.0,0.08,0.3870103732173435
1992-12-20 12:00:00,1992,12,20,12,724852800,23.469876162003196,7.489630685797518,99.64590135377424,13.02454368879384,0.0,0.08,0.40425842890898445
1992-12-20 18:00:00,1992,12,20,18,724874400,19.048200393445494,4.187885122706804,99.60664438305983,0.5620413705206473,0.0,0.08,0.39529387945691685
1992-12-21 00:00:00,1992,12,21,0,724896000,12.250275329651156,5.837592203556593,99.45451760805572,0.11324144200746833,0.0,0.08,0.44380300543098883
1992-12-21 06:00:00,1992,12,21,6,724917600,19.932456567205147,3.624793111399871,99.40765828127675,0.7511885131332344,0.0,0.08,0.3854283201996518
1992-12-21 12:00:00,1992,12,21,12,724939200,17.76696476043196,5.091620051046312,99.91745351409952,13.637840703111362,0.0,0.08,0.4136739936318911
1992-12-21 18:00:00,1992,12,21,18,724960800,17.55084980221724,5.241277330759361,99.86702076481883,0.23605515382552658,0.0,0.08,0.3713735670521494
1992-12-22 00:00:00,1992,12,22,0,724982400,13.019056123405111,5.174825797871317,99.608380584468,0.4200211484163219,0.0,0.08,0.3738985990427686
1992-12-22 06:00:00,1992,12,22,6,725004000,17.14377584044884,4.140542771452875,99.52642344818517,0.25883269531831654,0.0,0.08,0.44605100799590874
1992-12-22 12:00:00,1992,12,22,12,725025600,21.725382767772388,3.5601031282658586,99.46782233504821,13.049063745389116,0.0,0.08794078008899289,0.42256796611054837
1992-12-22 18:00:00,1992,12,22,18,725047200,20.42410052358683,4.786898762306926,100.25762999304199,0.2595332401206774,0.0,0.0848462992076518,0.37623558235316934
1992-12-23 00:00:00,1992,12,23,0,725068800,12.659764440449951,3.6481803908401016,99.13770534581916,0.7642658096639376,0.0,0.08,0.3590079654515823
1992-12-23 06:00:00,1992,12,23,6,725090400,18.631820154843922,4.937526495379409,99.2748583105891,0.5431905581334376,0.0,0.08,0.29885259167565514
1992-12-23 12:00:00,1992,12,23,12,725112000,19.45186424570429,3.784298329931263,99.45524827139891,13.705988102632078,0.0,0.08,0.39690177004463145
1992-12-23 18:00:00,1992,12,23,18,725133600,17.455074094793154,4.0452390598610535,99.70290043143578,0.9108651741984584,0.0,0.08,0.4264284853197091
1992-12-24 00:00:00,1992,12,24,0,725155200,12.222777722368251,4.170431916647791,99.74714025125449,0.24995723233050082,0.0,0.08,0.4029678710190807
1992-12-24 06:00:00,1992,12,24,6,725176800,17.53055580066796,7.883438054101319,99.40223592403821,0.5245100822226896,0.0,0.08,0.3772013498625478
1992-12-24 12:00:00,1992,12,24,12,725198400,23.86873982190997,5.924389877263851,99.81585131910742,13.312351891606967,0.0,0.08,0.41172114656393943
1992-12-24 18:00:00,1992,12,24,18,725220000,17.864835488774037,4.034564076714663,99.24813550370148,0.12993003543788276,0.0,0.08,0.35590119981336743
1992-12-25 00:00:00,1992,12,25,0,725241600,13.51562692577762,3.908450286111682,98.78313550793176,0.6948405578796802,0.0,0.08,0.40995968980868824
1992-12-25 06:00:00,1992,12,25,6,725263200,20.009100292044707,3.6040903497297667,98.71245567636923,0.8850556500143483,0.0,0.08,0.36075401314028377
1992-12-25 12:00:00,1992,12,25,12,725284800,20.00957259483291,4.592697144487529,99.73814164388655,13.751307964173648,0.0,0.08,0.3722958739110404
1992-12-25 18:00:00,1992,12,25,18,725306400,15.509769327262934,5.475632446068769,99.73902492798149,0.6225162407029272,0.0,0.08,0.41041931878160415
1992-12-26 00:00:00,1992,12,26,0,725328000,10.22373842171054,4.427630908408577,99.52889384822275,0.9288553882791305,0.0,0.08,0.42105561670636427
1992-12-26 06:00:00,1992,12,26,6,725349600,18.96160880951729,3.5066932008314797,99.78611094920804,0.7215322259246126,0.0,0.08,0.33297513664912565
1992-12-26 12:00:00,1992,12,26,12,725371200,22.149885484320162,3.5891446760828987,99.57601498816712,13.583810031073941,0.0,0.08,0.3415479663342896
1992-12-26 18:00:00,1992,12,26,18,725392800,17.03015255042684,3.5975541723966917,99.79830224669372,0.03567807297601992,0.0,0.08,0.3792459714558966
1992-12-27 00:00:00,1992,12,27,0,725414400,11.514451843586292,4.362475431774014,99.23682737850768,0.03928619228567931,0.0,0.08,0.40111728132226937
1992-12-27 06:00:00,1992,12,27,6,725436000,17.336931927165878,3.9237580271429966,100.02194150400693,0.8556225905843291,0.0,0.08,0.31260314301896114
1992-12-27 12:00:00,1992,12,27,12,725457600,22.14329269829884,6.275439199124749,98.85444303933501,13.139520523437987,0.0,0.08,0.3407096690310384
1992-12-27 18:00:00,1992,12,27,18,725479200,18.53923985328883,5.64002066017988,99.2861606364411,0.8633008910733052,0.0,0.08,0.35611991946746013
1992-12-28 00:00:00,1992,12,28,0,725500800,14.133606012472885,5.242639914966752,99.2166846804429,0.32056133652996366,0.0,0.08,0.31180987933551507
1992-12-28 06:00:00,1992,12,28,6,725522400,16.630525800818216,3.7442036702415735,99.41098667341713,0.07991766102284992,0.0,0.08,0.33833826001713185
1992-12-28 12:00:00,1992,12,28,12,725544000,23.65150972335271,5.363960085328477,99.58141263353669,13.216717589001028,0.0,0.08,0.2867401106311117
1992-12-28 18:00:00,1992,12,28,18,725565600,15.83926736889355,6.455821440583603,99.57425407386103,0.4060014594841666,0.0,0.09607205713387354,0.34778587129922717
1992-12-29 00:00:00,1992,12,29,0,725587200,8.997867312273012,7.114908916524753,99.7696884014668,0.021669145449678462,0.0,0.08,0.328600415722204
1992-12-29 06:00:00,1992,12,29,6,725608800,18.296961542457076,5.072801178839201,99.62679143734105,0.34757963017023374,0.0,0.08,0.3494286830126979
1992-12-29 12:00:00,1992,12,29,12,725630400,23.353378653607503,5.251743449515473,99.19760066611862,13.105107247043842,0.0,0.08,0.33391524697439123
1992-12-29 18:00:00,1992,12,29,18,725652000,17.44036116755891,4.294062227635022,99.34796188550976,0.600566922155512,0.0,0.08,0.3170915368445219
1992-12-30 00:00:00,1992,12,30,0,725673600,12.443458805105506,4.404888090313284,99.53482918161102,0.8829788574173241,0.0,0.08,0.36033808320669247
1992-12-30 06:00:00,1992,12,30,6,725695200,17.17395460604123,3.8618557312127493,99.78796155153209,0.3968701906850456,0.0,0.08,0.35923633250050574
1992-12-30 12:00:00,1992,12,30,12,725716800,23.131759272126132,5.724734875847984,99.80568032119268,13.290279015521968,0.0,0.08,0.3443806573282119
1992-12-30 18:00:00,1992,12,30,18,725738400,18.79589531931132,3.6389029909100543,99.84611554672051,0.41923436225055083,0.0,0.08,0.3479162635811032
1992-12-31 00:00:00,1992,12,31,0,725760000,14.11706121739493,4.98948635263814,99.46248721362682,0.584207979532532,0.0,0.08,0.3315641014601066
1992-12-31 06:00:00,1992,12,31,6,725781600,18.689018371635235,3.717830023381741,99.76980728374271,0.7991887324295452,0.0,0.08,0.3173274258753625
1992-12-31 12:00:00,1992,12,31,12,725803200,22.652219526948386,3.8046476010589467,99.39386852854807,13.97089014194777,0.0,0.08,0.3155956317432266
1992-12-31 18:00:00,1992,12,31,18,725824800,20.07559924803246,4.0856407043576075,98.87074759629775,0.06129816186881303,0.0,0.08,0.29471668659898237
