datetime,year,month,day,hour,system:time_start,temp_c,wind_speed,pressure_kpa,solar_rad,precip,soil_moisture,ndvi
1993-01-01 00:00:00,1993,1,1,0,725846400,13.950441235259843,4.161628961220995,99.6276331954574,0.24999640289459424,0.0,0.08,0.3464254094893597
1993-01-01 06:00:00,1993,1,1,6,725868000,17.405415930968474,4.004565024438679,99.7512329640395,0.8917859516159857,0.0,0.08,0.3201232075633079
1993-01-01 12:00:00,1993,1,1,12,725889600,23.920474543293036,7.7281672255787575,98.8409883450718,13.826509481994403,0.0,0.08,0.34193757991057316
1993-01-01 18:00:00,1993,1,1,18,725911200,17.511885818040522,4.1334489357384765,99.13341323891899,0.3658822484294377,14.376147423502825,0.19383253657335733,0.3238667585191744
1993-01-02 00:00:00,1993,1,2,0,725932800,15.378386057182672,3.8425701472561062,99.58226667775364,0.737950021564045,10.787206308791424,0.183424420038212,0.32474824982351386
1993-01-02 06:00:00,1993,1,2,6,725954400,12.838666319436191,3.7775175025405883,99.91374137247122,0.5163653184870078,0.0,0.08,0.30700197519588573
1993-01-02 12:00:00,1993,1,2,12,725976000,22.802683851047753,5.933813623895414,98.83660518369636,13.37442970001341,0.0,0.08,0.3263747880813953
1993-01-02 18:00:00,1993,1,2,18,725997600,19.600201739533205,3.8380590979265463,99.23474529961568,0.9652259013074245,0.0,0.08,0.32820871274794555
1993-01-03 00:00:00,1993,1,3,0,726019200,10.880869827733626,6.05585223655907,99.42088508872335,0.917133121495986,0.0,0.08,0.25932203999774445
1993-01-03 06:00:00,1993,1,3,6,726040800,19.303766376722624,6.970627004406081,99.45016024244669,0.01560370589734772,0.0,0.08,0.2995679455254975
1993-01-03 12:00:00,1993,1,3,12,726062400,23.25886966492189,5.676779493951901,99.27784328408157,13.231109590333935,0.0,0.08,0.3382456830838627
1993-01-03 18:00:00,1993,1,3,18,726084000,18.746460644167204,3.986012970008946,99.89472889179115,0.8565470316066083,0.0,0.08,0.317024084042912
1993-01-04 00:00:00,1993,1,4,0,726105600,9.312445765582229,5.865868862783687,99.25927783888812,0.33206302009714606,0.0,0.08,0.25576704811333834
1993-01-04 06:00:00,1993,1,4,6,726127200,17.97822657347848,3.8851894533654487,99.79406661785258,0.07082149984593955,0.0,0.08,0.36490987861745405
1993-01-04 12:00:00,1993,1,4,12,726148800,21.31843190366332,4.352864846734571,99.94061904801357,14.043843225691914,0.0,0.08,0.3058526779990527
1993-01-04 18:00:00,1993,1,4,18,726170400,16.11902828219185,3.7492174750534426,99.53335181019213,0.9252167086125933,0.0,0.08,0.245081386723777
1993-01-05 00:00:00,1993,1,5,0,726192000,13.859885497022903,4.700814105321493,99.22649354529425,0.5065966152866574,0.0,0.08,0.30576953256954653
1993-01-05 06:00:00,1993,1,5,6,726213600,17.038036614611077,6.23878898305556,99.30656331283984,0.10948510632169117,0.0,0.08,0.32366081499401994
1993-01-05 12:00:00,1993,1,5,12,726235200,18.72586673908583,3.7211932305380553,99.48284477828288,13.725457615500863,0.0,0.08,0.2822175917732218
1993-01-05 18:00:00,1993,1,5,18,726256800,16.599413754331636,3.8366540541720164,99.75413272698265,0.8659393369159345,0.0,0.08,0.326269980537906
1993-01-06 00:00:00,1993,1,6,0,726278400,11.5727228613864,4.029315943304484,99.09523218493037,0.03587682422775751,0.0,0.09049336162250707,0.2778077092506835
1993-01-06 06:00:00,1993,1,6,6,726300000,17.60992230971115,7.635244002010137,99.6789375397399,0.35770830069058523,0.0,0.08,0.2960900594343709
1993-01-06 12:00:00,1993,1,6,12,726321600,21.15174170590609,5.986238266431577,99.68742536474514,13.279750489419662,0.0,0.08,0.31571604891994015
1993-01-06 18:00:00,1993,1,6,18,726343200,18.891768137851763,4.763935649847897,99.75181304212254,0.2827507068037339,0.0,0.08,0.31637749788440844
1993-01-07 00:00:00,1993,1,7,0,726364800,12.347207165822468,4.267274675370262,100.08090301069083,0.3260378062437055,0.0,0.08,0.32218817994220095
1993-01-07 06:00:00,1993,1,7,6,726386400,18.029648475692458,3.8023562051155126,99.48543376848188,0.25195455706244985,0.0,0.08,0.26037427471978314
1993-01-07 12:00:00,1993,1,7,12,726408000,22.63984853533406,3.847115500549513,99.13256590645402,13.964614086811444,0.0,0.08,0.2891074641818902
1993-01-07 18:00:00,1993,1,7,18,726429600,15.612067968166086,4.4043085283543615,99.8187382456439,0.9566859010299094,0.0,0.08,0.2694010553636091
1993-01-08 00:00:00,1993,1,8,0,726451200,14.37814530635919,4.480766074759764,99.83929305414696,0.3324036683391014,20.808058241935086,0.2745409360452032,0.26963795671778695
1993-01-08 06:00:00,1993,1,8,6,726472800,18.972418731142266,4.291007250635853,99.30435140892631,0.49725272196368653,0.0,0.08,0.3230570766847061
1993-01-08 12:00:00,1993,1,8,12,726494400,24.777890634159455,10.339243827012055,99.6592170114308,14.151041108037202,0.0,0.08119296438053303,0.28668931858183755
1993-01-08 18:00:00,1993,1,8,18,726516000,14.601152368565831,4.535212565101321,99.74356798448363,0.004351451756453974,0.0,0.08,0.29978807062111
1993-01-09 00:00:00,1993,1,9,0,726537600,13.729059290233753,6.3608911975577485,98.76344070474728,0.8001228755221186,0.0,0.08,0.2662517965373141
1993-01-09 06:00:00,1993,1,9,6,726559200,19.610120952663284,4.861129978276596,99.74825810764914,0.7913282264631056,0.0,0.08,0.2892471740314256
1993-01-09 12:00:00,1993,1,9,12,726580800,20.094766444220202,5.147356689673086,99.068115241049,14.09425991256979,0.0,0.08,0.2560727116179403
1993-01-09 18:00:00,1993,1,9,18,726602400,19.9023642024664,3.9383589593108908,98.99301887948752,0.488962517667392,0.0,0.08,0.302655730423247
1993-01-10 00:00:00,1993,1,10,0,726624000,12.299409205224974,6.150036433601247,99.12500508742518,0.06511688337166288,0.0,0.08,0.3331785711835334
1993-01-10 06:00:00,1993,1,10,6,726645600,18.248432471675642,8.796712847501974,99.28726743991588,0.8762673746429138,0.0,0.08,0.2942739930736511
1993-01-10 12:00:00,1993,1,10,12,726667200,23.92720776232458,5.50721170896295,99.60905789949962,13.341234911190982,0.0,0.08,0.30709425744371527
1993-01-10 18:00:00,1993,1,10,18,726688800,21.56321346609583,4.667512868635902,99.44844499483506,0.686531987609804,0.0,0.08,0.295584330370587
1993-01-11 00:00:00,1993,1,11,0,726710400,15.338765296778263,7.063670984801815,98.92322463277412,0.36663103290649046,0.0,0.08,0.26529734187214365
1993-01-11 06:00:00,1993,1,11,6,726732000,16.703127791683517,5.182835976596861,99.47477334074826,0.23755700431173388,0.0,0.08,0.32649401166159364
1993-01-11 12:00:00,1993,1,11,12,726753600,23.839004746585545,4.388759173954421,99.58004272016676,14.310502134030669,0.0,0.08,0.27654080327791664
1993-01-11 18:00:00,1993,1,11,18,726775200,16.393538491388117,4.668004246870505,99.47430805663201,0.21255076646448232,6.588894697381113,0.08,0.27720311365256445
1993-01-12 00:00:00,1993,1,12,0,726796800,12.597253749766015,5.2931093020165605,99.20021485717895,0.6751489653788667,0.0,0.08,0.25836768171283175
1993-01-12 06:00:00,1993,1,12,6,726818400,17.025268501931603,4.160103007038084,99.47416553717687,0.8925500302118077,0.0,0.08,0.24232158308088858
1993-01-12 12:00:00,1993,1,12,12,726840000,23.508623565155194,5.192039783241436,99.35883682684147,13.625922881287975,0.0,0.08,0.25162944750520394
1993-01-12 18:00:00,1993,1,12,18,726861600,16.502212326625035,4.375737644787214,99.63727174033701,0.6862557610906515,0.0,0.08,0.24299577386829327
1993-01-13 00:00:00,1993,1,13,0,726883200,12.049235537427947,6.157794131226124,99.44514515507458,0.8957259356026713,0.0,0.08,0.29494220116882486
1993-01-13 06:00:00,1993,1,13,6,726904800,18.77238524663121,5.630795496712501,99.96353078894765,0.7706167197311724,0.0,0.08,0.2405385161195835
1993-01-13 12:00:00,1993,1,13,12,726926400,23.358438525659754,5.872092538141292,98.87792372720654,14.003628128033304,0.0,0.08,0.3107030220351324
1993-01-13 18:00:00,1993,1,13,18,726948000,18.880083080039544,4.667233991405508,99.4423999922203,0.2895155923562107,0.0,0.08,0.2720025382668322
1993-01-14 00:00:00,1993,1,14,0,726969600,11.661883351064395,5.656656081920597,99.26485962897995,0.9766776055273692,0.0,0.08,0.3145267161892935
1993-01-14 06:00:00,1993,1,14,6,726991200,17.65807504896766,4.8910129048506485,99.69532062014831,0.5911132073875655,0.0,0.08,0.16885257066275638
1993-01-14 12:00:00,1993,1,14,12,727012800,25.22283856541035,6.18423257517699,99.46828293796729,13.527733091320616,0.0,0.08,0.32553269467110446
1993-01-14 18:00:00,1993,1,14,18,727034400,18.852359485508067,4.446276526641784,100.1555945578299,0.2111078521296261,0.0,0.08,0.24263265420124638
1993-01-15 00:00:00,1993,1,15,0,727056000,13.31016722243758,3.9671924975574715,98.92556361582086,0.2311763855591108,0.0,0.08,0.2057906920487743
1993-01-15 06:00:00,1993,1,15,6,727077600,18.507141071366707,4.7723035143910595,99.6029732560565,0.8638718478532251,0.0,0.08,0.25345203076450384
1993-01-15 12:00:00,1993,1,15,12,727099200,25.41032614041922,6.158299900851405,99.53426943908603,14.01071808551957,0.0,0.08,0.28820445941978645
1993-01-15 18:00:00,1993,1,15,18,727120800,19.026895985820214,6.095284098319904,99.62301818414075,0.11975609571509759,0.0,0.08,0.20792272561534408
1993-01-16 00:00:00,1993,1,16,0,727142400,11.582311764511358,5.668470184789101,99.72173204506058,0.6741090897917388,0.0,0.08,0.26534601623102727
1993-01-16 06:00:00,1993,1,16,6,727164000,17.2995244747466,4.393175612050911,99.41071288610623,0.8088475273034255,0.0,0.08,0.23997731934234648
1993-01-16 12:00:00,1993,1,16,12,727185600,25.02040748692923,5.1522813281153805,99.78323648780321,13.669476943256537,0.0,0.08,0.30219088196402977
1993-01-16 18:00:00,1993,1,16,18,727207200,17.4719904521196,5.290495642695939,99.5849896055582,0.5679401112054543,0.0,0.08,0.22081895322831954
1993-01-17 00:00:00,1993,1,17,0,727228800,14.431267371429794,4.992414942395091,99.05953574459662,0.5266677310994512,0.0,0.08,0.22469339588015502
1993-01-17 06:00:00,1993,1,17,6,727250400,15.920295539241327,4.084183724845297,99.6171490544201,0.9103820469546023,0.0,0.08,0.16743395363720703
1993-01-17 12:00:00,1993,1,17,12,727272000,21.82157947312167,4.12780056914641,99.4674156440698,13.769679545487099,0.0,0.08,0.23747266215876037
1993-01-17 18:00:00,1993,1,17,18,727293600,18.228466081342557,4.362886864705439,99.35420768445798,0.2929859320042302,0.0,0.08,0.26585106199526487
1993-01-18 00:00:00,1993,1,18,0,727315200,11.365114056400392,4.170076462550123,100.04341965677357,0.31919463937564463,0.0,0.08,0.2242126677891751
1993-01-18 06:00:00,1993,1,18,6,727336800,18.00078429919149,7.589201463346319,99.54517393081743,0.17312800969517161,0.0,0.08,0.22806200490850675
1993-01-18 12:00:00,1993,1,18,12,727358400,22.605379167937745,5.622479396231078,99.81980882830173,13.887159561672028,0.0,0.08,0.22617128266976952
1993-01-18 18:00:00,1993,1,18,18,727380000,18.541622909075066,4.498908793173188,99.632610333246,0.8372765355188702,0.0,0.08,0.21384254912978032
1993-01-19 00:00:00,1993,1,19,0,727401600,13.772860018770528,6.8313120809664865,99.2137801184815,0.03485437469603747,0.0,0.08,0.15979810727244348
1993-01-19 06:00:00,1993,1,19,6,727423200,19.37491256932459,5.855515110600075,99.95087978236229,0.5161948914645215,0.0,0.08,0.2512723304693273
1993-01-19 12:00:00,1993,1,19,12,727444800,22.83971006440081,4.366763077870753,99.488512920242,14.215180931632286,0.0,0.08,0.23651654298983518
1993-01-19 18:00:00,1993,1,19,18,727466400,16.72234314434115,4.261613638147886,99.4467706055771,0.97151939751881,0.0,0.08,0.25092505236954615
1993-01-20 00:00:00,1993,1,20,0,727488000,13.775466593482468,4.594781531337468,99.47988717446259,0.7376843264797962,7.0581676681507695,0.08,0.20498468550894275
1993-01-20 06:00:00,1993,1,20,6,727509600,18.134295239638643,4.408506340012283,99.36695025722749,0.02910602911705029,0.0,0.08,0.1954716213274693
1993-01-20 12:00:00,1993,1,20,12,727531200,26.059077407435566,4.53297259545893,99.20361692621184,14.290439950816507,0.0,0.08,0.19219775348358914
1993-01-20 18:00:00,1993,1,20,18,727552800,20.3107330886133,4.646646502896646,99.27127468951271,0.791658470007305,6.030437457522857,0.08,0.25487778550413026
1993-01-21 00:00:00,1993,1,21,0,727574400,13.769473534524835,4.796732688940601,99.1913986928206,0.517404260688044,0.0,0.08,0.21528458856625152
1993-01-21 06:00:00,1993,1,21,6,727596000,16.658486393551385,4.125550256074542,99.43046202360296,0.9747564740257998,0.0,0.08,0.13271211878129252
1993-01-21 12:00:00,1993,1,21,12,727617600,23.340794668636327,4.456603237605594,98.99058663756828,13.732373199984625,0.0,0.08,0.19984496261661605
1993-01-21 18:00:00,1993,1,21,18,727639200,19.61103048013573,5.226385268657827,99.13949665642815,0.6701644329692807,0.0,0.08,0.20245645656114294
1993-01-22 00:00:00,1993,1,22,0,727660800,10.101290277045772,6.68242892534875,99.43349943737896,0.8703082720291697,0.0,0.08,0.22874892512133788
1993-01-22 06:00:00,1993,1,22,6,727682400,17.031174390364093,7.713905959158972,99.53184077754264,0.30520198048289915,0.0,0.08,0.22756289798761603
1993-01-22 12:00:00,1993,1,22,12,727704000,24.616305493744722,4.721957041194724,99.41546197761633,14.065399301384826,0.0,0.08,0.22417394223660161
1993-01-22 18:00:00,1993,1,22,18,727725600,18.124093265122816,5.960917085448811,99.68140718903706,0.5464891933609051,0.0,0.08,0.19214802382375326
1993-01-23 00:00:00,1993,1,23,0,727747200,12.127385739832029,5.2337394229857095,99.24016853901932,0.818608870490829,0.0,0.08,0.2097878407614346
1993-01-23 06:00:00,1993,1,23,6,727768800,18.04832720103666,4.663532368323673,99.61112500101665,0.6015566772980855,0.0,0.08,0.1942696346405989
1993-01-23 12:00:00,1993,1,23,12,727790400,22.873208404671214,5.041340629966529,99.43331554489092,14.462347396387855,0.0,0.08,0.2185302736377693
1993-01-23 18:00:00,1993,1,23,18,727812000,18.655606569547864,5.055416366798645,99.6309578559849,0.8205654877780113,0.0,0.08,0.20734060807008453
1993-01-24 00:00:00,1993,1,24,0,727833600,13.501406536163978,5.509824818964111,99.44785919205512,0.9983203937324385,0.0,0.08,0.19399296308796818
1993-01-24 06:00:00,1993,1,24,6,727855200,19.917744543903478,7.622135764439135,99.05172950808056,0.3518831051783353,0.0,0.08,0.18004706432347684
1993-01-24 12:00:00,1993,1,24,12,727876800,22.34230483462865,6.108029955225265,99.33911587244468,13.979072904843989,0.0,0.08,0.20493294820750443
1993-01-24 18:00:00,1993,1,24,18,727898400,20.34576452241497,4.799037757308478,99.10790979676852,0.8665858201344252,0.0,0.08,0.1731274911269562
1993-01-25 00:00:00,1993,1,25,0,727920000,16.022967006633866,4.213636664317395,99.33443935233849,0.8459332194985141,0.0,0.08,0.1779446979608521
1993-01-25 06:00:00,1993,1,25,6,727941600,18.82286032928985,4.601424594561547,98.97226422942029,0.46202042161264456,0.0,0.08,0.17911952470854497
1993-01-25 12:00:00,1993,1,25,12,727963200,26.057837288883164,4.598272932024738,99.04796992381235,14.63782272189087,0.0,0.08,0.19383406525098745
1993-01-25 18:00:00,1993,1,25,18,727984800,19.583909034274942,4.470382591538497,99.87890075837122,0.7424259340696785,0.0,0.08,0.20623737097659567
1993-01-26 00:00:00,1993,1,26,0,728006400,13.197191896333868,8.306726303078413,99.35353751677489,0.7588045961936827,0.0,0.08,0.1985155462930986
1993-01-26 06:00:00,1993,1,26,6,728028000,19.677389899553646,10.449254620485142,99.30777475819579,0.45777395495933515,0.0,0.08,0.19485947462860156
1993-01-26 12:00:00,1993,1,26,12,728049600,24.783328635780144,6.513103590448383,99.2112789304952,14.75612224800964,0.0,0.08,0.2251671302443171
1993-01-26 18:00:00,1993,1,26,18,728071200,16.891519465621354,4.512987827221205,99.45566501356538,0.8050003760351437,0.0,0.08,0.18097595967877592
1993-01-27 00:00:00,1993,1,27,0,728092800,14.675309721607949,5.253765490735329,99.53403010690373,0.5070629910054145,0.0,0.08,0.16309848547673841
1993-01-27 06:00:00,1993,1,27,6,728114400,20.92389641296782,5.282448399109227,98.91024378933479,0.9007425099698568,0.0,0.08,0.1719497956597184
1993-01-27 12:00:00,1993,1,27,12,728136000,25.35615982867907,6.329125639075298,99.34308575674693,14.606886001269219,0.0,0.08,0.1687595079453286
1993-01-27 18:00:00,1993,1,27,18,728157600,15.239059390217953,5.056785570978095,99.33445804014251,0.9159938801533689,0.0,0.08,0.2000886830294433
1993-01-28 00:00:00,1993,1,28,0,728179200,15.91730919598521,5.439353705568937,99.24257817435995,0.11832323113716359,0.0,0.08,0.1874697672448924
1993-01-28 06:00:00,1993,1,28,6,728200800,18.370908113883306,4.567822395396327,99.39704304539246,0.8018154822126401,0.0,0.08,0.15312463668542148
1993-01-28 12:00:00,1993,1,28,12,728222400,27.591100912410553,5.436144715216743,99.39015927060397,14.708254294440229,0.0,0.08,0.14788340469525812
1993-01-28 18:00:00,1993,1,28,18,728244000,18.660839811331815,6.102951104162929,99.28308441769148,0.7776241325455098,0.0,0.08,0.16501092283775953
1993-01-29 00:00:00,1993,1,29,0,728265600,13.934563517002982,7.1468485142558,99.24272963915364,0.9426318626943989,0.0,0.08,0.17646879170913815
1993-01-29 06:00:00,1993,1,29,6,728287200,21.660701478272536,6.228395486085402,99.15845838719027,0.1408176493981249,0.0,0.08,0.1375578168907374
1993-01-29 12:00:00,1993,1,29,12,728308800,23.75394696932283,4.953791651965286,99.17259483383975,14.279262762870562,0.0,0.08,0.2264760857306053
1993-01-29 18:00:00,1993,1,29,18,728330400,18.686079314522193,6.324752948951128,99.47608007834718,0.05687864435731333,0.0,0.08,0.10362352285363904
1993-01-30 00:00:00,1993,1,30,0,728352000,12.665141201421987,4.491260809980499,99.90153092032013,0.019176450835231673,0.0,0.08,0.1774254097006803
1993-01-30 06:00:00,1993,1,30,6,728373600,21.693762949621807,5.050221043068069,99.42238956499612,0.6459746818605708,0.0,0.08,0.11999872539125625
1993-01-30 12:00:00,1993,1,30,12,728395200,24.876695937254656,4.85037111890914,99.93249449639875,14.996436769298997,0.0,0.08,0.21335545691186086
1993-01-30 18:00:00,1993,1,30,18,728416800,17.30917646008889,7.734542671245297,99.43038858623135,0.203685204480307,0.0,0.08,0.124769051059331
1993-01-31 00:00:00,1993,1,31,0,728438400,16.369419010486446,5.1809761525945595,99.22363804740276,0.02082410678188229,0.0,0.08,0.1758942491116992
1993-01-31 06:00:00,1993,1,31,6,728460000,17.477657361139478,4.439600039498533,99.333457679265,0.6255685307316727,0.0,0.08,0.18039384117200463
1993-01-31 12:00:00,1993,1,31,12,728481600,21.80128921645885,7.347931275041448,99.54548406594952,15.05264475517308,0.0,0.08,0.13659556483013885
1993-01-31 18:00:00,1993,1,31,18,728503200,19.22871688628479,4.356382751016577,99.59709613839715,0.8929578468612192,0.0,0.08,0.15205408255426772
1993-02-01 00:00:00,1993,2,1,0,728524800,16.98493696994115,5.391756487381383,99.7580718005703,0.19762218052732905,0.0,0.08,0.15555031984549753
1993-02-01 06:00:00,1993,2,1,6,728546400,18.742586281681668,5.579725704256567,99.15385883085817,0.49159496666167224,0.0,0.08,0.16202229836021304
1993-02-01 12:00:00,1993,2,1,12,728568000,26.57731322883057,5.615275986617361,99.61966280694021,14.897407408668473,0.0,0.08,0.11848341941740403
1993-02-01 18:00:00,1993,2,1,18,728589600,20.02131425799619,5.896323311831711,99.22654942751811,0.031412379720192035,0.0,0.08,0.18412791487473815
1993-02-02 00:00:00,1993,2,2,0,728611200,13.955882589110823,7.714346985051226,99.31168512360225,0.44013470969574064,0.0,0.08,0.1755925454974295
1993-02-02 06:00:00,1993,2,2,6,728632800,17.61034786038633,5.300370668245522,99.27270590074323,0.6593985683459802,0.0,0.08,0.18790805200452176
1993-02-02 12:00:00,1993,2,2,12,728654400,26.47687071832336,8.167074351741054,99.9845541492628,14.430375958076,0.0,0.08,0.12593799753562893
1993-02-02 18:00:00,1993,2,2,18,728676000,18.326776196107488,4.655662831905819,99.82873871301994,0.18696499892207138,0.0,0.08,0.19119188228648915
1993-02-03 00:00:00,1993,2,3,0,728697600,16.802437589712355,5.936911699369346,99.00740238595334,0.28928590651979535,0.0,0.08,0.1
1993-02-03 06:00:00,1993,2,3,6,728719200,16.36399288501064,6.027730416830092,99.2199607130075,0.6460393478683777,0.0,0.08,0.1
1993-02-03 12:00:00,1993,2,3,12,728740800,24.307979354946976,4.8232065190617375,99.25661769093864,14.832227099314219,0.0,0.08,0.18494437732865038
1993-02-03 18:00:00,1993,2,3,18,728762400,21.550561399266616,6.699980686669587,99.12356413038843,0.4294713317339631,0.0,0.08,0.16440210599822414
1993-02-04 00:00:00,1993,2,4,0,728784000,15.795225605142685,4.712178474054853,98.93083155102279,0.6533120970357509,0.0,0.08,0.16704586078677133
1993-02-04 06:00:00,1993,2,4,6,728805600,19.379391607980864,5.372121246306065,99.28158919777204,0.1521264336659902,0.0,0.08,0.1609665209678372
1993-02-04 12:00:00,1993,2,4,12,728827200,25.034153339644586,5.655386615190949,99.3513146117751,14.854584058028742,14.391380967699002,0.12510345106176265,0.14159195068210578
1993-02-04 18:00:00,1993,2,4,18,728848800,19.66103589398257,6.355053243982138,99.45754648590614,0.6967023012113297,0.0,0.08,0.12760958312547419
1993-02-05 00:00:00,1993,2,5,0,728870400,13.73899820958247,5.34954839009828,99.28089223296857,0.7187721564112232,0.0,0.08,0.16578144835898825
1993-02-05 06:00:00,1993,2,5,6,728892000,17.744744064359395,5.534969375178675,99.72884538591626,0.7332170535581025,0.0,0.08,0.11535032265208178
1993-02-05 12:00:00,1993,2,5,12,728913600,23.152728001360565,5.044956829464515,99.3142967002333,14.928278214142656,0.0,0.08,0.12155624862866772
1993-02-05 18:00:00,1993,2,5,18,728935200,18.610188387104028,4.72489615021212,99.36305812022228,0.789569395383912,0.0,0.08,0.19421835997662867
1993-02-06 00:00:00,1993,2,6,0,728956800,14.339411222846392,7.673698194382402,99.32886034152972,0.8779339170786263,0.0,0.08,0.1533308765138485
1993-02-06 06:00:00,1993,2,6,6,728978400,22.8231192083155,4.984896787334494,99.80575997106384,0.20633476412730145,0.0,0.08,0.12871423387792436
1993-02-06 12:00:00,1993,2,6,12,729000000,26.53152751487723,4.573152859390282,99.17524857651863,15.1784145992113,0.0,0.08,0.10131251802004784
1993-02-06 18:00:00,1993,2,6,18,729021600,21.870992436905226,4.668917832485835,99.35501572286047,0.34946617383138534,0.0,0.08,0.125786570640727
1993-02-07 00:00:00,1993,2,7,0,729043200,14.542339793383478,5.8209184544618875,99.32017978899817,0.7235121827261389,0.0,0.08,0.12231390216493691
1993-02-07 06:00:00,1993,2,7,6,729064800,18.43052858364404,5.96708174261804,99.0925801673784,0.06409595756340036,0.0,0.08,0.1696056475398573
1993-02-07 12:00:00,1993,2,7,12,729086400,24.96140397173443,6.967103093054726,99.3135779169186,15.329572475180447,0.0,0.08,0.10184531294955661
1993-02-07 18:00:00,1993,2,7,18,729108000,16.658755824161904,5.080689255005321,99.58490041432044,0.19587356480282428,0.0,0.08,0.11568798632440189
1993-02-08 00:00:00,1993,2,8,0,729129600,13.722106087283532,4.979615314413273,99.4858667220929,0.6681629448166061,0.0,0.08,0.16423670545827332
1993-02-08 06:00:00,1993,2,8,6,729151200,22.39430887664425,5.1491824773096795,98.98013138210355,0.15197340140651572,0.0,0.08,0.1316068061568091
1993-02-08 12:00:00,1993,2,8,12,729172800,27.06472384723495,7.944182841773436,99.179574314996,15.353773788325777,0.0,0.08,0.10604147935380043
1993-02-08 18:00:00,1993,2,8,18,729194400,22.722277912263525,8.46789448651545,99.75173983122193,0.3936633784310477,0.0,0.08,0.12907457025502492
1993-02-09 00:00:00,1993,2,9,0,729216000,16.40003527513111,5.339745898544333,99.2040530248428,0.6613848094489132,0.0,0.08,0.15588925111156454
1993-02-09 06:00:00,1993,2,9,6,729237600,22.847870498504676,6.050669000881195,99.41237898521535,0.8805628189957349,0.0,0.08,0.13232847588374375
1993-02-09 12:00:00,1993,2,9,12,729259200,27.408562410350235,5.15562603824947,99.53774169225247,15.128552366737319,0.0,0.08,0.10206030496779643
1993-02-09 18:00:00,1993,2,9,18,729280800,20.556313913991477,5.920313731473225,99.06724125527228,0.48829369623358415,0.0,0.08,0.1
1993-02-10 00:00:00,1993,2,10,0,729302400,14.03456418284553,5.07314882354233,99.44604741953759,0.6140005939957983,0.0,0.08,0.1
1993-02-10 06:00:00,1993,2,10,6,729324000,19.40173603421462,10.691470461627812,98.51358518451534,0.6188890268272675,0.0,0.08,0.1
1993-02-10 12:00:00,1993,2,10,12,729345600,26.51474954115611,5.763998213769869,99.21411508780685,15.689853238690084,0.0,0.08,0.1
1993-02-10 18:00:00,1993,2,10,18,729367200,20.92320930461766,4.596940234228685,99.29289765128371,0.11603529716416731,0.0,0.08,0.1
1993-02-11 00:00:00,1993,2,11,0,729388800,12.332778928044068,9.179135653684686,99.76045695579134,0.964580149887039,0.0,0.08,0.11659898631159994
1993-02-11 06:00:00,1993,2,11,6,729410400,21.848039889676492,5.386950296927012,98.6263277754508,0.6950476636759825,0.0,0.08,0.1
1993-02-11 12:00:00,1993,2,11,12,729432000,28.129882930106838,5.148032373990743,99.14299046322566,15.155516576094383,0.0,0.08,0.1
1993-02-11 18:00:00,1993,2,11,18,729453600,19.80125166608274,5.910755378177498,99.27838424440202,0.40425536431293213,11.540435122739568,0.1503578209434978,0.1
1993-02-12 00:00:00,1993,2,12,0,729475200,16.33264919452081,4.933009356931292,99.19472724282743,0.5292358005547776,0.0,0.08,0.13844325523207862
1993-02-12 06:00:00,1993,2,12,6,729496800,20.568700877922073,6.506355015134313,99.32415941260459,0.3408151460212726,0.0,0.08,0.14183544052047128
1993-02-12 12:00:00,1993,2,12,12,729518400,26.29321204228153,4.7537369405684515,98.98059908413572,15.616514289231421,0.0,0.08,0.12022301550544479
1993-02-12 18:00:00,1993,2,12,18,729540000,21.098935865277085,5.012332667644094,99.52398072217235,0.3015811232800378,0.0,0.08,0.1
1993-02-13 00:00:00,1993,2,13,0,729561600,16.676393608594303,6.954633090474095,99.45412554937843,0.8358768238629549,0.0,0.08,0.1
1993-02-13 06:00:00,1993,2,13,6,729583200,21.331203506415132,4.601211041938552,99.29048072648838,0.7408916025656613,0.0,0.08,0.1
1993-02-13 12:00:00,1993,2,13,12,729604800,27.751134507110116,6.331245528605547,99.75390448232574,16.005261429437112,0.0,0.08,0.1
1993-02-13 18:00:00,1993,2,13,18,729626400,20.437604313085544,5.969484702764493,99.05709292765577,0.45033326424372305,0.0,0.08,0.1
1993-02-14 00:00:00,1993,2,14,0,729648000,14.141802086498304,7.019263878621583,99.34747885331626,0.9649702445867655,0.0,0.08,0.10117037500813826
1993-02-14 06:00:00,1993,2,14,6,729669600,22.226291992627846,8.393250952717281,99.75215930563517,0.9240027502156413,0.0,0.08,0.13088963851103308
1993-02-14 12:00:00,1993,2,14,12,729691200,24.922439509655604,5.535719746227436,99.47838083323973,15.86914444530177,0.0,0.08,0.1
1993-02-14 18:00:00,1993,2,14,18,729712800,21.624328142844245,7.184964470115713,99.38641071571477,0.4671031803982632,0.0,0.08,0.11395269812615771
1993-02-15 00:00:00,1993,2,15,0,729734400,15.552872330108263,4.644787673083701,98.82514568283977,0.909958168662172,0.0,0.08,0.10087369847708114
1993-02-15 06:00:00,1993,2,15,6,729756000,21.530776049516753,5.5550049701892625,98.40439201599447,0.4978599049434712,0.0,0.08,0.1
1993-02-15 12:00:00,1993,2,15,12,729777600,26.535652539694503,4.606741821416741,99.45348701670036,15.951315243192012,0.0,0.08,0.13851806187744062
1993-02-15 18:00:00,1993,2,15,18,729799200,21.537143357166308,4.935807464142579,99.19498511635835,0.22769824339115893,0.0,0.08,0.12882314365178338
1993-02-16 00:00:00,1993,2,16,0,729820800,17.275558706823702,5.194711696172438,98.81358621442412,0.19171100993069234,0.0,0.08,0.1
1993-02-16 06:00:00,1993,2,16,6,729842400,21.935823159062586,5.344657000211439,99.23902878609358,0.5633819878380416,0.0,0.08,0.10896175925102637
1993-02-16 12:00:00,1993,2,16,12,729864000,25.71489692191632,5.637926042362272,99.2139243107306,15.677021752602341,6.751564508537866,0.08,0.1
1993-02-16 18:00:00,1993,2,16,18,729885600,19.904740605919176,4.7034646420357795,99.61703674943364,0.49216202894707917,0.0,0.08,0.1
1993-02-17 00:00:00,1993,2,17,0,729907200,17.162757772677047,5.253710811003983,99.251650081283,0.48265761988221634,0.0,0.08,0.10796690621877769
1993-02-17 06:00:00,1993,2,17,6,729928800,20.071106625888547,6.32332422259472,99.41509395392347,0.17284295331572663,0.0,0.08,0.13091674473615722
1993-02-17 12:00:00,1993,2,17,12,729950400,26.124853007076798,6.997078579135799,99.08521998666545,16.18961001647853,0.0,0.08,0.10253010722830752
1993-02-17 18:00:00,1993,2,17,18,729972000,19.762979934696432,6.977753336781264,99.32595510002879,0.2787589272821087,0.0,0.08,0.1
1993-02-18 00:00:00,1993,2,18,0,729993600,15.985543597239953,5.833401025286815,99.50770144733056,0.21445716266057346,0.0,0.08,0.12576227193072198
1993-02-18 06:00:00,1993,2,18,6,730015200,19.578832137653137,7.315750937238737,99.2702168388756,0.18251536148452852,0.0,0.08,0.10906613931585753
1993-02-18 12:00:00,1993,2,18,12,730036800,27.822966930645613,5.852191857276553,99.10270690568159,15.883337878213176,0.0,0.08,0.1
1993-02-18 18:00:00,1993,2,18,18,730058400,19.125244443915147,6.2748203675006815,99.34092574059449,0.8959091275340642,0.0,0.08,0.1
1993-02-19 00:00:00,1993,2,19,0,730080000,20.11547290941381,5.83996658673678,98.99324510462431,0.5474200705790009,0.0,0.08,0.1
1993-02-19 06:00:00,1993,2,19,6,730101600,21.784729250067876,6.159604695069957,99.13088641707752,0.7542142876747067,0.0,0.08,0.1
1993-02-19 12:00:00,1993,2,19,12,730123200,25.217537982557005,5.086479037569794,99.26803979593457,16.436748859662103,0.0,0.08,0.11918531674065584
1993-02-19 18:00:00,1993,2,19,18,730144800,23.232572393295428,5.78880667955767,99.049224704461,0.02604325882598591,0.0,0.08,0.1
1993-02-20 00:00:00,1993,2,20,0,730166400,19.56252389216808,7.620109383480366,98.9555713049118,0.0892572873872709,0.0,0.08,0.1
1993-02-20 06:00:00,1993,2,20,6,730188000,22.74705689003639,5.005146095672158,99.43323469198643,0.54701285507948,0.0,0.08,0.1
1993-02-20 12:00:00,1993,2,20,12,730209600,27.699546722554118,5.730697364282775,99.56488771785155,15.869828403813694,0.0,0.08,0.1
1993-02-20 18:00:00,1993,2,20,18,730231200,20.964593716344694,6.069928269034733,99.0141260544958,0.31186364600534855,0.0,0.08,0.1
1993-02-21 00:00:00,1993,2,21,0,730252800,16.43840813424711,9.66100703808291,99.11106023616965,0.16197163301002648,0.0,0.08,0.1
1993-02-21 06:00:00,1993,2,21,6,730274400,21.26728586441004,5.02365451856989,98.81463315811853,0.6088706762900491,0.0,0.08,0.11944972177367814
1993-02-21 12:00:00,1993,2,21,12,730296000,25.87945021774283,4.694244451461158,98.87622720243078,16.08042704823051,0.0,0.08,0.1
1993-02-21 18:00:00,1993,2,21,18,730317600,23.97002508071391,13.170275373597812,98.94964456138077,0.06228627125782707,0.0,0.08,0.1
1993-02-22 00:00:00,1993,2,22,0,730339200,17.34418989378753,5.783762384930368,99.1127837799965,0.6397867964977736,0.0,0.08,0.1
1993-02-22 06:00:00,1993,2,22,6,730360800,24.943611829857566,6.453510079873645,99.44476486173338,0.4545550544622676,0.0,0.08,0.1
1993-02-22 12:00:00,1993,2,22,12,730382400,30.5432477427141,6.539501305485086,99.09275510743271,15.80874572266041,0.0,0.08,0.1
1993-02-22 18:00:00,1993,2,22,18,730404000,21.536788550913464,5.934341940401271,98.85303232963378,0.28132795136158456,0.0,0.08,0.1
1993-02-23 00:00:00,1993,2,23,0,730425600,15.975960023822912,5.009622176944274,98.9384673652087,0.3431353127268829,0.0,0.08,0.1
1993-02-23 06:00:00,1993,2,23,6,730447200,21.261431400730686,4.83258263815926,98.70294846264989,0.24285406385721764,0.0,0.08,0.1
1993-02-23 12:00:00,1993,2,23,12,730468800,28.432656796003634,4.733488711554883,98.96419226320003,16.537130076060652,0.0,0.08,0.1406479359769473
1993-02-23 18:00:00,1993,2,23,18,730490400,24.72340915277863,5.723534857861245,98.72804865236304,0.9457690595247852,0.0,0.08,0.11250276329753398
1993-02-24 00:00:00,1993,2,24,0,730512000,15.30463415365898,4.774018567609764,99.15249166992568,0.6730585419954985,0.0,0.08,0.11749676219857697
1993-02-24 06:00:00,1993,2,24,6,730533600,23.08914766504909,7.9222381882993105,98.88070095670726,0.7983142438831938,0.0,0.08,0.1
1993-02-24 12:00:00,1993,2,24,12,730555200,25.903813540521494,4.856856511723001,98.9655894031918,16.103127077103153,0.0,0.08,0.1
1993-02-24 18:00:00,1993,2,24,18,730576800,24.681958266460963,9.602659455653702,99.01021989491352,0.345785056301878,0.0,0.08,0.1
1993-02-25 00:00:00,1993,2,25,0,730598400,16.937823031977004,5.436818962357827,98.9595588192885,0.11470291647612985,0.0,0.08,0.1
1993-02-25 06:00:00,1993,2,25,6,730620000,22.30168273018565,7.211206156843937,99.28649080796721,0.9535886414012926,0.0,0.08,0.1
1993-02-25 12:00:00,1993,2,25,12,730641600,26.797025911979762,5.678668420493318,99.23391294465364,16.04862985844317,0.0,0.08,0.1
1993-02-25 18:00:00,1993,2,25,18,730663200,24.59249193659459,5.6891833593206576,98.97502985512459,0.5485898404431764,0.0,0.08,0.1
1993-02-26 00:00:00,1993,2,26,0,730684800,16.257343498410933,5.180816614441342,98.93885247270357,0.5507980794850688,0.0,0.08,0.1
1993-02-26 06:00:00,1993,2,26,6,730706400,21.247296677981243,4.891425764282573,98.43882245918786,0.41871173864657163,0.0,0.08,0.1
1993-02-26 12:00:00,1993,2,26,12,730728000,26.43852968378599,5.489853504079887,98.7305835241769,16.27064444153747,8.15459686775501,0.08909793547213964,0.1
1993-02-26 18:00:00,1993,2,26,18,730749600,23.697409259035656,9.894809356092042,98.56369755139161,0.4727536784008884,0.0,0.08,0.1
1993-02-27 00:00:00,1993,2,27,0,730771200,16.900167315349638,5.338705141231378,98.78065931914178,0.7716043794894906,0.0,0.08,0.1
1993-02-27 06:00:00,1993,2,27,6,730792800,27.1789038616611,5.350877642098985,99.27769554888299,0.2536878424108603,0.0,0.08,0.1
1993-02-27 12:00:00,1993,2,27,12,730814400,27.1717772503499,6.8562408383423135,99.08754732003827,16.301398633672896,0.0,0.08,0.1
1993-02-27 18:00:00,1993,2,27,18,730836000,24.772868561417837,7.455134553379606,99.2805859817765,0.038755671955338106,0.0,0.08,0.1
1993-02-28 00:00:00,1993,2,28,0,730857600,20.105180820710235,7.450699245222257,98.94086334563279,0.23947801078075093,0.0,0.08,0.1
1993-02-28 06:00:00,1993,2,28,6,730879200,24.39194197900976,6.621383407568194,99.4767981670258,0.39082698724531506,0.0,0.08,0.1
1993-02-28 12:00:00,1993,2,28,12,730900800,29.19559309222329,6.729381066363732,99.34567217301701,16.217518007460598,0.0,0.08,0.1
1993-02-28 18:00:00,1993,2,28,18,730922400,23.59914872174464,5.129933898766211,99.02947249074616,0.011640707094098129,0.0,0.08,0.1
1993-03-01 00:00:00,1993,3,1,0,730944000,15.0465857469057,6.433755413817894,98.6285430751709,0.427432668506036,0.0,0.08,0.1
1993-03-01 06:00:00,1993,3,1,6,730965600,24.73327482771659,5.167358143756958,98.81525991601701,0.6065662942454705,0.0,0.08,0.1
1993-03-01 12:00:00,1993,3,1,12,730987200,28.4946328234159,5.862368806569177,98.94087121395005,16.489573491351504,5.11340990208864,0.08,0.1
1993-03-01 18:00:00,1993,3,1,18,731008800,20.152825670438055,6.4862142071361175,98.5795563156504,0.8788626281367363,0.0,0.08,0.1
1993-03-02 00:00:00,1993,3,2,0,731030400,17.403602303570715,7.641218118070216,98.97785490758058,0.3239249934907712,0.0,0.08,0.1
1993-03-02 06:00:00,1993,3,2,6,731052000,22.124330970912393,5.137905865618015,98.95530897505213,0.7287373245286438,0.0,0.08,0.1
1993-03-02 12:00:00,1993,3,2,12,731073600,28.011471854724565,5.055566375052228,98.39167839318546,16.98379123329327,0.0,0.08,0.1
1993-03-02 18:00:00,1993,3,2,18,731095200,22.12737362359415,5.2539958024878155,99.09746176639172,0.4537847189317141,0.0,0.08,0.1
1993-03-03 00:00:00,1993,3,3,0,731116800,19.024351430459085,5.065387215874584,98.44668424649487,0.8372681556223527,0.0,0.08,0.1
1993-03-03 06:00:00,1993,3,3,6,731138400,22.698540243926956,5.553518757401696,98.75469650605936,0.1578661213166812,0.0,0.08,0.1
1993-03-03 12:00:00,1993,3,3,12,731160000,30.561778175806673,5.310281128982352,98.70797016544242,16.48782912439119,0.0,0.08,0.1
1993-03-03 18:00:00,1993,3,3,18,731181600,21.753846672247317,5.429814239721684,98.9862801318733,0.9064390405249682,0.0,0.08,0.1
1993-03-04 00:00:00,1993,3,4,0,731203200,18.369619973214974,5.403389954207395,99.13536800689901,0.3969710995621073,0.0,0.08,0.1
1993-03-04 06:00:00,1993,3,4,6,731224800,21.8159974720272,10.058583410122942,99.13374397800452,0.924181456730326,0.0,0.08,0.1
1993-03-04 12:00:00,1993,3,4,12,731246400,25.870353083598026,7.962112757586016,98.74052853882453,16.757316132658104,0.0,0.08,0.1
1993-03-04 18:00:00,1993,3,4,18,731268000,22.61774406979169,7.673184411067017,99.1220380815533,0.15330814789343775,0.0,0.08,0.1
1993-03-05 00:00:00,1993,3,5,0,731289600,15.758354043325902,5.26965306061391,99.24597541140253,0.5003833075542635,0.0,0.08,0.1
1993-03-05 06:00:00,1993,3,5,6,731311200,22.705468420345337,6.280852499506312,99.12939561551939,0.20010618849309525,0.0,0.08,0.1
1993-03-05 12:00:00,1993,3,5,12,731332800,25.876675943216508,5.098488306058313,98.66306361283534,16.675274142895724,0.0,0.08,0.1
1993-03-05 18:00:00,1993,3,5,18,731354400,22.620078369513816,6.626044933999257,98.86247781209352,0.08315344047888332,0.0,0.08,0.1
1993-03-06 00:00:00,1993,3,6,0,731376000,20.635675743646694,7.1988518710462,98.60147013357053,0.8134572860604832,0.0,0.08,0.1
1993-03-06 06:00:00,1993,3,6,6,731397600,23.576362920956054,5.28388728116731,99.19843722311346,0.4188996207042127,3.574651493061763,0.08,0.1
1993-03-06 12:00:00,1993,3,6,12,731419200,27.336913840186533,7.306599744579122,98.79464455811983,16.66239684436906,0.0,0.08,0.1
1993-03-06 18:00:00,1993,3,6,18,731440800,21.476824098622423,5.470235847930509,99.04809677490627,0.49518373499155416,0.0,0.08,0.1
1993-03-07 00:00:00,1993,3,7,0,731462400,19.787999030708573,6.308480673150677,99.16728120153942,0.28991524344278974,0.0,0.08,0.1
1993-03-07 06:00:00,1993,3,7,6,731484000,22.942751523488095,5.761368030144671,98.30658905725777,0.7762734265016097,0.0,0.08,0.1
1993-03-07 12:00:00,1993,3,7,12,731505600,27.30232959942727,5.16342265062667,98.87698622297745,17.4776940639563,0.0,0.08,0.1
1993-03-07 18:00:00,1993,3,7,18,731527200,24.81475918372827,5.693323547840566,98.59759660905647,0.30327718239254003,0.0,0.08,0.1
1993-03-08 00:00:00,1993,3,8,0,731548800,16.789813207777147,8.492277408121634,99.34771542901349,0.4284643499648977,0.0,0.08,0.1
1993-03-08 06:00:00,1993,3,8,6,731570400,25.178754680050663,5.158288090839459,98.79971598141212,0.6917759895911081,0.0,0.08,0.1
1993-03-08 12:00:00,1993,3,8,12,731592000,28.169852982509546,8.939546937915672,98.96911308523016,17.635784782193895,0.0,0.08,0.1
1993-03-08 18:00:00,1993,3,8,18,731613600,26.81059120102299,6.477314445070341,99.05524946021734,0.8640667587763915,0.0,0.08,0.1
1993-03-09 00:00:00,1993,3,9,0,731635200,19.14623389059141,5.802756734563161,98.61305460323892,0.24123534866994079,0.0,0.08,0.1
1993-03-09 06:00:00,1993,3,9,6,731656800,22.513261581561625,4.935745017570075,99.15951078689858,0.5370210358309301,0.0,0.08,0.1
1993-03-09 12:00:00,1993,3,9,12,731678400,32.715030804215594,5.250642937648613,98.87303660532231,17.312700948792386,0.0,0.08,0.1
1993-03-09 18:00:00,1993,3,9,18,731700000,23.37082441198898,4.89602902114812,98.71346452679151,0.18927022234889054,0.0,0.08,0.1
1993-03-10 00:00:00,1993,3,10,0,731721600,22.435511560568855,7.697894853778968,98.93310582327742,0.06652233437762367,0.0,0.08,0.1
1993-03-10 06:00:00,1993,3,10,6,731743200,23.014404672982508,5.965612022826992,99.24223250381435,0.3921497306936912,0.0,0.08,0.1
1993-03-10 12:00:00,1993,3,10,12,731764800,29.431327913321173,5.69515492731002,99.10975076642936,17.745261452057232,0.0,0.08,0.1
1993-03-10 18:00:00,1993,3,10,18,731786400,25.50422275805595,9.442856402441855,98.78721047037577,0.08719953946514711,0.0,0.08,0.1
1993-03-11 00:00:00,1993,3,11,0,731808000,20.62552030566786,5.6269363069463845,98.50123384675578,0.42058744383992497,0.0,0.08,0.1
1993-03-11 06:00:00,1993,3,11,6,731829600,23.81259332051591,5.6822021269197664,98.59367619416841,0.11502672083117316,0.0,0.08,0.1
1993-03-11 12:00:00,1993,3,11,12,731851200,28.25428392588866,5.425428074625076,98.7256844506,18.038842058832657,0.0,0.08,0.1
1993-03-11 18:00:00,1993,3,11,18,731872800,25.915120722676022,6.085847004771774,99.15192962741304,0.6160938672158126,0.0,0.08,0.1
1993-03-12 00:00:00,1993,3,12,0,731894400,19.36945125544617,5.007793217831568,98.82513087117702,0.21144022181617295,0.0,0.08,0.1
1993-03-12 06:00:00,1993,3,12,6,731916000,23.51682645757876,4.967634327580057,98.73897717279151,0.9295825819913417,0.0,0.08,0.1
1993-03-12 12:00:00,1993,3,12,12,731937600,31.09637811639856,5.2515853753173936,99.20294232821858,17.542885655578843,0.0,0.08,0.1
1993-03-12 18:00:00,1993,3,12,18,731959200,22.523024988605393,5.680309633693373,98.58717628133356,0.5822464716984358,0.0,0.08,0.1
1993-03-13 00:00:00,1993,3,13,0,731980800,20.528749307620743,5.81294312878468,98.23454888196942,0.6225700280075293,0.0,0.08,0.1
1993-03-13 06:00:00,1993,3,13,6,732002400,25.129125834623764,6.286791987463449,98.95441663498434,0.2634056890163411,0.0,0.08,0.1
1993-03-13 12:00:00,1993,3,13,12,732024000,28.776327368366097,5.945737560174312,98.73969002185109,17.56139909147395,0.0,0.08,0.1
1993-03-13 18:00:00,1993,3,13,18,732045600,23.967200882717435,6.68200137256517,99.08966721962499,0.2612498965861063,0.0,0.08,0.1
1993-03-14 00:00:00,1993,3,14,0,732067200,18.368217208074512,5.222622302893629,98.7660967311215,0.7870685993191976,0.0,0.08,0.1
1993-03-14 06:00:00,1993,3,14,6,732088800,24.351721656853275,6.280090851921603,98.61065339801883,0.4701062600879964,0.0,0.08,0.1
1993-03-14 12:00:00,1993,3,14,12,732110400,30.893097864944806,5.280200258452227,98.41924949422385,18.080805976489973,0.0,0.08,0.1
1993-03-14 18:00:00,1993,3,14,18,732132000,26.17434971538279,5.18994824119791,98.3827519881662,0.05369884544353966,0.0,0.08,0.1
1993-03-15 00:00:00,1993,3,15,0,732153600,21.994235944681392,5.709494358945322,99.11563220956093,0.5929057294713346,0.0,0.08,0.1
1993-03-15 06:00:00,1993,3,15,6,732175200,25.657200038524262,5.906185442666237,98.51660881821043,0.16669011411757495,0.0,0.08,0.1
1993-03-15 12:00:00,1993,3,15,12,732196800,31.549007318270263,6.605121127467083,98.73442561525385,18.19110566388786,0.0,0.08,0.1
1993-03-15 18:00:00,1993,3,15,18,732218400,25.433888505585756,6.36120004913904,99.13274979992816,0.2982695188963196,0.0,0.08,0.1
1993-03-16 00:00:00,1993,3,16,0,732240000,22.986224072918084,6.768941194898603,98.57746017692074,0.5122747050920969,0.0,0.08,0.1
1993-03-16 06:00:00,1993,3,16,6,732261600,24.412548441276208,5.76715498549161,98.37242079472581,0.11391378828123155,0.0,0.08,0.1
1993-03-16 12:00:00,1993,3,16,12,732283200,27.480272058733902,5.028697544225626,98.51664927489401,17.592532946553174,0.0,0.08,0.1
1993-03-16 18:00:00,1993,3,16,18,732304800,22.233842905017628,6.108661012060551,98.80855897913055,0.5524500459489199,0.0,0.08,0.1
1993-03-17 00:00:00,1993,3,17,0,732326400,22.285146814567806,5.299141843140559,98.17469869258984,0.42127303869327504,0.0,0.08,0.1
1993-03-17 06:00:00,1993,3,17,6,732348000,25.374689107918766,5.536229749891912,98.6520679421834,0.9316670810043869,0.0,0.08,0.1
1993-03-17 12:00:00,1993,3,17,12,732369600,28.977646246981234,13.25821486319218,99.43432186931162,17.910253750331393,0.0,0.08,0.1
1993-03-17 18:00:00,1993,3,17,18,732391200,25.569330088464326,7.641301051499166,99.22865555266226,0.731244592898141,0.0,0.08,0.1
1993-03-18 00:00:00,1993,3,18,0,732412800,21.553280321155878,7.601223902524566,98.48147797483655,0.3507643688074068,7.066509782812445,0.08,0.1
1993-03-18 06:00:00,1993,3,18,6,732434400,26.29812515482304,6.941810260479451,98.21744444735371,0.6602713983985237,0.0,0.08,0.1
1993-03-18 12:00:00,1993,3,18,12,732456000,27.236097981401183,5.3749494462027005,98.46389979133181,18.589402288352375,0.0,0.08,0.1
1993-03-18 18:00:00,1993,3,18,18,732477600,25.48687344092686,6.414299487745343,98.74788094717138,0.558617710335124,0.0,0.08,0.1
1993-03-19 00:00:00,1993,3,19,0,732499200,19.963437643493087,6.129273105052533,99.03288668253188,0.17598753996960137,0.0,0.08,0.1
1993-03-19 06:00:00,1993,3,19,6,732520800,25.57295652530189,7.03875122166088,99.00519135164505,0.1391118344448251,0.0,0.08,0.1
1993-03-19 12:00:00,1993,3,19,12,732542400,31.68201666970043,10.44480121272194,98.10387683890072,18.38145896507946,0.0,0.08,0.1
1993-03-19 18:00:00,1993,3,19,18,732564000,26.521464098806177,5.08736608587951,98.74239590488814,0.7668078773112198,0.0,0.08,0.1
1993-03-20 00:00:00,1993,3,20,0,732585600,22.9803868569599,7.81600726501747,98.85055093842682,0.4475135168376939,0.0,0.08,0.1
1993-03-20 06:00:00,1993,3,20,6,732607200,26.539156307911707,8.081106726252742,98.5037612643322,0.8163178260026902,0.0,0.08,0.1
1993-03-20 12:00:00,1993,3,20,12,732628800,31.947318780269544,5.07972921272091,98.94371277600857,18.654283249564724,0.0,0.08,0.1
1993-03-20 18:00:00,1993,3,20,18,732650400,25.471140518894607,6.546413854798134,98.40715311561705,0.5075817053350551,0.0,0.08,0.1
1993-03-21 00:00:00,1993,3,21,0,732672000,23.581666792437403,7.7322152744192945,98.44346099877012,0.24038264587221803,0.0,0.08,0.1
1993-03-21 06:00:00,1993,3,21,6,732693600,23.855549637004607,4.998693807020638,98.78862307301301,0.3666139062612589,0.0,0.08,0.1
1993-03-21 12:00:00,1993,3,21,12,732715200,33.46076976927065,7.424616847612601,98.74908088154552,18.65748573246801,0.0,0.08,0.1
1993-03-21 18:00:00,1993,3,21,18,732736800,22.287734687147648,6.440874096983595,99.0813530212777,0.8031059320154987,1.7879056443226633,0.08,0.1
1993-03-22 00:00:00,1993,3,22,0,732758400,20.819763007393405,5.947575667468613,98.74577425691116,0.939645317686823,0.0,0.08,0.1
1993-03-22 06:00:00,1993,3,22,6,732780000,25.403943937407334,7.367675764973327,98.54715942661325,0.6563162849411545,0.0,0.08,0.1
1993-03-22 12:00:00,1993,3,22,12,732801600,32.351067255789154,5.620628186262153,98.86862216002572,19.00653100671923,0.0,0.08,0.1
1993-03-22 18:00:00,1993,3,22,18,732823200,19.451687538485906,6.078537785206724,98.41207500567626,0.5005243718098916,0.0,0.08,0.1
1993-03-23 00:00:00,1993,3,23,0,732844800,19.495456366390165,5.029269412504884,98.27288813165767,0.22095128008595755,0.0,0.08,0.1
1993-03-23 06:00:00,1993,3,23,6,732866400,25.141959482455828,5.709572144623708,98.41572534015732,0.15863523290907577,0.0,0.08,0.1
1993-03-23 12:00:00,1993,3,23,12,732888000,30.95397388383895,5.400190313225602,98.77705529633171,18.797043166507034,0.0,0.08,0.1
1993-03-23 18:00:00,1993,3,23,18,732909600,26.554212894204632,6.798417043723738,98.51602602140225,0.9733855932912592,18.280016173619178,0.22226538439688245,0.1
1993-03-24 00:00:00,1993,3,24,0,732931200,22.656201023775953,5.367797112243641,98.78016942320001,0.2220114692121794,0.0,0.08,0.1
1993-03-24 06:00:00,1993,3,24,6,732952800,23.032317116962005,5.675676284274026,98.47078730697011,0.8102648938042251,0.0,0.08,0.1
1993-03-24 12:00:00,1993,3,24,12,732974400,29.03428899356531,5.344590071723813,98.85832114502902,18.741923030251133,0.0,0.08,0.1
1993-03-24 18:00:00,1993,3,24,18,732996000,26.838654624151406,5.675203670270805,98.28070490337296,0.1837439488268917,0.0,0.08,0.1
1993-03-25 00:00:00,1993,3,25,0,733017600,22.849949245091924,5.548753825438338,98.85959131610299,0.6121544209546812,0.0,0.08,0.1
1993-03-25 06:00:00,1993,3,25,6,733039200,26.071982039846738,5.918950787738627,98.80962049732078,0.7360650664126644,0.0,0.08,0.1
1993-03-25 12:00:00,1993,3,25,12,733060800,30.550563533733524,11.257301210854035,98.5545586602713,18.65136657626155,0.0,0.08,0.1
1993-03-25 18:00:00,1993,3,25,18,733082400,26.165568183008713,9.666528518163233,99.24005885536468,0.31830243844473227,0.0,0.08,0.1
1993-03-26 00:00:00,1993,3,26,0,733104000,21.50883069886686,6.899768782517071,98.90809106991065,0.011176041768787615,0.0,0.08,0.1
1993-03-26 06:00:00,1993,3,26,6,733125600,26.438795392426005,5.617403628828661,98.15961237800721,0.11361532631251459,0.0,0.08,0.1
1993-03-26 12:00:00,1993,3,26,12,733147200,33.56775809928415,7.8575968789251105,98.21213543891159,19.09269459404888,0.0,0.08,0.1
1993-03-26 18:00:00,1993,3,26,18,733168800,23.524374496816865,5.008311873955947,98.29149420238755,0.4986100428191799,0.0,0.08,0.1
1993-03-27 00:00:00,1993,3,27,0,733190400,20.1204640323889,5.599691499038153,98.51766954704993,0.24833055935435377,0.664744837669131,0.08,0.1
1993-03-27 06:00:00,1993,3,27,6,733212000,26.646137790463513,6.498682912798573,98.80168282678316,0.409158687539091,0.0,0.08,0.1
1993-03-27 12:00:00,1993,3,27,12,733233600,31.758389942380425,7.957456183316815,98.63973491321072,19.182359910654995,0.0,0.08,0.1
1993-03-27 18:00:00,1993,3,27,18,733255200,26.547124513823707,5.0627138998991,98.14651276713106,0.1722677886396369,0.0,0.08,0.1
1993-03-28 00:00:00,1993,3,28,0,733276800,22.562016654673094,5.443486544763765,98.99455268719366,0.9365271760361977,0.0,0.08,0.1
1993-03-28 06:00:00,1993,3,28,6,733298400,26.412415027584245,5.8649695571671305,98.9464803266825,0.0022437129747137075,0.0,0.08,0.1
1993-03-28 12:00:00,1993,3,28,12,733320000,32.77444658674848,5.050000416871979,98.57896241025219,18.80884520827169,0.0,0.08,0.1
1993-03-28 18:00:00,1993,3,28,18,733341600,29.553507582651196,5.220376561568836,98.68868536285879,0.30690117919462273,0.0,0.08,0.1
1993-03-29 00:00:00,1993,3,29,0,733363200,21.697008527049928,10.34671989077517,98.25238221947112,0.017970131266554,0.0,0.08,0.1
1993-03-29 06:00:00,1993,3,29,6,733384800,26.9636455388525,6.39920991181315,98.72588033932662,0.3928256924212248,0.0,0.08,0.1
1993-03-29 12:00:00,1993,3,29,12,733406400,33.14130178201557,5.426852404760609,98.20806018214722,19.048815514053466,0.0,0.08,0.1
1993-03-29 18:00:00,1993,3,29,18,733428000,25.974059793596936,7.447366929505199,98.38922627691545,0.7096633979712776,0.0,0.08,0.1
1993-03-30 00:00:00,1993,3,30,0,733449600,23.389170357217687,5.250436090623133,98.54146619553477,0.9689198372836288,0.0,0.08,0.1
1993-03-30 06:00:00,1993,3,30,6,733471200,25.906833135150055,5.711526921583089,98.32394527980487,0.5286780292986408,0.0,0.08,0.1
1993-03-30 12:00:00,1993,3,30,12,733492800,30.838235059731996,5.586267306225019,99.42597021966046,19.58506287027061,0.0,0.08,0.1
1993-03-30 18:00:00,1993,3,30,18,733514400,26.099095522324344,5.598974430168456,98.6725241354434,0.6000519893334727,0.0,0.08,0.1
1993-03-31 00:00:00,1993,3,31,0,733536000,22.049057486624214,5.466372139533683,98.50023617298872,0.7556768312548855,0.0,0.08,0.1
1993-03-31 06:00:00,1993,3,31,6,733557600,29.990267276248005,6.33011186841565,98.90653046685595,0.5792827122599574,0.0,0.08,0.1
1993-03-31 12:00:00,1993,3,31,12,733579200,32.680268289867506,6.727410889198731,98.59774283956726,19.138709923777377,0.0,0.08,0.1
1993-03-31 18:00:00,1993,3,31,18,733600800,27.75746144550074,8.635601021853208,98.39761959888796,0.40407514690759233,0.0,0.08,0.1
1993-04-01 00:00:00,1993,4,1,0,733622400,21.639543859722423,5.985547710431819,98.93921841900091,0.008722530203735257,0.0,0.08,0.1
1993-04-01 06:00:00,1993,4,1,6,733644000,28.876877641111594,5.645070768510348,98.51156064361429,0.7077115792930844,0.0,0.08,0.1
1993-04-01 12:00:00,1993,4,1,12,733665600,34.03854818869328,6.803244801433459,98.38634561571341,19.17454136230176,0.0,0.08,0.1
1993-04-01 18:00:00,1993,4,1,18,733687200,26.799042061778053,6.380815682471521,98.57286377465313,0.6624284034235833,0.0,0.08,0.1
1993-04-02 00:00:00,1993,4,2,0,733708800,24.710059671023746,7.244288336390237,98.03243550557158,0.6505320446887508,0.0,0.08,0.1
1993-04-02 06:00:00,1993,4,2,6,733730400,27.180665628456786,5.132585502383688,98.5000053173543,0.34314363220157484,0.0,0.08,0.1
1993-04-02 12:00:00,1993,4,2,12,733752000,29.907411496265095,6.3482434253022895,98.35842012121697,19.621752362698256,0.0,0.08,0.1
1993-04-02 18:00:00,1993,4,2,18,733773600,27.0732517209973,8.65960153220286,98.36824175790373,0.29287169309502836,0.0,0.08,0.1
1993-04-03 00:00:00,1993,4,3,0,733795200,21.348965786485348,5.798026630018113,98.5375494179351,0.21363532350690861,0.0,0.08,0.1
1993-04-03 06:00:00,1993,4,3,6,733816800,26.485097267398558,11.726831867350965,98.28549797407231,0.9467074329049799,0.0,0.08,0.1
1993-04-03 12:00:00,1993,4,3,12,733838400,32.19069948779393,5.8204614990978625,98.32528654377572,19.59561184689976,0.0,0.08,0.1
1993-04-03 18:00:00,1993,4,3,18,733860000,25.37262720757351,7.248278996750379,98.27767920935295,0.6871668182898278,0.0,0.08,0.1
1993-04-04 00:00:00,1993,4,4,0,733881600,22.655390511770342,9.539484491194969,98.26491061885116,0.8751768048215363,0.0,0.08,0.1
1993-04-04 06:00:00,1993,4,4,6,733903200,25.621138376807934,6.589095239054012,98.11472514996757,0.5714224149802449,0.0,0.08,0.1
1993-04-04 12:00:00,1993,4,4,12,733924800,31.349999371640237,7.73129470633326,98.98073254904943,19.16859259809839,0.0,0.08,0.1
1993-04-04 18:00:00,1993,4,4,18,733946400,27.900967203532048,5.438147962530627,98.34515131301373,0.9020917596611117,0.0,0.08,0.1
1993-04-05 00:00:00,1993,4,5,0,733968000,21.60885456331295,10.775825470160942,98.10005432396234,0.6707278185296972,0.0,0.08,0.1
1993-04-05 06:00:00,1993,4,5,6,733989600,28.95300277817461,5.59837900804127,98.20967985218655,0.48193684634236345,0.0,0.08,0.1
1993-04-05 12:00:00,1993,4,5,12,734011200,34.91903669322792,5.389410779253783,98.740658204822,20.029748115942745,0.0,0.08,0.1
1993-04-05 18:00:00,1993,4,5,18,734032800,28.78891785809212,5.070652277856873,98.11271024117869,0.1722455605487169,0.0,0.08,0.1
1993-04-06 00:00:00,1993,4,6,0,734054400,25.315360285325934,6.6034184818964246,98.62528022881841,0.3407041075919509,0.0,0.08,0.1
1993-04-06 06:00:00,1993,4,6,6,734076000,29.43578538623431,6.5995135684731725,98.72076884147387,0.6940584701997924,0.0,0.08,0.1
1993-04-06 12:00:00,1993,4,6,12,734097600,34.99422743256805,9.259008119895213,98.5763399835941,19.411845275411615,0.0,0.08,0.1
1993-04-06 18:00:00,1993,4,6,18,734119200,28.032372571164753,8.297022529919555,97.96530034759517,0.028046127899293647,0.0,0.08,0.1
1993-04-07 00:00:00,1993,4,7,0,734140800,24.34554742794313,6.180633657366863,98.34621505869276,0.722057900723215,0.0,0.08,0.1
1993-04-07 06:00:00,1993,4,7,6,734162400,28.512627018976655,5.319031698731823,98.54705745742662,0.9248489382343854,0.0,0.08,0.1
1993-04-07 12:00:00,1993,4,7,12,734184000,36.69400467085742,5.600719001225235,98.54941238906838,19.476982956734602,0.0,0.08,0.1
1993-04-07 18:00:00,1993,4,7,18,734205600,26.8765246967639,5.3883378287711405,98.2291026827923,0.20484593016567226,0.0,0.08,0.1
1993-04-08 00:00:00,1993,4,8,0,734227200,23.816414290788188,5.242091890269771,97.91121698405617,0.5157744874767991,0.0,0.08,0.1
1993-04-08 06:00:00,1993,4,8,6,734248800,27.54712721032026,6.093336793093365,98.32737784024104,0.6124244254550132,0.0,0.08,0.1
1993-04-08 12:00:00,1993,4,8,12,734270400,30.918818551947314,8.168496690769674,98.2930752752903,20.0025544229219,0.0,0.08,0.1
1993-04-08 18:00:00,1993,4,8,18,734292000,30.74493089410399,6.789800031659288,98.49475586474605,0.44046249679111,0.0,0.08,0.1
1993-04-09 00:00:00,1993,4,9,0,734313600,24.825768555171937,6.525938283548469,98.59959380796771,0.29772094951115435,0.0,0.08,0.1
1993-04-09 06:00:00,1993,4,9,6,734335200,29.95680197533891,5.799485931949109,98.58618254205935,0.8747543037465554,0.0,0.08,0.1
1993-04-09 12:00:00,1993,4,9,12,734356800,32.63719451607468,7.043014347904475,98.36135877318624,19.63669339837809,0.0,0.08,0.1
1993-04-09 18:00:00,1993,4,9,18,734378400,27.65355956449088,5.788033857971718,98.00489524749544,0.7575341659283656,0.0,0.08,0.1
1993-04-10 00:00:00,1993,4,10,0,734400000,22.077668610811237,5.322845340082292,97.99373938133346,0.41111701335330075,0.0,0.09306681888149557,0.1
1993-04-10 06:00:00,1993,4,10,6,734421600,29.82149303946101,5.558970891662254,97.94861908220079,0.5844570704592182,0.0,0.08,0.1
1993-04-10 12:00:00,1993,4,10,12,734443200,31.222072350921607,8.317570034702694,97.89867314669767,19.693754201597095,0.0,0.08,0.1
1993-04-10 18:00:00,1993,4,10,18,734464800,29.08786393775391,7.803904198553374,99.02816509919903,0.670254419008574,0.0,0.08,0.1
1993-04-11 00:00:00,1993,4,11,0,734486400,23.167110148991934,5.366641782433912,98.55234306728262,0.8779848249823112,0.0,0.08,0.1
1993-04-11 06:00:00,1993,4,11,6,734508000,30.569113590454094,5.5593905716288035,98.40179918138386,0.1399171263589174,0.0,0.08,0.1
1993-04-11 12:00:00,1993,4,11,12,734529600,33.39833929019561,6.47803341553354,98.68343814297019,20.215811721533605,0.0,0.08,0.1
1993-04-11 18:00:00,1993,4,11,18,734551200,29.74894720464767,7.289612634300976,99.00194315398238,0.4409475665541624,0.0,0.08,0.1
1993-04-12 00:00:00,1993,4,12,0,734572800,22.005370359917244,5.652341918104874,98.17057881087197,0.13314275204089743,0.0,0.08,0.1
1993-04-12 06:00:00,1993,4,12,6,734594400,29.470473028651295,5.634761475988123,98.71379324917676,0.5174096170358845,0.0,0.08245549647972875,0.1
1993-04-12 12:00:00,1993,4,12,12,734616000,35.16846754783522,8.672512237055175,98.32305379392345,19.997149098613274,0.0,0.08,0.1
1993-04-12 18:00:00,1993,4,12,18,734637600,30.159826321077244,9.571547809239016,98.15968571568249,0.7611129253438864,0.0,0.08,0.1
1993-04-13 00:00:00,1993,4,13,0,734659200,22.506883436588883,5.680434767043369,98.38476633040452,0.5389405132804664,0.0,0.08,0.1
1993-04-13 06:00:00,1993,4,13,6,734680800,29.51398819762378,5.665490052677808,97.91423717162752,0.5243950243818181,0.0,0.08,0.1
1993-04-13 12:00:00,1993,4,13,12,734702400,32.27272217915578,6.608008158125483,98.39377883347828,20.67389867193607,0.0,0.08,0.1
1993-04-13 18:00:00,1993,4,13,18,734724000,30.382674917759388,7.040857938602457,97.90962856733812,0.8104267853371876,0.0,0.08,0.1
1993-04-14 00:00:00,1993,4,14,0,734745600,26.763804350320825,5.8706876272441715,98.43997956780021,0.8540612606588793,14.47001564380634,0.1697009094938079,0.1
1993-04-14 06:00:00,1993,4,14,6,734767200,28.60212121695781,5.980948965629976,98.01482123814132,0.36780207341043214,0.0,0.10937624629378404,0.1
1993-04-14 12:00:00,1993,4,14,12,734788800,33.68258106137553,5.538310005015922,98.21106656429714,20.872467650564367,0.0,0.08693523250325387,0.1
1993-04-14 18:00:00,1993,4,14,18,734810400,28.32644719013602,6.035913666186499,97.90920685929287,0.7883903572901368,0.0,0.08,0.1
1993-04-15 00:00:00,1993,4,15,0,734832000,24.4505001678118,5.2434574177109745,98.41182143087394,0.0989109648069928,0.0,0.08,0.1
1993-04-15 06:00:00,1993,4,15,6,734853600,33.58930008932734,7.4678348573252835,98.3599678958936,0.37993876900682766,0.0,0.08,0.1
1993-04-15 12:00:00,1993,4,15,12,734875200,33.39339703279939,9.69672705077764,97.80455222841404,20.21624240548333,0.0,0.08,0.1
1993-04-15 18:00:00,1993,4,15,18,734896800,28.12011333142754,5.375466458623189,98.32917596416524,0.17401420448386973,0.0,0.09025239000953676,0.1
1993-04-16 00:00:00,1993,4,16,0,734918400,26.57420401432888,6.092475795019924,98.16024333003568,0.5286457278965209,0.0,0.08,0.1
1993-04-16 06:00:00,1993,4,16,6,734940000,29.13177325737875,5.153831594468257,98.67943077073616,0.706827359411037,0.0,0.08,0.1
1993-04-16 12:00:00,1993,4,16,12,734961600,32.96445866480645,8.538270160647075,98.53610964345116,20.753086103115415,0.0,0.08,0.1
1993-04-16 18:00:00,1993,4,16,18,734983200,31.928568474307855,5.842178200575824,98.36649228229464,0.9190617508212968,0.0,0.08,0.1
1993-04-17 00:00:00,1993,4,17,0,735004800,24.05817026576822,5.254197646851569,98.44255250952627,0.12034751828385015,0.0,0.08,0.1
1993-04-17 06:00:00,1993,4,17,6,735026400,32.14159795534661,6.2127890931223515,98.1497061105916,0.7406539950371198,0.0,0.08,0.1
1993-04-17 12:00:00,1993,4,17,12,735048000,33.57084761371919,5.801358788794563,98.15139481464364,20.724118680490104,0.0,0.08697785416538786,0.1
1993-04-17 18:00:00,1993,4,17,18,735069600,26.146642749295562,8.736949949273757,98.59905108398966,0.7475101381087927,0.0,0.08,0.1
1993-04-18 00:00:00,1993,4,18,0,735091200,22.88978624748586,8.51448686004021,98.05884354327802,0.552709251731041,0.0,0.08056447163049041,0.1
1993-04-18 06:00:00,1993,4,18,6,735112800,32.342038778822385,5.197248359908581,98.36932184738515,0.9663708052563522,0.0,0.09894519837072094,0.1
1993-04-18 12:00:00,1993,4,18,12,735134400,34.752276254358705,6.159909933239318,98.63368686271141,20.406369363820197,0.0,0.08910676604612432,0.1
1993-04-18 18:00:00,1993,4,18,18,735156000,31.121677786614335,7.317882651499113,98.30655724895284,0.6148970414723748,0.0,0.08,0.1
1993-04-19 00:00:00,1993,4,19,0,735177600,25.59589303806795,5.9304003458666585,97.84143122621434,0.9589521955647516,0.0,0.08,0.1
1993-04-19 06:00:00,1993,4,19,6,735199200,31.240930746639624,8.217970823994591,97.8450001467306,0.4727879993833455,0.0,0.08,0.1
1993-04-19 12:00:00,1993,4,19,12,735220800,36.01398799746464,5.046610661984327,99.00239498148927,21.091763546367712,14.039902010736878,0.23948639496471708,0.1
1993-04-19 18:00:00,1993,4,19,18,735242400,28.82742984426274,5.7136787972195435,97.82662911191068,0.8786120851969548,0.0,0.09040407635926193,0.1
1993-04-20 00:00:00,1993,4,20,0,735264000,23.480564531940338,8.851367885609713,98.03098552439623,0.9903701717833643,0.0,0.08,0.1
1993-04-20 06:00:00,1993,4,20,6,735285600,29.92952496944269,5.358204852535913,98.36630337367453,0.3610885871106797,0.0,0.08,0.1
1993-04-20 12:00:00,1993,4,20,12,735307200,36.51817575615149,5.308603974625247,98.35903002783661,20.48695782593027,0.0,0.08,0.1
1993-04-20 18:00:00,1993,4,20,18,735328800,29.64091635652972,5.600289119661282,98.07815371060255,0.8759374163045859,0.0,0.08,0.1
1993-04-21 00:00:00,1993,4,21,0,735350400,25.299773615510563,4.964326944422983,97.65084289674105,0.13129115180414586,0.0,0.08,0.1
1993-04-21 06:00:00,1993,4,21,6,735372000,32.542986386835906,6.767163946111776,98.25317403343885,0.5854434081737341,0.0,0.08,0.1
1993-04-21 12:00:00,1993,4,21,12,735393600,36.9579730142838,5.702866507307951,98.49560266798944,20.830515759053856,0.0,0.08,0.1
1993-04-21 18:00:00,1993,4,21,18,735415200,29.232688382050355,4.99974299557674,98.50145511147252,0.5570736635374159,0.0,0.09815790729770715,0.1
1993-04-22 00:00:00,1993,4,22,0,735436800,26.499772399806528,5.308171210257607,98.20905077296595,0.5566148186590423,0.0,0.08100786575530408,0.1
1993-04-22 06:00:00,1993,4,22,6,735458400,29.227240403445716,5.099809916377364,98.45864378158473,0.5568778360393138,0.0,0.08,0.1
1993-04-22 12:00:00,1993,4,22,12,735480000,36.85195331247005,6.656489606343325,98.29334685090082,20.9243954948038,0.0,0.08672717209594258,0.1
1993-04-22 18:00:00,1993,4,22,18,735501600,31.074124425690325,5.567934168986538,98.0010644974051,0.22936350754958953,0.0,0.08,0.1
1993-04-23 00:00:00,1993,4,23,0,735523200,27.520000801486887,5.776790557437058,98.03352923207603,0.4440986176291398,0.0,0.08,0.1
1993-04-23 06:00:00,1993,4,23,6,735544800,31.111401205391424,5.745801838390671,98.33610987891066,0.4563481218064894,0.0,0.08,0.1
1993-04-23 12:00:00,1993,4,23,12,735566400,35.92689267857905,5.13926404499167,97.97761497875574,20.979356808456846,0.0,0.11102734633435785,0.1
1993-04-23 18:00:00,1993,4,23,18,735588000,28.278410467093597,5.691446766870431,98.1301677167492,0.7809270339424866,0.0,0.08,0.1
1993-04-24 00:00:00,1993,4,24,0,735609600,25.55665403274775,5.792737812627859,98.08082080253875,0.5183908208050386,4.348098519346734,0.14293523250583068,0.1
1993-04-24 06:00:00,1993,4,24,6,735631200,30.637519040015714,5.419905469441407,97.92191830326735,0.9546729007103973,0.0,0.08,0.1
1993-04-24 12:00:00,1993,4,24,12,735652800,35.69248457315145,5.649391383072828,98.16147796081674,21.28181549634499,0.0,0.08,0.1
1993-04-24 18:00:00,1993,4,24,18,735674400,30.09648792386863,5.579154817261756,98.45174840914268,0.6756823070599599,0.0,0.08,0.1
1993-04-25 00:00:00,1993,4,25,0,735696000,23.906234663117694,6.012522959672685,97.80492041314317,0.364190293217599,0.0,0.08188893932380026,0.1
1993-04-25 06:00:00,1993,4,25,6,735717600,29.05823857450436,6.896268077165823,98.25272774557592,0.9521910396923698,0.0,0.08,0.1
1993-04-25 12:00:00,1993,4,25,12,735739200,33.0366562862121,5.447291719964079,98.05088022725616,21.499072594689434,0.0,0.08,0.1
1993-04-25 18:00:00,1993,4,25,18,735760800,32.664050424744474,7.8564054575984645,97.7635427651325,0.9503462321596146,0.0,0.08040024949790324,0.1
1993-04-26 00:00:00,1993,4,26,0,735782400,28.69575987364933,4.9384339352597255,97.56862260499743,0.1535267914211046,0.0,0.14225711441930683,0.1
1993-04-26 06:00:00,1993,4,26,6,735804000,32.43574351970411,5.674860692881945,97.9287824883466,0.4784371922346502,0.0,0.11079818894711078,0.1
1993-04-26 12:00:00,1993,4,26,12,735825600,34.10547293300931,8.483813975994808,97.46267202350458,20.989471197611053,0.0,0.10800648981100883,0.1
1993-04-26 18:00:00,1993,4,26,18,735847200,28.850088922423335,10.566011665548785,97.9608216628282,0.47979791553103945,0.0,0.0833719283267932,0.1
1993-04-27 00:00:00,1993,4,27,0,735868800,25.178825333967684,5.0614329358212995,97.68829275116231,0.943437953673057,0.0,0.08113541814899991,0.1
1993-04-27 06:00:00,1993,4,27,6,735890400,31.095125350687745,6.8378002298504175,98.10761556630978,0.24672035822343374,0.0,0.08,0.1
1993-04-27 12:00:00,1993,4,27,12,735912000,34.97953324419651,6.232250462056943,97.68245870258242,21.132753526673,5.890507819784361,0.16187704225802577,0.1
1993-04-27 18:00:00,1993,4,27,18,735933600,31.682014994367616,7.339144562085915,97.8074236829837,0.5161922249738184,0.0,0.08,0.1
1993-04-28 00:00:00,1993,4,28,0,735955200,29.1110829075048,6.184327743724778,97.82428713256678,0.9731193358500734,0.0,0.09302701369384818,0.1
1993-04-28 06:00:00,1993,4,28,6,735976800,30.394576640758192,8.598454671098708,97.853040268565,0.165852650860434,0.0,0.10945977154399943,0.1
1993-04-28 12:00:00,1993,4,28,12,735998400,35.51104270979705,5.275227404130975,97.91916029331789,21.407949822216963,0.0,0.08643768500623027,0.1
1993-04-28 18:00:00,1993,4,28,18,736020000,30.661132331579715,7.255318057866423,97.96663365887322,0.2287576968503693,0.0,0.10323256555550656,0.1
1993-04-29 00:00:00,1993,4,29,0,736041600,22.622617197625846,5.123563463296553,97.580615685224,0.25497032040582357,0.0,0.10340865403376472,0.1
1993-04-29 06:00:00,1993,4,29,6,736063200,31.624317462341686,5.152300806356842,97.87669345744403,0.5387718511936633,0.0,0.11466890975695847,0.1
1993-04-29 12:00:00,1993,4,29,12,736084800,35.10936188058459,5.571950721480876,98.45388475795149,22.03742940484851,0.0,0.1258351730602374,0.10727191795505582
1993-04-29 18:00:00,1993,4,29,18,736106400,31.156542284660702,5.280049114706182,97.67997298934849,0.3443484128016794,0.0,0.09258222792308458,0.1
1993-04-30 00:00:00,1993,4,30,0,736128000,25.997350486234883,5.613119175806723,97.47909125919165,0.6556069556513067,0.0,0.13118214952529927,0.1
1993-04-30 06:00:00,1993,4,30,6,736149600,29.900998997097158,4.963197915596399,98.02864524361259,0.1707486105144681,0.0,0.10998300309168169,0.1
1993-04-30 12:00:00,1993,4,30,12,736171200,34.986612371476355,5.836386423122849,98.27797097079804,22.06939866053232,0.0,0.1159323744530982,0.1
1993-04-30 18:00:00,1993,4,30,18,736192800,31.18974649805733,5.365345065009187,98.21214307434646,0.32456579618000386,0.0,0.09102537702209847,0.1
1993-05-01 00:00:00,1993,5,1,0,736214400,23.09537981599904,5.2083225856404765,97.58501782752886,0.235763237098096,0.0,0.09380358328830624,0.1
1993-05-01 06:00:00,1993,5,1,6,736236000,31.12470204649557,5.126270226330394,98.16697178706852,0.991638395839067,4.048662700812712,0.15772609671893414,0.1180093273240482
1993-05-01 12:00:00,1993,5,1,12,736257600,37.57189741493853,7.403970155196207,98.06236982849776,21.9551315577755,0.0,0.08,0.1
1993-05-01 18:00:00,1993,5,1,18,736279200,32.88786800816257,4.950850900732221,98.27594691001843,0.8665487034277787,6.497084160705028,0.19756015907813884,0.1
1993-05-02 00:00:00,1993,5,2,0,736300800,25.987402139151484,4.908809200179183,98.14508657094606,0.6906525332276245,0.0,0.09196395108895832,0.1
1993-05-02 06:00:00,1993,5,2,6,736322400,33.43924592430671,8.98147276443763,98.12784119197866,0.4168209780742441,0.0,0.11242644642952623,0.1
1993-05-02 12:00:00,1993,5,2,12,736344000,37.83565616677718,6.094759338522816,97.79920312674129,22.168590519419666,0.0,0.11527445901087739,0.1
1993-05-02 18:00:00,1993,5,2,18,736365600,29.953101606090385,5.858027457609831,97.78165768788004,0.3307097287545036,0.0,0.09213585365988018,0.1
1993-05-03 00:00:00,1993,5,3,0,736387200,26.882038368733436,5.342024793611779,98.1865425265569,0.43543657352732823,0.0,0.10083831012744798,0.1
1993-05-03 06:00:00,1993,5,3,6,736408800,28.910465483272567,5.040785803902431,98.51063088733292,0.05739123044353711,0.0,0.10237184059268177,0.1
1993-05-03 12:00:00,1993,5,3,12,736430400,35.31616495253777,6.855367210743747,98.33044947744695,21.73564681002657,0.0,0.11986005648711595,0.1
1993-05-03 18:00:00,1993,5,3,18,736452000,30.354448337045564,6.067505852308919,98.45036098172496,0.6373327604334016,0.0,0.13069648018799285,0.1
1993-05-04 00:00:00,1993,5,4,0,736473600,22.300852702577203,6.783246702999506,98.2911388536403,0.10710306702659944,0.0,0.10684179964470433,0.1
1993-05-04 06:00:00,1993,5,4,6,736495200,31.593536887998226,5.407959645495364,98.38073205861178,0.2861343305023091,0.0,0.1433153519207916,0.1
1993-05-04 12:00:00,1993,5,4,12,736516800,36.331963292782525,5.04309068453813,98.06542513030213,21.404552210776238,0.0,0.13341353111776286,0.1
1993-05-04 18:00:00,1993,5,4,18,736538400,31.725283277749707,6.012487113464326,97.99358864177476,0.1369292645531161,0.0,0.09591783456596611,0.1
1993-05-05 00:00:00,1993,5,5,0,736560000,27.432467527152454,6.037575577196058,97.95480449760524,0.15449714641201107,0.0,0.11353088448983419,0.1
1993-05-05 06:00:00,1993,5,5,6,736581600,33.76512885336848,5.201024727206847,98.19065574260262,0.970161449215991,0.0,0.12044524488211239,0.1
1993-05-05 12:00:00,1993,5,5,12,736603200,36.47738882485442,5.725378431893576,97.98059023227388,21.849155191767938,0.0,0.11037341288210405,0.1
1993-05-05 18:00:00,1993,5,5,18,736624800,31.611573838750477,6.191574791907838,97.85645650520144,0.38691968829087237,0.0,0.14246456292111842,0.1
1993-05-06 00:00:00,1993,5,6,0,736646400,23.75223591575858,5.600013672825993,98.09671514903772,0.180489884132781,0.0,0.08692181903674791,0.1
1993-05-06 06:00:00,1993,5,6,6,736668000,32.2581364343673,8.614463611282797,98.04531324871729,0.6135865248958933,0.0,0.09762322603377317,0.1
1993-05-06 12:00:00,1993,5,6,12,736689600,34.86675611188666,7.2510435613273465,97.77940405851656,22.370823945135694,10.419329392062936,0.2357932574029138,0.1
1993-05-06 18:00:00,1993,5,6,18,736711200,34.754458923138216,6.297015271879095,98.06174364771809,0.08592304210551324,0.0,0.08,0.1
1993-05-07 00:00:00,1993,5,7,0,736732800,27.021631788469872,5.138224469399464,97.82933063984883,0.1535565130492743,0.0,0.08823101581736664,0.1
1993-05-07 06:00:00,1993,5,7,6,736754400,30.143236458138475,4.913646080340574,98.04263893429905,0.935909028606915,0.0,0.08946723769008516,0.1
1993-05-07 12:00:00,1993,5,7,12,736776000,36.75118627397328,5.393882621699877,97.56179369554359,22.238785371212863,0.0,0.11409628044059394,0.11756978742592084
1993-05-07 18:00:00,1993,5,7,18,736797600,30.888558417691826,5.672825103128483,97.6618748676709,0.05656921988533079,0.0,0.1259197580655723,0.10658682994375207
1993-05-08 00:00:00,1993,5,8,0,736819200,21.49000885644384,5.346842147854677,97.88370636277158,0.2742982593521135,0.0,0.10022768384321365,0.1
1993-05-08 06:00:00,1993,5,8,6,736840800,34.5466117336443,5.543286045884714,97.84657222192601,0.9779927015647673,0.0,0.12618112024844405,0.1
1993-05-08 12:00:00,1993,5,8,12,736862400,35.532542508792424,5.989851386277659,97.8774623420918,21.932230941869456,0.0,0.13663412040163603,0.1271083784847682
1993-05-08 18:00:00,1993,5,8,18,736884000,30.271475520573084,5.9340701456351574,97.54679026893871,0.987837633931431,0.0,0.11018478083392491,0.10240200256000331
1993-05-09 00:00:00,1993,5,9,0,736905600,28.75488491521001,5.776078196020668,97.82196625871637,0.36307031388899524,4.351125173945943,0.1931993820386762,0.11750757586674296
1993-05-09 06:00:00,1993,5,9,6,736927200,32.730218739808514,4.977400678934841,98.20933673516953,0.21204821399355445,0.0,0.13110908417096542,0.1
1993-05-09 12:00:00,1993,5,9,12,736948800,37.64351202608821,5.411052474696187,97.08574866440712,21.753593266211432,12.54548962503025,0.2518296363998195,0.1
1993-05-09 18:00:00,1993,5,9,18,736970400,35.18733054051531,5.171518289889618,97.61519262468539,0.047138470846530216,4.978519182494392,0.16065996271205907,0.1
1993-05-10 00:00:00,1993,5,10,0,736992000,24.97843047798883,6.11303270760342,98.28971820233923,0.9127777144714577,0.0,0.11121015292711889,0.1
1993-05-10 06:00:00,1993,5,10,6,737013600,34.59578824271641,5.604388653346074,97.75110890077228,0.8786449331999191,0.0,0.1278372171691012,0.1
1993-05-10 12:00:00,1993,5,10,12,737035200,37.67662063105192,7.293060717759602,98.07886477726558,22.096687305977472,0.0,0.145588477375553,0.1
1993-05-10 18:00:00,1993,5,10,18,737056800,33.17765032152711,9.049817648756132,98.0227934866461,0.8179186643006304,0.0,0.1277059861283279,0.1
1993-05-11 00:00:00,1993,5,11,0,737078400,28.840408253403062,8.195688064634965,97.8407760156179,0.5804447517007173,0.0,0.10179811420102056,0.12716887498406856
1993-05-11 06:00:00,1993,5,11,6,737100000,29.94285290548362,4.894974450890644,97.80051211212151,0.8875159332353709,9.083834639316267,0.218191407044577,0.1
1993-05-11 12:00:00,1993,5,11,12,737121600,38.4071756790084,4.695731015950651,97.89388609247767,22.18338301748886,0.0,0.1385191006162038,0.1099118342306736
1993-05-11 18:00:00,1993,5,11,18,737143200,28.50211684301796,4.87274304880916,98.07815890405446,0.043485612989446094,0.0,0.08742336868643075,0.1
1993-05-12 00:00:00,1993,5,12,0,737164800,24.860579237863213,7.481097767349588,97.36002227068086,0.15627961649224187,0.0,0.1674559980573671,0.1
1993-05-12 06:00:00,1993,5,12,6,737186400,31.33916025701522,4.971659253392637,98.53524946943733,0.9038414782576707,0.0,0.10193032503095273,0.1
1993-05-12 12:00:00,1993,5,12,12,737208000,36.90512240199779,5.010591807601186,98.33135625591069,22.11274418816005,0.0,0.11299418145783491,0.1
1993-05-12 18:00:00,1993,5,12,18,737229600,34.57306125199236,5.276532464876771,98.05446488354077,0.8415178854845199,17.87935774548795,0.29824448595792497,0.11775828801538687
1993-05-13 00:00:00,1993,5,13,0,737251200,28.276559456823257,4.757349838664105,97.80134779582157,0.9302046826151771,0.0,0.18064507271584887,0.11373565475333709
1993-05-13 06:00:00,1993,5,13,6,737272800,31.884241398882498,6.196137001781821,97.90927537727329,0.7574977495759826,2.8967703910519895,0.12431626559032632,0.1
1993-05-13 12:00:00,1993,5,13,12,737294400,37.865092845660264,5.977514762484749,97.92578686465964,22.611348751091256,0.0,0.1185902153687296,0.10411758285560152
1993-05-13 18:00:00,1993,5,13,18,737316000,33.06793553999937,5.989181544037326,98.12630545123771,0.9287632330862691,0.0,0.1700849293981658,0.10400874311709404
1993-05-14 00:00:00,1993,5,14,0,737337600,27.517539400303015,5.094267066271762,97.63127980235154,0.8356390758469261,0.0,0.13149477828802666,0.12624157288562032
1993-05-14 06:00:00,1993,5,14,6,737359200,28.996239098544457,4.902224811296158,97.3725613305491,0.7408325711171995,0.0,0.10360776110429523,0.1
1993-05-14 12:00:00,1993,5,14,12,737380800,37.3726977509514,5.14270825324275,97.93048225723676,22.61151491627605,0.0,0.15414633569774555,0.1
1993-05-14 18:00:00,1993,5,14,18,737402400,31.43634725025131,6.414124858797294,97.85200786152647,0.8536575972637799,0.0,0.12871489600151897,0.1519163422578596
1993-05-15 00:00:00,1993,5,15,0,737424000,26.904034465595746,4.788523804025144,97.6045946763989,0.4625769823399526,0.0,0.1441758714884705,0.12776186647181798
1993-05-15 06:00:00,1993,5,15,6,737445600,33.133881551847,5.690992333502193,98.05232206623208,0.9515830942602774,0.0,0.1173917513875123,0.1
1993-05-15 12:00:00,1993,5,15,12,737467200,38.92465819136585,4.635683840481264,97.38748836445149,22.69755643265516,0.0,0.1672332035042605,0.15241782532073622
1993-05-15 18:00:00,1993,5,15,18,737488800,31.451866364747648,7.907452093893293,98.02500777190237,0.8928205840224963,0.0,0.12824819239973098,0.10782223245425582
1993-05-16 00:00:00,1993,5,16,0,737510400,27.560956983403976,5.195034858074249,97.58144701724561,0.6309279143863953,0.0,0.13569974394421536,0.1
1993-05-16 06:00:00,1993,5,16,6,737532000,29.660519489983884,6.397053806017936,98.29185357381638,0.4727343315877377,0.0,0.11243241408595372,0.11064886355711952
1993-05-16 12:00:00,1993,5,16,12,737553600,39.31524902253608,6.4761380293699915,97.59629396681338,22.611529861136635,0.0,0.11564203830059529,0.1
1993-05-16 18:00:00,1993,5,16,18,737575200,32.2254895790083,8.678569301084654,97.40781088507647,0.36495979558955355,0.0,0.13974489277045177,0.10765634840242806
1993-05-17 00:00:00,1993,5,17,0,737596800,27.69064060318565,5.847966850705985,98.26511436004542,0.7160982797943224,0.0,0.1446476990107545,0.1
1993-05-17 06:00:00,1993,5,17,6,737618400,32.73757311218074,5.334831513259861,98.35131830814237,0.35283026945181417,0.0,0.09587471673683753,0.1
1993-05-17 12:00:00,1993,5,17,12,737640000,37.03775709592814,9.479154741159672,97.75822148160816,22.31878533738636,0.0,0.14653325727705754,0.11598827083124891
1993-05-17 18:00:00,1993,5,17,18,737661600,34.20278287338067,6.51687587317947,97.32166431243486,0.7366227863426411,0.0,0.12227306231006141,0.12179076204450706
1993-05-18 00:00:00,1993,5,18,0,737683200,28.33292953637829,6.773775340647028,97.58649923550364,0.8209454026356338,0.0,0.1627229738683773,0.13399217400225666
1993-05-18 06:00:00,1993,5,18,6,737704800,30.546265559411598,11.658009885534048,97.33216711307519,0.018110383673161645,0.0,0.15446844826127556,0.13897409017247062
1993-05-18 12:00:00,1993,5,18,12,737726400,36.06527308273685,4.622846606637438,97.7665124129491,22.76325669156645,0.0,0.1359710385052534,0.10713487297711899
1993-05-18 18:00:00,1993,5,18,18,737748000,33.831385177298294,9.59657288134298,97.81747142437341,0.1602266896548145,0.0,0.16444043893954358,0.11548737464240147
1993-05-19 00:00:00,1993,5,19,0,737769600,30.53922539295004,5.976132733325032,97.88983239242148,0.43946799323115393,0.0,0.15575521148187366,0.1288623818171549
1993-05-19 06:00:00,1993,5,19,6,737791200,32.61490175016722,7.494003232046285,98.12291665980806,0.572879091303713,0.0,0.1113693312678662,0.12566387812414942
1993-05-19 12:00:00,1993,5,19,12,737812800,38.64943192740305,5.325147061065296,97.33453925166606,22.377456701780922,0.0,0.1852804904839766,0.1271612675443658
1993-05-19 18:00:00,1993,5,19,18,737834400,36.899527266973884,6.387428243273485,98.16756942577844,0.8868765628781661,0.0,0.14729298350436523,0.15725119563686563
1993-05-20 00:00:00,1993,5,20,0,737856000,27.17666109277387,6.065688334423678,97.37360416939354,0.8536922955760832,0.0,0.17209824777830868,0.1
1993-05-20 06:00:00,1993,5,20,6,737877600,30.9209248473191,5.510721349884406,97.75958614733314,0.32832947155195924,0.0,0.1568759828518446,0.12575053778581313
1993-05-20 12:00:00,1993,5,20,12,737899200,36.18812054066158,5.785580839371972,97.5243001007004,22.348544898882817,0.0,0.16939970280426764,0.12486755385489479
1993-05-20 18:00:00,1993,5,20,18,737920800,30.006875206274003,4.740260617923,98.2074560984487,0.20976113044986472,0.0,0.13707657185452204,0.1
1993-05-21 00:00:00,1993,5,21,0,737942400,27.497656443693902,6.177295029573149,97.2104034525996,0.7935720223193907,0.0,0.18957372577017068,0.11013487833049967
1993-05-21 06:00:00,1993,5,21,6,737964000,31.982494417114616,5.050970998801271,97.5674395784766,0.923301281800989,0.0,0.13070979828626977,0.18831614857438234
1993-05-21 12:00:00,1993,5,21,12,737985600,37.35794511389112,5.43752244718823,97.6909948437726,22.79723659408135,0.0,0.14243964877382864,0.1
1993-05-21 18:00:00,1993,5,21,18,738007200,35.5361723877574,5.779123873316452,98.18190417095433,0.5942392873250798,0.0,0.18628318148622233,0.10686506755497359
1993-05-22 00:00:00,1993,5,22,0,738028800,26.328694256096707,8.28757479988491,97.28389804079603,0.7200658610007444,0.0,0.1443226364919652,0.1
1993-05-22 06:00:00,1993,5,22,6,738050400,33.68009869962956,4.918185787320472,97.7652271912378,0.4947694050061744,0.0,0.14196131544121374,0.15242255919050451
1993-05-22 12:00:00,1993,5,22,12,738072000,35.89279332834067,6.890856456042592,97.70454055918714,23.19460712400459,0.0,0.17472264834647006,0.1
1993-05-22 18:00:00,1993,5,22,18,738093600,35.4190311641941,5.057043946978265,97.7496991132307,0.6915201121478094,0.0,0.17944103544435014,0.17162434061253865
1993-05-23 00:00:00,1993,5,23,0,738115200,28.751798958155945,6.066533498886086,98.12273438937532,0.7850356711811917,0.0,0.11824447740697167,0.13029829669664866
1993-05-23 06:00:00,1993,5,23,6,738136800,31.65653881548257,6.077991524374081,97.8225418932991,0.8876364910837689,0.0,0.19139898453534931,0.12136439615062204
1993-05-23 12:00:00,1993,5,23,12,738158400,40.47239474199864,5.214065198853086,97.79431739964488,23.120314974531468,0.0,0.1304257780990547,0.15990901849193145
1993-05-23 18:00:00,1993,5,23,18,738180000,34.3438236593399,5.968004002744747,97.48743434464659,0.1802962889384688,0.0,0.15968551917957047,0.11518856048920353
1993-05-24 00:00:00,1993,5,24,0,738201600,27.24031437083638,4.83856676296581,97.88835309813527,0.303330765235309,0.0,0.19784054724171843,0.19542819611710546
1993-05-24 06:00:00,1993,5,24,6,738223200,33.61044088056536,7.615533125989163,97.50377519915786,0.18640374348087052,0.0,0.14145106353971496,0.17667072379117477
1993-05-24 12:00:00,1993,5,24,12,738244800,36.91364000294854,4.518484774686682,97.3475687301967,22.839210940781186,0.0,0.16060622086212728,0.18414428008159214
1993-05-24 18:00:00,1993,5,24,18,738266400,29.900245788404547,4.8255574545232465,97.373216990466,0.791345626463627,0.0,0.17806659559054952,0.16380355318648987
1993-05-25 00:00:00,1993,5,25,0,738288000,30.442434328385804,5.079983954468633,97.65534753919948,0.6553707965391959,0.0,0.17372310104034033,0.1847280240985194
1993-05-25 06:00:00,1993,5,25,6,738309600,31.625193737727407,4.778846592269263,98.01352296062578,0.4437031679022778,0.0,0.15517340729976967,0.13871852398600132
1993-05-25 12:00:00,1993,5,25,12,738331200,33.77280797458404,11.087047036205755,97.54430774121391,23.412431157799002,0.0,0.16885185217077048,0.18423624806342087
1993-05-25 18:00:00,1993,5,25,18,738352800,33.485721230832596,7.370680621434529,97.28612775218853,0.31184950366690434,0.0,0.16603805503389835,0.16770102377066984
1993-05-26 00:00:00,1993,5,26,0,738374400,28.726186832237463,6.45112587889835,97.76465853961513,0.5449073081152481,0.0,0.15610104655969687,0.11440415852395197
1993-05-26 06:00:00,1993,5,26,6,738396000,33.56774481138833,5.897784619344094,97.65808993280336,0.8292114215208901,0.0,0.18027263417154873,0.2163131105927098
1993-05-26 12:00:00,1993,5,26,12,738417600,39.2235993966045,5.40616205622219,98.02977242214527,23.004817373801792,0.0,0.1647197546357485,0.11197741412129392
1993-05-26 18:00:00,1993,5,26,18,738439200,35.08567652738266,4.911968830260735,97.25823367253585,0.7929953497173482,0.0,0.17427498972858363,0.15974205144326264
1993-05-27 00:00:00,1993,5,27,0,738460800,27.17365910296686,6.20595467825772,97.58526627055282,0.6058241050122303,0.0,0.17077789800270488,0.1767231224400163
1993-05-27 06:00:00,1993,5,27,6,738482400,34.599669658477346,4.74375458881301,97.59694914049105,0.050596405960714685,0.0,0.17243911758922084,0.15610437240981956
1993-05-27 12:00:00,1993,5,27,12,738504000,37.933864063420295,5.37614574397633,97.74670784610798,23.017259349173635,0.0,0.16092854711938867,0.13663195244878604
1993-05-27 18:00:00,1993,5,27,18,738525600,33.4982251411886,4.589381474218617,97.77608437679561,0.9675056569108136,0.0,0.18994973010187308,0.15143335108581588
1993-05-28 00:00:00,1993,5,28,0,738547200,29.794919972419947,4.653910369699251,97.70908801555245,0.33616230963792304,0.0,0.17555250064902314,0.14112021290014942
1993-05-28 06:00:00,1993,5,28,6,738568800,31.407529733462912,4.9927873847783,97.57902442287539,0.09886654551193841,0.0,0.16654652864910768,0.16272803419934678
1993-05-28 12:00:00,1993,5,28,12,738590400,37.69481623673598,6.000946758007153,97.66667856003134,22.872106824496885,0.0,0.1490246717828162,0.17172127735221168
1993-05-28 18:00:00,1993,5,28,18,738612000,31.827056283553798,4.611784227083319,97.67771133778503,0.3086172214937888,0.0,0.12646399035739708,0.10291932239695514
1993-05-29 00:00:00,1993,5,29,0,738633600,25.664527587658334,6.171066128368123,97.77293081976309,0.0992378858310039,0.0,0.17674590280789257,0.1660471629666977
1993-05-29 06:00:00,1993,5,29,6,738655200,35.1011532530997,8.010355388067165,97.32834051908817,0.13957717546341963,0.0,0.16488944883356155,0.13709136661388058
1993-05-29 12:00:00,1993,5,29,12,738676800,38.61351199546523,5.353909121510126,97.84494562167667,23.199124998246383,0.0,0.18507627244312158,0.20259294606432918
1993-05-29 18:00:00,1993,5,29,18,738698400,32.67286231556503,5.146931750162899,97.80790825207374,0.6311547878135253,0.0,0.18195178609952647,0.1827597275594404
1993-05-30 00:00:00,1993,5,30,0,738720000,29.161946867770624,7.790336527290165,97.69990367148246,0.5642960951191185,0.0,0.18912865219962802,0.1825125770833207
1993-05-30 06:00:00,1993,5,30,6,738741600,35.43467886191209,7.566685739368777,97.7424744410001,0.4531123850389478,6.806921661218555,0.22544257853535418,0.17560562928219142
1993-05-30 12:00:00,1993,5,30,12,738763200,36.72271121031884,5.942436867915838,97.75585940484378,23.224245956405973,0.0,0.17859093248906505,0.19775481645014184
1993-05-30 18:00:00,1993,5,30,18,738784800,33.82860006775496,4.756217073363541,98.05506364794905,0.5575682318857972,0.0,0.2211700857049418,0.16247561674124336
1993-05-31 00:00:00,1993,5,31,0,738806400,31.718709069364618,11.335122738206252,97.9090656164959,0.0748145678140848,0.0,0.14405574312986769,0.16585095136643213
1993-05-31 06:00:00,1993,5,31,6,738828000,33.567382210854625,5.5525118880456485,98.01747328347766,0.4539176576433993,0.0,0.19359693752046572,0.18903054648301462
1993-05-31 12:00:00,1993,5,31,12,738849600,41.18115841422806,5.713751884693628,97.92154080671789,22.708595523188276,0.0,0.18492204898137407,0.13808489936448365
1993-05-31 18:00:00,1993,5,31,18,738871200,34.55862737272288,6.046750278103453,96.82936659936891,0.6744987100725903,0.0,0.17483097606100034,0.1572432534449853
1993-06-01 00:00:00,1993,6,1,0,738892800,27.90359307192433,5.252332975601676,97.85664571571233,0.4721432892127906,0.0,0.14259943335286107,0.20233873439876782
1993-06-01 06:00:00,1993,6,1,6,738914400,34.09455413050535,5.708423193729382,97.61102415317143,0.00565729009789484,0.0,0.19432198565276884,0.16359370875169876
1993-06-01 12:00:00,1993,6,1,12,738936000,39.39238139918746,9.149037114956151,97.80094299451741,23.577154751087345,21.948054325462866,0.401169672371554,0.2118945963932343
1993-06-01 18:00:00,1993,6,1,18,738957600,36.31141489683243,5.128272574908207,97.51902907391433,0.27938663501206096,0.8762690409533828,0.21724456502910872,0.16289093396323226
1993-06-02 00:00:00,1993,6,2,0,738979200,25.160033966869676,5.111925438644269,97.86720620786427,0.11703816692171154,5.802310227961747,0.22064465015372053,0.1809855107124605
1993-06-02 06:00:00,1993,6,2,6,739000800,36.08070030882794,9.405005394091994,97.10631130161686,0.6336423677800918,0.0,0.15435160743195972,0.1543533952044967
1993-06-02 12:00:00,1993,6,2,12,739022400,39.596898144789876,4.522271568971739,97.72570374738952,23.000836030792954,0.41632759383306617,0.15111456860848166,0.20431809632813777
1993-06-02 18:00:00,1993,6,2,18,739044000,31.609840478556574,4.407676235061869,97.81581914763157,0.5703389084061068,0.0,0.18792960395105912,0.19768593252666689
1993-06-03 00:00:00,1993,6,3,0,739065600,30.020384801484973,5.998076756355037,97.40498692088319,0.7885651469089259,0.0,0.2212689030986906,0.1603371557547148
1993-06-03 06:00:00,1993,6,3,6,739087200,32.7349896618717,14.201420973232693,97.04310969153285,0.5483392944273283,0.0,0.21518430521949247,0.18659642780703015
1993-06-03 12:00:00,1993,6,3,12,739108800,40.09269940736508,8.591850785526455,97.48758399311464,22.93781841551597,24.282955996456597,0.41259339650250537,0.1960461066331725
1993-06-03 18:00:00,1993,6,3,18,739130400,34.454032155125276,6.889446767921321,97.7262073110346,0.2017865491293952,0.0,0.18950817641152856,0.19427619369170424
1993-06-04 00:00:00,1993,6,4,0,739152000,29.517662898733278,5.552034367687133,97.07036058506726,0.4535762685101844,0.0,0.1957687324875945,0.2433685391562352
1993-06-04 06:00:00,1993,6,4,6,739173600,31.31071441642169,4.628099118963973,97.51977555469607,0.9266147465959866,0.0,0.16516667725807244,0.21275719395885723
1993-06-04 12:00:00,1993,6,4,12,739195200,36.82146917530005,8.51426879496006,97.56857460723377,23.274195739920298,0.0,0.2002662390214454,0.18626437541635013
1993-06-04 18:00:00,1993,6,4,18,739216800,33.842298103019274,5.557799929031082,98.11615012957957,0.4043497129329625,0.0,0.21747674268461217,0.21110565269744083
1993-06-05 00:00:00,1993,6,5,0,739238400,29.04789863190702,4.314770539659677,97.92553356023359,0.013479962857492533,10.393403753148439,0.2791089592064926,0.22984680832683577
1993-06-05 06:00:00,1993,6,5,6,739260000,33.58994894297031,4.360669576913739,97.73307483824422,0.9415518486825245,4.413142955109693,0.22782140537594722,0.21440528507406087
1993-06-05 12:00:00,1993,6,5,12,739281600,40.36070740970512,11.141823895854866,97.32062044481887,23.133957967136887,0.0,0.14444895033382232,0.2371339696698126
1993-06-05 18:00:00,1993,6,5,18,739303200,32.91470560350797,5.49167270260019,97.9730851145554,0.7833931647719332,0.0,0.18838485556653733,0.2055492536618644
1993-06-06 00:00:00,1993,6,6,0,739324800,28.7061142533868,5.92304439322758,97.53912782055214,0.05011128113391783,0.0,0.22692458929551132,0.15936897470301603
1993-06-06 06:00:00,1993,6,6,6,739346400,35.588083419805436,5.046530584568478,97.50661162253773,0.8221265418489649,0.0,0.18433661708218577,0.2457199888860235
1993-06-06 12:00:00,1993,6,6,12,739368000,39.026053066244614,4.199295265331472,97.05735219296317,23.7071654115174,0.0,0.19214777162548843,0.17574017248932453
1993-06-06 18:00:00,1993,6,6,18,739389600,34.685901025943444,5.170739976356122,97.21060542934724,0.5652098581283964,0.0,0.21060087498850555,0.17236091673262377
1993-06-07 00:00:00,1993,6,7,0,739411200,28.808078492419224,5.498789240175114,97.88790875020817,0.7471024536582609,0.0,0.18276886744079748,0.2251661257307893
1993-06-07 06:00:00,1993,6,7,6,739432800,35.12148588494554,4.969459888441667,97.31424963838677,0.5876450241715494,0.0,0.15070259766046148,0.21119379456691126
1993-06-07 12:00:00,1993,6,7,12,739454400,36.875108434002904,4.244968998502671,97.75246759865814,23.215910972162096,0.0,0.16325394687770337,0.23772175431964138
1993-06-07 18:00:00,1993,6,7,18,739476000,32.627189358460186,11.908704095191954,98.1158574928589,0.4503577993038925,0.0,0.19404700035549174,0.18850462395393255
1993-06-08 00:00:00,1993,6,8,0,739497600,28.643655863844522,4.2331259269008985,97.76006650799938,0.7895751699678608,0.0,0.20778619386062136,0.21210865759393274
1993-06-08 06:00:00,1993,6,8,6,739519200,37.46812290582554,6.582203868240629,97.8486965295056,0.30507306051516125,27.43283134473883,0.4795928845236189,0.1956082869046266
1993-06-08 12:00:00,1993,6,8,12,739540800,39.87445286788932,4.408657019183105,97.79495327146057,23.077404233030705,0.0,0.2027772636935651,0.26559467943143844
1993-06-08 18:00:00,1993,6,8,18,739562400,33.95360813638041,5.102476956739958,97.31800821385995,0.015265807435645122,0.0,0.17118302141253083,0.2468961342689045
1993-06-09 00:00:00,1993,6,9,0,739584000,27.49789667082971,4.9619403080594715,97.76139939090999,0.32356998325933617,0.0,0.18798381481736262,0.2199168222274614
1993-06-09 06:00:00,1993,6,9,6,739605600,33.86477378786402,4.427792703291851,97.32735331438812,0.501647092349655,0.0,0.2251027231165564,0.24406215110269075
1993-06-09 12:00:00,1993,6,9,12,739627200,40.953063425156586,6.333739815299336,97.27535893626676,23.610270907534918,0.0,0.203136101334488,0.19501162903309424
1993-06-09 18:00:00,1993,6,9,18,739648800,34.74143967536356,4.208100753197974,97.60742813179922,0.23160082807200036,0.0,0.19084757060376017,0.2379343368625859
1993-06-10 00:00:00,1993,6,10,0,739670400,28.97565802262227,4.95874817590685,97.78395752903401,0.2207689523000237,0.0,0.2301133890715768,0.2165135884265804
1993-06-10 06:00:00,1993,6,10,6,739692000,34.638312276626486,4.941934838246741,97.46437758364648,0.7642194476934991,2.22487980962736,0.2458537877548825,0.241307946064261
1993-06-10 12:00:00,1993,6,10,12,739713600,39.65917333387861,4.343266315017927,97.9817556994624,23.72667762372963,0.0,0.20750521182879403,0.30172709267099024
1993-06-10 18:00:00,1993,6,10,18,739735200,31.852358072419342,5.728341986252315,97.51824348609522,0.31656946225017185,4.45007693269276,0.24199579315738032,0.19771697138298105
1993-06-11 00:00:00,1993,6,11,0,739756800,27.323723753782524,7.3698090034220725,97.8655984937638,0.6973493487364079,3.6903479187970962,0.26260606928130253,0.26763901155025893
1993-06-11 06:00:00,1993,6,11,6,739778400,32.913429549483034,7.853120346294765,97.69715152786709,0.9862576524099662,0.0,0.21533034853159116,0.2335691736561569
1993-06-11 12:00:00,1993,6,11,12,739800000,37.26952819213306,4.367519265871651,97.70161992270909,23.75754150034834,0.0,0.21095240485243705,0.25409888808431685
1993-06-11 18:00:00,1993,6,11,18,739821600,33.97694150612044,4.396648137685552,97.41803106329628,0.7256859138570245,9.95715278654103,0.32191345579573993,0.22458830291759496
1993-06-12 00:00:00,1993,6,12,0,739843200,26.831620348878804,5.27051603181703,97.7438088569311,0.08132228048860868,0.0,0.217846306435982,0.24034694449667637
1993-06-12 06:00:00,1993,6,12,6,739864800,34.0580715009055,4.402400283861187,97.12033194393622,0.03779991988410736,7.575191833497415,0.2735654484654259,0.27258201903388757
1993-06-12 12:00:00,1993,6,12,12,739886400,39.49044254519891,4.591278293812246,97.5106102549667,23.588222619907487,0.0,0.1952775013777675,0.2401165995393262
1993-06-12 18:00:00,1993,6,12,18,739908000,34.94405771351865,4.836759426450917,97.27906895417931,0.599211203911376,0.0,0.20388319256400778,0.24056776843590255
1993-06-13 00:00:00,1993,6,13,0,739929600,29.129423521917573,5.961097103474277,97.50478707816274,0.9844817455484451,0.0,0.2220413330468784,0.23161197205692513
1993-06-13 06:00:00,1993,6,13,6,739951200,34.43879066985532,4.308226817443488,97.32533403523159,0.9694805252804956,3.5144421181559555,0.252410937948505,0.2728785967237409
1993-06-13 12:00:00,1993,6,13,12,739972800,40.68531581751139,7.371540236601946,97.58536676465685,23.41379028511996,0.0,0.1602721114261215,0.27062532688237395
1993-06-13 18:00:00,1993,6,13,18,739994400,34.905417938731155,4.36292603368595,97.62518393117722,0.4979330355017863,0.0,0.23759901764373442,0.22054939644125593
1993-06-14 00:00:00,1993,6,14,0,740016000,27.05586644793564,4.404858124224144,97.95265741936775,0.1766544639889588,17.82538371243094,0.3649101529040576,0.26418170114792694
1993-06-14 06:00:00,1993,6,14,6,740037600,33.243121442293884,5.992555815900575,97.47744518193042,0.05613519450108806,3.0467861504913256,0.28283392640549654,0.26322366797452834
1993-06-14 12:00:00,1993,6,14,12,740059200,40.60055224566332,5.264082383556348,97.65715501634254,23.4800300311268,16.51207745711283,0.3514255894850272,0.21888900420054994
1993-06-14 18:00:00,1993,6,14,18,740080800,33.63785053652245,4.946066798998079,98.07518237459188,0.2065229230199183,2.7763693884866383,0.2521225878283742,0.28353145302835336
1993-06-15 00:00:00,1993,6,15,0,740102400,27.50094811955438,6.060143275416537,97.32218372590977,0.6460049781404152,0.0,0.2625919206086559,0.24552243788003675
1993-06-15 06:00:00,1993,6,15,6,740124000,32.87242932468729,5.985497230417794,97.90920606298045,0.8351385351462396,0.0,0.2445488379089193,0.2501305741735207
1993-06-15 12:00:00,1993,6,15,12,740145600,39.177371190461386,4.029959870274039,97.48295157227706,23.65662889229195,0.0,0.24316639973139806,0.2893645666578855
1993-06-15 18:00:00,1993,6,15,18,740167200,33.70166034594681,9.819637841856453,97.7480431798167,0.820274865513384,37.624483143936736,0.48,0.29070099970726887
1993-06-16 00:00:00,1993,6,16,0,740188800,30.468011540211307,4.320127668130246,97.63210343022682,0.15164026604249536,0.0,0.19896723718804682,0.27981279152713506
1993-06-16 06:00:00,1993,6,16,6,740210400,32.68686995983615,4.697360491442416,97.27150903890056,0.33245551152673636,0.0,0.19468268090265511,0.2963357468249218
1993-06-16 12:00:00,1993,6,16,12,740232000,39.56959942404216,4.966294925597459,97.30857500029971,23.389987441874283,10.085148614086226,0.330186853944629,0.29616325600246335
1993-06-16 18:00:00,1993,6,16,18,740253600,33.76262628976255,4.971710193162502,97.55083351953452,0.7037524862928973,3.410527136718983,0.23317436402498237,0.30784353242501766
1993-06-17 00:00:00,1993,6,17,0,740275200,29.81672938801266,4.910158934042535,96.9185537601358,0.0192591484103094,7.03370489852716,0.28252343554566056,0.27646362427724974
1993-06-17 06:00:00,1993,6,17,6,740296800,34.04009363894384,4.178529133531597,96.98437953137771,0.17040999412711166,2.813784956605686,0.24291734148807276,0.2743880994706311
1993-06-17 12:00:00,1993,6,17,12,740318400,38.17817026421111,4.317518328076111,96.689251595151,23.7663870036256,0.0,0.24441152061991714,0.2324619101626471
1993-06-17 18:00:00,1993,6,17,18,740340000,32.91876204527055,5.744089342652071,97.71450941384414,0.604161592656297,7.571885924262035,0.2956397510890499,0.28274004291690924
1993-06-18 00:00:00,1993,6,18,0,740361600,30.204945369150938,4.356987280571233,97.0671298361436,0.662239749402931,5.170964322673695,0.30418158441867565,0.27663059983637617
1993-06-18 06:00:00,1993,6,18,6,740383200,33.96372992260948,9.049265670464797,97.25957816573666,0.28197267386835834,0.0,0.2294726493316186,0.27920989920909484
1993-06-18 12:00:00,1993,6,18,12,740404800,39.456123213607995,5.123576578829324,97.46866234984223,23.561304682044316,6.493084897120196,0.2792484882824866,0.26856824251851913
1993-06-18 18:00:00,1993,6,18,18,740426400,34.042302388913114,3.962410954660216,97.28285924443465,0.26035028012179656,0.0,0.21634633720715843,0.2809576652873225
1993-06-19 00:00:00,1993,6,19,0,740448000,28.327796769774793,5.026279031870841,97.52482171644765,0.3774217187251808,0.0,0.197391109524925,0.2691340474237526
1993-06-19 06:00:00,1993,6,19,6,740469600,34.05629404059298,7.952122760585643,97.43286767538712,0.5178825417887429,1.7884135191851966,0.2329137105087003,0.3181021847908741
1993-06-19 12:00:00,1993,6,19,12,740491200,39.09266288660253,5.783569503091428,98.01612457304664,23.569066665846893,0.732141780672399,0.2548400545930427,0.268891981210211
1993-06-19 18:00:00,1993,6,19,18,740512800,30.128785613887366,3.980776334267437,97.64225041282955,0.9759641076411811,0.0,0.21135209697808655,0.34809219075125825
1993-06-20 00:00:00,1993,6,20,0,740534400,28.921511728416256,4.648159831344159,97.08644406377502,0.5409978589685289,13.431619495002453,0.3649981368779858,0.25749339048586484
1993-06-20 06:00:00,1993,6,20,6,740556000,30.67171368684546,4.2815551043557285,97.93261080749683,0.23001514481064678,0.0,0.21398126963519115,0.3115212983997596
1993-06-20 12:00:00,1993,6,20,12,740577600,39.92070263950872,4.434121514935438,97.33236151995204,23.129805675362498,0.0,0.20852106686247127,0.2739312275460306
1993-06-20 18:00:00,1993,6,20,18,740599200,33.71520250486806,4.7359267850174716,98.07633442720922,0.537150713111475,0.0,0.19490200273732528,0.30915490742892127
1993-06-21 00:00:00,1993,6,21,0,740620800,32.09036837267656,4.500236712512554,97.36280569012725,0.2002008031348882,0.0,0.2174111419192183,0.29417779965052954
1993-06-21 06:00:00,1993,6,21,6,740642400,33.66265745938107,4.8957180981603186,97.62490037262651,0.8044539666317304,15.575489787027145,0.32907134772774094,0.31948846964241157
1993-06-21 12:00:00,1993,6,21,12,740664000,37.818142577323755,8.797755560265129,98.01689961180399,23.4086210734863,0.0,0.22327844680389425,0.28199217862633136
1993-06-21 18:00:00,1993,6,21,18,740685600,36.39951611922891,5.067925841579984,97.4600035360958,0.5812011887746799,0.0,0.24731638442034332,0.31458953488349023
1993-06-22 00:00:00,1993,6,22,0,740707200,29.991903921229696,4.662228082957647,97.27976440715265,0.8110368074817701,15.037050109967726,0.4071534212872211,0.32958749466697695
1993-06-22 06:00:00,1993,6,22,6,740728800,31.595469483381855,4.565727677350655,97.62560685886766,0.41671174786035703,17.37854835557707,0.4276615249474032,0.31109563590144484
1993-06-22 12:00:00,1993,6,22,12,740750400,41.76649764338257,4.438260431124284,96.59911546887375,23.75089066228508,0.0,0.2571163435321468,0.3285521086318274
1993-06-22 18:00:00,1993,6,22,18,740772000,32.021235881762045,5.592295227875527,97.11655762164129,0.5908253550150441,0.0,0.23859765527104435,0.35015899335217665
1993-06-23 00:00:00,1993,6,23,0,740793600,29.3851852587577,7.028535159950333,97.70931420407345,0.8146473999816395,4.861529414490015,0.2733512272892917,0.36062738880854867
1993-06-23 06:00:00,1993,6,23,6,740815200,35.49628445873825,5.210113716978699,97.00037185314929,0.1542512835223936,0.0,0.25918082546058896,0.3063799556018506
1993-06-23 12:00:00,1993,6,23,12,740836800,41.980759878018205,3.877527278466583,97.05773839309425,23.011913407146015,0.0,0.22013430353465416,0.26641821517878145
1993-06-23 18:00:00,1993,6,23,18,740858400,35.69175941333914,6.216717557231817,97.90543296243966,0.3418044204815313,11.098685651010229,0.3460909730872807,0.3347675249141405
1993-06-24 00:00:00,1993,6,24,0,740880000,29.514313147560497,5.024216090782128,97.65011996149003,0.9359283440954267,0.0,0.23542623451502312,0.33525686710497354
1993-06-24 06:00:00,1993,6,24,6,740901600,32.35005729425923,7.419364550842591,97.78231021209302,0.15676689329383076,0.0,0.24427116677371793,0.32410276722395964
1993-06-24 12:00:00,1993,6,24,12,740923200,38.269842903039546,4.1050832044869745,97.44515378731985,23.265986040832775,8.258488485208868,0.30240507428189606,0.314080384072866
1993-06-24 18:00:00,1993,6,24,18,740944800,31.585086613703417,4.817148812315852,97.13944985381396,0.7315139009047812,11.693648618583843,0.35117328243782153,0.3553617746593669
1993-06-25 00:00:00,1993,6,25,0,740966400,26.259197533489257,3.8897371278556023,97.91577010648281,0.39596323696229263,0.0,0.20983803769341575,0.3338966124364753
1993-06-25 06:00:00,1993,6,25,6,740988000,33.19420183319269,3.815227050920288,97.1961478778976,0.3864086037679608,0.0,0.2568366960388401,0.29195145095475733
1993-06-25 12:00:00,1993,6,25,12,741009600,40.495936553656456,4.011750910897424,97.54893267249236,23.45937243868068,0.0,0.23013695500665213,0.33692072429460623
1993-06-25 18:00:00,1993,6,25,18,741031200,31.936727683678825,4.327117683340086,97.81502936191394,0.7792684828774584,4.196456894847877,0.27354307724270677,0.31991619131791493
1993-06-26 00:00:00,1993,6,26,0,741052800,29.432376871121388,3.792746222396007,97.74590519603363,0.28480590590578714,0.0,0.25060136928254184,0.3717044251528746
1993-06-26 06:00:00,1993,6,26,6,741074400,33.52089222961326,3.953407540536579,97.9196927235937,0.08082020271958379,15.524910770662276,0.4289075092232157,0.2801790655672989
1993-06-26 12:00:00,1993,6,26,12,741096000,38.6282771440482,5.470060350421036,97.677842427791,23.72940255666557,0.0,0.21157349513028254,0.3219463576201983
1993-06-26 18:00:00,1993,6,26,18,741117600,35.020520819291285,4.686590810661738,97.532713564886,0.1496397354760363,0.0,0.22107534360660872,0.3339950626388447
1993-06-27 00:00:00,1993,6,27,0,741139200,25.312434120467753,4.89326001054569,97.5304459093517,0.2700855061656722,5.4436158848777225,0.30857564120753805,0.35960101373981396
1993-06-27 06:00:00,1993,6,27,6,741160800,33.65016354375524,5.29960745904156,97.6242988376962,0.04569183458718462,0.0,0.21113529908659442,0.3174509132376624
1993-06-27 12:00:00,1993,6,27,12,741182400,40.000527051396574,5.66871126540077,97.65140464625229,23.893120752890567,0.0,0.22983611056502942,0.3339088016555245
1993-06-27 18:00:00,1993,6,27,18,741204000,33.189068254105564,5.984364583270976,97.84976927514641,0.4404853332167034,23.030983743983253,0.43891023722391265,0.3684563130952856
1993-06-28 00:00:00,1993,6,28,0,741225600,28.943028011210668,4.5726875238829425,97.40414242433823,0.7357988753841092,0.0,0.23562688398100953,0.3155497268637912
1993-06-28 06:00:00,1993,6,28,6,741247200,35.29325710563767,7.557511736476015,97.27802506441871,0.790269618351897,0.0,0.24315102101436645,0.37772534978461947
1993-06-28 12:00:00,1993,6,28,12,741268800,37.04560901236502,3.884856609846622,97.9082582689381,23.83134643136658,0.0,0.21538808980522803,0.3475981418913853
1993-06-28 18:00:00,1993,6,28,18,741290400,37.43132677291129,3.842982412000522,96.97923761527184,0.5991746610268426,0.0,0.22990932377462986,0.35510298107871874
1993-06-29 00:00:00,1993,6,29,0,741312000,27.28725508312485,4.322852781741112,97.70358040692639,0.7570696187643982,0.0,0.22297333765699578,0.3546774584837157
1993-06-29 06:00:00,1993,6,29,6,741333600,33.33507288414119,4.165771162312187,97.19305575635694,0.8457759522553446,25.53501123497322,0.48,0.31127191245844926
1993-06-29 12:00:00,1993,6,29,12,741355200,38.14668262714935,8.993471363570263,97.70355429055591,23.18644895915016,7.436548391207092,0.33377422403312085,0.3707535097379947
1993-06-29 18:00:00,1993,6,29,18,741376800,34.348147509475936,5.2927994899672735,97.51626886666686,0.9854155676577991,0.0,0.28990973061571285,0.3756115149595711
1993-06-30 00:00:00,1993,6,30,0,741398400,28.524395142406892,5.217141789459885,97.78893958724606,0.07931802038079439,0.0,0.22705643155247174,0.3025700762896156
1993-06-30 06:00:00,1993,6,30,6,741420000,31.602540162279574,6.637663589306447,97.30533612097771,0.3263803869166432,0.0,0.2334018370222178,0.3686835574024237
1993-06-30 12:00:00,1993,6,30,12,741441600,39.99035394007078,7.618166446911394,97.76668992847381,23.939744288306592,0.0,0.22259048294306719,0.3444052828513763
1993-06-30 18:00:00,1993,6,30,18,741463200,32.37039035499828,7.063836059314859,97.49806679133961,0.7434987679463537,8.746125234529627,0.331721678184701,0.39105003829900686
1993-07-01 00:00:00,1993,7,1,0,741484800,28.407260970753804,5.991371665816712,97.69122722365556,0.20536910546232123,0.0,0.2638916150772632,0.34837120469300914
1993-07-01 06:00:00,1993,7,1,6,741506400,34.54252838388221,3.8858756070871525,97.37800226722126,0.6523005322430467,23.115254997808176,0.4794333191185129,0.382637508791797
1993-07-01 12:00:00,1993,7,1,12,741528000,35.38453481607103,4.8891051375369186,97.17690435625893,23.731176054810284,3.756331154553079,0.29188554474338024,0.3967895969515988
1993-07-01 18:00:00,1993,7,1,18,741549600,33.25507487984519,5.555551171707642,97.42729564518035,0.07239451001122701,0.0,0.20352688447947176,0.36422520403546577
1993-07-02 00:00:00,1993,7,2,0,741571200,29.414601158429342,3.8724685102584013,97.69840858611475,0.5358700569951927,0.9176143921275755,0.2579020505773546,0.38045180218378494
1993-07-02 06:00:00,1993,7,2,6,741592800,36.240779547936036,4.202375657873486,97.1130730919356,0.036502932128502086,0.0,0.23077664029341494,0.37745076414853435
1993-07-02 12:00:00,1993,7,2,12,741614400,39.51355199310942,5.093827541138578,97.14570977004188,23.625553548137866,11.820593269502162,0.3411326657573682,0.3700225788427731
1993-07-02 18:00:00,1993,7,2,18,741636000,31.22116750684645,4.412835729662843,97.8800399100397,0.0559944079859003,0.0,0.2658924087109026,0.33157927956900957
1993-07-03 00:00:00,1993,7,3,0,741657600,28.411675730034002,4.159639886141715,97.34409853690663,0.5724461144160445,0.0,0.23104773767063294,0.44446520232619313
1993-07-03 06:00:00,1993,7,3,6,741679200,35.22387230755076,8.375661956944095,97.71828714632552,0.13230569733003716,0.0,0.26970171425010603,0.4052213531418464
1993-07-03 12:00:00,1993,7,3,12,741700800,38.19301841614756,5.004528426345237,97.10393049589284,23.124127482623454,0.0,0.27801086145973625,0.35448821322664953
1993-07-03 18:00:00,1993,7,3,18,741722400,33.989334511984154,4.758778243611013,96.7569116538521,0.45430611967611395,2.0917796722204423,0.30951388342405917,0.31269677581895855
1993-07-04 00:00:00,1993,7,4,0,741744000,28.99682615135745,3.995787722279556,97.32236577720303,0.41079141054719526,0.0,0.2538606932887852,0.3623616857047503
1993-07-04 06:00:00,1993,7,4,6,741765600,32.556090652275685,5.179583455286927,97.50365245555801,0.6279090211576804,0.0,0.22562818161675713,0.40039139523154893
1993-07-04 12:00:00,1993,7,4,12,741787200,39.1603972355951,4.1274840462029365,98.11360547961728,23.09041250849767,0.0,0.22495416320014847,0.4153087477521966
1993-07-04 18:00:00,1993,7,4,18,741808800,33.86484877150115,4.745195012294332,97.90246859578464,0.0604988882536939,0.0,0.2456083613845677,0.40991443790383225
1993-07-05 00:00:00,1993,7,5,0,741830400,29.89563483258924,5.982461756367888,97.34093410075678,0.4738338460668229,0.0,0.25609656033609596,0.45267494657364155
1993-07-05 06:00:00,1993,7,5,6,741852000,33.578243855171955,4.540592496165639,97.22350069952438,0.8538415361318338,0.0,0.2763261324837331,0.4705316975061298
1993-07-05 12:00:00,1993,7,5,12,741873600,39.392092664531226,4.178821897146204,97.2650963983543,23.301757100226034,0.0,0.25273983779867243,0.3638578427445183
1993-07-05 18:00:00,1993,7,5,18,741895200,34.924577626347954,3.753252474779051,97.19651745752044,0.8293833803691699,4.832205455694865,0.29069873482560865,0.38698606190269685
1993-07-06 00:00:00,1993,7,6,0,741916800,28.01977422554427,6.321397709161905,97.23539669042015,0.20297993705685557,0.0,0.27017803023859777,0.3158745513279767
1993-07-06 06:00:00,1993,7,6,6,741938400,31.009082125340463,5.136110709521977,97.84786848915097,0.7638868632385979,14.1984080355373,0.40353838775899564,0.396493343421968
1993-07-06 12:00:00,1993,7,6,12,741960000,39.96654656626302,3.8396173631594515,97.483887653323,23.53574536034129,3.105599314222361,0.256926288768359,0.354410131990788
1993-07-06 18:00:00,1993,7,6,18,741981600,32.075314714096294,3.7536633612943398,97.77676916557687,0.8903020266974944,0.0,0.23694151502460278,0.3616394930801317
1993-07-07 00:00:00,1993,7,7,0,742003200,29.22885497003736,5.584190390815814,97.63403437100516,0.14551664640106277,3.0171151023890594,0.33415612888643836,0.474619120245236
1993-07-07 06:00:00,1993,7,7,6,742024800,34.423203003438935,3.50810733281798,97.98111758654078,0.6867062228153994,8.430529339572859,0.35062352421544757,0.413092063248795
1993-07-07 12:00:00,1993,7,7,12,742046400,39.37766557440831,4.924923345623932,97.71296056696727,23.54600431787597,0.0,0.25586106245568674,0.4278417707835674
1993-07-07 18:00:00,1993,7,7,18,742068000,33.93716930369493,3.691306750300785,97.02247102171299,0.75316465286334,0.0,0.248982008864664,0.44168843916442746
1993-07-08 00:00:00,1993,7,8,0,742089600,25.57243111767951,6.150151848607685,97.60714340708047,0.9560034976357579,0.783071632506974,0.2697718674320797,0.463692617041455
1993-07-08 06:00:00,1993,7,8,6,742111200,33.536312026524286,4.244187510414107,97.47382414429563,0.3481024517056891,0.0,0.27278781762666027,0.41352868175474095
1993-07-08 12:00:00,1993,7,8,12,742132800,39.164266766068714,7.380902217714347,96.95190884888811,23.743962053964488,5.056276377638763,0.3047748108930078,0.40798342366809004
1993-07-08 18:00:00,1993,7,8,18,742154400,34.556948119619314,3.9363955089079465,97.92457395051898,0.894501436892429,8.180381727787825,0.3878811797689701,0.39706017369403707
1993-07-09 00:00:00,1993,7,9,0,742176000,29.316305425033615,4.3108476672099,96.9302310790022,0.9699053121716198,0.0,0.27264220346436113,0.33793509873537253
1993-07-09 06:00:00,1993,7,9,6,742197600,30.4298834570077,3.994358369225643,97.22581078539838,0.2629854328415373,0.0,0.2819761290955992,0.39407254548079107
1993-07-09 12:00:00,1993,7,9,12,742219200,40.908189296832646,3.9053584677467867,98.44060156577113,23.150272929996348,2.3829559836301684,0.2677764742532445,0.41312237050245576
1993-07-09 18:00:00,1993,7,9,18,742240800,33.03105185505658,5.9344022055975945,97.71923497054607,0.8862259235254805,0.0,0.27592215062370185,0.42353000548242276
1993-07-10 00:00:00,1993,7,10,0,742262400,27.911216108286432,6.3050545783054845,96.96298143755881,0.6377985133427664,0.0,0.23906771812010966,0.4105199342936299
1993-07-10 06:00:00,1993,7,10,6,742284000,30.70128875449919,3.7694428130306283,97.4414483715104,0.505211000671581,1.1373389695627507,0.29171264809210634,0.44691976055497157
1993-07-10 12:00:00,1993,7,10,12,742305600,37.61402656702193,4.868325467192646,97.52156332360248,23.60196612203944,1.7922230976701568,0.2872544814768875,0.48674488125278337
1993-07-10 18:00:00,1993,7,10,18,742327200,30.19196127194067,5.200365645558857,97.53896990861952,0.6203241495539364,0.0,0.2668248165402324,0.39272045426245555
1993-07-11 00:00:00,1993,7,11,0,742348800,29.50445439535417,4.81915564869163,97.44807517479332,0.4555745783016768,0.0,0.2673639904084832,0.42773714530386897
1993-07-11 06:00:00,1993,7,11,6,742370400,34.00180063414188,4.394291015258773,97.47488587698449,0.44001548928351986,0.0,0.2671883472725592,0.3949585360687345
1993-07-11 12:00:00,1993,7,11,12,742392000,41.22828043279024,5.977754458591884,97.32814152272528,23.062041031808132,0.0,0.28917274564331064,0.4778455499816364
1993-07-11 18:00:00,1993,7,11,18,742413600,34.99457777321442,3.5262102765166157,96.99765856973303,0.049332334200765,6.2885116308665605,0.32191816342952606,0.4057884427906864
1993-07-12 00:00:00,1993,7,12,0,742435200,26.802821251157056,3.5712207201982102,97.44827407846105,0.5378834436627364,3.707799525867074,0.334236208558084,0.3851530965998399
1993-07-12 06:00:00,1993,7,12,6,742456800,32.21677829726749,3.595115217983826,97.41791983320388,0.6765711815254324,2.2419038177671435,0.28967754404175733,0.41656247121438905
1993-07-12 12:00:00,1993,7,12,12,742478400,38.04248697489914,4.497809518576923,98.0607287771909,23.558451837640266,0.0,0.2685067926131311,0.38308645706289646
1993-07-12 18:00:00,1993,7,12,18,742500000,32.21567110350832,5.294597709580506,97.4909753686779,0.6047927382335062,0.0,0.2660279424077944,0.44529301299114527
1993-07-13 00:00:00,1993,7,13,0,742521600,28.18468582960164,5.171096959142211,97.47182618911381,0.6266419618306195,3.0815737862788177,0.31906934529392456,0.4938904437252646
1993-07-13 06:00:00,1993,7,13,6,742543200,32.151687149621466,4.975454689806421,97.7687870270442,0.9750244155182596,0.0,0.24749267980283338,0.39574894703579644
1993-07-13 12:00:00,1993,7,13,12,742564800,38.73233475398793,3.889884213026816,97.72345295111536,23.531695709674633,9.94505345411692,0.3681652198223888,0.4562666269302232
1993-07-13 18:00:00,1993,7,13,18,742586400,32.51247953147076,4.403950446619323,97.14859955898821,0.769832690536226,0.0,0.26656959601787417,0.4639287274317156
1993-07-14 00:00:00,1993,7,14,0,742608000,28.447432518050714,3.677468843346311,97.76810110497807,0.20878747549995924,15.152454058556573,0.4145173188443345,0.4055870572207278
1993-07-14 06:00:00,1993,7,14,6,742629600,32.757076895711904,4.288334399552738,97.4548810457042,0.8284730908030017,0.0,0.280564079827981,0.4260884958246611
1993-07-14 12:00:00,1993,7,14,12,742651200,41.050658287684676,3.669305699046971,97.0857601739848,23.481139375064664,9.036336247532299,0.36032779367377754,0.4439289561248298
1993-07-14 18:00:00,1993,7,14,18,742672800,33.96162636643908,7.156723208688568,97.5318823135502,0.8604221859365494,0.0,0.2734393599861161,0.4902580619895028
1993-07-15 00:00:00,1993,7,15,0,742694400,29.33971565450351,7.325422325177814,97.42327135750044,0.12920357276858574,0.0,0.22012852828089996,0.4685765693367396
1993-07-15 06:00:00,1993,7,15,6,742716000,29.23823782899075,3.976107113479136,97.95153494579522,0.6622134105750371,0.0,0.285631274921069,0.47161949677058174
1993-07-15 12:00:00,1993,7,15,12,742737600,41.254425409479985,4.230402103907604,97.08482501064996,23.499463197079248,0.0,0.311966422675889,0.4456462559922598
1993-07-15 18:00:00,1993,7,15,18,742759200,32.86000010102867,5.38599229411069,97.48735941185302,0.23392301946188954,0.0,0.2812625865845894,0.4289379011304604
1993-07-16 00:00:00,1993,7,16,0,742780800,27.48309040909054,3.366059397515175,97.77647405384116,0.13089789356566506,0.0,0.29167149883744714,0.46991394000291037
1993-07-16 06:00:00,1993,7,16,6,742802400,32.54558594771262,4.418512011877105,97.58972025477601,0.27828296591903334,6.181577186110044,0.3399887562973527,0.4427418248126647
1993-07-16 12:00:00,1993,7,16,12,742824000,34.386453341071984,9.758063076373176,97.48294588071421,22.920888055832318,1.1095872120148964,0.3065173464807078,0.4292252581967926
1993-07-16 18:00:00,1993,7,16,18,742845600,33.18698881482767,4.368271285715355,97.50777995640641,0.2516101783006165,0.0,0.2676251554741208,0.3987192996813168
1993-07-17 00:00:00,1993,7,17,0,742867200,27.686305580265063,3.4626803026475965,97.76558779439242,0.6046492007253153,7.10788931876283,0.3578438293593668,0.4227750903783568
1993-07-17 06:00:00,1993,7,17,6,742888800,33.128266997735594,5.005096999097896,97.75457328718409,0.52170748257238,0.0,0.30235659817805566,0.43913676688566483
1993-07-17 12:00:00,1993,7,17,12,742910400,39.123677817095604,5.4509745928822095,97.61061658324316,22.691436651080693,0.0,0.2742688711343821,0.4876403557506682
1993-07-17 18:00:00,1993,7,17,18,742932000,33.676263552534586,5.309901809604485,97.52836387126779,0.3346198053061863,0.0,0.2600162512623676,0.5187606322486834
1993-07-18 00:00:00,1993,7,18,0,742953600,28.600138399358446,5.942467229784054,97.81353246747418,0.9568234833151288,5.884358744675798,0.3379111096702556,0.4438550633225719
1993-07-18 06:00:00,1993,7,18,6,742975200,30.868654301698943,3.453424761989994,97.75361152783893,0.15988381049813472,0.0,0.2775181080956861,0.4599086594126422
1993-07-18 12:00:00,1993,7,18,12,742996800,40.2482601822528,3.8126235484577027,97.37345293039141,22.524160174709323,6.988927577345849,0.33993336399878216,0.4700888636459475
1993-07-18 18:00:00,1993,7,18,18,743018400,32.364889834309565,3.984300601928254,97.76419417898009,0.9270029139835552,0.0,0.2800403242626846,0.4190799145761307
1993-07-19 00:00:00,1993,7,19,0,743040000,28.748436535855245,3.235974171718037,97.47067442694636,0.03152183223486382,5.371824634414157,0.3372354607624481,0.4737765816530546
1993-07-19 06:00:00,1993,7,19,6,743061600,32.07007236576093,3.2968096730010874,97.78526368977289,0.6828883172215247,8.054868849803322,0.3948225499162199,0.4878038732521014
1993-07-19 12:00:00,1993,7,19,12,743083200,39.63037386473582,3.4680496935506606,98.22535077036129,22.630653574392912,0.0,0.2745164836152084,0.43523794178818676
1993-07-19 18:00:00,1993,7,19,18,743104800,30.542039827517762,5.619869266234206,96.98969428936121,0.9683976226286626,0.0,0.27812392046285295,0.46583745268656285
1993-07-20 00:00:00,1993,7,20,0,743126400,28.20238364217821,4.243041039808896,97.33196282435551,0.5475824210511467,0.0,0.2996861298389321,0.5110010164243034
1993-07-20 06:00:00,1993,7,20,6,743148000,33.91692758115619,4.58643875099157,97.27301498148766,0.5266152309613978,0.0,0.26439311528740345,0.45322808298353745
1993-07-20 12:00:00,1993,7,20,12,743169600,39.41795798143787,3.9566244906883954,97.92566043227785,23.0932190810107,0.0,0.26014323164079306,0.4935921978691513
1993-07-20 18:00:00,1993,7,20,18,743191200,31.95911481178472,5.2188831267939815,97.39382058936292,0.8061894389960409,0.0,0.314403609805928,0.4729907079168551
1993-07-21 00:00:00,1993,7,21,0,743212800,27.55137182048229,4.358098967298849,97.37661711142141,0.3601744565359877,0.0,0.29333076581260675,0.4464330377117891
1993-07-21 06:00:00,1993,7,21,6,743234400,34.65800027312096,4.020772623278213,97.1170509774543,0.691664472264763,0.0,0.2986683392173374,0.48321998247176584
1993-07-21 12:00:00,1993,7,21,12,743256000,39.78011094984641,3.951787141891641,97.56214258965531,22.64830645477068,0.0,0.2664794342916304,0.4642918274747408
1993-07-21 18:00:00,1993,7,21,18,743277600,32.47882317727592,3.4023976917716396,97.87437670023124,0.7285263637973503,9.566734761274262,0.3861256906847126,0.47112861765825065
1993-07-22 00:00:00,1993,7,22,0,743299200,28.960074563814807,3.853334535982879,97.53447084333496,0.5880370676974497,8.544930380727264,0.3756457613362709,0.47150357164826384
1993-07-22 06:00:00,1993,7,22,6,743320800,29.043162379747407,5.080942317433436,97.35552255913947,0.15998343875191157,0.0,0.27353623205835215,0.5207145722555158
1993-07-22 12:00:00,1993,7,22,12,743342400,36.6821436683568,3.2932455583110323,97.22647035243716,22.711936858905307,0.0,0.281739269631967,0.508602168751637
1993-07-22 18:00:00,1993,7,22,18,743364000,30.962813839756812,4.763310312270434,97.66485608956229,0.036135611216564126,0.0,0.2726354883862817,0.4763250993775161
1993-07-23 00:00:00,1993,7,23,0,743385600,26.089138612292214,4.13023254370846,97.43919800583352,0.2853572191494951,0.0,0.3037369365363312,0.5092745143833177
1993-07-23 06:00:00,1993,7,23,6,743407200,31.06854560277398,4.094721461752529,97.50502470368056,0.3910583970898046,4.335765254171249,0.3187449397605169,0.5574204906196616
1993-07-23 12:00:00,1993,7,23,12,743428800,37.002267656452624,5.208994885193626,97.89411818417179,22.419562980766933,0.0,0.2952586032941948,0.4715391481921411
1993-07-23 18:00:00,1993,7,23,18,743450400,32.67410498724324,3.304383102992312,97.82782076112446,0.704509591787328,0.0,0.2680411754950444,0.4793111776077822
1993-07-24 00:00:00,1993,7,24,0,743472000,27.375564525866196,3.5621663184265246,97.26082480329005,0.35637434050547545,0.0,0.3118691551325924,0.4893943086287771
1993-07-24 06:00:00,1993,7,24,6,743493600,32.356358697781985,5.564608833047007,97.8677730676346,0.749630603136633,0.0,0.28135459580868466,0.5000091627269867
1993-07-24 12:00:00,1993,7,24,12,743515200,37.56489627159321,4.018058250776612,97.96667730589668,22.83949739302001,7.72118789036053,0.3627284313762173,0.4830246388708244
1993-07-24 18:00:00,1993,7,24,18,743536800,33.92898770917864,3.5829581356070594,97.55501298142337,0.07221623379157333,0.0,0.29428539048688257,0.46222912526045157
1993-07-25 00:00:00,1993,7,25,0,743558400,28.10460352660506,3.144305087688174,97.7196077368413,0.28960187900825174,2.070273431897384,0.3131967591827235,0.48659728686860976
1993-07-25 06:00:00,1993,7,25,6,743580000,33.49109568009303,3.1532819768854687,97.78053853588021,0.23377824375098588,0.0,0.27449520660145926,0.4811734998983693
1993-07-25 12:00:00,1993,7,25,12,743601600,35.87763331210766,4.539724619285142,97.36492199982074,22.452089179356154,2.3324332996450923,0.2977539499082621,0.45386033613379567
1993-07-25 18:00:00,1993,7,25,18,743623200,34.05924186968191,5.15044380919492,97.69605661757615,0.4540199944616487,0.0,0.274534058823891,0.4827390574962276
1993-07-26 00:00:00,1993,7,26,0,743644800,30.14289816231156,3.908064332109416,97.76412626545068,0.19871112492688003,12.76672837912549,0.41613871216386383,0.44221726697590635
1993-07-26 06:00:00,1993,7,26,6,743666400,33.33310762567031,4.816556556422564,97.71238225096336,0.13131534538580336,0.0,0.2777537734962359,0.4890803338848719
1993-07-26 12:00:00,1993,7,26,12,743688000,35.8952354637962,3.174179109084214,97.3133107978386,22.129977981417845,10.068503311685706,0.3743244272046404,0.5147956880769119
1993-07-26 18:00:00,1993,7,26,18,743709600,31.035817181607314,3.234688787932803,97.85929496403044,0.9277817151476921,0.0,0.2937174034405336,0.523279529974936
1993-07-27 00:00:00,1993,7,27,0,743731200,28.932758269444925,4.123497105900707,98.08297755991445,0.5290712073137093,0.0,0.31447203658938794,0.5486215675991021
1993-07-27 06:00:00,1993,7,27,6,743752800,30.908345313476193,3.557300409105557,97.43215835968036,0.5995470421094242,6.271926041160754,0.3678557670436176,0.518457473769659
1993-07-27 12:00:00,1993,7,27,12,743774400,38.250318027393085,3.722091968247397,97.64026046011365,22.79005686675706,6.897590750665825,0.3580469598287384,0.5285474957026653
1993-07-27 18:00:00,1993,7,27,18,743796000,33.771187428114494,4.369312357973033,97.70400296266122,0.5632489642217942,4.110116491881692,0.31214008421536577,0.5332873756479236
1993-07-28 00:00:00,1993,7,28,0,743817600,26.385027824392953,6.061664119911727,97.75635622429755,0.9498189965698633,0.0,0.26614955662913203,0.5582401041113769
1993-07-28 06:00:00,1993,7,28,6,743839200,36.21841652505055,4.791851224002216,96.68874346315665,0.6649742508916756,0.0,0.31102034629534586,0.5133205562006703
1993-07-28 12:00:00,1993,7,28,12,743860800,37.78003904942664,6.3877706700628565,97.34072214714118,22.933111514057916,5.790820061454668,0.36390315444780014,0.5366182877610266
1993-07-28 18:00:00,1993,7,28,18,743882400,33.014286194574126,3.069760780344136,97.69592144323609,0.5826670149077801,0.0,0.26136853334952287,0.503989913868037
1993-07-29 00:00:00,1993,7,29,0,743904000,27.81476392786972,4.033957533311186,97.47718866777404,0.9590510813764208,5.195949924480538,0.36929098158849066,0.5441060360001964
1993-07-29 06:00:00,1993,7,29,6,743925600,34.22923965159131,3.8084113989581576,97.59759234728895,0.8865152931047726,4.429578061683768,0.3343688455413041,0.5416320052273378
1993-07-29 12:00:00,1993,7,29,12,743947200,38.39603867754025,5.953975597157163,97.72763487785215,22.890790686781173,24.069228416812376,0.48,0.4906564173641612
1993-07-29 18:00:00,1993,7,29,18,743968800,35.85924468599924,3.2184314233040108,97.6137108932279,0.4897905979636187,0.0,0.29446483167701454,0.4999828248071607
1993-07-30 00:00:00,1993,7,30,0,743990400,29.531863349288525,5.503140558836462,97.69021944934185,0.08661833138198005,0.0,0.29403138607373713,0.5438940087536356
1993-07-30 06:00:00,1993,7,30,6,744012000,31.099047771941134,3.7449185059006176,97.36935921645821,0.9435098193251769,0.0,0.2897686290908408,0.47661655576117123
1993-07-30 12:00:00,1993,7,30,12,744033600,36.5440438407787,4.079193790713568,97.70633256326064,22.442270674944822,0.0,0.27517249321194787,0.579898587304325
1993-07-30 18:00:00,1993,7,30,18,744055200,32.696405588100255,7.641982100109342,97.68369234771593,0.16763454210007003,4.895345548305287,0.32482196931155244,0.5420589072047789
1993-07-31 00:00:00,1993,7,31,0,744076800,27.490740318755716,5.774476397046687,97.79769641949228,0.8097573963782941,0.0,0.2961995343198942,0.5049344071276702
1993-07-31 06:00:00,1993,7,31,6,744098400,31.04963328985202,5.573999458031766,97.55837536482377,0.973073683483091,0.0,0.28076087023306,0.5083227033678722
1993-07-31 12:00:00,1993,7,31,12,744120000,36.42465697502087,5.983710421641337,97.69994248632007,22.72833762600775,0.0,0.2698736712530803,0.5421987861635226
1993-07-31 18:00:00,1993,7,31,18,744141600,32.04961116080638,3.293943630893229,97.55653012568675,0.5421035717841133,0.0,0.31863876214474174,0.5001992808277312
1993-08-01 00:00:00,1993,8,1,0,744163200,27.589601855886528,5.580219013873693,97.48011398263917,0.517858919834259,0.0,0.2811819876090693,0.6005543808542648
1993-08-01 06:00:00,1993,8,1,6,744184800,32.35277148996962,3.528412567575446,97.3540802839031,0.8247788675983285,0.0,0.2704017202285186,0.5443025759969904
1993-08-01 12:00:00,1993,8,1,12,744206400,37.21615713541692,4.354931715425137,97.73238593194014,21.806029947344072,4.955075192094355,0.3295862893902905,0.5123043439097342
1993-08-01 18:00:00,1993,8,1,18,744228000,30.62181991417956,3.49058273243997,98.35796913814752,0.9009796326539987,0.0,0.3095928832898786,0.539839682964841
1993-08-02 00:00:00,1993,8,2,0,744249600,27.681433610280244,3.9749843730192986,97.632537524029,0.9603695704021383,0.0,0.27251721803547885,0.5802781751122578
1993-08-02 06:00:00,1993,8,2,6,744271200,30.890782646017602,4.200422090511798,97.48628227134265,0.06223113850099371,0.0,0.2964418622200042,0.5936135969353356
1993-08-02 12:00:00,1993,8,2,12,744292800,36.57021010392591,3.929752623318505,98.35716789844295,21.74953678032133,0.0,0.28087522750155297,0.5103329874787913
1993-08-02 18:00:00,1993,8,2,18,744314400,34.53398595509212,5.030745717663559,97.77618673531593,0.07570636988747215,0.0,0.2762832673779705,0.49488607162676307
1993-08-03 00:00:00,1993,8,3,0,744336000,26.916789453072028,2.921513098023078,97.27026830797838,0.9250068008382601,0.0,0.31129059303912876,0.5319187335921624
1993-08-03 06:00:00,1993,8,3,6,744357600,31.200598145178162,6.242062844685516,97.63986403585926,0.9991511186479182,19.747353805247887,0.48,0.5583317195975366
1993-08-03 12:00:00,1993,8,3,12,744379200,37.333345579091784,5.052937773372227,97.68339218708002,22.58040992134015,3.273285230776308,0.34197212450066267,0.528136197329155
1993-08-03 18:00:00,1993,8,3,18,744400800,31.397458834201654,3.3161156735304917,97.47041586612443,0.20232358259539385,0.0,0.3088520270823474,0.5182679852886566
1993-08-04 00:00:00,1993,8,4,0,744422400,30.45160151297133,3.6657075409250117,97.27886828718178,0.6291016741647143,0.0,0.2994250539108213,0.5004204361950657
1993-08-04 06:00:00,1993,8,4,6,744444000,31.29806634467999,3.076729758799566,97.71011021049989,0.2609843815288515,4.581451433654286,0.3344261140062376,0.5285492515094429
1993-08-04 12:00:00,1993,8,4,12,744465600,36.442076278288184,3.386279389905763,98.1526510738942,22.0056563440413,0.0,0.3247145280504675,0.5842748283753753
1993-08-04 18:00:00,1993,8,4,18,744487200,36.36730387520672,3.4893464959440443,97.58620638287766,0.9961543229720441,0.0,0.29094075939037667,0.5451562674360045
1993-08-05 00:00:00,1993,8,5,0,744508800,25.386563912016708,8.284591293890141,97.39360776247862,0.9772684829137757,0.0,0.274258814851782,0.5372775062109822
1993-08-05 06:00:00,1993,8,5,6,744530400,32.60562541578979,4.330643380398654,97.9127274787339,0.32668290182801973,0.0,0.2806732235667049,0.5765699004433978
1993-08-05 12:00:00,1993,8,5,12,744552000,36.51604030127128,3.9531917561777723,97.72920331292171,22.28453104797912,0.0,0.3268669917262402,0.5733246860412851
1993-08-05 18:00:00,1993,8,5,18,744573600,31.717783477756456,5.891177176371217,97.94505314188008,0.03421469771554662,0.0,0.31444614684752603,0.5560856468876075
1993-08-06 00:00:00,1993,8,6,0,744595200,28.13892261448856,7.001751957206505,97.57756256786075,0.6806730460423384,7.174690603884958,0.3636079256223721,0.6006633977602013
1993-08-06 06:00:00,1993,8,6,6,744616800,28.098305290618875,3.7145068320341235,97.98470115965087,0.9162714678388041,6.7065278331665334,0.34939426676024,0.5430618232650468
1993-08-06 12:00:00,1993,8,6,12,744638400,37.077760229530476,3.431148312309822,97.69305892399987,21.83978043698073,0.0,0.2856007918966731,0.5626506789731577
1993-08-06 18:00:00,1993,8,6,18,744660000,30.33290306685933,2.9889613919679476,97.59155776615883,0.6079561892880287,18.837803636615092,0.48,0.6020519169719498
1993-08-07 00:00:00,1993,8,7,0,744681600,26.3576250950875,3.1217750966919895,97.1720611312861,0.013603988517715604,8.982748708094926,0.3808606354648815,0.5420314440422149
1993-08-07 06:00:00,1993,8,7,6,744703200,31.43779075245972,2.832639696827039,97.49796154466048,0.14934127073320302,0.0,0.3097001724956622,0.5807688958841574
1993-08-07 12:00:00,1993,8,7,12,744724800,37.2685031213225,3.967242631798804,98.04985906548283,22.15306661920699,0.0,0.2943481937905399,0.5681299590719107
1993-08-07 18:00:00,1993,8,7,18,744746400,30.6633048560217,3.7123381282310515,97.77906374986554,0.977073457885543,12.229414688765473,0.38761893148230864,0.5770792833668453
1993-08-08 00:00:00,1993,8,8,0,744768000,25.736792750266257,5.67101144737148,97.66727224909677,0.9059478586175265,6.072179013466722,0.32858091885485546,0.5692965103159976
1993-08-08 06:00:00,1993,8,8,6,744789600,30.145080038400934,3.195810221677042,97.70130500744405,0.8185198582839552,0.0,0.26765782632559515,0.5597922483047371
1993-08-08 12:00:00,1993,8,8,12,744811200,38.097403845325466,4.341022348042149,97.68864761836625,21.532893757904375,0.0,0.2716672454494656,0.5468436451670876
1993-08-08 18:00:00,1993,8,8,18,744832800,31.02340015869494,2.822766551832909,97.7576893837265,0.8377084506290183,0.0,0.2918045408661107,0.5612571909104642
1993-08-09 00:00:00,1993,8,9,0,744854400,24.33800861773831,6.804577333456981,97.68823870855518,0.14993310178459007,0.0,0.2932524614373265,0.5514477913298389
1993-08-09 06:00:00,1993,8,9,6,744876000,33.897504435213634,2.8357149482202093,97.49505781441714,0.1840743568117129,0.0,0.32473237346611034,0.601729267202055
1993-08-09 12:00:00,1993,8,9,12,744897600,35.429734014911105,7.604753586782869,98.17140672453472,21.84513186103244,0.0,0.284160528424789,0.6292437973193529
1993-08-09 18:00:00,1993,8,9,18,744919200,28.769328844411206,5.50280594506411,97.35645299772722,0.9281038163397629,0.0,0.2934717913242824,0.5301354042849706
1993-08-10 00:00:00,1993,8,10,0,744940800,22.751801502993885,3.726180480273053,98.01831071235083,0.19892906394163457,0.0,0.3064555191268531,0.5795698759023415
1993-08-10 06:00:00,1993,8,10,6,744962400,30.967251408880827,2.7597140858348417,97.51234331356002,0.975605581241315,0.0,0.290212271923989,0.6090105933079468
1993-08-10 12:00:00,1993,8,10,12,744984000,37.57163511095802,2.837176533396702,98.55036119056426,22.115661164280134,6.620206837981335,0.35534773386876006,0.5790932538340219
1993-08-10 18:00:00,1993,8,10,18,745005600,30.757113876043014,3.11057469671211,97.72921079901683,0.6365241564943529,0.0,0.3138750244000741,0.5115828437086496
1993-08-11 00:00:00,1993,8,11,0,745027200,27.95785897821646,2.9255466059945063,97.8623084912114,0.5406829506037104,0.0,0.26067065988895005,0.5486812046989922
1993-08-11 06:00:00,1993,8,11,6,745048800,31.770799670912986,5.183496629500033,98.03292317387451,0.9219153522806804,5.538917306276948,0.3662052069185152,0.6105062101440899
1993-08-11 12:00:00,1993,8,11,12,745070400,38.091679015012346,3.035992458317535,97.82389866759954,21.704250603704313,0.0,0.2971710286953388,0.5870411806875877
1993-08-11 18:00:00,1993,8,11,18,745092000,29.95264449880973,4.302947817439655,97.62188635666472,0.5768947644544723,2.3818065625412483,0.3154402385475969,0.5818550234054332
1993-08-12 00:00:00,1993,8,12,0,745113600,22.0374399062683,3.2625766622777723,97.51845897580696,0.7504800884837699,5.551583318900567,0.36120748055476404,0.54593128235576
1993-08-12 06:00:00,1993,8,12,6,745135200,30.877486961303312,3.918311880412783,97.61069054566411,0.32407552343981594,0.0,0.3009352762497374,0.5490249005465297
1993-08-12 12:00:00,1993,8,12,12,745156800,36.514665310868025,3.26393825768428,97.21295595399488,21.492389373637824,12.985327602775023,0.43562566405168784,0.6356672730434104
1993-08-12 18:00:00,1993,8,12,18,745178400,33.196162023919015,2.7675091894170705,98.14869476283624,0.9502142918294805,0.0,0.2816736759314251,0.6048737374939825
1993-08-13 00:00:00,1993,8,13,0,745200000,26.11731030033297,3.542325964457574,97.84372465965107,0.7832820859499839,0.0,0.2890587730100477,0.6030336469672309
1993-08-13 06:00:00,1993,8,13,6,745221600,28.718488073813873,4.706457434740904,97.94877910602685,0.4311187827292421,6.762089603188172,0.34013625545369336,0.6250468368934222
1993-08-13 12:00:00,1993,8,13,12,745243200,35.09473287910938,4.221477488781167,97.61160394135936,21.82927555846714,0.0,0.2968250107021225,0.5834024112023777
1993-08-13 18:00:00,1993,8,13,18,745264800,30.356631279132163,3.1797013284803763,97.49813433826279,0.6465108431297623,0.8129334550255048,0.30996863836338734,0.6281177065432101
1993-08-14 00:00:00,1993,8,14,0,745286400,25.991284762651247,9.652063877821318,97.34049755481855,0.9211231016465055,7.337702546632701,0.3842966633985018,0.6223469178989248
1993-08-14 06:00:00,1993,8,14,6,745308000,28.676041928791694,4.752457825245305,98.15555056691947,0.5927711626217224,4.725346345210424,0.32182284189285704,0.5879217017691105
1993-08-14 12:00:00,1993,8,14,12,745329600,36.49100278085571,2.7329971969365077,97.49344949826185,21.970768810725417,11.178213554191903,0.39838057168288943,0.6148702767547229
1993-08-14 18:00:00,1993,8,14,18,745351200,30.56538350081411,3.6569605017769975,97.84074670140977,0.10348145206373051,0.0,0.3224537945406116,0.5770920622052772
1993-08-15 00:00:00,1993,8,15,0,745372800,24.941933080482052,4.254392644892995,98.20736608072141,0.07771409469816626,18.36700501631612,0.4510985984142837,0.5815166338131394
1993-08-15 06:00:00,1993,8,15,6,745394400,31.093420747657895,3.8553835502909264,97.97993045934231,0.29330655856782917,0.0,0.30611786338449687,0.6283997483369753
1993-08-15 12:00:00,1993,8,15,12,745416000,35.373654685481284,3.1921341784257105,98.04853895421127,21.149821652166374,0.0,0.3096384993951836,0.5877462823019206
1993-08-15 18:00:00,1993,8,15,18,745437600,30.518847425844115,3.855334207901114,97.94441715484194,0.3330743889081924,0.0,0.33133524258346403,0.6029123037021734
1993-08-16 00:00:00,1993,8,16,0,745459200,22.866159395255323,4.067805264425213,98.09321183420793,0.26603605888845394,0.0,0.3144459056630849,0.5644511250664349
1993-08-16 06:00:00,1993,8,16,6,745480800,26.922361717422792,3.194438966742693,97.69604312967064,0.4818262335050971,5.2220497491198925,0.3169566715054037,0.6392904850400621
1993-08-16 12:00:00,1993,8,16,12,745502400,34.88018653682778,3.4606624710422214,98.12876834798432,21.266812138235824,4.46664367270316,0.347207221223666,0.6269002618380303
1993-08-16 18:00:00,1993,8,16,18,745524000,28.093579307432865,5.38541353058786,97.52947772388323,0.07764557279480633,0.0,0.29291009342684554,0.6290525343119336
1993-08-17 00:00:00,1993,8,17,0,745545600,26.373045446720315,5.373932445559399,97.88596321597136,0.6778115715272053,0.0,0.3236076241236807,0.5760579522521965
1993-08-17 06:00:00,1993,8,17,6,745567200,28.095976208500336,2.6660949907894,97.70998582194261,0.421910386098567,0.0,0.2739213432823428,0.6088595574255482
1993-08-17 12:00:00,1993,8,17,12,745588800,33.3579487356176,9.150081732276362,97.94407147480402,21.137442960824185,0.0,0.31557767025430467,0.5652329572284398
1993-08-17 18:00:00,1993,8,17,18,745610400,29.222241490057275,3.0648694382279156,97.78093376088947,0.31974082638835544,0.0,0.2868333501858009,0.6378240424055692
1993-08-18 00:00:00,1993,8,18,0,745632000,23.706440861520786,3.719559062948319,97.50921489124727,0.90106959494239,2.68808090191651,0.36057609602977186,0.5676202221366143
1993-08-18 06:00:00,1993,8,18,6,745653600,31.209509996640108,3.9765654358413114,97.54944910262773,0.2575017315782542,0.0,0.30965727065927595,0.6338079640048453
1993-08-18 12:00:00,1993,8,18,12,745675200,33.11827000611483,2.74304121433605,97.76440007078723,21.106206298537032,0.0,0.2976180796464875,0.6593525444721529
1993-08-18 18:00:00,1993,8,18,18,745696800,27.27953643155362,2.6394751517814035,97.91251250466696,0.050718222822871396,13.68655727185293,0.42522686894102335,0.6187392643153353
1993-08-19 00:00:00,1993,8,19,0,745718400,25.762068058323084,2.719084090625171,97.77710841717027,0.16554312809141125,8.350495576488298,0.3809117706576344,0.6067513496021099
1993-08-19 06:00:00,1993,8,19,6,745740000,31.962747108803068,4.970310017179125,98.0299803730489,0.6248465833808217,0.0,0.2970127263934961,0.6491616989578802
1993-08-19 12:00:00,1993,8,19,12,745761600,34.3329595139852,2.8245924504381548,98.18805161783109,21.46753968182494,10.485943013476696,0.4023466942354389,0.6330709727720248
1993-08-19 18:00:00,1993,8,19,18,745783200,30.359017017416402,6.456142870902243,97.57890628839979,0.8939069526520763,0.0,0.26363434147987375,0.6675145827924354
1993-08-20 00:00:00,1993,8,20,0,745804800,23.77732621659084,2.6611920251339694,97.58167655538189,0.6731405011635868,3.1578288345656333,0.348088662443958,0.6504422159053206
1993-08-20 06:00:00,1993,8,20,6,745826400,31.74588474309474,2.8642735443101204,97.96075764063579,0.7352933774630352,0.0,0.3090417333737323,0.6374028276196504
1993-08-20 12:00:00,1993,8,20,12,745848000,32.78858602306256,4.747055228139628,97.58873866686568,21.019620505982402,0.0,0.31113181118694877,0.601679112222264
1993-08-20 18:00:00,1993,8,20,18,745869600,30.804468373250405,3.5952717793512696,97.47848156777715,0.011992543419820222,3.152620126603702,0.33739606504979913,0.6385677509970593
1993-08-21 00:00:00,1993,8,21,0,745891200,24.293754500903248,5.867820451605836,97.92218044038624,0.9985726989342607,0.0,0.2787144918280429,0.6239104451688495
1993-08-21 06:00:00,1993,8,21,6,745912800,30.2816282401287,4.955812965812401,97.97385185007447,0.3233253874015659,0.0,0.3199245189348613,0.6117462489661999
1993-08-21 12:00:00,1993,8,21,12,745934400,36.518824704766175,3.051539455936884,97.98851851897213,21.277201202320303,0.0,0.3103994077138005,0.6478209764671593
1993-08-21 18:00:00,1993,8,21,18,745956000,28.618016908307457,2.5469892399065057,97.70284184098345,0.06987260692319881,0.0,0.31565574249495243,0.6611222194510334
1993-08-22 00:00:00,1993,8,22,0,745977600,23.326281745937536,4.553015434424996,97.79048575799578,0.4852386042825807,17.936781129212882,0.4494728053655786,0.604030434871623
1993-08-22 06:00:00,1993,8,22,6,745999200,29.176582225029385,2.80434912664772,97.63663714390131,0.3640208435366362,0.0,0.2915163675760797,0.6358122235986193
1993-08-22 12:00:00,1993,8,22,12,746020800,33.77664512092402,3.5847211896274107,97.98073594442033,20.62168994339469,0.0,0.3189622739483322,0.6347361088016904
1993-08-22 18:00:00,1993,8,22,18,746042400,29.831825808965235,4.813138442348897,97.80718562149221,0.45939267217505425,24.035534632877194,0.48,0.6087522057252926
1993-08-23 00:00:00,1993,8,23,0,746064000,27.438784882464354,3.416419323727836,97.92229736961907,0.9953631748187239,0.0,0.30155277756669446,0.6410555651213243
1993-08-23 06:00:00,1993,8,23,6,746085600,28.573981605742972,3.550191338050784,98.03755688081002,0.4669158923759775,12.342021563078292,0.44169520554875474,0.693853943026682
1993-08-23 12:00:00,1993,8,23,12,746107200,32.892600336104024,3.635072560586222,97.64342570092967,20.610444764298695,7.437465009032161,0.3521259876920056,0.5878069399113937
1993-08-23 18:00:00,1993,8,23,18,746128800,27.741328086535535,2.7123598206314967,97.64848683567476,0.9765651868567787,0.0,0.2572233794511927,0.6062809778023063
1993-08-24 00:00:00,1993,8,24,0,746150400,24.874174012653828,3.7971681617858994,97.87568532366905,0.9791463140373708,0.0,0.3249802240291046,0.6663197251857648
1993-08-24 06:00:00,1993,8,24,6,746172000,28.45707168235742,4.155842845347025,98.02552994773528,0.06621318823389333,5.137716141897442,0.333901511788947,0.6305181319304142
1993-08-24 12:00:00,1993,8,24,12,746193600,33.55601011300029,3.2880814248242016,97.65742175259724,20.306288779645232,11.454984102480292,0.4212473348009772,0.6492644479573028
1993-08-24 18:00:00,1993,8,24,18,746215200,28.915762042865953,2.737622463760967,97.51993839514456,0.9718348988329735,0.0,0.29459117312052974,0.6340571328518114
1993-08-25 00:00:00,1993,8,25,0,746236800,21.27675128523996,7.540546218555273,97.68869519819326,0.5933390462568069,0.0,0.2860708567523912,0.5949735454185104
1993-08-25 06:00:00,1993,8,25,6,746258400,29.34348893967986,4.40023576876772,97.80949154813325,0.05473391299115993,0.0,0.292102118542854,0.6643175263101571
1993-08-25 12:00:00,1993,8,25,12,746280000,32.294731588842815,2.9399665395762353,98.32330629324498,20.233061463417222,0.0,0.31137103980379016,0.6161429241995658
1993-08-25 18:00:00,1993,8,25,18,746301600,27.05843475004989,3.44837588124821,97.91285773864477,0.10129388182913937,0.0,0.2608637784168686,0.6700083519046872
1993-08-26 00:00:00,1993,8,26,0,746323200,21.54295620977817,3.073319326244935,98.50557429135053,0.45208245986091034,0.0,0.276976327930308,0.6317596626290113
1993-08-26 06:00:00,1993,8,26,6,746344800,29.625614106173877,2.519885761399325,97.85374147877552,0.41354384294409285,5.593514653880558,0.35178291059251215,0.6611490594191309
1993-08-26 12:00:00,1993,8,26,12,746366400,34.48493647121288,5.04397940642051,98.34412429085612,20.936941559067005,0.0,0.2982783777018911,0.6878218685293231
1993-08-26 18:00:00,1993,8,26,18,746388000,29.569552566748758,2.725695414466173,98.0374216775015,0.5699586502091215,0.0,0.3186575333177519,0.5980792792636815
1993-08-27 00:00:00,1993,8,27,0,746409600,25.82263676677851,2.791452164380903,98.05126120859957,0.7532023078458547,12.959419962256682,0.44240040785874407,0.6885514198184572
1993-08-27 06:00:00,1993,8,27,6,746431200,27.688962866262074,2.505696440542952,98.26143352377827,0.6474835210732547,35.355458716093594,0.48,0.6204425633964663
1993-08-27 12:00:00,1993,8,27,12,746452800,34.69468838021539,3.394727109941344,97.69484768867979,20.199088583079774,3.7492993706382745,0.3237282766492757,0.6689257164659341
1993-08-27 18:00:00,1993,8,27,18,746474400,29.34055494406883,2.816782571261937,97.9764188335371,0.24826269259416278,0.0,0.3050181520260282,0.7062247341594332
1993-08-28 00:00:00,1993,8,28,0,746496000,25.060821717258772,3.9060415441008813,98.26070300666959,0.9853597898733878,0.0,0.2748554185419374,0.6274493283962963
1993-08-28 06:00:00,1993,8,28,6,746517600,29.318915825768162,2.5473438252705227,97.81702927281663,0.6712118640646498,6.185376893205439,0.329196350724334,0.6498351201087218
1993-08-28 12:00:00,1993,8,28,12,746539200,31.679589900178136,3.828396076081111,98.49563914291781,20.563234833017113,3.6995982461988333,0.3213723224022855,0.6569797474724183
1993-08-28 18:00:00,1993,8,28,18,746560800,28.225053431202095,3.224414967131368,97.19493762635233,0.6742377787340724,2.854940426265038,0.35791147746707486,0.6938291153545225
1993-08-29 00:00:00,1993,8,29,0,746582400,22.279183210827533,3.4516053226273917,97.80765730265831,0.5706181637656963,5.611475912187544,0.31019190684952347,0.6995280553455542
1993-08-29 06:00:00,1993,8,29,6,746604000,28.255083138203176,4.386274681509793,97.71229261797856,0.28381083002834717,0.7613309158292436,0.32047749861130204,0.6134074187917492
1993-08-29 12:00:00,1993,8,29,12,746625600,31.95301998982665,3.1839574176025818,97.70584106744592,20.832288455608836,0.0,0.2537082284597999,0.6180930096173919
1993-08-29 18:00:00,1993,8,29,18,746647200,26.498226800372535,4.191442192260447,98.2310558627368,0.5714291060493801,0.1504535242466153,0.32754325444281784,0.6450203076510274
1993-08-30 00:00:00,1993,8,30,0,746668800,22.36596912272614,4.014613909129374,98.02648944727156,0.371828836907495,0.0,0.30332630040236325,0.6501083164164385
1993-08-30 06:00:00,1993,8,30,6,746690400,28.43433695454095,3.8979679669940612,98.14630712812513,0.8415451352823748,5.679574322718474,0.337954995089341,0.6425467838111844
1993-08-30 12:00:00,1993,8,30,12,746712000,32.3388383420722,2.7554098103190765,97.67878277040488,20.296110714014755,0.0,0.3146874881821767,0.6445590724297008
1993-08-30 18:00:00,1993,8,30,18,746733600,29.32976802727597,3.9458738492672993,98.15865025349012,0.6824532463654458,0.0,0.2726845783974381,0.7108505116125513
1993-08-31 00:00:00,1993,8,31,0,746755200,23.80573564937785,2.6154051589638567,98.14320075431655,0.7239624943693397,0.0,0.2611684895429702,0.6674484061340276
1993-08-31 06:00:00,1993,8,31,6,746776800,29.265577950182163,3.4296760207877632,97.77997875730019,0.09639500797459333,0.0,0.2647521807262211,0.6698380817294829
1993-08-31 12:00:00,1993,8,31,12,746798400,33.82981969507148,3.8181485226142686,97.99215682935565,19.82116247165094,0.0,0.2636376111093023,0.6735867148875002
1993-08-31 18:00:00,1993,8,31,18,746820000,29.296165417569718,5.843786842068685,98.1946030670828,0.4671643498110916,12.22146082856689,0.4054304403637873,0.6939917694116607
1993-09-01 00:00:00,1993,9,1,0,746841600,24.01863135892369,3.4372095789165016,98.3193430256079,0.05390493509154426,0.0,0.308509907201994,0.6491993632698977
1993-09-01 06:00:00,1993,9,1,6,746863200,29.932506953443536,2.68958228229754,97.89798211727684,0.24656174682364806,3.885962040584967,0.3378807556291998,0.7157104902678253
1993-09-01 12:00:00,1993,9,1,12,746884800,34.21058901857452,3.2873670150935776,97.90407269806074,20.356239898719128,0.0,0.29394663019709144,0.6870783284738069
1993-09-01 18:00:00,1993,9,1,18,746906400,26.953254483938895,3.6368983168972653,97.88860928949553,0.57842885034518,0.0,0.2801993586081617,0.6605232250124256
1993-09-02 00:00:00,1993,9,2,0,746928000,24.026379678206183,4.883855183289304,97.6805070077391,0.08863959135591526,0.3776335439997806,0.29631697212931074,0.64397692322541
1993-09-02 06:00:00,1993,9,2,6,746949600,31.0813701077185,2.543100716035139,98.3207957042529,0.6270930834269363,0.0,0.2701016408628525,0.7286184722679803
1993-09-02 12:00:00,1993,9,2,12,746971200,33.96067402398398,2.4220008812551135,97.95419558826845,20.13559519087402,4.667549641295482,0.3346821086518148,0.617872001196172
1993-09-02 18:00:00,1993,9,2,18,746992800,31.112761937852426,3.1875509775354782,97.75932375406204,0.766478290202536,0.0,0.30134918142349304,0.619247007267743
1993-09-03 00:00:00,1993,9,3,0,747014400,25.886016064125787,4.052420312630134,97.98825409430914,0.2710650882834328,0.0,0.30689572659074543,0.645614928112881
1993-09-03 06:00:00,1993,9,3,6,747036000,28.41100216438386,2.4879133593624836,97.9730850129885,0.5500208533924406,2.9336894927822614,0.3290467385017044,0.6500800997883023
1993-09-03 12:00:00,1993,9,3,12,747057600,34.69738351516282,6.73909994300999,97.9248614761259,20.403118676676822,0.0,0.2914892289025727,0.6165946669600592
1993-09-03 18:00:00,1993,9,3,18,747079200,27.644609166045647,3.69848061568631,98.28760584460265,0.9811747191948251,0.0,0.31216270722283945,0.6776899791787206
1993-09-04 00:00:00,1993,9,4,0,747100800,24.86919236774976,2.3557845362317735,97.87103357466364,0.1889861254152977,9.806660636874799,0.3899035911038142,0.6559308677449487
1993-09-04 06:00:00,1993,9,4,6,747122400,30.17673415610128,3.800502521534585,98.26369669428364,0.7331916761232303,14.804730156961549,0.45679425353289327,0.5929015749797973
1993-09-04 12:00:00,1993,9,4,12,747144000,32.402355230979836,4.793475811036108,97.79954734844269,19.695004875104697,0.0,0.3042790424391441,0.6956705622169738
1993-09-04 18:00:00,1993,9,4,18,747165600,31.285578840345224,2.582752910731128,98.27156312179261,0.9451500756427462,0.0,0.3204029040305968,0.6507811274094728
1993-09-05 00:00:00,1993,9,5,0,747187200,20.410128826145915,2.9659683486793798,98.11086304783687,0.7442603140321675,2.888272260114961,0.3384719653488668,0.6521139321364386
1993-09-05 06:00:00,1993,9,5,6,747208800,28.13077247530625,3.6630736113839735,98.24677547786514,0.18572684543572848,5.702334817581559,0.348541253696453,0.6811445936466045
1993-09-05 12:00:00,1993,9,5,12,747230400,31.199374079834598,3.3718567521325755,97.97689112436595,19.597459297489966,0.0,0.2738714343760671,0.6552515022610201
1993-09-05 18:00:00,1993,9,5,18,747252000,28.68380372916521,2.7623710192128677,98.12217146251794,0.879731297289616,0.0,0.25859239095117614,0.7081149404980484
1993-09-06 00:00:00,1993,9,6,0,747273600,23.956782843443726,2.470095676171844,98.2711062565716,0.2556851609149783,3.6016346515553295,0.3243054304317547,0.6801327505142476
1993-09-06 06:00:00,1993,9,6,6,747295200,31.12166110649302,5.966772634723419,98.40176689994286,0.888841034824916,0.0,0.320330875226558,0.6845894006907595
1993-09-06 12:00:00,1993,9,6,12,747316800,32.030969843418355,4.832787958492279,97.7739554752829,20.205221264096107,2.282644639398564,0.31699864672485045,0.6417141073364031
1993-09-06 18:00:00,1993,9,6,18,747338400,29.676180463823464,4.53424083423824,98.23608515724506,0.37737902048154215,26.416575147572267,0.48,0.6527775839670437
1993-09-07 00:00:00,1993,9,7,0,747360000,22.55557179007689,3.74185226600717,98.11456451961764,0.29775238253768044,0.0,0.2763846738090241,0.6648168420744459
1993-09-07 06:00:00,1993,9,7,6,747381600,29.670295505864267,7.030458387488293,98.11203610033438,0.9652914377185489,0.0,0.30135077741203803,0.6575483024208773
1993-09-07 12:00:00,1993,9,7,12,747403200,31.250545080832204,6.178378055419062,98.21955864176142,19.231241571955774,15.067664029409022,0.47538125322600366,0.723398395801319
1993-09-07 18:00:00,1993,9,7,18,747424800,27.567939865935344,2.581497201548715,98.5860124686879,0.16944604532724072,2.6040011049513594,0.3221510079644448,0.6851341315713668
1993-09-08 00:00:00,1993,9,8,0,747446400,21.775609729634393,4.327904810503047,98.30557207687646,0.9342444699337403,0.0,0.28700759035343626,0.6678753888670744
1993-09-08 06:00:00,1993,9,8,6,747468000,28.74743797538748,3.673192846957306,98.06807381790347,0.20884635685570396,0.0,0.2702568847622059,0.6984279241867144
1993-09-08 12:00:00,1993,9,8,12,747489600,32.624535320044885,5.039506098176087,98.36913216952806,19.340823572946135,0.0,0.32333283423439574,0.6527631717033906
1993-09-08 18:00:00,1993,9,8,18,747511200,29.4555237655825,3.6247808093281018,98.12182226578402,0.35801727674136774,0.0,0.30979024283516104,0.6490966421291138
1993-09-09 00:00:00,1993,9,9,0,747532800,24.667278433410655,4.112853108498195,98.26529914202058,0.3150182493254816,0.0,0.2788498419107404,0.6597600888529821
1993-09-09 06:00:00,1993,9,9,6,747554400,26.398626420403723,4.633441840559739,98.58158695036302,0.21392392007239625,0.0,0.293936967196878,0.6650904749227851
1993-09-09 12:00:00,1993,9,9,12,747576000,34.26369378290873,6.741171928386464,98.18591945541672,19.115922192922717,0.0,0.28245047106087473,0.6915758712714284
1993-09-09 18:00:00,1993,9,9,18,747597600,28.454271735750666,2.4985635640911457,97.92071028324145,0.8074751308375756,0.0,0.2883608607887543,0.7154628298650194
1993-09-10 00:00:00,1993,9,10,0,747619200,22.602082656572115,2.367936150936713,97.96553610788979,0.4158333556900796,0.0,0.2879668512325186,0.6594831074117444
1993-09-10 06:00:00,1993,9,10,6,747640800,27.19625870292974,3.6146258110260785,97.64163211706722,0.8086418623636432,0.0,0.29491751141757305,0.6766828248960122
1993-09-10 12:00:00,1993,9,10,12,747662400,33.124733813024065,3.886227835811273,98.31230028608348,19.852071923795112,16.15248336191364,0.4615627521059462,0.6661173226653835
1993-09-10 18:00:00,1993,9,10,18,747684000,29.047428675650863,4.0747540994110825,97.7387118322884,0.9876567160896682,0.0,0.27985690345464204,0.684773656057788
1993-09-11 00:00:00,1993,9,11,0,747705600,20.83892659405895,2.969709468462536,98.62587838990197,0.4535216357050179,0.0,0.2858900378275959,0.7108672338831091
1993-09-11 06:00:00,1993,9,11,6,747727200,28.325033270461923,3.893683825275697,97.97310862961879,0.7611659286609327,0.0,0.26672209715972833,0.7180778233302387
1993-09-11 12:00:00,1993,9,11,12,747748800,32.35678599893396,2.3551664969086077,98.10038716437532,19.272370362073573,5.715782388906804,0.34115450482138815,0.6637918221402588
1993-09-11 18:00:00,1993,9,11,18,747770400,27.780351372885153,5.646459376751114,97.84583829556495,0.41320767400397934,0.0,0.30427308786018387,0.6853447407392026
1993-09-12 00:00:00,1993,9,12,0,747792000,22.971017804082415,2.5105432434841477,98.04971046947729,0.72838959466508,0.0,0.2969519259841868,0.6608847817533481
1993-09-12 06:00:00,1993,9,12,6,747813600,27.41388936308635,2.8340521972401174,98.23883146805126,0.2158862360990481,1.618716066863581,0.30686853699451605,0.7195504198034076
1993-09-12 12:00:00,1993,9,12,12,747835200,35.793316861246105,2.8370273078422086,97.63223768866501,19.66876093405648,0.0,0.27743054913473164,0.6852627496795264
1993-09-12 18:00:00,1993,9,12,18,747856800,27.114243114876853,2.600891896034875,98.50951159349854,0.205176398058571,2.8648204689155876,0.3482973620932639,0.681361325735748
1993-09-13 00:00:00,1993,9,13,0,747878400,20.061538661412424,4.139318900216594,98.20385543709163,0.44996674235335343,15.283387434830768,0.41451506975605856,0.6781561549828266
1993-09-13 06:00:00,1993,9,13,6,747900000,26.83620701682761,3.8164181053378536,97.8058719145405,0.5211457300641075,0.0,0.24541530104773496,0.6825945134494767
1993-09-13 12:00:00,1993,9,13,12,747921600,29.850763146454547,6.9293472455431,98.44133570266567,19.232480320938354,0.0,0.2806367433779922,0.7047223134334226
1993-09-13 18:00:00,1993,9,13,18,747943200,22.71330527191391,2.7140034469961125,98.56009959394893,0.30371774954951775,27.729581122952688,0.48,0.6713364177753279
1993-09-14 00:00:00,1993,9,14,0,747964800,20.420861474104544,2.395682188005325,98.39857364954607,0.47483153639509923,8.26617871591789,0.3886914649574049,0.7146725322819882
1993-09-14 06:00:00,1993,9,14,6,747986400,27.222735329032407,3.199484306370495,98.37282897910173,0.3656708937861164,0.0,0.270388502188264,0.6342893085311685
1993-09-14 12:00:00,1993,9,14,12,748008000,32.954818685346254,2.36126167825192,98.46562824372069,19.119377098972684,4.204167914732662,0.32502988239147695,0.7296910421676058
1993-09-14 18:00:00,1993,9,14,18,748029600,28.065112694713967,3.037542737715949,98.1632669577983,0.21642325755193254,4.164190005125379,0.3374418116896498,0.6814647922270531
1993-09-15 00:00:00,1993,9,15,0,748051200,21.569214127841057,5.9755311697952465,98.1301866236216,0.020935786161246805,0.0,0.2823848454180113,0.6540206754725602
1993-09-15 06:00:00,1993,9,15,6,748072800,26.994319176685288,3.9348225356384585,98.18616718651626,0.5990186755826001,0.0,0.3114111474924873,0.6927791703300143
1993-09-15 12:00:00,1993,9,15,12,748094400,32.28955511387604,2.618146139656235,98.14363240764237,19.24788746080354,0.0,0.3034749498712712,0.7144769553690626
1993-09-15 18:00:00,1993,9,15,18,748116000,26.815466398346878,3.456737142275594,98.10766865561864,0.18350062989005003,1.7661536613297073,0.31006563332668313,0.7111437136994306
1993-09-16 00:00:00,1993,9,16,0,748137600,23.850323668638232,2.3031101421044373,98.01596388203967,0.3043173230596634,0.0,0.2945109212109564,0.7316843248734639
1993-09-16 06:00:00,1993,9,16,6,748159200,28.787523815676153,2.2909249499501523,97.96339013837203,0.47706356229692837,0.0,0.2954909594197883,0.6532974980294771
1993-09-16 12:00:00,1993,9,16,12,748180800,30.987035901236826,3.6728520588593656,97.97481166677893,19.296153524226565,0.0,0.30463039914112755,0.7078673571056232
1993-09-16 18:00:00,1993,9,16,18,748202400,23.922190242832514,4.658714436326913,98.58992861296989,0.8223324832788977,0.0,0.2896399552924203,0.6448696475324643
1993-09-17 00:00:00,1993,9,17,0,748224000,19.89716611948494,5.39431242050342,98.45094287723714,0.19409097140887055,0.0,0.29180871649567136,0.7006096200968264
1993-09-17 06:00:00,1993,9,17,6,748245600,26.051840167037746,14.272687485743639,98.30050962939812,0.81536590552756,0.0,0.2604393738482141,0.6679355957730978
1993-09-17 12:00:00,1993,9,17,12,748267200,29.51034579631483,5.0700697074247865,98.77300162698567,19.132829498905497,0.0,0.3077313690679385,0.6829606796106782
1993-09-17 18:00:00,1993,9,17,18,748288800,23.257388439406014,5.29701653280907,98.03322862487965,0.413260315149948,4.818722838013747,0.31433169507793157,0.6957360873740068
1993-09-18 00:00:00,1993,9,18,0,748310400,22.842358446994027,3.9417473696923633,98.31673857268419,0.46351781126832503,3.1181619594457937,0.31232538584692376,0.7289972864822423
1993-09-18 06:00:00,1993,9,18,6,748332000,23.594374851854834,2.469331719605364,98.06316305240261,0.9694200067299549,0.0,0.3098626380005395,0.6999659282950824
1993-09-18 12:00:00,1993,9,18,12,748353600,29.38043603716262,3.1160811199125167,98.36363019050077,18.971973097128416,18.813947794282274,0.4666215112402266,0.689406414256935
1993-09-18 18:00:00,1993,9,18,18,748375200,27.12284898725818,4.1357240814075045,98.33744642804778,0.9395245969563419,9.113678128248141,0.3587513272410946,0.7404522758128049
1993-09-19 00:00:00,1993,9,19,0,748396800,20.91925154480363,3.4900170757917177,98.164689742505,0.7803974907038953,7.981722782132053,0.32801001480139036,0.7347363330843986
1993-09-19 06:00:00,1993,9,19,6,748418400,25.247651759352472,3.3622662365362244,98.30525263663512,0.024264906266455832,0.0,0.24890546978007594,0.7293947967406702
1993-09-19 12:00:00,1993,9,19,12,748440000,30.448649903062474,3.3097568137809947,98.7459096195602,19.089389231120716,4.782925014121878,0.34984652293880203,0.636563902118445
1993-09-19 18:00:00,1993,9,19,18,748461600,26.47272465118919,2.3889674726438677,98.38544205354873,0.3402526693724889,0.0,0.28212665341232784,0.7508665456880005
1993-09-20 00:00:00,1993,9,20,0,748483200,20.23301194747172,2.558733585162921,98.01009861146905,0.23551574387964636,17.358445533907297,0.42729364560344146,0.6835468278617296
1993-09-20 06:00:00,1993,9,20,6,748504800,25.626181454970414,2.373863049823208,98.44148135926834,0.7880989086343793,18.626047056584344,0.4637801312055115,0.6859310649592979
1993-09-20 12:00:00,1993,9,20,12,748526400,29.250630615583084,5.546791862045676,98.71891639806886,18.718470411371506,0.0,0.2563597661544965,0.7197201863716338
1993-09-20 18:00:00,1993,9,20,18,748548000,26.400211016978805,3.679035049610389,98.31635868044553,0.09678078859914106,0.0,0.25770300065202006,0.7277141727709044
1993-09-21 00:00:00,1993,9,21,0,748569600,20.715594523952824,2.8253546095382673,98.32570455660074,0.18244774380593576,0.0,0.2535907994757118,0.7213244405921996
1993-09-21 06:00:00,1993,9,21,6,748591200,27.820975904038423,4.0112408233088575,98.02506045998526,0.10660236591434813,0.0,0.2595548321683359,0.7029205934697766
1993-09-21 12:00:00,1993,9,21,12,748612800,32.24499620533407,2.7095814718382476,98.37234942752457,17.949998403551948,8.014768435855123,0.34840942949713,0.698511145378499
1993-09-21 18:00:00,1993,9,21,18,748634400,28.563771068094173,3.971192564269082,97.92043396511181,0.5600136610260189,13.12780533473929,0.38869642614074795,0.6260186925885425
1993-09-22 00:00:00,1993,9,22,0,748656000,21.298482459902903,3.569348232562296,98.67443760840294,0.3362835118112787,0.0,0.2746971228284528,0.6208383094645734
1993-09-22 06:00:00,1993,9,22,6,748677600,25.733888393988906,2.2754337711789807,98.41741524808806,0.5808706184562958,0.0,0.2973395092882757,0.6879460456011258
1993-09-22 12:00:00,1993,9,22,12,748699200,30.21014561770266,4.794963297373096,98.52549204648554,18.301594244908934,0.0,0.280883739464666,0.6606214095060944
1993-09-22 18:00:00,1993,9,22,18,748720800,25.685684133071288,5.5399172700337465,98.32170389457697,0.40566704909113355,0.0,0.33753628454450857,0.7026638465864521
1993-09-23 00:00:00,1993,9,23,0,748742400,20.36998504106458,6.937487032949807,98.02442849240389,0.535027135953916,0.0,0.26774843720532776,0.685069849001288
1993-09-23 06:00:00,1993,9,23,6,748764000,26.1569436535821,2.270186882623035,98.95032268630484,0.15105796408282113,6.860184954250879,0.33041948721180486,0.6757667981912006
1993-09-23 12:00:00,1993,9,23,12,748785600,30.88025577993899,3.138586540673958,98.12158948913417,18.530465991486476,0.0,0.2789849977987171,0.653436373652871
1993-09-23 18:00:00,1993,9,23,18,748807200,23.615889088409062,2.751728250790366,98.65877244632573,0.5547910935564182,6.413949540456466,0.3021932018199418,0.750085690122781
1993-09-24 00:00:00,1993,9,24,0,748828800,20.925205294147318,2.7813046794369125,98.7175986168551,0.41663228368163574,0.0,0.25096240025208977,0.6846803950207562
1993-09-24 06:00:00,1993,9,24,6,748850400,26.992166104177684,3.4404335729685234,98.1024467746118,0.7282136968548852,7.139807020763405,0.33806773249378375,0.7646401222076205
1993-09-24 12:00:00,1993,9,24,12,748872000,29.353784612621098,2.664136928128286,98.33990559163608,18.430342410182178,6.129358120187108,0.36876575618176705,0.7198373575785446
1993-09-24 18:00:00,1993,9,24,18,748893600,26.279500851574916,3.8595667959607773,97.83221028335268,0.8425133852690243,3.2298429061626592,0.3058203928506869,0.6498609784669342
1993-09-25 00:00:00,1993,9,25,0,748915200,18.434748603734814,2.6007845962837393,98.35242767987799,0.05206104358091357,0.0,0.2683822230779317,0.6685155561255127
1993-09-25 06:00:00,1993,9,25,6,748936800,26.245414617813367,3.7884215994017403,98.35871026611268,0.37330698189786404,0.0,0.23851996048702484,0.7320691436665726
1993-09-25 12:00:00,1993,9,25,12,748958400,28.12545260167198,3.163176930582561,98.36006849956209,17.598014992548077,0.0,0.3038189750175564,0.7074778354519063
1993-09-25 18:00:00,1993,9,25,18,748980000,24.490133974484277,4.632070592104883,98.50168027421765,0.5171476494517458,0.0,0.2822273179157824,0.702501843900494
1993-09-26 00:00:00,1993,9,26,0,749001600,19.326059626874937,4.3003226074625385,98.27744324290788,0.11969684420239868,6.821692007459592,0.32957159906197925,0.6882253785924364
1993-09-26 06:00:00,1993,9,26,6,749023200,24.17086096209718,5.210148380933023,98.72517563142499,0.30800526710240606,9.882152505495293,0.36907874053647294,0.7329502301621705
1993-09-26 12:00:00,1993,9,26,12,749044800,32.038872038617804,3.463035152985388,97.79916253609625,18.04072190676725,0.0,0.286624833356418,0.7609566432048347
1993-09-26 18:00:00,1993,9,26,18,749066400,24.664750068051823,4.892351827627314,98.4918544316691,0.8047212570906133,0.0,0.3042165673115709,0.6542834879057856
1993-09-27 00:00:00,1993,9,27,0,749088000,19.053768913585035,2.5010615112895342,98.15775821736081,0.47034462621394935,0.0,0.260292650208816,0.649623530327231
1993-09-27 06:00:00,1993,9,27,6,749109600,23.073716650178103,5.843053166331041,98.44134461665084,0.6452010985741203,0.0,0.261812629015079,0.7342995668070863
1993-09-27 12:00:00,1993,9,27,12,749131200,28.388603132138712,2.7225929677503684,98.45305460445786,18.11753527682241,13.34799378726215,0.373239547506743,0.7061931860395231
1993-09-27 18:00:00,1993,9,27,18,749152800,25.283576914595763,4.2881128788294145,98.04970295273779,0.9146912125497793,0.0,0.25234216900563117,0.6900788581045061
1993-09-28 00:00:00,1993,9,28,0,749174400,19.938513918608248,4.820561817649958,98.48718628764775,0.630527189610664,0.0,0.27045956421666784,0.7356369084126665
1993-09-28 06:00:00,1993,9,28,6,749196000,25.130749745685655,6.904664737826262,98.2051894331369,0.6635271932113023,0.0,0.2759181899151918,0.7189464471947732
1993-09-28 12:00:00,1993,9,28,12,749217600,29.36599648161977,8.16064373662211,98.06942789442057,17.818024254419562,0.0,0.2729571247057332,0.6870926608543448
1993-09-28 18:00:00,1993,9,28,18,749239200,23.45307105399507,3.825508715141936,98.12195494023524,0.6250963015304035,0.0,0.2528291544287065,0.7208462645471954
1993-09-29 00:00:00,1993,9,29,0,749260800,20.26143983018863,3.576437109038399,98.42046921715936,0.5380439469818112,10.457710462596474,0.35760982333193775,0.7133344128926117
1993-09-29 06:00:00,1993,9,29,6,749282400,23.916561170427034,2.7041941659099753,98.86287877137532,0.04061806280928515,0.0,0.28774660143290476,0.7221240214224349
1993-09-29 12:00:00,1993,9,29,12,749304000,29.766815301324485,4.770468127409649,98.77189796944869,17.80606293724874,0.0,0.2760523248824866,0.7080834256599271
1993-09-29 18:00:00,1993,9,29,18,749325600,25.318461826659785,2.714444695144017,98.78624556060859,0.9491168524704731,0.0,0.2531435379371827,0.742772074153286
1993-09-30 00:00:00,1993,9,30,0,749347200,18.86473475529206,4.795603203265192,98.70942594929367,0.9052046221433196,0.0,0.2649083106771365,0.7294565753561483
1993-09-30 06:00:00,1993,9,30,6,749368800,25.970325863589622,3.3207729450763437,98.55199840621975,0.11277679813201136,0.0,0.2610028021281564,0.7136681011604535
1993-09-30 12:00:00,1993,9,30,12,749390400,29.500815849895442,3.821069369405538,98.6681960940183,17.207825319410333,0.0,0.25474295834965077,0.7422742452940186
1993-09-30 18:00:00,1993,9,30,18,749412000,24.499546292686986,2.789158760124295,98.29932336598662,0.448371801058985,0.0,0.28330881371094013,0.711934849314273
1993-10-01 00:00:00,1993,10,1,0,749433600,19.402628024073685,2.4138800932731805,98.27172024169795,0.9036540805201515,0.0,0.2845930204503607,0.6868039126256354
1993-10-01 06:00:00,1993,10,1,6,749455200,24.45380489661872,2.4361668444574125,98.54361324977556,0.38805962640522373,0.0,0.26557211615098375,0.7010496955277439
1993-10-01 12:00:00,1993,10,1,12,749476800,29.689150752033214,3.0651121282492477,98.67852756633958,17.598724106800876,0.0,0.2443257825232797,0.7171948184814719
1993-10-01 18:00:00,1993,10,1,18,749498400,23.818626806608535,6.396056665717202,98.30496248077088,0.014432297461299908,0.0,0.26011318061500477,0.7139030052046026
1993-10-02 00:00:00,1993,10,2,0,749520000,20.11731041331064,3.5122558785784497,98.2875302536215,0.6111558300372413,0.0,0.2511788729904835,0.7189536945216881
1993-10-02 06:00:00,1993,10,2,6,749541600,22.962155498719476,3.580148905392944,98.38994214734305,0.8409162261815032,0.0,0.2865374282495529,0.7062510281748805
1993-10-02 12:00:00,1993,10,2,12,749563200,29.442731959854054,2.534338371987983,98.77448245398449,17.18394975590458,0.0,0.20666216097696063,0.6988651101637405
1993-10-02 18:00:00,1993,10,2,18,749584800,24.46756163122923,5.842176060033347,98.3492676595516,0.7539956512583521,0.0,0.2651954885563413,0.6657403358651053
1993-10-03 00:00:00,1993,10,3,0,749606400,19.952988881973603,3.5095710531658613,98.6504629959452,0.547654498012559,0.0,0.27417247434178915,0.7012142822534894
1993-10-03 06:00:00,1993,10,3,6,749628000,23.264771729674038,3.1399164188194897,98.75886430446108,0.6680447254607293,0.0,0.23114041668186874,0.6904475908131182
1993-10-03 12:00:00,1993,10,3,12,749649600,30.35017453428898,4.513079067727443,98.30418273111887,17.852657805423952,0.0,0.2602256778162224,0.7149187839300422
1993-10-03 18:00:00,1993,10,3,18,749671200,22.639788146633325,4.789416069647746,98.59930909436913,0.04648109247898553,0.0,0.30242612613057307,0.6867402383626311
1993-10-04 00:00:00,1993,10,4,0,749692800,20.21375081537687,2.4553305447868294,98.7198086884144,0.7635093037545726,6.118003913013321,0.3265166246392999,0.7076735328046707
1993-10-04 06:00:00,1993,10,4,6,749714400,22.43947729926548,2.2901958304695538,98.79594166306055,0.3303984866485524,0.0,0.2184968473079998,0.7045140680779363
1993-10-04 12:00:00,1993,10,4,12,749736000,30.02844809004695,2.409454279866838,98.15253546330491,17.714584053820165,0.0,0.2440622623140246,0.6827452180089206
1993-10-04 18:00:00,1993,10,4,18,749757600,25.974082359033904,6.007228927065244,98.7051175231514,0.44468563993533855,0.0,0.23469676130301398,0.6637112278286084
1993-10-05 00:00:00,1993,10,5,0,749779200,17.813511069066795,2.7013503627097655,98.1948621811414,0.8501277244448033,0.0,0.2651428096708798,0.6796653435373522
1993-10-05 06:00:00,1993,10,5,6,749800800,19.655834319472714,2.4555359893387108,98.55307027568188,0.6974780766260902,0.0,0.25389578320403206,0.6963294828600712
1993-10-05 12:00:00,1993,10,5,12,749822400,29.770215248191622,6.176117986208462,98.46807273015884,17.31308756159086,0.0,0.21680245079640958,0.7011019809182015
1993-10-05 18:00:00,1993,10,5,18,749844000,23.10372809039236,2.6346397573262723,98.5833500186639,0.8822181246358363,0.0,0.21591435474079543,0.6429979565384645
1993-10-06 00:00:00,1993,10,6,0,749865600,18.77508741205437,3.381547371537594,98.70669973072604,0.12678782258191934,0.0,0.26142224332621,0.6853320523833291
1993-10-06 06:00:00,1993,10,6,6,749887200,22.893854485960443,3.875729990129107,98.67874455745698,0.38428404712710806,0.0,0.2228878621282746,0.6868170441254102
1993-10-06 12:00:00,1993,10,6,12,749908800,29.951417426831366,2.2199455200989586,98.41510885002937,17.32335730640862,0.0,0.24408524317476282,0.7351538412212639
1993-10-06 18:00:00,1993,10,6,18,749930400,25.627687914645815,3.4902077819848523,98.40137249828513,0.5297198932522355,0.0,0.2416788027013421,0.7027654287259498
1993-10-07 00:00:00,1993,10,7,0,749952000,15.144761507105041,5.049526999355029,98.95487335862452,0.6115526309177629,0.0,0.24727465207754187,0.6446997665224524
1993-10-07 06:00:00,1993,10,7,6,749973600,23.331551389627677,2.962126259813463,98.62971334366222,0.8334344133984991,0.0,0.24417022981622838,0.727272936172246
1993-10-07 12:00:00,1993,10,7,12,749995200,28.648411232276267,3.0572233099649666,98.4771511060288,16.952736934451654,0.0,0.2591327569320492,0.7221168911004051
1993-10-07 18:00:00,1993,10,7,18,750016800,22.910383216921723,3.78166506425863,98.68817426486677,0.8858441055825604,0.0,0.2687295149340962,0.6999245052489116
1993-10-08 00:00:00,1993,10,8,0,750038400,15.158772046202921,8.066877577333305,98.5535865418849,0.2996655298877401,0.0,0.27528902619904694,0.6550042933285574
1993-10-08 06:00:00,1993,10,8,6,750060000,22.001892656801978,10.449339053895585,99.0664756686442,0.7923867792556668,0.0,0.25632749650577386,0.6529409558851017
1993-10-08 12:00:00,1993,10,8,12,750081600,31.659059900165932,5.92906664815039,98.55261089917481,17.40904985686698,0.0,0.1975897000232677,0.6362580018604775
1993-10-08 18:00:00,1993,10,8,18,750103200,23.99310844006177,3.14855089649987,99.0004444586421,0.8085024400217219,0.0,0.2181379712682074,0.6869668349625575
1993-10-09 00:00:00,1993,10,9,0,750124800,17.908484302608933,5.070692047034143,98.33087913876845,0.8882179247109486,0.0,0.24031664175836248,0.6781171106379803
1993-10-09 06:00:00,1993,10,9,6,750146400,21.2917304762624,2.2279014835069315,98.31470300480183,0.460861719063522,0.0,0.2636110636965748,0.6882613588584987
1993-10-09 12:00:00,1993,10,9,12,750168000,29.486986923244125,2.5860400892322293,98.73937674737365,17.184710718050777,0.0,0.2485628594331816,0.7006621274676459
1993-10-09 18:00:00,1993,10,9,18,750189600,21.067109129289726,3.1502474509779277,99.15613308338159,0.4945488923620649,0.0,0.21691053094092388,0.6956186001645552
1993-10-10 00:00:00,1993,10,10,0,750211200,20.240357337642283,3.9755766655301503,98.78787735853777,0.081136078867028,0.0,0.2564918255911501,0.6365495781053534
1993-10-10 06:00:00,1993,10,10,6,750232800,21.899977522975636,2.3117307929804025,99.10631503806465,0.9607477848654131,0.0,0.21984522763165765,0.6810932670583587
1993-10-10 12:00:00,1993,10,10,12,750254400,27.52303918540195,2.322023244722694,98.16138231388392,17.288731950512684,0.0,0.2304413288425123,0.6555183214423348
1993-10-10 18:00:00,1993,10,10,18,750276000,22.016597646935022,2.355292194780367,98.36018476823949,0.6979551948964826,0.0,0.23809303243319407,0.6443896297768719
1993-10-11 00:00:00,1993,10,11,0,750297600,16.927549724068644,2.7796345913937,97.95327347404604,0.3106247616736729,1.2240606040226643,0.26418342896266184,0.6789998976182527
1993-10-11 06:00:00,1993,10,11,6,750319200,23.7560934425971,2.4136920194246976,98.64093905356299,0.21445491579990705,0.0,0.20883131816385753,0.7225609064778397
1993-10-11 12:00:00,1993,10,11,12,750340800,30.67855444618357,4.162775610832677,98.68282794673452,16.51338113792986,0.0,0.24469776882752536,0.6692537884028655
1993-10-11 18:00:00,1993,10,11,18,750362400,23.05425500998065,2.6651694756447495,98.80327095747583,0.7128880144762979,0.0,0.27281763292635314,0.6578913330650036
1993-10-12 00:00:00,1993,10,12,0,750384000,19.049758935521425,2.726170089689029,99.07446619758447,0.6429289148442161,0.0,0.26247771588765934,0.6513260769068971
1993-10-12 06:00:00,1993,10,12,6,750405600,24.92111600030728,2.972933283274783,98.43487982589131,0.7089057394682119,0.0,0.2680251732374233,0.6412773953183393
1993-10-12 12:00:00,1993,10,12,12,750427200,27.700891600196236,2.262262754820841,98.29077568758791,16.195515410140516,0.0,0.2629574387859368,0.7159607436916144
1993-10-12 18:00:00,1993,10,12,18,750448800,23.399896755091575,3.988750601723228,99.24463806787205,0.6467192732657614,0.0,0.24938690329695642,0.7080045785997753
1993-10-13 00:00:00,1993,10,13,0,750470400,17.783888869723047,2.911445791719731,99.0313835465726,0.24500944809283587,0.0,0.23084736749236556,0.7232418216237654
1993-10-13 06:00:00,1993,10,13,6,750492000,25.067514644360195,4.601332078551128,98.4407999832058,0.9649851854016588,0.0,0.21865164214698915,0.694932023314071
1993-10-13 12:00:00,1993,10,13,12,750513600,28.189554638216226,2.9577323447827024,98.46606440700363,16.63856144690777,0.0,0.27367171770094273,0.6893617105832169
1993-10-13 18:00:00,1993,10,13,18,750535200,21.78540350692014,4.671379112410459,99.16385240533924,0.16093474811569605,0.0,0.24627644871868448,0.7528703568330302
1993-10-14 00:00:00,1993,10,14,0,750556800,20.55597056070449,2.454113076552603,98.47475538571251,0.8516329890998167,0.0,0.24966567726977631,0.6683956047888663
1993-10-14 06:00:00,1993,10,14,6,750578400,23.568244168757865,4.570523160367875,98.90848742477831,0.6013096048561786,0.0,0.2409893672708569,0.6329660397776822
1993-10-14 12:00:00,1993,10,14,12,750600000,24.87751910465943,2.853462110958337,98.6921316982232,16.081711523936757,0.0,0.2285348874371544,0.6514561416227911
1993-10-14 18:00:00,1993,10,14,18,750621600,22.318584307654437,2.330745036349527,98.7240840819191,0.8471228981902835,0.0,0.24042001454164197,0.727851021546288
1993-10-15 00:00:00,1993,10,15,0,750643200,14.735422468637212,2.959339338840297,98.57231274393554,0.4307909156197013,0.0,0.22376853037131522,0.656597402180165
1993-10-15 06:00:00,1993,10,15,6,750664800,23.39157563595476,5.245259310403856,98.73697388630535,0.6566883223379377,0.0,0.23780734937654086,0.6612219995905048
1993-10-15 12:00:00,1993,10,15,12,750686400,25.99694080785577,5.283400538851339,98.36584609642355,16.28960673162473,0.0,0.23177968616040187,0.682653426727603
1993-10-15 18:00:00,1993,10,15,18,750708000,23.299661000423836,2.704379888394146,99.02611294674779,0.30282523176378345,0.0,0.2273742833563771,0.6464369268097855
1993-10-16 00:00:00,1993,10,16,0,750729600,19.09772087078384,4.583498796168422,98.59029020449104,0.10932656765257298,0.0,0.2145070533302566,0.679709033379178
1993-10-16 06:00:00,1993,10,16,6,750751200,21.351887262660057,3.4891057757654114,98.78663436419012,0.3855475882292153,0.0,0.28710670435061014,0.665432143800421
1993-10-16 12:00:00,1993,10,16,12,750772800,24.35662255682439,4.951605466635131,98.54468233027627,15.998307992833876,0.0,0.22141952440154336,0.6745505178424066
1993-10-16 18:00:00,1993,10,16,18,750794400,23.535414998455465,3.50817054314121,98.74476519566085,0.3255661054394145,0.0,0.23940702304735517,0.6307469939347852
1993-10-17 00:00:00,1993,10,17,0,750816000,17.294664109610256,3.296023206718102,99.09036352250916,0.8491949304835116,0.0,0.24733226444015854,0.6887148243810238
1993-10-17 06:00:00,1993,10,17,6,750837600,20.317446579045914,2.554827467008728,98.9999497245756,0.4832236356168832,0.0,0.21601965209928434,0.6643791557446895
1993-10-17 12:00:00,1993,10,17,12,750859200,25.700713912523682,3.5534662179942478,98.56259566201037,16.016698053890774,0.0,0.2513394215439455,0.6808516702506014
1993-10-17 18:00:00,1993,10,17,18,750880800,21.856980737308607,6.268097351245465,98.75619933360562,0.1734321838062322,0.0,0.21843999082808305,0.6883519383233164
1993-10-18 00:00:00,1993,10,18,0,750902400,17.354592784497818,2.278069834100382,99.28083461138291,0.13176350644825818,0.0,0.2117987854995978,0.666746474196767
1993-10-18 06:00:00,1993,10,18,6,750924000,25.221275496148124,4.296869359490241,98.50361741737449,0.46721334891865385,0.0,0.21791356787770083,0.6867027055777689
1993-10-18 12:00:00,1993,10,18,12,750945600,27.00934138484125,3.474625048816022,98.6517061085278,16.058665766273343,0.0,0.2189384521137685,0.6471164990314706
1993-10-18 18:00:00,1993,10,18,18,750967200,21.21044303525295,3.326820900172339,99.04908644251014,0.01703073538614234,0.0,0.22415589807410116,0.6558036642365963
1993-10-19 00:00:00,1993,10,19,0,750988800,17.417462617293452,4.870270537087673,98.846898401343,0.4317147786530763,0.0,0.20916281397259606,0.6936370144774806
1993-10-19 06:00:00,1993,10,19,6,751010400,19.583709074071646,2.2852006409548444,99.06170973093485,0.5089312554330795,0.0,0.2565824437170985,0.6115178297143224
1993-10-19 12:00:00,1993,10,19,12,751032000,28.3678180262093,4.783249047029554,99.06854335929991,15.643293166457399,0.0,0.217883687936659,0.6551867513922939
1993-10-19 18:00:00,1993,10,19,18,751053600,22.238840012976716,4.5940732601337935,98.8576547590676,0.015346092299485385,0.0,0.2396036203618102,0.7108191195376824
1993-10-20 00:00:00,1993,10,20,0,751075200,17.523461955732905,3.5770204794661016,98.94556452103413,0.7630254904246042,0.0,0.23774419370149105,0.725918308179149
1993-10-20 06:00:00,1993,10,20,6,751096800,23.430990767156604,4.069915637542846,98.70257444193473,0.557898173555565,0.0,0.22097020256763622,0.6801852528600232
1993-10-20 12:00:00,1993,10,20,12,751118400,23.58304889141295,2.2855477021386275,98.79793513252082,16.087831119289916,0.0,0.2511772530702235,0.7092733674786876
1993-10-20 18:00:00,1993,10,20,18,751140000,24.742236712497508,2.981481471252636,98.83628606926047,0.4309729684133894,2.9093206009208115,0.2384208683955412,0.6899812923289184
1993-10-21 00:00:00,1993,10,21,0,751161600,17.311417300700644,4.884212839495191,99.06304621688231,0.2636357488278672,0.0,0.19464893434136232,0.6498831971717046
1993-10-21 06:00:00,1993,10,21,6,751183200,23.864067560345106,2.8924970008741946,99.07520399690657,0.7548673566756313,2.4589723504167593,0.22855510016720312,0.6947365717853929
1993-10-21 12:00:00,1993,10,21,12,751204800,29.340610772702657,3.734175177967232,98.89587330027119,15.481112442872622,0.0,0.21344052686616818,0.700587478354914
1993-10-21 18:00:00,1993,10,21,18,751226400,21.13723938389959,2.5483656079946906,98.3781577484448,0.9939644448062178,0.0,0.22186020653393654,0.6806365296411638
1993-10-22 00:00:00,1993,10,22,0,751248000,15.833088536543663,4.187345768853751,98.51465508823406,0.6886966147094348,0.0,0.23681376801210488,0.6874799713495564
1993-10-22 06:00:00,1993,10,22,6,751269600,21.82052821520857,2.795402044634759,98.55069430209652,0.7076210335345243,0.0,0.2079380633749907,0.6833036670108148
1993-10-22 12:00:00,1993,10,22,12,751291200,27.28005127713455,2.8312894786369607,98.36121259407261,16.370088932165363,0.0,0.2228073518589401,0.6467566855651169
1993-10-22 18:00:00,1993,10,22,18,751312800,23.066198595191747,5.219807467830551,98.90194922901873,0.4948121314661066,0.0,0.228036641932552,0.6934708138386467
1993-10-23 00:00:00,1993,10,23,0,751334400,14.374221229511853,2.935573695192079,99.20717999526876,0.9783018428102747,0.0,0.19258028031250302,0.6587410355495984
1993-10-23 06:00:00,1993,10,23,6,751356000,20.622337105445805,4.124573708191116,99.21677280995672,0.8556510765609642,2.488846770871694,0.20987637571641002,0.6781898215818504
1993-10-23 12:00:00,1993,10,23,12,751377600,25.98927072891342,7.362407719083663,98.7051343414445,15.718302486996517,12.979007130062918,0.3198111569049646,0.6673185178063696
1993-10-23 18:00:00,1993,10,23,18,751399200,20.28294518289894,2.9611405195611953,98.94732677823792,0.7746760541868511,0.0,0.22772758810251445,0.6625124812248561
1993-10-24 00:00:00,1993,10,24,0,751420800,17.219834608560447,2.8662796922562364,98.63476577637599,0.4786257356309874,0.0,0.19540292130853515,0.6422342648117317
1993-10-24 06:00:00,1993,10,24,6,751442400,22.13433970144803,5.458487323811196,98.66233146402136,0.17304306965633842,0.0,0.223864425899356,0.6365838714931409
1993-10-24 12:00:00,1993,10,24,12,751464000,25.356680392028544,4.455749182850862,98.70921205341368,15.867969064363901,0.0,0.17789648436589633,0.6778830797892498
1993-10-24 18:00:00,1993,10,24,18,751485600,19.585729160407467,2.4435009902916516,99.48218779892345,0.951325889410406,12.280548180693783,0.3488578793980824,0.6444593812745312
1993-10-25 00:00:00,1993,10,25,0,751507200,19.030045416652463,2.3379626814067933,98.99544872263424,0.2894669981297524,0.0,0.19288376946034366,0.6520636058582272
1993-10-25 06:00:00,1993,10,25,6,751528800,20.71591835945946,5.662435556452458,99.01333509022558,0.43826197793098653,0.0,0.21184134009681807,0.668217552084003
1993-10-25 12:00:00,1993,10,25,12,751550400,27.657203709786554,4.081283414890328,98.70119193455027,15.667160487942168,0.0,0.22939469664251702,0.6219544655633128
1993-10-25 18:00:00,1993,10,25,18,751572000,18.71021412167033,2.6502428085921137,98.99571745692405,0.7219858803921925,0.0,0.19817423138695828,0.6544339957111659
1993-10-26 00:00:00,1993,10,26,0,751593600,15.484836337865762,3.27129085423328,98.56482065794002,0.5450327730248655,0.0,0.21403928404358633,0.6412307011533395
1993-10-26 06:00:00,1993,10,26,6,751615200,19.90145705772079,2.4610605596445803,99.55632740864534,0.8621449616491418,0.0,0.18221020090948456,0.6198964882674056
1993-10-26 12:00:00,1993,10,26,12,751636800,23.858643653529597,2.350045497181481,99.30195438234396,15.82188523270515,4.027258277455285,0.2718528364891059,0.6339497296453316
1993-10-26 18:00:00,1993,10,26,18,751658400,24.13553843017857,5.6731765399299405,98.8709552394246,0.9522864232451939,0.0,0.22282836035623507,0.6621075361116369
1993-10-27 00:00:00,1993,10,27,0,751680000,18.230930786237685,6.113080470084116,98.76314490855755,0.14408928956985734,0.0,0.22754376006932517,0.6370639092140903
1993-10-27 06:00:00,1993,10,27,6,751701600,21.04034227879193,5.774156305565466,98.98737734272424,0.48924610129022805,0.0,0.1876927978730938,0.6751772422050828
1993-10-27 12:00:00,1993,10,27,12,751723200,24.035456442225712,2.4400464908557087,98.78896549546062,15.409456900275138,0.0,0.1884167106076959,0.7004885456238957
1993-10-27 18:00:00,1993,10,27,18,751744800,21.018799316378566,4.444396218910066,98.59615393861718,0.08219488638218715,0.0,0.19128932562507303,0.6318439065240303
1993-10-28 00:00:00,1993,10,28,0,751766400,11.244972530212209,3.811847859788855,99.12239725030999,0.23877072689893541,0.0,0.19186815922326286,0.6420295853535031
1993-10-28 06:00:00,1993,10,28,6,751788000,20.119504223056012,3.082519700829163,99.31305898735347,0.01871710267809723,0.0,0.19283811075734633,0.5930776005494608
1993-10-28 12:00:00,1993,10,28,12,751809600,24.92235313720172,3.009668731469968,98.83825682463949,15.24501859927605,0.0,0.21577196236051274,0.6696248902250486
1993-10-28 18:00:00,1993,10,28,18,751831200,19.841165049065328,4.573538035503217,99.52178328619546,0.17974139319224486,0.0,0.1822979181452015,0.6131670001623869
1993-10-29 00:00:00,1993,10,29,0,751852800,14.23662744158008,2.8859126413737073,99.42977463363358,0.7353120762110598,0.0,0.1850362488989737,0.657368101578045
1993-10-29 06:00:00,1993,10,29,6,751874400,20.505220198425548,3.879591710597751,99.00779311431337,0.5799690756207903,0.0,0.18797901978911025,0.6518486689036997
1993-10-29 12:00:00,1993,10,29,12,751896000,26.333048514601547,3.0159060625031096,99.1436725989237,15.725837899384894,0.0,0.2351902775459965,0.6633389521051204
1993-10-29 18:00:00,1993,10,29,18,751917600,18.95701009616313,2.871254995495242,99.01001774901532,0.9411345158284855,0.0,0.21132463751003255,0.672670087545362
1993-10-30 00:00:00,1993,10,30,0,751939200,14.665193316381565,3.1005934078241375,99.16228875130147,0.46880657312286433,0.0,0.2015512482687385,0.615354676069758
1993-10-30 06:00:00,1993,10,30,6,751960800,22.11510380400088,5.205072803796286,98.69295800548369,0.3363953441222979,0.0,0.21271668844159547,0.6861250845837155
1993-10-30 12:00:00,1993,10,30,12,751982400,26.820138361251413,5.67005204494249,99.02937541545673,15.108261517134496,0.0,0.21424822525175502,0.6614325637384618
1993-10-30 18:00:00,1993,10,30,18,752004000,22.090030787290928,2.5063506509220987,99.27175737897906,0.5443561603764152,0.0,0.2035594650367701,0.6620861906464001
1993-10-31 00:00:00,1993,10,31,0,752025600,15.444424744533196,2.781386931750606,99.30920977390991,0.1190314782794657,0.0,0.19864079898761766,0.6620139722221005
1993-10-31 06:00:00,1993,10,31,6,752047200,20.808073749341702,3.5052724824406973,99.12694931255173,0.15530462083647234,0.0,0.20928853140656495,0.628350472067671
1993-10-31 12:00:00,1993,10,31,12,752068800,29.056157593658607,3.7388659079407027,99.11330289933152,15.113100165619747,0.0,0.19109119006128208,0.6882113818745804
1993-10-31 18:00:00,1993,10,31,18,752090400,21.516465939375852,5.655125889695787,98.52435433844194,0.20897724261817455,0.0,0.1904109934857663,0.6743519875849341
1993-11-01 00:00:00,1993,11,1,0,752112000,13.454860914391272,10.466466888573056,99.02252483751077,0.02893614465714911,0.0,0.19547637502784146,0.6633083126837086
1993-11-01 06:00:00,1993,11,1,6,752133600,17.145765386340443,6.469478821436449,98.8516836060847,0.3594485827109698,0.0,0.2019840778458449,0.6288342294968585
1993-11-01 12:00:00,1993,11,1,12,752155200,27.219532193003367,2.9932148810882753,99.47726458069332,15.686928318173218,0.0,0.1799542596161778,0.6298542734846698
1993-11-01 18:00:00,1993,11,1,18,752176800,18.612691528098022,2.536556181253826,99.69602153194855,0.8133813890202646,0.0,0.21733772632060944,0.6146796655673034
1993-11-02 00:00:00,1993,11,2,0,752198400,15.965606308419648,3.8306584015748397,98.70788660788351,0.7166520675024902,0.0,0.18183425736976389,0.6314163583613489
1993-11-02 06:00:00,1993,11,2,6,752220000,22.141003346641725,2.860623646990885,99.0597983356535,0.04421642262847403,0.0,0.21141289424426538,0.6381695769625643
1993-11-02 12:00:00,1993,11,2,12,752241600,24.872681034594695,3.5338280012975907,99.17057761868693,15.3117789655408,5.864247817894382,0.2370368513582282,0.6254957703501243
1993-11-02 18:00:00,1993,11,2,18,752263200,21.105366497734014,2.4833698728646953,98.47310374865305,0.10839607395290764,0.0,0.21834157780316185,0.6975253900857477
1993-11-03 00:00:00,1993,11,3,0,752284800,15.798579967489907,2.626711008590564,98.84119069243225,0.7288195608197264,0.0,0.17696257242008642,0.647627822792576
1993-11-03 06:00:00,1993,11,3,6,752306400,19.407037818201566,4.282039622549701,99.33416317911154,0.24133084774909364,0.0,0.20141342944390891,0.6253999239746816
1993-11-03 12:00:00,1993,11,3,12,752328000,24.239787254891922,3.2775604167396044,99.11055089503014,15.486383668567893,0.0,0.1969760272880157,0.6073769591355341
1993-11-03 18:00:00,1993,11,3,18,752349600,21.58321929044606,3.599838239875904,99.0733554415512,0.8419788133382959,0.0,0.1885879778038874,0.6325473564771095
1993-11-04 00:00:00,1993,11,4,0,752371200,16.70080839036086,3.4126206378485326,98.90826149122027,0.6743648578154205,0.0,0.1898320871491719,0.6231647873735041
1993-11-04 06:00:00,1993,11,4,6,752392800,17.848236802393224,3.3517255542954287,99.82173684359931,0.16879706498033842,0.0,0.16876938540347086,0.6643290353026177
1993-11-04 12:00:00,1993,11,4,12,752414400,26.643497422510002,4.125314314730189,99.21236439138335,15.198302542418977,0.0,0.19361067496289222,0.6573270186343214
1993-11-04 18:00:00,1993,11,4,18,752436000,22.44073991381867,3.501252061105439,98.94631151860001,0.6921041098337635,0.0,0.17022555621039126,0.5985975749421303
1993-11-05 00:00:00,1993,11,5,0,752457600,13.911004591524119,3.1653087890036105,99.00666768831165,0.10010078296077873,0.0,0.18256689957414612,0.5908986239477326
1993-11-05 06:00:00,1993,11,5,6,752479200,18.96663582218879,4.384771182323233,98.54087286613351,0.19753949158131512,0.0,0.15491558314375492,0.641920762326111
1993-11-05 12:00:00,1993,11,5,12,752500800,24.283971017007264,5.5425121997191376,98.5286339890401,15.072345901149095,0.0,0.18522670671388053,0.6006304478409021
1993-11-05 18:00:00,1993,11,5,18,752522400,18.418105105179755,4.6290138028993955,98.67741433704856,0.8705896953298882,0.0,0.16200475178647755,0.6080240929036769
1993-11-06 00:00:00,1993,11,6,0,752544000,16.28839457422207,2.9377807594610617,99.11194818301654,0.6680913750610454,0.0,0.17735792577924814,0.6525174513326725
1993-11-06 06:00:00,1993,11,6,6,752565600,16.43068822543573,2.8810019281539483,98.78233585382176,0.8919563317844347,0.0,0.1629307005271914,0.6404703822417829
1993-11-06 12:00:00,1993,11,6,12,752587200,26.458241675291944,2.9726271171163807,99.05294551152086,14.766909655816264,0.0,0.19111350412242956,0.6354829800427123
1993-11-06 18:00:00,1993,11,6,18,752608800,19.18931477727013,5.569137771681435,98.73661640194065,0.24445472602672869,0.0,0.17913469035051188,0.6430105230697988
1993-11-07 00:00:00,1993,11,7,0,752630400,14.881518074984035,2.4851147002391114,99.3219520458339,0.11132556410973027,0.0,0.15555989687266272,0.6079638389833111
1993-11-07 06:00:00,1993,11,7,6,752652000,21.982268557728496,5.687364143719048,99.24844764912744,0.21452525787750998,0.0,0.1671947246245557,0.6290821361278551
1993-11-07 12:00:00,1993,11,7,12,752673600,22.784415029509233,5.718716987405312,99.36057601443326,14.72772288502616,0.0,0.17921199846242372,0.6368585112109898
1993-11-07 18:00:00,1993,11,7,18,752695200,18.028641190052255,2.5857644507853976,99.17028422096956,0.3849223222371835,0.0,0.17034193648813484,0.65546107537978
1993-11-08 00:00:00,1993,11,8,0,752716800,15.212385606341543,2.5338257290998873,98.83580414062631,0.9661687772094482,0.0,0.16575909591048493,0.5878086764060828
1993-11-08 06:00:00,1993,11,8,6,752738400,20.20009103113228,5.192221625101034,99.64252892199912,0.5231872774164259,0.0,0.2114865753513292,0.6475403188934051
1993-11-08 12:00:00,1993,11,8,12,752760000,26.696917736909587,4.111730958511288,99.02787748646715,15.188503727379114,0.0,0.19371459723825402,0.6140011251565495
1993-11-08 18:00:00,1993,11,8,18,752781600,18.676946014422022,3.0944989674803596,99.15240260985911,0.26254795652572605,0.0,0.1563104011611196,0.6152603626787972
1993-11-09 00:00:00,1993,11,9,0,752803200,13.257048186632673,2.8304881870751983,99.34507714193933,0.1844949910749335,0.0,0.18148670824314456,0.6237278564163975
1993-11-09 06:00:00,1993,11,9,6,752824800,20.052034487574588,3.1596633978521287,99.22586107143748,0.1183559017051029,0.0,0.16664741158406787,0.6606213042487327
1993-11-09 12:00:00,1993,11,9,12,752846400,25.755935825197252,5.344473566623309,99.15774482700341,15.1739938395191,0.0,0.21646060792426108,0.6632977459884433
1993-11-09 18:00:00,1993,11,9,18,752868000,21.94323225771814,3.4378798542289895,99.32745085033127,0.9648458802800375,0.0,0.15502234995124853,0.588421873579825
1993-11-10 00:00:00,1993,11,10,0,752889600,15.483758904081474,2.6512867570225827,99.03631693628509,0.9978612535577517,0.0,0.13006002812951123,0.653942061370259
1993-11-10 06:00:00,1993,11,10,6,752911200,21.697342129536707,2.6975116054287773,99.14803316689336,0.8318466035895777,0.0,0.16307011692966616,0.605521023250608
1993-11-10 12:00:00,1993,11,10,12,752932800,27.97453520010735,3.5208109067029207,99.16452819015821,14.540823684781994,0.0,0.19706471150229404,0.6118907420557733
1993-11-10 18:00:00,1993,11,10,18,752954400,20.325841885864314,3.163235878156318,99.01142437350703,0.5038380719346599,0.0,0.18466277986919694,0.6013169721693412
1993-11-11 00:00:00,1993,11,11,0,752976000,13.469077310659166,4.215285088933828,99.6991646477621,0.00929201735221541,0.0,0.17689372051860058,0.5947207974648024
1993-11-11 06:00:00,1993,11,11,6,752997600,19.70613294640826,5.509370309788259,98.82515548137916,0.46747549923565257,0.0,0.16625827197393886,0.5873011452666078
1993-11-11 12:00:00,1993,11,11,12,753019200,24.02494286766726,4.191317333589871,99.24058529254563,14.510599772925742,0.0,0.1826376615730341,0.5871428393275139
1993-11-11 18:00:00,1993,11,11,18,753040800,20.732817723015152,5.525713111139527,98.85311329438362,0.5736476451812995,0.0,0.190847862334469,0.548344090416248
1993-11-12 00:00:00,1993,11,12,0,753062400,12.22015481723359,3.003471475664065,98.92727389779932,0.11775177909917522,0.0,0.17956957951921224,0.6281792866603245
1993-11-12 06:00:00,1993,11,12,6,753084000,20.07118148887664,2.593895766020762,99.49236271321281,0.6672802712298835,0.0,0.17039072592901533,0.5974330933855573
1993-11-12 12:00:00,1993,11,12,12,753105600,25.948907548080257,2.569619103642289,99.07606055710245,14.237399959704906,0.0,0.15282710758506998,0.5954421893515528
1993-11-12 18:00:00,1993,11,12,18,753127200,19.83076386626803,3.239800805754073,99.57883883345924,0.41662458167687594,0.0,0.17477574280514085,0.6476291174068252
1993-11-13 00:00:00,1993,11,13,0,753148800,12.37496651496346,4.01365915150699,99.2536848214094,0.12525943174248477,0.0,0.16489925552582604,0.5298429880516891
1993-11-13 06:00:00,1993,11,13,6,753170400,19.6021775602758,3.0743959209306895,99.31394748172086,0.6120493471031573,0.0,0.1394178553120002,0.6444402544685274
1993-11-13 12:00:00,1993,11,13,12,753192000,22.68620517695711,3.2496798898903254,99.53602300361251,14.435361295349411,0.0,0.16882270706661118,0.5812243200621466
1993-11-13 18:00:00,1993,11,13,18,753213600,17.555085411743793,3.718938558606548,99.56681455786837,0.18927452224667568,0.0,0.1852581728860662,0.6093122113032693
1993-11-14 00:00:00,1993,11,14,0,753235200,12.677853947752986,4.461581446108559,99.72213780933653,0.3819785253047152,0.0,0.15830737580276438,0.5851179516461104
1993-11-14 06:00:00,1993,11,14,6,753256800,20.535017639723723,3.351010888329135,99.06697753914308,0.5636693988446924,0.0,0.1322741972308498,0.5986302873970827
1993-11-14 12:00:00,1993,11,14,12,753278400,23.60127065619756,4.036380722366646,99.13945910898154,14.590459486141352,0.0,0.14977183488745272,0.5748918320988942
1993-11-14 18:00:00,1993,11,14,18,753300000,17.759698941520472,3.4774018194791787,99.39941010659979,0.1625325579699642,0.0,0.15573040376975528,0.614397992787581
1993-11-15 00:00:00,1993,11,15,0,753321600,12.467970781821087,4.4376585548156795,100.03422011544217,0.12927070396524898,0.0,0.13279587814936245,0.5757484430890877
1993-11-15 06:00:00,1993,11,15,6,753343200,18.25059966283183,3.0525646965898066,99.23188590723781,0.7203293373617446,0.0,0.1666716872267488,0.5746391879826563
1993-11-15 12:00:00,1993,11,15,12,753364800,24.37092402928228,4.514718791461867,99.07610652592622,14.709667240142233,0.0,0.15052723626124118,0.6129961699486434
1993-11-15 18:00:00,1993,11,15,18,753386400,16.033759045080835,4.38227491369949,99.18440168680648,0.9315111790995777,0.0,0.14854821209345073,0.5249685066003282
1993-11-16 00:00:00,1993,11,16,0,753408000,12.97607450490727,3.3586797956601764,98.85290055060943,0.5295126727889129,0.0,0.14525380494723486,0.5233532057683826
1993-11-16 06:00:00,1993,11,16,6,753429600,20.600961548156885,3.773974796157917,99.39828767463098,0.3377231220331963,0.0,0.14916474611183922,0.6136601757215888
1993-11-16 12:00:00,1993,11,16,12,753451200,26.07371633327677,4.81463879619611,99.34170571212324,13.988032460354857,0.0,0.1532753812716485,0.5753120070177251
1993-11-16 18:00:00,1993,11,16,18,753472800,17.926755147073088,3.2277480242563437,98.9152727214512,0.46270348553101176,0.0,0.19072464604898826,0.6112539468079307
1993-11-17 00:00:00,1993,11,17,0,753494400,13.67739398075332,4.6791812855199435,99.00766377702885,0.5029182872547674,0.0,0.16801797915147917,0.5350056718135083
1993-11-17 06:00:00,1993,11,17,6,753516000,17.15958412729491,3.1438650349237713,99.51357096595603,0.7561671668071679,0.0,0.14872346555876642,0.5646895551241309
1993-11-17 12:00:00,1993,11,17,12,753537600,22.884108919087016,4.040533203287461,99.78139938154878,13.937821889361707,0.0,0.14832749391283728,0.5947895320993641
1993-11-17 18:00:00,1993,11,17,18,753559200,14.008906477545889,4.161876276166706,98.9439685399754,0.27736319664930953,0.0,0.1824392261806842,0.5929046959710171
1993-11-18 00:00:00,1993,11,18,0,753580800,14.478492770121305,5.250214388159047,99.32739340472835,0.10660010607405113,0.0,0.1414381602024979,0.6050553022777728
1993-11-18 06:00:00,1993,11,18,6,753602400,20.08246088665828,2.8996227489087256,99.48243530812061,0.4307229554046672,0.0,0.1722847090691375,0.49079927350677455
1993-11-18 12:00:00,1993,11,18,12,753624000,26.00143443492289,2.683262679143473,99.54184250737113,14.426453290175802,0.0,0.1632689872645454,0.5721741354882883
1993-11-18 18:00:00,1993,11,18,18,753645600,22.235949739174988,3.0996240819989014,99.8965487448892,0.8866259645982921,0.0,0.19263955550994996,0.5097007848170877
1993-11-19 00:00:00,1993,11,19,0,753667200,15.197604595744473,5.8792578015676344,99.72778058299485,0.42508856712060317,0.0,0.13681043530744277,0.5399119423357686
1993-11-19 06:00:00,1993,11,19,6,753688800,22.497355478285968,8.28606882135896,99.14354570211582,0.736189964518495,0.0,0.16760867645386673,0.534239549733627
1993-11-19 12:00:00,1993,11,19,12,753710400,25.54213499981682,4.227714473218041,99.2392707999564,14.491816401195361,0.0,0.13692541252721768,0.5614998533376554
1993-11-19 18:00:00,1993,11,19,18,753732000,19.206295744819446,5.753834918334616,99.34196366493165,0.1642023275978333,0.0,0.17279617300454517,0.5640270539440629
1993-11-20 00:00:00,1993,11,20,0,753753600,15.764338244032047,4.109487743035892,99.24381266570734,0.9400914076301683,0.0,0.14955148163439982,0.5638867703938829
1993-11-20 06:00:00,1993,11,20,6,753775200,19.008189812136635,2.761309711392961,99.51520193953142,0.761505519642272,0.0,0.15859894616890075,0.6355019163044759
1993-11-20 12:00:00,1993,11,20,12,753796800,25.39951320923618,3.3517657698429257,99.0541171632758,14.093184538875594,0.0,0.1152082372124347,0.5752200353821113
1993-11-20 18:00:00,1993,11,20,18,753818400,16.665614493569908,3.143770886735165,99.20051093898486,0.3220440808074775,0.0,0.15861460671293215,0.5574320620821837
1993-11-21 00:00:00,1993,11,21,0,753840000,14.074927286495637,5.925979310739683,98.77917455937455,0.15707818002992202,0.0,0.1656741866968644,0.6213051202531202
1993-11-21 06:00:00,1993,11,21,6,753861600,18.827755925516694,3.370533971966694,99.52898882015266,0.3262684310572229,0.0,0.1087015080627358,0.5715901109675794
1993-11-21 12:00:00,1993,11,21,12,753883200,23.051959587288206,4.902029158564018,99.64311946122157,13.86379264602054,0.0,0.1343405944198317,0.5884475217841924
1993-11-21 18:00:00,1993,11,21,18,753904800,19.508217883424862,3.4120885158330214,99.77599608645683,0.26086820592704085,5.735254773327596,0.2282571071982749,0.5459484664880149
1993-11-22 00:00:00,1993,11,22,0,753926400,14.382207961880274,4.298413369448545,99.16042535486835,0.5879093530775082,0.0,0.17493837300480938,0.5152222742216763
1993-11-22 06:00:00,1993,11,22,6,753948000,20.82022124203189,2.994333389458529,99.31992381902128,0.5572595782860938,0.0,0.14514088808968373,0.5504132460272144
1993-11-22 12:00:00,1993,11,22,12,753969600,20.693988659657535,3.029932757766482,99.2682562361926,13.802771441685413,0.0,0.1174346435732108,0.5682969914717186
1993-11-22 18:00:00,1993,11,22,18,753991200,17.367466155153153,3.8293260406072167,99.40971743271686,0.7078259636016705,0.0,0.12136781059175104,0.573138009246727
1993-11-23 00:00:00,1993,11,23,0,754012800,10.818620836429234,3.826866836174303,99.27428451044858,0.10031220614172198,0.0,0.1278960355462385,0.556611692355125
1993-11-23 06:00:00,1993,11,23,6,754034400,20.117263400647456,3.0406211883437537,99.45265792584226,0.8427997901993552,0.0,0.16492874700551005,0.5424393763196761
1993-11-23 12:00:00,1993,11,23,12,754056000,22.831548338498497,4.012595976298847,99.01588335636367,14.218335824604097,0.0,0.13943745831358387,0.5527311952212325
1993-11-23 18:00:00,1993,11,23,18,754077600,15.734699576658034,5.164666704465516,98.73211843356724,0.03421970115272798,0.0,0.13290028768292478,0.48459723151189127
1993-11-24 00:00:00,1993,11,24,0,754099200,10.683846922115737,6.847979043659845,100.03049892936248,0.02695776363704716,0.0,0.15570490956227398,0.5249443860783636
1993-11-24 06:00:00,1993,11,24,6,754120800,16.512717972095317,2.8178067079769593,100.04236577448039,0.30103429683411564,0.0,0.12517900380330885,0.5369260718976394
1993-11-24 12:00:00,1993,11,24,12,754142400,23.54172529967477,2.859785485605881,99.29814262045664,13.887832481800222,0.0,0.1326607263857406,0.5881238722002384
1993-11-24 18:00:00,1993,11,24,18,754164000,17.614785281954155,3.572163995253336,99.54232426920369,0.07926598387509752,0.0,0.11082432898911901,0.5643248431062029
1993-11-25 00:00:00,1993,11,25,0,754185600,13.844971017108003,3.4287279937988813,98.85398897679629,0.32036686018596827,0.0,0.14797577917662888,0.5612320050803064
1993-11-25 06:00:00,1993,11,25,6,754207200,17.724074753000433,3.513076678284183,99.67343732575611,0.5891491640859801,0.0,0.11544275821817654,0.4937029627591214
1993-11-25 12:00:00,1993,11,25,12,754228800,27.143779203002374,3.964720041732256,99.05003169398783,13.645157159098593,0.0,0.14927361854382032,0.5743584100537692
1993-11-25 18:00:00,1993,11,25,18,754250400,17.798539794328377,5.405574160991346,99.46672153952692,0.3871521636672861,0.0,0.1418303647866747,0.6145076298324917
1993-11-26 00:00:00,1993,11,26,0,754272000,11.714660659242387,4.883603029109938,99.19366861629611,0.8411307957147349,0.0,0.09963037294337,0.5492913394038319
1993-11-26 06:00:00,1993,11,26,6,754293600,18.159618882094883,4.197801092134058,99.10457314019853,0.9051210499497626,0.0,0.1592572350899056,0.543550143567917
1993-11-26 12:00:00,1993,11,26,12,754315200,21.558628450618457,4.507049968570478,99.47421665427356,13.967945817299556,0.0,0.11475744889161295,0.5462006704237771
1993-11-26 18:00:00,1993,11,26,18,754336800,17.777931344170316,4.289751422276597,99.33879110173852,0.9988085337171452,0.0,0.10250726878647846,0.548236444848732
1993-11-27 00:00:00,1993,11,27,0,754358400,11.665878686563662,3.727723923434422,99.90485909874316,0.6548156119315848,0.0,0.1562736837319836,0.5045845354717834
1993-11-27 06:00:00,1993,11,27,6,754380000,19.224692048088226,3.9172899198173283,99.28988721531057,0.23387998077325356,0.0,0.1074115267344883,0.5103101478870804
1993-11-27 12:00:00,1993,11,27,12,754401600,23.36737076944951,3.76123738766421,99.46440142227726,14.279709003798333,10.597262847649443,0.2302764202845193,0.5440876778259423
1993-11-27 18:00:00,1993,11,27,18,754423200,17.228270338853008,5.224769676391049,99.16570589305452,0.901615221517571,0.0,0.12149550753386071,0.5248901616699001
1993-11-28 00:00:00,1993,11,28,0,754444800,14.959485026166659,3.5852376339004395,98.93248628966748,0.8881440205935242,0.0,0.11053366989032404,0.4983372631338807
1993-11-28 06:00:00,1993,11,28,6,754466400,19.020513097706296,3.266374470859644,99.01587843579821,0.8700901766901419,0.0,0.12841318228315435,0.5276121094824836
1993-11-28 12:00:00,1993,11,28,12,754488000,22.30719753911149,2.9220333314487204,98.83504404437461,13.495142651113904,0.0,0.12823124252457235,0.5011355890573973
1993-11-28 18:00:00,1993,11,28,18,754509600,19.467110019348887,4.235333349957941,98.7548525793783,0.7745795603397451,0.0,0.09330560243437157,0.4634112168104066
1993-11-29 00:00:00,1993,11,29,0,754531200,11.001491508861626,9.179085856401251,99.4512085653343,0.6478163457268235,0.0,0.1328731973052678,0.5296514953073305
1993-11-29 06:00:00,1993,11,29,6,754552800,19.772717694457818,8.012222468327993,99.57767836503675,0.6684201873559007,0.0,0.12074669222513336,0.5662962661958472
1993-11-29 12:00:00,1993,11,29,12,754574400,23.173393869139016,4.137005089090632,99.12143540121636,14.33005416143689,0.0,0.14049716762904313,0.49966606130225666
1993-11-29 18:00:00,1993,11,29,18,754596000,14.612901776084263,7.0896227613866465,99.40185319617497,0.06772104111539021,0.0,0.09641885871922129,0.5278343575439003
1993-11-30 00:00:00,1993,11,30,0,754617600,12.682217355775812,3.476556093137453,99.30791839365469,0.541558746371335,0.0,0.13588574079454727,0.5598399341129999
1993-11-30 06:00:00,1993,11,30,6,754639200,15.420199749372921,3.3476078990645073,99.2922372634685,0.03850620000510818,0.0,0.08427798536854561,0.5380176264036827
1993-11-30 12:00:00,1993,11,30,12,754660800,20.926700745242734,2.9710618900454464,99.60202714816056,13.446931564434738,0.0,0.11648682259158584,0.549028150086046
1993-11-30 18:00:00,1993,11,30,18,754682400,15.892381067953874,3.2399112115679545,99.32096977413093,0.27308671171718263,0.0,0.11460882710750053,0.5437695311932043
1993-12-01 00:00:00,1993,12,1,0,754704000,14.188525963154397,9.781065760114082,99.26999405223609,0.39807612024546246,0.0,0.1590895322385973,0.5171700919147473
1993-12-01 06:00:00,1993,12,1,6,754725600,18.53166066356132,3.1414214417774096,99.207620774329,0.7687627758173952,0.0,0.12384066227164975,0.54206588010831
1993-12-01 12:00:00,1993,12,1,12,754747200,23.818417066604873,3.4644042548243954,99.21590991473286,13.442352159470797,0.0,0.0851406384143642,0.5490822631222456
1993-12-01 18:00:00,1993,12,1,18,754768800,20.84718630939609,4.028467736926203,98.81629637829437,0.8923456398998546,0.0,0.08360388646976172,0.4879479527529086
1993-12-02 00:00:00,1993,12,2,0,754790400,11.780255885120074,3.1846182294034002,99.04791595701421,0.20136012744057608,0.0,0.10192949898471027,0.5128049394634406
1993-12-02 06:00:00,1993,12,2,6,754812000,18.23298644701945,3.035754885339914,99.36976062880223,0.57567521471907,0.0,0.08,0.49591665480227554
1993-12-02 12:00:00,1993,12,2,12,754833600,25.22256344956989,3.076415598122118,99.25098964535789,13.84808502677479,0.0,0.10178005871565003,0.5201226530729707
1993-12-02 18:00:00,1993,12,2,18,754855200,17.052317364311392,3.9597141448345,99.77665955407922,0.10065253323960373,0.0,0.12956264646817797,0.519881731297047
1993-12-03 00:00:00,1993,12,3,0,754876800,14.71868734674622,3.302097536584399,99.37622532875821,0.28813539268583,0.0,0.1075850394702752,0.4621531667998024
1993-12-03 06:00:00,1993,12,3,6,754898400,18.796201955571185,3.9770372549339372,99.57093945005377,0.988665801733928,0.0,0.09649430765771412,0.5268488925399993
1993-12-03 12:00:00,1993,12,3,12,754920000,21.884191449501817,3.059781340312788,99.46289508092198,13.241736448542738,0.0,0.11364311648522694,0.47331222421089886
1993-12-03 18:00:00,1993,12,3,18,754941600,19.176788255470036,8.210551214068309,99.47398729575984,0.26737898651264186,0.0,0.13423341382126805,0.48290935614166636
1993-12-04 00:00:00,1993,12,4,0,754963200,14.491024157530228,8.094562669712635,99.08503278283352,0.7180985876431871,0.0,0.08,0.4803194702276826
1993-12-04 06:00:00,1993,12,4,6,754984800,16.140036324911875,3.887085318021896,99.17086232765533,0.40112313611051853,0.0,0.09139337505367018,0.446789146577824
1993-12-04 12:00:00,1993,12,4,12,755006400,22.34330380775778,3.725357088013774,99.56497869838243,13.396692769198179,0.0,0.16772197792943636,0.4839517054507203
1993-12-04 18:00:00,1993,12,4,18,755028000,16.28589530219499,3.0220866187470334,99.60261242368438,0.8379304736797969,3.9537182058633342,0.16328326742260882,0.5089257479698895
1993-12-05 00:00:00,1993,12,5,0,755049600,13.640883022233158,3.375966911892471,99.9393130256754,0.6483453329147165,0.0,0.14253604891128968,0.5061219911299257
1993-12-05 06:00:00,1993,12,5,6,755071200,19.299544593548333,3.0035926091121183,98.74705038265976,0.3382533514322843,0.0,0.10641678324326194,0.4730417482199451
1993-12-05 12:00:00,1993,12,5,12,755092800,21.849340800565187,3.7858353798711324,99.38016880030501,14.047355534689318,0.0,0.11318956111652724,0.5199337739919848
1993-12-05 18:00:00,1993,12,5,18,755114400,16.140331271946952,3.6806300953797058,99.22723913869503,0.594231285313361,0.0,0.0909112446976743,0.519986846510177
1993-12-06 00:00:00,1993,12,6,0,755136000,11.046894935535489,3.702989900658042,99.738490462961,0.4872144094999368,0.0,0.12071530099976774,0.49906857210420413
1993-12-06 06:00:00,1993,12,6,6,755157600,15.650227291879789,3.869192247890174,99.04985183882438,0.8769405238388622,0.0,0.11960511558438881,0.476212070084721
1993-12-06 12:00:00,1993,12,6,12,755179200,24.971509809416723,4.046812712469241,99.6794681264712,13.576091170114347,0.0,0.09844244613702309,0.4851702240267036
1993-12-06 18:00:00,1993,12,6,18,755200800,15.095627356731688,3.336144441427053,99.26902183200592,0.8586519136602075,0.0,0.1027715435402083,0.43773524059296287
1993-12-07 00:00:00,1993,12,7,0,755222400,13.43297871206124,3.7103531952885516,99.71963872396037,0.5337224354229542,0.0,0.08,0.4731884061292388
1993-12-07 06:00:00,1993,12,7,6,755244000,20.557666528874897,11.982333504953825,99.03358611943978,0.11604552036129323,0.0,0.08,0.501127687469046
1993-12-07 12:00:00,1993,12,7,12,755265600,23.23153479664404,4.623262197384367,99.8193556793988,13.492041491427928,0.0,0.08974567858140027,0.46713435784683655
1993-12-07 18:00:00,1993,12,7,18,755287200,17.228855810796627,4.496689627755858,99.26050935988313,0.12703879981671434,0.0,0.10703743859832024,0.4590869183345952
1993-12-08 00:00:00,1993,12,8,0,755308800,13.25152714922558,3.272733934290729,99.51773274491191,0.9816477897108773,0.0,0.08,0.41065441057916796
1993-12-08 06:00:00,1993,12,8,6,755330400,16.547810600187784,4.120263735497369,99.2973310408997,0.3352347579528636,0.0,0.10423355667554701,0.4733949239069805
1993-12-08 12:00:00,1993,12,8,12,755352000,22.234541159766714,5.7151252545792275,99.71407368638219,13.412133792864896,8.080541111861756,0.18275343481397244,0.4496310569905453
1993-12-08 18:00:00,1993,12,8,18,755373600,21.854659881307356,4.978233110334443,99.24901487120113,0.7722821707677274,0.0,0.10773398957912893,0.47789660132378853
1993-12-09 00:00:00,1993,12,9,0,755395200,14.66506195186668,5.708567582364762,99.14096500106444,0.28646745893350056,0.0,0.11029796740479156,0.4378060475889892
1993-12-09 06:00:00,1993,12,9,6,755416800,16.83924461649636,8.061815575385578,99.66957537418715,0.4038847849938372,11.546301271347357,0.2267830171157989,0.4361519493792909
1993-12-09 12:00:00,1993,12,9,12,755438400,25.028343982611577,4.31342220515668,99.32717551329205,13.70135466807777,0.0,0.1152217859455216,0.45023827524793314
1993-12-09 18:00:00,1993,12,9,18,755460000,19.176374615024258,4.6729299860479045,99.17144550745638,0.882482675884615,0.0,0.12742520960138884,0.4556134866478703
1993-12-10 00:00:00,1993,12,10,0,755481600,11.613157843165515,3.1115286156770936,99.31536372262376,0.165026442913491,0.0,0.08,0.4634804287719796
1993-12-10 06:00:00,1993,12,10,6,755503200,16.489123193444208,4.718323825799162,99.1917167790087,0.6268679597674177,0.0,0.08,0.45143980925711763
1993-12-10 12:00:00,1993,12,10,12,755524800,23.265039068358533,4.833236436904024,99.89361170260541,14.036632114072756,0.0,0.08,0.44638668865161846
1993-12-10 18:00:00,1993,12,10,18,755546400,18.95005238490266,3.1090054005314953,99.50050475577953,0.19142103334200272,0.0,0.08,0.452496302787491
1993-12-11 00:00:00,1993,12,11,0,755568000,12.662250174717778,4.063099275960806,99.27145557056977,0.2765696549890645,0.0,0.14807747692918016,0.4748649893918288
1993-12-11 06:00:00,1993,12,11,6,755589600,20.93400596317496,3.1817027678460517,99.3701365801762,0.05544243096536772,0.0,0.08163874829487684,0.4470229314094262
1993-12-11 12:00:00,1993,12,11,12,755611200,23.917142280625953,3.5432614882586124,99.08508780496474,13.470113172626453,0.0,0.1325250431422399,0.43848502480984375
1993-12-11 18:00:00,1993,12,11,18,755632800,18.64141937187606,4.830002705457439,99.5627554965091,0.18712532389962727,0.0,0.12235173422068817,0.4419707504125054
1993-12-12 00:00:00,1993,12,12,0,755654400,11.511632590655665,5.906459477979967,98.77157162290659,0.7495515242312374,0.0,0.08,0.4770940191530068
1993-12-12 06:00:00,1993,12,12,6,755676000,18.45908383234183,3.699069149018289,99.45384608255925,0.142969603170927,0.0,0.0883269726626736,0.4070329706896141
1993-12-12 12:00:00,1993,12,12,12,755697600,23.252587436623834,3.216931332213683,99.69635234952808,13.512945965574469,0.0,0.1238250204431463,0.4532920232914194
1993-12-12 18:00:00,1993,12,12,18,755719200,18.461557408326996,4.323112127603846,99.01567791995359,0.5585130712052134,0.0,0.09196462724678967,0.4377233617437109
1993-12-13 00:00:00,1993,12,13,0,755740800,12.11429016125287,3.8447051066257094,99.61293409661738,0.7445910559157047,3.824706740806239,0.13280324724497394,0.47280948237410103
1993-12-13 06:00:00,1993,12,13,6,755762400,17.249033848754564,4.5698528237667215,99.28349361026058,0.24937153408870605,0.0,0.12423959844463103,0.41249182274706614
1993-12-13 12:00:00,1993,12,13,12,755784000,21.237853951371005,7.777146749781249,99.74803225935008,13.186139726827443,0.0,0.11067446050383023,0.42160295924732755
1993-12-13 18:00:00,1993,12,13,18,755805600,18.818138530219333,4.195500053749434,99.51216537762772,0.13385680278797668,0.0,0.15027399231599345,0.4129129701879146
1993-12-14 00:00:00,1993,12,14,0,755827200,10.574463253797996,3.274604158615113,99.28711025747336,0.02758015690857507,0.0,0.08,0.44894509413209305
1993-12-14 06:00:00,1993,12,14,6,755848800,17.81559667940761,6.530870121934173,99.4915896093396,0.9877476924210162,0.0,0.1246344132771203,0.4510549853605404
1993-12-14 12:00:00,1993,12,14,12,755870400,21.53708258834431,4.824943089785998,99.52176507507029,13.08126579872449,0.0,0.08,0.4663098983325493
1993-12-14 18:00:00,1993,12,14,18,755892000,17.639114767707497,3.308721958776107,99.10764863597302,0.5262947179223635,0.0,0.08,0.4620490597440285
1993-12-15 00:00:00,1993,12,15,0,755913600,13.246699618043175,4.5058252231154565,99.29637951464166,0.7806087773634117,0.0,0.08,0.40631189989760597
1993-12-15 06:00:00,1993,12,15,6,755935200,17.508896282166337,6.322043550366029,99.61162579025617,0.43691396007398364,0.0,0.08,0.4541237980307233
1993-12-15 12:00:00,1993,12,15,12,755956800,21.157331398939093,3.3845615994051013,99.82489468420634,13.550894974428253,0.0,0.09432455654976406,0.480961985474761
1993-12-15 18:00:00,1993,12,15,18,755978400,17.71680040633741,3.458818716202397,99.07206712506103,0.16782660337725178,0.0,0.08079743889611386,0.3766348500093463
1993-12-16 00:00:00,1993,12,16,0,756000000,12.81524033400523,5.910945722245311,99.38254401708282,0.44905986527007136,0.0,0.08,0.4161878477160398
1993-12-16 06:00:00,1993,12,16,6,756021600,19.842924987359943,5.966297867932095,99.39053763553314,0.3329055738002107,0.0,0.08,0.44204998654293326
1993-12-16 12:00:00,1993,12,16,12,756043200,21.870899317023213,4.353173721428339,99.68558097973415,13.84186749393701,0.0,0.08,0.41611364976921256
1993-12-16 18:00:00,1993,12,16,18,756064800,14.565238047082195,6.219228034036371,99.46948767910757,0.38436464118865316,0.0,0.09661994127290383,0.4187344157815486
1993-12-17 00:00:00,1993,12,17,0,756086400,14.501621905725209,4.07364444744955,99.24025233928,0.1817570471785105,0.0,0.09698830790885579,0.4927078815374226
1993-12-17 06:00:00,1993,12,17,6,756108000,17.922824686497982,5.916054169374222,99.00824978578319,0.17425242059397184,0.0,0.08,0.41825955111839286
1993-12-17 12:00:00,1993,12,17,12,756129600,22.10181300521179,3.659854491578067,99.42966553863344,13.602403139585876,0.0,0.08,0.40485365630200715
1993-12-17 18:00:00,1993,12,17,18,756151200,17.77818899639929,7.988839905865518,99.16164157895753,0.24430928609346628,0.0,0.08,0.37809160003644826
1993-12-18 00:00:00,1993,12,18,0,756172800,12.250916558784004,7.773454262344805,99.58201252424901,0.8058298270755007,0.0,0.08,0.3645719832669769
1993-12-18 06:00:00,1993,12,18,6,756194400,18.154104641045073,7.051368510606125,99.77092613600698,0.4285723787614959,0.0,0.08,0.37343969634526747
1993-12-18 12:00:00,1993,12,18,12,756216000,22.661150809470335,5.332186170530859,99.8402173378506,13.336204004555787,0.0,0.12378916699520219,0.39858603694116523
1993-12-18 18:00:00,1993,12,18,18,756237600,15.443428229407406,4.669757958083262,99.32714706461006,0.9064034314493192,0.0,0.08,0.3946116459510361
1993-12-19 00:00:00,1993,12,19,0,756259200,14.21972480629006,4.399823007927307,98.87287720834726,0.1826651798962009,0.0,0.08,0.46866898597108075
1993-12-19 06:00:00,1993,12,19,6,756280800,15.987678185065139,4.906160157169737,99.41067130954195,0.5921562554456566,0.0,0.08,0.3877126002397841
1993-12-19 12:00:00,1993,12,19,12,756302400,24.23980181209786,4.217221686699183,99.52021264773464,13.560436420087303,0.0,0.08,0.3641335883978971
1993-12-19 18:00:00,1993,12,19,18,756324000,16.42799773189268,6.466652885494831,99.18747507237026,0.9062510275509945,0.0,0.08023221794654582,0.42028042421934564
1993-12-20 00:00:00,1993,12,20,0,756345600,11.519132654949825,3.821071243128467,99.26374722112773,0.9223719404173913,0.0,0.08,0.4038333708407998
1993-12-20 06:00:00,1993,12,20,6,756367200,19.17290210927111,4.016025613628787,99.38099515395417,0.3688328261306998,0.0,0.08,0.39086521892071413
1993-12-20 12:00:00,1993,12,20,12,756388800,22.72109998736792,3.722650092658284,99.69968480431108,13.270223886541851,0.0,0.10428266079494419,0.3689947255081826
1993-12-20 18:00:00,1993,12,20,18,756410400,15.314455461662071,4.3538729775737295,99.25821100962129,0.27627707517630645,0.0,0.10987071232862694,0.369740735223088
1993-12-21 00:00:00,1993,12,21,0,756432000,10.473311682329888,7.758868710319167,98.93461706710681,0.15712203658665147,0.0,0.0825571757446782,0.4267900282268865
1993-12-21 06:00:00,1993,12,21,6,756453600,17.370322668512976,3.497143978888395,99.25753621275291,0.19420389873339217,0.0,0.10533920305113992,0.4248061615233197
1993-12-21 12:00:00,1993,12,21,12,756475200,22.605010032168106,3.7714284154707953,99.47131266881136,13.385770697268242,0.0,0.08128895860571013,0.4399745269499082
1993-12-21 18:00:00,1993,12,21,18,756496800,15.842809378119387,4.348055937757533,99.37192169966394,0.08929136453252888,0.0,0.09033999877352447,0.41885581588876425
1993-12-22 00:00:00,1993,12,22,0,756518400,13.851446767170707,3.482464861334306,99.18759398193144,0.9234640608505738,0.0,0.08,0.3927289315855396
1993-12-22 06:00:00,1993,12,22,6,756540000,17.973194242951248,5.490486069403341,99.53852269982507,0.051066026285545574,0.0,0.08,0.40217702104050435
1993-12-22 12:00:00,1993,12,22,12,756561600,24.129034531352282,6.137232089014844,99.85411519359464,13.873270638090629,0.0,0.08050392447342901,0.44097991921739876
1993-12-22 18:00:00,1993,12,22,18,756583200,15.481284831748988,4.211234294661927,99.05505240793607,0.018239103232882952,0.0,0.08684891105216937,0.36494056425668175
1993-12-23 00:00:00,1993,12,23,0,756604800,12.087042923505209,4.046163692712892,100.03356476192077,0.06354032430781709,0.0,0.08,0.33845415396009293
1993-12-23 06:00:00,1993,12,23,6,756626400,18.569990415847066,4.669391743133406,99.45292231445103,0.18201770875275225,0.0,0.08,0.4133708816971565
1993-12-23 12:00:00,1993,12,23,12,756648000,21.029173725362675,3.426166003906985,99.45931695202466,13.80676242171438,0.0,0.09583684589877826,0.3765373532395168
1993-12-23 18:00:00,1993,12,23,18,756669600,17.637809411819426,6.75438493225866,99.17094349499354,0.9327150216855346,0.0,0.08,0.38084158189906625
1993-12-24 00:00:00,1993,12,24,0,756691200,10.550330458441946,4.608345834994863,99.50484071253932,0.8806745523494907,0.0,0.08999264982526453,0.3653429047962954
1993-12-24 06:00:00,1993,12,24,6,756712800,16.18107519668786,3.705805291551146,99.53741187924277,0.8565464212347941,0.0,0.08,0.41992250532729497
1993-12-24 12:00:00,1993,12,24,12,756734400,24.69232933641303,3.8024992348438738,99.20365424777782,13.080044100353867,0.0,0.08,0.3638000323231387
1993-12-24 18:00:00,1993,12,24,18,756756000,19.623097474773253,5.481592747786987,99.54960811491364,0.40903330264869237,0.0,0.08,0.3965429768252941
1993-12-25 00:00:00,1993,12,25,0,756777600,15.918530826264071,4.266723612245066,99.25087454584816,0.02736671273375335,0.0,0.08,0.4101236391772206
1993-12-25 06:00:00,1993,12,25,6,756799200,16.023655125627783,3.500215439471457,99.60033135880525,0.2506381051499398,0.0,0.09849391978309344,0.3690452948845873
1993-12-25 12:00:00,1993,12,25,12,756820800,23.809430153116022,5.26289271698737,99.43447752436428,13.087824505565893,0.0,0.08,0.34601496188698955
1993-12-25 18:00:00,1993,12,25,18,756842400,16.54847526980073,5.731777308867606,99.51819656406612,0.42745122412861597,0.0,0.08,0.3810420682361822
1993-12-26 00:00:00,1993,12,26,0,756864000,14.425291020221186,4.607752105740399,99.94980566320895,0.7981373347813177,0.0,0.1024325148264007,0.320554624031939
1993-12-26 06:00:00,1993,12,26,6,756885600,18.066436964896383,6.262249142932055,99.59619037868904,0.29460668188297623,0.0,0.08,0.3448466455818666
1993-12-26 12:00:00,1993,12,26,12,756907200,21.835541920394743,3.529155827807245,99.24527232786257,13.452583941697206,0.0,0.08,0.33289269013189465
1993-12-26 18:00:00,1993,12,26,18,756928800,18.66340882696708,3.812883918732846,99.8319291502721,0.09149613623584134,0.0,0.08,0.36548042593525
1993-12-27 00:00:00,1993,12,27,0,756950400,9.98878280434434,10.667938396141954,99.66363590656363,0.7075088744269409,0.0,0.08,0.3762133714241319
1993-12-27 06:00:00,1993,12,27,6,756972000,19.072870797738815,6.970903512139701,99.18011217413574,0.1714791588678315,0.0,0.08,0.36278796520506285
1993-12-27 12:00:00,1993,12,27,12,756993600,21.049255027053576,4.46206949167068,99.88000811710276,13.08459239709337,0.0,0.08,0.3864404873848134
1993-12-27 18:00:00,1993,12,27,18,757015200,16.356329137436095,4.119308910975222,99.32036022689627,0.033684798014384995,0.0,0.08,0.36234808627066156
1993-12-28 00:00:00,1993,12,28,0,757036800,13.066596212946667,3.9557341111892694,99.88309912036875,0.33114552024583754,0.0,0.08,0.3071536691162002
1993-12-28 06:00:00,1993,12,28,6,757058400,16.112665006034973,3.9422208268097547,99.56284858364612,0.6510036633999138,0.0,0.08,0.32356802085775555
1993-12-28 12:00:00,1993,12,28,12,757080000,23.27935306597179,4.828198801564378,99.49856083293686,14.01001465808412,0.0,0.08,0.44483666523620774
1993-12-28 18:00:00,1993,12,28,18,757101600,17.626517388491894,5.151450076681996,99.80044671216534,0.5871301690922369,0.0,0.09518826185823391,0.3737917464786082
1993-12-29 00:00:00,1993,12,29,0,757123200,12.07677758244711,5.677704862009082,98.92834490270057,0.7644706659663332,0.0,0.08,0.3581378139537316
1993-12-29 06:00:00,1993,12,29,6,757144800,18.464854522325588,4.01050709547585,99.33958988654884,0.5090587314631452,0.0,0.08,0.32213315057429764
1993-12-29 12:00:00,1993,12,29,12,757166400,22.384214440532233,3.819311665377939,99.37213439314854,14.036998980658108,0.0,0.08,0.3885795970574752
1993-12-29 18:00:00,1993,12,29,18,757188000,18.038685225762194,5.492763042486891,99.60433713377823,0.5466989905141537,0.0,0.11283999399802525,0.35097518831996194
1993-12-30 00:00:00,1993,12,30,0,757209600,13.81680821564127,3.653643766931871,99.34905558022729,0.257785311760236,0.0,0.08,0.3588969533764855
1993-12-30 06:00:00,1993,12,30,6,757231200,16.683162180169408,5.606024512663229,99.87823197956901,0.7404440263233115,0.0,0.08797657324260047,0.3402086948932952
1993-12-30 12:00:00,1993,12,30,12,757252800,21.179574350448146,4.403439316826324,99.76848747260935,13.783186091807842,0.0,0.08,0.3117812276357401
1993-12-30 18:00:00,1993,12,30,18,757274400,16.51971412286133,11.882239084453737,99.67514849759407,0.35086488891283635,11.330789777800224,0.11678773410612249,0.3573758682257957
1993-12-31 00:00:00,1993,12,31,0,757296000,14.658046467091895,3.671463412736414,99.04562127338362,0.8245552425617317,0.0,0.08,0.3061599081584716
1993-12-31 06:00:00,1993,12,31,6,757317600,14.784790198815418,4.888553012679853,99.70068706811583,0.8190241066115345,0.0,0.08,0.3139837315248696
1993-12-31 12:00:00,1993,12,31,12,757339200,19.45155316909949,6.880408799285002,99.33564554793479,13.143392709504722,0.0,0.08,0.3612558412553668
1993-12-31 18:00:00,1993,12,31,18,757360800,17.863000654332996,6.448110099433409,99.21170182101955,0.4372863154173145,0.0,0.08,0.33028302137109505
