datetime,month,day,hour,actual_modis_et_mm,predicted_modis_et_mm,residual_error,abs_error
2000-01-02 00:00:00,1,2,0,2.380293333376318,2.3940236261304317,-0.013730292754113638,0.013730292754113638
2000-01-02 06:00:00,1,2,6,2.912334481789088,2.939457232873826,-0.02712275108473783,0.02712275108473783
2000-01-02 12:00:00,1,2,12,5.100389896211965,4.937311405923954,0.1630784902880107,0.1630784902880107
2000-01-02 18:00:00,1,2,18,2.829180826252769,2.970750668413667,-0.14156984216089796,0.14156984216089796
2000-01-03 00:00:00,1,3,0,2.259542603384426,2.324233252660598,-0.06469064927617207,0.06469064927617207
2000-01-03 06:00:00,1,3,6,2.3863907244883142,2.7846002698994763,-0.39820954541116205,0.39820954541116205
2000-01-03 12:00:00,1,3,12,5.116141946583268,4.793325511196484,0.32281643538678395,0.32281643538678395
2000-01-03 18:00:00,1,3,18,2.6216269380948054,2.8249478337978053,-0.20332089570299994,0.20332089570299994
2000-01-04 00:00:00,1,4,0,2.5407320640845708,2.4649115417303493,0.07582052235422143,0.07582052235422143
2000-01-04 06:00:00,1,4,6,2.542263891434141,2.577132437259325,-0.03486854582518406,0.03486854582518406
2000-01-04 12:00:00,1,4,12,4.838193763995491,4.837532063492772,0.0006617005027189649,0.0006617005027189649
2000-01-04 18:00:00,1,4,18,2.8984643345965218,2.7737080410279322,0.12475629356858953,0.12475629356858953
2000-01-05 00:00:00,1,5,0,2.57355962365366,2.27326396758683,0.3002956560668304,0.3002956560668304
2000-01-05 06:00:00,1,5,6,3.0881596869225376,3.0501775354834337,0.037982151439103884,0.037982151439103884
2000-01-05 12:00:00,1,5,12,4.783326276811111,4.709918129330567,0.07340814748054392,0.07340814748054392
2000-01-05 18:00:00,1,5,18,2.616488361389578,2.636808561885999,-0.020320200496420693,0.020320200496420693
2000-01-06 00:00:00,1,6,0,3.138057157311797,2.8918437644521244,0.24621339285967236,0.24621339285967236
2000-01-06 06:00:00,1,6,6,2.6172586614947684,2.7258536780686575,-0.10859501657388915,0.10859501657388915
2000-01-06 12:00:00,1,6,12,5.036607503655312,4.8557246238531935,0.1808828798021187,0.1808828798021187
2000-01-06 18:00:00,1,6,18,2.9336413969688624,2.7722851732495086,0.16135622371935376,0.16135622371935376
2000-01-07 00:00:00,1,7,0,2.7694477283999124,2.5129440970636643,0.2565036313362481,0.2565036313362481
2000-01-07 06:00:00,1,7,6,2.6793299636365764,2.7778773337780325,-0.09854737014145609,0.09854737014145609
2000-01-07 12:00:00,1,7,12,4.599658712611829,4.657959197066752,-0.05830048445492331,0.05830048445492331
2000-01-07 18:00:00,1,7,18,2.9221387260197846,2.818416301297879,0.10372242472190552,0.10372242472190552
2000-01-08 00:00:00,1,8,0,2.1207657621396176,2.366579040191729,-0.24581327805211117,0.24581327805211117
2000-01-08 06:00:00,1,8,6,3.114539431475954,2.8044756862509646,0.31006374522498925,0.31006374522498925
2000-01-08 12:00:00,1,8,12,4.8067576632182085,4.801056037140061,0.005701626078147726,0.005701626078147726
2000-01-08 18:00:00,1,8,18,3.1510550521832874,3.050513491127686,0.1005415610556013,0.1005415610556013
2000-01-09 00:00:00,1,9,0,2.381812249319108,2.4897006923948366,-0.10788844307572854,0.10788844307572854
2000-01-09 06:00:00,1,9,6,2.4263420573192054,2.7180662053976925,-0.2917241480784871,0.2917241480784871
2000-01-09 12:00:00,1,9,12,4.793842502551614,4.941778157384431,-0.1479356548328168,0.1479356548328168
2000-01-09 18:00:00,1,9,18,2.7774193848229785,2.7111378805736273,0.0662815042493512,0.0662815042493512
2000-01-10 00:00:00,1,10,0,2.688040070648354,2.485829000063456,0.20221107058489762,0.20221107058489762
2000-01-10 06:00:00,1,10,6,2.4406954890951247,2.512049320649327,-0.07135383155420216,0.07135383155420216
2000-01-10 12:00:00,1,10,12,4.689730509525987,4.624472188189661,0.06525832133632559,0.06525832133632559
2000-01-10 18:00:00,1,10,18,2.665128528731691,2.695353112972097,-0.03022458424040586,0.03022458424040586
2000-01-11 00:00:00,1,11,0,2.540493770169076,2.4419420781582484,0.09855169201082781,0.09855169201082781
2000-01-11 06:00:00,1,11,6,2.9824183937969693,2.705309642995368,0.27710875080160147,0.27710875080160147
2000-01-11 12:00:00,1,11,12,4.966034981010613,4.862604788670388,0.10343019234022499,0.10343019234022499
2000-01-11 18:00:00,1,11,18,3.0144916932303185,2.8730538068120675,0.14143788641825106,0.14143788641825106
2000-01-12 00:00:00,1,12,0,2.2743596653270908,2.2452128045806394,0.029146860746451342,0.029146860746451342
2000-01-12 06:00:00,1,12,6,2.4523303180184266,2.706783657593405,-0.2544533395749782,0.2544533395749782
2000-01-12 12:00:00,1,12,12,4.50345059822836,4.686529482686418,-0.18307888445805798,0.18307888445805798
2000-01-12 18:00:00,1,12,18,2.974379308152092,2.8844165557775616,0.08996275237453055,0.08996275237453055
2000-01-13 00:00:00,1,13,0,2.51482301587894,2.4948428689867534,0.019980146892186745,0.019980146892186745
2000-01-13 06:00:00,1,13,6,2.5683128185387467,2.5806975335532836,-0.012384715014536862,0.012384715014536862
2000-01-13 12:00:00,1,13,12,5.197284752121319,4.903294709222451,0.29399004289886754,0.29399004289886754
2000-01-13 18:00:00,1,13,18,2.920545669262176,2.8082834116251036,0.11226225763707243,0.11226225763707243
2000-01-14 00:00:00,1,14,0,2.6602788667485,2.432599609332339,0.22767925741616102,0.22767925741616102
2000-01-14 06:00:00,1,14,6,2.806064596981171,2.7181524893770823,0.08791210760408852,0.08791210760408852
2000-01-14 12:00:00,1,14,12,4.779799694707656,4.982554884618892,-0.20275518991123587,0.20275518991123587
2000-01-14 18:00:00,1,14,18,2.628115426085627,2.6636387561163097,-0.035523330030682754,0.035523330030682754
2000-01-15 00:00:00,1,15,0,2.006099704508101,2.22074860726689,-0.214648902758789,0.214648902758789
2000-01-15 06:00:00,1,15,6,3.0782077616385366,2.7575317431304343,0.32067601850810235,0.32067601850810235
2000-01-15 12:00:00,1,15,12,4.94632300192248,4.777545745143696,0.1687772567787844,0.1687772567787844
2000-01-15 18:00:00,1,15,18,3.002380124660191,2.9125366837901105,0.08984344087008056,0.08984344087008056
2000-01-16 00:00:00,1,16,0,2.5934467591439576,2.410710013623009,0.18273674552094876,0.18273674552094876
2000-01-16 06:00:00,1,16,6,2.3175715124592267,2.703024426361619,-0.38545291390239234,0.38545291390239234
2000-01-16 12:00:00,1,16,12,5.322473230588008,5.170594084351936,0.15187914623607224,0.15187914623607224
2000-01-16 18:00:00,1,16,18,2.410352932569361,2.681716691444358,-0.2713637588749971,0.2713637588749971
2000-01-17 00:00:00,1,17,0,2.5792041292091605,2.5843683754871143,-0.005164246277953755,0.005164246277953755
2000-01-17 06:00:00,1,17,6,2.953040777910447,3.0187053608014054,-0.06566458289095856,0.06566458289095856
2000-01-17 12:00:00,1,17,12,4.955742254017202,4.878907340910028,0.07683491310717372,0.07683491310717372
2000-01-17 18:00:00,1,17,18,3.0140429970803253,2.9839512877485115,0.03009170933181382,0.03009170933181382
2000-01-18 00:00:00,1,18,0,2.562112456427811,2.32864312672058,0.23346932970723122,0.23346932970723122
2000-01-18 06:00:00,1,18,6,2.4221704045697026,2.5733984400660153,-0.1512280354963127,0.1512280354963127
2000-01-18 12:00:00,1,18,12,5.104536013800685,4.895943293445658,0.20859272035502663,0.20859272035502663
2000-01-18 18:00:00,1,18,18,2.785594196037644,2.7442592741008998,0.04133492193674426,0.04133492193674426
2000-01-19 00:00:00,1,19,0,1.8868097391231504,2.151832350121748,-0.26502261099859736,0.26502261099859736
2000-01-19 06:00:00,1,19,6,2.6700693853146733,2.858880701489744,-0.18881131617507085,0.18881131617507085
2000-01-19 12:00:00,1,19,12,4.30837829264207,4.52301249980004,-0.2146342071579701,0.2146342071579701
2000-01-19 18:00:00,1,19,18,2.977262852353469,2.782220320936604,0.19504253141686512,0.19504253141686512
2000-01-20 00:00:00,1,20,0,2.3541881137920218,2.272644573474237,0.08154354031778466,0.08154354031778466
2000-01-20 06:00:00,1,20,6,2.2854043222109257,2.5421798318329594,-0.25677550962203366,0.25677550962203366
2000-01-20 12:00:00,1,20,12,5.032463931136546,4.963212876060985,0.0692510550755614,0.0692510550755614
2000-01-20 18:00:00,1,20,18,2.8944296724716088,2.5699486259347566,0.32448104653685217,0.32448104653685217
2000-01-21 00:00:00,1,21,0,2.2051020758427486,2.1609621756573105,0.04413990018543812,0.04413990018543812
2000-01-21 06:00:00,1,21,6,2.710067304471817,2.7567096608968615,-0.04664235642504444,0.04664235642504444
2000-01-21 12:00:00,1,21,12,5.135298772330866,5.047313560748147,0.08798521158271821,0.08798521158271821
2000-01-21 18:00:00,1,21,18,2.918987011717129,2.7257859760653154,0.19320103565181368,0.19320103565181368
2000-01-22 00:00:00,1,22,0,2.082611844926445,2.152991194498456,-0.07037934957201131,0.07037934957201131
2000-01-22 06:00:00,1,22,6,2.5506669682586987,2.4997486904241,0.05091827783459868,0.05091827783459868
2000-01-22 12:00:00,1,22,12,4.906672243937517,4.910661872422461,-0.003989628484943886,0.003989628484943886
2000-01-22 18:00:00,1,22,18,3.028034389631959,2.9125779173740303,0.11545647225792877,0.11545647225792877
2000-01-23 00:00:00,1,23,0,2.183783851397491,2.159039984751826,0.024743866645665413,0.024743866645665413
2000-01-23 06:00:00,1,23,6,2.794152856702296,2.704652712599058,0.08950014410323837,0.08950014410323837
2000-01-23 12:00:00,1,23,12,4.531353194565939,4.714543142376745,-0.18318994781080633,0.18318994781080633
2000-01-23 18:00:00,1,23,18,2.7323497127880976,2.8674363222099397,-0.13508660942184214,0.13508660942184214
2000-01-24 00:00:00,1,24,0,2.498552032228387,2.312956717130933,0.18559531509745408,0.18559531509745408
2000-01-24 06:00:00,1,24,6,2.560790691646942,2.6004531078005075,-0.039662416153565694,0.039662416153565694
2000-01-24 12:00:00,1,24,12,4.82998906691533,4.794606560973961,0.03538250594136816,0.03538250594136816
2000-01-24 18:00:00,1,24,18,2.3688842822958267,2.496083969485168,-0.1271996871893415,0.1271996871893415
2000-01-25 00:00:00,1,25,0,2.637884370079499,2.5351774491270045,0.10270692095249467,0.10270692095249467
2000-01-25 06:00:00,1,25,6,2.704654030830624,2.841188381618311,-0.13653435078768705,0.13653435078768705
2000-01-25 12:00:00,1,25,12,4.846145400096822,4.869970678420632,-0.023825278323809762,0.023825278323809762
2000-01-25 18:00:00,1,25,18,2.6307203300493787,2.5107912840048727,0.11992904604450594,0.11992904604450594
2000-01-26 00:00:00,1,26,0,2.377001606106216,2.205202126028092,0.17179948007812396,0.17179948007812396
2000-01-26 06:00:00,1,26,6,2.527489916828781,2.635132640623824,-0.1076427237950428,0.1076427237950428
2000-01-26 12:00:00,1,26,12,5.168141500010963,4.801891756023624,0.3662497439873391,0.3662497439873391
2000-01-26 18:00:00,1,26,18,2.742134261756249,2.6925237592504474,0.04961050250580179,0.04961050250580179
2000-01-27 00:00:00,1,27,0,2.1981457665842883,2.365947619793093,-0.1678018532088048,0.1678018532088048
2000-01-27 06:00:00,1,27,6,2.66799746409451,2.6192462572968225,0.04875120679768763,0.04875120679768763
2000-01-27 12:00:00,1,27,12,4.893877674263311,4.919039537579557,-0.025161863316245814,0.025161863316245814
2000-01-27 18:00:00,1,27,18,2.7998959334246547,2.6925135268482814,0.10738240657637332,0.10738240657637332
2000-01-28 00:00:00,1,28,0,2.133018176379962,2.214451515209495,-0.08143333882953296,0.08143333882953296
2000-01-28 06:00:00,1,28,6,2.5743998100607297,2.5678447909970608,0.006555019063668954,0.006555019063668954
2000-01-28 12:00:00,1,28,12,4.297895347522962,4.5673917294154505,-0.2694963818924885,0.2694963818924885
2000-01-28 18:00:00,1,28,18,2.7434223717306327,2.5297296803828235,0.21369269134780922,0.21369269134780922
2000-01-29 00:00:00,1,29,0,2.0771804530692006,2.28009654749636,-0.20291609442715952,0.20291609442715952
2000-01-29 06:00:00,1,29,6,2.797199400840596,2.900022972524045,-0.10282357168344936,0.10282357168344936
2000-01-29 12:00:00,1,29,12,4.721880241010074,4.754871203465874,-0.03299096245580024,0.03299096245580024
2000-01-29 18:00:00,1,29,18,3.1094650181175414,2.8434480912170286,0.2660169269005128,0.2660169269005128
2000-01-30 00:00:00,1,30,0,2.0157149536251184,2.147376615627685,-0.13166166200256635,0.13166166200256635
2000-01-30 06:00:00,1,30,6,2.6309639132645244,2.5275960172454637,0.10336789601906071,0.10336789601906071
2000-01-30 12:00:00,1,30,12,5.094219237370041,4.912934704904739,0.18128453246530185,0.18128453246530185
2000-01-30 18:00:00,1,30,18,2.967149837158375,2.845855677986953,0.12129415917142206,0.12129415917142206
2000-01-31 00:00:00,1,31,0,2.2652626276088594,2.276598755927609,-0.011336128318749417,0.011336128318749417
2000-01-31 06:00:00,1,31,6,2.2216505392716948,2.5107503692913804,-0.28909983001968564,0.28909983001968564
2000-01-31 12:00:00,1,31,12,4.409829610255384,4.9010574125611,-0.4912278023057155,0.4912278023057155
2000-01-31 18:00:00,1,31,18,2.333196734737596,2.4591857609736096,-0.1259890262360135,0.1259890262360135
2000-02-01 00:00:00,2,1,0,2.6551308915975627,2.3721842494735186,0.2829466421240441,0.2829466421240441
2000-02-01 06:00:00,2,1,6,2.8154349502776896,2.952518506607619,-0.1370835563299293,0.1370835563299293
2000-02-01 12:00:00,2,1,12,4.637976589268793,4.565196914712133,0.07277967455666001,0.07277967455666001
2000-02-01 18:00:00,2,1,18,2.437466870384067,2.677010134572908,-0.23954326418884087,0.23954326418884087
2000-02-02 00:00:00,2,2,0,2.601837544704426,2.5577446129561205,0.04409293174830564,0.04409293174830564
2000-02-02 06:00:00,2,2,6,2.7257729149895105,2.590371041132225,0.13540187385728553,0.13540187385728553
2000-02-02 12:00:00,2,2,12,4.587885021035218,4.683083944013994,-0.09519892297877597,0.09519892297877597
2000-02-02 18:00:00,2,2,18,2.5216616742137754,2.5089821783356254,0.012679495878149982,0.012679495878149982
2000-02-03 00:00:00,2,3,0,2.10920558135809,2.14521414279319,-0.036008561435100006,0.036008561435100006
2000-02-03 06:00:00,2,3,6,2.986422055294731,2.867120245808641,0.11930180948609026,0.11930180948609026
2000-02-03 12:00:00,2,3,12,4.811491372273932,4.777536509710414,0.033954862563517985,0.033954862563517985
2000-02-03 18:00:00,2,3,18,3.026147368679375,2.963270636805263,0.06287673187411214,0.06287673187411214
2000-02-04 00:00:00,2,4,0,2.350973939350011,2.0808938429324777,0.27008009641753317,0.27008009641753317
2000-02-04 06:00:00,2,4,6,2.8024269994526203,2.6798962735114573,0.12253072594116299,0.12253072594116299
2000-02-04 12:00:00,2,4,12,4.661749165078144,4.859271168996063,-0.19752200391791863,0.19752200391791863
2000-02-04 18:00:00,2,4,18,2.560131727318868,2.5945972580343146,-0.03446553071544667,0.03446553071544667
2000-02-05 00:00:00,2,5,0,2.238761019361245,2.2956553172601297,-0.056894297898884894,0.056894297898884894
2000-02-05 06:00:00,2,5,6,3.0208829793996457,2.945349433661419,0.07553354573822668,0.07553354573822668
2000-02-05 12:00:00,2,5,12,5.144806236644669,4.668605637105164,0.47620059953950555,0.47620059953950555
2000-02-05 18:00:00,2,5,18,2.636812921187898,2.5524115086115824,0.0844014125763155,0.0844014125763155
2000-02-06 00:00:00,2,6,0,1.8045801120957947,2.1930219507244617,-0.388441838628667,0.388441838628667
2000-02-06 06:00:00,2,6,6,2.496027921141327,2.565615393188727,-0.06958747204740012,0.06958747204740012
2000-02-06 12:00:00,2,6,12,4.300042146018372,4.680885941776732,-0.38084379575836014,0.38084379575836014
2000-02-06 18:00:00,2,6,18,2.5521488818723403,2.627493562560196,-0.07534468068785571,0.07534468068785571
2000-02-07 00:00:00,2,7,0,1.9167732569884424,2.2211760194776904,-0.304402762489248,0.304402762489248
2000-02-07 06:00:00,2,7,6,2.489126158011825,2.6328839328925433,-0.14375777488071817,0.14375777488071817
2000-02-07 12:00:00,2,7,12,4.504103062545527,4.864646495670313,-0.36054343312478654,0.36054343312478654
2000-02-07 18:00:00,2,7,18,2.6192552638033675,2.5571572072919535,0.06209805651141398,0.06209805651141398
2000-02-08 00:00:00,2,8,0,2.2704311313499352,2.2561755814861355,0.014255549863799732,0.014255549863799732
2000-02-08 06:00:00,2,8,6,2.769587460487575,2.6965943538177886,0.07299310666978664,0.07299310666978664
2000-02-08 12:00:00,2,8,12,4.850943784669763,4.913935256931082,-0.06299147226131918,0.06299147226131918
2000-02-08 18:00:00,2,8,18,2.29270948780282,2.566155729570444,-0.273446241767624,0.273446241767624
2000-02-09 00:00:00,2,9,0,2.5291710660940447,2.4162379350235192,0.1129331310705255,0.1129331310705255
2000-02-09 06:00:00,2,9,6,3.0074935975820267,2.65612179370416,0.3513718038778668,0.3513718038778668
2000-02-09 12:00:00,2,9,12,4.724145056023516,4.666616069101252,0.05752898692226349,0.05752898692226349
2000-02-09 18:00:00,2,9,18,2.650379571937,2.7166420873803423,-0.06626251544334227,0.06626251544334227
2000-02-10 00:00:00,2,10,0,1.832979626899088,2.135585848823571,-0.3026062219244827,0.3026062219244827
2000-02-10 06:00:00,2,10,6,2.647912158086439,2.787814070076731,-0.13990191199029223,0.13990191199029223
2000-02-10 12:00:00,2,10,12,5.125383787017978,5.008747920372209,0.11663586664576897,0.11663586664576897
2000-02-10 18:00:00,2,10,18,2.703201614969026,2.4943028679961103,0.20889874697291555,0.20889874697291555
2000-02-11 00:00:00,2,11,0,2.326435195499346,2.2769538486283687,0.04948134687097738,0.04948134687097738
2000-02-11 06:00:00,2,11,6,2.79504614493641,2.623471875933176,0.17157426900323403,0.17157426900323403
2000-02-11 12:00:00,2,11,12,5.02442488513078,4.9222611848130855,0.1021637003176945,0.1021637003176945
2000-02-11 18:00:00,2,11,18,2.917972789087518,2.773231407802136,0.14474138128538172,0.14474138128538172
2000-02-12 00:00:00,2,12,0,2.016434841812878,2.1582082750228726,-0.1417734332099947,0.1417734332099947
2000-02-12 06:00:00,2,12,6,2.5545110946514544,2.5354656965530524,0.019045398098402,0.019045398098402
2000-02-12 12:00:00,2,12,12,4.592117879503572,4.738631446832978,-0.14651356732940624,0.14651356732940624
2000-02-12 18:00:00,2,12,18,2.562691432042466,2.518211837288463,0.04447959475400287,0.04447959475400287
2000-02-13 00:00:00,2,13,0,2.344438815393316,2.3238174103282176,0.02062140506509813,0.02062140506509813
2000-02-13 06:00:00,2,13,6,3.1008545783322794,2.7711495324790802,0.32970504585319915,0.32970504585319915
2000-02-13 12:00:00,2,13,12,4.514914175030331,4.846078945886289,-0.33116477085595797,0.33116477085595797
2000-02-13 18:00:00,2,13,18,2.7911283059955854,2.7098944110481344,0.08123389494745092,0.08123389494745092
2000-02-14 00:00:00,2,14,0,2.5897651627490106,2.317543995664496,0.2722211670845147,0.2722211670845147
2000-02-14 06:00:00,2,14,6,2.940996479588162,2.756055796253283,0.184940683334879,0.184940683334879
2000-02-14 12:00:00,2,14,12,5.055412631609455,4.915066081751627,0.1403465498578278,0.1403465498578278
2000-02-14 18:00:00,2,14,18,3.058326549018642,2.9122191371628974,0.14610741185574483,0.14610741185574483
2000-02-15 00:00:00,2,15,0,2.590145590251064,2.3557752200201914,0.23437037023087282,0.23437037023087282
2000-02-15 06:00:00,2,15,6,2.417084821361589,2.6411700367422277,-0.22408521538063875,0.22408521538063875
2000-02-15 12:00:00,2,15,12,4.547329184449173,4.750849535146479,-0.203520350697306,0.203520350697306
2000-02-15 18:00:00,2,15,18,2.838843743373144,2.8123960812853412,0.026447662087802914,0.026447662087802914
2000-02-16 00:00:00,2,16,0,1.7256455368970536,2.1611644787668833,-0.43551894186982976,0.43551894186982976
2000-02-16 06:00:00,2,16,6,3.0277742877509706,2.7789647061700973,0.2488095815808733,0.2488095815808733
2000-02-16 12:00:00,2,16,12,5.4964785259110505,5.190217952855923,0.30626057305512777,0.30626057305512777
2000-02-16 18:00:00,2,16,18,2.629026398368301,2.711134551405699,-0.08210815303739771,0.08210815303739771
2000-02-17 00:00:00,2,17,0,2.0132329030630807,2.1323840986959626,-0.1191511956328819,0.1191511956328819
2000-02-17 06:00:00,2,17,6,2.710137990084423,2.77333288628219,-0.0631948961977673,0.0631948961977673
2000-02-17 12:00:00,2,17,12,4.904125737720004,4.952633133032089,-0.048507395312085144,0.048507395312085144
2000-02-17 18:00:00,2,17,18,2.9065345107303724,2.8551079007857734,0.05142660994459902,0.05142660994459902
2000-02-18 00:00:00,2,18,0,2.3893591126103817,2.3052874564986947,0.08407165611168699,0.08407165611168699
2000-02-18 06:00:00,2,18,6,2.4862494904836123,2.571746500601943,-0.08549701011833077,0.08549701011833077
2000-02-18 12:00:00,2,18,12,5.10393946486892,4.888490367600313,0.21544909726860695,0.21544909726860695
2000-02-18 18:00:00,2,18,18,2.803921881084236,2.682456242493176,0.12146563859106019,0.12146563859106019
2000-02-19 00:00:00,2,19,0,2.1638861267400498,2.2318526352053416,-0.06796650846529184,0.06796650846529184
2000-02-19 06:00:00,2,19,6,2.893428522309085,2.627237496562156,0.2661910257469291,0.2661910257469291
2000-02-19 12:00:00,2,19,12,4.676207282696725,4.932290754854094,-0.2560834721573686,0.2560834721573686
2000-02-19 18:00:00,2,19,18,2.7645633735987034,2.7945472852639415,-0.02998391166523806,0.02998391166523806
2000-02-20 00:00:00,2,20,0,2.5172121034379646,2.3358507326538325,0.18136137078413217,0.18136137078413217
2000-02-20 06:00:00,2,20,6,2.5924417181956683,2.7253433781676697,-0.13290165997200143,0.13290165997200143
2000-02-20 12:00:00,2,20,12,5.118483957056167,5.007037473449942,0.11144648360622522,0.11144648360622522
2000-02-20 18:00:00,2,20,18,3.014764534248948,2.878473984976168,0.1362905492727804,0.1362905492727804
2000-02-21 00:00:00,2,21,0,1.9371298809880293,2.181518611029825,-0.24438873004179573,0.24438873004179573
2000-02-21 06:00:00,2,21,6,2.6422660962696334,2.6650588616517954,-0.022792765382162017,0.022792765382162017
2000-02-21 12:00:00,2,21,12,5.141440946280698,5.078465139235501,0.06297580704519667,0.06297580704519667
2000-02-21 18:00:00,2,21,18,2.663006031710475,2.721696194544668,-0.05869016283419315,0.05869016283419315
2000-02-22 00:00:00,2,22,0,2.957922687478749,2.5020764745747206,0.4558462129040284,0.4558462129040284
2000-02-22 06:00:00,2,22,6,3.045138835218894,3.149497369644716,-0.10435853442582177,0.10435853442582177
2000-02-22 12:00:00,2,22,12,5.342090920587203,5.155725750100756,0.18636517048644663,0.18636517048644663
2000-02-22 18:00:00,2,22,18,2.7734336559978603,2.8744790330683783,-0.10104537707051797,0.10104537707051797
2000-02-23 00:00:00,2,23,0,2.3052550179311413,2.4701864612871467,-0.1649314433560054,0.1649314433560054
2000-02-23 06:00:00,2,23,6,2.8213420302532195,2.8226567154880455,-0.0013146852348260296,0.0013146852348260296
2000-02-23 12:00:00,2,23,12,5.212326466592386,5.06139918661293,0.15092727997945588,0.15092727997945588
2000-02-23 18:00:00,2,23,18,3.071382248061888,2.856137637656148,0.2152446104057404,0.2152446104057404
2000-02-24 00:00:00,2,24,0,2.544116240207269,2.2422784349327056,0.3018378052745634,0.3018378052745634
2000-02-24 06:00:00,2,24,6,3.49511119842736,2.9036522392266897,0.5914589592006703,0.5914589592006703
2000-02-24 12:00:00,2,24,12,4.996296488242333,4.928515669959331,0.0677808182830022,0.0677808182830022
2000-02-24 18:00:00,2,24,18,2.6017427007051603,2.738361033472191,-0.13661833276703073,0.13661833276703073
2000-02-25 00:00:00,2,25,0,2.642512503787912,2.5305731838556884,0.11193931993222339,0.11193931993222339
2000-02-25 06:00:00,2,25,6,2.6216550896824926,2.718084526106121,-0.09642943642362845,0.09642943642362845
2000-02-25 12:00:00,2,25,12,5.292540348355566,5.083009821969359,0.2095305263862075,0.2095305263862075
2000-02-25 18:00:00,2,25,18,2.290332030197725,2.6015815689880846,-0.31124953879035955,0.31124953879035955
2000-02-26 00:00:00,2,26,0,2.756317502260755,2.3195444903663356,0.4367730118944193,0.4367730118944193
2000-02-26 06:00:00,2,26,6,3.040153935530608,2.8466560607641718,0.19349787476643643,0.19349787476643643
2000-02-26 12:00:00,2,26,12,4.655490256443518,4.965014079911241,-0.3095238234677229,0.3095238234677229
2000-02-26 18:00:00,2,26,18,2.644320331302572,2.843974233469273,-0.19965390216670098,0.19965390216670098
2000-02-27 00:00:00,2,27,0,2.4595937985279064,2.2570160461183724,0.20257775240953402,0.20257775240953402
2000-02-27 06:00:00,2,27,6,3.044905574077456,2.831862968778428,0.2130426052990284,0.2130426052990284
2000-02-27 12:00:00,2,27,12,4.938188195480833,5.15276172246045,-0.21457352697961696,0.21457352697961696
2000-02-27 18:00:00,2,27,18,2.9349966227115214,2.793491116902311,0.1415055058092105,0.1415055058092105
2000-02-28 00:00:00,2,28,0,2.2544167433947293,2.5605701776844096,-0.30615343428968034,0.30615343428968034
2000-02-28 06:00:00,2,28,6,2.6640800208268587,2.6882586129916217,-0.024178592164763035,0.024178592164763035
2000-02-28 12:00:00,2,28,12,5.592921894973605,5.379320794159901,0.21360110081370376,0.21360110081370376
2000-02-28 18:00:00,2,28,18,2.670410997537573,2.803820313807597,-0.13340931627002428,0.13340931627002428
2000-02-29 00:00:00,2,29,0,1.9148506102493823,2.2752817105607863,-0.360431100311404,0.360431100311404
2000-02-29 06:00:00,2,29,6,2.816176778407161,2.781933915332019,0.034242863075141905,0.034242863075141905
2000-02-29 12:00:00,2,29,12,4.921005974027615,5.018197071083892,-0.09719109705627726,0.09719109705627726
2000-02-29 18:00:00,2,29,18,2.9286422415694555,2.762257109220024,0.16638513234943142,0.16638513234943142
2000-03-01 00:00:00,3,1,0,2.1178122417589686,2.2966136278989073,-0.17880138613993868,0.17880138613993868
2000-03-01 06:00:00,3,1,6,2.619273867035286,2.7633526350547846,-0.1440787680194986,0.1440787680194986
2000-03-01 12:00:00,3,1,12,4.913237656961383,5.285159861800597,-0.37192220483921457,0.37192220483921457
2000-03-01 18:00:00,3,1,18,3.102607941887963,3.0532563493079503,0.04935159258001276,0.04935159258001276
2000-03-02 00:00:00,3,2,0,2.2215475075475704,2.253843059606164,-0.03229555205859347,0.03229555205859347
2000-03-02 06:00:00,3,2,6,2.545341129187212,2.7918427575580393,-0.24650162837082723,0.24650162837082723
2000-03-02 12:00:00,3,2,12,5.070723128619079,5.0241252732334,0.046597855385678955,0.046597855385678955
2000-03-02 18:00:00,3,2,18,3.0070735317948927,2.7973389392023282,0.20973459259256444,0.20973459259256444
2000-03-03 00:00:00,3,3,0,2.6356532633799894,2.6237496304232852,0.011903632956704158,0.011903632956704158
2000-03-03 06:00:00,3,3,6,2.927987785071872,2.8597830158077047,0.06820476926416719,0.06820476926416719
2000-03-03 12:00:00,3,3,12,5.17577134197413,5.105018400177906,0.07075294179622382,0.07075294179622382
2000-03-03 18:00:00,3,3,18,2.7072566383742616,2.9557762766981917,-0.2485196383239301,0.2485196383239301
2000-03-04 00:00:00,3,4,0,3.132986299704145,2.6771461013813305,0.4558401983228144,0.4558401983228144
2000-03-04 06:00:00,3,4,6,2.92002735569801,2.9782974415823005,-0.05827008588429061,0.05827008588429061
2000-03-04 12:00:00,3,4,12,5.184708807348698,5.063320880575692,0.12138792677300536,0.12138792677300536
2000-03-04 18:00:00,3,4,18,2.884334410281397,2.7545911738492967,0.12974323643210006,0.12974323643210006
2000-03-05 00:00:00,3,5,0,2.511588075573389,2.5589545403531555,-0.04736646477976647,0.04736646477976647
2000-03-05 06:00:00,3,5,6,2.981801032004641,2.872255594039332,0.10954543796530913,0.10954543796530913
2000-03-05 12:00:00,3,5,12,5.262580190836278,5.276552683260468,-0.013972492424190186,0.013972492424190186
2000-03-05 18:00:00,3,5,18,2.601891645731213,2.8768834282966598,-0.27499178256544665,0.27499178256544665
2000-03-06 00:00:00,3,6,0,2.2954780423233974,2.395058496994315,-0.0995804546709178,0.0995804546709178
2000-03-06 06:00:00,3,6,6,2.824970655136791,2.943219334263515,-0.1182486791267241,0.1182486791267241
2000-03-06 12:00:00,3,6,12,4.768164975746586,4.838887273158128,-0.07072229741154157,0.07072229741154157
2000-03-06 18:00:00,3,6,18,2.413610010878612,2.70748102509303,-0.29387101421441786,0.29387101421441786
2000-03-07 00:00:00,3,7,0,2.6553875277612056,2.4163164860093205,0.2390710417518851,0.2390710417518851
2000-03-07 06:00:00,3,7,6,2.989535955755432,2.6636734335857826,0.3258625221696496,0.3258625221696496
2000-03-07 12:00:00,3,7,12,5.660769763012871,5.4708847087090495,0.1898850543038213,0.1898850543038213
2000-03-07 18:00:00,3,7,18,3.02488173559337,2.757202951041781,0.2676787845515891,0.2676787845515891
2000-03-08 00:00:00,3,8,0,2.4032070627797,2.4725895129791478,-0.06938245019944755,0.06938245019944755
2000-03-08 06:00:00,3,8,6,2.842479981768588,2.94541349461618,-0.10293351284759167,0.10293351284759167
2000-03-08 12:00:00,3,8,12,5.269009989511939,5.438542366126375,-0.16953237661443676,0.16953237661443676
2000-03-08 18:00:00,3,8,18,2.9369188811150666,2.8130050940387297,0.12391378707633693,0.12391378707633693
2000-03-09 00:00:00,3,9,0,2.6800528601525766,2.61518862793156,0.06486423222101667,0.06486423222101667
2000-03-09 06:00:00,3,9,6,3.159814152754849,3.180936849677554,-0.021122696922704964,0.021122696922704964
2000-03-09 12:00:00,3,9,12,5.448991604876815,5.227233640685364,0.22175796419145044,0.22175796419145044
2000-03-09 18:00:00,3,9,18,3.010880338562434,2.9221877895272756,0.08869254903515822,0.08869254903515822
2000-03-10 00:00:00,3,10,0,2.394325045640832,2.5384000349981,-0.14407498935726837,0.14407498935726837
2000-03-10 06:00:00,3,10,6,2.639652045442898,2.766002327061054,-0.12635028161815587,0.12635028161815587
2000-03-10 12:00:00,3,10,12,5.523673633440125,5.379607689028007,0.14406594441211773,0.14406594441211773
2000-03-10 18:00:00,3,10,18,2.9963028409417456,2.8649527554990835,0.13135008544266213,0.13135008544266213
2000-03-11 00:00:00,3,11,0,2.604624409620896,2.491883948600568,0.1127404610203282,0.1127404610203282
2000-03-11 06:00:00,3,11,6,3.5074539917615635,3.1327358730388197,0.37471811872274374,0.37471811872274374
2000-03-11 12:00:00,3,11,12,5.968785728752884,5.617250053911581,0.351535674841303,0.351535674841303
2000-03-11 18:00:00,3,11,18,2.948276862339085,2.8814905859214646,0.06678627641762036,0.06678627641762036
2000-03-12 00:00:00,3,12,0,2.583121365074169,2.7290487549353766,-0.14592738986120768,0.14592738986120768
2000-03-12 06:00:00,3,12,6,2.395179794970217,2.678565935233163,-0.2833861402629463,0.2833861402629463
2000-03-12 12:00:00,3,12,12,5.299130219947897,5.394263067845224,-0.09513284789732701,0.09513284789732701
2000-03-12 18:00:00,3,12,18,3.1422509625944186,2.9695095991456077,0.17274136344881086,0.17274136344881086
2000-03-13 00:00:00,3,13,0,2.8829945552906806,2.495360106363347,0.3876344489273338,0.3876344489273338
2000-03-13 06:00:00,3,13,6,2.867903830733934,2.839135435162052,0.028768395571882266,0.028768395571882266
2000-03-13 12:00:00,3,13,12,5.571384542340412,5.3344801416316106,0.23690440070880125,0.23690440070880125
2000-03-13 18:00:00,3,13,18,2.7770863016962632,2.8409801212383496,-0.0638938195420864,0.0638938195420864
2000-03-14 00:00:00,3,14,0,2.594952977977965,2.5081161105694196,0.08683686740854535,0.08683686740854535
2000-03-14 06:00:00,3,14,6,3.361950601702041,3.1665193943061247,0.19543120739591613,0.19543120739591613
2000-03-14 12:00:00,3,14,12,5.137803574943124,5.534837882786141,-0.3970343078430165,0.3970343078430165
2000-03-14 18:00:00,3,14,18,2.885178428546556,2.9328380989418723,-0.04765967039531649,0.04765967039531649
2000-03-15 00:00:00,3,15,0,2.960579677012357,2.768355417878302,0.19222425913405505,0.19222425913405505
2000-03-15 06:00:00,3,15,6,3.1007698188139523,3.0238496511499897,0.07692016766396259,0.07692016766396259
2000-03-15 12:00:00,3,15,12,5.236373244297132,5.456070297961064,-0.219697053663932,0.219697053663932
2000-03-15 18:00:00,3,15,18,2.7029976509348144,3.115495183625273,-0.4124975326904585,0.4124975326904585
2000-03-16 00:00:00,3,16,0,2.4610325874791665,2.5533051725081144,-0.09227258502894786,0.09227258502894786
2000-03-16 06:00:00,3,16,6,2.925638519485416,2.9656129229196067,-0.03997440343419045,0.03997440343419045
2000-03-16 12:00:00,3,16,12,5.299781118917128,5.462647750658054,-0.16286663174092642,0.16286663174092642
2000-03-16 18:00:00,3,16,18,3.076964645530172,3.0393933227634466,0.037571322766725146,0.037571322766725146
2000-03-17 00:00:00,3,17,0,2.7098700776370146,2.6363697358099643,0.07350034182705034,0.07350034182705034
2000-03-17 06:00:00,3,17,6,3.232161324793913,3.0753082875884425,0.1568530372054706,0.1568530372054706
2000-03-17 12:00:00,3,17,12,5.205049542405841,5.5988844104729285,-0.39383486806708756,0.39383486806708756
2000-03-17 18:00:00,3,17,18,2.621777392658782,2.911417039925442,-0.28963964726666,0.28963964726666
2000-03-18 00:00:00,3,18,0,2.826471024181344,2.8627760809330765,-0.036305056751732234,0.036305056751732234
2000-03-18 06:00:00,3,18,6,2.9791252185890134,2.8894630255754636,0.08966219301354972,0.08966219301354972
2000-03-18 12:00:00,3,18,12,5.597220293064301,5.493213429242251,0.10400686382204949,0.10400686382204949
2000-03-18 18:00:00,3,18,18,3.1152485744331275,3.029424825897802,0.0858237485353257,0.0858237485353257
2000-03-19 00:00:00,3,19,0,2.6628930737035303,2.7152483480401672,-0.05235527433663689,0.05235527433663689
2000-03-19 06:00:00,3,19,6,3.1421829105886547,3.1894443767547087,-0.04726146616605398,0.04726146616605398
2000-03-19 12:00:00,3,19,12,5.530334545583174,5.670805257948669,-0.14047071236549513,0.14047071236549513
2000-03-19 18:00:00,3,19,18,3.2060666217165386,3.0275269056692613,0.17853971604727725,0.17853971604727725
2000-03-20 00:00:00,3,20,0,2.5052532526085214,2.702061553050211,-0.19680830044168962,0.19680830044168962
2000-03-20 06:00:00,3,20,6,3.308015121794534,3.1261356325967946,0.18187948919773955,0.18187948919773955
2000-03-20 12:00:00,3,20,12,5.656095118391599,5.62372281367515,0.03237230471644903,0.03237230471644903
2000-03-20 18:00:00,3,20,18,3.009060326075677,3.0134310454922986,-0.0043707194166215935,0.0043707194166215935
2000-03-21 00:00:00,3,21,0,2.40897417645552,2.567708808070697,-0.15873463161517698,0.15873463161517698
2000-03-21 06:00:00,3,21,6,3.0622972353762954,3.3266136148729135,-0.2643163794966181,0.2643163794966181
2000-03-21 12:00:00,3,21,12,5.405380814233376,5.517387194395188,-0.1120063801618123,0.1120063801618123
2000-03-21 18:00:00,3,21,18,3.1782699051791488,3.2839381490994386,-0.10566824392028984,0.10566824392028984
2000-03-22 00:00:00,3,22,0,2.071989687684542,2.510676903059829,-0.43868721537528677,0.43868721537528677
2000-03-22 06:00:00,3,22,6,2.838650526648029,2.8892478291141392,-0.05059730246611016,0.05059730246611016
2000-03-22 12:00:00,3,22,12,6.076617812338541,5.888809007489375,0.1878088048491664,0.1878088048491664
2000-03-22 18:00:00,3,22,18,3.2378642489853293,3.135964042641198,0.10190020634413122,0.10190020634413122
2000-03-23 00:00:00,3,23,0,2.674286454633401,2.7535632755166097,-0.07927682088320864,0.07927682088320864
2000-03-23 06:00:00,3,23,6,3.0844573187699376,3.0610164310764363,0.023440887693501278,0.023440887693501278
2000-03-23 12:00:00,3,23,12,5.423913808439318,5.568061549669023,-0.14414774122970542,0.14414774122970542
2000-03-23 18:00:00,3,23,18,2.8810501123130745,2.8771896137186816,0.0038604985943928583,0.0038604985943928583
2000-03-24 00:00:00,3,24,0,2.8924019572066064,2.620168120538278,0.27223383666832834,0.27223383666832834
2000-03-24 06:00:00,3,24,6,3.119611678312118,2.924397847007511,0.1952138313046068,0.1952138313046068
2000-03-24 12:00:00,3,24,12,5.816265714011955,5.722495956958673,0.09376975705328228,0.09376975705328228
2000-03-24 18:00:00,3,24,18,2.941847781070273,3.037272397310126,-0.09542461623985288,0.09542461623985288
2000-03-25 00:00:00,3,25,0,2.7451250172673074,2.616103159877157,0.12902185739015026,0.12902185739015026
2000-03-25 06:00:00,3,25,6,2.678629204781696,3.0128389756215292,-0.3342097708398333,0.3342097708398333
2000-03-25 12:00:00,3,25,12,5.759676166256738,5.739632508965598,0.020043657291139994,0.020043657291139994
2000-03-25 18:00:00,3,25,18,3.092621853915802,3.0041997441676784,0.08842210974812348,0.08842210974812348
2000-03-26 00:00:00,3,26,0,2.8034943592465096,2.6823104872133503,0.12118387203315928,0.12118387203315928
2000-03-26 06:00:00,3,26,6,3.3606333881355046,3.176900754737628,0.18373263339787682,0.18373263339787682
2000-03-26 12:00:00,3,26,12,5.783856382721608,5.713676857079304,0.07017952564230434,0.07017952564230434
2000-03-26 18:00:00,3,26,18,3.0098552738611755,3.041917548960359,-0.03206227509918369,0.03206227509918369
2000-03-27 00:00:00,3,27,0,2.8358507226301843,2.7597518389553084,0.07609888367487594,0.07609888367487594
2000-03-27 06:00:00,3,27,6,2.949099905882412,3.1409748268168154,-0.19187492093440328,0.19187492093440328
2000-03-27 12:00:00,3,27,12,5.296251565642788,5.474174885285548,-0.1779233196427592,0.1779233196427592
2000-03-27 18:00:00,3,27,18,2.904619403156219,2.939196688514039,-0.03457728535782012,0.03457728535782012
2000-03-28 00:00:00,3,28,0,2.7665497310878067,2.7541176557564584,0.012432075331348269,0.012432075331348269
2000-03-28 06:00:00,3,28,6,2.602608121139314,2.965591092746106,-0.36298297160679205,0.36298297160679205
2000-03-28 12:00:00,3,28,12,5.899934937119147,5.7411112075170285,0.1588237296021182,0.1588237296021182
2000-03-28 18:00:00,3,28,18,3.810610267409794,3.6834559382102063,0.12715432919958758,0.12715432919958758
2000-03-29 00:00:00,3,29,0,2.93171646343603,2.9000260050011213,0.03169045843490892,0.03169045843490892
2000-03-29 06:00:00,3,29,6,3.6266086643065822,3.1998063069944425,0.4268023573121398,0.4268023573121398
2000-03-29 12:00:00,3,29,12,5.626760554697221,5.752161926577252,-0.12540137188003175,0.12540137188003175
2000-03-29 18:00:00,3,29,18,2.9475188371166867,3.021936973958737,-0.07441813684205023,0.07441813684205023
2000-03-30 00:00:00,3,30,0,2.6955265304262355,2.768408814899403,-0.07288228447316758,0.07288228447316758
2000-03-30 06:00:00,3,30,6,3.0464477775826144,3.067614339855319,-0.021166562272704414,0.021166562272704414
2000-03-30 12:00:00,3,30,12,5.722800086489187,5.771828122199776,-0.049028035710589,0.049028035710589
2000-03-30 18:00:00,3,30,18,2.824667998779974,3.0809220339331986,-0.25625403515322454,0.25625403515322454
2000-03-31 00:00:00,3,31,0,2.734466940516618,2.8149552505747013,-0.0804883100580831,0.0804883100580831
2000-03-31 06:00:00,3,31,6,3.4353496138217148,3.45097379730366,-0.015624183481945053,0.015624183481945053
2000-03-31 12:00:00,3,31,12,6.186248998781677,5.984162540779561,0.20208645800211578,0.20208645800211578
2000-03-31 18:00:00,3,31,18,3.625421665682798,3.208519721403373,0.41690194427942506,0.41690194427942506
2000-04-01 00:00:00,4,1,0,3.040616182908186,2.7539923534012223,0.28662382950696363,0.28662382950696363
2000-04-01 06:00:00,4,1,6,2.9137287637113176,3.062417816987776,-0.14868905327645843,0.14868905327645843
2000-04-01 12:00:00,4,1,12,5.722216258090107,5.868738105678563,-0.1465218475884562,0.1465218475884562
2000-04-01 18:00:00,4,1,18,3.1278519958240216,3.1359816424746576,-0.00812964665063598,0.00812964665063598
2000-04-02 00:00:00,4,2,0,3.177251481992074,2.8019659739281484,0.37528550806392547,0.37528550806392547
2000-04-02 06:00:00,4,2,6,2.991845257180526,2.9976373532307052,-0.005792096050179385,0.005792096050179385
2000-04-02 12:00:00,4,2,12,5.68353770001663,5.956285529375654,-0.272747829359024,0.272747829359024
2000-04-02 18:00:00,4,2,18,3.1017435389933565,3.186849131760791,-0.08510559276743468,0.08510559276743468
2000-04-03 00:00:00,4,3,0,3.159704668316667,3.011298784180288,0.14840588413637912,0.14840588413637912
2000-04-03 06:00:00,4,3,6,3.4575318703288063,3.372190445841748,0.08534142448705806,0.08534142448705806
2000-04-03 12:00:00,4,3,12,6.071253831618735,6.087882863335213,-0.01662903171647745,0.01662903171647745
2000-04-03 18:00:00,4,3,18,3.251265278753685,3.1254976816702977,0.12576759708338736,0.12576759708338736
2000-04-04 00:00:00,4,4,0,2.3415704827537844,2.8143191174864404,-0.47274863473265594,0.47274863473265594
2000-04-04 06:00:00,4,4,6,3.276608891680055,3.263214794479546,0.013394097200508881,0.013394097200508881
2000-04-04 12:00:00,4,4,12,6.255355288199234,6.085452666571999,0.16990262162723546,0.16990262162723546
2000-04-04 18:00:00,4,4,18,2.893445934567745,3.090542682930604,-0.1970967483628594,0.1970967483628594
2000-04-05 00:00:00,4,5,0,2.498560932651027,2.6687952467228206,-0.17023431407179368,0.17023431407179368
2000-04-05 06:00:00,4,5,6,2.789702105380304,3.1470101492092803,-0.3573080438289762,0.3573080438289762
2000-04-05 12:00:00,4,5,12,6.15756996758218,5.788852486285066,0.36871748129711435,0.36871748129711435
2000-04-05 18:00:00,4,5,18,3.0213638970358647,3.158693559625195,-0.13732966258933033,0.13732966258933033
2000-04-06 00:00:00,4,6,0,2.775626041092296,2.731544563467115,0.044081477625181,0.044081477625181
2000-04-06 06:00:00,4,6,6,3.3139044224538257,3.173622922550156,0.14028149990366945,0.14028149990366945
2000-04-06 12:00:00,4,6,12,6.243779760741524,5.9934404596071245,0.2503393011343995,0.2503393011343995
2000-04-06 18:00:00,4,6,18,3.362801816293664,3.35677802010529,0.006023796188373787,0.006023796188373787
2000-04-07 00:00:00,4,7,0,2.727601008873387,2.843613540673203,-0.11601253179981619,0.11601253179981619
2000-04-07 06:00:00,4,7,6,3.16543982582573,3.1596538054573053,0.0057860203684247935,0.0057860203684247935
2000-04-07 12:00:00,4,7,12,6.13154338602648,5.878505066306607,0.2530383197198729,0.2530383197198729
2000-04-07 18:00:00,4,7,18,3.230043760870637,3.353871375338007,-0.12382761446737023,0.12382761446737023
2000-04-08 00:00:00,4,8,0,2.4207426866580755,2.651772376408616,-0.2310296897505406,0.2310296897505406
2000-04-08 06:00:00,4,8,6,3.095992765165392,3.36867110868112,-0.2726783435157283,0.2726783435157283
2000-04-08 12:00:00,4,8,12,6.023790891876431,6.224011009737924,-0.20022011786149285,0.20022011786149285
2000-04-08 18:00:00,4,8,18,3.332201916212864,3.1637494460984996,0.1684524701143646,0.1684524701143646
2000-04-09 00:00:00,4,9,0,2.593355014397288,2.6890558760195753,-0.09570086162228719,0.09570086162228719
2000-04-09 06:00:00,4,9,6,3.201855400759354,3.3176621081635367,-0.11580670740418286,0.11580670740418286
2000-04-09 12:00:00,4,9,12,5.834759409949241,5.966672432180857,-0.1319130222316165,0.1319130222316165
2000-04-09 18:00:00,4,9,18,3.438034342059095,3.4038530282720734,0.034181313787021494,0.034181313787021494
2000-04-10 00:00:00,4,10,0,2.608725150142393,2.696789973437656,-0.08806482329526322,0.08806482329526322
2000-04-10 06:00:00,4,10,6,3.0950312683074985,3.1303792303077156,-0.03534796200021706,0.03534796200021706
2000-04-10 12:00:00,4,10,12,6.227217872509471,5.964148908439304,0.26306896407016733,0.26306896407016733
2000-04-10 18:00:00,4,10,18,3.4622159515608404,3.152722360553609,0.3094935910072314,0.3094935910072314
2000-04-11 00:00:00,4,11,0,2.452858670423617,2.8174467176667415,-0.36458804724312444,0.36458804724312444
2000-04-11 06:00:00,4,11,6,3.38774413956372,3.366512293158648,0.021231846405071586,0.021231846405071586
2000-04-11 12:00:00,4,11,12,5.733510022843276,5.909847570473512,-0.17633754763023646,0.17633754763023646
2000-04-11 18:00:00,4,11,18,3.190845924345514,3.245415117402951,-0.054569193057437015,0.054569193057437015
2000-04-12 00:00:00,4,12,0,2.949122513664588,2.8556695151195646,0.09345299854502365,0.09345299854502365
2000-04-12 06:00:00,4,12,6,3.329387669389765,3.3885031608685714,-0.05911549147880635,0.05911549147880635
2000-04-12 12:00:00,4,12,12,6.167489168922546,6.075819043218053,0.09167012570449273,0.09167012570449273
2000-04-12 18:00:00,4,12,18,3.2120762311284112,3.130323266585189,0.08175296454322245,0.08175296454322245
2000-04-13 00:00:00,4,13,0,2.906759968571728,2.9055055187071437,0.0012544498645841173,0.0012544498645841173
2000-04-13 06:00:00,4,13,6,3.228009178303474,3.302866073319138,-0.07485689501566428,0.07485689501566428
2000-04-13 12:00:00,4,13,12,5.960600795832241,6.05718983900277,-0.0965890431705283,0.0965890431705283
2000-04-13 18:00:00,4,13,18,2.919277918121199,3.209424408499215,-0.290146490378016,0.290146490378016
2000-04-14 00:00:00,4,14,0,2.8995302613491987,3.028278883069235,-0.1287486217200362,0.1287486217200362
2000-04-14 06:00:00,4,14,6,3.660776138915685,3.3130971151781896,0.3476790237374954,0.3476790237374954
2000-04-14 12:00:00,4,14,12,6.026499145121374,6.11028116934618,-0.0837820242248064,0.0837820242248064
2000-04-14 18:00:00,4,14,18,3.0966725873781624,3.333596566501049,-0.23692397912288676,0.23692397912288676
2000-04-15 00:00:00,4,15,0,3.2383142306006767,3.116820898396084,0.1214933322045928,0.1214933322045928
2000-04-15 06:00:00,4,15,6,3.661982680024395,3.7002821311502356,-0.038299451125840545,0.038299451125840545
2000-04-15 12:00:00,4,15,12,6.565484294479575,6.671196270516054,-0.10571197603647953,0.10571197603647953
2000-04-15 18:00:00,4,15,18,3.71170614068743,3.4093355536243686,0.3023705870630615,0.3023705870630615
2000-04-16 00:00:00,4,16,0,3.064220955849015,2.9921086233721983,0.07211233247681692,0.07211233247681692
2000-04-16 06:00:00,4,16,6,3.3783407300284223,3.449400140492954,-0.07105941046453168,0.07105941046453168
2000-04-16 12:00:00,4,16,12,5.88573179102419,5.954469862898294,-0.06873807187410375,0.06873807187410375
2000-04-16 18:00:00,4,16,18,3.247592035937248,3.3188236225082766,-0.07123158657102868,0.07123158657102868
2000-04-17 00:00:00,4,17,0,3.3457275057928806,3.1833945688988146,0.16233293689406603,0.16233293689406603
2000-04-17 06:00:00,4,17,6,3.047694113298076,3.129660394864572,-0.08196628156649588,0.08196628156649588
2000-04-17 12:00:00,4,17,12,5.628300814832769,5.942275116889299,-0.31397430205653,0.31397430205653
2000-04-17 18:00:00,4,17,18,3.11973018298103,3.1242255059009727,-0.004495322919942701,0.004495322919942701
2000-04-18 00:00:00,4,18,0,2.668465776156258,2.9574156081081,-0.2889498319518422,0.2889498319518422
2000-04-18 06:00:00,4,18,6,4.0282405228894245,3.5934468594060767,0.4347936634833478,0.4347936634833478
2000-04-18 12:00:00,4,18,12,6.289002378710747,6.420260795869563,-0.1312584171588158,0.1312584171588158
2000-04-18 18:00:00,4,18,18,3.260579328351263,3.319258697550968,-0.05867936919970518,0.05867936919970518
2000-04-19 00:00:00,4,19,0,3.1598015729735125,3.098561408784191,0.06124016418932143,0.06124016418932143
2000-04-19 06:00:00,4,19,6,3.1002517392930407,3.1538755654309827,-0.05362382613794203,0.05362382613794203
2000-04-19 12:00:00,4,19,12,5.836710121387294,5.929801238681051,-0.09309111729375719,0.09309111729375719
2000-04-19 18:00:00,4,19,18,3.3100287875966727,3.241886379315077,0.06814240828159557,0.06814240828159557
2000-04-20 00:00:00,4,20,0,3.342219093118956,3.047522162276245,0.294696930842711,0.294696930842711
2000-04-20 06:00:00,4,20,6,3.560885156658053,3.4412828577632952,0.11960229889475782,0.11960229889475782
2000-04-20 12:00:00,4,20,12,6.307433409958039,6.026391009278496,0.2810424006795431,0.2810424006795431
2000-04-20 18:00:00,4,20,18,3.1129584272765287,3.3371689739509653,-0.22421054667443663,0.22421054667443663
2000-04-21 00:00:00,4,21,0,2.9195328984466866,2.9290979631417726,-0.009565064695086,0.009565064695086
2000-04-21 06:00:00,4,21,6,3.388880056020147,3.3092133062634677,0.07966674975667942,0.07966674975667942
2000-04-21 12:00:00,4,21,12,6.374673461584069,6.260268333034148,0.11440512854992146,0.11440512854992146
2000-04-21 18:00:00,4,21,18,3.564434040127848,3.269162523769868,0.29527151635798,0.29527151635798
2000-04-22 00:00:00,4,22,0,2.911826273824798,2.8991954710245014,0.012630802800296603,0.012630802800296603
2000-04-22 06:00:00,4,22,6,3.1302208686134763,3.2135229404785464,-0.0833020718650701,0.0833020718650701
2000-04-22 12:00:00,4,22,12,6.345233317432848,6.218508863730452,0.12672445370239593,0.12672445370239593
2000-04-22 18:00:00,4,22,18,3.1479458735330472,3.4678546850916527,-0.3199088115586055,0.3199088115586055
2000-04-23 00:00:00,4,23,0,2.966963837452583,2.9683739726850082,-0.0014101352324251692,0.0014101352324251692
2000-04-23 06:00:00,4,23,6,3.4562673695985726,3.4602699314901164,-0.004002561891543799,0.004002561891543799
2000-04-23 12:00:00,4,23,12,6.072403278775397,6.261184097349515,-0.18878081857411821,0.18878081857411821
2000-04-23 18:00:00,4,23,18,3.613193027231604,3.433957610261231,0.17923541697037315,0.17923541697037315
2000-04-24 00:00:00,4,24,0,2.775612385589765,2.967099648428796,-0.19148726283903095,0.19148726283903095
2000-04-24 06:00:00,4,24,6,3.231967246011312,3.2648243670047608,-0.03285712099344895,0.03285712099344895
2000-04-24 12:00:00,4,24,12,6.333083312620275,6.302758860613707,0.030324452006567526,0.030324452006567526
2000-04-24 18:00:00,4,24,18,3.5736715533364545,3.3436294982474273,0.2300420550890272,0.2300420550890272
2000-04-25 00:00:00,4,25,0,3.253094550663712,3.248884222914509,0.004210327749202936,0.004210327749202936
2000-04-25 06:00:00,4,25,6,3.631631601468506,3.462806942309734,0.16882465915877232,0.16882465915877232
2000-04-25 12:00:00,4,25,12,6.490120743763498,6.379080894388687,0.11103984937481126,0.11103984937481126
2000-04-25 18:00:00,4,25,18,3.496477261229036,3.4735009701838995,0.02297629104513632,0.02297629104513632
2000-04-26 00:00:00,4,26,0,2.931000566491654,3.1219429612875933,-0.19094239479593922,0.19094239479593922
2000-04-26 06:00:00,4,26,6,3.0812978161149385,3.3229385967672838,-0.2416407806523453,0.2416407806523453
2000-04-26 12:00:00,4,26,12,6.4459994357369,6.457762200487391,-0.01176276475049054,0.01176276475049054
2000-04-26 18:00:00,4,26,18,3.382590343197506,3.517316719441092,-0.1347263762435862,0.1347263762435862
2000-04-27 00:00:00,4,27,0,3.2506704470859926,3.082361760574875,0.1683086865111174,0.1683086865111174
2000-04-27 06:00:00,4,27,6,3.521591234028906,3.3921136011253776,0.12947763290352832,0.12947763290352832
2000-04-27 12:00:00,4,27,12,6.2449753630135385,6.279278519709346,-0.03430315669580786,0.03430315669580786
2000-04-27 18:00:00,4,27,18,2.9464473494619408,3.229965197457069,-0.28351784799512814,0.28351784799512814
2000-04-28 00:00:00,4,28,0,3.835052099073026,3.7308997743983765,0.10415232467464941,0.10415232467464941
2000-04-28 06:00:00,4,28,6,3.331014923197638,3.4330878592854983,-0.10207293608786028,0.10207293608786028
2000-04-28 12:00:00,4,28,12,6.400535958386786,6.591342375968412,-0.19080641758162642,0.19080641758162642
2000-04-28 18:00:00,4,28,18,3.1442506378131942,3.2853767141205927,-0.14112607630739848,0.14112607630739848
2000-04-29 00:00:00,4,29,0,3.052700200079632,3.061868082870332,-0.0091678827906998,0.0091678827906998
2000-04-29 06:00:00,4,29,6,3.87602044673036,3.6652338955990063,0.21078655113135358,0.21078655113135358
2000-04-29 12:00:00,4,29,12,6.771190091226157,6.653086683253848,0.1181034079723089,0.1181034079723089
2000-04-29 18:00:00,4,29,18,3.571028851323016,3.6260939877064633,-0.05506513638344712,0.05506513638344712
2000-04-30 00:00:00,4,30,0,2.931782253832079,3.1468720565754897,-0.21508980274341072,0.21508980274341072
2000-04-30 06:00:00,4,30,6,3.392067408844456,3.333187107536784,0.05888030130767197,0.05888030130767197
2000-04-30 12:00:00,4,30,12,6.101813780338773,6.20651124179702,-0.10469746145824654,0.10469746145824654
2000-04-30 18:00:00,4,30,18,3.5214308400580783,3.514861703671308,0.006569136386770147,0.006569136386770147
2000-05-01 00:00:00,5,1,0,3.0033904616811,3.087157425617655,-0.0837669639365548,0.0837669639365548
2000-05-01 06:00:00,5,1,6,3.521677969944694,3.3576690158628515,0.16400895408184235,0.16400895408184235
2000-05-01 12:00:00,5,1,12,6.397050031867931,6.404835701786952,-0.007785669919021743,0.007785669919021743
2000-05-01 18:00:00,5,1,18,3.465519658925476,3.495198163467261,-0.02967850454178489,0.02967850454178489
2000-05-02 00:00:00,5,2,0,3.4597853548962747,3.386368935683987,0.07341641921228792,0.07341641921228792
2000-05-02 06:00:00,5,2,6,4.196739613578403,3.798842935066051,0.39789667851235233,0.39789667851235233
2000-05-02 12:00:00,5,2,12,6.92724060144733,6.667241949303791,0.2599986521435387,0.2599986521435387
2000-05-02 18:00:00,5,2,18,3.617263521532632,3.66247134263317,-0.04520782110053778,0.04520782110053778
2000-05-03 00:00:00,5,3,0,3.26263139092747,3.210959183889841,0.05167220703762876,0.05167220703762876
2000-05-03 06:00:00,5,3,6,3.501817474977218,3.6112244457104175,-0.1094069707331995,0.1094069707331995
2000-05-03 12:00:00,5,3,12,6.467568908188705,6.711767810948166,-0.24419890275946177,0.24419890275946177
2000-05-03 18:00:00,5,3,18,3.548058689699619,3.6841667058628507,-0.13610801616323176,0.13610801616323176
2000-05-04 00:00:00,5,4,0,2.9229578102410474,3.1225112443167906,-0.19955343407574322,0.19955343407574322
2000-05-04 06:00:00,5,4,6,3.767903361153068,3.7015370672696677,0.06636629388340021,0.06636629388340021
2000-05-04 12:00:00,5,4,12,6.278922390795552,6.458271079003072,-0.17934868820752037,0.17934868820752037
2000-05-04 18:00:00,5,4,18,3.5867897201969647,3.34107080054922,0.24571891964774473,0.24571891964774473
2000-05-05 00:00:00,5,5,0,3.287948594906577,3.163649917886608,0.124298677019969,0.124298677019969
2000-05-05 06:00:00,5,5,6,3.861947095528103,3.8900381776846795,-0.02809108215657652,0.02809108215657652
2000-05-05 12:00:00,5,5,12,6.484976996396664,6.48498399218581,-6.995789145314291e-06,6.995789145314291e-06
2000-05-05 18:00:00,5,5,18,3.4540619294811155,3.6167176440979265,-0.16265571461681105,0.16265571461681105
2000-05-06 00:00:00,5,6,0,3.209383492111282,3.115352062846368,0.09403142926491403,0.09403142926491403
2000-05-06 06:00:00,5,6,6,3.830040676702642,3.606803467314501,0.22323720938814073,0.22323720938814073
2000-05-06 12:00:00,5,6,12,6.299774168636233,6.377957328937559,-0.0781831603013261,0.0781831603013261
2000-05-06 18:00:00,5,6,18,3.213550692644493,3.4672784805896253,-0.2537277879451323,0.2537277879451323
2000-05-07 00:00:00,5,7,0,3.1922952972237364,3.119183688545033,0.07311160867870337,0.07311160867870337
2000-05-07 06:00:00,5,7,6,3.600970670848501,3.538080818253001,0.06288985259550017,0.06288985259550017
2000-05-07 12:00:00,5,7,12,6.390891194550849,6.616800270127021,-0.22590907557617168,0.22590907557617168
2000-05-07 18:00:00,5,7,18,3.4509168995360744,3.5962587808348316,-0.14534188129875725,0.14534188129875725
2000-05-08 00:00:00,5,8,0,2.994212964031547,3.1578717628199677,-0.1636587987884206,0.1636587987884206
2000-05-08 06:00:00,5,8,6,3.3068276087618225,3.458821209935094,-0.15199360117327165,0.15199360117327165
2000-05-08 12:00:00,5,8,12,6.495445423453498,6.4898042163263545,0.005641207127143666,0.005641207127143666
2000-05-08 18:00:00,5,8,18,3.729583720411646,3.7513857056769613,-0.02180198526531507,0.02180198526531507
2000-05-09 00:00:00,5,9,0,3.596440051895207,3.6647815294252033,-0.0683414775299962,0.0683414775299962
2000-05-09 06:00:00,5,9,6,3.384907462978099,3.4905665827601373,-0.10565911978203824,0.10565911978203824
2000-05-09 12:00:00,5,9,12,6.775343257433256,6.822295691678629,-0.04695243424537221,0.04695243424537221
2000-05-09 18:00:00,5,9,18,3.711619043105735,3.7190633545944283,-0.007444311488693067,0.007444311488693067
2000-05-10 00:00:00,5,10,0,3.124317679859336,3.212687952766777,-0.08837027290744093,0.08837027290744093
2000-05-10 06:00:00,5,10,6,3.853127997840478,3.6559598177282036,0.19716818011227444,0.19716818011227444
2000-05-10 12:00:00,5,10,12,6.67378497033561,6.615634731619951,0.058150238715658276,0.058150238715658276
2000-05-10 18:00:00,5,10,18,3.688631392511966,3.9353684326821297,-0.24673704017016362,0.24673704017016362
2000-05-11 00:00:00,5,11,0,3.237587217513704,3.1896570012717143,0.047930216241989676,0.047930216241989676
2000-05-11 06:00:00,5,11,6,3.6026323559832205,3.501352336365746,0.10128001961747435,0.10128001961747435
2000-05-11 12:00:00,5,11,12,6.455733303104686,6.559743645303537,-0.10401034219885119,0.10401034219885119
2000-05-11 18:00:00,5,11,18,3.6402379542220458,3.8756044688780267,-0.2353665146559809,0.2353665146559809
2000-05-12 00:00:00,5,12,0,3.1919679556005134,3.1881168968986002,0.003851058701913157,0.003851058701913157
2000-05-12 06:00:00,5,12,6,3.7375354415185664,3.81921900532736,-0.08168356380879338,0.08168356380879338
2000-05-12 12:00:00,5,12,12,6.824749126351245,6.911036909613439,-0.08628778326219422,0.08628778326219422
2000-05-12 18:00:00,5,12,18,3.299777937100389,3.542192704494621,-0.24241476739423184,0.24241476739423184
2000-05-13 00:00:00,5,13,0,3.306188367589155,3.3455555384838553,-0.03936717089470054,0.03936717089470054
2000-05-13 06:00:00,5,13,6,3.635712447046892,3.6724044256109685,-0.03669197856407669,0.03669197856407669
2000-05-13 12:00:00,5,13,12,6.563526483317397,6.670959620094817,-0.10743313677741995,0.10743313677741995
2000-05-13 18:00:00,5,13,18,3.818025759467115,3.857773428624787,-0.03974766915767214,0.03974766915767214
2000-05-14 00:00:00,5,14,0,2.9795136646271936,3.1540694360775854,-0.1745557714503918,0.1745557714503918
2000-05-14 06:00:00,5,14,6,3.872311520774201,3.933637749273496,-0.061326228499295254,0.061326228499295254
2000-05-14 12:00:00,5,14,12,7.026912219357609,6.91867667475385,0.10823554460375906,0.10823554460375906
2000-05-14 18:00:00,5,14,18,3.6771697219788,3.7120207148222844,-0.03485099284348436,0.03485099284348436
2000-05-15 00:00:00,5,15,0,3.3336821355796387,3.5597351649147884,-0.2260530293351497,0.2260530293351497
2000-05-15 06:00:00,5,15,6,3.5202466457237205,3.6151636331542796,-0.0949169874305591,0.0949169874305591
2000-05-15 12:00:00,5,15,12,6.9215080139655,7.0741207704026365,-0.15261275643713645,0.15261275643713645
2000-05-15 18:00:00,5,15,18,3.949054045530252,3.9388320567032507,0.010221988827001205,0.010221988827001205
2000-05-16 00:00:00,5,16,0,3.157099508609144,3.1826996109303853,-0.025600102321241547,0.025600102321241547
2000-05-16 06:00:00,5,16,6,3.614215493890205,3.996333885541068,-0.38211839165086303,0.38211839165086303
2000-05-16 12:00:00,5,16,12,7.145812858202068,6.982210819426044,0.1636020387760242,0.1636020387760242
2000-05-16 18:00:00,5,16,18,3.550638677204572,3.7844520872520073,-0.23381341004743517,0.23381341004743517
2000-05-17 00:00:00,5,17,0,3.869923540491573,3.620623436066545,0.24930010442502804,0.24930010442502804
2000-05-17 06:00:00,5,17,6,3.7736752907270414,3.773450638280981,0.0002246524460605137,0.0002246524460605137
2000-05-17 12:00:00,5,17,12,6.76076260655516,6.955122656717869,-0.19436005016270919,0.19436005016270919
2000-05-17 18:00:00,5,17,18,3.706779278069906,3.8970739258107967,-0.1902946477408909,0.1902946477408909
2000-05-18 00:00:00,5,18,0,3.6809861970022015,3.63260750534946,0.048378691652741335,0.048378691652741335
2000-05-18 06:00:00,5,18,6,3.9516453431041234,4.025508741885823,-0.0738633987816999,0.0738633987816999
2000-05-18 12:00:00,5,18,12,7.048098884434978,7.063700108946481,-0.01560122451150292,0.01560122451150292
2000-05-18 18:00:00,5,18,18,4.3001345845062335,3.9759495946456145,0.32418498986061905,0.32418498986061905
2000-05-19 00:00:00,5,19,0,3.2902186899235404,3.4599370860428227,-0.1697183961192823,0.1697183961192823
2000-05-19 06:00:00,5,19,6,3.708307339788395,3.7213441775624947,-0.013036837774099475,0.013036837774099475
2000-05-19 12:00:00,5,19,12,7.356949329010166,7.100403974392113,0.25654535461805317,0.25654535461805317
2000-05-19 18:00:00,5,19,18,4.1112487433459615,4.012214413392481,0.09903432995348016,0.09903432995348016
2000-05-20 00:00:00,5,20,0,3.325596377643856,3.608736326676956,-0.2831399490330999,0.2831399490330999
2000-05-20 06:00:00,5,20,6,4.289973546892525,4.251903314382894,0.038070232509630486,0.038070232509630486
2000-05-20 12:00:00,5,20,12,6.808795727656305,6.997029742038897,-0.18823401438259246,0.18823401438259246
2000-05-20 18:00:00,5,20,18,4.019483248398784,3.7674834350450475,0.2519998133537369,0.2519998133537369
2000-05-21 00:00:00,5,21,0,3.428892507976726,3.5985508945090707,-0.16965838653234488,0.16965838653234488
2000-05-21 06:00:00,5,21,6,4.669478662190976,4.118602213691161,0.5508764484998148,0.5508764484998148
2000-05-21 12:00:00,5,21,12,6.977808764001958,6.773578078636234,0.20423068536572409,0.20423068536572409
2000-05-21 18:00:00,5,21,18,3.5970963943672407,3.7659918210440124,-0.1688954266767717,0.1688954266767717
2000-05-22 00:00:00,5,22,0,3.570108394539652,3.620237094032655,-0.050128699493003026,0.050128699493003026
2000-05-22 06:00:00,5,22,6,4.339158753780962,4.2335637397527215,0.1055950140282409,0.1055950140282409
2000-05-22 12:00:00,5,22,12,7.233358350017716,7.094663650621899,0.1386946993958169,0.1386946993958169
2000-05-22 18:00:00,5,22,18,4.235069835332647,4.119865033125047,0.11520480220760021,0.11520480220760021
2000-05-23 00:00:00,5,23,0,3.808248252042239,3.606384875952938,0.20186337608930094,0.20186337608930094
2000-05-23 06:00:00,5,23,6,3.6546962391132793,3.7134861659775367,-0.058789926864257325,0.058789926864257325
2000-05-23 12:00:00,5,23,12,7.077151717282279,7.12864599957621,-0.05149428229393127,0.05149428229393127
2000-05-23 18:00:00,5,23,18,3.733002932261727,3.861694814009452,-0.12869188174772495,0.12869188174772495
2000-05-24 00:00:00,5,24,0,3.701291051247071,3.571082716436732,0.1302083348103391,0.1302083348103391
2000-05-24 06:00:00,5,24,6,4.47822753518223,4.332750305366197,0.1454772298160325,0.1454772298160325
2000-05-24 12:00:00,5,24,12,6.886823284982838,6.880083757202381,0.006739527780457166,0.006739527780457166
2000-05-24 18:00:00,5,24,18,4.648081545064624,4.548249634801905,0.09983191026271943,0.09983191026271943
2000-05-25 00:00:00,5,25,0,3.4169775762021493,3.774422279712069,-0.35744470350991975,0.35744470350991975
2000-05-25 06:00:00,5,25,6,4.1151846154607945,4.05371046523297,0.06147415022782443,0.06147415022782443
2000-05-25 12:00:00,5,25,12,7.353478709275018,7.3736733798058465,-0.02019467053082824,0.02019467053082824
2000-05-25 18:00:00,5,25,18,4.675579166466541,4.420794300002029,0.2547848664645116,0.2547848664645116
2000-05-26 00:00:00,5,26,0,3.1637958071111094,3.4604416588055806,-0.2966458516944712,0.2966458516944712
2000-05-26 06:00:00,5,26,6,4.577590535182846,4.257239225306357,0.3203513098764894,0.3203513098764894
2000-05-26 12:00:00,5,26,12,6.911112309354069,6.958461927277779,-0.04734961792371006,0.04734961792371006
2000-05-26 18:00:00,5,26,18,4.019157239991705,3.9565685555914962,0.06258868440020837,0.06258868440020837
2000-05-27 00:00:00,5,27,0,3.996957968514012,3.695119544592922,0.3018384239210903,0.3018384239210903
2000-05-27 06:00:00,5,27,6,4.019473738903701,3.9363404395596104,0.08313329934409097,0.08313329934409097
2000-05-27 12:00:00,5,27,12,7.402141541471286,7.294392178012577,0.10774936345870856,0.10774936345870856
2000-05-27 18:00:00,5,27,18,4.185991596136407,4.065844857021824,0.12014673911458296,0.12014673911458296
2000-05-28 00:00:00,5,28,0,3.867165472746167,3.92700282827118,-0.0598373555250129,0.0598373555250129
2000-05-28 06:00:00,5,28,6,4.362566715211134,4.379981177595716,-0.017414462384581775,0.017414462384581775
2000-05-28 12:00:00,5,28,12,7.207229762059545,7.299721570051763,-0.0924918079922179,0.0924918079922179
2000-05-28 18:00:00,5,28,18,4.281293442834091,4.210434486740927,0.07085895609316406,0.07085895609316406
2000-05-29 00:00:00,5,29,0,3.4130396826050027,3.803007044050115,-0.38996736144511246,0.38996736144511246
2000-05-29 06:00:00,5,29,6,4.051878048965023,3.965368592459742,0.08650945650528064,0.08650945650528064
2000-05-29 12:00:00,5,29,12,7.588638814322862,7.630043023264323,-0.041404208941460574,0.041404208941460574
2000-05-29 18:00:00,5,29,18,4.097880108640481,4.103747626899956,-0.005867518259475624,0.005867518259475624
2000-05-30 00:00:00,5,30,0,4.071584621937043,4.057741938968205,0.013842682968838282,0.013842682968838282
2000-05-30 06:00:00,5,30,6,3.823094465560067,4.121942371413981,-0.29884790585391396,0.29884790585391396
2000-05-30 12:00:00,5,30,12,7.792510266353099,7.486614689854487,0.305895576498612,0.305895576498612
2000-05-30 18:00:00,5,30,18,4.389598222905503,4.3746271998675414,0.014971023037961828,0.014971023037961828
2000-05-31 00:00:00,5,31,0,3.9117011597297697,3.884040419409708,0.027660740320061716,0.027660740320061716
2000-05-31 06:00:00,5,31,6,4.253190352382968,4.522217951679056,-0.26902759929608777,0.26902759929608777
2000-05-31 12:00:00,5,31,12,7.699929682608781,7.7364123427975855,-0.03648266018880442,0.03648266018880442
2000-05-31 18:00:00,5,31,18,4.44984352374715,4.241148063132264,0.2086954606148863,0.2086954606148863
2000-06-01 00:00:00,6,1,0,3.807681981583412,3.749930335919645,0.057751645663767004,0.057751645663767004
2000-06-01 06:00:00,6,1,6,4.715414021752662,4.539580570222451,0.17583345153021046,0.17583345153021046
2000-06-01 12:00:00,6,1,12,7.951841727213578,7.784377385511409,0.1674643417021695,0.1674643417021695
2000-06-01 18:00:00,6,1,18,4.373058123443982,4.4302685876184,-0.05721046417441844,0.05721046417441844
2000-06-02 00:00:00,6,2,0,3.4624539796402174,3.8058795021814054,-0.34342552254118797,0.34342552254118797
2000-06-02 06:00:00,6,2,6,4.082964596056439,4.138207745072839,-0.05524314901640004,0.05524314901640004
2000-06-02 12:00:00,6,2,12,7.792680889411188,7.697523026659476,0.09515786275171223,0.09515786275171223
2000-06-02 18:00:00,6,2,18,4.5865903080303925,4.367611617932458,0.21897869009793425,0.21897869009793425
2000-06-03 00:00:00,6,3,0,3.8487420177447538,3.831751855555494,0.01699016218925964,0.01699016218925964
2000-06-03 06:00:00,6,3,6,4.677580769632311,4.503012709752913,0.17456805987939727,0.17456805987939727
2000-06-03 12:00:00,6,3,12,7.804478518685292,7.64255246988867,0.1619260487966212,0.1619260487966212
2000-06-03 18:00:00,6,3,18,4.25738095835584,4.401182805912029,-0.14380184755618863,0.14380184755618863
2000-06-04 00:00:00,6,4,0,3.429166328463021,3.773213764635661,-0.34404743617264,0.34404743617264
2000-06-04 06:00:00,6,4,6,4.5704667637850855,4.360169033572588,0.2102977302124973,0.2102977302124973
2000-06-04 12:00:00,6,4,12,8.057987408048403,7.715278091883719,0.3427093161646839,0.3427093161646839
2000-06-04 18:00:00,6,4,18,4.490393504847819,4.698802300884505,-0.20840879603668583,0.20840879603668583
2000-06-05 00:00:00,6,5,0,4.364769803707185,4.140807680797411,0.22396212290977413,0.22396212290977413
2000-06-05 06:00:00,6,5,6,4.191646080980838,4.175299713002711,0.016346367978126608,0.016346367978126608
2000-06-05 12:00:00,6,5,12,7.557775458473063,7.563435042842891,-0.005659584369827719,0.005659584369827719
2000-06-05 18:00:00,6,5,18,4.49339860833862,4.225550772222735,0.2678478361158856,0.2678478361158856
2000-06-06 00:00:00,6,6,0,4.353818630260632,4.128170983703429,0.22564764655720282,0.22564764655720282
2000-06-06 06:00:00,6,6,6,4.529156206283583,4.493424927812829,0.0357312784707533,0.0357312784707533
2000-06-06 12:00:00,6,6,12,7.343552140833197,7.306925930184888,0.03662621064830951,0.03662621064830951
2000-06-06 18:00:00,6,6,18,4.828289942489666,4.668053443457203,0.16023649903246273,0.16023649903246273
2000-06-07 00:00:00,6,7,0,3.888562640104341,3.945822504398599,-0.05725986429425811,0.05725986429425811
2000-06-07 06:00:00,6,7,6,4.325310541886939,4.265388438502766,0.05992210338417259,0.05992210338417259
2000-06-07 12:00:00,6,7,12,7.293905277527546,7.497733952665579,-0.20382867513803227,0.20382867513803227
2000-06-07 18:00:00,6,7,18,4.770332569286262,4.798576412785956,-0.028243843499693888,0.028243843499693888
2000-06-08 00:00:00,6,8,0,4.123350338855413,4.204240942868244,-0.08089060401283099,0.08089060401283099
2000-06-08 06:00:00,6,8,6,4.720231732602468,4.82805329521012,-0.10782156260765241,0.10782156260765241
2000-06-08 12:00:00,6,8,12,7.470863588719873,7.48240546696953,-0.011541878249656357,0.011541878249656357
2000-06-08 18:00:00,6,8,18,4.623743333344407,4.686531084315811,-0.06278775097140343,0.06278775097140343
2000-06-09 00:00:00,6,9,0,4.059165509795903,3.920990111986424,0.13817539780947952,0.13817539780947952
2000-06-09 06:00:00,6,9,6,4.099517233686699,4.401026305473392,-0.3015090717866933,0.3015090717866933
2000-06-09 12:00:00,6,9,12,7.433485057700897,7.4095957079694035,0.023889349731493148,0.023889349731493148
2000-06-09 18:00:00,6,9,18,4.443163298023536,4.398601830271904,0.044561467751631945,0.044561467751631945
2000-06-10 00:00:00,6,10,0,4.089364457095718,4.200625911805484,-0.11126145470976567,0.11126145470976567
2000-06-10 06:00:00,6,10,6,4.52724061918377,4.601292941275098,-0.07405232209132784,0.07405232209132784
2000-06-10 12:00:00,6,10,12,7.024438845924636,7.44851168597414,-0.4240728400495035,0.4240728400495035
2000-06-10 18:00:00,6,10,18,4.611905577294992,4.558276405923772,0.05362917137122025,0.05362917137122025
2000-06-11 00:00:00,6,11,0,4.231900878483752,4.139327653268521,0.09257322521523115,0.09257322521523115
2000-06-11 06:00:00,6,11,6,4.847085206992259,4.723345660356605,0.12373954663565367,0.12373954663565367
2000-06-11 12:00:00,6,11,12,8.17703413624614,7.888747284900137,0.28828685134600374,0.28828685134600374
2000-06-11 18:00:00,6,11,18,4.930567397414936,4.855794308493546,0.07477308892139067,0.07477308892139067
2000-06-12 00:00:00,6,12,0,4.457950539209789,4.349423108248493,0.10852743096129647,0.10852743096129647
2000-06-12 06:00:00,6,12,6,4.428023982930868,4.449203531299667,-0.021179548368799317,0.021179548368799317
2000-06-12 12:00:00,6,12,12,8.03494741071789,7.792381464178194,0.24256594653969632,0.24256594653969632
2000-06-12 18:00:00,6,12,18,4.2057670653636565,4.462502018414174,-0.2567349530505174,0.2567349530505174
2000-06-13 00:00:00,6,13,0,3.945613649632337,4.051719731421513,-0.10610608178917591,0.10610608178917591
2000-06-13 06:00:00,6,13,6,4.774765818476504,4.511409440955862,0.2633563775206422,0.2633563775206422
2000-06-13 12:00:00,6,13,12,7.5507100838223185,7.964645351009649,-0.4139352671873304,0.4139352671873304
2000-06-13 18:00:00,6,13,18,4.2411884857719935,4.28866158157864,-0.04747309580664627,0.04747309580664627
2000-06-14 00:00:00,6,14,0,4.510099284005265,4.389392289118496,0.12070699488676873,0.12070699488676873
2000-06-14 06:00:00,6,14,6,4.3804140802227804,4.461836643740178,-0.08142256351739796,0.08142256351739796
2000-06-14 12:00:00,6,14,12,8.23018650649801,8.098336692370323,0.13184981412768693,0.13184981412768693
2000-06-14 18:00:00,6,14,18,4.829889442157954,4.819725395903235,0.010164046254719672,0.010164046254719672
2000-06-15 00:00:00,6,15,0,3.9789239663186846,4.118330760411758,-0.13940679409307322,0.13940679409307322
2000-06-15 06:00:00,6,15,6,4.560249450838106,4.590076418248185,-0.029826967410079064,0.029826967410079064
2000-06-15 12:00:00,6,15,12,7.599740174572997,7.751635502916177,-0.15189532834318076,0.15189532834318076
2000-06-15 18:00:00,6,15,18,4.997486700254971,4.792152769906594,0.20533393034837655,0.20533393034837655
2000-06-16 00:00:00,6,16,0,4.467771702158815,4.348849688334308,0.1189220138245064,0.1189220138245064
2000-06-16 06:00:00,6,16,6,4.697352950275895,4.7796762963590655,-0.08232334608317071,0.08232334608317071
2000-06-16 12:00:00,6,16,12,7.267904163157413,7.522607001846029,-0.2547028386886163,0.2547028386886163
2000-06-16 18:00:00,6,16,18,4.284614125447356,4.394912537901212,-0.11029841245385619,0.11029841245385619
2000-06-17 00:00:00,6,17,0,3.953688901757201,3.9744929564320914,-0.020804054674890438,0.020804054674890438
2000-06-17 06:00:00,6,17,6,4.632224659050698,4.504512112167004,0.1277125468836946,0.1277125468836946
2000-06-17 12:00:00,6,17,12,7.392200593701158,7.578154908676411,-0.18595431497525272,0.18595431497525272
2000-06-17 18:00:00,6,17,18,5.156328109600427,5.265813315751106,-0.10948520615067903,0.10948520615067903
2000-06-18 00:00:00,6,18,0,4.595134196357413,4.5870977316923245,0.008036464665088339,0.008036464665088339
2000-06-18 06:00:00,6,18,6,5.74759411812647,5.50093530802106,0.24665881010540947,0.24665881010540947
2000-06-18 12:00:00,6,18,12,7.814916966132169,7.997629863427658,-0.182712897295489,0.182712897295489
2000-06-18 18:00:00,6,18,18,4.937469844422899,5.334317966513869,-0.39684812209097053,0.39684812209097053
2000-06-19 00:00:00,6,19,0,5.35613980425908,4.817513672436625,0.538626131822455,0.538626131822455
2000-06-19 06:00:00,6,19,6,4.744647546254988,4.650341448474379,0.09430609778060983,0.09430609778060983
2000-06-19 12:00:00,6,19,12,7.659287789510155,7.68798019107835,-0.02869240156819508,0.02869240156819508
2000-06-19 18:00:00,6,19,18,5.171540111175956,5.111524883563936,0.06001522761201983,0.06001522761201983
2000-06-20 00:00:00,6,20,0,4.340270455304483,4.339866361361184,0.00040409394329898873,0.00040409394329898873
2000-06-20 06:00:00,6,20,6,4.96786944048618,4.887568263972514,0.0803011765136663,0.0803011765136663
2000-06-20 12:00:00,6,20,12,7.900831431884896,7.9053236921263546,-0.0044922602414585455,0.0044922602414585455
2000-06-20 18:00:00,6,20,18,4.800351749537493,4.727797834669398,0.07255391486809515,0.07255391486809515
2000-06-21 00:00:00,6,21,0,4.0942170128429,4.136559842134246,-0.04234282929134636,0.04234282929134636
2000-06-21 06:00:00,6,21,6,5.000947039550307,5.235118399103225,-0.234171359552918,0.234171359552918
2000-06-21 12:00:00,6,21,12,8.613352944995857,8.256069147415886,0.35728379757997075,0.35728379757997075
2000-06-21 18:00:00,6,21,18,4.761824302022196,4.940632416004052,-0.17880811398185514,0.17880811398185514
2000-06-22 00:00:00,6,22,0,3.7220255858015134,3.960932664715102,-0.23890707891358876,0.23890707891358876
2000-06-22 06:00:00,6,22,6,4.669971901062861,4.822290917150207,-0.152319016087346,0.152319016087346
2000-06-22 12:00:00,6,22,12,7.632597540581107,7.775042169530264,-0.142444628949157,0.142444628949157
2000-06-22 18:00:00,6,22,18,4.791099659416295,4.736851100893238,0.054248558523056545,0.054248558523056545
2000-06-23 00:00:00,6,23,0,4.480224123128661,4.3578249296120015,0.12239919351665929,0.12239919351665929
2000-06-23 06:00:00,6,23,6,4.823193616521781,4.684653596508704,0.1385400200130773,0.1385400200130773
2000-06-23 12:00:00,6,23,12,8.255086640547685,8.090872303370942,0.16421433717674283,0.16421433717674283
2000-06-23 18:00:00,6,23,18,4.494926690286465,4.5951906366552,-0.10026394636873537,0.10026394636873537
2000-06-24 00:00:00,6,24,0,4.488586309248309,4.446413288847542,0.042173020400767314,0.042173020400767314
2000-06-24 06:00:00,6,24,6,5.149738895276893,5.06988246945695,0.07985642581994234,0.07985642581994234
2000-06-24 12:00:00,6,24,12,7.781299087652795,8.112336050709944,-0.3310369630571488,0.3310369630571488
2000-06-24 18:00:00,6,24,18,4.77132997843616,4.734764803515144,0.03656517492101585,0.03656517492101585
2000-06-25 00:00:00,6,25,0,4.333621307674368,4.629009046461475,-0.2953877387871069,0.2953877387871069
2000-06-25 06:00:00,6,25,6,5.3216225518448645,4.957562408595727,0.36406014324913727,0.36406014324913727
2000-06-25 12:00:00,6,25,12,7.807757500100948,7.829110348029034,-0.021352847928086227,0.021352847928086227
2000-06-25 18:00:00,6,25,18,5.330036746830012,5.302694255318849,0.027342491511162414,0.027342491511162414
2000-06-26 00:00:00,6,26,0,3.786959377919773,3.9996809397739823,-0.2127215618542091,0.2127215618542091
2000-06-26 06:00:00,6,26,6,4.9166988127787885,4.997199065189357,-0.08050025241056868,0.08050025241056868
2000-06-26 12:00:00,6,26,12,8.548247379626288,8.131029489873667,0.41721788975262086,0.41721788975262086
2000-06-26 18:00:00,6,26,18,4.9944123716915225,4.807402371800937,0.1870099998905852,0.1870099998905852
2000-06-27 00:00:00,6,27,0,4.26484229500662,4.438993384465664,-0.1741510894590439,0.1741510894590439
2000-06-27 06:00:00,6,27,6,5.327012432453975,5.050986656678179,0.27602577577579535,0.27602577577579535
2000-06-27 12:00:00,6,27,12,8.151110407899354,8.006286147858598,0.14482426004075677,0.14482426004075677
2000-06-27 18:00:00,6,27,18,4.810008518051133,4.9259353885762645,-0.11592687052513106,0.11592687052513106
2000-06-28 00:00:00,6,28,0,4.713437376021694,4.612107565354552,0.10132981066714208,0.10132981066714208
2000-06-28 06:00:00,6,28,6,5.24971762994091,5.31221486111681,-0.062497231175900225,0.062497231175900225
2000-06-28 12:00:00,6,28,12,8.7677205383772,8.362038967844152,0.4056815705330479,0.4056815705330479
2000-06-28 18:00:00,6,28,18,4.732018086123989,4.862966962856926,-0.13094887673293698,0.13094887673293698
2000-06-29 00:00:00,6,29,0,4.511995629175388,4.484791676302982,0.027203952872405956,0.027203952872405956
2000-06-29 06:00:00,6,29,6,4.711878164801627,4.896226109536786,-0.18434794473515925,0.18434794473515925
2000-06-29 12:00:00,6,29,12,7.425001449793799,7.706905273564115,-0.28190382377031664,0.28190382377031664
2000-06-29 18:00:00,6,29,18,5.197343689434143,4.841382398593144,0.35596129084099903,0.35596129084099903
2000-06-30 00:00:00,6,30,0,4.180853379525861,4.403374752499641,-0.22252137297377939,0.22252137297377939
2000-06-30 06:00:00,6,30,6,4.883971024931727,4.694459965818844,0.18951105911288302,0.18951105911288302
2000-06-30 12:00:00,6,30,12,7.767159475912218,8.03354028973667,-0.266380813824453,0.266380813824453
2000-06-30 18:00:00,6,30,18,5.874897670967005,5.8335733495726645,0.041324321394340835,0.041324321394340835
2000-07-01 00:00:00,7,1,0,4.788397007623361,4.773048161502714,0.015348846120647686,0.015348846120647686
2000-07-01 06:00:00,7,1,6,4.840927870712201,4.965739777396035,-0.12481190668383402,0.12481190668383402
2000-07-01 12:00:00,7,1,12,7.965200401092488,7.971415675043719,-0.006215273951230671,0.006215273951230671
2000-07-01 18:00:00,7,1,18,4.658911153429666,4.700342944766933,-0.04143179133726704,0.04143179133726704
2000-07-02 00:00:00,7,2,0,4.7266033563122525,4.508811256667478,0.21779209964477442,0.21779209964477442
2000-07-02 06:00:00,7,2,6,5.765667492386995,5.506863359048568,0.258804133338427,0.258804133338427
2000-07-02 12:00:00,7,2,12,8.153844701548891,8.265186533121295,-0.1113418315724033,0.1113418315724033
2000-07-02 18:00:00,7,2,18,5.054329742034158,5.003904144581817,0.050425597452340654,0.050425597452340654
2000-07-03 00:00:00,7,3,0,4.755541511986976,4.735671918346614,0.01986959364036256,0.01986959364036256
2000-07-03 06:00:00,7,3,6,5.292488122436361,5.223356961740895,0.06913116069546632,0.06913116069546632
2000-07-03 12:00:00,7,3,12,8.137980863217827,8.16614644721679,-0.028165583998962518,0.028165583998962518
2000-07-03 18:00:00,7,3,18,5.444750623668861,5.421090551833704,0.023660071835157837,0.023660071835157837
2000-07-04 00:00:00,7,4,0,4.066969253001722,4.158732689034125,-0.09176343603240333,0.09176343603240333
2000-07-04 06:00:00,7,4,6,5.134372968744658,5.203372668194595,-0.06899969944993689,0.06899969944993689
2000-07-04 12:00:00,7,4,12,8.31313596865145,8.028491170728286,0.2846447979231641,0.2846447979231641
2000-07-04 18:00:00,7,4,18,4.9893310537170485,4.899864936119474,0.08946611759757417,0.08946611759757417
2000-07-05 00:00:00,7,5,0,4.913017922541999,4.875061588024515,0.03795633451748426,0.03795633451748426
2000-07-05 06:00:00,7,5,6,5.054815029630656,4.955213593548224,0.09960143608243133,0.09960143608243133
2000-07-05 12:00:00,7,5,12,8.29860474003919,8.29544601198647,0.0031587280527194395,0.0031587280527194395
2000-07-05 18:00:00,7,5,18,4.976455430709695,4.925732399704275,0.05072303100542008,0.05072303100542008
2000-07-06 00:00:00,7,6,0,4.459726308188492,4.677735876220477,-0.21800956803198446,0.21800956803198446
2000-07-06 06:00:00,7,6,6,5.094503910870461,4.844100664231944,0.2504032466385171,0.2504032466385171
2000-07-06 12:00:00,7,6,12,7.528330914062474,7.994708904265496,-0.4663779902030223,0.4663779902030223
2000-07-06 18:00:00,7,6,18,4.728724066942632,4.752674686916954,-0.023950619974322684,0.023950619974322684
2000-07-07 00:00:00,7,7,0,4.865293157563331,4.603112997090736,0.26218016047259507,0.26218016047259507
2000-07-07 06:00:00,7,7,6,4.880482997447562,5.110100958792502,-0.22961796134494072,0.22961796134494072
2000-07-07 12:00:00,7,7,12,8.295517683043162,8.118231505317343,0.17728617772581856,0.17728617772581856
2000-07-07 18:00:00,7,7,18,5.390153760247377,5.407163042101635,-0.017009281854257985,0.017009281854257985
2000-07-08 00:00:00,7,8,0,4.616651331164031,4.668320597671555,-0.051669266507524014,0.051669266507524014
2000-07-08 06:00:00,7,8,6,5.312459083869826,5.167309131488266,0.14514995238156025,0.14514995238156025
2000-07-08 12:00:00,7,8,12,8.107627505875296,8.06820508686597,0.03942241900932686,0.03942241900932686
2000-07-08 18:00:00,7,8,18,5.042701448917297,5.330093165138439,-0.28739171622114146,0.28739171622114146
2000-07-09 00:00:00,7,9,0,4.407936620287661,4.575931063367781,-0.16799444308012035,0.16799444308012035
2000-07-09 06:00:00,7,9,6,5.286841767280942,5.11080854244413,0.17603322483681172,0.17603322483681172
2000-07-09 12:00:00,7,9,12,8.700398766616757,8.487231173066897,0.21316759354986026,0.21316759354986026
2000-07-09 18:00:00,7,9,18,5.361197976085349,5.06082763332279,0.3003703427625588,0.3003703427625588
2000-07-10 00:00:00,7,10,0,5.195910671267164,4.946013481223344,0.2498971900438205,0.2498971900438205
2000-07-10 06:00:00,7,10,6,5.37187169419623,5.452596562466887,-0.08072486827065717,0.08072486827065717
2000-07-10 12:00:00,7,10,12,8.771318582370373,8.249827059878335,0.5214915224920382,0.5214915224920382
2000-07-10 18:00:00,7,10,18,5.3030873646361565,5.251378282454182,0.051709082181974786,0.051709082181974786
2000-07-11 00:00:00,7,11,0,4.8866857772035805,5.071277915058489,-0.18459213785490824,0.18459213785490824
2000-07-11 06:00:00,7,11,6,5.29010701752489,5.3947011800255815,-0.10459416250069165,0.10459416250069165
2000-07-11 12:00:00,7,11,12,7.719800574173613,8.16871857981082,-0.4489180056372071,0.4489180056372071
2000-07-11 18:00:00,7,11,18,5.260345911504088,5.0665459323114055,0.19379997919268277,0.19379997919268277
2000-07-12 00:00:00,7,12,0,5.133020868232732,4.77474299528437,0.3582778729483618,0.3582778729483618
2000-07-12 06:00:00,7,12,6,5.091963162162402,5.211929433044657,-0.1199662708822542,0.1199662708822542
2000-07-12 12:00:00,7,12,12,8.5880050875866,8.547419410477586,0.040585677109014284,0.040585677109014284
2000-07-12 18:00:00,7,12,18,5.213006695742582,5.168761375200997,0.044245320541584476,0.044245320541584476
2000-07-13 00:00:00,7,13,0,4.633859586388859,4.811122046780557,-0.1772624603916979,0.1772624603916979
2000-07-13 06:00:00,7,13,6,4.571667489491327,4.965109094126218,-0.39344160463489075,0.39344160463489075
2000-07-13 12:00:00,7,13,12,8.035711638974096,8.090396982097118,-0.054685343123022534,0.054685343123022534
2000-07-13 18:00:00,7,13,18,5.280977233837999,5.310518332237514,-0.029541098399515242,0.029541098399515242
2000-07-14 00:00:00,7,14,0,4.73614176215703,4.79835111914541,-0.06220935698838037,0.06220935698838037
2000-07-14 06:00:00,7,14,6,4.965486264947883,4.955004528201242,0.01048173674664099,0.01048173674664099
2000-07-14 12:00:00,7,14,12,8.729625675521909,8.46935237357014,0.26027330195176823,0.26027330195176823
2000-07-14 18:00:00,7,14,18,5.218991581068971,5.231566098959266,-0.012574517890294956,0.012574517890294956
2000-07-15 00:00:00,7,15,0,5.001584052927231,4.901537515391769,0.10004653753546222,0.10004653753546222
2000-07-15 06:00:00,7,15,6,5.2723312811515095,5.105954705782758,0.1663765753687514,0.1663765753687514
2000-07-15 12:00:00,7,15,12,9.191193451260956,8.682887275980645,0.5083061752803104,0.5083061752803104
2000-07-15 18:00:00,7,15,18,5.962625650375473,5.996051775280963,-0.03342612490548991,0.03342612490548991
2000-07-16 00:00:00,7,16,0,4.844865094221543,4.769595657996634,0.07526943622490911,0.07526943622490911
2000-07-16 06:00:00,7,16,6,5.22896046933087,5.1525946738832475,0.07636579544762245,0.07636579544762245
2000-07-16 12:00:00,7,16,12,8.557953190294661,8.68307156332645,-0.12511837303178908,0.12511837303178908
2000-07-16 18:00:00,7,16,18,5.556808286262504,5.27304217801034,0.28376610825216364,0.28376610825216364
2000-07-17 00:00:00,7,17,0,5.288608001535971,5.058269260581716,0.230338740954255,0.230338740954255
2000-07-17 06:00:00,7,17,6,4.8322165730761695,4.990748142304452,-0.15853156922828227,0.15853156922828227
2000-07-17 12:00:00,7,17,12,8.118130982948989,8.082455615715869,0.035675367233119815,0.035675367233119815
2000-07-17 18:00:00,7,17,18,5.421005405184205,5.2481932594924565,0.17281214569174885,0.17281214569174885
2000-07-18 00:00:00,7,18,0,5.015339682858084,5.070142779790564,-0.05480309693248042,0.05480309693248042
2000-07-18 06:00:00,7,18,6,5.2928941387206505,5.217071335594548,0.07582280312610212,0.07582280312610212
2000-07-18 12:00:00,7,18,12,8.492449271339389,8.515922736879471,-0.023473465540082117,0.023473465540082117
2000-07-18 18:00:00,7,18,18,5.032805074263665,5.311902343950599,-0.2790972696869334,0.2790972696869334
2000-07-19 00:00:00,7,19,0,4.973192949911716,4.885221687178941,0.08797126273277467,0.08797126273277467
2000-07-19 06:00:00,7,19,6,5.003090475028874,5.231970894888937,-0.22888041986006247,0.22888041986006247
2000-07-19 12:00:00,7,19,12,8.57095130346262,8.351409318998188,0.2195419844644313,0.2195419844644313
2000-07-19 18:00:00,7,19,18,5.0958312776346,5.208121750757347,-0.11229047312274698,0.11229047312274698
2000-07-20 00:00:00,7,20,0,4.738307890551495,4.72553163209215,0.01277625845934427,0.01277625845934427
2000-07-20 06:00:00,7,20,6,5.752640865104024,5.538473574412315,0.2141672906917096,0.2141672906917096
2000-07-20 12:00:00,7,20,12,8.522272998277208,8.453345471532705,0.06892752674450264,0.06892752674450264
2000-07-20 18:00:00,7,20,18,5.349642841151409,5.560322292247765,-0.21067945109635566,0.21067945109635566
2000-07-21 00:00:00,7,21,0,4.835371616328055,4.976719749550456,-0.14134813322240092,0.14134813322240092
2000-07-21 06:00:00,7,21,6,5.499635310569031,5.623547124595695,-0.12391181402666351,0.12391181402666351
2000-07-21 12:00:00,7,21,12,8.30110243601958,8.30941708386921,-0.008314647849630319,0.008314647849630319
2000-07-21 18:00:00,7,21,18,5.1057150558481705,5.04115488187715,0.06456017397102087,0.06456017397102087
2000-07-22 00:00:00,7,22,0,4.873960156940653,4.977936400617011,-0.10397624367635849,0.10397624367635849
2000-07-22 06:00:00,7,22,6,5.192903435708304,5.407314195284753,-0.21441075957644884,0.21441075957644884
2000-07-22 12:00:00,7,22,12,8.937718186174441,8.728116437254991,0.20960174891945016,0.20960174891945016
2000-07-22 18:00:00,7,22,18,5.009007230716073,5.066266336138017,-0.057259105421943346,0.057259105421943346
2000-07-23 00:00:00,7,23,0,5.442168297486311,5.036545847441099,0.4056224500452119,0.4056224500452119
2000-07-23 06:00:00,7,23,6,5.346715069653875,5.33850272506886,0.008212344585015074,0.008212344585015074
2000-07-23 12:00:00,7,23,12,8.645744284071961,8.338477847845576,0.30726643622638505,0.30726643622638505
2000-07-23 18:00:00,7,23,18,5.139211873391613,5.379805286570989,-0.24059341317937655,0.24059341317937655
2000-07-24 00:00:00,7,24,0,4.395639163017346,4.756948842759258,-0.36130967974191197,0.36130967974191197
2000-07-24 06:00:00,7,24,6,5.580005909623031,5.701772995231707,-0.12176708560867588,0.12176708560867588
2000-07-24 12:00:00,7,24,12,8.667688616274408,8.452806216992144,0.2148823992822635,0.2148823992822635
2000-07-24 18:00:00,7,24,18,5.731188952245389,5.393313774730046,0.33787517751534235,0.33787517751534235
2000-07-25 00:00:00,7,25,0,4.750990557118608,4.8963129163950345,-0.14532235927642656,0.14532235927642656
2000-07-25 06:00:00,7,25,6,5.492486752469248,5.59532375671773,-0.10283700424848163,0.10283700424848163
2000-07-25 12:00:00,7,25,12,8.194501247646137,8.434716084576205,-0.2402148369300683,0.2402148369300683
2000-07-25 18:00:00,7,25,18,4.770722032150997,5.08121457188472,-0.3104925397337235,0.3104925397337235
2000-07-26 00:00:00,7,26,0,5.215833574533599,5.093384165130612,0.12244940940298754,0.12244940940298754
2000-07-26 06:00:00,7,26,6,5.319440497977747,5.259737553734848,0.05970294424289957,0.05970294424289957
2000-07-26 12:00:00,7,26,12,8.43853138262058,8.519060334379125,-0.08052895175854502,0.08052895175854502
2000-07-26 18:00:00,7,26,18,5.341067650337351,5.7247632067724386,-0.3836955564350877,0.3836955564350877
2000-07-27 00:00:00,7,27,0,5.186675853861484,4.888094133527357,0.298581720334127,0.298581720334127
2000-07-27 06:00:00,7,27,6,5.010491601729194,5.13531271544476,-0.12482111371556659,0.12482111371556659
2000-07-27 12:00:00,7,27,12,8.39550636739109,8.406005247191322,-0.010498879800232785,0.010498879800232785
2000-07-27 18:00:00,7,27,18,5.701484648945637,5.975677740898687,-0.27419309195305086,0.27419309195305086
2000-07-28 00:00:00,7,28,0,5.037482592399763,4.9896092216928,0.04787337070696296,0.04787337070696296
2000-07-28 06:00:00,7,28,6,5.241321018360974,5.202751576286894,0.03856944207408031,0.03856944207408031
2000-07-28 12:00:00,7,28,12,8.662235373862423,8.579927430341883,0.08230794352054005,0.08230794352054005
2000-07-28 18:00:00,7,28,18,5.069631990157996,5.000439379300365,0.0691926108576304,0.0691926108576304
2000-07-29 00:00:00,7,29,0,4.936764830853756,4.821376127178555,0.11538870367520104,0.11538870367520104
2000-07-29 06:00:00,7,29,6,5.53763825571836,5.7226904096187114,-0.1850521539003518,0.1850521539003518
2000-07-29 12:00:00,7,29,12,8.554208193890153,8.518860814113323,0.03534737977683022,0.03534737977683022
2000-07-29 18:00:00,7,29,18,6.353547540391538,6.155024921622891,0.19852261876864663,0.19852261876864663
2000-07-30 00:00:00,7,30,0,5.239535667244329,5.195946209976168,0.04358945726816099,0.04358945726816099
2000-07-30 06:00:00,7,30,6,5.352492699857642,5.22188496145099,0.13060773840665174,0.13060773840665174
2000-07-30 12:00:00,7,30,12,8.081339783938592,8.290825533454997,-0.2094857495164053,0.2094857495164053
2000-07-30 18:00:00,7,30,18,5.11235331842968,5.312337440128455,-0.19998412169877522,0.19998412169877522
2000-07-31 00:00:00,7,31,0,4.373179262403395,4.70186471607818,-0.32868545367478497,0.32868545367478497
2000-07-31 06:00:00,7,31,6,5.552408685693164,5.339543021073559,0.21286566461960543,0.21286566461960543
2000-07-31 12:00:00,7,31,12,8.469647297598467,8.344656516677214,0.12499078092125337,0.12499078092125337
2000-07-31 18:00:00,7,31,18,5.339047082729608,5.2078822905471185,0.13116479218248944,0.13116479218248944
2000-08-01 00:00:00,8,1,0,4.819755458307581,4.8548038450797435,-0.03504838677216249,0.03504838677216249
2000-08-01 06:00:00,8,1,6,4.966323509865871,5.337366267982265,-0.37104275811639376,0.37104275811639376
2000-08-01 12:00:00,8,1,12,8.502111118631364,8.549847947217298,-0.04773682858593453,0.04773682858593453
2000-08-01 18:00:00,8,1,18,5.695343209200812,5.685786323472322,0.009556885728489561,0.009556885728489561
2000-08-02 00:00:00,8,2,0,5.352767498520219,5.38790754443584,-0.03514004591562081,0.03514004591562081
2000-08-02 06:00:00,8,2,6,5.3357192386135495,5.355734989268396,-0.02001575065484662,0.02001575065484662
2000-08-02 12:00:00,8,2,12,8.348527311869109,8.352492823629532,-0.003965511760423368,0.003965511760423368
2000-08-02 18:00:00,8,2,18,5.404671158494354,5.425036696373272,-0.02036553787891826,0.02036553787891826
2000-08-03 00:00:00,8,3,0,4.773755425196055,4.747050143486168,0.026705281709887174,0.026705281709887174
2000-08-03 06:00:00,8,3,6,4.932912659754132,5.107124753936987,-0.1742120941828551,0.1742120941828551
2000-08-03 12:00:00,8,3,12,8.67344220605746,8.530559279650905,0.1428829264065552,0.1428829264065552
2000-08-03 18:00:00,8,3,18,5.630818299136804,5.740718140464343,-0.10989984132753872,0.10989984132753872
2000-08-04 00:00:00,8,4,0,4.724645822403809,4.955839928366245,-0.2311941059624365,0.2311941059624365
2000-08-04 06:00:00,8,4,6,5.40517445689657,5.603014240219429,-0.19783978332285912,0.19783978332285912
2000-08-04 12:00:00,8,4,12,8.676613136506516,8.731706007962634,-0.055092871456118075,0.055092871456118075
2000-08-04 18:00:00,8,4,18,5.5420268286254695,5.343131341230864,0.19889548739460583,0.19889548739460583
2000-08-05 00:00:00,8,5,0,5.3421943230535,5.408252967509369,-0.06605864445586906,0.06605864445586906
2000-08-05 06:00:00,8,5,6,5.688418074847718,5.684274037744933,0.004144037102784992,0.004144037102784992
2000-08-05 12:00:00,8,5,12,8.18031884856806,8.514654176441274,-0.3343353278732142,0.3343353278732142
2000-08-05 18:00:00,8,5,18,5.343573642149025,5.242225775985913,0.10134786616311153,0.10134786616311153
2000-08-06 00:00:00,8,6,0,4.847343134347312,4.971058489496954,-0.12371535514964194,0.12371535514964194
2000-08-06 06:00:00,8,6,6,5.529092992556536,5.559336965610035,-0.030243973053498685,0.030243973053498685
2000-08-06 12:00:00,8,6,12,8.774686735771176,8.498587250326457,0.2760994854447194,0.2760994854447194
2000-08-06 18:00:00,8,6,18,5.641609716266384,5.534338044608741,0.10727167165764318,0.10727167165764318
2000-08-07 00:00:00,8,7,0,4.694663514041816,4.977525484091989,-0.2828619700501731,0.2828619700501731
2000-08-07 06:00:00,8,7,6,4.957599955892112,5.327304960977779,-0.3697050050856667,0.3697050050856667
2000-08-07 12:00:00,8,7,12,8.11769381664653,8.193234316486066,-0.07554049983953703,0.07554049983953703
2000-08-07 18:00:00,8,7,18,5.351485039314054,5.557507005356642,-0.20602196604258882,0.20602196604258882
2000-08-08 00:00:00,8,8,0,5.997178358864722,5.693897569578728,0.3032807892859939,0.3032807892859939
2000-08-08 06:00:00,8,8,6,5.563522152003839,5.53262203965409,0.030900112349748987,0.030900112349748987
2000-08-08 12:00:00,8,8,12,8.29068661738208,8.364043305584568,-0.07335668820248742,0.07335668820248742
2000-08-08 18:00:00,8,8,18,5.723957915446744,5.77444993624733,-0.050492020800586346,0.050492020800586346
2000-08-09 00:00:00,8,9,0,5.317516073322047,4.904798820657584,0.41271725266446246,0.41271725266446246
2000-08-09 06:00:00,8,9,6,6.225652876179529,5.688709177547187,0.5369436986323421,0.5369436986323421
2000-08-09 12:00:00,8,9,12,8.4703736992502,8.600754000143196,-0.13038030089299646,0.13038030089299646
2000-08-09 18:00:00,8,9,18,5.212658690377988,5.135900105800707,0.07675858457728069,0.07675858457728069
2000-08-10 00:00:00,8,10,0,5.228445269528156,5.2267375281945005,0.001707741333655477,0.001707741333655477
2000-08-10 06:00:00,8,10,6,5.370950310388503,5.431290309589156,-0.060339999200652805,0.060339999200652805
2000-08-10 12:00:00,8,10,12,8.798605570547148,8.788276677937487,0.0103288926096603,0.0103288926096603
2000-08-10 18:00:00,8,10,18,5.301272480036291,5.5008858790415465,-0.19961339900525576,0.19961339900525576
2000-08-11 00:00:00,8,11,0,5.136519889098564,5.262770801040359,-0.12625091194179472,0.12625091194179472
2000-08-11 06:00:00,8,11,6,5.852165262414636,5.744015719408558,0.10814954300607837,0.10814954300607837
2000-08-11 12:00:00,8,11,12,8.66799869874988,8.669041343925235,-0.001042645175354906,0.001042645175354906
2000-08-11 18:00:00,8,11,18,4.970391078964096,5.414638128800001,-0.444247049835905,0.444247049835905
2000-08-12 00:00:00,8,12,0,5.164324202969418,5.073901556755817,0.09042264621360108,0.09042264621360108
2000-08-12 06:00:00,8,12,6,5.781022516422449,5.718756914218365,0.06226560220408395,0.06226560220408395
2000-08-12 12:00:00,8,12,12,9.266498488687892,8.836855148567079,0.42964334012081373,0.42964334012081373
2000-08-12 18:00:00,8,12,18,6.157236927242304,5.988072342241152,0.16916458500115272,0.16916458500115272
2000-08-13 00:00:00,8,13,0,5.465684506897271,5.630225030023771,-0.16454052312650003,0.16454052312650003
2000-08-13 06:00:00,8,13,6,4.888444823575957,5.261782192618698,-0.3733373690427406,0.3733373690427406
2000-08-13 12:00:00,8,13,12,8.056508846810676,8.334935748704304,-0.27842690189362784,0.27842690189362784
2000-08-13 18:00:00,8,13,18,5.469273000965529,5.597981172717864,-0.12870817175233462,0.12870817175233462
2000-08-14 00:00:00,8,14,0,5.17786962176668,4.965151932769264,0.21271768899741605,0.21271768899741605
2000-08-14 06:00:00,8,14,6,5.564738256642613,5.518773793880315,0.045964462762298375,0.045964462762298375
2000-08-14 12:00:00,8,14,12,8.725946450560183,8.54522005251703,0.18072639804315394,0.18072639804315394
2000-08-14 18:00:00,8,14,18,5.3122598286277904,5.460088774059223,-0.14782894543143232,0.14782894543143232
2000-08-15 00:00:00,8,15,0,5.207521050004402,5.03051471590023,0.17700633410417232,0.17700633410417232
2000-08-15 06:00:00,8,15,6,6.0081939920250695,5.789396146961396,0.2187978450636736,0.2187978450636736
2000-08-15 12:00:00,8,15,12,8.055208253467157,8.458236600021094,-0.4030283465539366,0.4030283465539366
2000-08-15 18:00:00,8,15,18,6.389534461769789,6.150140522310572,0.23939393945921683,0.23939393945921683
2000-08-16 00:00:00,8,16,0,5.1557763302448265,5.0836071158965215,0.07216921434830503,0.07216921434830503
2000-08-16 06:00:00,8,16,6,5.938079511941635,5.859857056097744,0.07822245584389087,0.07822245584389087
2000-08-16 12:00:00,8,16,12,8.108722757900352,8.351027222555716,-0.24230446465536382,0.24230446465536382
2000-08-16 18:00:00,8,16,18,5.857589811295973,5.587533929435555,0.27005588186041773,0.27005588186041773
2000-08-17 00:00:00,8,17,0,4.742703157193835,4.921988060819524,-0.17928490362568894,0.17928490362568894
2000-08-17 06:00:00,8,17,6,5.633355035262262,5.534475937007883,0.09887909825437902,0.09887909825437902
2000-08-17 12:00:00,8,17,12,8.798151708177402,8.615361402074171,0.18279030610323055,0.18279030610323055
2000-08-17 18:00:00,8,17,18,5.303367658421704,5.440281889997466,-0.1369142315757612,0.1369142315757612
2000-08-18 00:00:00,8,18,0,5.763767173413857,5.3887171936346485,0.3750499797792086,0.3750499797792086
2000-08-18 06:00:00,8,18,6,5.372918894836757,5.319197136866352,0.053721757970405015,0.053721757970405015
2000-08-18 12:00:00,8,18,12,8.370009266738274,8.317195920893933,0.052813345844340276,0.052813345844340276
2000-08-18 18:00:00,8,18,18,5.276871658558839,5.578573957919671,-0.3017022993608318,0.3017022993608318
2000-08-19 00:00:00,8,19,0,5.5659969178618525,5.139486914266848,0.4265100035950047,0.4265100035950047
2000-08-19 06:00:00,8,19,6,5.215517763391577,5.457392678794859,-0.2418749154032822,0.2418749154032822
2000-08-19 12:00:00,8,19,12,8.254676008991504,8.15099277691045,0.10368323208105501,0.10368323208105501
2000-08-19 18:00:00,8,19,18,5.25472100880662,5.4520804217379935,-0.19735941293137316,0.19735941293137316
2000-08-20 00:00:00,8,20,0,5.109867094031382,5.151462489535204,-0.04159539550382174,0.04159539550382174
2000-08-20 06:00:00,8,20,6,5.555929692514055,5.40048756089525,0.1554421316188046,0.1554421316188046
2000-08-20 12:00:00,8,20,12,8.570619814872611,8.27476373049856,0.2958560843740514,0.2958560843740514
2000-08-20 18:00:00,8,20,18,5.395867502651045,5.631715810344857,-0.2358483076938116,0.2358483076938116
2000-08-21 00:00:00,8,21,0,5.290876037578751,5.108413219243978,0.18246281833477251,0.18246281833477251
2000-08-21 06:00:00,8,21,6,5.38084634214644,5.337487627801667,0.04335871434477312,0.04335871434477312
2000-08-21 12:00:00,8,21,12,7.979891764339496,8.163169421478896,-0.18327765713940014,0.18327765713940014
2000-08-21 18:00:00,8,21,18,5.533603559435051,5.24614771817073,0.2874558412643209,0.2874558412643209
2000-08-22 00:00:00,8,22,0,4.522985598438118,4.7098811605134765,-0.1868955620753585,0.1868955620753585
2000-08-22 06:00:00,8,22,6,5.577078372909104,5.612878060579293,-0.03579968767018915,0.03579968767018915
2000-08-22 12:00:00,8,22,12,9.07446504800447,8.61715199495695,0.45731305304751935,0.45731305304751935
2000-08-22 18:00:00,8,22,18,5.371947279095333,5.517992969473273,-0.14604569037793969,0.14604569037793969
2000-08-23 00:00:00,8,23,0,5.428319112280995,5.424784289430647,0.0035348228503480073,0.0035348228503480073
2000-08-23 06:00:00,8,23,6,5.5262956528238645,5.43940735940382,0.08688829342004478,0.08688829342004478
2000-08-23 12:00:00,8,23,12,8.25694901438997,8.249887653793417,0.007061360596553712,0.007061360596553712
2000-08-23 18:00:00,8,23,18,6.255744236518457,6.049021001346342,0.20672323517211488,0.20672323517211488
2000-08-24 00:00:00,8,24,0,5.457884040146199,5.389361102197328,0.06852293794887121,0.06852293794887121
2000-08-24 06:00:00,8,24,6,5.637508470374464,5.724293594407504,-0.08678512403303973,0.08678512403303973
2000-08-24 12:00:00,8,24,12,8.550090866984796,8.414579688342116,0.13551117864268036,0.13551117864268036
2000-08-24 18:00:00,8,24,18,5.444325141783364,5.329183953992551,0.11514118779081262,0.11514118779081262
2000-08-25 00:00:00,8,25,0,5.128193439308081,4.949732978463193,0.17846046084488787,0.17846046084488787
2000-08-25 06:00:00,8,25,6,5.4617313405496,5.718607825322317,-0.2568764847727163,0.2568764847727163
2000-08-25 12:00:00,8,25,12,8.24301655499088,8.195376536732155,0.04764001825872555,0.04764001825872555
2000-08-25 18:00:00,8,25,18,5.639189364889866,5.815048500185638,-0.1758591352957719,0.1758591352957719
2000-08-26 00:00:00,8,26,0,4.446053956298542,4.670730810315842,-0.2246768540173001,0.2246768540173001
2000-08-26 06:00:00,8,26,6,5.481309359698977,5.448379499221501,0.03292986047747615,0.03292986047747615
2000-08-26 12:00:00,8,26,12,8.781863211047238,8.69792103473918,0.08394217630805834,0.08394217630805834
2000-08-26 18:00:00,8,26,18,5.660562815534134,5.513113629748196,0.1474491857859377,0.1474491857859377
2000-08-27 00:00:00,8,27,0,5.207430032906266,5.024929193419756,0.18250083948650975,0.18250083948650975
2000-08-27 06:00:00,8,27,6,4.708919684238051,5.064778007830623,-0.35585832359257186,0.35585832359257186
2000-08-27 12:00:00,8,27,12,8.038294166551765,8.224847724777442,-0.1865535582256772,0.1865535582256772
2000-08-27 18:00:00,8,27,18,4.915453379648981,5.102879065736207,-0.18742568608722632,0.18742568608722632
2000-08-28 00:00:00,8,28,0,4.866347325035993,4.882083039560164,-0.015735714524170774,0.015735714524170774
2000-08-28 06:00:00,8,28,6,5.751823725105682,5.692999493788507,0.058824231317174736,0.058824231317174736
2000-08-28 12:00:00,8,28,12,8.132427392876219,8.155043272187502,-0.022615879311283393,0.022615879311283393
2000-08-28 18:00:00,8,28,18,5.479052157965433,5.532697567007667,-0.05364540904223425,0.05364540904223425
2000-08-29 00:00:00,8,29,0,5.118014133668699,4.89980412633169,0.21821000733700924,0.21821000733700924
2000-08-29 06:00:00,8,29,6,5.307028356067673,5.713011373808347,-0.4059830177406738,0.4059830177406738
2000-08-29 12:00:00,8,29,12,8.087346177886396,7.9138577839328565,0.173488393953539,0.173488393953539
2000-08-29 18:00:00,8,29,18,5.545820117042489,5.63032942366034,-0.08450930661785172,0.08450930661785172
2000-08-30 00:00:00,8,30,0,4.94077228667648,5.025023562325724,-0.08425127564924395,0.08425127564924395
2000-08-30 06:00:00,8,30,6,4.935478189228404,5.059159558098219,-0.12368136886981507,0.12368136886981507
2000-08-30 12:00:00,8,30,12,8.683820390246453,8.449807651928845,0.23401273831760783,0.23401273831760783
2000-08-30 18:00:00,8,30,18,5.025826223872056,5.208124943249955,-0.18229871937789888,0.18229871937789888
2000-08-31 00:00:00,8,31,0,5.18945052362722,5.2036389273453425,-0.0141884037181228,0.0141884037181228
2000-08-31 06:00:00,8,31,6,5.561485543353972,5.444504964119661,0.11698057923431104,0.11698057923431104
2000-08-31 12:00:00,8,31,12,8.002164612501472,8.267529130477307,-0.2653645179758346,0.2653645179758346
2000-08-31 18:00:00,8,31,18,5.496256948024948,5.690648377397813,-0.1943914293728648,0.1943914293728648
2000-09-01 00:00:00,9,1,0,4.815447186854977,4.7777544297920596,0.03769275706291708,0.03769275706291708
2000-09-01 06:00:00,9,1,6,5.3154871272402975,5.482396842242085,-0.16690971500178708,0.16690971500178708
2000-09-01 12:00:00,9,1,12,7.917356596428544,8.057173159101284,-0.13981656267274012,0.13981656267274012
2000-09-01 18:00:00,9,1,18,5.469212128202616,5.547136441607128,-0.07792431340451156,0.07792431340451156
2000-09-02 00:00:00,9,2,0,5.399728977599032,5.252873590393186,0.14685538720584557,0.14685538720584557
2000-09-02 06:00:00,9,2,6,5.334108727446309,5.361723169645828,-0.027614442199518585,0.027614442199518585
2000-09-02 12:00:00,9,2,12,8.305056533400531,8.158515403267524,0.1465411301330075,0.1465411301330075
2000-09-02 18:00:00,9,2,18,5.083136633260584,5.247025251391094,-0.16388861813051037,0.16388861813051037
2000-09-03 00:00:00,9,3,0,4.851518736451736,5.0652870851276734,-0.21376834867593786,0.21376834867593786
2000-09-03 06:00:00,9,3,6,5.464235674871538,5.13274915890501,0.3314865159665281,0.3314865159665281
2000-09-03 12:00:00,9,3,12,8.177959029463798,8.20310121540855,-0.025142185944751816,0.025142185944751816
2000-09-03 18:00:00,9,3,18,5.296758364187485,5.5108362703994285,-0.21407790621194334,0.21407790621194334
2000-09-04 00:00:00,9,4,0,4.6554633018238505,5.034835909389661,-0.37937260756581015,0.37937260756581015
2000-09-04 06:00:00,9,4,6,5.883854520563231,5.671509928026682,0.21234459253654947,0.21234459253654947
2000-09-04 12:00:00,9,4,12,8.38434238185125,8.461172309076456,-0.07682992722520687,0.07682992722520687
2000-09-04 18:00:00,9,4,18,4.898689943390394,4.941545811458024,-0.04285586806762964,0.04285586806762964
2000-09-05 00:00:00,9,5,0,4.730413583072662,4.777069005143594,-0.04665542207093232,0.04665542207093232
2000-09-05 06:00:00,9,5,6,5.30230011332551,5.193025114873899,0.10927499845161037,0.10927499845161037
2000-09-05 12:00:00,9,5,12,7.854912742849376,7.8559285570215,-0.0010158141721232639,0.0010158141721232639
2000-09-05 18:00:00,9,5,18,5.726507594646507,5.315443768412404,0.41106382623410287,0.41106382623410287
2000-09-06 00:00:00,9,6,0,5.915881266787957,5.730281524143676,0.18559974264428103,0.18559974264428103
2000-09-06 06:00:00,9,6,6,5.860318926710189,5.613253672835397,0.2470652538747924,0.2470652538747924
2000-09-06 12:00:00,9,6,12,7.974276367086146,7.836067165161476,0.13820920192466968,0.13820920192466968
2000-09-06 18:00:00,9,6,18,5.504196106799979,5.512846774338064,-0.008650667538084633,0.008650667538084633
2000-09-07 00:00:00,9,7,0,5.249367301103949,5.2848057982891925,-0.03543849718524328,0.03543849718524328
2000-09-07 06:00:00,9,7,6,5.491402857001069,5.441428302918264,0.049974554082805156,0.049974554082805156
2000-09-07 12:00:00,9,7,12,7.872125526812441,7.762189422068583,0.10993610474385829,0.10993610474385829
2000-09-07 18:00:00,9,7,18,5.084612184802315,5.292337995982371,-0.2077258111800564,0.2077258111800564
2000-09-08 00:00:00,9,8,0,5.009816580941979,4.904871855250804,0.10494472569117441,0.10494472569117441
2000-09-08 06:00:00,9,8,6,5.704054786044578,5.4380009259274615,0.2660538601171165,0.2660538601171165
2000-09-08 12:00:00,9,8,12,8.79482589908399,8.510364248995899,0.2844616500880921,0.2844616500880921
2000-09-08 18:00:00,9,8,18,5.431168103173602,5.328169174045265,0.10299892912833641,0.10299892912833641
2000-09-09 00:00:00,9,9,0,5.238357290227563,4.938168992944609,0.30018829728295326,0.30018829728295326
2000-09-09 06:00:00,9,9,6,5.3184786793471845,5.441594934246245,-0.12311625489906053,0.12311625489906053
2000-09-09 12:00:00,9,9,12,8.032834434360582,7.942139158307395,0.09069527605318761,0.09069527605318761
2000-09-09 18:00:00,9,9,18,5.949624639258288,5.7119862714151095,0.2376383678431786,0.2376383678431786
2000-09-10 00:00:00,9,10,0,4.868764925503236,4.995472935250174,-0.1267080097469373,0.1267080097469373
2000-09-10 06:00:00,9,10,6,5.057381265855697,5.1451761453111535,-0.08779487945545661,0.08779487945545661
2000-09-10 12:00:00,9,10,12,9.227015326543205,8.711797550277627,0.5152177762655779,0.5152177762655779
2000-09-10 18:00:00,9,10,18,5.182141749471025,5.357857341131848,-0.17571559166082285,0.17571559166082285
2000-09-11 00:00:00,9,11,0,4.5058822367940365,4.69333266385584,-0.18745042706180381,0.18745042706180381
2000-09-11 06:00:00,9,11,6,5.968169108713174,5.754189857472291,0.21397925124088335,0.21397925124088335
2000-09-11 12:00:00,9,11,12,7.950794263599025,7.7084397478389155,0.2423545157601099,0.2423545157601099
2000-09-11 18:00:00,9,11,18,5.316413283819665,5.2616304262704485,0.05478285754921686,0.05478285754921686
2000-09-12 00:00:00,9,12,0,5.298324236195076,5.25471876592219,0.04360547027288586,0.04360547027288586
2000-09-12 06:00:00,9,12,6,5.589703800821645,5.594237928179831,-0.004534127358186701,0.004534127358186701
2000-09-12 12:00:00,9,12,12,7.94303059254102,7.886277665618138,0.05675292692288192,0.05675292692288192
2000-09-12 18:00:00,9,12,18,5.683897996374767,5.264393652573267,0.41950434380150003,0.41950434380150003
2000-09-13 00:00:00,9,13,0,5.130954834664265,5.045626308125155,0.08532852653910972,0.08532852653910972
2000-09-13 06:00:00,9,13,6,5.665295109542645,5.308284662627061,0.3570104469155835,0.3570104469155835
2000-09-13 12:00:00,9,13,12,7.745472909461879,7.933718372664214,-0.18824546320233537,0.18824546320233537
2000-09-13 18:00:00,9,13,18,5.07454959961524,5.107136581543445,-0.03258698192820475,0.03258698192820475
2000-09-14 00:00:00,9,14,0,5.004728647257843,5.019289366614274,-0.014560719356430774,0.014560719356430774
2000-09-14 06:00:00,9,14,6,5.40682126928021,5.499290571543753,-0.09246930226354344,0.09246930226354344
2000-09-14 12:00:00,9,14,12,7.823942739344724,7.9748809450407565,-0.15093820569603267,0.15093820569603267
2000-09-14 18:00:00,9,14,18,5.0732146023246125,5.029020726555435,0.044193875769177104,0.044193875769177104
2000-09-15 00:00:00,9,15,0,4.767125039407436,4.700186271362953,0.06693876804448262,0.06693876804448262
2000-09-15 06:00:00,9,15,6,5.948009219533356,5.503331680762818,0.44467753877053795,0.44467753877053795
2000-09-15 12:00:00,9,15,12,7.773626655722418,7.680910725490846,0.09271593023157187,0.09271593023157187
2000-09-15 18:00:00,9,15,18,6.279252861319653,6.077528899548075,0.20172396177157825,0.20172396177157825
2000-09-16 00:00:00,9,16,0,4.448492513283975,4.52056540435246,-0.07207289106848513,0.07207289106848513
2000-09-16 06:00:00,9,16,6,5.29055631625316,5.052357451302754,0.2381988649504061,0.2381988649504061
2000-09-16 12:00:00,9,16,12,8.284937081023026,7.826090428482782,0.4588466525402435,0.4588466525402435
2000-09-16 18:00:00,9,16,18,6.195634448255936,6.047377425354708,0.14825702290122766,0.14825702290122766
2000-09-17 00:00:00,9,17,0,4.686663610536622,4.866016671365264,-0.17935306082864155,0.17935306082864155
2000-09-17 06:00:00,9,17,6,5.245879674542056,5.371900750806107,-0.1260210762640508,0.1260210762640508
2000-09-17 12:00:00,9,17,12,7.910320771510281,7.837925676282924,0.07239509522735688,0.07239509522735688
2000-09-17 18:00:00,9,17,18,5.359589417480723,5.267146627354258,0.09244279012646484,0.09244279012646484
2000-09-18 00:00:00,9,18,0,5.392476903384186,5.11415726693726,0.27831963644692603,0.27831963644692603
2000-09-18 06:00:00,9,18,6,5.443129807459618,5.36728299849378,0.07584680896583773,0.07584680896583773
2000-09-18 12:00:00,9,18,12,7.899521610690891,7.878643078211409,0.02087853247948157,0.02087853247948157
2000-09-18 18:00:00,9,18,18,5.030843247585179,5.14801749189163,-0.11717424430645096,0.11717424430645096
2000-09-19 00:00:00,9,19,0,5.141250846086469,5.04970044785082,0.0915503982356487,0.0915503982356487
2000-09-19 06:00:00,9,19,6,5.595032913523944,5.203302679709927,0.39173023381401695,0.39173023381401695
2000-09-19 12:00:00,9,19,12,7.840412911207339,7.626097191943247,0.21431571926409188,0.21431571926409188
2000-09-19 18:00:00,9,19,18,5.223671465711956,5.104183555111088,0.11948791060086794,0.11948791060086794
2000-09-20 00:00:00,9,20,0,4.9603961549839095,4.750564367999339,0.20983178698457028,0.20983178698457028
2000-09-20 06:00:00,9,20,6,5.072489605964573,5.146068705653384,-0.07357909968881149,0.07357909968881149
2000-09-20 12:00:00,9,20,12,7.518009296956006,7.573582138285102,-0.0555728413290959,0.0555728413290959
2000-09-20 18:00:00,9,20,18,5.102002925274938,5.208919086544087,-0.10691616126914916,0.10691616126914916
2000-09-21 00:00:00,9,21,0,5.019570458334275,4.991254998252431,0.028315460081844712,0.028315460081844712
2000-09-21 06:00:00,9,21,6,5.37431104329713,5.409864468012004,-0.035553424714874104,0.035553424714874104
2000-09-21 12:00:00,9,21,12,8.241070097408269,8.06827111555146,0.17279898185680942,0.17279898185680942
2000-09-21 18:00:00,9,21,18,5.05233142725116,5.090759774518757,-0.038428347267596585,0.038428347267596585
2000-09-22 00:00:00,9,22,0,4.684922846270515,4.784276030030864,-0.09935318376034896,0.09935318376034896
2000-09-22 06:00:00,9,22,6,4.970886464444248,4.68031628694611,0.29057017749813774,0.29057017749813774
2000-09-22 12:00:00,9,22,12,8.176250752373782,8.274379008504518,-0.09812825613073528,0.09812825613073528
2000-09-22 18:00:00,9,22,18,4.863472002185106,4.803541906915005,0.059930095270100736,0.059930095270100736
2000-09-23 00:00:00,9,23,0,4.802453464004543,4.640295058900686,0.16215840510385693,0.16215840510385693
2000-09-23 06:00:00,9,23,6,4.998351648912799,5.1967783248591415,-0.1984266759463429,0.1984266759463429
2000-09-23 12:00:00,9,23,12,7.930667290050593,7.786850984744094,0.14381630530649936,0.14381630530649936
2000-09-23 18:00:00,9,23,18,5.90016501174336,5.810547739489432,0.08961727225392835,0.08961727225392835
2000-09-24 00:00:00,9,24,0,4.94860234167006,4.621413773097105,0.3271885685729554,0.3271885685729554
2000-09-24 06:00:00,9,24,6,5.230986518730158,5.364195814412178,-0.1332092956820201,0.1332092956820201
2000-09-24 12:00:00,9,24,12,7.827252469161662,7.851636975858188,-0.02438450669652603,0.02438450669652603
2000-09-24 18:00:00,9,24,18,6.207008299229316,5.88965023028655,0.31735806894276575,0.31735806894276575
2000-09-25 00:00:00,9,25,0,4.906947626488314,4.711283911577309,0.19566371491100565,0.19566371491100565
2000-09-25 06:00:00,9,25,6,4.64544669489613,4.895187237432637,-0.24974054253650735,0.24974054253650735
2000-09-25 12:00:00,9,25,12,7.624176671422171,7.695041869367108,-0.07086519794493729,0.07086519794493729
2000-09-25 18:00:00,9,25,18,4.857950216102187,5.1114470577208495,-0.2534968416186629,0.2534968416186629
2000-09-26 00:00:00,9,26,0,4.759770337654219,4.723540699662505,0.03622963799171419,0.03622963799171419
2000-09-26 06:00:00,9,26,6,5.005432539800106,5.402201675320396,-0.39676913552029003,0.39676913552029003
2000-09-26 12:00:00,9,26,12,7.852130260636933,8.149818081670203,-0.29768782103326963,0.29768782103326963
2000-09-26 18:00:00,9,26,18,5.1707397436719305,5.0250681253379685,0.14567161833396192,0.14567161833396192
2000-09-27 00:00:00,9,27,0,4.43290764211537,4.509552758944826,-0.0766451168294564,0.0766451168294564
2000-09-27 06:00:00,9,27,6,4.843397933772632,5.00425643108092,-0.16085849730828805,0.16085849730828805
2000-09-27 12:00:00,9,27,12,7.865750546585608,7.689894130074345,0.17585641651126327,0.17585641651126327
2000-09-27 18:00:00,9,27,18,5.300368518170605,5.1814219066243234,0.11894661154628139,0.11894661154628139
2000-09-28 00:00:00,9,28,0,4.9005292894415735,4.722152622459106,0.17837666698246757,0.17837666698246757
2000-09-28 06:00:00,9,28,6,5.263509090847927,5.277636770830298,-0.01412767998237019,0.01412767998237019
2000-09-28 12:00:00,9,28,12,8.172755679387206,7.729220416389895,0.4435352629973117,0.4435352629973117
2000-09-28 18:00:00,9,28,18,5.039640952669861,5.089133867347307,-0.04949291467744654,0.04949291467744654
2000-09-29 00:00:00,9,29,0,4.911740994566332,4.5455053545070525,0.3662356400592799,0.3662356400592799
2000-09-29 06:00:00,9,29,6,5.198824462187666,5.222159309361625,-0.023334847173958728,0.023334847173958728
2000-09-29 12:00:00,9,29,12,6.8969044672577615,7.13574078616504,-0.2388363189072784,0.2388363189072784
2000-09-29 18:00:00,9,29,18,5.056748176296739,4.971936651299088,0.08481152499765088,0.08481152499765088
2000-09-30 00:00:00,9,30,0,4.916681318929249,4.779229648593412,0.13745167033583705,0.13745167033583705
2000-09-30 06:00:00,9,30,6,5.0773432373469625,5.271947388884041,-0.19460415153707888,0.19460415153707888
2000-09-30 12:00:00,9,30,12,7.260763079533257,7.439953656049467,-0.17919057651621006,0.17919057651621006
2000-09-30 18:00:00,9,30,18,4.960482767769856,4.952721079509045,0.007761688260811361,0.007761688260811361
2000-10-01 00:00:00,10,1,0,4.639873584965483,4.580080765232519,0.05979281973296402,0.05979281973296402
2000-10-01 06:00:00,10,1,6,4.314672462855921,4.7823516585449015,-0.4676791956889801,0.4676791956889801
2000-10-01 12:00:00,10,1,12,7.8568619343567425,7.6930024286544265,0.163859505702316,0.163859505702316
2000-10-01 18:00:00,10,1,18,4.9821008144858085,5.113558185051144,-0.13145737056533502,0.13145737056533502
2000-10-02 00:00:00,10,2,0,4.441865131956388,4.694027679976461,-0.2521625480200731,0.2521625480200731
2000-10-02 06:00:00,10,2,6,4.718751543234817,4.660431637789198,0.058319905445618936,0.058319905445618936
2000-10-02 12:00:00,10,2,12,7.676248289480417,7.636085943008995,0.040162346471421806,0.040162346471421806
2000-10-02 18:00:00,10,2,18,5.154701348899202,4.895083822103707,0.25961752679549477,0.25961752679549477
2000-10-03 00:00:00,10,3,0,4.691300422098168,4.576267541184259,0.11503288091390917,0.11503288091390917
2000-10-03 06:00:00,10,3,6,4.724423144679832,4.753526059699325,-0.029102915019493025,0.029102915019493025
2000-10-03 12:00:00,10,3,12,7.344850728378327,7.389466803627085,-0.04461607524875877,0.04461607524875877
2000-10-03 18:00:00,10,3,18,4.838162079139001,4.777985467795611,0.060176611343389474,0.060176611343389474
2000-10-04 00:00:00,10,4,0,4.2089229805212005,4.3284997170363475,-0.119576736515147,0.119576736515147
2000-10-04 06:00:00,10,4,6,5.076152666308065,5.109640502689823,-0.033487836381757674,0.033487836381757674
2000-10-04 12:00:00,10,4,12,7.23612946379328,7.091943620836487,0.1441858429567935,0.1441858429567935
2000-10-04 18:00:00,10,4,18,4.863486682379591,4.8788074198515385,-0.01532073747194751,0.01532073747194751
2000-10-05 00:00:00,10,5,0,4.637181472765755,4.600480976641108,0.03670049612464776,0.03670049612464776
2000-10-05 06:00:00,10,5,6,5.133131148152869,4.968379051248642,0.16475209690422687,0.16475209690422687
2000-10-05 12:00:00,10,5,12,7.0922675029231375,7.105956389363004,-0.013688886439866543,0.013688886439866543
2000-10-05 18:00:00,10,5,18,4.736380284689296,4.757075526873185,-0.02069524218388885,0.02069524218388885
2000-10-06 00:00:00,10,6,0,4.646009833132563,4.617510226579855,0.028499606552708556,0.028499606552708556
2000-10-06 06:00:00,10,6,6,4.6350009398167975,4.564036532755259,0.07096440706153828,0.07096440706153828
2000-10-06 12:00:00,10,6,12,7.545212511454377,7.5168657709758335,0.028346740478543353,0.028346740478543353
2000-10-06 18:00:00,10,6,18,5.200053126090124,5.062264857964056,0.1377882681260676,0.1377882681260676
2000-10-07 00:00:00,10,7,0,4.569510853251305,4.644234397976059,-0.07472354472475384,0.07472354472475384
2000-10-07 06:00:00,10,7,6,4.839454240339627,4.961930129539055,-0.12247588919942753,0.12247588919942753
2000-10-07 12:00:00,10,7,12,7.446232755887944,7.353317069238946,0.09291568664899863,0.09291568664899863
2000-10-07 18:00:00,10,7,18,4.51355110447159,4.505967122335355,0.007583982136234901,0.007583982136234901
2000-10-08 00:00:00,10,8,0,4.51278231769115,4.6443093200859344,-0.1315270023947841,0.1315270023947841
2000-10-08 06:00:00,10,8,6,5.102297970985643,4.906434835079426,0.19586313590621707,0.19586313590621707
2000-10-08 12:00:00,10,8,12,6.744069781186343,7.083646089480018,-0.33957630829367513,0.33957630829367513
2000-10-08 18:00:00,10,8,18,5.109491889241574,5.025878366456041,0.0836135227855328,0.0836135227855328
2000-10-09 00:00:00,10,9,0,4.152467501906011,4.421570314777285,-0.26910281287127447,0.26910281287127447
2000-10-09 06:00:00,10,9,6,5.036353731720008,4.692290118254629,0.34406361346537917,0.34406361346537917
2000-10-09 12:00:00,10,9,12,6.917016480764356,7.174372525847461,-0.25735604508310495,0.25735604508310495
2000-10-09 18:00:00,10,9,18,4.926346099698877,4.660471245586701,0.2658748541121767,0.2658748541121767
2000-10-10 00:00:00,10,10,0,4.382361023121053,4.38282287315598,-0.0004618500349273802,0.0004618500349273802
2000-10-10 06:00:00,10,10,6,4.568474399221364,4.648202233617518,-0.07972783439615405,0.07972783439615405
2000-10-10 12:00:00,10,10,12,7.136447174677002,7.104421539003647,0.03202563567335481,0.03202563567335481
2000-10-10 18:00:00,10,10,18,4.931598589642689,4.824118803770238,0.10747978587245033,0.10747978587245033
2000-10-11 00:00:00,10,11,0,4.414293416838025,4.5171146037562675,-0.10282118691824227,0.10282118691824227
2000-10-11 06:00:00,10,11,6,4.491432633108403,4.656983704158566,-0.16555107105016376,0.16555107105016376
2000-10-11 12:00:00,10,11,12,7.050505930657732,6.916730375232393,0.1337755554253386,0.1337755554253386
2000-10-11 18:00:00,10,11,18,4.709200568059216,4.980437434990911,-0.27123686693169535,0.27123686693169535
2000-10-12 00:00:00,10,12,0,4.394324576114872,4.514956871476777,-0.12063229536190434,0.12063229536190434
2000-10-12 06:00:00,10,12,6,5.445131593738741,4.877485550795005,0.5676460429437356,0.5676460429437356
2000-10-12 12:00:00,10,12,12,6.766389801906663,6.93379753454469,-0.16740773263802655,0.16740773263802655
2000-10-12 18:00:00,10,12,18,5.04202986134688,4.916881144842064,0.12514871650481663,0.12514871650481663
2000-10-13 00:00:00,10,13,0,4.308738331199487,4.413637954743959,-0.10489962354447169,0.10489962354447169
2000-10-13 06:00:00,10,13,6,4.987635375358205,4.938146738083227,0.049488637274977876,0.049488637274977876
2000-10-13 12:00:00,10,13,12,6.980666450645277,6.882286224892425,0.09838022575285166,0.09838022575285166
2000-10-13 18:00:00,10,13,18,4.800279831428622,4.628747304652317,0.17153252677630437,0.17153252677630437
2000-10-14 00:00:00,10,14,0,4.5301324618918,4.580267034340997,-0.05013457244919639,0.05013457244919639
2000-10-14 06:00:00,10,14,6,5.213044323352304,4.789091507480456,0.4239528158718482,0.4239528158718482
2000-10-14 12:00:00,10,14,12,6.6861699284893215,6.838047744609061,-0.1518778161197396,0.1518778161197396
2000-10-14 18:00:00,10,14,18,4.360990140278026,4.380927097503365,-0.01993695722533939,0.01993695722533939
2000-10-15 00:00:00,10,15,0,4.340573728646743,4.334129217157493,0.006444511489250182,0.006444511489250182
2000-10-15 06:00:00,10,15,6,4.22855988949647,4.4442546835384755,-0.21569479404200553,0.21569479404200553
2000-10-15 12:00:00,10,15,12,7.041122208006382,7.00862333816607,0.03249886984031214,0.03249886984031214
2000-10-15 18:00:00,10,15,18,4.785917378290288,4.7457866375593,0.0401307407309881,0.0401307407309881
2000-10-16 00:00:00,10,16,0,4.134502435723742,4.1727861597252325,-0.038283724001490604,0.038283724001490604
2000-10-16 06:00:00,10,16,6,5.309122613300962,4.758321915728978,0.5508006975719848,0.5508006975719848
2000-10-16 12:00:00,10,16,12,6.738417083070789,6.940526777913909,-0.20210969484312002,0.20210969484312002
2000-10-16 18:00:00,10,16,18,4.665345095002259,4.413805623317425,0.2515394716848336,0.2515394716848336
2000-10-17 00:00:00,10,17,0,4.18583282652517,4.066300998517787,0.11953182800738293,0.11953182800738293
2000-10-17 06:00:00,10,17,6,4.9075851178026815,4.874825656916511,0.032759460886170544,0.032759460886170544
2000-10-17 12:00:00,10,17,12,6.718990615636816,6.810175956717136,-0.09118534108031984,0.09118534108031984
2000-10-17 18:00:00,10,17,18,4.595591970708205,4.725157863762293,-0.12956589305408794,0.12956589305408794
2000-10-18 00:00:00,10,18,0,4.252140559394008,4.333143942238991,-0.08100338284498232,0.08100338284498232
2000-10-18 06:00:00,10,18,6,4.5451692555115,4.819350967702842,-0.2741817121913419,0.2741817121913419
2000-10-18 12:00:00,10,18,12,6.60627245634288,6.874289910050416,-0.26801745370753594,0.26801745370753594
2000-10-18 18:00:00,10,18,18,4.669046049091237,4.922470581331158,-0.25342453223992134,0.25342453223992134
2000-10-19 00:00:00,10,19,0,4.524963453697117,4.287380252183239,0.23758320151387746,0.23758320151387746
2000-10-19 06:00:00,10,19,6,4.779174663073358,4.717878697414404,0.06129596565895401,0.06129596565895401
2000-10-19 12:00:00,10,19,12,7.0067703845369,6.865228945003279,0.1415414395336203,0.1415414395336203
2000-10-19 18:00:00,10,19,18,4.7185682131784725,4.6187306726773345,0.09983754050113802,0.09983754050113802
2000-10-20 00:00:00,10,20,0,4.310569392415077,4.279997080954318,0.03057231146075967,0.03057231146075967
2000-10-20 06:00:00,10,20,6,5.018086700763618,4.78090846988007,0.23717823088354795,0.23717823088354795
2000-10-20 12:00:00,10,20,12,6.32403190021236,6.594910643127553,-0.2708787429151922,0.2708787429151922
2000-10-20 18:00:00,10,20,18,4.765222605959607,4.7224800991696485,0.04274250678995806,0.04274250678995806
2000-10-21 00:00:00,10,21,0,4.062759077206449,3.9908313248532186,0.07192775235323046,0.07192775235323046
2000-10-21 06:00:00,10,21,6,4.310940455924982,4.514831091442907,-0.20389063551792486,0.20389063551792486
2000-10-21 12:00:00,10,21,12,7.359257427138028,6.76639542135581,0.5928620057822185,0.5928620057822185
2000-10-21 18:00:00,10,21,18,4.460442203274013,4.454139253497915,0.006302949776098465,0.006302949776098465
2000-10-22 00:00:00,10,22,0,4.203614766596023,4.208492069548318,-0.004877302952294826,0.004877302952294826
2000-10-22 06:00:00,10,22,6,4.894953102314728,4.691337058895219,0.20361604341950912,0.20361604341950912
2000-10-22 12:00:00,10,22,12,7.141088207302243,7.011031556230773,0.13005665107147024,0.13005665107147024
2000-10-22 18:00:00,10,22,18,4.236471169475301,4.3370502540241365,-0.10057908454883524,0.10057908454883524
2000-10-23 00:00:00,10,23,0,4.189738955727612,4.18279597310244,0.006942982625171901,0.006942982625171901
2000-10-23 06:00:00,10,23,6,4.401241131566136,4.635102284482329,-0.2338611529161927,0.2338611529161927
2000-10-23 12:00:00,10,23,12,6.427751950609583,6.538802947350104,-0.11105099674052088,0.11105099674052088
2000-10-23 18:00:00,10,23,18,4.858014287352538,4.779591851543793,0.0784224358087453,0.0784224358087453
2000-10-24 00:00:00,10,24,0,4.069289567193243,3.9857484055063956,0.08354116168684733,0.08354116168684733
2000-10-24 06:00:00,10,24,6,4.6395505439096105,4.416021113753665,0.22352943015594562,0.22352943015594562
2000-10-24 12:00:00,10,24,12,6.465988046166615,6.572923849620956,-0.10693580345434128,0.10693580345434128
2000-10-24 18:00:00,10,24,18,3.9716375233259287,4.230688935654649,-0.25905141232872,0.25905141232872
2000-10-25 00:00:00,10,25,0,4.126961427854607,3.931285398752041,0.19567602910256632,0.19567602910256632
2000-10-25 06:00:00,10,25,6,4.93863738948891,4.6596246827211365,0.2790127067677739,0.2790127067677739
2000-10-25 12:00:00,10,25,12,6.585463026424985,6.462322961387732,0.12314006503725228,0.12314006503725228
2000-10-25 18:00:00,10,25,18,4.359037312515252,4.419080907382276,-0.060043594867024375,0.060043594867024375
2000-10-26 00:00:00,10,26,0,4.065679165874292,3.8889379270706894,0.17674123880360293,0.17674123880360293
2000-10-26 06:00:00,10,26,6,5.282934437828986,4.55330481860948,0.729629619219506,0.729629619219506
2000-10-26 12:00:00,10,26,12,6.554630259644617,6.589037970679684,-0.03440771103506712,0.03440771103506712
2000-10-26 18:00:00,10,26,18,4.505522086042909,4.702871601197411,-0.19734951515450216,0.19734951515450216
2000-10-27 00:00:00,10,27,0,3.978663956781232,4.0274656461254725,-0.04880168934424045,0.04880168934424045
2000-10-27 06:00:00,10,27,6,4.546074954801024,4.439201874328695,0.10687308047232857,0.10687308047232857
2000-10-27 12:00:00,10,27,12,6.38380530287902,6.65100147910265,-0.2671961762236297,0.2671961762236297
2000-10-27 18:00:00,10,27,18,4.337369554886062,4.330201274798052,0.007168280088010626,0.007168280088010626
2000-10-28 00:00:00,10,28,0,4.327031086886588,4.250453722532396,0.07657736435419249,0.07657736435419249
2000-10-28 06:00:00,10,28,6,4.416572077274818,4.198194753410824,0.21837732386399367,0.21837732386399367
2000-10-28 12:00:00,10,28,12,6.454896619132887,6.332795415092851,0.12210120404003622,0.12210120404003622
2000-10-28 18:00:00,10,28,18,4.476804584634229,4.320628489474784,0.1561760951594442,0.1561760951594442
2000-10-29 00:00:00,10,29,0,3.2883945075577774,3.728341908240408,-0.4399474006826307,0.4399474006826307
2000-10-29 06:00:00,10,29,6,4.8071892009920605,4.667138028932184,0.14005117205987627,0.14005117205987627
2000-10-29 12:00:00,10,29,12,6.774981355992309,6.556702194209041,0.21827916178326756,0.21827916178326756
2000-10-29 18:00:00,10,29,18,4.209651512062989,4.220064991699366,-0.010413479636376621,0.010413479636376621
2000-10-30 00:00:00,10,30,0,3.242812814035941,3.5652706662604152,-0.3224578522244741,0.3224578522244741
2000-10-30 06:00:00,10,30,6,4.298391962933616,4.433417506543014,-0.1350255436093981,0.1350255436093981
2000-10-30 12:00:00,10,30,12,6.181744166674657,6.455349802382449,-0.27360563570779206,0.27360563570779206
2000-10-30 18:00:00,10,30,18,4.04352090066672,4.418830728477095,-0.3753098278103755,0.3753098278103755
2000-10-31 00:00:00,10,31,0,3.930486955133562,3.9458230241433396,-0.015336069009777464,0.015336069009777464
2000-10-31 06:00:00,10,31,6,3.9751211067888175,4.200793233855625,-0.22567212706680717,0.22567212706680717
2000-10-31 12:00:00,10,31,12,6.8593086321408085,6.435703229165934,0.42360540297487415,0.42360540297487415
2000-10-31 18:00:00,10,31,18,4.591143334785615,4.595035736099587,-0.0038924013139718383,0.0038924013139718383
2000-11-01 00:00:00,11,1,0,3.9331586036090007,3.727472865292162,0.20568573831683867,0.20568573831683867
2000-11-01 06:00:00,11,1,6,3.93138319222712,4.2232564639203956,-0.2918732716932757,0.2918732716932757
2000-11-01 12:00:00,11,1,12,6.314608128656081,6.517847255973822,-0.20323912731774119,0.20323912731774119
2000-11-01 18:00:00,11,1,18,4.4731353232566295,4.4388448202210755,0.03429050303555403,0.03429050303555403
2000-11-02 00:00:00,11,2,0,3.759857277708871,3.9330528664053146,-0.1731955886964438,0.1731955886964438
2000-11-02 06:00:00,11,2,6,4.150320585026132,4.201386147528342,-0.051065562502209616,0.051065562502209616
2000-11-02 12:00:00,11,2,12,6.210157767523737,6.3541439944313005,-0.1439862269075638,0.1439862269075638
2000-11-02 18:00:00,11,2,18,4.206237621977028,4.262150550844819,-0.05591292886779087,0.05591292886779087
2000-11-03 00:00:00,11,3,0,4.411252652610649,4.0146159331495905,0.3966367194610587,0.3966367194610587
2000-11-03 06:00:00,11,3,6,4.583559021266087,4.521205116685438,0.06235390458064849,0.06235390458064849
2000-11-03 12:00:00,11,3,12,6.399484860320464,6.289221128257998,0.11026373206246554,0.11026373206246554
2000-11-03 18:00:00,11,3,18,4.033714906177879,4.008540963552587,0.025173942625292156,0.025173942625292156
2000-11-04 00:00:00,11,4,0,3.8741183535465016,3.7989654323869364,0.07515292115956518,0.07515292115956518
2000-11-04 06:00:00,11,4,6,4.404056863707583,4.271957022765712,0.132099840941871,0.132099840941871
2000-11-04 12:00:00,11,4,12,6.348590225772058,6.331858121860271,0.016732103911786922,0.016732103911786922
2000-11-04 18:00:00,11,4,18,4.282754149021812,4.283222729897688,-0.0004685808758759791,0.0004685808758759791
2000-11-05 00:00:00,11,5,0,4.2632796035194165,3.9714679509301702,0.29181165258924624,0.29181165258924624
2000-11-05 06:00:00,11,5,6,4.484209903057508,4.262663700914164,0.22154620214334386,0.22154620214334386
2000-11-05 12:00:00,11,5,12,6.316322532393705,6.36617235007666,-0.049849817682955155,0.049849817682955155
2000-11-05 18:00:00,11,5,18,4.396115889754797,4.21093922252324,0.18517666723155735,0.18517666723155735
2000-11-06 00:00:00,11,6,0,3.7527481121668473,3.791137737703315,-0.03838962553646752,0.03838962553646752
2000-11-06 06:00:00,11,6,6,3.879211110898188,3.95686731049493,-0.07765619959674197,0.07765619959674197
2000-11-06 12:00:00,11,6,12,5.810474982056648,5.9261168423143245,-0.11564186025767675,0.11564186025767675
2000-11-06 18:00:00,11,6,18,3.885731650120789,3.910400968021246,-0.0246693179004569,0.0246693179004569
2000-11-07 00:00:00,11,7,0,4.019178073077327,3.765435199238652,0.25374287383867555,0.25374287383867555
2000-11-07 06:00:00,11,7,6,4.030954094341636,4.014204134531119,0.01674995981051719,0.01674995981051719
2000-11-07 12:00:00,11,7,12,6.289342402833428,6.236520001854651,0.05282240097877722,0.05282240097877722
2000-11-07 18:00:00,11,7,18,3.6389153464678734,3.9171421980130186,-0.27822685154514515,0.27822685154514515
2000-11-08 00:00:00,11,8,0,3.6784034264720296,3.7579251393662516,-0.07952171289422205,0.07952171289422205
2000-11-08 06:00:00,11,8,6,4.001034610105204,4.019413979953206,-0.01837936984800148,0.01837936984800148
2000-11-08 12:00:00,11,8,12,6.109582488386979,6.310873258804945,-0.20129077041796606,0.20129077041796606
2000-11-08 18:00:00,11,8,18,4.040446087116993,4.018273231503657,0.02217285561333604,0.02217285561333604
2000-11-09 00:00:00,11,9,0,3.378938633160969,3.485718664360764,-0.10678003119979484,0.10678003119979484
2000-11-09 06:00:00,11,9,6,4.06245564101059,4.069003583895643,-0.006547942885053004,0.006547942885053004
2000-11-09 12:00:00,11,9,12,6.49687044404567,6.481329699221071,0.015540744824598995,0.015540744824598995
2000-11-09 18:00:00,11,9,18,4.012819980859842,4.095076027244456,-0.08225604638461448,0.08225604638461448
2000-11-10 00:00:00,11,10,0,3.799738036345437,3.8354594122371135,-0.035721375891676566,0.035721375891676566
2000-11-10 06:00:00,11,10,6,3.848010136960714,3.8940849677390426,-0.046074830778328746,0.046074830778328746
2000-11-10 12:00:00,11,10,12,6.31724345647619,6.123291713107924,0.19395174336826582,0.19395174336826582
2000-11-10 18:00:00,11,10,18,4.1655778240019234,4.102912417715376,0.06266540628654749,0.06266540628654749
2000-11-11 00:00:00,11,11,0,3.470847729516184,3.641618449666587,-0.17077072015040295,0.17077072015040295
2000-11-11 06:00:00,11,11,6,4.007375120949121,3.9396449236108353,0.06773019733828534,0.06773019733828534
2000-11-11 12:00:00,11,11,12,6.605450403779599,6.243257619078671,0.3621927847009285,0.3621927847009285
2000-11-11 18:00:00,11,11,18,3.926491018550875,3.826650881011435,0.09984013753944021,0.09984013753944021
2000-11-12 00:00:00,11,12,0,3.7032842182018126,3.68756344966731,0.01572076853450266,0.01572076853450266
2000-11-12 06:00:00,11,12,6,3.932026934672309,3.7751848937831705,0.15684204088913845,0.15684204088913845
2000-11-12 12:00:00,11,12,12,6.270959002603491,6.061321300687715,0.20963770191577602,0.20963770191577602
2000-11-12 18:00:00,11,12,18,3.963407449724344,3.729522126096566,0.23388532362777825,0.23388532362777825
2000-11-13 00:00:00,11,13,0,3.42160951014498,3.2923839334740572,0.12922557667092294,0.12922557667092294
2000-11-13 06:00:00,11,13,6,4.249782716516636,4.113594865390026,0.1361878511266097,0.1361878511266097
2000-11-13 12:00:00,11,13,12,6.060776879450653,6.356229475065757,-0.29545259561510395,0.29545259561510395
2000-11-13 18:00:00,11,13,18,3.66080717154587,3.92575939908663,-0.2649522275407601,0.2649522275407601
2000-11-14 00:00:00,11,14,0,3.359942701784319,3.416662714771296,-0.05672001298697715,0.05672001298697715
2000-11-14 06:00:00,11,14,6,3.8722951731001616,3.8534726027464936,0.018822570353667967,0.018822570353667967
2000-11-14 12:00:00,11,14,12,6.305924992882067,6.273624480546172,0.032300512335895704,0.032300512335895704
2000-11-14 18:00:00,11,14,18,4.0598313836706685,3.8416723919914464,0.21815899167922215,0.21815899167922215
2000-11-15 00:00:00,11,15,0,3.538108757864205,3.788155101408275,-0.25004634354406985,0.25004634354406985
2000-11-15 06:00:00,11,15,6,3.7489706817779296,3.8651336848745412,-0.11616300309661165,0.11616300309661165
2000-11-15 12:00:00,11,15,12,5.981336923270499,6.135325753790189,-0.15398883051969037,0.15398883051969037
2000-11-15 18:00:00,11,15,18,3.375636341207254,3.697570041226875,-0.32193370001962096,0.32193370001962096
2000-11-16 00:00:00,11,16,0,3.8921724777374216,3.6010950846122785,0.29107739312514314,0.29107739312514314
2000-11-16 06:00:00,11,16,6,3.520173863853937,3.722881683257944,-0.20270781940400706,0.20270781940400706
2000-11-16 12:00:00,11,16,12,5.786424928696932,5.941729608538878,-0.1553046798419464,0.1553046798419464
2000-11-16 18:00:00,11,16,18,4.041474173927435,3.886198227370967,0.15527594655646793,0.15527594655646793
2000-11-17 00:00:00,11,17,0,3.242436919547896,3.241690439575787,0.000746479972109082,0.000746479972109082
2000-11-17 06:00:00,11,17,6,3.461087047166361,3.7189423961762884,-0.25785534900992735,0.25785534900992735
2000-11-17 12:00:00,11,17,12,5.787157210939064,5.591091400087374,0.19606581085168973,0.19606581085168973
2000-11-17 18:00:00,11,17,18,3.8848618030995583,3.854129388324617,0.030732414774941486,0.030732414774941486
2000-11-18 00:00:00,11,18,0,3.86346098222797,3.354640817183534,0.508820165044436,0.508820165044436
2000-11-18 06:00:00,11,18,6,3.697056066469796,3.6880606566782608,0.008995409791535014,0.008995409791535014
2000-11-18 12:00:00,11,18,12,5.758103941027871,5.794511201760622,-0.03640726073275147,0.03640726073275147
2000-11-18 18:00:00,11,18,18,3.8551491334712416,4.005208822617605,-0.15005968914636325,0.15005968914636325
2000-11-19 00:00:00,11,19,0,3.322951667902822,3.4849504704278713,-0.16199880252504917,0.16199880252504917
2000-11-19 06:00:00,11,19,6,3.769662160754696,3.9502125081754067,-0.18055034742071063,0.18055034742071063
2000-11-19 12:00:00,11,19,12,6.038563568492709,5.863942364080533,0.1746212044121762,0.1746212044121762
2000-11-19 18:00:00,11,19,18,3.698132050128118,3.6994765182099454,-0.0013444680818275323,0.0013444680818275323
2000-11-20 00:00:00,11,20,0,3.670786163058584,3.578706242460061,0.09207992059852321,0.09207992059852321
2000-11-20 06:00:00,11,20,6,4.144182146600469,3.826202974919295,0.3179791716811744,0.3179791716811744
2000-11-20 12:00:00,11,20,12,5.329464817231799,5.7149359119771095,-0.38547109474531016,0.38547109474531016
2000-11-20 18:00:00,11,20,18,4.099096122662238,3.829910338371963,0.2691857842902752,0.2691857842902752
2000-11-21 00:00:00,11,21,0,3.4365227720465845,3.4209661444953574,0.015556627551227109,0.015556627551227109
2000-11-21 06:00:00,11,21,6,3.8251933873253,3.7335573252429,0.09163606208239994,0.09163606208239994
2000-11-21 12:00:00,11,21,12,5.678656091578092,5.776437977945924,-0.09778188636783192,0.09778188636783192
2000-11-21 18:00:00,11,21,18,3.2572968144335754,3.478682657927554,-0.22138584349397838,0.22138584349397838
2000-11-22 00:00:00,11,22,0,3.5598372749236464,3.5050619505032437,0.05477532442040278,0.05477532442040278
2000-11-22 06:00:00,11,22,6,4.235444169043479,3.860602976111809,0.3748411929316702,0.3748411929316702
2000-11-22 12:00:00,11,22,12,6.035230845322819,5.7498705202760645,0.2853603250467547,0.2853603250467547
2000-11-22 18:00:00,11,22,18,3.803942416857447,3.563164756661819,0.24077766019562796,0.24077766019562796
2000-11-23 00:00:00,11,23,0,3.4235609956994595,3.4461852303708396,-0.022624234671380083,0.022624234671380083
2000-11-23 06:00:00,11,23,6,3.60027030046868,3.6772290705691746,-0.07695877010049479,0.07695877010049479
2000-11-23 12:00:00,11,23,12,5.394998811391979,5.474471942010467,-0.0794731306184886,0.0794731306184886
2000-11-23 18:00:00,11,23,18,3.687543856727447,3.82479931308114,-0.13725545635369318,0.13725545635369318
2000-11-24 00:00:00,11,24,0,2.8983367174693044,3.2148034726164667,-0.31646675514716227,0.31646675514716227
2000-11-24 06:00:00,11,24,6,3.608049244149859,3.6828494974848764,-0.07480025333501761,0.07480025333501761
2000-11-24 12:00:00,11,24,12,5.6558791899741525,5.706681876659437,-0.05080268668528465,0.05080268668528465
2000-11-24 18:00:00,11,24,18,3.4705843468689044,3.5001622225908204,-0.029577875721916058,0.029577875721916058
2000-11-25 00:00:00,11,25,0,3.248489184511782,3.1436500082595646,0.10483917625221739,0.10483917625221739
2000-11-25 06:00:00,11,25,6,3.587453547731166,3.5218659012289706,0.06558764650219562,0.06558764650219562
2000-11-25 12:00:00,11,25,12,5.489520797228237,5.428392753215768,0.061128044012469296,0.061128044012469296
2000-11-25 18:00:00,11,25,18,3.469463220924008,3.538309444895709,-0.06884622397170093,0.06884622397170093
2000-11-26 00:00:00,11,26,0,2.8578983266719726,3.208803615784144,-0.35090528911217156,0.35090528911217156
2000-11-26 06:00:00,11,26,6,3.693881118202036,3.746671198220261,-0.05279008001822527,0.05279008001822527
2000-11-26 12:00:00,11,26,12,5.333356473320006,5.507914414853157,-0.17455794153315107,0.17455794153315107
2000-11-26 18:00:00,11,26,18,3.667601732538588,3.618982364195483,0.048619368343104874,0.048619368343104874
2000-11-27 00:00:00,11,27,0,3.170737242159595,3.000070271781494,0.17066697037810075,0.17066697037810075
2000-11-27 06:00:00,11,27,6,3.469245928797399,3.3485245236678987,0.12072140512950025,0.12072140512950025
2000-11-27 12:00:00,11,27,12,5.659009352393744,5.458977317077164,0.2000320353165801,0.2000320353165801
2000-11-27 18:00:00,11,27,18,3.6341723804347055,3.6135793729699084,0.020593007464797086,0.020593007464797086
2000-11-28 00:00:00,11,28,0,2.8929192747690315,3.023245333150622,-0.1303260583815904,0.1303260583815904
2000-11-28 06:00:00,11,28,6,3.233955039630694,3.4032855672098035,-0.16933052757910927,0.16933052757910927
2000-11-28 12:00:00,11,28,12,5.302364238769496,5.63234203130334,-0.3299777925338443,0.3299777925338443
2000-11-28 18:00:00,11,28,18,3.878852811337944,3.7266764857409984,0.15217632559694572,0.15217632559694572
2000-11-29 00:00:00,11,29,0,2.953510794097068,2.991884903290255,-0.03837410919318662,0.03837410919318662
2000-11-29 06:00:00,11,29,6,3.548655917467274,3.7444193420116867,-0.19576342454441287,0.19576342454441287
2000-11-29 12:00:00,11,29,12,5.184903055542549,5.2735656524841925,-0.08866259694164391,0.08866259694164391
2000-11-29 18:00:00,11,29,18,3.356462264714546,3.526951324640514,-0.17048905992596808,0.17048905992596808
2000-11-30 00:00:00,11,30,0,2.8965558578419173,2.834562972504329,0.06199288533758818,0.06199288533758818
2000-11-30 06:00:00,11,30,6,3.4327435824217165,3.32897307596346,0.10377050645825658,0.10377050645825658
2000-11-30 12:00:00,11,30,12,5.339517876561706,5.312985665881491,0.02653221068021505,0.02653221068021505
2000-11-30 18:00:00,11,30,18,2.9564895516698253,3.420002863661525,-0.4635133119916999,0.4635133119916999
2000-12-01 00:00:00,12,1,0,2.933845590614032,3.000494274763159,-0.06664868414912695,0.06664868414912695
2000-12-01 06:00:00,12,1,6,3.4611408727795245,3.456570696256401,0.004570176523123415,0.004570176523123415
2000-12-01 12:00:00,12,1,12,5.490201769982324,5.557367241701396,-0.06716547171907195,0.06716547171907195
2000-12-01 18:00:00,12,1,18,3.300809845192069,3.4281964797263704,-0.12738663453430155,0.12738663453430155
2000-12-02 00:00:00,12,2,0,3.0973756994314603,3.1591938097339054,-0.061818110302445106,0.061818110302445106
2000-12-02 06:00:00,12,2,6,3.4321327588351696,3.5182657146947194,-0.08613295585954983,0.08613295585954983
2000-12-02 12:00:00,12,2,12,5.155709452698559,5.166505138325454,-0.010795685626894702,0.010795685626894702
2000-12-02 18:00:00,12,2,18,3.447557191010324,3.36160970929107,0.08594748171925426,0.08594748171925426
2000-12-03 00:00:00,12,3,0,2.651296465322988,2.7409843204263655,-0.08968785510337751,0.08968785510337751
2000-12-03 06:00:00,12,3,6,3.1683425056483894,3.3190368379798065,-0.15069433233141716,0.15069433233141716
2000-12-03 12:00:00,12,3,12,5.4950990794199,5.1847885957559345,0.3103104836639652,0.3103104836639652
2000-12-03 18:00:00,12,3,18,3.288018823005029,3.1015864035985357,0.18643241940649347,0.18643241940649347
2000-12-04 00:00:00,12,4,0,3.3531844886446898,3.189206012519008,0.16397847612568173,0.16397847612568173
2000-12-04 06:00:00,12,4,6,3.813183506628729,3.575652522406089,0.2375309842226403,0.2375309842226403
2000-12-04 12:00:00,12,4,12,5.354979266700917,5.206481431626934,0.1484978350739823,0.1484978350739823
2000-12-04 18:00:00,12,4,18,3.09302039791805,3.0832530271386975,0.009767370779352635,0.009767370779352635
2000-12-05 00:00:00,12,5,0,2.621382340402328,2.836200157640009,-0.21481781723768067,0.21481781723768067
2000-12-05 06:00:00,12,5,6,3.731246906941224,3.6377165737231376,0.09353033321808635,0.09353033321808635
2000-12-05 12:00:00,12,5,12,5.035629094534214,5.099522013362124,-0.06389291882790982,0.06389291882790982
2000-12-05 18:00:00,12,5,18,3.89201897484018,3.646005095188234,0.246013879651946,0.246013879651946
2000-12-06 00:00:00,12,6,0,3.15974008643058,3.034349322597626,0.12539076383295367,0.12539076383295367
2000-12-06 06:00:00,12,6,6,3.1155039326181826,3.2915651466873492,-0.17606121406916664,0.17606121406916664
2000-12-06 12:00:00,12,6,12,5.472282500308322,5.3812189585695815,0.0910635417387402,0.0910635417387402
2000-12-06 18:00:00,12,6,18,3.155413514728503,3.1500040765959647,0.005409438132538469,0.005409438132538469
2000-12-07 00:00:00,12,7,0,3.140219170789875,3.0446230366932805,0.09559613409659429,0.09559613409659429
2000-12-07 06:00:00,12,7,6,2.967317533764404,3.1615941589774756,-0.19427662521307143,0.19427662521307143
2000-12-07 12:00:00,12,7,12,5.245070769900932,5.172354222345391,0.07271654755554025,0.07271654755554025
2000-12-07 18:00:00,12,7,18,3.457153039837504,3.45603689208487,0.0011161477526338004,0.0011161477526338004
2000-12-08 00:00:00,12,8,0,2.922758045952224,2.8638721938843443,0.058885852067879885,0.058885852067879885
2000-12-08 06:00:00,12,8,6,3.149370830455012,3.3152758954448407,-0.1659050649898286,0.1659050649898286
2000-12-08 12:00:00,12,8,12,5.098984876145816,5.144010629013669,-0.045025752867853264,0.045025752867853264
2000-12-08 18:00:00,12,8,18,3.628513986748957,3.4526679178903237,0.1758460688586334,0.1758460688586334
2000-12-09 00:00:00,12,9,0,2.8199265255124617,3.0861469775267305,-0.2662204520142688,0.2662204520142688
2000-12-09 06:00:00,12,9,6,2.734592705258147,2.8685705814493576,-0.1339778761912105,0.1339778761912105
2000-12-09 12:00:00,12,9,12,5.349058277104326,5.404822998101368,-0.05576472099704244,0.05576472099704244
2000-12-09 18:00:00,12,9,18,3.109243164533192,3.1829466376456548,-0.07370347311246261,0.07370347311246261
2000-12-10 00:00:00,12,10,0,2.588438777877085,2.7298965916111486,-0.14145781373406363,0.14145781373406363
2000-12-10 06:00:00,12,10,6,3.5923046399544174,3.5132655716406043,0.07903906831381313,0.07903906831381313
2000-12-10 12:00:00,12,10,12,5.02213090381924,5.208099847814125,-0.18596894399488573,0.18596894399488573
2000-12-10 18:00:00,12,10,18,3.221821568882293,3.4225651484008224,-0.20074357951852928,0.20074357951852928
2000-12-11 00:00:00,12,11,0,3.523160203814528,3.1538889884143075,0.3692712154002207,0.3692712154002207
2000-12-11 06:00:00,12,11,6,3.185384954347022,3.174340190322863,0.01104476402415866,0.01104476402415866
2000-12-11 12:00:00,12,11,12,5.402200370487337,5.438524760987677,-0.0363243905003392,0.0363243905003392
2000-12-11 18:00:00,12,11,18,3.2307332036523,3.152627920837145,0.07810528281515516,0.07810528281515516
2000-12-12 00:00:00,12,12,0,3.2582783184238457,3.2448465023582815,0.013431816065564206,0.013431816065564206
2000-12-12 06:00:00,12,12,6,3.3283604554948503,3.1842584208641225,0.1441020346307278,0.1441020346307278
2000-12-12 12:00:00,12,12,12,5.302842821356861,5.31944623623251,-0.016603414875649314,0.016603414875649314
2000-12-12 18:00:00,12,12,18,3.539217473889735,3.399247497079433,0.13996997681030177,0.13996997681030177
2000-12-13 00:00:00,12,13,0,2.28142757042378,2.7171515183551493,-0.43572394793136926,0.43572394793136926
2000-12-13 06:00:00,12,13,6,2.51065012705,2.7201202095503034,-0.20947008250030352,0.20947008250030352
2000-12-13 12:00:00,12,13,12,5.15731821669496,5.163675133455747,-0.006356916760787534,0.006356916760787534
2000-12-13 18:00:00,12,13,18,3.212278247783793,3.153724912870578,0.058553334913214794,0.058553334913214794
2000-12-14 00:00:00,12,14,0,2.915858148586918,2.9687927659752456,-0.05293461738832761,0.05293461738832761
2000-12-14 06:00:00,12,14,6,3.1341803622659694,3.116721724691742,0.01745863757422761,0.01745863757422761
2000-12-14 12:00:00,12,14,12,4.866004184436539,4.988319378589886,-0.12231519415334713,0.12231519415334713
2000-12-14 18:00:00,12,14,18,3.253713808535476,3.279583298499601,-0.02586948996412497,0.02586948996412497
2000-12-15 00:00:00,12,15,0,2.827423185312738,2.6405957240076856,0.18682746130505246,0.18682746130505246
2000-12-15 06:00:00,12,15,6,3.081878967784104,2.9365248109915925,0.14535415679251162,0.14535415679251162
2000-12-15 12:00:00,12,15,12,4.918909941800483,5.149745325490964,-0.23083538369048107,0.23083538369048107
2000-12-15 18:00:00,12,15,18,2.876580067451202,3.04020953564751,-0.16362946819630775,0.16362946819630775
2000-12-16 00:00:00,12,16,0,2.4767284607191127,2.5641333482932636,-0.08740488757415088,0.08740488757415088
2000-12-16 06:00:00,12,16,6,3.234542953346533,3.2325717803907215,0.0019711729558116176,0.0019711729558116176
2000-12-16 12:00:00,12,16,12,5.32057307096553,5.404640080330211,-0.0840670093646807,0.0840670093646807
2000-12-16 18:00:00,12,16,18,3.470616756071144,3.2976038013347924,0.1730129547363517,0.1730129547363517
2000-12-17 00:00:00,12,17,0,2.860789700068344,2.7772278939427784,0.08356180612556585,0.08356180612556585
2000-12-17 06:00:00,12,17,6,2.8421551572296897,2.834423300727282,0.007731856502407819,0.007731856502407819
2000-12-17 12:00:00,12,17,12,4.8203848700622745,4.979398910986991,-0.15901404092471694,0.15901404092471694
2000-12-17 18:00:00,12,17,18,3.4428603472542414,3.196434373321841,0.2464259739324004,0.2464259739324004
2000-12-18 00:00:00,12,18,0,2.021359174886125,2.5226998801054537,-0.5013407052193286,0.5013407052193286
2000-12-18 06:00:00,12,18,6,3.473915448210074,3.345494570330533,0.12842087787954082,0.12842087787954082
2000-12-18 12:00:00,12,18,12,5.352175056114358,5.195143737886763,0.1570313182275953,0.1570313182275953
2000-12-18 18:00:00,12,18,18,2.926456182202185,2.99936087012558,-0.072904687923395,0.072904687923395
2000-12-19 00:00:00,12,19,0,2.933362751822835,2.7308030029237362,0.20255974889909867,0.20255974889909867
2000-12-19 06:00:00,12,19,6,3.1811459689167623,3.173906254398751,0.007239714518011198,0.007239714518011198
2000-12-19 12:00:00,12,19,12,4.929896645050567,4.868399968058883,0.06149667699168404,0.06149667699168404
2000-12-19 18:00:00,12,19,18,3.340083210810946,3.2787719202512413,0.061311290559704634,0.061311290559704634
2000-12-20 00:00:00,12,20,0,3.168904270999722,2.579556271017401,0.589347999982321,0.589347999982321
2000-12-20 06:00:00,12,20,6,3.362861691053019,3.0705173142738356,0.29234437677918335,0.29234437677918335
2000-12-20 12:00:00,12,20,12,5.177295538748262,5.0947775289044985,0.08251800984376345,0.08251800984376345
2000-12-20 18:00:00,12,20,18,3.017465566156107,3.1834334335521395,-0.16596786739603253,0.16596786739603253
2000-12-21 00:00:00,12,21,0,2.839471759853761,2.8027665350640047,0.03670522478975613,0.03670522478975613
2000-12-21 06:00:00,12,21,6,3.708180383248232,3.7606915091728954,-0.05251112592466356,0.05251112592466356
2000-12-21 12:00:00,12,21,12,5.011897541326863,4.805126253376841,0.20677128795002186,0.20677128795002186
2000-12-21 18:00:00,12,21,18,3.025951115406353,2.9855784320752377,0.04037268333111532,0.04037268333111532
2000-12-22 00:00:00,12,22,0,2.464482549407388,2.697988590310766,-0.23350604090337823,0.23350604090337823
2000-12-22 06:00:00,12,22,6,2.8878057767451764,2.8203974826355647,0.06740829410961169,0.06740829410961169
2000-12-22 12:00:00,12,22,12,5.063417110018016,5.190041299415599,-0.12662418939758258,0.12662418939758258
2000-12-22 18:00:00,12,22,18,2.890967733211442,2.8111059304628037,0.07986180274863841,0.07986180274863841
2000-12-23 00:00:00,12,23,0,2.359506376197104,2.5188779692291563,-0.1593715930320525,0.1593715930320525
2000-12-23 06:00:00,12,23,6,2.826095777353624,2.829430253277078,-0.003334475923453706,0.003334475923453706
2000-12-23 12:00:00,12,23,12,5.328258387543724,5.119001575304191,0.2092568122395333,0.2092568122395333
2000-12-23 18:00:00,12,23,18,3.04237757315606,3.010078598306682,0.03229897484937805,0.03229897484937805
2000-12-24 00:00:00,12,24,0,2.775351660950936,2.883802272592917,-0.108450611641981,0.108450611641981
2000-12-24 06:00:00,12,24,6,3.0986785187484545,3.0046918627289494,0.09398665601950507,0.09398665601950507
2000-12-24 12:00:00,12,24,12,5.063689806063863,4.938642795745023,0.12504701031883947,0.12504701031883947
2000-12-24 18:00:00,12,24,18,2.757601725899725,2.927923372169728,-0.17032164627000324,0.17032164627000324
2000-12-25 00:00:00,12,25,0,2.611935755315127,2.6408203381620265,-0.028884582846899765,0.028884582846899765
2000-12-25 06:00:00,12,25,6,3.2651766985193125,3.0380438322556205,0.227132866263692,0.227132866263692
2000-12-25 12:00:00,12,25,12,5.058035318655157,4.97110998866365,0.08692532999150693,0.08692532999150693
2000-12-25 18:00:00,12,25,18,3.16185656766204,3.1751130957247224,-0.013256528062682627,0.013256528062682627
2000-12-26 00:00:00,12,26,0,2.685202149343231,2.6098122095274188,0.07538993981581221,0.07538993981581221
2000-12-26 06:00:00,12,26,6,3.131996372392265,3.106933551257122,0.025062821135143132,0.025062821135143132
2000-12-26 12:00:00,12,26,12,5.196409360403711,5.114963437360825,0.08144592304288611,0.08144592304288611
2000-12-26 18:00:00,12,26,18,2.40885365406382,2.8126208786811993,-0.40376722461737913,0.40376722461737913
2000-12-27 00:00:00,12,27,0,2.377577866737798,2.624466932708886,-0.24688906597108806,0.24688906597108806
2000-12-27 06:00:00,12,27,6,3.07199243233974,2.8743363278068803,0.19765610453285953,0.19765610453285953
2000-12-27 12:00:00,12,27,12,4.484539500041835,4.762338536962023,-0.2777990369201877,0.2777990369201877
2000-12-27 18:00:00,12,27,18,3.199041780353693,3.0261405972867,0.1729011830669931,0.1729011830669931
2000-12-28 00:00:00,12,28,0,2.709852577455552,2.723011632495065,-0.013159055039512868,0.013159055039512868
2000-12-28 06:00:00,12,28,6,2.830470658871877,2.966955420298911,-0.1364847614270337,0.1364847614270337
2000-12-28 12:00:00,12,28,12,4.997705241296158,4.9346315360294435,0.06307370526671452,0.06307370526671452
2000-12-28 18:00:00,12,28,18,3.115457640445671,3.0761261239704503,0.039331516475220596,0.039331516475220596
2000-12-29 00:00:00,12,29,0,2.959804518340084,2.559306544717381,0.400497973622703,0.400497973622703
2000-12-29 06:00:00,12,29,6,3.03888698994478,3.0482369579274913,-0.00934996798271115,0.00934996798271115
2000-12-29 12:00:00,12,29,12,5.232982310641562,5.001828712684834,0.23115359795672763,0.23115359795672763
2000-12-29 18:00:00,12,29,18,2.785073809588453,2.668729749280283,0.1163440603081698,0.1163440603081698
2000-12-30 00:00:00,12,30,0,2.355600352631537,2.48083778235731,-0.12523742972577256,0.12523742972577256
2000-12-30 06:00:00,12,30,6,3.8418544050323655,3.644573886547569,0.19728051848479655,0.19728051848479655
2000-12-30 12:00:00,12,30,12,5.096958254689612,5.015327563620423,0.08163069106918908,0.08163069106918908
2000-12-30 18:00:00,12,30,18,3.1036176330392404,3.042284837792208,0.06133279524703239,0.06133279524703239
2000-12-31 00:00:00,12,31,0,2.736756790521109,2.712863692057871,0.02389309846323817,0.02389309846323817
2000-12-31 06:00:00,12,31,6,2.6267504745149344,2.7675511061087414,-0.14080063159380707,0.14080063159380707
2000-12-31 12:00:00,12,31,12,4.551937677792839,4.716310194105918,-0.1643725163130787,0.1643725163130787
2000-12-31 18:00:00,12,31,18,3.075568155833129,2.93501097926068,0.14055717657244893,0.14055717657244893
